t_ms,V_mV,m,h,n,Iinj_uAcm2,INa_uAcm2,IK_uAcm2,IL_uAcm2
0,-65,0.05293248526,0.5961207535,0.3176769141,0,-1.220057176,4.399733467,-3.1839
0.01,-64.9999579,0.05293249073,0.5961207526,0.3176769147,0,-1.220057107,4.399748934,-3.183887371
0.02,-64.99991609,0.05293250681,0.5961207501,0.3176769164,0,-1.22005777,4.399764364,-3.183874826
0.03,-64.99987454,0.05293253299,0.5961207458,0.3176769194,0,-1.22005913,4.399779761,-3.183862361
0.04,-64.99983325,0.05293256877,0.5961207398,0.3176769234,0,-1.220061154,4.399795125,-3.183849975
0.05,-64.99979221,0.05293261369,0.5961207321,0.3176769287,0,-1.220063809,4.39981046,-3.183837664
0.06,-64.99975143,0.05293266732,0.5961207228,0.3176769351,0,-1.220067066,4.399825768,-3.183825428
0.07,-64.99971088,0.05293272922,0.5961207118,0.3176769426,0,-1.220070894,4.399841051,-3.183813263
0.08,-64.99967056,0.05293279901,0.5961206991,0.3176769512,0,-1.220075265,4.39985631,-3.183801169
0.09,-64.99963047,0.05293287628,0.5961206848,0.3176769609,0,-1.220080154,4.399871548,-3.183789142
0.1,-64.99959061,0.05293296067,0.5961206689,0.3176769718,0,-1.220085534,4.399886766,-3.183777182
0.11,-64.99955095,0.05293305184,0.5961206514,0.3176769837,0,-1.220091382,4.399901965,-3.183765286
0.12,-64.99951151,0.05293314944,0.5961206323,0.3176769967,0,-1.220097673,4.399917148,-3.183753453
0.13,-64.99947227,0.05293325316,0.5961206116,0.3176770108,0,-1.220104387,4.399932316,-3.183741681
0.14,-64.99943323,0.0529333627,0.5961205893,0.317677026,0,-1.220111501,4.39994747,-3.18372997
0.15,-64.99939439,0.05293347775,0.5961205654,0.3176770422,0,-1.220118996,4.399962611,-3.183718317
0.16,-64.99935574,0.05293359805,0.59612054,0.3176770595,0,-1.220126853,4.399977741,-3.183706721
0.17,-64.99931727,0.05293372332,0.596120513,0.3176770779,0,-1.220135052,4.39999286,-3.183695182
0.18,-64.99927899,0.05293385332,0.5961204845,0.3176770972,0,-1.220143577,4.400007971,-3.183683697
0.19,-64.99924088,0.05293398781,0.5961204544,0.3176771177,0,-1.220152411,4.400023073,-3.183672265
0.2,-64.99920296,0.05293412654,0.5961204228,0.3176771391,0,-1.220161538,4.400038168,-3.183660887
0.21,-64.9991652,0.0529342693,0.5961203897,0.3176771616,0,-1.220170941,4.400053257,-3.183649559
0.22,-64.99912761,0.05293441588,0.5961203551,0.3176771851,0,-1.220180608,4.40006834,-3.183638283
0.23,-64.99909019,0.05293456609,0.596120319,0.3176772096,0,-1.220190524,4.400083418,-3.183627056
0.24,-64.99905293,0.05293471971,0.5961202814,0.3176772351,0,-1.220200676,4.400098493,-3.183615878
0.25,-64.99901582,0.05293487659,0.5961202423,0.3176772616,0,-1.22021105,4.400113564,-3.183604747
0.26,-64.99897888,0.05293503653,0.5961202018,0.3176772891,0,-1.220221636,4.400128632,-3.183593664
0.27,-64.99894209,0.05293519937,0.5961201598,0.3176773175,0,-1.220232421,4.400143698,-3.183582627
0.28,-64.99890545,0.05293536496,0.5961201163,0.317677347,0,-1.220243394,4.400158763,-3.183571636
0.29,-64.99886896,0.05293553313,0.5961200714,0.3176773774,0,-1.220254545,4.400173827,-3.183560689
0.3,-64.99883262,0.05293570375,0.596120025,0.3176774088,0,-1.220265864,4.40018889,-3.183549787
0.31,-64.99879643,0.05293587667,0.5961199772,0.3176774411,0,-1.22027734,4.400203953,-3.183538928
0.32,-64.99876038,0.05293605177,0.596119928,0.3176774744,0,-1.220288966,4.400219016,-3.183528113
0.33,-64.99872447,0.05293622892,0.5961198773,0.3176775087,0,-1.220300732,4.40023408,-3.18351734
0.34,-64.9986887,0.05293640798,0.5961198253,0.3176775439,0,-1.22031263,4.400249145,-3.183506609
0.35,-64.99865306,0.05293658886,0.5961197718,0.31767758,0,-1.220324651,4.400264211,-3.183495919
0.36,-64.99861757,0.05293677144,0.5961197169,0.3176776171,0,-1.220336789,4.400279279,-3.18348527
0.37,-64.99858221,0.05293695562,0.5961196607,0.317677655,0,-1.220349036,4.400294348,-3.183474662
0.38,-64.99854698,0.05293714128,0.5961196031,0.317677694,0,-1.220361385,4.400309419,-3.183464094
0.39,-64.99851189,0.05293732835,0.5961195441,0.3176777338,0,-1.220373829,4.400324493,-3.183453566
0.4,-64.99847692,0.05293751672,0.5961194837,0.3176777745,0,-1.220386362,4.400339569,-3.183443077
0.41,-64.99844209,0.05293770631,0.5961194219,0.3176778161,0,-1.220398978,4.400354648,-3.183432626
0.42,-64.99840738,0.05293789703,0.5961193589,0.3176778587,0,-1.220411671,4.400369729,-3.183422215
0.43,-64.9983728,0.05293808881,0.5961192944,0.3176779021,0,-1.220424436,4.400384813,-3.183411841
0.44,-64.99833835,0.05293828157,0.5961192286,0.3176779464,0,-1.220437267,4.400399901,-3.183401506
0.45,-64.99830403,0.05293847523,0.5961191615,0.3176779916,0,-1.220450159,4.400414991,-3.183391208
0.46,-64.99826983,0.05293866973,0.5961190931,0.3176780377,0,-1.220463108,4.400430084,-3.183380948
0.47,-64.99823575,0.052938865,0.5961190233,0.3176780846,0,-1.220476109,4.40044518,-3.183370724
0.48,-64.99820179,0.05293906097,0.5961189522,0.3176781325,0,-1.220489157,4.400460279,-3.183360538
0.49,-64.99816796,0.05293925759,0.5961188798,0.3176781811,0,-1.220502249,4.400475381,-3.183350388
0.5,-64.99813425,0.05293945479,0.5961188062,0.3176782307,0,-1.22051538,4.400490487,-3.183340274
0.51,-64.99810065,0.05293965253,0.5961187312,0.3176782811,0,-1.220528546,4.400505596,-3.183330196
0.52,-64.99806718,0.05293985075,0.5961186549,0.3176783323,0,-1.220541745,4.400520707,-3.183320155
0.53,-64.99803383,0.05294004939,0.5961185773,0.3176783844,0,-1.220554971,4.400535822,-3.183310149
0.54,-64.9980006,0.05294024841,0.5961184985,0.3176784373,0,-1.220568223,4.40055094,-3.183300179
0.55,-64.99796748,0.05294044777,0.5961184184,0.3176784911,0,-1.220581496,4.40056606,-3.183290244
0.56,-64.99793448,0.05294064741,0.5961183371,0.3176785457,0,-1.220594788,4.400581184,-3.183280345
0.57,-64.9979016,0.05294084731,0.5961182544,0.3176786011,0,-1.220608096,4.40059631,-3.183270481
0.58,-64.99786884,0.0529410474,0.5961181706,0.3176786573,0,-1.220621417,4.400611439,-3.183260651
0.59,-64.99783619,0.05294124767,0.5961180855,0.3176787144,0,-1.220634749,4.40062657,-3.183250857
0.6,-64.99780366,0.05294144807,0.5961179991,0.3176787722,0,-1.220648088,4.400641704,-3.183241097
0.61,-64.99777124,0.05294164856,0.5961179115,0.3176788309,0,-1.220661433,4.40065684,-3.183231372
0.62,-64.99773894,0.05294184912,0.5961178227,0.3176788903,0,-1.22067478,4.400671979,-3.183221681
0.63,-64.99770675,0.0529420497,0.5961177327,0.3176789506,0,-1.220688129,4.400687119,-3.183212025
0.64,-64.99767468,0.05294225029,0.5961176415,0.3176790116,0,-1.220701477,4.400702261,-3.183202403
0.65,-64.99764272,0.05294245084,0.596117549,0.3176790735,0,-1.220714821,4.400717406,-3.183192815
0.66,-64.99761087,0.05294265134,0.5961174554,0.3176791361,0,-1.22072816,4.400732551,-3.183183262
0.67,-64.99757914,0.05294285175,0.5961173605,0.3176791995,0,-1.220741492,4.400747699,-3.183173742
0.68,-64.99754752,0.05294305206,0.5961172645,0.3176792636,0,-1.220754815,4.400762847,-3.183164256
0.69,-64.99751602,0.05294325222,0.5961171673,0.3176793286,0,-1.220768128,4.400777997,-3.183154805
0.7,-64.99748462,0.05294345223,0.5961170689,0.3176793943,0,-1.220781428,4.400793148,-3.183145387
0.71,-64.99745334,0.05294365205,0.5961169693,0.3176794607,0,-1.220794715,4.400808299,-3.183136003
0.72,-64.99742217,0.05294385168,0.5961168686,0.3176795279,0,-1.220807987,4.400823451,-3.183126652
0.73,-64.99739112,0.05294405108,0.5961167667,0.3176795959,0,-1.220821243,4.400838604,-3.183117336
0.74,-64.99736017,0.05294425023,0.5961166637,0.3176796646,0,-1.22083448,4.400853757,-3.183108052
0.75,-64.99732934,0.05294444913,0.5961165595,0.317679734,0,-1.220847698,4.400868909,-3.183098803
0.76,-64.99729862,0.05294464774,0.5961164542,0.3176798042,0,-1.220860896,4.400884062,-3.183089587
0.77,-64.99726801,0.05294484606,0.5961163477,0.3176798751,0,-1.220874072,4.400899214,-3.183080404
0.78,-64.99723752,0.05294504406,0.5961162401,0.3176799468,0,-1.220887225,4.400914366,-3.183071255
0.79,-64.99720713,0.05294524173,0.5961161314,0.3176800191,0,-1.220900355,4.400929517,-3.18306214
0.8,-64.99717686,0.05294543906,0.5961160216,0.3176800922,0,-1.22091346,4.400944667,-3.183053057
0.81,-64.99714669,0.05294563603,0.5961159106,0.317680166,0,-1.220926538,4.400959815,-3.183044008
0.82,-64.99711664,0.05294583263,0.5961157986,0.3176802405,0,-1.220939591,4.400974963,-3.183034993
0.83,-64.9970867,0.05294602884,0.5961156854,0.3176803157,0,-1.220952615,4.400990108,-3.183026011
0.84,-64.99705687,0.05294622465,0.5961155712,0.3176803916,0,-1.220965611,4.401005252,-3.183017062
0.85,-64.99702715,0.05294642005,0.5961154559,0.3176804682,0,-1.220978577,4.401020394,-3.183008146
0.86,-64.99699755,0.05294661503,0.5961153395,0.3176805455,0,-1.220991513,4.401035533,-3.182999264
0.87,-64.99696805,0.05294680958,0.596115222,0.3176806235,0,-1.221004419,4.40105067,-3.182990415
0.88,-64.99693866,0.05294700368,0.5961151034,0.3176807022,0,-1.221017292,4.401065804,-3.182981599
0.89,-64.99690939,0.05294719732,0.5961149838,0.3176807815,0,-1.221030134,4.401080936,-3.182972816
0.9,-64.99688022,0.05294739051,0.5961148631,0.3176808615,0,-1.221042942,4.401096064,-3.182964067
0.91,-64.99685117,0.05294758321,0.5961147414,0.3176809422,0,-1.221055717,4.401111188,-3.182955351
0.92,-64.99682223,0.05294777544,0.5961146186,0.3176810236,0,-1.221068457,4.401126309,-3.182946668
0.93,-64.99679339,0.05294796718,0.5961144948,0.3176811056,0,-1.221081162,4.401141426,-3.182938018
0.94,-64.99676467,0.05294815841,0.5961143699,0.3176811883,0,-1.221093832,4.401156539,-3.182929401
0.95,-64.99673606,0.05294834914,0.596114244,0.3176812716,0,-1.221106466,4.401171648,-3.182920818
0.96,-64.99670756,0.05294853935,0.5961141171,0.3176813556,0,-1.221119064,4.401186752,-3.182912267
0.97,-64.99667917,0.05294872904,0.5961139892,0.3176814402,0,-1.221131625,4.401201851,-3.18290375
0.98,-64.99665089,0.05294891821,0.5961138602,0.3176815255,0,-1.221144148,4.401216945,-3.182895266
0.99,-64.99662272,0.05294910683,0.5961137303,0.3176816114,0,-1.221156634,4.401232034,-3.182886815
1,-64.99659466,0.05294929492,0.5961135993,0.3176816979,0,-1.221169081,4.401247117,-3.182878398
1.01,-64.99656671,0.05294948245,0.5961134674,0.3176817851,0,-1.221181489,4.401262195,-3.182870013
1.02,-64.99653887,0.05294966944,0.5961133344,0.3176818728,0,-1.221193858,4.401277267,-3.182861662
1.03,-64.99651115,0.05294985586,0.5961132005,0.3176819612,0,-1.221206188,4.401292332,-3.182853344
1.04,-64.99648353,0.05295004172,0.5961130656,0.3176820502,0,-1.221218478,4.401307391,-3.182845059
1.05,-64.99645602,0.05295022701,0.5961129297,0.3176821399,0,-1.221230728,4.401322443,-3.182836807
1.06,-64.99642863,0.05295041172,0.5961127929,0.3176822301,0,-1.221242937,4.401337489,-3.182828588
1.07,-64.99640134,0.05295059585,0.5961126551,0.3176823209,0,-1.221255106,4.401352527,-3.182820402
1.08,-64.99637417,0.0529507794,0.5961125163,0.3176824123,0,-1.221267233,4.401367558,-3.18281225
1.09,-64.9963471,0.05295096236,0.5961123766,0.3176825044,0,-1.221279319,4.401382581,-3.182804131
1.1,-64.99632015,0.05295114473,0.5961122359,0.317682597,0,-1.221291363,4.401397596,-3.182796045
1.11,-64.99629331,0.0529513265,0.5961120943,0.3176826902,0,-1.221303365,4.401412603,-3.182787992
1.12,-64.99626657,0.05295150767,0.5961119518,0.3176827839,0,-1.221315325,4.401427602,-3.182779972
1.13,-64.99623995,0.05295168824,0.5961118083,0.3176828783,0,-1.221327243,4.401442592,-3.182771986
1.14,-64.99621344,0.05295186819,0.596111664,0.3176829732,0,-1.221339118,4.401457574,-3.182764033
1.15,-64.99618704,0.05295204754,0.5961115187,0.3176830687,0,-1.22135095,4.401472546,-3.182756112
1.16,-64.99616075,0.05295222627,0.5961113725,0.3176831648,0,-1.221362738,4.40148751,-3.182748225
1.17,-64.99613457,0.05295240439,0.5961112253,0.3176832614,0,-1.221374484,4.401502463,-3.182740372
1.18,-64.9961085,0.05295258188,0.5961110773,0.3176833586,0,-1.221386186,4.401517407,-3.182732551
1.19,-64.99608255,0.05295275875,0.5961109284,0.3176834563,0,-1.221397844,4.401532342,-3.182724764
1.2,-64.9960567,0.05295293499,0.5961107786,0.3176835546,0,-1.221409458,4.401547265,-3.182717009
1.21,-64.99603096,0.05295311061,0.596110628,0.3176836534,0,-1.221421028,4.401562179,-3.182709288
1.22,-64.99600534,0.05295328559,0.5961104764,0.3176837527,0,-1.221432554,4.401577082,-3.182701601
1.23,-64.99597982,0.05295345994,0.596110324,0.3176838526,0,-1.221444035,4.401591974,-3.182693946
1.24,-64.99595442,0.05295363365,0.5961101707,0.317683953,0,-1.221455472,4.401606855,-3.182686325
1.25,-64.99592912,0.05295380673,0.5961100165,0.317684054,0,-1.221466864,4.401621724,-3.182678736
1.26,-64.99590394,0.05295397916,0.5961098615,0.3176841555,0,-1.221478212,4.401636582,-3.182671181
1.27,-64.99587887,0.05295415095,0.5961097057,0.3176842575,0,-1.221489514,4.401651428,-3.18266366
1.28,-64.9958539,0.0529543221,0.596109549,0.31768436,0,-1.221500771,4.401666262,-3.182656171
1.29,-64.99582905,0.0529544926,0.5961093914,0.317684463,0,-1.221511983,4.401681084,-3.182648715
1.3,-64.99580431,0.05295466245,0.596109233,0.3176845665,0,-1.22152315,4.401695894,-3.182641293
1.31,-64.99577968,0.05295483165,0.5961090738,0.3176846705,0,-1.221534271,4.401710691,-3.182633904
1.32,-64.99575516,0.0529550002,0.5961089138,0.3176847751,0,-1.221545347,4.401725475,-3.182626548
1.33,-64.99573075,0.0529551681,0.596108753,0.3176848801,0,-1.221556377,4.401740246,-3.182619226
1.34,-64.99570645,0.05295533534,0.5961085913,0.3176849856,0,-1.221567361,4.401755003,-3.182611936
1.35,-64.99568227,0.05295550192,0.5961084289,0.3176850916,0,-1.2215783,4.401769747,-3.18260468
1.36,-64.99565819,0.05295566785,0.5961082656,0.3176851981,0,-1.221589192,4.401784478,-3.182597457
1.37,-64.99563422,0.05295583312,0.5961081016,0.317685305,0,-1.221600039,4.401799194,-3.182590267
1.38,-64.99561037,0.05295599773,0.5961079367,0.3176854125,0,-1.221610839,4.401813896,-3.18258311
1.39,-64.99558662,0.05295616167,0.5961077711,0.3176855204,0,-1.221621593,4.401828584,-3.182575987
1.4,-64.99556299,0.05295632495,0.5961076047,0.3176856288,0,-1.221632301,4.401843257,-3.182568896
1.41,-64.99553946,0.05295648757,0.5961074375,0.3176857376,0,-1.221642963,4.401857915,-3.182561839
1.42,-64.99551605,0.05295664953,0.5961072696,0.3176858469,0,-1.221653579,4.401872558,-3.182554815
1.43,-64.99549275,0.05295681082,0.5961071009,0.3176859567,0,-1.221664147,4.401887186,-3.182547824
1.44,-64.99546955,0.05295697144,0.5961069314,0.3176860669,0,-1.22167467,4.401901798,-3.182540866
1.45,-64.99544647,0.05295713139,0.5961067612,0.3176861775,0,-1.221685146,4.401916395,-3.182533941
1.46,-64.9954235,0.05295729067,0.5961065902,0.3176862886,0,-1.221695575,4.401930976,-3.18252705
1.47,-64.99540064,0.05295744929,0.5961064185,0.3176864001,0,-1.221705958,4.401945541,-3.182520192
1.48,-64.99537789,0.05295760723,0.5961062461,0.3176865121,0,-1.221716294,4.401960089,-3.182513366
1.49,-64.99535525,0.05295776451,0.596106073,0.3176866245,0,-1.221726583,4.401974621,-3.182506574
1.5,-64.99533272,0.05295792111,0.5961058991,0.3176867373,0,-1.221736826,4.401989136,-3.182499815
1.51,-64.9953103,0.05295807704,0.5961057245,0.3176868506,0,-1.221747022,4.402003634,-3.182493089
1.52,-64.99528799,0.05295823229,0.5961055492,0.3176869643,0,-1.221757171,4.402018116,-3.182486396
1.53,-64.99526579,0.05295838687,0.5961053731,0.3176870784,0,-1.221767273,4.402032579,-3.182479736
1.54,-64.9952437,0.05295854078,0.5961051964,0.3176871929,0,-1.221777328,4.402047026,-3.18247311
1.55,-64.99522172,0.05295869401,0.596105019,0.3176873078,0,-1.221787336,4.402061454,-3.182466516
1.56,-64.99519985,0.05295884657,0.5961048409,0.3176874231,0,-1.221797297,4.402075865,-3.182459955
1.57,-64.99517809,0.05295899845,0.5961046621,0.3176875388,0,-1.221807212,4.402090258,-3.182453428
1.58,-64.99515644,0.05295914965,0.5961044826,0.3176876549,0,-1.221817079,4.402104632,-3.182446933
1.59,-64.9951349,0.05295930018,0.5961043024,0.3176877714,0,-1.221826899,4.402118988,-3.182440471
1.6,-64.99511348,0.05295945003,0.5961041216,0.3176878883,0,-1.221836673,4.402133325,-3.182434043
1.61,-64.99509216,0.0529595992,0.5961039401,0.3176880056,0,-1.221846399,4.402147643,-3.182427647
1.62,-64.99507095,0.0529597477,0.5961037579,0.3176881233,0,-1.221856078,4.402161942,-3.182421284
1.63,-64.99504985,0.05295989551,0.5961035751,0.3176882413,0,-1.22186571,4.402176222,-3.182414954
1.64,-64.99502886,0.05296004265,0.5961033917,0.3176883597,0,-1.221875295,4.402190482,-3.182408658
1.65,-64.99500798,0.05296018911,0.5961032076,0.3176884785,0,-1.221884833,4.402204723,-3.182402394
1.66,-64.99498721,0.05296033489,0.5961030228,0.3176885977,0,-1.221894324,4.402218943,-3.182396162
1.67,-64.99496655,0.05296047999,0.5961028375,0.3176887172,0,-1.221903768,4.402233144,-3.182389964
1.68,-64.994946,0.05296062441,0.5961026515,0.317688837,0,-1.221913164,4.402247325,-3.182383799
1.69,-64.99492555,0.05296076815,0.5961024648,0.3176889573,0,-1.221922514,4.402261485,-3.182377666
1.7,-64.99490522,0.05296091121,0.5961022776,0.3176890779,0,-1.221931816,4.402275625,-3.182371567
1.71,-64.994885,0.0529610536,0.5961020897,0.3176891988,0,-1.221941072,4.402289743,-3.1823655
1.72,-64.99486489,0.0529611953,0.5961019013,0.3176893201,0,-1.22195028,4.402303841,-3.182359466
1.73,-64.99484488,0.05296133632,0.5961017122,0.3176894417,0,-1.221959441,4.402317918,-3.182353464
1.74,-64.99482499,0.05296147666,0.5961015225,0.3176895636,0,-1.221968555,4.402331973,-3.182347496
1.75,-64.9948052,0.05296161632,0.5961013323,0.3176896859,0,-1.221977622,4.402346007,-3.18234156
1.76,-64.99478552,0.0529617553,0.5961011414,0.3176898085,0,-1.221986642,4.40236002,-3.182335657
1.77,-64.99476595,0.05296189361,0.59610095,0.3176899315,0,-1.221995614,4.40237401,-3.182329786
1.78,-64.99474649,0.05296203123,0.596100758,0.3176900547,0,-1.22200454,4.402387978,-3.182323948
1.79,-64.99472714,0.05296216817,0.5961005655,0.3176901783,0,-1.222013419,4.402401925,-3.182318143
1.8,-64.9947079,0.05296230443,0.5961003723,0.3176903022,0,-1.22202225,4.402415849,-3.182312371
1.81,-64.99468877,0.05296244001,0.5961001786,0.3176904264,0,-1.222031035,4.40242975,-3.182306631
1.82,-64.99466974,0.05296257491,0.5960999844,0.317690551,0,-1.222039772,4.402443629,-3.182300923
1.83,-64.99465083,0.05296270913,0.5960997896,0.3176906758,0,-1.222048463,4.402457484,-3.182295248
1.84,-64.99463202,0.05296284268,0.5960995942,0.3176908009,0,-1.222057107,4.402471317,-3.182289606
1.85,-64.99461332,0.05296297554,0.5960993983,0.3176909263,0,-1.222065703,4.402485127,-3.182283996
1.86,-64.99459473,0.05296310772,0.5960992019,0.317691052,0,-1.222074253,4.402498913,-3.182278418
1.87,-64.99457624,0.05296323923,0.5960990049,0.317691178,0,-1.222082756,4.402512675,-3.182272873
1.88,-64.99455787,0.05296337005,0.5960988075,0.3176913043,0,-1.222091212,4.402526414,-3.182267361
1.89,-64.9945396,0.0529635002,0.5960986095,0.3176914309,0,-1.222099621,4.402540129,-3.18226188
1.9,-64.99452144,0.05296362967,0.5960984109,0.3176915577,0,-1.222107983,4.40255382,-3.182256432
1.91,-64.99450339,0.05296375845,0.5960982119,0.3176916849,0,-1.222116298,4.402567487,-3.182251017
1.92,-64.99448544,0.05296388657,0.5960980124,0.3176918123,0,-1.222124567,4.40258113,-3.182245633
1.93,-64.99446761,0.052964014,0.5960978123,0.3176919399,0,-1.222132789,4.402594748,-3.182240282
1.94,-64.99444988,0.05296414076,0.5960976118,0.3176920679,0,-1.222140964,4.402608341,-3.182234963
1.95,-64.99443226,0.05296426684,0.5960974108,0.3176921961,0,-1.222149092,4.402621909,-3.182229677
1.96,-64.99441474,0.05296439224,0.5960972093,0.3176923245,0,-1.222157174,4.402635453,-3.182224422
1.97,-64.99439733,0.05296451696,0.5960970073,0.3176924532,0,-1.222165209,4.402648971,-3.1822192
1.98,-64.99438003,0.05296464101,0.5960968048,0.3176925822,0,-1.222173198,4.402662464,-3.18221401
1.99,-64.99436284,0.05296476439,0.5960966019,0.3176927114,0,-1.222181139,4.402675932,-3.182208851
2,-64.99434575,0.05296488709,0.5960963985,0.3176928408,0,-1.222189035,4.402689374,-3.182203725
2.01,-64.99432877,0.05296500911,0.5960961947,0.3176929705,0,-1.222196884,4.402702791,-3.182198631
2.02,-64.9943119,0.05296513046,0.5960959903,0.3176931005,0,-1.222204686,4.402716181,-3.182193569
2.03,-64.99429513,0.05296525113,0.5960957856,0.3176932306,0,-1.222212442,4.402729545,-3.182188539
2.04,-64.99427847,0.05296537113,0.5960955804,0.317693361,0,-1.222220151,4.402742884,-3.18218354
2.05,-64.99426191,0.05296549046,0.5960953747,0.3176934917,0,-1.222227814,4.402756196,-3.182178574
2.06,-64.99424546,0.05296560912,0.5960951686,0.3176936225,0,-1.222235431,4.402769481,-3.182173639
2.07,-64.99422912,0.0529657271,0.5960949621,0.3176937536,0,-1.222243002,4.40278274,-3.182168736
2.08,-64.99421288,0.05296584441,0.5960947552,0.3176938848,0,-1.222250526,4.402795972,-3.182163865
2.09,-64.99419675,0.05296596104,0.5960945478,0.3176940163,0,-1.222258004,4.402809177,-3.182159026
2.1,-64.99418073,0.05296607701,0.59609434,0.3176941481,0,-1.222265436,4.402822355,-3.182154218
2.11,-64.99416481,0.05296619231,0.5960941318,0.31769428,0,-1.222272822,4.402835506,-3.182149442
2.12,-64.99414899,0.05296630693,0.5960939232,0.3176944121,0,-1.222280161,4.40284863,-3.182144697
2.13,-64.99413328,0.05296642089,0.5960937142,0.3176945444,0,-1.222287455,4.402861726,-3.182139985
2.14,-64.99411768,0.05296653418,0.5960935048,0.3176946769,0,-1.222294703,4.402874795,-3.182135303
2.15,-64.99410218,0.0529666468,0.596093295,0.3176948096,0,-1.222301904,4.402887836,-3.182130653
2.16,-64.99408678,0.05296675875,0.5960930848,0.3176949425,0,-1.22230906,4.402900849,-3.182126035
2.17,-64.99407149,0.05296687003,0.5960928743,0.3176950756,0,-1.22231617,4.402913834,-3.182121448
2.18,-64.99405631,0.05296698065,0.5960926633,0.3176952089,0,-1.222323234,4.402926791,-3.182116892
2.19,-64.99404123,0.0529670906,0.596092452,0.3176953423,0,-1.222330253,4.40293972,-3.182112368
2.2,-64.99402625,0.05296719989,0.5960922403,0.317695476,0,-1.222337226,4.40295262,-3.182107875
2.21,-64.99401138,0.05296730851,0.5960920283,0.3176956098,0,-1.222344153,4.402965492,-3.182103413
2.22,-64.99399661,0.05296741646,0.5960918159,0.3176957437,0,-1.222351034,4.402978335,-3.182098982
2.23,-64.99398194,0.05296752376,0.5960916031,0.3176958779,0,-1.22235787,4.402991149,-3.182094583
2.24,-64.99396738,0.05296763039,0.59609139,0.3176960122,0,-1.222364661,4.403003935,-3.182090214
2.25,-64.99395292,0.05296773635,0.5960911765,0.3176961467,0,-1.222371406,4.403016691,-3.182085877
2.26,-64.99393857,0.05296784166,0.5960909627,0.3176962813,0,-1.222378105,4.403029419,-3.182081571
2.27,-64.99392432,0.0529679463,0.5960907486,0.3176964161,0,-1.22238476,4.403042117,-3.182077296
2.28,-64.99391017,0.05296805029,0.5960905341,0.317696551,0,-1.222391369,4.403054785,-3.182073051
2.29,-64.99389613,0.05296815361,0.5960903193,0.3176966861,0,-1.222397932,4.403067425,-3.182068838
2.3,-64.99388218,0.05296825628,0.5960901042,0.3176968213,0,-1.222404451,4.403080034,-3.182064655
2.31,-64.99386834,0.05296835829,0.5960898888,0.3176969567,0,-1.222410925,4.403092614,-3.182060503
2.32,-64.99385461,0.05296845964,0.596089673,0.3176970922,0,-1.222417353,4.403105164,-3.182056382
2.33,-64.99384097,0.05296856033,0.596089457,0.3176972278,0,-1.222423736,4.403117684,-3.182052292
2.34,-64.99382744,0.05296866037,0.5960892406,0.3176973636,0,-1.222430075,4.403130174,-3.182048232
2.35,-64.99381401,0.05296875975,0.596089024,0.3176974995,0,-1.222436369,4.403142634,-3.182044203
2.36,-64.99380068,0.05296885848,0.596088807,0.3176976355,0,-1.222442618,4.403155063,-3.182040204
2.37,-64.99378745,0.05296895655,0.5960885898,0.3176977717,0,-1.222448822,4.403167462,-3.182036236
2.38,-64.99377433,0.05296905398,0.5960883722,0.3176979079,0,-1.222454981,4.403179831,-3.182032299
2.39,-64.99376131,0.05296915075,0.5960881544,0.3176980443,0,-1.222461096,4.403192168,-3.182028392
2.4,-64.99374838,0.05296924686,0.5960879363,0.3176981808,0,-1.222467166,4.403204475,-3.182024515
2.41,-64.99373556,0.05296934233,0.596087718,0.3176983175,0,-1.222473192,4.403216751,-3.182020668
2.42,-64.99372284,0.05296943715,0.5960874993,0.3176984542,0,-1.222479173,4.403228997,-3.182016852
2.43,-64.99371022,0.05296953132,0.5960872804,0.317698591,0,-1.22248511,4.403241211,-3.182013066
2.44,-64.9936977,0.05296962484,0.5960870613,0.317698728,0,-1.222491003,4.403253394,-3.18200931
2.45,-64.99368528,0.05296971772,0.5960868419,0.317698865,0,-1.222496851,4.403265545,-3.182005585
2.46,-64.99367296,0.05296980995,0.5960866222,0.3176990021,0,-1.222502656,4.403277666,-3.182001889
2.47,-64.99366074,0.05296990153,0.5960864023,0.3176991393,0,-1.222508416,4.403289754,-3.181998223
2.48,-64.99364863,0.05296999247,0.5960861822,0.3176992766,0,-1.222514132,4.403301811,-3.181994588
2.49,-64.99363661,0.05297008276,0.5960859618,0.317699414,0,-1.222519804,4.403313837,-3.181990982
2.5,-64.99362469,0.05297017242,0.5960857412,0.3176995515,0,-1.222525432,4.403325831,-3.181987406
2.51,-64.99361287,0.05297026143,0.5960855203,0.3176996891,0,-1.222531016,4.403337792,-3.18198386
2.52,-64.99360115,0.0529703498,0.5960852992,0.3176998267,0,-1.222536557,4.403349722,-3.181980344
2.53,-64.99358952,0.05297043753,0.5960850779,0.3176999645,0,-1.222542054,4.40336162,-3.181976857
2.54,-64.993578,0.05297052462,0.5960848564,0.3177001022,0,-1.222547507,4.403373485,-3.1819734
2.55,-64.99356657,0.05297061107,0.5960846347,0.3177002401,0,-1.222552917,4.403385319,-3.181969972
2.56,-64.99355525,0.05297069689,0.5960844128,0.317700378,0,-1.222558283,4.403397119,-3.181966574
2.57,-64.99354402,0.05297078207,0.5960841907,0.317700516,0,-1.222563606,4.403408888,-3.181963206
2.58,-64.99353289,0.05297086661,0.5960839684,0.3177006541,0,-1.222568886,4.403420624,-3.181959867
2.59,-64.99352186,0.05297095052,0.5960837458,0.3177007922,0,-1.222574122,4.403432327,-3.181956557
2.6,-64.99351092,0.0529710338,0.5960835231,0.3177009304,0,-1.222579315,4.403443997,-3.181953277
2.61,-64.99350008,0.05297111644,0.5960833002,0.3177010686,0,-1.222584465,4.403455635,-3.181950025
2.62,-64.99348934,0.05297119846,0.5960830772,0.3177012068,0,-1.222589572,4.40346724,-3.181946803
2.63,-64.9934787,0.05297127984,0.5960828539,0.3177013452,0,-1.222594636,4.403478812,-3.181943611
2.64,-64.99346816,0.05297136059,0.5960826305,0.3177014835,0,-1.222599657,4.40349035,-3.181940447
2.65,-64.99345771,0.05297144072,0.5960824069,0.3177016219,0,-1.222604636,4.403501856,-3.181937312
2.66,-64.99344735,0.05297152022,0.5960821832,0.3177017604,0,-1.222609571,4.403513328,-3.181934206
2.67,-64.9934371,0.05297159909,0.5960819592,0.3177018988,0,-1.222614464,4.403524767,-3.181931129
2.68,-64.99342694,0.05297167734,0.5960817352,0.3177020373,0,-1.222619315,4.403536173,-3.181928081
2.69,-64.99341687,0.05297175496,0.5960815109,0.3177021759,0,-1.222624122,4.403547545,-3.181925062
2.7,-64.9934069,0.05297183196,0.5960812866,0.3177023144,0,-1.222628888,4.403558883,-3.181922071
2.71,-64.99339703,0.05297190834,0.596081062,0.317702453,0,-1.222633611,4.403570188,-3.18191911
2.72,-64.99338725,0.0529719841,0.5960808374,0.3177025917,0,-1.222638292,4.403581459,-3.181916176
2.73,-64.99337757,0.05297205924,0.5960806126,0.3177027303,0,-1.222642931,4.403592697,-3.181913271
2.74,-64.99336798,0.05297213376,0.5960803877,0.3177028689,0,-1.222647527,4.4036039,-3.181910395
2.75,-64.99335849,0.05297220766,0.5960801626,0.3177030076,0,-1.222652082,4.403615069,-3.181907547
2.76,-64.99334909,0.05297228094,0.5960799374,0.3177031463,0,-1.222656595,4.403626205,-3.181904728
2.77,-64.99333979,0.05297235361,0.5960797121,0.3177032849,0,-1.222661066,4.403637306,-3.181901937
2.78,-64.99333058,0.05297242567,0.5960794867,0.3177034236,0,-1.222665495,4.403648373,-3.181899174
2.79,-64.99332146,0.05297249711,0.5960792612,0.3177035623,0,-1.222669882,4.403659406,-3.181896439
2.8,-64.99331244,0.05297256794,0.5960790356,0.317703701,0,-1.222674228,4.403670405,-3.181893732
2.81,-64.99330351,0.05297263816,0.5960788098,0.3177038397,0,-1.222678532,4.403681369,-3.181891053
2.82,-64.99329468,0.05297270777,0.596078584,0.3177039784,0,-1.222682795,4.403692299,-3.181888403
2.83,-64.99328593,0.05297277677,0.5960783581,0.3177041171,0,-1.222687017,4.403703194,-3.18188578
2.84,-64.99327728,0.05297284517,0.5960781321,0.3177042557,0,-1.222691197,4.403714055,-3.181883185
2.85,-64.99326873,0.05297291296,0.596077906,0.3177043944,0,-1.222695336,4.403724881,-3.181880618
2.86,-64.99326026,0.05297298014,0.5960776798,0.317704533,0,-1.222699434,4.403735672,-3.181878079
2.87,-64.99325189,0.05297304672,0.5960774535,0.3177046716,0,-1.222703491,4.403746429,-3.181875567
2.88,-64.99324361,0.05297311269,0.5960772271,0.3177048102,0,-1.222707507,4.403757151,-3.181873083
2.89,-64.99323542,0.05297317807,0.5960770007,0.3177049488,0,-1.222711483,4.403767838,-3.181870626
2.9,-64.99322732,0.05297324284,0.5960767742,0.3177050874,0,-1.222715417,4.403778489,-3.181868197
2.91,-64.99321932,0.05297330702,0.5960765477,0.3177052259,0,-1.222719311,4.403789106,-3.181865796
2.92,-64.9932114,0.0529733706,0.5960763211,0.3177053644,0,-1.222723165,4.403799688,-3.181863421
2.93,-64.99320358,0.05297343358,0.5960760944,0.3177055029,0,-1.222726978,4.403810235,-3.181861074
2.94,-64.99319585,0.05297349596,0.5960758677,0.3177056413,0,-1.22273075,4.403820746,-3.181858754
2.95,-64.99318821,0.05297355775,0.5960756409,0.3177057797,0,-1.222734483,4.403831222,-3.181856462
2.96,-64.99318065,0.05297361895,0.5960754141,0.317705918,0,-1.222738175,4.403841663,-3.181854196
2.97,-64.99317319,0.05297367956,0.5960751872,0.3177060563,0,-1.222741827,4.403852068,-3.181851957
2.98,-64.99316582,0.05297373957,0.5960749603,0.3177061946,0,-1.222745439,4.403862438,-3.181849746
2.99,-64.99315854,0.052973799,0.5960747333,0.3177063328,0,-1.222749011,4.403872773,-3.181847561
3,-64.99315134,0.05297385784,0.5960745064,0.317706471,0,-1.222752543,4.403883072,-3.181845403
3.01,-64.99314424,0.05297391609,0.5960742794,0.3177066091,0,-1.222756036,4.403893336,-3.181843272
3.02,-64.99313722,0.05297397375,0.5960740524,0.3177067472,0,-1.222759489,4.403903563,-3.181841167
3.03,-64.9931303,0.05297403084,0.5960738253,0.3177068852,0,-1.222762902,4.403913756,-3.181839089
3.04,-64.99312346,0.05297408734,0.5960735983,0.3177070231,0,-1.222766276,4.403923912,-3.181837037
3.05,-64.99311671,0.05297414325,0.5960733712,0.317707161,0,-1.22276961,4.403934033,-3.181835013
3.06,-64.99311005,0.05297419859,0.5960731441,0.3177072988,0,-1.222772906,4.403944118,-3.181833014
3.07,-64.99310347,0.05297425335,0.5960729171,0.3177074365,0,-1.222776162,4.403954167,-3.181831042
3.08,-64.99309699,0.05297430753,0.59607269,0.3177075742,0,-1.222779379,4.40396418,-3.181829096
3.09,-64.99309059,0.05297436113,0.5960724629,0.3177077118,0,-1.222782557,4.403974157,-3.181827176
3.1,-64.99308427,0.05297441416,0.5960722358,0.3177078494,0,-1.222785696,4.403984098,-3.181825282
3.11,-64.99307805,0.05297446662,0.5960720088,0.3177079868,0,-1.222788797,4.403994003,-3.181823415
3.12,-64.99307191,0.0529745185,0.5960717817,0.3177081242,0,-1.222791858,4.404003872,-3.181821573
3.13,-64.99306586,0.05297456981,0.5960715547,0.3177082615,0,-1.222794882,4.404013705,-3.181819757
3.14,-64.99305989,0.05297462055,0.5960713276,0.3177083987,0,-1.222797866,4.404023502,-3.181817967
3.15,-64.99305401,0.05297467073,0.5960711007,0.3177085358,0,-1.222800812,4.404033262,-3.181816203
3.16,-64.99304822,0.05297472034,0.5960708737,0.3177086729,0,-1.22280372,4.404042986,-3.181814465
3.17,-64.99304251,0.05297476938,0.5960706468,0.3177088098,0,-1.22280659,4.404052674,-3.181812752
3.18,-64.99303688,0.05297481785,0.5960704198,0.3177089467,0,-1.222809422,4.404062326,-3.181811065
3.19,-64.99303134,0.05297486577,0.596070193,0.3177090835,0,-1.222812215,4.404071941,-3.181809403
3.2,-64.99302589,0.05297491312,0.5960699662,0.3177092202,0,-1.222814971,4.40408152,-3.181807767
3.21,-64.99302052,0.05297495991,0.5960697394,0.3177093567,0,-1.222817689,4.404091063,-3.181806156
3.22,-64.99301523,0.05297500614,0.5960695126,0.3177094932,0,-1.222820369,4.404100569,-3.18180457
3.23,-64.99301003,0.05297505182,0.596069286,0.3177096296,0,-1.222823012,4.404110038,-3.181803009
3.24,-64.99300491,0.05297509694,0.5960690593,0.3177097658,0,-1.222825617,4.404119471,-3.181801474
3.25,-64.99299988,0.0529751415,0.5960688328,0.317709902,0,-1.222828185,4.404128868,-3.181799964
3.26,-64.99299493,0.05297518551,0.5960686063,0.3177100381,0,-1.222830715,4.404138228,-3.181798478
3.27,-64.99299006,0.05297522897,0.5960683798,0.317710174,0,-1.222833209,4.404147551,-3.181797018
3.28,-64.99298527,0.05297527188,0.5960681534,0.3177103098,0,-1.222835665,4.404156838,-3.181795582
3.29,-64.99298057,0.05297531424,0.5960679271,0.3177104455,0,-1.222838084,4.404166088,-3.181794171
3.3,-64.99297595,0.05297535606,0.5960677009,0.3177105811,0,-1.222840466,4.404175301,-3.181792785
3.31,-64.99297141,0.05297539732,0.5960674747,0.3177107166,0,-1.222842812,4.404184478,-3.181791424
3.32,-64.99296696,0.05297543804,0.5960672487,0.317710852,0,-1.22284512,4.404193618,-3.181790087
3.33,-64.99296258,0.05297547822,0.5960670227,0.3177109872,0,-1.222847392,4.404202721,-3.181788774
3.34,-64.99295829,0.05297551786,0.5960667968,0.3177111223,0,-1.222849628,4.404211787,-3.181787486
3.35,-64.99295407,0.05297555696,0.596066571,0.3177112573,0,-1.222851827,4.404220816,-3.181786222
3.36,-64.99294994,0.05297559551,0.5960663452,0.3177113921,0,-1.222853991,4.404229809,-3.181784982
3.37,-64.99294589,0.05297563353,0.5960661196,0.3177115268,0,-1.222856117,4.404238765,-3.181783767
3.38,-64.99294192,0.05297567101,0.5960658941,0.3177116614,0,-1.222858208,4.404247684,-3.181782576
3.39,-64.99293803,0.05297570796,0.5960656687,0.3177117958,0,-1.222860263,4.404256566,-3.181781408
3.4,-64.99293422,0.05297574438,0.5960654434,0.3177119301,0,-1.222862282,4.404265411,-3.181780265
3.41,-64.99293049,0.05297578026,0.5960652182,0.3177120643,0,-1.222864265,4.404274219,-3.181779146
3.42,-64.99292683,0.05297581562,0.5960649931,0.3177121983,0,-1.222866213,4.40428299,-3.18177805
3.43,-64.99292326,0.05297585044,0.5960647681,0.3177123322,0,-1.222868125,4.404291724,-3.181776978
3.44,-64.99291977,0.05297588474,0.5960645432,0.3177124659,0,-1.222870002,4.404300422,-3.18177593
3.45,-64.99291635,0.05297591851,0.5960643185,0.3177125995,0,-1.222871843,4.404309082,-3.181774905
3.46,-64.99291301,0.05297595176,0.5960640939,0.317712733,0,-1.222873649,4.404317705,-3.181773904
3.47,-64.99290975,0.05297598448,0.5960638694,0.3177128662,0,-1.22287542,4.404326291,-3.181772926
3.48,-64.99290657,0.05297601668,0.5960636451,0.3177129994,0,-1.222877156,4.40433484,-3.181771971
3.49,-64.99290347,0.05297604837,0.5960634209,0.3177131323,0,-1.222878857,4.404343353,-3.18177104
3.5,-64.99290044,0.05297607953,0.5960631968,0.3177132652,0,-1.222880523,4.404351828,-3.181770132
3.51,-64.99289749,0.05297611018,0.5960629728,0.3177133978,0,-1.222882155,4.404360265,-3.181769247
3.52,-64.99289462,0.05297614031,0.596062749,0.3177135303,0,-1.222883752,4.404368666,-3.181768385
3.53,-64.99289182,0.05297616993,0.5960625254,0.3177136626,0,-1.222885315,4.40437703,-3.181767546
3.54,-64.9928891,0.05297619904,0.5960623019,0.3177137948,0,-1.222886843,4.404385357,-3.18176673
3.55,-64.99288646,0.05297622763,0.5960620786,0.3177139268,0,-1.222888337,4.404393646,-3.181765937
3.56,-64.99288389,0.05297625572,0.5960618554,0.3177140586,0,-1.222889796,4.404401899,-3.181765166
3.57,-64.99288139,0.0529762833,0.5960616323,0.3177141903,0,-1.222891222,4.404410114,-3.181764418
3.58,-64.99287898,0.05297631037,0.5960614095,0.3177143218,0,-1.222892614,4.404418292,-3.181763693
3.59,-64.99287663,0.05297633694,0.5960611868,0.3177144531,0,-1.222893972,4.404426433,-3.18176299
3.6,-64.99287437,0.052976363,0.5960609642,0.3177145843,0,-1.222895296,4.404434537,-3.18176231
3.61,-64.99287217,0.05297638856,0.5960607418,0.3177147152,0,-1.222896587,4.404442604,-3.181761652
3.62,-64.99287005,0.05297641363,0.5960605196,0.317714846,0,-1.222897844,4.404450633,-3.181761016
3.63,-64.99286801,0.05297643819,0.5960602976,0.3177149766,0,-1.222899068,4.404458626,-3.181760402
3.64,-64.99286604,0.05297646226,0.5960600758,0.317715107,0,-1.222900259,4.404466581,-3.181759811
3.65,-64.99286414,0.05297648583,0.5960598541,0.3177152373,0,-1.222901416,4.404474499,-3.181759242
3.66,-64.99286231,0.05297650891,0.5960596326,0.3177153673,0,-1.22290254,4.40448238,-3.181758694
3.67,-64.99286056,0.05297653149,0.5960594113,0.3177154972,0,-1.222903632,4.404490224,-3.181758168
3.68,-64.99285888,0.05297655359,0.5960591902,0.3177156268,0,-1.222904691,4.404498031,-3.181757665
3.69,-64.99285727,0.05297657519,0.5960589693,0.3177157563,0,-1.222905716,4.4045058,-3.181757182
3.7,-64.99285574,0.05297659631,0.5960587486,0.3177158856,0,-1.22290671,4.404513532,-3.181756722
3.71,-64.99285428,0.05297661694,0.5960585281,0.3177160147,0,-1.222907671,4.404521228,-3.181756283
3.72,-64.99285289,0.05297663709,0.5960583078,0.3177161436,0,-1.222908599,4.404528886,-3.181755866
3.73,-64.99285156,0.05297665676,0.5960580876,0.3177162723,0,-1.222909495,4.404536507,-3.181755469
3.74,-64.99285032,0.05297667594,0.5960578677,0.3177164008,0,-1.222910359,4.40454409,-3.181755095
3.75,-64.99284914,0.05297669464,0.596057648,0.3177165291,0,-1.222911191,4.404551637,-3.181754741
3.76,-64.99284803,0.05297671287,0.5960574285,0.3177166572,0,-1.222911991,4.404559147,-3.181754409
3.77,-64.99284699,0.05297673062,0.5960572093,0.3177167851,0,-1.222912759,4.404566619,-3.181754098
3.78,-64.99284603,0.05297674789,0.5960569902,0.3177169128,0,-1.222913496,4.404574055,-3.181753808
3.79,-64.99284513,0.05297676469,0.5960567713,0.3177170402,0,-1.222914201,4.404581453,-3.181753538
3.8,-64.9928443,0.05297678102,0.5960565527,0.3177171675,0,-1.222914874,4.404588814,-3.18175329
3.81,-64.99284354,0.05297679688,0.5960563343,0.3177172946,0,-1.222915516,4.404596138,-3.181753062
3.82,-64.99284285,0.05297681227,0.5960561162,0.3177174214,0,-1.222916127,4.404603425,-3.181752855
3.83,-64.99284223,0.05297682719,0.5960558982,0.3177175481,0,-1.222916707,4.404610675,-3.181752669
3.84,-64.99284168,0.05297684165,0.5960556805,0.3177176745,0,-1.222917255,4.404617888,-3.181752503
3.85,-64.99284119,0.05297685564,0.596055463,0.3177178007,0,-1.222917773,4.404625064,-3.181752357
3.86,-64.99284077,0.05297686917,0.5960552458,0.3177179267,0,-1.22291826,4.404632203,-3.181752232
3.87,-64.99284043,0.05297688224,0.5960550288,0.3177180524,0,-1.222918716,4.404639305,-3.181752128
3.88,-64.99284014,0.05297689485,0.596054812,0.317718178,0,-1.222919142,4.40464637,-3.181752043
3.89,-64.99283993,0.05297690701,0.5960545955,0.3177183033,0,-1.222919537,4.404653398,-3.181751979
3.9,-64.99283978,0.05297691871,0.5960543792,0.3177184284,0,-1.222919902,4.404660389,-3.181751934
3.91,-64.9928397,0.05297692995,0.5960541632,0.3177185532,0,-1.222920237,4.404667344,-3.18175191
3.92,-64.99283969,0.05297694074,0.5960539475,0.3177186779,0,-1.222920541,4.404674261,-3.181751906
3.93,-64.99283974,0.05297695108,0.5960537319,0.3177188023,0,-1.222920816,4.404681141,-3.181751921
3.94,-64.99283985,0.05297696098,0.5960535167,0.3177189265,0,-1.22292106,4.404687985,-3.181751956
3.95,-64.99284004,0.05297697042,0.5960533017,0.3177190504,0,-1.222921275,4.404694791,-3.181752011
3.96,-64.99284028,0.05297697942,0.5960530869,0.3177191741,0,-1.22292146,4.404701561,-3.181752085
3.97,-64.9928406,0.05297698797,0.5960528725,0.3177192976,0,-1.222921616,4.404708294,-3.181752179
3.98,-64.99284097,0.05297699608,0.5960526583,0.3177194209,0,-1.222921742,4.40471499,-3.181752292
3.99,-64.99284141,0.05297700375,0.5960524443,0.3177195439,0,-1.222921839,4.404721649,-3.181752424
4,-64.99284192,0.05297701098,0.5960522307,0.3177196666,0,-1.222921907,4.404728272,-3.181752576
4.01,-64.99284249,0.05297701777,0.5960520173,0.3177197892,0,-1.222921945,4.404734858,-3.181752747
4.02,-64.99284312,0.05297702413,0.5960518041,0.3177199115,0,-1.222921955,4.404741407,-3.181752937
4.03,-64.99284382,0.05297703005,0.5960515913,0.3177200335,0,-1.222921936,4.40474792,-3.181753146
4.04,-64.99284458,0.05297703554,0.5960513787,0.3177201553,0,-1.222921888,4.404754395,-3.181753374
4.05,-64.9928454,0.0529770406,0.5960511664,0.3177202769,0,-1.222921811,4.404760835,-3.181753621
4.06,-64.99284629,0.05297704523,0.5960509545,0.3177203982,0,-1.222921706,4.404767237,-3.181753887
4.07,-64.99284724,0.05297704943,0.5960507427,0.3177205193,0,-1.222921573,4.404773603,-3.181754171
4.08,-64.99284825,0.0529770532,0.5960505313,0.3177206401,0,-1.222921411,4.404779933,-3.181754474
4.09,-64.99284932,0.05297705655,0.5960503202,0.3177207606,0,-1.222921221,4.404786226,-3.181754795
4.1,-64.99285045,0.05297705947,0.5960501093,0.3177208809,0,-1.222921003,4.404792482,-3.181755135
4.11,-64.99285164,0.05297706198,0.5960498988,0.317721001,0,-1.222920757,4.404798702,-3.181755493
4.12,-64.9928529,0.05297706406,0.5960496886,0.3177211208,0,-1.222920484,4.404804885,-3.18175587
4.13,-64.99285421,0.05297706573,0.5960494786,0.3177212404,0,-1.222920182,4.404811033,-3.181756264
4.14,-64.99285559,0.05297706698,0.596049269,0.3177213597,0,-1.222919853,4.404817143,-3.181756677
4.15,-64.99285703,0.05297706781,0.5960490596,0.3177214787,0,-1.222919497,4.404823218,-3.181757108
4.16,-64.99285852,0.05297706823,0.5960488506,0.3177215975,0,-1.222919113,4.404829256,-3.181757557
4.17,-64.99286008,0.05297706825,0.5960486419,0.317721716,0,-1.222918702,4.404835257,-3.181758023
4.18,-64.99286169,0.05297706785,0.5960484334,0.3177218342,0,-1.222918264,4.404841223,-3.181758508
4.19,-64.99286337,0.05297706704,0.5960482253,0.3177219522,0,-1.222917799,4.404847152,-3.18175901
4.2,-64.9928651,0.05297706582,0.5960480175,0.31772207,0,-1.222917307,4.404853045,-3.18175953
4.21,-64.99286689,0.0529770642,0.5960478101,0.3177221874,0,-1.222916788,4.404858902,-3.181760067
4.22,-64.99286874,0.05297706218,0.5960476029,0.3177223046,0,-1.222916243,4.404864723,-3.181760622
4.23,-64.99287065,0.05297705976,0.5960473961,0.3177224216,0,-1.222915671,4.404870508,-3.181761194
4.24,-64.99287261,0.05297705694,0.5960471896,0.3177225382,0,-1.222915073,4.404876257,-3.181761784
4.25,-64.99287464,0.05297705371,0.5960469834,0.3177226546,0,-1.222914448,4.404881969,-3.181762391
4.26,-64.99287672,0.0529770501,0.5960467775,0.3177227708,0,-1.222913797,4.404887646,-3.181763015
4.27,-64.99287885,0.05297704608,0.596046572,0.3177228866,0,-1.22291312,4.404893287,-3.181763656
4.28,-64.99288105,0.05297704168,0.5960463668,0.3177230022,0,-1.222912417,4.404898892,-3.181764314
4.29,-64.9928833,0.05297703688,0.5960461619,0.3177231175,0,-1.222911689,4.404904461,-3.181764989
4.3,-64.9928856,0.05297703169,0.5960459574,0.3177232325,0,-1.222910934,4.404909994,-3.181765681
4.31,-64.99288796,0.05297702611,0.5960457532,0.3177233473,0,-1.222910154,4.404915491,-3.181766389
4.32,-64.99289038,0.05297702015,0.5960455493,0.3177234617,0,-1.222909349,4.404920953,-3.181767114
4.33,-64.99289285,0.0529770138,0.5960453458,0.3177235759,0,-1.222908518,4.404926379,-3.181767856
4.34,-64.99289538,0.05297700707,0.5960451426,0.3177236899,0,-1.222907662,4.404931769,-3.181768614
4.35,-64.99289796,0.05297699996,0.5960449397,0.3177238035,0,-1.222906781,4.404937124,-3.181769389
4.36,-64.9929006,0.05297699247,0.5960447372,0.3177239169,0,-1.222905875,4.404942443,-3.18177018
4.37,-64.99290329,0.0529769846,0.5960445351,0.3177240299,0,-1.222904943,4.404947726,-3.181770987
4.38,-64.99290604,0.05297697635,0.5960443333,0.3177241427,0,-1.222903987,4.404952974,-3.181771811
4.39,-64.99290883,0.05297696773,0.5960441318,0.3177242552,0,-1.222903007,4.404958187,-3.18177265
4.4,-64.99291169,0.05297695874,0.5960439307,0.3177243675,0,-1.222902002,4.404963364,-3.181773506
4.41,-64.99291459,0.05297694937,0.59604373,0.3177244794,0,-1.222900972,4.404968506,-3.181774377
4.42,-64.99291755,0.05297693963,0.5960435296,0.317724591,0,-1.222899918,4.404973613,-3.181775265
4.43,-64.99292056,0.05297692953,0.5960433296,0.3177247024,0,-1.22289884,4.404978684,-3.181776168
4.44,-64.99292362,0.05297691906,0.5960431299,0.3177248135,0,-1.222897738,4.40498372,-3.181777087
4.45,-64.99292674,0.05297690822,0.5960429306,0.3177249243,0,-1.222896612,4.404988721,-3.181778021
4.46,-64.9929299,0.05297689703,0.5960427317,0.3177250348,0,-1.222895462,4.404993687,-3.181778971
4.47,-64.99293312,0.05297688547,0.5960425331,0.317725145,0,-1.222894288,4.404998617,-3.181779937
4.48,-64.99293639,0.05297687355,0.5960423349,0.3177252549,0,-1.222893091,4.405003513,-3.181780918
4.49,-64.99293971,0.05297686127,0.596042137,0.3177253645,0,-1.22289187,4.405008374,-3.181781914
4.5,-64.99294308,0.05297684863,0.5960419395,0.3177254738,0,-1.222890626,4.405013199,-3.181782925
4.51,-64.99294651,0.05297683565,0.5960417424,0.3177255828,0,-1.222889358,4.40501799,-3.181783952
4.52,-64.99294998,0.0529768223,0.5960415457,0.3177256916,0,-1.222888067,4.405022746,-3.181784993
4.53,-64.9929535,0.05297680861,0.5960413493,0.3177258,0,-1.222886754,4.405027467,-3.18178605
4.54,-64.99295707,0.05297679457,0.5960411533,0.3177259081,0,-1.222885417,4.405032154,-3.181787121
4.55,-64.99296069,0.05297678018,0.5960409577,0.3177260159,0,-1.222884058,4.405036806,-3.181788207
4.56,-64.99296436,0.05297676544,0.5960407625,0.3177261235,0,-1.222882676,4.405041423,-3.181789308
4.57,-64.99296808,0.05297675036,0.5960405677,0.3177262307,0,-1.222881271,4.405046005,-3.181790424
4.58,-64.99297185,0.05297673493,0.5960403732,0.3177263376,0,-1.222879844,4.405050553,-3.181791554
4.59,-64.99297566,0.05297671916,0.5960401791,0.3177264443,0,-1.222878394,4.405055067,-3.181792699
4.6,-64.99297953,0.05297670306,0.5960399854,0.3177265506,0,-1.222876923,4.405059546,-3.181793858
4.61,-64.99298344,0.05297668661,0.5960397921,0.3177266566,0,-1.222875429,4.405063991,-3.181795031
4.62,-64.9929874,0.05297666983,0.5960395992,0.3177267623,0,-1.222873913,4.405068401,-3.181796219
4.63,-64.9929914,0.05297665272,0.5960394067,0.3177268678,0,-1.222872376,4.405072777,-3.181797421
4.64,-64.99299546,0.05297663527,0.5960392145,0.3177269729,0,-1.222870816,4.405077119,-3.181798637
4.65,-64.99299956,0.05297661749,0.5960390228,0.3177270777,0,-1.222869235,4.405081427,-3.181799867
4.66,-64.9930037,0.05297659938,0.5960388315,0.3177271822,0,-1.222867633,4.405085701,-3.181801111
4.67,-64.9930079,0.05297658094,0.5960386405,0.3177272864,0,-1.222866009,4.405089941,-3.181802369
4.68,-64.99301213,0.05297656218,0.5960384499,0.3177273902,0,-1.222864363,4.405094146,-3.18180364
4.69,-64.99301642,0.05297654309,0.5960382598,0.3177274938,0,-1.222862697,4.405098318,-3.181804925
4.7,-64.99302075,0.05297652368,0.59603807,0.3177275971,0,-1.222861009,4.405102456,-3.181806224
4.71,-64.99302512,0.05297650395,0.5960378807,0.3177277,0,-1.222859301,4.40510656,-3.181807537
4.72,-64.99302954,0.05297648389,0.5960376917,0.3177278026,0,-1.222857572,4.40511063,-3.181808863
4.73,-64.99303401,0.05297646352,0.5960375032,0.317727905,0,-1.222855822,4.405114667,-3.181810202
4.74,-64.99303852,0.05297644284,0.596037315,0.317728007,0,-1.222854051,4.40511867,-3.181811555
4.75,-64.99304307,0.05297642184,0.5960371273,0.3177281087,0,-1.22285226,4.405122639,-3.18181292
4.76,-64.99304766,0.05297640052,0.5960369399,0.31772821,0,-1.222850449,4.405126575,-3.181814299
4.77,-64.9930523,0.05297637889,0.596036753,0.3177283111,0,-1.222848617,4.405130478,-3.181815691
4.78,-64.99305699,0.05297635696,0.5960365665,0.3177284118,0,-1.222846765,4.405134347,-3.181817096
4.79,-64.99306171,0.05297633472,0.5960363804,0.3177285123,0,-1.222844893,4.405138183,-3.181818514
4.8,-64.99306648,0.05297631217,0.5960361947,0.3177286124,0,-1.222843001,4.405141985,-3.181819945
4.81,-64.99307129,0.05297628931,0.5960360095,0.3177287122,0,-1.22284109,4.405145755,-3.181821388
4.82,-64.99307615,0.05297626615,0.5960358246,0.3177288117,0,-1.222839158,4.405149491,-3.181822845
4.83,-64.99308104,0.05297624269,0.5960356402,0.3177289108,0,-1.222837208,4.405153194,-3.181824313
4.84,-64.99308598,0.05297621893,0.5960354562,0.3177290097,0,-1.222835237,4.405156864,-3.181825795
4.85,-64.99309096,0.05297619488,0.5960352726,0.3177291082,0,-1.222833248,4.405160501,-3.181827288
4.86,-64.99309598,0.05297617052,0.5960350894,0.3177292064,0,-1.222831239,4.405164105,-3.181828794
4.87,-64.99310104,0.05297614588,0.5960349066,0.3177293043,0,-1.222829211,4.405167676,-3.181830313
4.88,-64.99310614,0.05297612093,0.5960347243,0.3177294018,0,-1.222827164,4.405171215,-3.181831843
4.89,-64.99311129,0.0529760957,0.5960345424,0.3177294991,0,-1.222825098,4.405174721,-3.181833386
4.9,-64.99311647,0.05297607018,0.5960343609,0.317729596,0,-1.222823013,4.405178194,-3.181834941
4.91,-64.99312169,0.05297604437,0.5960341798,0.3177296926,0,-1.22282091,4.405181635,-3.181836507
4.92,-64.99312695,0.05297601827,0.5960339992,0.3177297888,0,-1.222818788,4.405185043,-3.181838086
4.93,-64.99313225,0.05297599189,0.596033819,0.3177298848,0,-1.222816648,4.405188418,-3.181839676
4.94,-64.99313759,0.05297596522,0.5960336392,0.3177299804,0,-1.22281449,4.405191762,-3.181841278
4.95,-64.99314297,0.05297593828,0.5960334599,0.3177300757,0,-1.222812313,4.405195073,-3.181842892
4.96,-64.99314839,0.05297591105,0.596033281,0.3177301706,0,-1.222810118,4.405198352,-3.181844518
4.97,-64.99315385,0.05297588354,0.5960331025,0.3177302653,0,-1.222807905,4.405201598,-3.181846154
4.98,-64.99315934,0.05297585576,0.5960329245,0.3177303596,0,-1.222805675,4.405204813,-3.181847803
4.99,-64.99316487,0.0529758277,0.5960327469,0.3177304536,0,-1.222803426,4.405207995,-3.181849462
5,-64.96983711,0.05297579937,0.5960325697,0.3177305472,14,-1.222553041,4.413771962,-3.174851133
5.01,-64.83046776,0.05299995042,0.5960285615,0.3177332579,14,-1.222733586,4.465057846,-3.133040328
5.02,-64.69201346,0.05305904394,0.5960188157,0.3177398824,14,-1.225328836,4.516233989,-3.091504039
5.03,-64.55444688,0.05315149493,0.5960033424,0.3177504065,14,-1.230235757,4.567317081,-3.050234065
5.04,-64.41774188,0.05327581746,0.5959821504,0.3177648169,14,-1.23736617,4.618323298,-3.009222564
5.05,-64.28187337,0.05343061794,0.5959552475,0.3177831001,14,-1.246645105,4.669268361,-2.968462012
5.06,-64.14681719,0.05361458888,0.5959226408,0.3178052435,14,-1.258009378,4.720167592,-2.927945157
5.07,-64.01254997,0.05382650318,0.5958843362,0.3178312346,14,-1.271406347,4.771035964,-2.887664991
5.08,-63.87904903,0.05406520885,0.5958403387,0.3178610616,14,-1.286792836,4.821888141,-2.84761471
5.09,-63.74629232,0.0543296241,0.5957906525,0.3178947127,14,-1.304134191,4.872738524,-2.807787695
5.1,-63.61425826,0.05461873286,0.595735281,0.3179321768,14,-1.32340346,4.923601285,-2.768177478
5.11,-63.48292575,0.05493158057,0.5956742265,0.3179734429,14,-1.344580677,4.974490402,-2.728777725
5.12,-63.35227404,0.05526727036,0.5956074908,0.3180185006,14,-1.367652238,5.025419689,-2.689582212
5.13,-63.22228269,0.05562495944,0.5955350745,0.3180673398,14,-1.392610352,5.076402826,-2.650584806
5.14,-63.0929315,0.05600385584,0.5954569775,0.3181199508,14,-1.419452563,5.127453387,-2.61177945
5.15,-62.96420048,0.05640321529,0.5953731991,0.3181763241,14,-1.448181333,5.178584862,-2.573160143
5.16,-62.83606977,0.05682233843,0.5952837375,0.3182364507,14,-1.478803679,5.229810684,-2.534720931
5.17,-62.70851963,0.05726056818,0.59518859,0.3183003221,14,-1.511330851,5.281144251,-2.496455889
5.18,-62.58153036,0.05771728725,0.5950877534,0.3183679299,14,-1.545778061,5.332598944,-2.458359109
5.19,-62.45508231,0.05819191597,0.5949812233,0.3184392665,14,-1.582164238,5.384188153,-2.420424693
5.2,-62.32915578,0.05868391011,0.5948689947,0.3185143243,14,-1.620511824,5.43592529,-2.382646735
5.21,-62.20373106,0.059192759,0.5947510616,0.3185930963,14,-1.660846592,5.487823814,-2.345019317
5.22,-62.07878832,0.05971798369,0.5946274171,0.3186755759,14,-1.703197499,5.539897246,-2.307536497
5.23,-61.95430766,0.06025913532,0.5944980536,0.318761757,14,-1.747596549,5.592159187,-2.270192299
5.24,-61.83026902,0.06081579354,0.5943629624,0.3188516339,14,-1.794078692,5.644623337,-2.232980706
5.25,-61.70665217,0.06138756511,0.5942221338,0.3189452013,14,-1.842681731,5.697303513,-2.195895651
5.26,-61.5834367,0.06197408254,0.5940755574,0.3190424545,14,-1.893446254,5.750213662,-2.158931011
5.27,-61.46060198,0.06257500289,0.5939232217,0.3191433891,14,-1.946415576,5.803367883,-2.122080595
5.28,-61.33812714,0.06319000665,0.593765114,0.3192480014,14,-2.001635701,5.856780441,-2.085338141
5.29,-61.21599102,0.06381879665,0.593601221,0.3193562882,14,-2.059155293,5.910465785,-2.048697306
5.3,-61.09417221,0.0644610971,0.5934315278,0.3194682467,14,-2.119025668,5.964438568,-2.012151662
5.31,-60.97264894,0.06511665276,0.593256019,0.3195838747,14,-2.181300788,6.018713658,-1.975694683
5.32,-60.85139915,0.06578522802,0.5930746775,0.3197031708,14,-2.246037275,6.073306163,-1.939319745
5.33,-60.73040038,0.06646660622,0.5928874854,0.3198261338,14,-2.313294433,6.128231444,-1.903020115
5.34,-60.60962981,0.06716058896,0.5926944236,0.3199527635,14,-2.383134281,6.183505137,-1.866788944
5.35,-60.48906421,0.06786699539,0.5924954715,0.3200830602,14,-2.455621597,6.239143166,-1.830619262
5.36,-60.3686799,0.06858566174,0.5922906074,0.3202170247,14,-2.530823972,6.295161771,-1.794503969
5.37,-60.24845277,0.06931644072,0.5920798082,0.3203546587,14,-2.608811876,6.35157752,-1.75843583
5.38,-60.12835821,0.07005920106,0.5918630496,0.3204959645,14,-2.689658732,6.408407335,-1.722407464
5.39,-60.00837114,0.07081382711,0.5916403056,0.3206409452,14,-2.773441003,6.46566851,-1.686411341
5.4,-59.8884659,0.07158021843,0.5914115488,0.3207896047,14,-2.860238285,6.523378733,-1.650439771
5.41,-59.76861633,0.07235828948,0.5911767504,0.3209419476,14,-2.950133417,6.581556111,-1.614484898
5.42,-59.64879564,0.07314796928,0.5909358799,0.3210979793,14,-3.043212599,6.640219192,-1.578538691
5.43,-59.52897645,0.07394920121,0.5906889051,0.3212577061,14,-3.139565517,6.699386991,-1.542592936
5.44,-59.40913076,0.07476194275,0.5904357921,0.3214211352,14,-3.239285487,6.759079014,-1.506639227
5.45,-59.28922986,0.0755861653,0.5901765052,0.3215882747,14,-3.342469605,6.819315283,-1.470668958
5.46,-59.16924438,0.07642185404,0.589911007,0.3217591336,14,-3.449218916,6.880116372,-1.434673313
5.47,-59.04914418,0.07726900785,0.5896392578,0.321933722,14,-3.559638588,6.941503426,-1.398643254
5.48,-58.92889838,0.07812763917,0.5893612162,0.322112051,14,-3.673838104,7.003498198,-1.362569514
5.49,-58.80847529,0.07899777401,0.5890768386,0.3222941325,14,-3.791931471,7.066123081,-1.326442587
5.5,-58.68784237,0.07987945191,0.5887860792,0.3224799799,14,-3.91403744,7.129401139,-1.290252712
5.51,-58.56696622,0.08077272596,0.5884888898,0.3226696075,14,-4.040279743,7.193356145,-1.253989867
5.52,-58.4458125,0.08167766287,0.5881852201,0.3228630308,14,-4.170787347,7.258012616,-1.217643751
5.53,-58.32434592,0.08259434305,0.5878750169,0.3230602665,14,-4.305694728,7.323395856,-1.181203777
5.54,-58.20253018,0.08352286071,0.5875582249,0.3232613328,14,-4.445142161,7.389531993,-1.144659053
5.55,-58.0803279,0.08446332403,0.5872347857,0.3234662489,14,-4.589276035,7.456448026,-1.107998371
5.56,-57.95770064,0.08541585533,0.5869046383,0.3236750357,14,-4.738249182,7.524171871,-1.071210191
5.57,-57.83460875,0.08638059127,0.5865677186,0.3238877152,14,-4.892221236,7.592732407,-1.034282624
5.58,-57.71101138,0.08735768313,0.5862239595,0.3241043113,14,-5.051359016,7.66215953,-0.9972034154
5.59,-57.58686643,0.08834729707,0.5858732907,0.324324849,14,-5.215836932,7.732484208,-0.9599599285
5.6,-57.46213041,0.08934961444,0.5855156385,0.3245493553,14,-5.385837422,7.803738538,-0.9225391242
5.61,-57.33675847,0.09036483215,0.5851509257,0.3247778586,14,-5.561551419,7.875955806,-0.8849275411
5.62,-57.21070425,0.09139316307,0.5847790713,0.3250103892,14,-5.74317885,7.949170553,-0.8471112744
5.63,-57.08391985,0.09243483639,0.5843999907,0.3252469793,14,-5.930929167,8.023418646,-0.8090759536
5.64,-56.95635573,0.0934900982,0.5840135949,0.3254876628,14,-6.125021927,8.098737346,-0.7708067181
5.65,-56.82796064,0.09455921188,0.5836197909,0.3257324756,14,-6.325687396,8.175165393,-0.7322881921
5.66,-56.69868153,0.09564245875,0.5832184813,0.3259814559,14,-6.533167208,8.252743081,-0.6935044579
5.67,-56.56846342,0.09674013861,0.5828095639,0.3262346438,14,-6.747715071,8.331512354,-0.6544390263
5.68,-56.43724936,0.09785257042,0.5823929316,0.3264920817,14,-6.969597517,8.411516892,-0.6150748073
5.69,-56.30498026,0.09898009297,0.5819684723,0.3267538144,14,-7.19909471,8.492802218,-0.5753940768
5.7,-56.17159481,0.1001230656,0.5815360684,0.3270198893,14,-7.436501316,8.575415801,-0.5353784422
5.71,-56.03702935,0.1012818693,0.5810955966,0.327290356,14,-7.682127434,8.659407169,-0.4950088059
5.72,-55.90121775,0.1024569069,0.5806469277,0.3275652671,14,-7.936299598,8.744828036,-0.4542653256
5.73,-55.76409124,0.1036486047,0.5801899263,0.3278446779,14,-8.199361848,8.831732426,-0.4131273731
5.74,-55.6255783,0.1048574133,0.5797244502,0.3281286466,14,-8.471676894,8.920176815,-0.3715734886
5.75,-55.48560445,0.1060838084,0.5792503504,0.3284172345,14,-8.753627355,9.010220281,-0.3295813342
5.76,-55.34409214,0.1073282921,0.5787674706,0.3287105062,14,-9.045617105,9.101924662,-0.287127642
5.77,-55.20096053,0.1085913943,0.5782756466,0.3290085296,14,-9.348072716,9.195354729,-0.2441881601
5.78,-55.05612531,0.1098736736,0.5777747061,0.3293113763,14,-9.661445016,9.290578368,-0.2007375939
5.79,-54.90949848,0.1111757194,0.5772644682,0.3296191213,14,-9.986210771,9.38766678,-0.1567495442
5.8,-54.76098813,0.1124981525,0.5767447429,0.3299318439,14,-10.3228745,9.486694689,-0.1121964401
5.81,-54.61049822,0.1138416276,0.5762153305,0.3302496272,14,-10.67197045,9.587740576,-0.06704946722
5.82,-54.4579283,0.1152068344,0.5756760212,0.3305725589,14,-11.03406467,9.69088692,-0.02127849119
5.83,-54.30317325,0.1165944999,0.5751265944,0.3309007311,14,-11.40975739,9.796220464,0.025148025
5.84,-54.14612297,0.1180053901,0.574566818,0.3312342408,14,-11.79968542,9.903832504,0.0722631094
5.85,-53.98666208,0.1194403121,0.5739964477,0.33157319,14,-12.2045249,10.01381919,0.1201013763
5.86,-53.82466957,0.1209001169,0.5734152265,0.331917686,14,-12.62499419,10.12628187,0.1686991285
5.87,-53.66001844,0.1223857011,0.5728228836,0.3322678419,14,-13.06185707,10.24132745,0.2180944673
5.88,-53.4925753,0.1238980102,0.5722191338,0.3326237766,14,-13.51592616,10.35906875,0.2683274109
5.89,-53.32219992,0.1254380411,0.5716036764,0.3329856153,14,-13.98806667,10.47962498,0.3194400227
5.9,-53.14874484,0.1270068453,0.5709761942,0.3333534901,14,-14.47920049,10.60312216,0.3714765479
5.91,-52.97205479,0.1286055321,0.5703363524,0.3337275399,14,-14.99031058,10.72969364,0.4244835632
5.92,-52.79196621,0.1302352722,0.5696837978,0.3341079111,14,-15.52244585,10.85948061,0.4785101365
5.93,-52.60830666,0.1318973014,0.5690181571,0.3344947583,14,-16.07672643,10.99263273,0.5336080007
5.94,-52.4208942,0.133592925,0.5683390357,0.3348882441,14,-16.65434938,11.12930871,0.5898317412
5.95,-52.22953667,0.1353235216,0.5676460163,0.3352885404,14,-17.256595,11.26967708,0.6472389988
5.96,-52.03403103,0.1370905488,0.5669386573,0.3356958285,14,-17.88483372,11.41391688,0.7058906896
5.97,-51.83416252,0.1388955475,0.566216491,0.3361102998,14,-18.54053357,11.56221852,0.7658512435
5.98,-51.62970379,0.1407401478,0.565479022,0.3365321563,14,-19.22526845,11.71478471,0.827188863
5.99,-51.42041399,0.1426260752,0.5647257246,0.3369616119,14,-19.94072714,11.8718314,0.8899758038
6,-51.20603773,0.1445551568,0.5639560412,0.3373988923,14,-20.68872319,12.0335889,0.95428868
6.01,-51.10253568,0.1465096545,0.5631733755,0.3378422901,0,-21.4874135,12.14551105,0.9853392947
6.02,-51.01555254,0.1484530603,0.5623851237,0.3382881785,0,-22.30338488,12.25076682,1.011434238
6.03,-50.9216879,0.1503887912,0.5615906862,0.3387368435,0,-23.13300509,12.3603772,1.03959363
6.04,-50.82086414,0.1523202403,0.5607894547,0.3391885739,0,-23.9775248,12.4744861,1.069840759
6.05,-50.71299227,0.1542507885,0.5599808073,0.3396436632,0,-24.83831131,12.59324691,1.102202319
6.06,-50.59797091,0.1561838101,0.5591641069,0.3401024097,0,-25.71685125,12.71682346,1.136708726
6.07,-50.47568524,0.1581226805,0.5583386997,0.3405651179,0,-26.61475406,12.84539101,1.173394428
6.08,-50.34600586,0.1600707835,0.5575039123,0.3410320986,0,-27.53375658,12.97913736,1.212298241
6.09,-50.20878773,0.1620315197,0.5566590502,0.3415036698,0,-28.47572858,13.11826399,1.253463682
6.1,-50.06386893,0.164008315,0.5558033953,0.3419801581,0,-29.44267957,13.26298726,1.29693932
6.11,-49.91106952,0.1660046298,0.5549362031,0.342461899,0,-30.43676659,13.41353978,1.342779143
6.12,-49.75019016,0.1680239692,0.5540567,0.3429492382,0,-31.46030354,13.57017182,1.391042952
6.13,-49.58101077,0.1700698933,0.5531640804,0.3434425328,0,-32.51577168,13.73315288,1.441796768
6.14,-49.40328909,0.1721460284,0.5522575037,0.3439421522,0,-33.60583173,13.90277335,1.495113273
6.15,-49.21675904,0.1742560791,0.5513360901,0.3444484795,0,-34.73333762,14.0793464,1.551072287
6.16,-49.02112909,0.1764038409,0.5503989175,0.344961913,0,-35.90135187,14.26320996,1.609761273
6.17,-48.81608038,0.1785932142,0.5494450172,0.3454828672,0,-37.11316301,14.45472898,1.671275885
6.18,-48.60126477,0.1808282184,0.5484733693,0.346011775,0,-38.37230497,14.65429781,1.735720569
6.19,-48.37630263,0.1831130076,0.5474828978,0.346549089,0,-39.68257881,14.86234296,1.803209212
6.2,-48.14078052,0.185451888,0.5464724658,0.3470952835,0,-41.0480769,15.07932602,1.873865843
6.21,-47.89424863,0.1878493347,0.5454408694,0.3476508562,0,-42.47320987,15.30574696,1.94782541
6.22,-47.63621792,0.1903100123,0.5443868314,0.3482163311,0,-43.96273649,15.5421478,2.025234625
6.23,-47.36615705,0.1928387949,0.543308995,0.3487922602,0,-45.52179688,15.78911663,2.106252884
6.24,-47.08348905,0.1954407885,0.5422059162,0.3493792264,0,-47.15594936,16.04729211,2.191053284
6.25,-46.78758755,0.1981213561,0.5410760558,0.3499778463,0,-48.87121121,16.31736855,2.279823736
6.26,-46.47777271,0.2008861428,0.539917771,0.3505887732,0,-50.67410386,16.60010143,2.372768186
6.27,-46.1533068,0.2037411051,0.5387293058,0.3512127008,0,-52.57170279,16.89631377,2.47010796
6.28,-45.81338921,0.2066925409,0.5375087813,0.3518503664,0,-54.57169272,17.20690303,2.572083237
6.29,-45.45715108,0.2097471234,0.5362541847,0.3525025553,0,-56.68242849,17.53284909,2.678954675
6.3,-45.08364934,0.2129119366,0.5349633575,0.3531701054,0,-58.9130021,17.875223,2.791005198
6.31,-44.69186016,0.2161945151,0.5336339836,0.3538539117,0,-61.27331652,18.23519696,2.908541952
6.32,-44.28067176,0.2196028861,0.532263576,0.354554932,0,-63.77416664,18.61405545,3.031898472
6.33,-43.84887654,0.2231456159,0.5308494631,0.3552741927,0,-66.42732787,19.01320788,3.161437038
6.34,-43.39516238,0.2268318594,0.5293887746,0.3560127952,0,-69.24565284,19.43420277,3.297551287
6.35,-42.91810317,0.2306714146,0.5278784274,0.3567719234,0,-72.24317635,19.87874382,3.440669049
6.36,-42.41614843,0.2346747806,0.5263151111,0.3575528511,0,-75.43522879,20.34870806,3.59125547
6.37,-41.88761196,0.2388532212,0.5246952746,0.3583569512,0,-78.83855788,20.84616641,3.749816411
6.38,-41.33065952,0.2432188316,0.5230151139,0.3591857048,0,-82.47145802,21.373407,3.916902144
6.39,-40.74329543,0.2477846119,0.5212705618,0.360040712,0,-86.35390635,21.93296148,4.093111371
6.4,-40.12334816,0.2525645431,0.5194572821,0.3609237029,0,-90.50770359,22.52763502,4.279095553
6.41,-39.4684548,0.2575736693,0.5175706673,0.3618365509,0,-94.95661677,23.16054024,4.475563559
6.42,-38.77604459,0.2628281821,0.5156058451,0.3627812856,0,-99.72651959,23.83513569,4.683286622
6.43,-38.04332148,0.2683455085,0.5135576935,0.3637601084,0,-104.8455242,24.55526948,4.903103557
6.44,-37.26724597,0.2741444002,0.5114208694,0.3647754081,0,-110.3440958,25.32522879,5.135926209
6.45,-36.44451662,0.2802450215,0.5091898536,0.3658297787,0,-116.2551379,26.1497957,5.382745014
6.46,-35.57155142,0.2866690329,0.5068590171,0.3669260379,0,-122.6140318,27.03431041,5.644634573
6.47,-34.64446993,0.2934396674,0.5044227127,0.3680672466,0,-129.4586084,27.98474227,5.92275902
6.48,-33.6590769,0.300581791,0.5018753976,0.3692567301,0,-136.8290225,29.00776951,6.218376929
6.49,-32.6108487,0.3081219424,0.4992117908,0.3704980988,0,-144.7674902,30.11086817,6.532845389
6.5,-31.49492426,0.31608834,0.4964270679,0.3717952702,0,-153.3178383,31.30241065,6.867622723
6.51,-30.30610272,0.3245108438,0.493517095,0.3731524895,0,-162.5247991,32.59177383,7.224269183
6.52,-29.03885098,0.3334208548,0.4904786961,0.3745743501,0,-172.4329644,33.98945636,7.604444706
6.53,-27.68732488,0.342851133,0.4873099466,0.3760658102,0,-183.0852915,35.50720357,8.009902535
6.54,-26.24540943,0.3528355077,0.4840104743,0.377632207,0,-194.5210294,37.15813741,8.442477172
6.55,-24.70678435,0.3634084519,0.4805817453,0.3792792633,0,-206.7729054,38.95688687,8.904064696
6.56,-23.06502331,0.3746044871,0.4770273005,0.3810130869,0,-219.8633968,40.91971196,9.396593006
6.57,-21.31373658,0.3864573855,0.4733529077,0.3828401583,0,-233.7999005,43.06461082,9.921979027
6.58,-19.44676854,0.3989991323,0.4695665925,0.3847673023,0,-248.5686384,45.41139542,10.48206944
6.59,-17.45846287,0.4122586204,0.46567852,0.3868016412,0,-264.1272014,47.98171596,11.07856114
6.6,-15.34400784,0.426260058,0.4617007135,0.3889505235,0,-280.3957838,50.79900818,11.71289765
6.61,-13.09987252,0.4410210917,0.4576466226,0.3912214231,0,-297.2474034,53.88833182,12.38613824
6.62,-10.72433955,0.4565506754,0.4535305715,0.393621805,0,-314.4977785,57.27606312,13.09879814
6.63,-8.21813039,0.4728467585,0.4493671456,0.3961589521,0,-331.8960362,60.98940187,13.85066088
6.64,-5.585104318,0.4898939149,0.445170582,0.3988397526,0,-349.118018,65.05565589,14.6405687
6.65,-2.832991192,0.5076610889,0.4409542302,0.4016704463,0,-365.7645318,69.50127635,15.46620264
6.66,0.0259074495,0.5260996821,0.4367301339,0.4046563354,0,-381.3672892,74.35063826,16.32387223
6.67,2.974141794,0.54514224,0.432508765,0.4078014694,0,-395.4052145,79.6245946,17.20834254
6.68,5.988777319,0.5647020019,0.4282989113,0.4111083196,0,-407.3330344,85.33887819,18.1127332
6.69,9.041424247,0.5846735451,0.4241077016,0.4145774666,0,-416.6223677,91.50247992,19.02852727
6.7,12.09874656,0.6049346778,0.4199407333,0.4182073275,0,-422.8129343,98.11618356,19.94572397
6.71,15.12352279,0.6253496154,0.4158022652,0.4219939566,0,-425.5683973,105.1714747,20.85315684
6.72,18.07625858,0.645773329,0.4116954387,0.4259309476,0,-424.7284949,112.650045,21.73897758
6.73,20.91725674,0.666056794,0.4076224979,0.4300094648,0,-420.347578,120.5240724,22.59127702
6.74,23.60895153,0.6860527324,0.4035849906,0.4342184161,0,-412.71038,128.7573646,23.39878546
6.75,26.11823807,0.7056213477,0.3995839384,0.4385447644,0,-402.3192082,137.3073251,24.15157142
6.76,28.41849709,0.7246355364,0.3956199746,0.4429739604,0,-389.8522333,146.1275529,24.84164913
6.77,30.49104681,0.7429851172,0.3916934503,0.4474904589,0,-376.0987289,155.1707693,25.46341404
6.78,32.32584318,0.7605797569,0.3878045148,0.4520782732,0,-361.8820967,164.3916967,26.01385295
6.79,33.92137564,0.7773504461,0.3839531737,0.4567215181,0,-347.9837415,173.7495314,26.49251269
6.8,35.28383684,0.7932495647,0.380139331,0.4614048959,0,-335.0797431,183.2097318,26.90125105
6.81,36.42574839,0.8082497347,0.3763628193,0.4661140913,0,-323.6984102,192.7449836,27.24382452
6.82,37.36427986,0.8223417568,0.3726234205,0.4708360567,0,-314.2016221,202.3353456,27.52538396
6.83,38.11950113,0.8355319714,0.3689208809,0.4755591836,0,-306.7880071,211.9677017,27.75195034
6.84,38.71276762,0.8478393667,0.3652549218,0.4802733687,0,-301.5126394,221.6347244,27.92993029
6.85,39.16537345,0.8592927017,0.3616252469,0.4849699934,0,-298.3165209,231.3335737,28.06571203
6.86,39.49753823,0.8699278401,0.3580315478,0.4896418381,0,-297.059428,241.0645378,28.16536147
6.87,39.7277333,0.8797854143,0.3544735076,0.4942829532,0,-297.5511193,250.8297725,28.23441999
6.88,39.87231114,0.888908873,0.3509508039,0.4988885084,0,-299.5777552,260.6322386,28.27779334
6.89,39.94537882,0.8973429194,0.3474631111,0.5034546346,0,-302.9221172,270.474881,28.29971365
6.9,39.9588489,0.9051323089,0.3440101017,0.5079782717,0,-307.3775513,280.3600513,28.30375467
6.91,39.92260564,0.9123209625,0.3405914478,0.5124570285,0,-312.7563962,290.2891488,28.29288169
6.92,39.8447348,0.9189513422,0.3372068215,0.5168890588,0,-318.8940499,300.2624373,28.26952044
6.93,39.7317777,0.9250640356,0.3338558961,0.5212729562,0,-325.6499004,310.2789955,28.23563331
6.94,39.58898284,0.930697502,0.3305383466,0.5256076658,0,-332.9062152,320.3367586,28.19279485
6.95,39.42053859,0.9358879408,0.3272538497,0.5298924126,0,-340.56587,330.4326161,28.14226158
6.96,39.22977816,0.9406692479,0.3240020843,0.534126643,0,-348.5495594,340.5625404,28.08503345
6.97,39.01935418,0.9450730341,0.3207827321,0.5383099795,0,-356.7929188,350.7217252,28.02190625
6.98,38.79138323,0.9491286873,0.3175954771,0.5424421838,0,-365.2438197,360.904723,27.95351497
6.99,38.54756316,0.9528634613,0.3144400063,0.5465231288,0,-373.8599716,371.1055724,27.88036895
7,38.28926661,0.9563025821,0.3113160093,0.5505527768,0,-382.6068841,381.3179126,27.80287998
7.01,38.01761462,0.9594693632,0.3082231789,0.5545311619,0,-391.4561857,391.5350832,27.72138439
7.02,37.73353409,0.9623853244,0.3051612107,0.5584583771,0,-400.3842698,401.7502093,27.63616023
7.03,37.43780206,0.9650703105,0.3021298033,0.5623345637,0,-409.371224,411.9562738,27.54744062
7.04,37.13107988,0.9675426075,0.2991286583,0.5661599033,0,-418.3999957,422.1461773,27.45542396
7.05,36.81393924,0.969819054,0.2961574804,0.5699346114,0,-427.4557492,432.312789,27.36028177
7.06,36.48688218,0.9719151483,0.2932159772,0.5736589322,0,-436.5253748,442.4489883,27.26216465
7.07,36.15035626,0.9738451481,0.2903038595,0.5773331349,0,-445.5971168,452.5476993,27.16120688
7.08,35.8047662,0.9756221658,0.2874208409,0.5809575101,0,-454.6602933,462.6019206,27.05752986
7.09,35.45048274,0.9772582567,0.284566638,0.584532367,0,-463.7050848,472.6047491,26.95124482
7.1,35.08784944,0.9787645011,0.2817409705,0.5880580314,0,-472.7223769,482.5494006,26.84245483
7.11,34.71718792,0.9801510813,0.2789435611,0.5915348438,0,-481.7036421,492.4292274,26.73125638
7.12,34.33880189,0.9814273524,0.2761741353,0.5949631576,0,-490.6408512,502.2377329,26.61774057
7.13,33.95298022,0.9826019082,0.2734324216,0.5983433378,0,-499.5264076,511.9685837,26.50199407
7.14,33.55999941,0.9836826416,0.2707181515,0.6016757598,0,-508.3530974,521.6156208,26.38409982
7.15,33.16012544,0.9846768013,0.2680310595,0.6049608083,0,-517.1140525,531.1728682,26.26413763
7.16,32.75361523,0.9855910433,0.2653708826,0.6081988762,0,-525.8027223,540.6345404,26.14218457
7.17,32.34071783,0.9864314784,0.2627373611,0.6113903641,0,-534.4128521,549.9950492,26.01831535
7.18,31.92167527,0.9872037167,0.2601302379,0.614535679,0,-542.9384672,559.2490086,25.89260258
7.19,31.4967233,0.9879129074,0.2575492589,0.6176352341,0,-551.3738602,568.3912393,25.76511699
7.2,31.06609193,0.9885637765,0.2549941729,0.6206894475,0,-559.7135805,577.416772,25.63592758
7.21,30.63000589,0.989160661,0.2524647312,0.6236987424,0,-567.9524271,586.3208498,25.50510177
7.22,30.18868491,0.9897075401,0.2499606882,0.6266635456,0,-576.0854414,595.0989303,25.37270547
7.23,29.74234404,0.9902080641,0.247481801,0.6295842877,0,-584.1079021,603.7466865,25.23880321
7.24,29.29119384,0.9906655814,0.2450278295,0.6324614023,0,-592.0153205,612.2600073,25.10345815
7.25,28.83544053,0.9910831622,0.2425985363,0.6352953254,0,-599.8034357,620.6349973,24.96673216
7.26,28.3752861,0.9914636214,0.2401936867,0.6380864952,0,-607.468211,628.8679763,24.82868583
7.27,27.91092841,0.9918095391,0.237813049,0.6408353515,0,-615.0058301,636.9554779,24.68937852
7.28,27.44256127,0.992123279,0.235456394,0.6435423353,0,-622.4126932,644.8942475,24.54886838
7.29,26.97037447,0.9924070063,0.2331234951,0.6462078887,0,-629.6854135,652.6812409,24.40721234
7.3,26.49455382,0.9926627032,0.2308141288,0.6488324539,0,-636.8208133,660.3136212,24.26446615
7.31,26.01528117,0.9928921833,0.2285280739,0.6514164738,0,-643.8159205,667.7887559,24.12068435
7.32,25.53273446,0.9930971054,0.2262651121,0.6539603906,0,-650.6679643,675.1042139,23.97592034
7.33,25.04708766,0.9932789854,0.2240250277,0.6564646465,0,-657.3743714,682.2577616,23.8302263
7.34,24.55851086,0.9934392076,0.2218076077,0.6589296826,0,-663.9327623,689.2473595,23.68365326
7.35,24.06717024,0.9935790348,0.2196126417,0.6613559391,0,-670.3409463,696.0711577,23.53625107
7.36,23.57322807,0.9936996183,0.2174399219,0.663743855,0,-676.596918,702.7274917,23.38806842
7.37,23.07684271,0.9938020057,0.2152892434,0.6660938677,0,-682.698852,709.2148782,23.23915281
7.38,22.57816867,0.9938871494,0.2131604035,0.6684064126,0,-688.6450993,715.5320097,23.0895506
7.39,22.07735653,0.9939559138,0.2110532026,0.6706819234,0,-694.4341817,721.6777506,22.93930696
7.4,21.57455306,0.9940090816,0.2089674433,0.6729208315,0,-700.0647881,727.6511316,22.78846592
7.41,21.06990113,0.9940473602,0.2069029312,0.6751235659,0,-705.5357687,733.4513448,22.63707034
7.42,20.56353979,0.9940713873,0.204859474,0.6772905528,0,-710.846131,739.0777386,22.48516194
7.43,20.05560428,0.9940817356,0.2028368825,0.679422216,0,-715.9950341,744.5298128,22.33278128
7.44,19.54622602,0.9940789181,0.2008349699,0.6815189761,0,-720.9817846,749.8072127,22.17996781
7.45,19.03553268,0.9940633917,0.1988535519,0.6835812507,0,-725.805831,754.9097246,22.0267598
7.46,18.52364818,0.9940355615,0.1968924468,0.6856094542,0,-730.4667592,759.83727,21.87319445
7.47,18.01069271,0.9939957845,0.1949514757,0.6876039977,0,-734.9642869,764.5899006,21.71930781
7.48,17.4967828,0.9939443724,0.1930304621,0.6895652886,0,-739.2982595,769.1677928,21.56513484
7.49,16.98203132,0.9938815952,0.191129232,0.6914937308,0,-743.4686445,773.571243,21.4107094
7.5,16.46654756,0.9938076833,0.1892476142,0.6933897247,0,-747.4755266,777.8006617,21.25606427
7.51,15.9504372,0.9937228305,0.1873854398,0.6952536667,0,-751.3191034,781.8565691,21.10123116
7.52,15.43380245,0.9936271961,0.1855425428,0.6970859492,0,-754.99968,785.7395896,20.94624073
7.53,14.916742,0.9935209069,0.1837187595,0.6988869609,0,-758.5176646,789.4504469,20.7911226
7.54,14.39935114,0.9934040593,0.1819139289,0.7006570863,0,-761.8735636,792.9899591,20.63590534
7.55,13.88172178,0.9932767208,0.1801278925,0.7023967058,0,-765.067977,796.3590343,20.48061653
7.56,13.36394248,0.9931389317,0.1783604945,0.7041061955,0,-768.1015941,799.558665,20.32528274
7.57,12.84609855,0.9929907067,0.1766115814,0.7057859275,0,-770.9751887,802.5899242,20.16992957
7.58,12.32827208,0.9928320358,0.1748810025,0.7074362695,0,-773.689615,805.4539609,20.01458162
7.59,11.81054196,0.9926628859,0.1731686097,0.7090575849,0,-776.2458032,808.1519951,19.85926259
7.6,11.29298403,0.9924832018,0.1714742573,0.7106502326,0,-778.6447554,810.6853142,19.70399521
7.61,10.77567102,0.9922929067,0.1697978022,0.7122145673,0,-780.8875414,813.0552681,19.54880131
7.62,10.25867272,0.9920919038,0.168139104,0.7137509392,0,-782.9752948,815.263266,19.39370182
7.63,9.742055949,0.9918800767,0.1664980248,0.715259694,0,-784.9092093,817.3107716,19.23871678
7.64,9.225884675,0.9916572901,0.1648744293,0.7167411731,0,-786.6905348,819.1992998,19.0838654
7.65,8.710220045,0.9914233904,0.1632681846,0.7181957133,0,-788.3205736,820.930413,18.92916601
7.66,8.195120458,0.9911782066,0.1616791607,0.7196236468,0,-789.8006772,822.5057171,18.77463614
7.67,7.680641618,0.9909215504,0.1601072298,0.7210253017,0,-791.1322425,823.9268587,18.62029249
7.68,7.166836601,0.990653217,0.1585522671,0.7224010011,0,-792.3167089,825.195521,18.46615098
7.69,6.653755913,0.9903729851,0.15701415,0.7237510642,0,-793.3555548,826.3134213,18.31222677
7.7,6.14144755,0.9900806178,0.1554927587,0.7250758052,0,-794.2502946,827.2823075,18.15853426
7.71,5.629957061,0.9897758623,0.153987976,0.7263755341,0,-795.0024758,828.1039551,18.00508712
7.72,5.119327606,0.9894584506,0.1524996872,0.7276505564,0,-795.6136759,828.7801648,17.85189828
7.73,4.609600017,0.9891280997,0.1510277801,0.7289011732,0,-796.0855,829.312759,17.69898001
7.74,4.100812855,0.9887845112,0.1495721452,0.7301276811,0,-796.4195778,829.70358,17.54634386
7.75,3.593002471,0.9884273725,0.1481326757,0.7313303724,0,-796.6175611,829.9544869,17.39400074
7.76,3.086203064,0.9880563559,0.1467092672,0.7325095349,0,-796.6811216,830.0673536,17.24196092
7.77,2.580446735,0.9876711193,0.1453018179,0.7336654522,0,-796.6119483,830.0440661,17.09023402
7.78,2.075763548,0.987271306,0.1439102287,0.7347984034,0,-796.4117453,829.8865207,16.93882906
7.79,1.572181581,0.986856545,0.1425344029,0.7359086634,0,-796.0822295,829.5966217,16.78775447
7.8,1.069726984,0.9864264505,0.1411742467,0.7369965028,0,-795.6251291,829.1762795,16.6370181
7.81,0.5684240276,0.9859806227,0.1398296685,0.7380621881,0,-795.0421806,828.6274086,16.48662721
7.82,0.06829516115,0.9855186469,0.1385005794,0.7391059815,0,-794.335128,827.9519258,16.33658855
7.83,-0.430638941,0.9850400941,0.1371868933,0.7401281409,0,-793.5057201,827.1517489,16.18690832
7.84,-0.9283593283,0.9845445206,0.1358885263,0.7411289203,0,-792.5557093,826.2287944,16.0375922
7.85,-1.424848725,0.9840314681,0.1346053973,0.7421085695,0,-791.4868497,825.1849764,15.88864538
7.86,-1.920091486,0.9835004634,0.1333374276,0.7430673343,0,-790.3008955,824.0222052,15.74007255
7.87,-2.414073549,0.9829510186,0.1320845412,0.7440054563,0,-788.9995997,822.7423854,15.59187794
7.88,-2.90678239,0.9823826306,0.1308466644,0.7449231735,0,-787.5847122,821.3474154,15.44406528
7.89,-3.398206986,0.9817947815,0.1296237262,0.7458207195,0,-786.0579788,819.8391852,15.2966379
7.9,-3.888337771,0.9811869377,0.1284156581,0.7466983245,0,-784.4211396,818.2195761,15.14959867
7.91,-4.377166599,0.9805585505,0.1272223939,0.7475562144,0,-782.6759279,816.4904589,15.00295002
7.92,-4.864686707,0.9799090554,0.12604387,0.7483946116,0,-780.8240686,814.6536933,14.85669399
7.93,-5.350892683,0.9792378722,0.1248800253,0.7492137346,0,-778.8672775,812.7111266,14.7108322
7.94,-5.83578043,0.9785444049,0.123730801,0.7500137982,0,-776.8072595,810.6645928,14.56536587
7.95,-6.319347138,0.977828041,0.1225961408,0.7507950135,0,-774.645708,808.5159117,14.42029586
7.96,-6.80159126,0.977088152,0.1214759907,0.7515575881,0,-772.3843037,806.266888,14.27562262
7.97,-7.282512481,0.9763240925,0.1203702991,0.7523017258,0,-770.024713,803.9193107,14.13134626
7.98,-7.762111696,0.9755352007,0.1192790168,0.753027627,0,-767.5685878,801.4749516,13.98746649
7.99,-8.240390995,0.9747207974,0.1182020967,0.7537354885,0,-765.0175635,798.9355654,13.8439827
8,-8.717353641,0.9738801865,0.117139494,0.7544255037,0,-762.373259,796.3028883,13.70089391
8.01,-9.193004056,0.9730126543,0.1160911664,0.7550978625,0,-759.6372746,793.5786375,13.55819878
8.02,-9.667347811,0.9721174692,0.1150570734,0.7557527514,0,-756.8111918,790.7645105,13.41589566
8.03,-10.14039162,0.971193882,0.1140371768,0.7563903537,0,-753.8965721,787.8621843,13.27398252
8.04,-10.61214332,0.9702411249,0.1130314406,0.7570108493,0,-750.8949557,784.8733147,13.13245701
8.05,-11.08261189,0.969258412,0.1120398308,0.7576144148,0,-747.8078605,781.7995358,12.99131643
8.06,-11.55180744,0.9682449383,0.1110623152,0.7582012235,0,-744.6367817,778.642459,12.85055777
8.07,-12.01974122,0.96719988,0.1100988637,0.7587714458,0,-741.3831898,775.4036726,12.71017763
8.08,-12.48642563,0.9661223937,0.1091494483,0.7593252486,0,-738.0485304,772.0847409,12.57017231
8.09,-12.95187421,0.9650116167,0.1082140425,0.7598627958,0,-734.6342223,768.6872036,12.43053774
8.1,-13.4161017,0.9638666662,0.1072926218,0.7603842483,0,-731.1416572,765.2125751,12.29126949
8.11,-13.87912401,0.9626866391,0.1063851632,0.7608897639,0,-727.572198,761.6623436,12.1523628
8.12,-14.3409583,0.961470612,0.1054916457,0.7613794972,0,-723.9271778,758.0379707,12.01381251
8.13,-14.80162294,0.9602176402,0.1046120495,0.7618536,0,-720.2078988,754.3408902,11.87561312
8.14,-15.26113761,0.9589267582,0.1037463567,0.7623122211,0,-716.4156308,750.5725076,11.73775872
8.15,-15.71952329,0.9575969786,0.1028945504,0.7627555063,0,-712.5516104,746.7341993,11.60024301
8.16,-16.17680231,0.9562272921,0.1020566156,0.7631835984,0,-708.617039,742.8273116,11.46305931
8.17,-16.63299843,0.9548166669,0.1012325382,0.7635966375,0,-704.6130822,738.8531598,11.32620047
8.18,-17.08813684,0.9533640485,0.1004223054,0.7639947606,0,-700.540868,734.8130275,11.18965895
8.19,-17.54224425,0.9518683594,0.09962590579,0.7643781019,0,-696.4014852,730.7081655,11.05342672
8.2,-17.99534894,0.9503284979,0.0988433288,0.7647467929,0,-692.1959825,726.5397908,10.91749532
8.21,-18.44748081,0.9487433386,0.09807456495,0.7651009619,0,-687.9253665,722.3090858,10.78185576
8.22,-18.89867147,0.9471117312,0.09731960569,0.7654407348,0,-683.5906002,718.017197,10.64649856
8.23,-19.34895433,0.9454325001,0.09657844332,0.7657662345,0,-679.1926017,713.6652339,10.5114137
8.24,-19.79836461,0.9437044442,0.09585107091,0.7660775809,0,-674.7322422,709.2542682,10.37659062
8.25,-20.24693951,0.9419263356,0.09513748227,0.7663748912,0,-670.2103446,704.7853324,10.24201815
8.26,-20.69471825,0.9400969198,0.09443767181,0.76665828,0,-665.6276818,700.2594184,10.10768453
8.27,-21.14174215,0.9382149141,0.09375163453,0.7669278588,0,-660.9849747,695.6774767,9.973577355
8.28,-21.58805478,0.9362790076,0.09307936593,0.7671837364,0,-656.2828907,691.0404149,9.839683566
8.29,-22.03370202,0.9342878601,0.09242086195,0.7674260187,0,-651.5220416,686.3490962,9.705989394
8.3,-22.47873218,0.9322401012,0.0917761189,0.7676548088,0,-646.7029823,681.6043386,9.572480346
8.31,-22.92319612,0.9301343296,0.09114513345,0.7678702069,0,-641.8262084,676.806913,9.439141165
8.32,-23.36714734,0.9279691118,0.09052790252,0.7680723103,0,-636.8921546,671.9575419,9.305955797
8.33,-23.81064215,0.9257429815,0.08992442327,0.7682612136,0,-631.901193,667.0568983,9.172907355
8.34,-24.25373973,0.9234544383,0.08933469306,0.7684370081,0,-626.853631,662.105604,9.03997808
8.35,-24.69650232,0.9211019462,0.08875870942,0.7685997823,0,-621.7497095,657.1042281,8.907149304
8.36,-25.1389953,0.918683933,0.08819647001,0.768749622,0,-616.589601,652.0532858,8.774401411
8.37,-25.58128735,0.9161987883,0.08764797261,0.7688866095,0,-611.373408,646.9532367,8.641713795
8.38,-26.0234506,0.9136448624,0.08711321513,0.7690108242,0,-606.1011611,641.8044834,8.509064819
8.39,-26.46556074,0.9110204649,0.08659219557,0.7691223426,0,-600.772817,636.6073699,8.376431777
8.4,-26.90769719,0.9083238625,0.08608491205,0.7692212378,0,-595.3882572,631.3621806,8.243790842
8.41,-27.34994322,0.9055532778,0.08559136282,0.7693075798,0,-589.9472859,626.0691384,8.111117034
8.42,-27.79238612,0.9027068872,0.08511154628,0.7693814353,0,-584.449629,620.7284034,7.978384165
8.43,-28.23511732,0.899782819,0.08464546102,0.7694428677,0,-578.8949321,615.3400718,7.845564804
8.44,-28.67823258,0.896779151,0.08419310586,0.7694919371,0,-573.2827591,609.9041741,7.712630227
8.45,-29.12183209,0.8936939089,0.0837544799,0.7695287,0,-567.6125914,604.4206745,7.579550373
8.46,-29.56602065,0.8905250633,0.08332958257,0.7695532096,0,-561.8838263,598.8894689,7.446293804
8.47,-30.01090781,0.8872705275,0.08291841373,0.7695655155,0,-556.0957763,593.3103846,7.312827656
8.48,-30.45660801,0.8839281549,0.08252097372,0.7695656636,0,-550.2476682,587.6831787,7.179117598
8.49,-30.9032407,0.8804957362,0.08213726348,0.7695536962,0,-544.3386422,582.0075375,7.045127791
8.5,-31.35093052,0.8769709966,0.08176728461,0.7695296516,0,-538.3677522,576.2830754,6.910820844
8.51,-31.79980741,0.8733515926,0.08141103952,0.7694935647,0,-532.3339654,570.5093347,6.776157778
8.52,-32.25000671,0.869635109,0.08106853153,0.7694454661,0,-526.2361621,564.6857848,6.641097988
8.53,-32.70166931,0.8658190553,0.08073976501,0.7693853825,0,-520.0731371,558.811822,6.505599206
8.54,-33.15494177,0.8619008631,0.0804247455,0.7693133367,0,-513.8436002,552.8867694,6.369617469
8.55,-33.60997635,0.8578778814,0.08012347986,0.7692293471,0,-507.5461775,546.9098772,6.233107096
8.56,-34.06693114,0.8537473741,0.07983597644,0.7691334282,0,-501.179414,540.8803229,6.096020657
8.57,-34.52597014,0.8495065157,0.07956224524,0.7690255899,0,-494.7417753,534.7972123,5.958308959
8.58,-34.98726323,0.8451523875,0.07930229807,0.7689058379,0,-488.2316517,528.6595805,5.819921031
8.59,-35.45098627,0.8406819741,0.07905614874,0.7687741736,0,-481.6473615,522.4663931,5.680804119
8.6,-35.91732105,0.8360921594,0.07882381328,0.7686305937,0,-474.9871562,516.2165488,5.540903685
8.61,-36.38645525,0.8313797226,0.07860531007,0.7684750905,0,-468.2492263,509.9088812,5.400163425
8.62,-36.85858238,0.8265413349,0.07840066012,0.7683076517,0,-461.4317079,503.5421619,5.258525285
8.63,-37.33390167,0.8215735554,0.07820988725,0.7681282602,0,-454.5326911,497.1151044,5.115929498
8.64,-37.81261788,0.8164728277,0.07803301831,0.7679368945,0,-447.5502296,490.6263682,4.972314635
8.65,-38.29494111,0.8112354768,0.07787008347,0.7677335282,0,-440.4823511,484.0745639,4.827617667
8.66,-38.78108648,0.8058577059,0.07772111639,0.7675181303,0,-433.3270709,477.4582592,4.681774055
8.67,-39.27127383,0.8003355942,0.07758615453,0.7672906651,0,-426.082406,470.7759858,4.53471785
8.68,-39.76572724,0.7946650942,0.07746523944,0.7670510921,0,-418.7463921,464.0262475,4.386381827
8.69,-40.26467452,0.7888420309,0.07735841697,0.7667993663,0,-411.3171027,457.2075296,4.236697643
8.7,-40.76834659,0.7828621007,0.07726573764,0.7665354381,0,-403.7926711,450.3183092,4.085596024
8.71,-41.2769767,0.7767208719,0.07718725694,0.7662592532,0,-396.171315,443.3570674,3.933006991
8.72,-41.79079959,0.7704137859,0.07712303561,0.7659707532,0,-388.4513642,436.3223031,3.778860124
8.73,-42.31005044,0.7639361601,0.07707314006,0.7656698752,0,-380.6312923,429.2125486,3.623084867
8.74,-42.8349637,0.7572831917,0.07703764271,0.7653565524,0,-372.7097516,422.0263869,3.465610889
8.75,-43.3657717,0.7504499645,0.07701662236,0.7650307139,0,-364.6856123,414.7624713,3.306368491
8.76,-43.90270307,0.7434314569,0.07701016462,0.7646922855,0,-356.5580059,407.4195479,3.14528908
8.77,-44.44598097,0.7362225522,0.07701836236,0.7643411893,0,-348.3263734,399.9964793,2.982305708
8.78,-44.99582107,0.7288180534,0.07704131614,0.7639773447,0,-339.9905187,392.4922726,2.817353679
8.79,-45.55242921,0.721212699,0.07707913471,0.7636006685,0,-331.5506659,384.906109,2.650371237
8.8,-46.11599884,0.713401185,0.07713193549,0.7632110753,0,-323.0075235,377.2373772,2.481300347
8.81,-46.68670816,0.7053781893,0.07719984514,0.762808478,0,-314.3623525,369.4857098,2.310087552
8.82,-47.26471687,0.6971384021,0.07728300004,0.7623927887,0,-305.6170403,361.6510229,2.136684938
8.83,-47.85016266,0.6886765618,0.07738154692,0.7619639191,0,-296.7741797,353.7335592,1.961051201
8.84,-48.4431573,0.6799874965,0.07749564333,0.7615217812,0,-287.8371522,345.7339346,1.78315281
8.85,-49.04378236,0.6710661728,0.07762545827,0.7610662883,0,-278.8102158,337.6531878,1.602965292
8.86,-49.65208462,0.6619077522,0.07777117269,0.7605973559,0,-269.6985952,329.4928339,1.420474615
8.87,-50.26807105,0.6525076555,0.07793298,0.7601149025,0,-260.5085751,321.25492,1.235678684
8.88,-50.89170355,0.6428616364,0.07811108656,0.7596188506,0,-251.2475923,312.9420842,1.048588936
8.89,-51.52289323,0.6329658645,0.078305712,0.7591091285,0,-241.9243277,304.5576157,0.8592320297
8.9,-52.16149461,0.6228170186,0.07851708955,0.7585856708,0,-232.5487935,296.1055174,0.6676516158
8.91,-52.80729946,0.6124123904,0.07874546615,0.75804842,0,-223.1324129,287.5905677,0.4739101631
8.92,-53.46003059,0.6017499988,0.07899110243,0.757497328,0,-213.6880903,279.018382,0.2780908225
8.93,-54.11933569,0.5908287154,0.07925427248,0.7569323577,0,-204.2302657,270.3954717,0.08029929151
8.94,-54.78478121,0.5796483998,0.07953526327,0.756353484,0,-194.774951,261.7292994,-0.1193343618
8.95,-55.45584654,0.5682100445,0.07983437389,0.7557606961,0,-185.3397411,253.028327,-0.3206539631
8.96,-56.13191882,0.5565159282,0.0801519143,0.7551539986,0,-175.9437962,244.3020571,-0.5234756446
8.97,-56.81228824,0.5445697748,0.0804882037,0.7545334133,0,-166.6077884,235.5610613,-0.7275864723
8.98,-57.49614454,0.5323769169,0.08084356847,0.7538989809,0,-157.3538089,226.8169966,-0.9327433634
8.99,-58.18257459,0.5199444581,0.08121833944,0.7532507624,0,-148.2052286,218.0826037,-1.138672376
9,-58.87056153,0.5072814323,0.08161284879,0.7525888409,0,-139.1865101,209.3716866,-1.345068458
9.01,-59.5589858,0.4943989526,0.08202742614,0.7519133227,0,-130.3229674,200.6990681,-1.55159574
9.02,-60.24662822,0.4813103461,0.0824623942,0.7512243389,0,-121.6404711,192.0805222,-1.757888466
9.03,-60.93217542,0.4680312649,0.08291806371,0.7505220464,0,-113.1651032,183.5326767,-1.963552627
9.04,-61.61422792,0.4545797692,0.08339472782,0.7498066287,0,-104.9227615,175.0728886,-2.168168376
9.05,-62.29131085,0.4409763721,0.08389265602,0.7490782968,0,-96.93872484,166.7190888,-2.371293254
9.06,-62.96188753,0.4272440406,0.08441208759,0.7483372896,0,-89.23718637,158.4895984,-2.57246626
9.07,-63.62437579,0.413408144,0.08495322481,0.7475838739,0,-81.84077047,150.4029167,-2.771212736
9.08,-64.27716674,0.3994963453,0.08551622603,0.7468183443,0,-74.77004963,142.4774864,-2.967050021
9.09,-64.91864593,0.3855384294,0.08610119885,0.7460410223,0,-68.04308032,134.7314388,-3.159493778
9.1,-65.54721617,0.3715660674,0.08670819355,0.745252256,0,-61.67497881,127.1823256,-3.34806485
9.11,-66.16132157,0.3576125167,0.08733719715,0.7444524182,0,-55.67755732,119.8468468,-3.532296472
9.12,-66.75947207,0.3437122601,0.08798812812,0.7436419049,0,-50.05904014,112.7405803,-3.711741621
9.13,-67.34026754,0.3299005913,0.08866083229,0.7428211331,0,-44.82387577,105.8777254,-3.885980261
9.14,-67.90242077,0.3162131561,0.08935507978,0.741990539,0,-39.97265726,99.27086776,-4.05462623
9.15,-68.4447784,0.3026854633,0.09007056351,0.7411505745,0,-35.50215683,92.93077573,-4.21733352
9.16,-68.96633901,0.2893523792,0.09080689913,0.7403017049,0,-31.40547466,86.86623535,-4.373801702
9.17,-69.46626768,0.2762476235,0.09156362655,0.7394444056,0,-27.67229502,81.08393111,-4.523780305
9.18,-69.94390661,0.2634032846,0.09234021306,0.7385791588,0,-24.28923669,75.58837615,-4.667071982
9.19,-70.39878121,0.2508493691,0.09313605796,0.7377064506,0,-21.24027955,70.38189436,-4.803534363
9.2,-70.8306019,0.2386134032,0.09395049848,0.7368267671,0,-18.50724516,65.46465348,-4.933080571
9.21,-71.23926135,0.2267200967,0.09478281688,0.7359405922,0,-16.07030776,60.83474685,-5.055678406
9.22,-71.62482769,0.2151910811,0.09563224852,0.7350484037,0,-13.90851149,56.48831842,-5.171348307
9.23,-71.98753405,0.2040447251,0.09649799048,0.734150671,0,-12.00027183,52.41972475,-5.280160216
9.24,-72.32776509,0.1932960314,0.09737921054,0.7332478525,0,-10.32384199,48.62172582,-5.382229526
9.25,-72.64604108,0.1829566117,0.09827505631,0.7323403932,0,-8.857729372,45.08569648,-5.477712325
9.26,-72.9430005,0.1730347355,0.09918466406,0.7314287231,0,-7.581051752,41.80184971,-5.566800149
9.27,-73.2193815,0.1635354444,0.1001071672,0.7305132553,0,-6.473827587,38.75946365,-5.64971445
9.28,-73.47600333,0.1544607217,0.1010417043,0.7295943848,0,-5.517199041,35.94710511,-5.726700999
9.29,-73.71374794,0.1458097081,0.1019874259,0.7286724876,0,-4.693590135,33.35284311,-5.798024383
9.3,-73.93354254,0.13757895,0.1029435011,0.7277479203,0,-3.9868052,30.96444765,-5.863962761
9.31,-74.13634329,0.1297626712,0.1039091225,0.7268210193,0,-3.382074752,28.76956989,-5.924802986
9.32,-74.3231206,0.1223530562,0.1048835111,0.725892101,0,-2.866057057,26.75590148,-5.980836181
9.33,-74.49484609,0.1153405373,0.1058659195,0.724961462,0,-2.426804009,24.91131172,-6.032353827
9.34,-74.65248128,0.1087140763,0.1068556348,0.7240293791,0,-2.053699719,23.22396246,-6.079644384
9.35,-74.79696815,0.1024614357,0.10785198,0.7230961103,0,-1.737379584,21.68240126,-6.122990446
9.36,-74.9292214,0.09656943323,0.1088543156,0.7221618951,0,-1.469636665,20.27563414,-6.162666419
9.37,-75.05012228,0.09102417807,0.1098620398,0.7212269551,0,-1.243321155,18.99317966,-6.198936684
9.38,-75.16051404,0.08581128427,0.1108745887,0.7202914952,0,-1.052237587,17.82510618,-6.232054212
9.39,-75.26119859,0.08091606208,0.1118914353,0.7193557043,0,-0.8910434266,16.76205466,-6.262259576
9.4,-75.35293437,0.07632368603,0.1129120892,0.718419756,0,-0.7551516975,15.79524881,-6.289780312
9.41,-75.43643527,0.0720193405,0.113936095,0.71748381,0,-0.6406394819,14.91649502,-6.314830582
9.42,-75.51237031,0.06798834365,0.1149630309,0.7165480125,0,-0.5441634467,14.11817376,-6.337611092
9.43,-75.58136401,0.06421625128,0.1159925075,0.7156124974,0,-0.4628829959,13.39322427,-6.358309202
9.44,-75.6439974,0.06068894199,0.1170241656,0.714677387,0,-0.3943912248,12.73512425,-6.37709922
9.45,-75.70080936,0.0573926856,0.1180576746,0.713742793,0,-0.336653541,12.13786571,-6.394142807
9.46,-75.75229829,0.0543141966,0.1190927311,0.7128088172,0,-0.2879535996,11.59592836,-6.409589487
9.47,-75.79892406,0.05144067425,0.1201290567,0.7118755525,0,-0.2468460583,11.1042513,-6.423577218
9.48,-75.84111005,0.04875983135,0.1211663962,0.7109430832,0,-0.2121155767,10.65820407,-6.436233014
9.49,-75.87924529,0.04625991296,0.1222045164,0.7100114861,0,-0.1827414502,10.25355751,-6.447673587
9.5,-75.91368666,0.04392970682,0.1232432041,0.7090808308,0,-0.1578672636,9.886454942,-6.458005999
9.51,-75.94476106,0.04175854665,0.1242822645,0.7081511807,0,-0.1367749726,9.55338425,-6.467328317
9.52,-75.97276748,0.03973630969,0.1253215202,0.707222593,0,-0.1188628573,9.25115092,-6.475730244
9.53,-75.99797914,0.0378534094,0.1263608091,0.7062951199,0,-0.1036268339,8.976852384,-6.483293743
9.54,-76.02064543,0.03610078439,0.1273999839,0.7053688083,0,-0.09064466191,8.727853748,-6.490093628
9.55,-76.04099376,0.03446988436,0.1284389101,0.7044437009,0,-0.07956263455,8.501764993,-6.496198127
9.56,-76.05923138,0.03295265365,0.1294774656,0.7035198363,0,-0.07008438587,8.296419685,-6.501669413
9.57,-76.07554704,0.03154151326,0.1305155393,0.7025972492,0,-0.0619614976,8.109855175,-6.506564112
9.58,-76.09011254,0.03022934149,0.13155303,0.7016759711,0,-0.05498562855,7.94029429,-6.510933761
9.59,-76.10308417,0.02900945398,0.1325898458,0.7007560305,0,-0.0489819289,7.786128435,-6.514825252
9.6,-76.1146041,0.02787558321,0.1336259032,0.699837453,0,-0.0438035358,7.645902069,-6.51828123
9.61,-76.12480155,0.02682185798,0.1346611264,0.6989202615,0,-0.03932697668,7.518298467,-6.521340466
9.62,-76.13379401,0.0258427829,0.1356954464,0.6980044769,0,-0.035448333,7.402126708,-6.524038204
9.63,-76.14168825,0.02493321826,0.1367288006,0.6970901179,0,-0.03208004035,7.296309792,-6.526406474
9.64,-76.14858127,0.0240883603,0.1377611324,0.6961772012,0,-0.0291482198,7.199873823,-6.528474382
9.65,-76.15456125,0.02330372203,0.1387923899,0.6952657419,0,-0.02659045272,7.111938166,-6.530268376
9.66,-76.15970829,0.02257511473,0.1398225265,0.6943557534,0,-0.02435392509,7.031706509,-6.531812486
9.67,-76.16409516,0.02189863012,0.1408514997,0.6934472478,0,-0.02239387983,6.958458757,-6.533128547
9.68,-76.16778801,0.02127062328,0.141879271,0.692540236,0,-0.02067232534,6.891543688,-6.534236402
9.69,-76.17084694,0.02068769635,0.1429058053,0.6916347273,0,-0.01915695748,6.830372293,-6.535154081
9.7,-76.17332657,0.02014668301,0.143931071,0.6907307305,0,-0.01782025919,6.774411768,-6.535897972
9.71,-76.17527657,0.01964463373,0.1449550394,0.689828253,0,-0.01663874774,6.723180067,-6.536482972
9.72,-76.17674207,0.01917880181,0.1459776844,0.6889273015,0,-0.01559234515,6.676240984,-6.536922622
9.73,-76.17776413,0.01874663018,0.1469989824,0.6880278819,0,-0.01466385097,6.633199721,-6.537229238
9.74,-76.17838006,0.01834573896,0.1480189121,0.6871299993,0,-0.01383850038,6.593698868,-6.537414019
9.75,-76.17862384,0.01797391366,0.149037454,0.6862336583,0,-0.01310359342,6.557414791,-6.537487152
9.76,-76.17852636,0.01762909424,0.1500545908,0.6853388626,0,-0.0124481835,6.524054363,-6.537457908
9.77,-76.17811574,0.01730936462,0.1510703066,0.6844456157,0,-0.01186281542,6.493352019,-6.537334722
9.78,-76.17741758,0.01701294303,0.152084587,0.6835539203,0,-0.01133930472,6.465067095,-6.537125275
9.79,-76.1764552,0.01673817283,0.1530974192,0.6826637788,0,-0.0108705516,6.438981431,-6.53683656
9.8,-76.17524982,0.016483514,0.1541087915,0.6817751933,0,-0.01045038374,6.414897209,-6.536474945
9.81,-76.17382079,0.01624753508,0.1551186935,0.6808881653,0,-0.01007342341,6.392634999,-6.536046236
9.82,-76.17218573,0.01602890574,0.1561271155,0.6800026961,0,-0.009734974849,6.372032,-6.535555719
9.83,-76.17036072,0.01582638975,0.1571340493,0.6791187866,0,-0.009430928743,6.352940449,-6.535008216
9.84,-76.16836042,0.01563883847,0.1581394871,0.6782364375,0,-0.009157681042,6.335226191,-6.534408125
9.85,-76.16619818,0.01546518473,0.1591434221,0.6773556492,0,-0.008912063878,6.318767383,-6.533759454
9.86,-76.16388621,0.01530443714,0.1601458481,0.6764764219,0,-0.008691286657,6.303453329,-6.533065864
9.87,-76.16143565,0.01515567483,0.1611467598,0.6755987555,0,-0.008492885761,6.289183422,-6.532330694
9.88,-76.15885665,0.01501804243,0.1621461523,0.6747226498,0,-0.008314681519,6.275866197,-6.531556994
9.89,-76.15615849,0.01489074552,0.1631440212,0.6738481043,0,-0.008154741334,6.263418469,-6.530747548
9.9,-76.15334967,0.01477304631,0.1641403628,0.6729751186,0,-0.008011348037,6.251764556,-6.529904901
9.91,-76.15043793,0.01466425964,0.1651351737,0.6721036919,0,-0.007882972672,6.240835582,-6.529031378
9.92,-76.14743035,0.01456374929,0.166128451,0.6712338232,0,-0.007768251051,6.230568836,-6.528129105
9.93,-76.14433342,0.01447092447,0.1671201921,0.6703655118,0,-0.007665963529,6.220907207,-6.527200026
9.94,-76.14115306,0.01438523663,0.1681103949,0.6694987564,0,-0.007575017512,6.21179866,-6.526245919
9.95,-76.1378947,0.01430617644,0.1690990574,0.6686335558,0,-0.007494432314,6.203195769,-6.525268411
9.96,-76.1345633,0.01423327103,0.1700861782,0.6677699089,0,-0.007423326016,6.195055296,-6.524268991
9.97,-76.13116341,0.01416608137,0.1710717557,0.6669078141,0,-0.007360904048,6.187337802,-6.523249023
9.98,-76.12769919,0.01410419988,0.1720557891,0.6660472701,0,-0.007306449239,6.180007304,-6.522209756
9.99,-76.12417445,0.01404724817,0.1730382773,0.6651882753,0,-0.007259313143,6.17303096,-6.521152334
10,-76.12059269,0.01399487497,0.1740192199,0.6643308283,0,-0.007218908458,6.166378781,-6.520077806
10.01,-76.11695711,0.01394675418,0.1749986162,0.6634749272,0,-0.007184702386,6.160023375,-6.518987133
10.02,-76.11327066,0.01390258309,0.175976466,0.6626205704,0,-0.007156210804,6.153939715,-6.517881197
10.03,-76.10953602,0.01386208071,0.1769527692,0.6617677563,0,-0.007132993153,6.148104925,-6.516760805
10.04,-76.10575567,0.01382498619,0.1779275258,0.6609164829,0,-0.007114647926,6.142498084,-6.5156267
10.05,-76.10193188,0.01379105741,0.1789007359,0.6600667485,0,-0.007100808691,6.137100058,-6.514479563
10.06,-76.09806673,0.0137600696,0.1798723998,0.6592185512,0,-0.007091140582,6.131893338,-6.513320018
10.07,-76.09416213,0.01373181415,0.1808425179,0.6583718891,0,-0.007085337182,6.126861897,-6.512148639
10.08,-76.09021984,0.01370609742,0.1818110905,0.6575267603,0,-0.007083117767,6.121991056,-6.510965953
10.09,-76.08624148,0.01368273965,0.1827781184,0.6566831628,0,-0.007084224852,6.117267373,-6.509772445
10.1,-76.08222853,0.013661574,0.1837436021,0.6558410946,0,-0.007088422005,6.112678526,-6.50856856
10.11,-76.07818235,0.01364244562,0.1847075424,0.6550005538,0,-0.0070954919,6.108213223,-6.507354705
10.12,-76.07410419,0.01362521076,0.18566994,0.6541615384,0,-0.007105234577,6.103861107,-6.506131258
10.13,-76.06999521,0.01360973601,0.1866307959,0.6533240462,0,-0.00711746588,6.099612677,-6.504898563
10.14,-76.06585646,0.01359589753,0.1875901109,0.6524880752,0,-0.007132016063,6.095459216,-6.503656939
10.15,-76.06168893,0.01358358037,0.1885478861,0.6516536234,0,-0.00714872853,6.091392722,-6.502406678
10.16,-76.0574935,0.01357267786,0.1895041225,0.6508206887,0,-0.007167458709,6.087405844,-6.501148049
10.17,-76.053271,0.01356309096,0.1904588211,0.6499892689,0,-0.007188073028,6.083491833,-6.499881299
10.18,-76.04902219,0.01355472777,0.1914119832,0.649159362,0,-0.007210447996,6.079644484,-6.498606656
10.19,-76.04474777,0.01354750297,0.1923636098,0.6483309658,0,-0.007234469375,6.075858096,-6.49732433
10.2,-76.04044838,0.01354133739,0.1933137021,0.6475040783,0,-0.007260031418,6.072127425,-6.496034514
10.21,-76.03612461,0.01353615753,0.1942622614,0.6466786972,0,-0.007287036192,6.068447647,-6.494737384
10.22,-76.03177702,0.01353189517,0.195209289,0.6458548205,0,-0.007315392951,6.064814325,-6.493433105
10.23,-76.02740609,0.013528487,0.1961547861,0.6450324459,0,-0.007345017572,6.061223372,-6.492121827
10.24,-76.0230123,0.01352587426,0.1970987541,0.6442115714,0,-0.007375832038,6.057671029,-6.490803689
10.25,-76.01859606,0.01352400239,0.1980411942,0.6433921948,0,-0.007407763971,6.054153829,-6.489478817
10.26,-76.01415777,0.01352282078,0.198982108,0.642574314,0,-0.007440746196,6.050668582,-6.48814733
10.27,-76.00969778,0.01352228242,0.1999214967,0.6417579267,0,-0.007474716351,6.047212345,-6.486809334
10.28,-76.00521644,0.01352234371,0.2008593617,0.6409430308,0,-0.007509616525,6.043782406,-6.485464931
10.29,-76.00071404,0.01352296416,0.2017957045,0.6401296241,0,-0.007545392929,6.040376264,-6.484114211
10.3,-75.99619086,0.0135241062,0.2027305265,0.6393177045,0,-0.007581995588,6.036991612,-6.482757258
10.31,-75.99164717,0.01352573496,0.2036638291,0.6385072698,0,-0.007619378069,6.03362632,-6.48139415
10.32,-75.98708319,0.01352781806,0.2045956138,0.6376983178,0,-0.007657497216,6.030278424,-6.480024957
10.33,-75.98249915,0.01353032547,0.2055258821,0.6368908464,0,-0.007696312919,6.026946108,-6.478649746
10.34,-75.97789526,0.0135332293,0.2064546355,0.6360848534,0,-0.007735787893,6.023627697,-6.477268577
10.35,-75.97327168,0.01353650366,0.2073818754,0.6352803366,0,-0.007775887478,6.020321643,-6.475881504
10.36,-75.96862859,0.01354012455,0.2083076033,0.6344772939,0,-0.007816579455,6.017026516,-6.474488578
10.37,-75.96396616,0.01354406965,0.2092318208,0.633675723,0,-0.007857833868,6.013740992,-6.473089847
10.38,-75.95928451,0.01354831829,0.2101545293,0.6328756218,0,-0.007899622872,6.01046385,-6.471685352
10.39,-75.95458378,0.01355285126,0.2110757305,0.6320769882,0,-0.007941920584,6.007193958,-6.470275133
10.4,-75.94986408,0.01355765073,0.2119954258,0.63127982,0,-0.007984702945,6.003930272,-6.468859225
10.41,-75.94512554,0.01356270016,0.2129136167,0.630484115,0,-0.008027947594,6.000671823,-6.467437661
10.42,-75.94036824,0.0135679842,0.2138303048,0.6296898711,0,-0.008071633753,5.997417717,-6.466010471
10.43,-75.93559228,0.01357348861,0.2147454916,0.6288970861,0,-0.008115742119,5.994167123,-6.464577683
10.44,-75.93079774,0.01357920016,0.2156591787,0.6281057578,0,-0.00816025476,5.990919275,-6.463139322
10.45,-75.9259847,0.01358510658,0.2165713676,0.6273158841,0,-0.008205155024,5.987673463,-6.461695409
10.46,-75.92115322,0.01359119649,0.21748206,0.6265274629,0,-0.008250427452,5.984429027,-6.460245965
10.47,-75.91630337,0.01359745931,0.2183912572,0.625740492,0,-0.008296057696,5.981185359,-6.45879101
10.48,-75.9114352,0.01360388526,0.2192989609,0.6249549692,0,-0.008342032447,5.977941893,-6.45733056
10.49,-75.90654877,0.01361046522,0.2202051727,0.6241708924,0,-0.00838833936,5.974698107,-6.455864631
10.5,-75.90164412,0.01361719075,0.2211098941,0.6233882595,0,-0.008434966995,5.971453515,-6.454393236
10.51,-75.89672129,0.01362405403,0.2220131267,0.6226070684,0,-0.008481904751,5.968207667,-6.452916387
10.52,-75.89178032,0.01363104779,0.222914872,0.6218273168,0,-0.008529142816,5.964960147,-6.451434095
10.53,-75.88682124,0.01363816529,0.2238151316,0.6210490027,0,-0.008576672109,5.961710569,-6.449946371
10.54,-75.88184408,0.01364540027,0.2247139071,0.620272124,0,-0.008624484232,5.958458574,-6.448453223
10.55,-75.87684886,0.01365274694,0.2256112,0.6194966785,0,-0.00867257143,5.955203831,-6.446954659
10.56,-75.87183562,0.01366019991,0.226507012,0.6187226641,0,-0.008720926541,5.951946031,-6.445450685
10.57,-75.86680436,0.0136677542,0.2274013444,0.6179500787,0,-0.008769542963,5.948684889,-6.443941307
10.58,-75.8617551,0.01367540518,0.2282941991,0.6171789201,0,-0.008818414612,5.945420142,-6.442426531
10.59,-75.85668787,0.01368314856,0.2291855774,0.6164091864,0,-0.008867535893,5.942151543,-6.44090636
10.6,-75.85160266,0.01369098036,0.230075481,0.6156408752,0,-0.008916901663,5.938878865,-6.439380797
10.61,-75.84649949,0.01369889689,0.2309639115,0.6148739847,0,-0.008966507205,5.935601897,-6.437849847
10.62,-75.84137837,0.01370689473,0.2318508704,0.6141085126,0,-0.009016348198,5.932320445,-6.436313511
10.63,-75.8362393,0.01371497072,0.2327363592,0.6133444569,0,-0.009066420692,5.929034328,-6.434771791
10.64,-75.83108229,0.01372312192,0.2336203796,0.6125818154,0,-0.009116721084,5.925743378,-6.433224688
10.65,-75.82590734,0.01373134561,0.2345029331,0.6118205861,0,-0.009167246095,5.92244744,-6.431672203
10.66,-75.82071445,0.01373963926,0.2353840212,0.611060767,0,-0.009217992748,5.919146371,-6.430114336
10.67,-75.81550362,0.01374800056,0.2362636456,0.6103023558,0,-0.009268958352,5.915840038,-6.428551087
10.68,-75.81027485,0.01375642733,0.2371418078,0.6095453506,0,-0.009320140478,5.912528319,-6.426982456
10.69,-75.80502814,0.01376491758,0.2380185093,0.6087897493,0,-0.009371536947,5.909211099,-6.425408441
10.7,-75.79976347,0.01377346945,0.2388937517,0.6080355498,0,-0.009423145813,5.905888275,-6.423829042
10.71,-75.79448086,0.01378208123,0.2397675367,0.60728275,0,-0.009474965344,5.90255975,-6.422244257
10.72,-75.78918028,0.01379075134,0.2406398656,0.606531348,0,-0.009526994015,5.899225434,-6.420654085
10.73,-75.78386174,0.01379947831,0.2415107401,0.6057813415,0,-0.009579230489,5.895885245,-6.419058523
10.74,-75.77852523,0.01380826078,0.2423801618,0.6050327286,0,-0.009631673608,5.892539109,-6.417457569
10.75,-75.77317074,0.01381709752,0.2432481322,0.6042855073,0,-0.00968432238,5.889186956,-6.415851221
10.76,-75.76779826,0.01382598736,0.2441146528,0.6035396754,0,-0.009737175972,5.885828723,-6.414239477
10.77,-75.76240778,0.01383492923,0.2449797253,0.602795231,0,-0.009790233694,5.88246435,-6.412622333
10.78,-75.75699929,0.01384392216,0.2458433511,0.6020521719,0,-0.009843494997,5.879093785,-6.410999786
10.79,-75.75157278,0.01385296523,0.2467055317,0.6013104963,0,-0.009896959458,5.875716979,-6.409371835
10.8,-75.74612825,0.01386205761,0.2475662689,0.6005702019,0,-0.009950626776,5.872333888,-6.407738474
10.81,-75.74066567,0.01387119853,0.248425564,0.5998312869,0,-0.01000449676,5.868944472,-6.406099702
10.82,-75.73518505,0.01388038728,0.2492834187,0.5990937492,0,-0.01005856934,5.865548694,-6.404455515
10.83,-75.72968636,0.01388962321,0.2501398344,0.5983575868,0,-0.01011284452,5.862146523,-6.402805909
10.84,-75.7241696,0.01389890573,0.2509948128,0.5976227976,0,-0.01016732242,5.858737927,-6.40115088
10.85,-75.71863475,0.01390823428,0.2518483553,0.5968893797,0,-0.01022200323,5.855322882,-6.399490426
10.86,-75.71308181,0.01391760836,0.2527004636,0.596157331,0,-0.01027688725,5.851901364,-6.397824542
10.87,-75.70751075,0.01392702752,0.2535511391,0.5954266496,0,-0.01033197483,5.848473353,-6.396153224
10.88,-75.70192156,0.01393649132,0.2544003833,0.5946973334,0,-0.0103872664,5.84503883,-6.394476469
10.89,-75.69631424,0.0139459994,0.2552481979,0.5939693804,0,-0.01044276247,5.84159778,-6.392794273
10.9,-75.69068877,0.01395555139,0.2560945843,0.5932427888,0,-0.01049846361,5.838150191,-6.391106632
10.91,-75.68504514,0.01396514698,0.256939544,0.5925175564,0,-0.01055437044,5.83469605,-6.389413543
10.92,-75.67938333,0.01397478588,0.2577830787,0.5917936813,0,-0.01061048366,5.83123535,-6.387715
10.93,-75.67370333,0.01398446784,0.2586251898,0.5910711615,0,-0.01066680399,5.827768083,-6.386011
10.94,-75.66800513,0.01399419261,0.2594658788,0.590349995,0,-0.01072333224,5.824294243,-6.38430154
10.95,-75.66228872,0.01400395998,0.2603051473,0.58963018,0,-0.01078006924,5.820813828,-6.382586615
10.96,-75.65655407,0.01401376977,0.2611429968,0.5889117143,0,-0.01083701589,5.817326836,-6.380866222
10.97,-75.65080119,0.0140236218,0.2619794289,0.5881945961,0,-0.0108941731,5.813833266,-6.379140356
10.98,-75.64503004,0.01403351592,0.2628144449,0.5874788233,0,-0.01095154185,5.810333119,-6.377409013
10.99,-75.63924063,0.01404345201,0.2636480465,0.5867643941,0,-0.01100912315,5.806826398,-6.37567219
11,-75.63343294,0.01405342994,0.2644802352,0.5860513065,0,-0.01106691805,5.803313106,-6.373929882
11.01,-75.62760695,0.01406344961,0.2653110125,0.5853395584,0,-0.01112492762,5.799793249,-6.372182086
11.02,-75.62176266,0.01407351094,0.2661403798,0.5846291481,0,-0.01118315299,5.796266831,-6.370428798
11.03,-75.61590005,0.01408361385,0.2669683388,0.5839200735,0,-0.01124159529,5.792733861,-6.368670014
11.04,-75.6100191,0.01409375828,0.2677948909,0.5832123327,0,-0.0113002557,5.789194347,-6.36690573
11.05,-75.60411981,0.01410394418,0.2686200376,0.5825059238,0,-0.01135913543,5.785648297,-6.365135943
11.06,-75.59820216,0.01411417151,0.2694437804,0.5818008449,0,-0.0114182357,5.782095722,-6.363360648
11.07,-75.59226614,0.01412444025,0.2702661209,0.5810970939,0,-0.01147755779,5.778536633,-6.361579843
11.08,-75.58631174,0.01413475036,0.2710870605,0.5803946691,0,-0.01153710295,5.774971042,-6.359793523
11.09,-75.58033895,0.01414510184,0.2719066007,0.5796935685,0,-0.01159687252,5.771398961,-6.358001684
11.1,-75.57434775,0.01415549468,0.2727247431,0.5789937901,0,-0.01165686781,5.767820403,-6.356204324
11.11,-75.56833813,0.0141659289,0.2735414891,0.5782953321,0,-0.01171709017,5.764235383,-6.354401438
11.12,-75.56231008,0.01417640448,0.2743568402,0.5775981925,0,-0.01177754098,5.760643916,-6.352593024
11.13,-75.55626359,0.01418692146,0.2751707979,0.5769023695,0,-0.01183822162,5.757046016,-6.350779077
11.14,-75.55019865,0.01419747986,0.2759833638,0.5762078612,0,-0.01189913352,5.753441701,-6.348959595
11.15,-75.54411525,0.0142080797,0.2767945393,0.5755146656,0,-0.0119602781,5.749830986,-6.347134574
11.16,-75.53801337,0.01421872101,0.2776043259,0.5748227809,0,-0.01202165681,5.74621389,-6.345304011
11.17,-75.53189301,0.01422940383,0.278412725,0.5741322051,0,-0.01208327111,5.74259043,-6.343467902
11.18,-75.52575415,0.01424012821,0.2792197383,0.5734429365,0,-0.01214512249,5.738960624,-6.341626245
11.19,-75.51959679,0.01425089418,0.2800253671,0.5727549731,0,-0.01220721245,5.735324492,-6.339779037
11.2,-75.51342091,0.01426170181,0.2808296129,0.5720683131,0,-0.0122695425,5.731682052,-6.337926274
11.21,-75.50722651,0.01427255114,0.2816324773,0.5713829545,0,-0.01233211418,5.728033325,-6.336067953
11.22,-75.50101357,0.01428344222,0.2824339617,0.5706988955,0,-0.01239492902,5.724378331,-6.334204072
11.23,-75.49478209,0.01429437512,0.2832340675,0.5700161343,0,-0.0124579886,5.720717091,-6.332334628
11.24,-75.48853206,0.0143053499,0.2840327963,0.5693346689,0,-0.01252129448,5.717049626,-6.330459618
11.25,-75.48226346,0.01431636663,0.2848301496,0.5686544976,0,-0.01258484825,5.713375958,-6.328579039
11.26,-75.4759763,0.01432742537,0.2856261287,0.5679756184,0,-0.01264865152,5.709696109,-6.32669289
11.27,-75.46967055,0.01433852618,0.2864207353,0.5672980295,0,-0.01271270591,5.706010101,-6.324801166
11.28,-75.46334622,0.01434966915,0.2872139707,0.5666217292,0,-0.01277701303,5.702317957,-6.322903866
11.29,-75.45700329,0.01436085435,0.2880058364,0.5659467154,0,-0.01284157454,5.6986197,-6.321000988
11.3,-75.45064176,0.01437208184,0.288796334,0.5652729864,0,-0.01290639208,5.694915354,-6.319092528
11.31,-75.44426162,0.01438335172,0.2895854647,0.5646005404,0,-0.01297146733,5.691204943,-6.317178486
11.32,-75.43786286,0.01439466405,0.2903732303,0.5639293755,0,-0.01303680196,5.687488491,-6.315258857
11.33,-75.43144547,0.01440601891,0.291159632,0.5632594899,0,-0.01310239767,5.683766022,-6.313333642
11.34,-75.42500946,0.01441741639,0.2919446713,0.5625908818,0,-0.01316825615,5.680037562,-6.311402837
11.35,-75.4185548,0.01442885657,0.2927283498,0.5619235493,0,-0.01323437913,5.676303135,-6.30946644
11.36,-75.4120815,0.01444033954,0.2935106688,0.5612574906,0,-0.01330076832,5.672562767,-6.30752445
11.37,-75.40558955,0.01445186537,0.2942916299,0.5605927039,0,-0.01336742548,5.668816484,-6.305576865
11.38,-75.39907894,0.01446343415,0.2950712345,0.5599291875,0,-0.01343435233,5.665064311,-6.303623683
11.39,-75.39254967,0.01447504597,0.295849484,0.5592669394,0,-0.01350155066,5.661306276,-6.301664902
11.4,-75.38600174,0.01448670092,0.2966263799,0.5586059579,0,-0.01356902222,5.657542404,-6.299700521
11.41,-75.37943513,0.01449839908,0.2974019237,0.5579462413,0,-0.01363676881,5.653772723,-6.297730538
11.42,-75.37284984,0.01451014054,0.2981761168,0.5572877876,0,-0.01370479221,5.649997259,-6.295754953
11.43,-75.36624588,0.0145219254,0.2989489606,0.5566305951,0,-0.01377309423,5.64621604,-6.293773763
11.44,-75.35962323,0.01453375374,0.2997204566,0.555974662,0,-0.01384167669,5.642429094,-6.291786968
11.45,-75.35298188,0.01454562564,0.3004906063,0.5553199865,0,-0.01391054142,5.638636449,-6.289794565
11.46,-75.34632185,0.01455754122,0.301259411,0.5546665669,0,-0.01397969024,5.634838132,-6.287796555
11.47,-75.33964312,0.01456950054,0.3020268723,0.5540144013,0,-0.01404912501,5.631034172,-6.285792936
11.48,-75.33294569,0.01458150371,0.3027929916,0.553363488,0,-0.01411884759,5.627224598,-6.283783708
11.49,-75.32622956,0.01459355082,0.3035577703,0.5527138252,0,-0.01418885984,5.623409438,-6.281768868
11.5,-75.31949473,0.01460564196,0.3043212099,0.5520654112,0,-0.01425916366,5.619588722,-6.279748418
11.51,-75.31274118,0.01461777722,0.3050833117,0.5514182441,0,-0.01432976092,5.615762478,-6.277722355
11.52,-75.30596893,0.01462995669,0.3058440773,0.5507723222,0,-0.01440065353,5.611930736,-6.27569068
11.53,-75.29917797,0.01464218048,0.3066035081,0.5501276438,0,-0.0144718434,5.608093527,-6.273653391
11.54,-75.2923683,0.01465444866,0.3073616055,0.5494842071,0,-0.01454333246,5.604250879,-6.271610489
11.55,-75.28553991,0.01466676135,0.3081183709,0.5488420103,0,-0.01461512264,5.600402822,-6.269561974
11.56,-75.27869281,0.01467911862,0.3088738058,0.5482010517,0,-0.01468721587,5.596549388,-6.267507844
11.57,-75.271827,0.01469152057,0.3096279116,0.5475613296,0,-0.01475961413,5.592690607,-6.265448099
11.58,-75.26494247,0.0147039673,0.3103806898,0.5469228422,0,-0.01483231936,5.588826509,-6.263382741
11.59,-75.25803923,0.0147164589,0.3111321417,0.5462855877,0,-0.01490533356,5.584957125,-6.261311768
11.6,-75.25111727,0.01472899547,0.3118822688,0.5456495645,0,-0.0149786587,5.581082487,-6.259235181
11.61,-75.2441766,0.01474157709,0.3126310725,0.5450147707,0,-0.01505229677,5.577202625,-6.25715298
11.62,-75.23721722,0.01475420387,0.3133785543,0.5443812047,0,-0.0151262498,5.573317572,-6.255065165
11.63,-75.23023912,0.0147668759,0.3141247155,0.5437488648,0,-0.01520051979,5.569427358,-6.252971737
11.64,-75.22324232,0.01477959326,0.3148695576,0.5431177492,0,-0.01527510878,5.565532016,-6.250872696
11.65,-75.21622681,0.01479235607,0.3156130821,0.5424878562,0,-0.0153500188,5.561631578,-6.248768043
11.66,-75.20919259,0.0148051644,0.3163552902,0.541859184,0,-0.01542525191,5.557726075,-6.246657777
11.67,-75.20213967,0.01481801836,0.3170961835,0.541231731,0,-0.01550081017,5.553815541,-6.244541901
11.68,-75.19506805,0.01483091804,0.3178357634,0.5406054955,0,-0.01557669564,5.549900008,-6.242420415
11.69,-75.18797773,0.01484386353,0.3185740313,0.5399804758,0,-0.01565291041,5.545979508,-6.240293319
11.7,-75.18086872,0.01485685492,0.3193109885,0.5393566701,0,-0.01572945658,5.542054075,-6.238160615
11.71,-75.17374101,0.01486989232,0.3200466366,0.5387340767,0,-0.01580633624,5.538123742,-6.236022303
11.72,-75.16659462,0.01488297581,0.3207809769,0.538112694,0,-0.01588355152,5.534188541,-6.233878386
11.73,-75.15942954,0.01489610549,0.3215140109,0.5374925202,0,-0.01596110454,5.530248507,-6.231728863
11.74,-75.15224579,0.01490928145,0.3222457398,0.5368735537,0,-0.01603899743,5.526303673,-6.229573737
11.75,-75.14504336,0.01492250379,0.3229761653,0.5362557928,0,-0.01611723235,5.522354072,-6.227413009
11.76,-75.13782227,0.0149357726,0.3237052886,0.5356392358,0,-0.01619581145,5.518399738,-6.225246681
11.77,-75.13058251,0.01494908797,0.3244331111,0.535023881,0,-0.01627473691,5.514440707,-6.223074753
11.78,-75.1233241,0.01496245,0.3251596344,0.5344097267,0,-0.01635401089,5.51047701,-6.220897229
11.79,-75.11604703,0.01497585878,0.3258848597,0.5337967713,0,-0.01643363561,5.506508685,-6.218714109
11.8,-75.10875132,0.0149893144,0.3266087885,0.5331850131,0,-0.01651361325,5.502535763,-6.216525395
11.81,-75.10143697,0.01500281695,0.3273314222,0.5325744503,0,-0.01659394604,5.498558281,-6.21433109
11.82,-75.09410398,0.01501636654,0.3280527622,0.5319650815,0,-0.01667463619,5.494576274,-6.212131195
11.83,-75.08675238,0.01502996324,0.3287728099,0.5313569048,0,-0.01675568595,5.490589775,-6.209925713
11.84,-75.07938215,0.01504360716,0.3294915667,0.5307499187,0,-0.01683709756,5.486598821,-6.207714646
11.85,-75.07199332,0.01505729838,0.3302090339,0.5301441214,0,-0.01691887329,5.482603446,-6.205497997
11.86,-75.06458589,0.015071037,0.3309252131,0.5295395114,0,-0.0170010154,5.478603687,-6.203275767
11.87,-75.05715986,0.01508482311,0.3316401055,0.5289360869,0,-0.01708352618,5.474599578,-6.201047959
11.88,-75.04971525,0.0150986568,0.3323537126,0.5283338463,0,-0.01716640791,5.470591155,-6.198814576
11.89,-75.04225207,0.01511253816,0.3330660358,0.527732788,0,-0.01724966291,5.466578454,-6.196575621
11.9,-75.03477032,0.01512646729,0.3337770764,0.5271329104,0,-0.0173332935,5.462561511,-6.194331096
11.91,-75.02727001,0.01514044427,0.3344868359,0.5265342117,0,-0.01741730199,5.458540363,-6.192081004
11.92,-75.01975116,0.0151544692,0.3351953156,0.5259366904,0,-0.01750169073,5.454515045,-6.189825349
11.93,-75.01221378,0.01516854217,0.3359025169,0.5253403449,0,-0.01758646207,5.450485594,-6.187564134
11.94,-75.00465787,0.01518266326,0.3366084413,0.5247451734,0,-0.01767161838,5.446452046,-6.18529736
11.95,-74.99708344,0.01519683257,0.3373130901,0.5241511744,0,-0.01775716202,5.442414438,-6.183025033
11.96,-74.98949052,0.01521105019,0.3380164647,0.5235583462,0,-0.01784309539,5.438372808,-6.180747155
11.97,-74.9818791,0.01522531621,0.3387185665,0.5229666873,0,-0.01792942088,5.434327191,-6.17846373
11.98,-74.9742492,0.01523963072,0.3394193968,0.522376196,0,-0.01801614091,5.430277624,-6.17617476
11.99,-74.96660084,0.0152539938,0.3401189571,0.5217868707,0,-0.01810325789,5.426224146,-6.173880251
12,-74.95893402,0.01526840555,0.3408172487,0.5211987098,0,-0.01819077426,5.422166793,-6.171580205
12.01,-74.95124876,0.01528286605,0.3415142731,0.5206117116,0,-0.01827869247,5.418105603,-6.169274627
12.02,-74.94354507,0.0152973754,0.3422100315,0.5200258746,0,-0.01836701498,5.414040613,-6.16696352
12.03,-74.93582296,0.01531193368,0.3429045255,0.5194411972,0,-0.01845574425,5.409971861,-6.164646889
12.04,-74.92808246,0.01532654099,0.3435977562,0.5188576777,0,-0.01854488276,5.405899385,-6.162324737
12.05,-74.92032356,0.0153411974,0.3442897252,0.5182753146,0,-0.01863443302,5.401823222,-6.159997069
12.06,-74.9125463,0.01535590301,0.3449804338,0.5176941062,0,-0.01872439753,5.397743411,-6.157663889
12.07,-74.90475067,0.01537065791,0.3456698835,0.5171140511,0,-0.0188147788,5.39365999,-6.155325201
12.08,-74.8969367,0.01538546217,0.3463580754,0.5165351475,0,-0.01890557937,5.389572997,-6.152981011
12.09,-74.8891044,0.0154003159,0.3470450111,0.5159573939,0,-0.01899680179,5.38548247,-6.150631321
12.1,-74.88125379,0.01541521917,0.3477306919,0.5153807888,0,-0.0190884486,5.381388448,-6.148276138
12.11,-74.87338489,0.01543017208,0.3484151192,0.5148053305,0,-0.01918052239,5.377290969,-6.145915466
12.12,-74.8654977,0.01544517471,0.3490982944,0.5142310174,0,-0.01927302571,5.373190073,-6.14354931
12.13,-74.85759225,0.01546022713,0.3497802187,0.5136578481,0,-0.01936596119,5.369085798,-6.141177674
12.14,-74.84966855,0.01547532946,0.3504608937,0.5130858208,0,-0.0194593314,5.364978182,-6.138800564
12.15,-74.84172662,0.01549048175,0.3511403206,0.5125149341,0,-0.01955313899,5.360867266,-6.136417986
12.16,-74.83376648,0.01550568411,0.3518185009,0.5119451864,0,-0.01964738657,5.356753087,-6.134029943
12.17,-74.82578814,0.01552093662,0.3524954358,0.511376576,0,-0.0197420768,5.352635686,-6.131636442
12.18,-74.81779163,0.01553623935,0.3531711268,0.5108091016,0,-0.01983721232,5.348515101,-6.129237488
12.19,-74.80977695,0.0155515924,0.3538455753,0.5102427614,0,-0.01993279581,5.344391372,-6.126833086
12.2,-74.80174414,0.01556699585,0.3545187825,0.5096775539,0,-0.02002882995,5.340264539,-6.124423243
12.21,-74.79369321,0.01558244979,0.3551907499,0.5091134777,0,-0.02012531744,5.33613464,-6.122007963
12.22,-74.78562418,0.01559795429,0.3558614788,0.508550531,0,-0.02022226098,5.332001717,-6.119587253
12.23,-74.77753706,0.01561350944,0.3565309706,0.5079887125,0,-0.02031966329,5.327865808,-6.117161118
12.24,-74.76943188,0.01562911533,0.3571992266,0.5074280204,0,-0.02041752712,5.323726954,-6.114729565
12.25,-74.76130866,0.01564477203,0.3578662483,0.5068684534,0,-0.0205158552,5.319585194,-6.112292599
12.26,-74.75316742,0.01566047963,0.3585320369,0.5063100098,0,-0.0206146503,5.315440569,-6.109850227
12.27,-74.74500819,0.0156762382,0.3591965938,0.5057526882,0,-0.02071391519,5.311293119,-6.107402456
12.28,-74.73683097,0.01569204784,0.3598599204,0.5051964869,0,-0.02081365266,5.307142883,-6.10494929
12.29,-74.72863579,0.01570790863,0.360522018,0.5046414045,0,-0.0209138655,5.302989903,-6.102490737
12.3,-74.72042268,0.01572382064,0.361182888,0.5040874394,0,-0.02101455654,5.298834219,-6.100026804
12.31,-74.71219166,0.01573978395,0.3618425317,0.5035345901,0,-0.02111572859,5.294675871,-6.097557497
12.32,-74.70394274,0.01575579865,0.3625009506,0.502982855,0,-0.0212173845,5.290514901,-6.095082822
12.33,-74.69567596,0.01577186481,0.3631581459,0.5024322327,0,-0.02131952711,5.286351347,-6.092602787
12.34,-74.68739133,0.01578798252,0.363814119,0.5018827217,0,-0.02142215931,5.282185252,-6.090117399
12.35,-74.67908888,0.01580415185,0.3644688713,0.5013343203,0,-0.02152528396,5.278016656,-6.087626664
12.36,-74.67076863,0.01582037289,0.365122404,0.5007870272,0,-0.02162890397,5.2738456,-6.085130589
12.37,-74.66243061,0.01583664571,0.3657747187,0.5002408407,0,-0.02173302223,5.269672126,-6.082629183
12.38,-74.65407484,0.01585297039,0.3664258165,0.4996957594,0,-0.02183764168,5.265496273,-6.080122451
12.39,-74.64570134,0.01586934701,0.3670756989,0.4991517817,0,-0.02194276524,5.261318084,-6.077610402
12.4,-74.63731014,0.01588577565,0.3677243672,0.4986089063,0,-0.02204839586,5.257137599,-6.075093043
12.41,-74.62890127,0.01590225638,0.3683718228,0.4980671315,0,-0.02215453651,5.25295486,-6.072570382
12.42,-74.62047475,0.01591878929,0.3690180669,0.4975264558,0,-0.02226119016,5.248769907,-6.070042425
12.43,-74.61203061,0.01593537444,0.369663101,0.4969868779,0,-0.0223683598,5.244582784,-6.067509182
12.44,-74.60356887,0.01595201192,0.3703069264,0.4964483961,0,-0.02247604843,5.24039353,-6.06497066
12.45,-74.59508955,0.0159687018,0.3709495444,0.4959110089,0,-0.02258425908,5.236202188,-6.062426866
12.46,-74.5865927,0.01598544415,0.3715909564,0.495374715,0,-0.02269299478,5.232008798,-6.059877809
12.47,-74.57807832,0.01600223906,0.3722311637,0.4948395128,0,-0.02280225857,5.227813404,-6.057323496
12.48,-74.56954646,0.0160190866,0.3728701677,0.4943054008,0,-0.0229120535,5.223616046,-6.054763937
12.49,-74.56099713,0.01603598683,0.3735079697,0.4937723776,0,-0.02302238266,5.219416766,-6.05219914
12.5,-74.55243037,0.01605293985,0.374144571,0.4932404416,0,-0.02313324914,5.215215606,-6.049629112
12.51,-74.54384621,0.01606994571,0.374779973,0.4927095913,0,-0.02324465603,5.211012608,-6.047053862
12.52,-74.53524466,0.0160870045,0.375414177,0.4921798254,0,-0.02335660645,5.206807815,-6.044473399
12.53,-74.52662577,0.01610411628,0.3760471844,0.4916511424,0,-0.02346910353,5.202601267,-6.041887732
12.54,-74.51798956,0.01612128113,0.3766789965,0.4911235407,0,-0.02358215043,5.198393007,-6.039296868
12.55,-74.50933606,0.01613849912,0.3773096146,0.4905970188,0,-0.02369575029,5.194183077,-6.036700818
12.56,-74.5006653,0.01615577033,0.3779390401,0.4900715755,0,-0.02380990629,5.189971519,-6.034099591
12.57,-74.49197731,0.01617309483,0.3785672744,0.4895472091,0,-0.02392462162,5.185758376,-6.031493194
12.58,-74.48327212,0.01619047268,0.3791943186,0.4890239182,0,-0.02403989948,5.181543689,-6.028881637
12.59,-74.47454977,0.01620790395,0.3798201742,0.4885017013,0,-0.0241557431,5.177327502,-6.02626493
12.6,-74.46581027,0.01622538873,0.3804448426,0.4879805571,0,-0.02427215569,5.173109855,-6.023643081
12.61,-74.45705367,0.01624292707,0.3810683249,0.4874604839,0,-0.02438914051,5.168890793,-6.0210161
12.62,-74.44827999,0.01626051905,0.3816906227,0.4869414805,0,-0.02450670083,5.164670356,-6.018383998
12.63,-74.43948927,0.01627816474,0.3823117372,0.4864235453,0,-0.02462483991,5.160448589,-6.015746782
12.64,-74.43068154,0.01629586421,0.3829316697,0.4859066769,0,-0.02474356104,5.156225532,-6.013104463
12.65,-74.42185683,0.01631361752,0.3835504215,0.4853908739,0,-0.02486286754,5.152001229,-6.01045705
12.66,-74.41301518,0.01633142474,0.3841679941,0.4848761348,0,-0.02498276272,5.147775721,-6.007804554
12.67,-74.40415661,0.01634928594,0.3847843887,0.4843624581,0,-0.02510324992,5.143549053,-6.005146984
12.68,-74.39528117,0.01636720119,0.3853996067,0.4838498425,0,-0.02522433248,5.139321266,-6.00248435
12.69,-74.38638888,0.01638517056,0.3860136493,0.4833382864,0,-0.02534601378,5.135092404,-5.999816663
12.7,-74.37747977,0.0164031941,0.3866265179,0.4828277885,0,-0.02546829719,5.130862508,-5.997143932
12.71,-74.36855389,0.0164212719,0.3872382139,0.4823183474,0,-0.0255911861,5.126631621,-5.994466168
12.72,-74.35961127,0.016439404,0.3878487385,0.4818099615,0,-0.02571468393,5.122399787,-5.991783381
12.73,-74.35065194,0.01645759049,0.3884580931,0.4813026295,0,-0.02583879411,5.118167048,-5.989095582
12.74,-74.34167593,0.01647583141,0.3890662791,0.48079635,0,-0.02596352006,5.113933447,-5.98640278
12.75,-74.33268329,0.01649412685,0.3896732976,0.4802911215,0,-0.02608886525,5.109699026,-5.983704988
12.76,-74.32367405,0.01651247685,0.3902791501,0.4797869426,0,-0.02621483315,5.105463829,-5.981002215
12.77,-74.31464824,0.01653088149,0.3908838379,0.4792838119,0,-0.02634142724,5.101227899,-5.978294472
12.78,-74.3056059,0.01654934082,0.3914873623,0.4787817279,0,-0.02646865103,5.096991277,-5.975581771
12.79,-74.29654707,0.01656785492,0.3920897246,0.4782806893,0,-0.02659650802,5.092754008,-5.972864121
12.8,-74.28747178,0.01658642383,0.3926909262,0.4777806947,0,-0.02672500176,5.088516134,-5.970141535
12.81,-74.27838007,0.01660504764,0.3932909683,0.4772817426,0,-0.02685413578,5.084277698,-5.967414022
12.82,-74.26927199,0.01662372638,0.3938898523,0.4767838316,0,-0.02698391366,5.080038744,-5.964681596
12.83,-74.26014755,0.01664246014,0.3944875795,0.4762869604,0,-0.02711433896,5.075799313,-5.961944266
12.84,-74.25100681,0.01666124895,0.3950841512,0.4757911275,0,-0.02724541529,5.071559449,-5.959202044
12.85,-74.2418498,0.0166800929,0.3956795688,0.4752963314,0,-0.02737714625,5.067319195,-5.956454941
12.86,-74.23267657,0.01669899203,0.3962738335,0.474802571,0,-0.02750953546,5.063078594,-5.95370297
12.87,-74.22348714,0.01671794641,0.3968669466,0.4743098446,0,-0.02764258656,5.058837689,-5.950946142
12.88,-74.21428156,0.01673695609,0.3974589096,0.473818151,0,-0.02777630322,5.054596523,-5.948184468
12.89,-74.20505987,0.01675602113,0.3980497236,0.4733274887,0,-0.0279106891,5.050355139,-5.94541796
12.9,-74.1958221,0.01677514159,0.3986393901,0.4728378563,0,-0.02804574788,5.04611358,-5.942646631
12.91,-74.1865683,0.01679431752,0.3992279103,0.4723492525,0,-0.02818148328,5.041871889,-5.939870491
12.92,-74.17729851,0.01681354899,0.3998152855,0.4718616759,0,-0.028317899,5.037630109,-5.937089554
12.93,-74.16801277,0.01683283605,0.4004015171,0.4713751251,0,-0.02845499879,5.033388283,-5.934303831
12.94,-74.15871112,0.01685217876,0.4009866063,0.4708895986,0,-0.02859278639,5.029146454,-5.931513335
12.95,-74.14939359,0.01687157716,0.4015705545,0.4704050952,0,-0.02873126557,5.024904666,-5.928718077
12.96,-74.14006024,0.01689103132,0.402153363,0.4699216134,0,-0.0288704401,5.02066296,-5.925918071
12.97,-74.13071109,0.01691054129,0.4027350331,0.4694391519,0,-0.0290103138,5.01642138,-5.923113328
12.98,-74.12134621,0.01693010712,0.4033155661,0.4689577093,0,-0.02915089046,5.01217997,-5.920303862
12.99,-74.11196561,0.01694972887,0.4038949633,0.4684772842,0,-0.02929217393,5.007938771,-5.917489684
13,-74.10256936,0.01696940659,0.404473226,0.4679978752,0,-0.02943416804,5.003697827,-5.914670807
13.01,-74.09315748,0.01698914033,0.4050503555,0.4675194811,0,-0.02957687665,4.999457182,-5.911847245
13.02,-74.08373003,0.01700893015,0.4056263532,0.4670421003,0,-0.02972030365,4.995216877,-5.90901901
13.03,-74.07428705,0.01702877609,0.4062012204,0.4665657316,0,-0.02986445292,4.990976956,-5.906186115
13.04,-74.06482858,0.01704867821,0.4067749582,0.4660903735,0,-0.03000932839,4.986737463,-5.903348573
13.05,-74.05535466,0.01706863656,0.4073475682,0.4656160248,0,-0.03015493396,4.982498438,-5.900506397
13.06,-74.04586533,0.01708865118,0.4079190515,0.4651426841,0,-0.03030127359,4.978259926,-5.8976596
13.07,-74.03636065,0.01710872212,0.4084894094,0.4646703499,0,-0.03044835123,4.97402197,-5.894808195
13.08,-74.02684066,0.01712884945,0.4090586434,0.464199021,0,-0.03059617085,4.969784612,-5.891952197
13.09,-74.01730539,0.01714903319,0.4096267546,0.463728696,0,-0.03074473645,4.965547895,-5.889091617
13.1,-74.0077549,0.01716927341,0.4101937443,0.4632593735,0,-0.03089405203,4.961311862,-5.886226471
13.11,-73.99818923,0.01718957015,0.410759614,0.4627910523,0,-0.03104412162,4.957076555,-5.88335677
13.12,-73.98860843,0.01720992345,0.4113243648,0.4623237308,0,-0.03119494926,4.952842018,-5.880482529
13.13,-73.97901254,0.01723033337,0.4118879981,0.4618574079,0,-0.03134653899,4.948608294,-5.877603762
13.14,-73.96940161,0.01725079994,0.4124505152,0.4613920821,0,-0.0314988949,4.944375423,-5.874720482
13.15,-73.95977568,0.01727132322,0.4130119174,0.4609277521,0,-0.03165202106,4.940143451,-5.871832703
13.16,-73.9501348,0.01729190324,0.4135722059,0.4604644166,0,-0.03180592159,4.935912418,-5.868940439
13.17,-73.94047901,0.01731254006,0.4141313821,0.4600020742,0,-0.03196060061,4.931682369,-5.866043704
13.18,-73.93080837,0.01733323371,0.4146894473,0.4595407237,0,-0.03211606225,4.927453344,-5.863142512
13.19,-73.92112292,0.01735398425,0.4152464028,0.4590803635,0,-0.03227231067,4.923225387,-5.860236877
13.2,-73.91142271,0.0173747917,0.4158022498,0.4586209925,0,-0.03242935004,4.918998541,-5.857326814
13.21,-73.90170779,0.01739565612,0.4163569897,0.4581626093,0,-0.03258718454,4.914772847,-5.854412336
13.22,-73.89197819,0.01741657754,0.4169106238,0.4577052126,0,-0.03274581838,4.910548349,-5.851493458
13.23,-73.88223398,0.01743755602,0.4174631533,0.4572488009,0,-0.03290525578,4.906325088,-5.848570195
13.24,-73.8724752,0.01745859158,0.4180145796,0.4567933731,0,-0.03306550097,4.902103107,-5.845642561
13.25,-73.8627019,0.01747968426,0.4185649039,0.4563389278,0,-0.03322655821,4.897882449,-5.84271057
13.26,-73.85291413,0.01750083412,0.4191141275,0.4558854636,0,-0.03338843177,4.893663154,-5.839774238
13.27,-73.84311193,0.01752204118,0.4196622518,0.4554329793,0,-0.03355112593,4.889445267,-5.836833578
13.28,-73.83329535,0.01754330548,0.420209278,0.4549814734,0,-0.033714645,4.885228828,-5.833888606
13.29,-73.82346446,0.01756462707,0.4207552075,0.4545309448,0,-0.03387899329,4.88101388,-5.830939337
13.3,-73.81361928,0.01758600598,0.4213000414,0.454081392,0,-0.03404417515,4.876800466,-5.827985785
13.31,-73.80375988,0.01760744224,0.4218437812,0.4536328139,0,-0.03421019493,4.872588626,-5.825027965
13.32,-73.79388631,0.0176289359,0.422386428,0.4531852089,0,-0.03437705699,4.868378404,-5.822065892
13.33,-73.78399861,0.01765048698,0.4229279832,0.4527385759,0,-0.03454476572,4.86416984,-5.819099582
13.34,-73.77409683,0.01767209553,0.4234684481,0.4522929136,0,-0.03471332552,4.859962978,-5.81612905
13.35,-73.76418104,0.01769376157,0.424007824,0.4518482205,0,-0.03488274082,4.855757858,-5.813154311
13.36,-73.75425127,0.01771548515,0.424546112,0.4514044955,0,-0.03505301605,4.851554522,-5.81017538
13.37,-73.74430758,0.01773726629,0.4250833137,0.4509617372,0,-0.03522415566,4.847353013,-5.807192273
13.38,-73.73435002,0.01775910503,0.4256194301,0.4505199443,0,-0.03539616413,4.843153371,-5.804205005
13.39,-73.72437864,0.0177810014,0.4261544627,0.4500791155,0,-0.03556904594,4.838955639,-5.801213591
13.4,-73.71439349,0.01780295543,0.4266884127,0.4496392495,0,-0.03574280559,4.834759857,-5.798218048
13.41,-73.70439464,0.01782496715,0.4272212813,0.449200345,0,-0.03591744761,4.830566068,-5.795218391
13.42,-73.69438212,0.01784703659,0.4277530699,0.4487624007,0,-0.03609297652,4.826374313,-5.792214635
13.43,-73.68435599,0.01786916379,0.4282837798,0.4483254153,0,-0.0362693969,4.822184633,-5.789206796
13.44,-73.6743163,0.01789134877,0.4288134122,0.4478893876,0,-0.0364467133,4.817997069,-5.786194891
13.45,-73.66426311,0.01791359156,0.4293419684,0.4474543162,0,-0.03662493031,4.813811663,-5.783178934
13.46,-73.65419648,0.0179358922,0.4298694498,0.4470201998,0,-0.03680405254,4.809628456,-5.780158943
13.47,-73.64411644,0.01795825069,0.4303958575,0.4465870372,0,-0.03698408461,4.805447489,-5.777134932
13.48,-73.63402306,0.01798066709,0.4309211928,0.446154827,0,-0.03716503116,4.801268803,-5.774106919
13.49,-73.6239164,0.0180031414,0.4314454572,0.4457235681,0,-0.03734689683,4.797092438,-5.771074919
13.5,-73.61379649,0.01802567366,0.4319686517,0.445293259,0,-0.03752968632,4.792918436,-5.768038948
13.51,-73.60366341,0.01804826389,0.4324907778,0.4448638985,0,-0.03771340429,4.788746838,-5.764999023
13.52,-73.5935172,0.01807091211,0.4330118366,0.4444354853,0,-0.03789805546,4.784577684,-5.76195516
13.53,-73.58335792,0.01809361836,0.4335318296,0.4440080182,0,-0.03808364455,4.780411015,-5.758907375
13.54,-73.57318562,0.01811638265,0.4340507578,0.4435814959,0,-0.0382701763,4.776246872,-5.755855686
13.55,-73.56300036,0.01813920501,0.4345686227,0.443155917,0,-0.03845765547,4.772085294,-5.752800107
13.56,-73.55280219,0.01816208545,0.4350854256,0.4427312804,0,-0.03864608682,4.767926323,-5.749740656
13.57,-73.54259117,0.018185024,0.4356011675,0.4423075847,0,-0.03883547515,4.763769999,-5.74667735
13.58,-73.53236735,0.01820802069,0.43611585,0.4418848287,0,-0.03902582526,4.759616362,-5.743610205
13.59,-73.52213079,0.01823107553,0.4366294742,0.4414630111,0,-0.03921714198,4.755465453,-5.740539238
13.6,-73.51188155,0.01825418854,0.4371420413,0.4410421306,0,-0.03940943015,4.75131731,-5.737464465
13.61,-73.50161968,0.01827735974,0.4376535528,0.440622186,0,-0.03960269462,4.747171976,-5.734385904
13.62,-73.49134524,0.01830058915,0.4381640098,0.440203176,0,-0.03979694027,4.743029489,-5.731303571
13.63,-73.48105828,0.01832387678,0.4386734137,0.4397850993,0,-0.03999217199,4.738889889,-5.728217483
13.64,-73.47075886,0.01834722266,0.4391817657,0.4393679547,0,-0.04018839468,4.734753216,-5.725127658
13.65,-73.46044704,0.01837062681,0.439689067,0.4389517408,0,-0.04038561327,4.73061951,-5.722034112
13.66,-73.45012287,0.01839408922,0.440195319,0.4385364566,0,-0.0405838327,4.72648881,-5.718936862
13.67,-73.43978642,0.01841760994,0.440700523,0.4381221006,0,-0.04078305793,4.722361157,-5.715835926
13.68,-73.42943774,0.01844118896,0.4412046801,0.4377086716,0,-0.04098329394,4.718236589,-5.712731321
13.69,-73.41907688,0.0184648263,0.4417077917,0.4372961684,0,-0.04118454571,4.714115145,-5.709623064
13.7,-73.40870391,0.01848852198,0.442209859,0.4368845897,0,-0.04138681825,4.709996866,-5.706511172
13.71,-73.39831888,0.01851227601,0.4427108833,0.4364739343,0,-0.04159011659,4.70588179,-5.703395663
13.72,-73.38792185,0.01853608839,0.4432108659,0.4360642009,0,-0.04179444577,4.701769956,-5.700276554
13.73,-73.37751288,0.01855995916,0.4437098081,0.4356553882,0,-0.04199981084,4.697661403,-5.697153863
13.74,-73.36709202,0.0185838883,0.4442077111,0.4352474951,0,-0.04220621689,4.693556171,-5.694027606
13.75,-73.35665934,0.01860787584,0.4447045761,0.4348405202,0,-0.04241366901,4.689454297,-5.690897802
13.76,-73.3462149,0.01863192178,0.4452004045,0.4344344623,0,-0.04262217229,4.685355821,-5.687764469
13.77,-73.33575874,0.01865602614,0.4456951975,0.4340293202,0,-0.04283173188,4.681260782,-5.684627623
13.78,-73.32529094,0.01868018892,0.4461889564,0.4336250926,0,-0.0430423529,4.677169217,-5.681487283
13.79,-73.31481156,0.01870441013,0.4466816824,0.4332217783,0,-0.04325404052,4.673081165,-5.678343467
13.8,-73.30432064,0.01872868978,0.4471733769,0.432819376,0,-0.04346679992,4.668996665,-5.675196191
13.81,-73.29381825,0.01875302787,0.447664041,0.4324178845,0,-0.04368063628,4.664915755,-5.672045475
13.82,-73.28330445,0.01877742441,0.448153676,0.4320173026,0,-0.04389555481,4.660838472,-5.668891335
13.83,-73.2727793,0.0188018794,0.4486422833,0.431617629,0,-0.04411156074,4.656764856,-5.66573379
13.84,-73.26224286,0.01882639286,0.449129864,0.4312188624,0,-0.04432865931,4.652694943,-5.662572858
13.85,-73.25169519,0.01885096478,0.4496164195,0.4308210017,0,-0.04454685577,4.648628771,-5.659408557
13.86,-73.24113635,0.01887559516,0.4501019509,0.4304240456,0,-0.04476615541,4.644566379,-5.656240904
13.87,-73.2305664,0.01890028402,0.4505864596,0.4300279929,0,-0.0449865635,4.640507804,-5.653069919
13.88,-73.21998539,0.01892503135,0.4510699468,0.4296328424,0,-0.04520808537,4.636453083,-5.649895618
13.89,-73.2093934,0.01894983715,0.4515524138,0.4292385928,0,-0.04543072633,4.632402254,-5.646718021
13.9,-73.19879048,0.01897470143,0.4520338618,0.4288452428,0,-0.04565449171,4.628355354,-5.643537145
13.91,-73.1881767,0.01899962418,0.4525142921,0.4284527913,0,-0.04587938689,4.62431242,-5.64035301
13.92,-73.17755211,0.01902460541,0.4529937059,0.428061237,0,-0.04610541723,4.620273489,-5.637165632
13.93,-73.16691677,0.01904964511,0.4534721046,0.4276705788,0,-0.04633258811,4.616238599,-5.63397503
13.94,-73.15627075,0.01907474328,0.4539494893,0.4272808153,0,-0.04656090495,4.612207785,-5.630781224
13.95,-73.1456141,0.01909989992,0.4544258613,0.4268919454,0,-0.04679037317,4.608181086,-5.62758423
13.96,-73.1349469,0.01912511503,0.4549012219,0.4265039678,0,-0.0470209982,4.604158536,-5.624384069
13.97,-73.12426919,0.01915038859,0.4553755723,0.4261168814,0,-0.04725278549,4.600140174,-5.621180757
13.98,-73.11358105,0.01917572062,0.4558489139,0.4257306848,0,-0.04748574053,4.596126035,-5.617974315
13.99,-73.10288253,0.01920111109,0.4563212477,0.4253453769,0,-0.04771986878,4.592116155,-5.61476476
14,-73.0921737,0.01922656002,0.4567925752,0.4249609565,0,-0.04795517576,4.588110572,-5.61155211
14.01,-73.08145462,0.01925206738,0.4572628975,0.4245774224,0,-0.04819166698,4.58410932,-5.608336385
14.02,-73.07072535,0.01927763317,0.4577322159,0.4241947732,0,-0.04842934798,4.580112435,-5.605117604
14.03,-73.05998595,0.01930325739,0.4582005317,0.4238130079,0,-0.0486682243,4.576119955,-5.601895785
14.04,-73.04923649,0.01932894003,0.4586678461,0.4234321252,0,-0.04890830152,4.572131913,-5.598670946
14.05,-73.03847702,0.01935468107,0.4591341604,0.4230521239,0,-0.04914958521,4.568148346,-5.595443107
14.06,-73.02770762,0.01938048051,0.4595994757,0.4226730027,0,-0.04939208097,4.56416929,-5.592212286
14.07,-73.01692834,0.01940633834,0.4600637934,0.4222947606,0,-0.04963579442,4.560194779,-5.588978503
14.08,-73.00613925,0.01943225454,0.4605271147,0.4219173962,0,-0.04988073117,4.556224849,-5.585741775
14.09,-72.99534041,0.01945822911,0.4609894409,0.4215409083,0,-0.05012689689,4.552259535,-5.582502123
14.1,-72.98453188,0.01948426202,0.4614507732,0.4211652959,0,-0.05037429723,4.548298872,-5.579259565
14.11,-72.97371373,0.01951035328,0.4619111129,0.4207905575,0,-0.05062293786,4.544342895,-5.576014119
14.12,-72.96288602,0.01953650286,0.4623704611,0.4204166922,0,-0.05087282447,4.540391639,-5.572765806
14.13,-72.95204881,0.01956271074,0.4628288192,0.4200436985,0,-0.05112396278,4.536445137,-5.569514644
14.14,-72.94120217,0.01958897693,0.4632861884,0.4196715754,0,-0.0513763585,4.532503425,-5.566260652
14.15,-72.93034616,0.01961530139,0.46374257,0.4193003217,0,-0.05163001738,4.528566537,-5.563003849
14.16,-72.91948085,0.01964168411,0.4641979651,0.4189299361,0,-0.05188494516,4.524634508,-5.559744254
14.17,-72.90860629,0.01966812507,0.4646523751,0.4185604174,0,-0.05214114762,4.520707371,-5.556481887
14.18,-72.89772255,0.01969462427,0.4651058011,0.4181917645,0,-0.05239863054,4.51678516,-5.553216766
14.19,-72.88682971,0.01972118167,0.4655582445,0.4178239762,0,-0.05265739971,4.512867909,-5.549948912
14.2,-72.87592781,0.01974779725,0.4660097064,0.4174570512,0,-0.05291746096,4.508955653,-5.546678342
14.21,-72.86501692,0.01977447101,0.4664601881,0.4170909884,0,-0.0531788201,4.505048424,-5.543405077
14.22,-72.85409712,0.01980120291,0.4669096909,0.4167257865,0,-0.05344148299,4.501146256,-5.540129136
14.23,-72.84316846,0.01982799294,0.4673582159,0.4163614444,0,-0.05370545549,4.497249182,-5.536850538
14.24,-72.83223101,0.01985484107,0.4678057645,0.4159979609,0,-0.05397074346,4.493357236,-5.533569302
14.25,-72.82128482,0.01988174729,0.4682523379,0.4156353349,0,-0.0542373528,4.489470451,-5.530285447
14.26,-72.81032998,0.01990871156,0.4686979373,0.415273565,0,-0.05450528941,4.48558886,-5.526998994
14.27,-72.79936654,0.01993573386,0.4691425639,0.4149126501,0,-0.05477455921,4.481712495,-5.523709961
14.28,-72.78839456,0.01996281417,0.469586219,0.4145525891,0,-0.05504516813,4.477841389,-5.520418368
14.29,-72.77741412,0.01998995247,0.4700289039,0.4141933808,0,-0.05531712212,4.473975576,-5.517124235
14.3,-72.76642527,0.02001714872,0.4704706197,0.4138350239,0,-0.05559042714,4.470115086,-5.51382758
14.31,-72.75542808,0.0200444029,0.4709113676,0.4134775173,0,-0.05586508917,4.466259953,-5.510528424
14.32,-72.74442262,0.02007171498,0.4713511491,0.4131208598,0,-0.0561411142,4.462410209,-5.507226785
14.33,-72.73340895,0.02009908494,0.4717899652,0.4127650502,0,-0.05641850823,4.458565886,-5.503922684
14.34,-72.72238713,0.02012651273,0.4722278172,0.4124100873,0,-0.05669727729,4.454727015,-5.50061614
14.35,-72.71135724,0.02015399835,0.4726647063,0.4120559701,0,-0.05697742741,4.450893628,-5.497307172
14.36,-72.70031934,0.02018154175,0.4731006339,0.4117026972,0,-0.05725896463,4.447065758,-5.493995801
14.37,-72.68927348,0.0202091429,0.473535601,0.4113502675,0,-0.05754189503,4.443243436,-5.490682045
14.38,-72.67821975,0.02023680177,0.473969609,0.4109986798,0,-0.05782622466,4.439426692,-5.487365924
14.39,-72.6671582,0.02026451833,0.474402659,0.410647933,0,-0.05811195963,4.435615559,-5.484047459
14.4,-72.65608889,0.02029229254,0.4748347523,0.4102980258,0,-0.05839910604,4.431810067,-5.480726668
14.41,-72.6450119,0.02032012438,0.4752658902,0.4099489572,0,-0.05868767,4.428010247,-5.477403571
14.42,-72.63392729,0.0203480138,0.4756960739,0.4096007259,0,-0.05897765765,4.42421613,-5.474078188
14.43,-72.62283513,0.02037596077,0.4761253045,0.4092533307,0,-0.05926907513,4.420427747,-5.470750539
14.44,-72.61173548,0.02040396526,0.4765535834,0.4089067706,0,-0.05956192859,4.416645128,-5.467420644
14.45,-72.6006284,0.02043202723,0.4769809117,0.4085610442,0,-0.05985622422,4.412868304,-5.464088521
14.46,-72.58951397,0.02046014664,0.4774072907,0.4082161505,0,-0.06015196819,4.409097305,-5.460754192
14.47,-72.57839225,0.02048832345,0.4778327216,0.4078720883,0,-0.06044916671,4.405332161,-5.457417675
14.48,-72.5672633,0.02051655762,0.4782572056,0.4075288564,0,-0.06074782598,4.401572902,-5.45407899
14.49,-72.55612719,0.02054484912,0.478680744,0.4071864536,0,-0.06104795223,4.397819558,-5.450738158
14.5,-72.54498399,0.0205731979,0.479103338,0.4068448789,0,-0.06134955169,4.394072159,-5.447395197
14.51,-72.53383376,0.02060160393,0.4795249887,0.4065041309,0,-0.06165263063,4.390330734,-5.444050129
14.52,-72.52267657,0.02063006716,0.4799456976,0.4061642086,0,-0.06195719529,4.386595312,-5.440702972
14.53,-72.51151249,0.02065858754,0.4803654656,0.4058251107,0,-0.06226325196,4.382865924,-5.437353746
14.54,-72.50034157,0.02068716504,0.4807842942,0.4054868362,0,-0.06257080692,4.379142597,-5.434002472
14.55,-72.4891639,0.02071579962,0.4812021845,0.4051493839,0,-0.06287986648,4.375425362,-5.430649169
14.56,-72.47797952,0.02074449122,0.4816191377,0.4048127526,0,-0.06319043695,4.371714247,-5.427293857
14.57,-72.46678852,0.0207732398,0.482035155,0.4044769411,0,-0.06350252465,4.36800928,-5.423936555
14.58,-72.45559095,0.02080204532,0.4824502377,0.4041419483,0,-0.06381613592,4.364310491,-5.420577284
14.59,-72.44438688,0.02083090773,0.482864387,0.403807773,0,-0.06413127712,4.360617907,-5.417216064
14.6,-72.43317638,0.02085982699,0.4832776041,0.4034744141,0,-0.06444795461,4.356931557,-5.413852914
14.61,-72.42195952,0.02088880303,0.4836898902,0.4031418704,0,-0.06476617475,4.35325147,-5.410487855
14.62,-72.41073635,0.02091783583,0.4841012466,0.4028101408,0,-0.06508594394,4.349577672,-5.407120906
14.63,-72.39950695,0.02094692532,0.4845116744,0.4024792241,0,-0.06540726857,4.345910193,-5.403752086
14.64,-72.38827139,0.02097607145,0.4849211749,0.4021491191,0,-0.06573015506,4.342249059,-5.400381417
14.65,-72.37702973,0.02100527418,0.4853297493,0.4018198247,0,-0.06605460983,4.338594299,-5.397008918
14.66,-72.36578203,0.02103453346,0.4857373988,0.4014913398,0,-0.0663806393,4.334945939,-5.393634609
14.67,-72.35452836,0.02106384923,0.4861441247,0.4011636632,0,-0.06670824992,4.331304008,-5.390258509
14.68,-72.3432688,0.02109322143,0.4865499281,0.4008367937,0,-0.06703744816,4.327668531,-5.386880639
14.69,-72.33200339,0.02112265002,0.4869548102,0.4005107303,0,-0.06736824046,4.324039537,-5.383501018
14.7,-72.32073222,0.02115213495,0.4873587723,0.4001854717,0,-0.06770063332,4.320417052,-5.380119667
14.71,-72.30945535,0.02118167614,0.4877618156,0.3998610167,0,-0.06803463322,4.316801102,-5.376736605
14.72,-72.29817284,0.02121127356,0.4881639413,0.3995373644,0,-0.06837024666,4.313191715,-5.373351853
14.73,-72.28688477,0.02124092714,0.4885651506,0.3992145134,0,-0.06870748014,4.309588917,-5.36996543
14.74,-72.27559118,0.02127063683,0.4889654447,0.3988924627,0,-0.0690463402,4.305992733,-5.366577355
14.75,-72.26429217,0.02130040257,0.4893648248,0.3985712111,0,-0.06938683335,4.302403191,-5.36318765
14.76,-72.25298778,0.0213302243,0.4897632921,0.3982507575,0,-0.06972896615,4.298820316,-5.359796334
14.77,-72.24167809,0.02136010195,0.4901608479,0.3979311008,0,-0.07007274515,4.295244133,-5.356403427
14.78,-72.23036316,0.02139003548,0.4905574934,0.3976122397,0,-0.0704181769,4.29167467,-5.353008949
14.79,-72.21904306,0.02142002482,0.4909532297,0.3972941732,0,-0.07076526797,4.28811195,-5.349612919
14.8,-72.20771786,0.02145006991,0.4913480581,0.3969769,0,-0.07111402496,4.284556001,-5.346215358
14.81,-72.19638762,0.02148017068,0.4917419797,0.3966604192,0,-0.07146445444,4.281006846,-5.342816285
14.82,-72.1850524,0.02151032708,0.4921349958,0.3963447294,0,-0.07181656303,4.27746451,-5.339415721
14.83,-72.17371228,0.02154053904,0.4925271076,0.3960298297,0,-0.07217035733,4.27392902,-5.336013685
14.84,-72.16236733,0.02157080649,0.4929183163,0.3957157188,0,-0.07252584396,4.2704004,-5.332610198
14.85,-72.15101759,0.02160112938,0.4933086231,0.3954023956,0,-0.07288302956,4.266878674,-5.329205278
14.86,-72.13966316,0.02163150763,0.4936980292,0.395089859,0,-0.07324192075,4.263363866,-5.325798947
14.87,-72.12830408,0.02166194119,0.4940865358,0.3947781079,0,-0.07360252419,4.259856002,-5.322391223
14.88,-72.11694042,0.02169242997,0.494474144,0.394467141,0,-0.07396484654,4.256355106,-5.318982127
14.89,-72.10557226,0.02172297392,0.4948608552,0.3941569574,0,-0.07432889445,4.252861201,-5.315571678
14.9,-72.09419966,0.02175357297,0.4952466705,0.3938475557,0,-0.07469467461,4.249374311,-5.312159897
14.91,-72.08282268,0.02178422705,0.495631591,0.393538935,0,-0.07506219369,4.245894461,-5.308746803
14.92,-72.07144139,0.02181493608,0.4960156181,0.3932310941,0,-0.07543145839,4.242421674,-5.305332417
14.93,-72.06005586,0.0218457,0.4963987529,0.3929240318,0,-0.0758024754,4.238955973,-5.301916757
14.94,-72.04866615,0.02187651874,0.4967809965,0.392617747,0,-0.07617525143,4.235497382,-5.298499844
14.95,-72.03727232,0.02190739222,0.4971623503,0.3923122386,0,-0.0765497932,4.232045924,-5.295081697
14.96,-72.02587446,0.02193832037,0.4975428153,0.3920075055,0,-0.07692610742,4.228601621,-5.291662337
14.97,-72.01447261,0.02196930313,0.4979223929,0.3917035464,0,-0.07730420084,4.225164498,-5.288241783
14.98,-72.00306685,0.02200034041,0.4983010841,0.3914003604,0,-0.07768408018,4.221734576,-5.284820054
14.99,-71.99165724,0.02203143214,0.4986788902,0.3910979463,0,-0.07806575219,4.218311879,-5.281397172
15,-71.98024385,0.02206257824,0.4990558123,0.3907963029,0,-0.07844922363,4.214896428,-5.277973155
15.01,-71.96882674,0.02209377865,0.4994318517,0.3904954292,0,-0.07883450126,4.211488246,-5.274548023
15.02,-71.95740599,0.02212503327,0.4998070096,0.3901953239,0,-0.07922159183,4.208087355,-5.271121796
15.03,-71.94598164,0.02215634205,0.5001812871,0.389895986,0,-0.07961050213,4.204693778,-5.267694493
15.04,-71.93455378,0.02218770489,0.5005546855,0.3895974144,0,-0.08000123893,4.201307536,-5.264266135
15.05,-71.92312247,0.02221912172,0.5009272059,0.3892996078,0,-0.08039380903,4.19792865,-5.260836741
15.06,-71.91168777,0.02225059245,0.5012988495,0.3890025653,0,-0.08078821921,4.194557143,-5.25740633
15.07,-71.90024974,0.02228211702,0.5016696175,0.3887062857,0,-0.08118447627,4.191193035,-5.253974923
15.08,-71.88880846,0.02231369534,0.5020395111,0.3884107679,0,-0.08158258702,4.187836349,-5.250542538
15.09,-71.87736399,0.02234532732,0.5024085315,0.3881160106,0,-0.08198255827,4.184487105,-5.247109197
15.1,-71.86591639,0.02237701289,0.5027766799,0.387822013,0,-0.08238439685,4.181145324,-5.243674917
15.11,-71.85446573,0.02240875196,0.5031439574,0.3875287737,0,-0.08278810956,4.177811027,-5.240239719
15.12,-71.84301208,0.02244054445,0.5035103652,0.3872362917,0,-0.08319370323,4.174484234,-5.236803623
15.13,-71.83155549,0.02247239028,0.5038759046,0.3869445659,0,-0.08360118472,4.171164967,-5.233366647
15.14,-71.82009604,0.02250428935,0.5042405768,0.3866535951,0,-0.08401056084,4.167853246,-5.229928812
15.15,-71.80863379,0.02253624159,0.5046043828,0.3863633782,0,-0.08442183844,4.164549091,-5.226490137
15.16,-71.7971688,0.02256824691,0.5049673239,0.3860739142,0,-0.08483502438,4.161252522,-5.223050641
15.17,-71.78570115,0.02260030522,0.5053294012,0.3857852019,0,-0.08525012551,4.157963558,-5.219610345
15.18,-71.77423089,0.02263241643,0.505690616,0.3854972402,0,-0.08566714868,4.154682221,-5.216169266
15.19,-71.76275809,0.02266458046,0.5060509694,0.385210028,0,-0.08608610075,4.151408529,-5.212727426
15.2,-71.75128281,0.02269679721,0.5064104627,0.3849235641,0,-0.0865069886,4.148142502,-5.209284843
15.21,-71.73980512,0.02272906661,0.5067690969,0.3846378475,0,-0.08692981909,4.144884159,-5.205841536
15.22,-71.72832509,0.02276138855,0.5071268733,0.3843528771,0,-0.08735459909,4.141633521,-5.202397526
15.23,-71.71684277,0.02279376295,0.507483793,0.3840686516,0,-0.08778133549,4.138390605,-5.198952831
15.24,-71.70535824,0.02282618971,0.5078398573,0.3837851701,0,-0.08821003517,4.13515543,-5.195507471
15.25,-71.69387155,0.02285866874,0.5081950672,0.3835024314,0,-0.088640705,4.131928016,-5.192061465
15.26,-71.68238278,0.02289119996,0.5085494241,0.3832204345,0,-0.08907335189,4.128708381,-5.188614833
15.27,-71.67089198,0.02292378326,0.5089029289,0.3829391781,0,-0.08950798271,4.125496544,-5.185167593
15.28,-71.65939922,0.02295641855,0.5092555831,0.3826586612,0,-0.08994460437,4.122292523,-5.181719765
15.29,-71.64790456,0.02298910575,0.5096073876,0.3823788826,0,-0.09038322375,4.119096336,-5.178271368
15.3,-71.63640807,0.02302184474,0.5099583437,0.3820998414,0,-0.09082384777,4.115908001,-5.174822422
15.31,-71.62490982,0.02305463544,0.5103084525,0.3818215363,0,-0.09126648331,4.112727537,-5.171372945
15.32,-71.61340986,0.02308747775,0.5106577152,0.3815439663,0,-0.09171113729,4.109554961,-5.167922957
15.33,-71.60190825,0.02312037157,0.5110061331,0.3812671302,0,-0.09215781661,4.10639029,-5.164472476
15.34,-71.59040508,0.0231533168,0.5113537072,0.380991027,0,-0.09260652817,4.103233543,-5.161021523
15.35,-71.57890039,0.02318631335,0.5117004387,0.3807156556,0,-0.09305727889,4.100084736,-5.157570116
15.36,-71.56739424,0.02321936112,0.5120463289,0.3804410147,0,-0.09351007568,4.096943887,-5.154118273
15.37,-71.55588672,0.02325246,0.5123913788,0.3801671035,0,-0.09396492544,4.093811012,-5.150666015
15.38,-71.54437787,0.02328560989,0.5127355896,0.3798939207,0,-0.09442183509,4.09068613,-5.14721336
15.39,-71.53286776,0.0233188107,0.5130789626,0.3796214652,0,-0.09488081154,4.087569256,-5.143760327
15.4,-71.52135645,0.02335206232,0.5134214988,0.3793497359,0,-0.09534186171,4.084460407,-5.140306935
15.41,-71.50984401,0.02338536465,0.5137631995,0.3790787319,0,-0.09580499252,4.0813596,-5.136853203
15.42,-71.4983305,0.02341871759,0.5141040658,0.3788084518,0,-0.09627021087,4.07826685,-5.13339915
15.43,-71.48681598,0.02345212103,0.5144440988,0.3785388947,0,-0.09673752368,4.075182176,-5.129944794
15.44,-71.47530052,0.02348557486,0.5147832998,0.3782700594,0,-0.09720693787,4.072105591,-5.126490155
15.45,-71.46378417,0.02351907899,0.5151216698,0.3780019449,0,-0.09767846036,4.069037113,-5.123035252
15.46,-71.45226701,0.02355263331,0.5154592101,0.3777345501,0,-0.09815209805,4.065976757,-5.119580102
15.47,-71.44074908,0.0235862377,0.5157959219,0.3774678737,0,-0.09862785787,4.062924538,-5.116124725
15.48,-71.42923047,0.02361989207,0.5161318062,0.3772019149,0,-0.09910574672,4.059880473,-5.11266914
15.49,-71.41771122,0.0236535963,0.5164668643,0.3769366724,0,-0.09958577152,4.056844577,-5.109213365
15.5,-71.4061914,0.02368735029,0.5168010972,0.3766721452,0,-0.1000679392,4.053816864,-5.105757419
15.51,-71.39467107,0.02372115393,0.5171345062,0.3764083321,0,-0.1005522566,4.050797351,-5.10230132
15.52,-71.38315029,0.02375500711,0.5174670925,0.3761452322,0,-0.1010387307,4.047786051,-5.098845088
15.53,-71.37162913,0.02378890972,0.5177988571,0.3758828442,0,-0.1015273684,4.04478298,-5.09538874
15.54,-71.36010765,0.02382286164,0.5181298012,0.3756211671,0,-0.1020181766,4.041788152,-5.091932295
15.55,-71.34858591,0.02385686278,0.5184599261,0.3753601999,0,-0.1025111621,4.038801583,-5.088475772
15.56,-71.33706396,0.023890913,0.5187892327,0.3750999413,0,-0.103006332,4.035823285,-5.085019189
15.57,-71.32554188,0.02392501221,0.5191177224,0.3748403904,0,-0.103503693,4.032853275,-5.081562565
15.58,-71.31401972,0.02395916029,0.5194453962,0.374581546,0,-0.1040032522,4.029891565,-5.078105917
15.59,-71.30249755,0.02399335712,0.5197722553,0.374323407,0,-0.1045050163,4.02693817,-5.074649265
15.6,-71.29097542,0.02402760259,0.5200983009,0.3740659724,0,-0.1050089922,4.023993103,-5.071192627
15.61,-71.2794534,0.02406189659,0.5204235341,0.373809241,0,-0.1055151869,4.021056379,-5.06773602
15.62,-71.26793155,0.024096239,0.520747956,0.3735532119,0,-0.1060236073,4.01812801,-5.064279464
15.63,-71.25640992,0.0241306297,0.5210715679,0.3732978838,0,-0.1065342601,4.015208011,-5.060822976
15.64,-71.24488858,0.02416506858,0.5213943708,0.3730432557,0,-0.1070471524,4.012296394,-5.057366575
15.65,-71.23336759,0.02419955552,0.5217163659,0.3727893265,0,-0.1075622909,4.009393174,-5.053910278
15.66,-71.22184701,0.0242340904,0.5220375544,0.3725360952,0,-0.1080796825,4.006498362,-5.050454104
15.67,-71.2103269,0.0242686731,0.5223579373,0.3722835606,0,-0.1085993341,4.003611972,-5.046998071
15.68,-71.19880733,0.02430330351,0.5226775159,0.3720317217,0,-0.1091212525,4.000734016,-5.043542198
15.69,-71.18728834,0.0243379815,0.5229962914,0.3717805773,0,-0.1096454446,3.997864507,-5.040086501
15.7,-71.17577,0.02437270695,0.5233142647,0.3715301265,0,-0.1101719173,3.995003458,-5.036630999
15.71,-71.16425237,0.02440747975,0.5236314371,0.371280368,0,-0.1107006773,3.992150881,-5.03317571
15.72,-71.15273551,0.02444229976,0.5239478098,0.3710313009,0,-0.1112317315,3.989306788,-5.029720652
15.73,-71.14121947,0.02447716688,0.5242633838,0.370782924,0,-0.1117650868,3.986471192,-5.026265842
15.74,-71.12970433,0.02451208097,0.5245781604,0.3705352363,0,-0.1123007499,3.983644104,-5.022811299
15.75,-71.11819014,0.02454704191,0.5248921406,0.3702882367,0,-0.1128387278,3.980825535,-5.019357041
15.76,-71.10667695,0.02458204958,0.5252053256,0.3700419241,0,-0.1133790271,3.978015499,-5.015903084
15.77,-71.09516482,0.02461710386,0.5255177165,0.3697962974,0,-0.1139216547,3.975214006,-5.012449447
15.78,-71.08365382,0.02465220462,0.5258293145,0.3695513555,0,-0.1144666174,3.972421068,-5.008996147
15.79,-71.07214401,0.02468735172,0.5261401208,0.3693070974,0,-0.1150139219,3.969636696,-5.005543203
15.8,-71.06063544,0.02472254506,0.5264501363,0.369063522,0,-0.1155635752,3.966860901,-5.002090631
15.81,-71.04912816,0.0247577845,0.5267593624,0.3688206282,0,-0.1161155839,3.964093694,-4.998638449
15.82,-71.03762225,0.02479306991,0.5270678001,0.3685784149,0,-0.1166699548,3.961335087,-4.995186674
15.83,-71.02611775,0.02482840117,0.5273754505,0.3683368811,0,-0.1172266946,3.958585089,-4.991735325
15.84,-71.01461473,0.02486377814,0.5276823148,0.3680960257,0,-0.1177858102,3.955843713,-4.988284419
15.85,-71.00311324,0.02489920071,0.5279883942,0.3678558476,0,-0.1183473083,3.953110967,-4.984833972
15.86,-70.99161334,0.02493466873,0.5282936897,0.3676163457,0,-0.1189111955,3.950386863,-4.981384002
15.87,-70.98011509,0.02497018208,0.5285982026,0.367377519,0,-0.1194774786,3.947671411,-4.977934528
15.88,-70.96861855,0.02500574063,0.5289019338,0.3671393663,0,-0.1200461644,3.944964621,-4.974485565
15.89,-70.95712377,0.02504134425,0.5292048846,0.3669018867,0,-0.1206172596,3.942266503,-4.971037131
15.9,-70.94563081,0.0250769928,0.5295070561,0.366665079,0,-0.1211907708,3.939577067,-4.967589243
15.91,-70.93413973,0.02511268615,0.5298084494,0.3664289421,0,-0.1217667047,3.936896322,-4.964141919
15.92,-70.92265058,0.02514842418,0.5301090657,0.3661934751,0,-0.122345068,3.934224279,-4.960695175
15.93,-70.91116343,0.02518420674,0.530408906,0.3659586767,0,-0.1229258674,3.931560947,-4.957249029
15.94,-70.89967832,0.02522003371,0.5307079716,0.365724546,0,-0.1235091095,3.928906334,-4.953803497
15.95,-70.88819532,0.02525590495,0.5310062634,0.3654910819,0,-0.1240948011,3.926260451,-4.950358597
15.96,-70.87671448,0.02529182031,0.5313037828,0.3652582833,0,-0.1246829486,3.923623307,-4.946914345
15.97,-70.86523586,0.02532777968,0.5316005307,0.3650261492,0,-0.1252735588,3.92099491,-4.943470758
15.98,-70.85375951,0.02536378291,0.5318965083,0.3647946784,0,-0.1258666382,3.91837527,-4.940027854
15.99,-70.8422855,0.02539982987,0.5321917167,0.3645638699,0,-0.1264621935,3.915764395,-4.936585649
16,-70.83081386,0.02543592042,0.5324861571,0.3643337227,0,-0.1270602312,3.913162294,-4.933144159
16.01,-70.81934467,0.02547205442,0.5327798306,0.3641042356,0,-0.127660758,3.910568975,-4.929703402
16.02,-70.80787798,0.02550823173,0.5330727382,0.3638754076,0,-0.1282637803,3.907984447,-4.926263393
16.03,-70.79641384,0.02554445221,0.5333648812,0.3636472377,0,-0.1288693048,3.905408717,-4.922824151
16.04,-70.7849523,0.02558071574,0.5336562606,0.3634197247,0,-0.129477338,3.902841795,-4.91938569
16.05,-70.77349343,0.02561702216,0.5339468776,0.3631928677,0,-0.1300878864,3.900283689,-4.915948029
16.06,-70.76203728,0.02565337133,0.5342367332,0.3629666655,0,-0.1307009566,3.897734405,-4.912511183
16.07,-70.75058389,0.02568976313,0.5345258287,0.362741117,0,-0.131316555,3.895193952,-4.909075168
16.08,-70.73913334,0.0257261974,0.534814165,0.3625162213,0,-0.131934688,3.892662338,-4.905640001
16.09,-70.72768566,0.025762674,0.5351017434,0.3622919772,0,-0.1325553623,3.89013957,-4.902205699
16.1,-70.71624093,0.02579919279,0.5353885649,0.3620683837,0,-0.1331785843,3.887625655,-4.898772278
16.11,-70.70479918,0.02583575363,0.5356746307,0.3618454398,0,-0.1338043603,3.885120601,-4.895339753
16.12,-70.69336047,0.02587235638,0.5359599418,0.3616231443,0,-0.1344326969,3.882624415,-4.891908142
16.13,-70.68192487,0.02590900089,0.5362444994,0.3614014962,0,-0.1350636004,3.880137104,-4.88847746
16.14,-70.67049241,0.02594568702,0.5365283047,0.3611804944,0,-0.1356970773,3.877658676,-4.885047724
16.15,-70.65906316,0.02598241462,0.5368113586,0.360960138,0,-0.1363331339,3.875189136,-4.881618949
16.16,-70.64763717,0.02601918355,0.5370936623,0.3607404258,0,-0.1369717767,3.872728491,-4.878191151
16.17,-70.63621449,0.02605599366,0.537375217,0.3605213567,0,-0.1376130119,3.870276749,-4.874764348
16.18,-70.62479518,0.02609284482,0.5376560237,0.3603029297,0,-0.1382568459,3.867833916,-4.871338553
16.19,-70.61337928,0.02612973686,0.5379360836,0.3600851438,0,-0.138903285,3.865399997,-4.867913784
16.2,-70.60196685,0.02616666965,0.5382153977,0.3598679979,0,-0.1395523356,3.862975,-4.864490056
16.21,-70.59055795,0.02620364303,0.5384939672,0.359651491,0,-0.1402040039,3.86055893,-4.861067385
16.22,-70.57915262,0.02624065687,0.5387717931,0.3594356219,0,-0.1408582962,3.858151794,-4.857645786
16.23,-70.56775092,0.026277711,0.5390488766,0.3592203896,0,-0.1415152188,3.855753597,-4.854225276
16.24,-70.5563529,0.02631480529,0.5393252188,0.3590057931,0,-0.1421747779,3.853364345,-4.85080587
16.25,-70.54495861,0.02635193958,0.5396008208,0.3587918313,0,-0.1428369796,3.850984044,-4.847387584
16.26,-70.53356811,0.02638911373,0.5398756837,0.3585785032,0,-0.1435018304,3.8486127,-4.843970432
16.27,-70.52218144,0.02642632758,0.5401498086,0.3583658077,0,-0.1441693362,3.846250317,-4.840554432
16.28,-70.51079866,0.02646358098,0.5404231965,0.3581537437,0,-0.1448395033,3.843896902,-4.837139597
16.29,-70.49941981,0.02650087378,0.5406958487,0.3579423103,0,-0.1455123378,3.841552459,-4.833725943
16.3,-70.48804496,0.02653820584,0.5409677661,0.3577315063,0,-0.1461878459,3.839216994,-4.830313487
16.31,-70.47667414,0.02657557699,0.5412389499,0.3575213307,0,-0.1468660336,3.836890511,-4.826902242
16.32,-70.46530742,0.0266129871,0.5415094013,0.3573117824,0,-0.1475469072,3.834573016,-4.823492225
16.33,-70.45394484,0.02665043599,0.5417791212,0.3571028605,0,-0.1482304725,3.832264514,-4.820083451
16.34,-70.44258645,0.02668792353,0.5420481108,0.3568945638,0,-0.1489167358,3.829965008,-4.816675934
16.35,-70.4312323,0.02672544955,0.5423163712,0.3566868913,0,-0.1496057029,3.827674504,-4.81326969
16.36,-70.41988245,0.02676301391,0.5425839035,0.3564798419,0,-0.1502973801,3.825393005,-4.809864734
16.37,-70.40853693,0.02680061645,0.5428507087,0.3562734147,0,-0.1509917731,3.823120518,-4.80646108
16.38,-70.39719582,0.02683825701,0.543116788,0.3560676085,0,-0.151688888,3.820857045,-4.803058745
16.39,-70.38585914,0.02687593544,0.5433821425,0.3558624223,0,-0.1523887308,3.818602591,-4.799657742
16.4,-70.37452695,0.02691365159,0.5436467733,0.355657855,0,-0.1530913074,3.816357159,-4.796258086
16.41,-70.36319931,0.02695140529,0.5439106814,0.3554539057,0,-0.1537966237,3.814120755,-4.792859793
16.42,-70.35187626,0.02698919639,0.5441738679,0.3552505733,0,-0.1545046855,3.811893381,-4.789462877
16.43,-70.34055784,0.02702702474,0.5444363339,0.3550478566,0,-0.1552154988,3.809675041,-4.786067353
16.44,-70.32924412,0.02706489018,0.5446980806,0.3548457548,0,-0.1559290694,3.80746574,-4.782673235
16.45,-70.31793513,0.02710279254,0.544959109,0.3546442667,0,-0.1566454031,3.80526548,-4.779280538
16.46,-70.30663092,0.02714073168,0.5452194202,0.3544433912,0,-0.1573645058,3.803074264,-4.775889277
16.47,-70.29533155,0.02717870743,0.5454790153,0.3542431274,0,-0.1580863831,3.800892097,-4.772499466
16.48,-70.28403707,0.02721671963,0.5457378954,0.3540434743,0,-0.1588110408,3.798718982,-4.76911112
16.49,-70.27274751,0.02725476813,0.5459960615,0.3538444307,0,-0.1595384847,3.796554921,-4.765724252
16.5,-70.26146292,0.02729285276,0.5462535147,0.3536459956,0,-0.1602687205,3.794399917,-4.762338877
16.51,-70.25018337,0.02733097337,0.5465102562,0.353448168,0,-0.1610017539,3.792253974,-4.758955011
16.52,-70.23890888,0.0273691298,0.546766287,0.3532509468,0,-0.1617375905,3.790117094,-4.755572665
16.53,-70.22763952,0.02740732187,0.5470216082,0.353054331,0,-0.1624762359,3.78798928,-4.752191856
16.54,-70.21637532,0.02744554945,0.5472762209,0.3528583196,0,-0.1632176958,3.785870535,-4.748812597
16.55,-70.20511634,0.02748381235,0.5475301261,0.3526629115,0,-0.1639619758,3.78376086,-4.745434902
16.56,-70.19386262,0.02752211042,0.547783325,0.3524681057,0,-0.1647090813,3.781660259,-4.742058786
16.57,-70.1826142,0.0275604435,0.5480358186,0.3522739012,0,-0.165459018,3.779568734,-4.738684261
16.58,-70.17137114,0.02759881143,0.548287608,0.3520802968,0,-0.1662117914,3.777486286,-4.735311343
16.59,-70.16013348,0.02763721404,0.5485386943,0.3518872916,0,-0.1669674069,3.775412919,-4.731940045
16.6,-70.14890127,0.02767565116,0.5487890785,0.3516948846,0,-0.16772587,3.773348633,-4.728570381
16.61,-70.13767455,0.02771412265,0.5490387618,0.3515030746,0,-0.1684871862,3.771293431,-4.725202364
16.62,-70.12645336,0.02775262832,0.5492877452,0.3513118608,0,-0.1692513608,3.769247315,-4.721836008
16.63,-70.11523776,0.02779116802,0.5495360297,0.3511212419,0,-0.1700183992,3.767210287,-4.718471328
16.64,-70.10402779,0.02782974158,0.5497836165,0.3509312171,0,-0.1707883067,3.765182347,-4.715108336
16.65,-70.09282349,0.02786834884,0.5500305067,0.3507417852,0,-0.1715610888,3.763163498,-4.711747047
16.66,-70.08162491,0.02790698963,0.5502767012,0.3505529452,0,-0.1723367507,3.761153741,-4.708387473
16.67,-70.07043209,0.02794566379,0.5505222013,0.3503646962,0,-0.1731152976,3.759153077,-4.705029628
16.68,-70.05924509,0.02798437115,0.5507670079,0.350177037,0,-0.1738967349,3.757161507,-4.701673526
16.69,-70.04806393,0.02802311154,0.5510111221,0.3499899666,0,-0.1746810677,3.755179034,-4.69831918
16.7,-70.03688868,0.0280618848,0.551254545,0.349803484,0,-0.1754683012,3.753205656,-4.694966604
16.71,-70.02571936,0.02810069076,0.5514972777,0.3496175883,0,-0.1762584406,3.751241377,-4.691615809
16.72,-70.01455604,0.02813952925,0.5517393211,0.3494322782,0,-0.177051491,3.749286196,-4.688266811
16.73,-70.00339874,0.0281784001,0.5519806765,0.3492475529,0,-0.1778474575,3.747340114,-4.684919621
16.74,-69.99224751,0.02821730316,0.5522213449,0.3490634113,0,-0.1786463452,3.745403133,-4.681574253
16.75,-69.9811024,0.02825623824,0.5524613273,0.3488798523,0,-0.1794481591,3.743475251,-4.678230721
16.76,-69.96996345,0.02829520518,0.5527006248,0.3486968749,0,-0.1802529043,3.741556471,-4.674889036
16.77,-69.95883071,0.02833420382,0.5529392384,0.3485144782,0,-0.1810605856,3.739646792,-4.671549212
16.78,-69.94770421,0.02837323397,0.5531771693,0.348332661,0,-0.1818712082,3.737746215,-4.668211262
16.79,-69.936584,0.02841229548,0.5534144185,0.3481514224,0,-0.1826847768,3.73585474,-4.664875199
16.8,-69.92547012,0.02845138817,0.553650987,0.3479707613,0,-0.1835012965,3.733972367,-4.661541035
16.81,-69.91436261,0.02849051188,0.5538868759,0.3477906768,0,-0.184320772,3.732099096,-4.658208783
16.82,-69.90326152,0.02852966643,0.5541220863,0.3476111676,0,-0.1851432081,3.730234927,-4.654878456
16.83,-69.89216689,0.02856885164,0.5543566192,0.347432233,0,-0.1859686098,3.72837986,-4.651550067
16.84,-69.88107876,0.02860806736,0.5545904758,0.3472538718,0,-0.1867969817,3.726533895,-4.648223628
16.85,-69.86999717,0.02864731341,0.5548236569,0.347076083,0,-0.1876283286,3.724697031,-4.644899151
16.86,-69.85892216,0.02868658962,0.5550561638,0.3468988655,0,-0.1884626552,3.722869268,-4.641576649
16.87,-69.84785378,0.02872589581,0.5552879975,0.3467222185,0,-0.1892999662,3.721050606,-4.638256135
16.88,-69.83679207,0.02876523182,0.555519159,0.3465461408,0,-0.1901402662,3.719241044,-4.63493762
16.89,-69.82573706,0.02880459747,0.5557496493,0.3463706314,0,-0.1909835598,3.717440581,-4.631621118
16.9,-69.8146888,0.02884399259,0.5559794696,0.3461956893,0,-0.1918298516,3.715649216,-4.62830664
16.91,-69.80364733,0.028883417,0.5562086209,0.3460213135,0,-0.1926791461,3.71386695,-4.624994198
16.92,-69.79261268,0.02892287054,0.5564371043,0.345847503,0,-0.1935314479,3.71209378,-4.621683805
16.93,-69.78158491,0.02896235303,0.5566649207,0.3456742567,0,-0.1943867614,3.710329706,-4.618375473
16.94,-69.77056405,0.02900186429,0.5568920713,0.3455015736,0,-0.1952450911,3.708574727,-4.615069214
16.95,-69.75955013,0.02904140415,0.557118557,0.3453294528,0,-0.1961064413,3.706828841,-4.61176504
16.96,-69.74854321,0.02908097245,0.557344379,0.3451578932,0,-0.1969708164,3.705092048,-4.608462962
16.97,-69.73754331,0.02912056899,0.5575695384,0.3449868937,0,-0.1978382209,3.703364345,-4.605162993
16.98,-69.72655048,0.02916019362,0.557794036,0.3448164534,0,-0.1987086589,3.701645733,-4.601865145
16.99,-69.71556476,0.02919984615,0.5580178731,0.3446465713,0,-0.1995821348,3.699936209,-4.598569429
17,-69.70458619,0.0292395264,0.5582410506,0.3444772463,0,-0.2004586528,3.698235771,-4.595275857
17.01,-69.6936148,0.02927923422,0.5584635696,0.3443084774,0,-0.201338217,3.696544418,-4.59198444
17.02,-69.68265064,0.02931896941,0.5586854311,0.3441402637,0,-0.2022208318,3.694862148,-4.588695191
17.03,-69.67169374,0.0293587318,0.5589066362,0.343972604,0,-0.2031065011,3.69318896,-4.585408121
17.04,-69.66074414,0.02939852121,0.559127186,0.3438054975,0,-0.203995229,3.691524851,-4.582123241
17.05,-69.64980188,0.02943833748,0.5593470814,0.343638943,0,-0.2048870197,3.68986982,-4.578840563
17.06,-69.63886699,0.02947818042,0.5595663235,0.3434729396,0,-0.2057818772,3.688223864,-4.575560098
17.07,-69.62793953,0.02951804985,0.5597849134,0.3433074862,0,-0.2066798054,3.686586982,-4.572281858
17.08,-69.61701951,0.02955794561,0.560002852,0.3431425819,0,-0.2075808083,3.684959171,-4.569005854
17.09,-69.60610699,0.0295978675,0.5602201405,0.3429782257,0,-0.2084848897,3.683340429,-4.565732097
17.1,-69.59520199,0.02963781537,0.5604367799,0.3428144164,0,-0.2093920537,3.681730753,-4.562460598
17.11,-69.58430456,0.02967778901,0.5606527712,0.3426511532,0,-0.2103023039,3.680130141,-4.559191369
17.12,-69.57341474,0.02971778827,0.5608681154,0.3424884351,0,-0.2112156442,3.678538591,-4.555924421
17.13,-69.56253255,0.02975781296,0.5610828136,0.3423262609,0,-0.2121320784,3.6769561,-4.552659764
17.14,-69.55165803,0.0297978629,0.5612968669,0.3421646297,0,-0.2130516101,3.675382666,-4.54939741
17.15,-69.54079123,0.02983793792,0.5615102762,0.3420035406,0,-0.2139742431,3.673818285,-4.54613737
17.16,-69.52993218,0.02987803783,0.5617230426,0.3418429924,0,-0.214899981,3.672262955,-4.542879654
17.17,-69.51908091,0.02991816246,0.5619351672,0.3416829842,0,-0.2158288274,3.670716672,-4.539624273
17.18,-69.50823746,0.02995831163,0.5621466509,0.341523515,0,-0.2167607859,3.669179435,-4.536371239
17.19,-69.49740187,0.02999848515,0.5623574948,0.3413645838,0,-0.21769586,3.66765124,-4.533120561
17.2,-69.48657417,0.03003868286,0.5625676999,0.3412061896,0,-0.2186340532,3.666132083,-4.529872251
17.21,-69.4757544,0.03007890456,0.5627772674,0.3410483314,0,-0.2195753689,3.664621962,-4.526626319
17.22,-69.46494259,0.03011915009,0.5629861981,0.3408910081,0,-0.2205198105,3.663120874,-4.523382776
17.23,-69.45413878,0.03015941925,0.5631944931,0.3407342189,0,-0.2214673815,3.661628815,-4.520141633
17.24,-69.443343,0.03019971188,0.5634021535,0.3405779626,0,-0.2224180852,3.660145781,-4.516902899
17.25,-69.43255528,0.03024002779,0.5636091802,0.3404222383,0,-0.2233719247,3.658671769,-4.513666585
17.26,-69.42177567,0.03028036679,0.5638155744,0.340267045,0,-0.2243289035,3.657206777,-4.510432702
17.27,-69.4110042,0.03032072872,0.564021337,0.3401123817,0,-0.2252890246,3.655750799,-4.507201259
17.28,-69.40024089,0.03036111338,0.564226469,0.3399582473,0,-0.2262522913,3.654303833,-4.503972268
17.29,-69.38948579,0.0304015206,0.5644309716,0.339804641,0,-0.2272187066,3.652865874,-4.500745738
17.3,-69.37873893,0.0304419502,0.5646348457,0.3396515617,0,-0.2281882738,3.651436919,-4.49752168
17.31,-69.36800035,0.03048240199,0.5648380923,0.3394990083,0,-0.2291609957,3.650016964,-4.494300104
17.32,-69.35727006,0.0305228758,0.5650407124,0.33934698,0,-0.2301368755,3.648606006,-4.491081019
17.33,-69.34654812,0.03056337144,0.5652427072,0.3391954757,0,-0.231115916,3.647204039,-4.487864436
17.34,-69.33583455,0.03060388873,0.5654440775,0.3390444944,0,-0.2320981201,3.64581106,-4.484650364
17.35,-69.32512938,0.03064442748,0.5656448245,0.3388940351,0,-0.2330834909,3.644427064,-4.481438814
17.36,-69.31443265,0.03068498753,0.5658449491,0.3387440969,0,-0.234072031,3.643052049,-4.478229796
17.37,-69.3037444,0.03072556868,0.5660444524,0.3385946787,0,-0.2350637433,3.641686008,-4.475023319
17.38,-69.29306464,0.03076617075,0.5662433354,0.3384457795,0,-0.2360586305,3.640328939,-4.471819393
17.39,-69.28239343,0.03080679356,0.566441599,0.3382973985,0,-0.2370566953,3.638980835,-4.468618028
17.4,-69.27173078,0.03084743693,0.5666392444,0.3381495345,0,-0.2380579405,3.637641694,-4.465419233
17.41,-69.26107673,0.03088810067,0.5668362725,0.3380021865,0,-0.2390623685,3.63631151,-4.462223018
17.42,-69.25043131,0.03092878461,0.5670326844,0.3378553537,0,-0.2400699819,3.634990279,-4.459029393
17.43,-69.23979456,0.03096948856,0.5672284811,0.337709035,0,-0.2410807834,3.633677996,-4.455838367
17.44,-69.2291665,0.03101021233,0.5674236635,0.3375632294,0,-0.2420947753,3.632374656,-4.452649949
17.45,-69.21854716,0.03105095574,0.5676182327,0.3374179359,0,-0.2431119602,3.631080255,-4.449464149
17.46,-69.20793659,0.03109171862,0.5678121897,0.3372731536,0,-0.2441323404,3.629794788,-4.446280977
17.47,-69.1973348,0.03113250077,0.5680055355,0.3371288815,0,-0.2451559182,3.628518249,-4.443100441
17.48,-69.18674184,0.03117330202,0.5681982712,0.3369851185,0,-0.246182696,3.627250634,-4.439922551
17.49,-69.17615772,0.03121412217,0.5683903977,0.3368418637,0,-0.247212676,3.625991937,-4.436747317
17.5,-69.16558249,0.03125496106,0.5685819161,0.3366991162,0,-0.2482458604,3.624742154,-4.433574746
17.51,-69.15501616,0.03129581848,0.5687728273,0.3365568748,0,-0.2492822515,3.62350128,-4.430404849
17.52,-69.14445878,0.03133669426,0.5689631324,0.3364151387,0,-0.2503218513,3.622269308,-4.427237634
17.53,-69.13391037,0.03137758822,0.5691528323,0.3362739069,0,-0.2513646619,3.621046234,-4.424073111
17.54,-69.12337096,0.03141850017,0.5693419282,0.3361331784,0,-0.2524106854,3.619832053,-4.420911288
17.55,-69.11284058,0.03145942992,0.5695304209,0.3359929521,0,-0.2534599236,3.618626758,-4.417752174
17.56,-69.10231926,0.0315003773,0.5697183115,0.3358532272,0,-0.2545123787,3.617430345,-4.414595779
17.57,-69.09180703,0.03154134211,0.569905601,0.3357140026,0,-0.2555680524,3.616242808,-4.41144211
17.58,-69.08130393,0.03158232418,0.5700922905,0.3355752775,0,-0.2566269466,3.615064141,-4.408291178
17.59,-69.07080996,0.03162332332,0.5702783808,0.3354370507,0,-0.2576890632,3.613894339,-4.405142989
17.6,-69.06032518,0.03166433934,0.570463873,0.3352993213,0,-0.2587544038,3.612733395,-4.401997554
17.61,-69.0498496,0.03170537206,0.5706487682,0.3351620883,0,-0.2598229701,3.611581305,-4.398854881
17.62,-69.03938326,0.03174642129,0.5708330672,0.3350253508,0,-0.2608947639,3.610438062,-4.395714978
17.63,-69.02892618,0.03178748686,0.5710167712,0.3348891078,0,-0.2619697868,3.60930366,-4.392577854
17.64,-69.01847839,0.03182856857,0.5711998811,0.3347533584,0,-0.2630480402,3.608178093,-4.389443517
17.65,-69.00803992,0.03186966624,0.5713823978,0.3346181014,0,-0.2641295257,3.607061356,-4.386311976
17.66,-68.9976108,0.03191077969,0.5715643225,0.334483336,0,-0.2652142448,3.605953442,-4.383183239
17.67,-68.98719105,0.03195190872,0.5717456561,0.3343490613,0,-0.266302199,3.604854346,-4.380057314
17.68,-68.9767807,0.03199305317,0.5719263996,0.3342152761,0,-0.2673933895,3.60376406,-4.37693421
17.69,-68.96637979,0.03203421283,0.572106554,0.3340819796,0,-0.2684878177,3.602682578,-4.373813936
17.7,-68.95598833,0.03207538753,0.5722861202,0.3339491708,0,-0.2695854848,3.601609895,-4.370696498
17.71,-68.94560635,0.03211657707,0.5724650994,0.3338168487,0,-0.2706863922,3.600546005,-4.367581906
17.72,-68.93523389,0.03215778128,0.5726434924,0.3336850124,0,-0.2717905409,3.599490899,-4.364470167
17.73,-68.92487097,0.03219899997,0.5728213003,0.3335536608,0,-0.2728979321,3.598444573,-4.36136129
17.74,-68.91451761,0.03224023295,0.5729985241,0.3334227931,0,-0.2740085669,3.597407019,-4.358255282
17.75,-68.90417384,0.03228148004,0.5731751647,0.3332924082,0,-0.2751224463,3.596378232,-4.355152151
17.76,-68.89383969,0.03232274105,0.5733512232,0.3331625052,0,-0.2762395712,3.595358203,-4.352051906
17.77,-68.88351518,0.0323640158,0.5735267005,0.3330330831,0,-0.2773599427,3.594346928,-4.348954554
17.78,-68.87320034,0.0324053041,0.5737015976,0.3329041409,0,-0.2784835616,3.593344398,-4.345860103
17.79,-68.8628952,0.03244660577,0.5738759156,0.3327756777,0,-0.2796104286,3.592350607,-4.342768561
17.8,-68.85259979,0.03248792061,0.5740496553,0.3326476926,0,-0.2807405447,3.591365549,-4.339679936
17.81,-68.84231411,0.03252924845,0.5742228178,0.3325201845,0,-0.2818739105,3.590389216,-4.336594234
17.82,-68.83203822,0.0325705891,0.5743954041,0.3323931525,0,-0.2830105266,3.589421601,-4.333511465
17.83,-68.82177211,0.03261194237,0.5745674152,0.3322665957,0,-0.2841503938,3.588462698,-4.330431634
17.84,-68.81151584,0.03265330807,0.574738852,0.332140513,0,-0.2852935126,3.587512499,-4.327354751
17.85,-68.80126941,0.03269468603,0.5749097155,0.3320149036,0,-0.2864398836,3.586570998,-4.324280822
17.86,-68.79103285,0.03273607605,0.5750800067,0.3318897664,0,-0.2875895071,3.585638186,-4.321209855
17.87,-68.78080619,0.03277747795,0.5752497266,0.3317651006,0,-0.2887423836,3.584714057,-4.318141858
17.88,-68.77058946,0.03281889154,0.5754188762,0.331640905,0,-0.2898985135,3.583798604,-4.315076837
17.89,-68.76038267,0.03286031664,0.5755874565,0.3315171789,0,-0.2910578971,3.58289182,-4.3120148
17.9,-68.75018585,0.03290175306,0.5757554684,0.3313939212,0,-0.2922205347,3.581993696,-4.308955754
17.91,-68.73999902,0.03294320062,0.5759229129,0.3312711309,0,-0.2933864265,3.581104225,-4.305899706
17.92,-68.72982222,0.03298465913,0.576089791,0.3311488072,0,-0.2945555727,3.580223401,-4.302846665
17.93,-68.71965545,0.0330261284,0.5762561036,0.3310269491,0,-0.2957279733,3.579351215,-4.299796636
17.94,-68.70949876,0.03306760824,0.5764218519,0.3309055556,0,-0.2969036285,3.578487661,-4.296749627
17.95,-68.69935215,0.03310909848,0.5765870366,0.3307846257,0,-0.2980825381,3.577632729,-4.293705645
17.96,-68.68921565,0.03315059893,0.5767516589,0.3306641586,0,-0.2992647023,3.576786413,-4.290664696
17.97,-68.6790893,0.03319210939,0.5769157196,0.3305441532,0,-0.3004501208,3.575948706,-4.287626789
17.98,-68.6689731,0.03323362969,0.5770792198,0.3304246086,0,-0.3016387936,3.575119598,-4.284591929
17.99,-68.65886708,0.03327515963,0.5772421604,0.3303055239,0,-0.3028307205,3.574299083,-4.281560125
18,-68.64877127,0.03331669904,0.5774045424,0.3301868981,0,-0.3040259011,3.573487152,-4.278531381
18.01,-68.63868569,0.03335824772,0.5775663667,0.3300687303,0,-0.3052243351,3.572683799,-4.275505706
18.02,-68.62861035,0.03339980549,0.5777276345,0.3299510195,0,-0.3064260223,3.571889013,-4.272483106
18.03,-68.61854529,0.03344137217,0.5778883465,0.3298337648,0,-0.3076309622,3.571102789,-4.269463588
18.04,-68.60849053,0.03348294756,0.5780485038,0.3297169652,0,-0.3088391543,3.570325117,-4.266447158
18.05,-68.59844608,0.03352453149,0.5782081074,0.3296006197,0,-0.310050598,3.56955599,-4.263433823
18.06,-68.58841196,0.03356612376,0.5783671582,0.3294847276,0,-0.3112652929,3.5687954,-4.260423589
18.07,-68.57838821,0.03360772419,0.5785256571,0.3293692877,0,-0.3124832383,3.568043337,-4.257416464
18.08,-68.56837484,0.0336493326,0.5786836053,0.3292542991,0,-0.3137044335,3.567299795,-4.254412453
18.09,-68.55837188,0.0336909488,0.5788410036,0.329139761,0,-0.3149288777,3.566564765,-4.251411563
18.1,-68.54837934,0.0337325726,0.5789978529,0.3290256723,0,-0.3161565702,3.565838238,-4.248413801
18.11,-68.53839724,0.03377420381,0.5791541543,0.3289120322,0,-0.3173875101,3.565120206,-4.245419173
18.12,-68.52842561,0.03381584226,0.5793099087,0.3287988396,0,-0.3186216965,3.564410661,-4.242427684
18.13,-68.51846448,0.03385748775,0.5794651172,0.3286860937,0,-0.3198591285,3.563709594,-4.239439343
18.14,-68.50851384,0.03389914011,0.5796197805,0.3285737935,0,-0.321099805,3.563016997,-4.236454153
18.15,-68.49857374,0.03394079914,0.5797738998,0.3284619381,0,-0.322343725,3.562332861,-4.233472123
18.16,-68.48864419,0.03398246465,0.5799274759,0.3283505265,0,-0.3235908873,3.561657178,-4.230493257
18.17,-68.47872521,0.03402413647,0.5800805099,0.3282395578,0,-0.3248412909,3.560989939,-4.227517563
18.18,-68.46881682,0.03406581441,0.5802330027,0.3281290311,0,-0.3260949343,3.560331136,-4.224545046
18.19,-68.45891904,0.03410749828,0.5803849552,0.3280189454,0,-0.3273518164,3.559680759,-4.221575712
18.2,-68.44903189,0.0341491879,0.5805363684,0.3279092998,0,-0.3286119359,3.5590388,-4.218609567
18.21,-68.43915539,0.03419088307,0.5806872433,0.3278000933,0,-0.3298752912,3.558405249,-4.215646618
18.22,-68.42928956,0.03423258363,0.5808375808,0.3276913251,0,-0.331141881,3.5577801,-4.212686869
18.23,-68.41943443,0.03427428937,0.5809873819,0.3275829942,0,-0.3324117037,3.557163341,-4.209730328
18.24,-68.40959,0.03431600013,0.5811366475,0.3274750997,0,-0.3336847579,3.556554966,-4.206776999
18.25,-68.3997563,0.0343577157,0.5812853786,0.3273676405,0,-0.3349610418,3.555954963,-4.203826889
18.26,-68.38993334,0.0343994359,0.5814335762,0.327260616,0,-0.3362405537,3.555363325,-4.200880003
18.27,-68.38012116,0.03444116056,0.5815812412,0.3271540249,0,-0.337523292,3.554780043,-4.197936347
18.28,-68.37031976,0.03448288948,0.5817283745,0.3270478666,0,-0.3388092549,3.554205107,-4.194995928
18.29,-68.36052916,0.03452462248,0.5818749772,0.3269421399,0,-0.3400984405,3.553638508,-4.192058749
18.3,-68.35074939,0.03456635938,0.58202105,0.3268368441,0,-0.3413908469,3.553080237,-4.189124817
18.31,-68.34098046,0.03460809998,0.5821665941,0.3267319781,0,-0.3426864722,3.552530285,-4.186194138
18.32,-68.33122239,0.03464984412,0.5823116104,0.3266275411,0,-0.3439853143,3.551988642,-4.183266717
18.33,-68.3214752,0.03469159159,0.5824560998,0.3265235321,0,-0.3452873712,3.5514553,-4.18034256
18.34,-68.3117389,0.03473334222,0.5826000632,0.3264199503,0,-0.3465926407,3.550930249,-4.177421671
18.35,-68.30201352,0.03477509582,0.5827435016,0.3263167946,0,-0.3479011206,3.550413479,-4.174504057
18.36,-68.29229908,0.0348168522,0.582886416,0.3262140641,0,-0.3492128088,3.549904982,-4.171589723
18.37,-68.28259558,0.03485861119,0.5830288073,0.326111758,0,-0.3505277028,3.549404747,-4.168678674
18.38,-68.27290305,0.0349003726,0.5831706764,0.3260098753,0,-0.3518458004,3.548912765,-4.165770915
18.39,-68.26322151,0.03494213624,0.5833120243,0.3259084152,0,-0.3531670992,3.548429028,-4.162866452
18.4,-68.25355096,0.03498390193,0.583452852,0.3258073766,0,-0.3544915966,3.547953524,-4.159965289
18.41,-68.24389144,0.03502566948,0.5835931603,0.3257067586,0,-0.3558192902,3.547486244,-4.157067433
18.42,-68.23424296,0.03506743872,0.5837329503,0.3256065604,0,-0.3571501773,3.54702718,-4.154172888
18.43,-68.22460553,0.03510920945,0.5838722228,0.3255067811,0,-0.3584842553,3.546576321,-4.15128166
18.44,-68.21497917,0.0351509815,0.5840109788,0.3254074196,0,-0.3598215215,3.546133657,-4.148393752
18.45,-68.20536391,0.03519275467,0.5841492193,0.3253084752,0,-0.3611619732,3.545699179,-4.145509172
18.46,-68.19575974,0.03523452879,0.5842869452,0.3252099469,0,-0.3625056075,3.545272876,-4.142627922
18.47,-68.1861667,0.03527630367,0.5844241573,0.3251118337,0,-0.3638524215,3.54485474,-4.139750009
18.48,-68.17658479,0.03531807913,0.5845608568,0.3250141348,0,-0.3652024124,3.54444476,-4.136875438
18.49,-68.16701404,0.03535985498,0.5846970445,0.3249168492,0,-0.3665555771,3.544042926,-4.134004212
18.5,-68.15745446,0.03540163104,0.5848327213,0.3248199761,0,-0.3679119126,3.543649228,-4.131136338
18.51,-68.14790607,0.03544340713,0.5849678882,0.3247235145,0,-0.3692714158,3.543263657,-4.12827182
18.52,-68.13836887,0.03548518307,0.5851025461,0.3246274636,0,-0.3706340835,3.542886202,-4.125410662
18.53,-68.1288429,0.03552695866,0.5852366959,0.3245318224,0,-0.3719999126,3.542516853,-4.12255287
18.54,-68.11932816,0.03556873374,0.5853703387,0.3244365899,0,-0.3733688996,3.5421556,-4.119698448
18.55,-68.10982467,0.0356105081,0.5855034752,0.3243417654,0,-0.3747410413,3.541802433,-4.116847401
18.56,-68.10033245,0.03565228158,0.5856361065,0.3242473479,0,-0.3761163343,3.541457342,-4.113999734
18.57,-68.0908515,0.03569405399,0.5857682335,0.3241533365,0,-0.3774947751,3.541120317,-4.11115545
18.58,-68.08138185,0.03573582515,0.5858998571,0.3240597302,0,-0.3788763602,3.540791347,-4.108314556
18.59,-68.07192351,0.03577759486,0.5860309783,0.3239665283,0,-0.380261086,3.540470422,-4.105477054
18.6,-68.0624765,0.03581936296,0.586161598,0.3238737297,0,-0.381648949,3.540157531,-4.102642951
18.61,-68.05304083,0.03586112926,0.586291717,0.3237813336,0,-0.3830399453,3.539852665,-4.09981225
18.62,-68.04361652,0.03590289357,0.5864213364,0.3236893391,0,-0.3844340714,3.539555813,-4.096984955
18.63,-68.03420357,0.03594465572,0.5865504571,0.3235977453,0,-0.3858313233,3.539266965,-4.094161072
18.64,-68.02480201,0.03598641552,0.5866790799,0.3235065513,0,-0.3872316971,3.53898611,-4.091340604
18.65,-68.01541185,0.03602817279,0.5868072059,0.3234157561,0,-0.3886351891,3.538713237,-4.088523556
18.66,-68.00603311,0.03606992734,0.586934836,0.323325359,0,-0.3900417951,3.538448336,-4.085709933
18.67,-67.99666579,0.036111679,0.587061971,0.3232353589,0,-0.3914515112,3.538191397,-4.082899737
18.68,-67.98730992,0.03615342759,0.5871886119,0.323145755,0,-0.3928643332,3.537942409,-4.080092975
18.69,-67.9779655,0.03619517292,0.5873147596,0.3230565465,0,-0.394280257,3.537701361,-4.077289649
18.7,-67.96863255,0.0362369148,0.5874404151,0.3229677323,0,-0.3956992783,3.537468243,-4.074489765
18.71,-67.95931109,0.03627865307,0.5875655793,0.3228793117,0,-0.3971213929,3.537243044,-4.071693326
18.72,-67.95000112,0.03632038754,0.5876902531,0.3227912836,0,-0.3985465965,3.537025752,-4.068900336
18.73,-67.94070267,0.03636211802,0.5878144373,0.3227036473,0,-0.3999748845,3.536816359,-4.0661108
18.74,-67.93141574,0.03640384434,0.5879381331,0.3226164019,0,-0.4014062527,3.536614852,-4.063324722
18.75,-67.92214035,0.03644556631,0.5880613411,0.3225295464,0,-0.4028406964,3.53642122,-4.060542105
18.76,-67.91287651,0.03648728376,0.5881840625,0.3224430799,0,-0.4042782111,3.536235454,-4.057762953
18.77,-67.90362424,0.0365289965,0.588306298,0.3223570017,0,-0.4057187922,3.536057541,-4.054987272
18.78,-67.89438355,0.03657070435,0.5884280487,0.3222713107,0,-0.4071624349,3.535887472,-4.052215064
18.79,-67.88515444,0.03661240713,0.5885493154,0.3221860061,0,-0.4086091345,3.535725235,-4.049446333
18.8,-67.87593695,0.03665410467,0.5886700991,0.322101087,0,-0.4100588862,3.535570818,-4.046681084
18.81,-67.86673106,0.03669579678,0.5887904006,0.3220165526,0,-0.4115116851,3.535424212,-4.043919319
18.82,-67.85753681,0.03673748328,0.5889102209,0.3219324019,0,-0.4129675262,3.535285405,-4.041161044
18.83,-67.84835421,0.03677916398,0.5890295609,0.3218486341,0,-0.4144264047,3.535154386,-4.038406262
18.84,-67.83918325,0.03682083872,0.5891484215,0.3217652482,0,-0.4158883154,3.535031143,-4.035654976
18.85,-67.83002397,0.03686250732,0.5892668036,0.3216822435,0,-0.4173532532,3.534915666,-4.03290719
18.86,-67.82087636,0.03690416958,0.5893847082,0.3215996189,0,-0.418821213,3.534807943,-4.030162908
18.87,-67.81174045,0.03694582533,0.5895021361,0.3215173737,0,-0.4202921894,3.534707964,-4.027422134
18.88,-67.80261624,0.0369874744,0.5896190883,0.321435507,0,-0.4217661773,3.534615716,-4.024684871
18.89,-67.79350374,0.0370291166,0.5897355657,0.3213540178,0,-0.4232431713,3.534531189,-4.021951123
18.9,-67.78440298,0.03707075176,0.5898515691,0.3212729053,0,-0.4247231659,3.534454371,-4.019220894
18.91,-67.77531395,0.03711237969,0.5899670996,0.3211921687,0,-0.4262061557,3.534385251,-4.016494186
18.92,-67.76623668,0.03715400021,0.5900821579,0.321111807,0,-0.4276921351,3.534323817,-4.013771004
18.93,-67.75717117,0.03719561315,0.5901967451,0.3210318194,0,-0.4291810986,3.534270058,-4.011051352
18.94,-67.74811744,0.03723721834,0.590310862,0.320952205,0,-0.4306730406,3.534223963,-4.008335231
18.95,-67.73907549,0.03727881558,0.5904245095,0.320872963,0,-0.4321679552,3.53418552,-4.005622647
18.96,-67.73004534,0.0373204047,0.5905376885,0.3207940923,0,-0.4336658367,3.534154718,-4.002913602
18.97,-67.721027,0.03736198552,0.5906504,0.3207155923,0,-0.4351666794,3.534131545,-4.0002081
18.98,-67.71202048,0.03740355787,0.5907626448,0.320637462,0,-0.4366704773,3.534115989,-3.997506144
18.99,-67.70302579,0.03744512157,0.5908744238,0.3205597005,0,-0.4381772244,3.534108039,-3.994807737
19,-67.69404294,0.03748667644,0.590985738,0.3204823071,0,-0.4396869148,3.534107683,-3.992112883
19.01,-67.68507195,0.03752822229,0.5910965883,0.3204052807,0,-0.4411995423,3.534114909,-3.989421585
19.02,-67.67611282,0.03756975896,0.5912069755,0.3203286206,0,-0.4427151009,3.534129706,-3.986733847
19.03,-67.66716557,0.03761128627,0.5913169006,0.3202523258,0,-0.4442335844,3.534152063,-3.984049671
19.04,-67.6582302,0.03765280404,0.5914263644,0.3201763956,0,-0.4457549864,3.534181966,-3.981369061
19.05,-67.64930673,0.03769431208,0.5915353679,0.320100829,0,-0.4472793008,3.534219405,-3.97869202
19.06,-67.64039517,0.03773581023,0.591643912,0.3200256252,0,-0.448806521,3.534264368,-3.97601855
19.07,-67.63149552,0.03777729831,0.5917519975,0.3199507833,0,-0.4503366408,3.534316843,-3.973348656
19.08,-67.6226078,0.03781877614,0.5918596254,0.3198763024,0,-0.4518696535,3.534376817,-3.970682341
19.09,-67.61373202,0.03786024354,0.5919667965,0.3198021818,0,-0.4534055528,3.534444279,-3.968019606
19.1,-67.60486819,0.03790170034,0.5920735118,0.3197284205,0,-0.4549443318,3.534519218,-3.965360456
19.11,-67.59601631,0.03794314636,0.5921797721,0.3196550177,0,-0.456485984,3.53460162,-3.962704894
19.12,-67.58717641,0.03798458142,0.5922855784,0.3195819725,0,-0.4580305026,3.534691474,-3.960052922
19.13,-67.57834848,0.03802600535,0.5923909315,0.3195092841,0,-0.4595778809,3.534788769,-3.957404543
19.14,-67.56953254,0.03806741798,0.5924958323,0.3194369516,0,-0.461128112,3.534893491,-3.954759761
19.15,-67.56072859,0.03810881912,0.5926002817,0.3193649741,0,-0.462681189,3.535005629,-3.952118578
19.16,-67.55193666,0.0381502086,0.5927042807,0.3192933509,0,-0.4642371048,3.53512517,-3.949480997
19.17,-67.54315674,0.03819158624,0.5928078301,0.319222081,0,-0.4657958526,3.535252103,-3.946847021
19.18,-67.53438884,0.03823295187,0.5929109308,0.3191511635,0,-0.4673574251,3.535386415,-3.944216653
19.19,-67.52563299,0.03827430532,0.5930135837,0.3190805977,0,-0.4689218153,3.535528095,-3.941589896
19.2,-67.51688918,0.03831564641,0.5931157897,0.3190103827,0,-0.4704890158,3.535677129,-3.938966753
19.21,-67.50815742,0.03835697496,0.5932175496,0.3189405176,0,-0.4720590196,3.535833505,-3.936347225
19.22,-67.49943772,0.0383982908,0.5933188645,0.3188710017,0,-0.4736318191,3.535997212,-3.933731317
19.23,-67.4907301,0.03843959375,0.593419735,0.3188018339,0,-0.4752074071,3.536168237,-3.931119031
19.24,-67.48203456,0.03848088364,0.5935201623,0.3187330136,0,-0.4767857761,3.536346567,-3.928510369
19.25,-67.47335111,0.0385221603,0.593620147,0.3186645397,0,-0.4783669185,3.53653219,-3.925905334
19.26,-67.46467976,0.03856342355,0.5937196902,0.3185964116,0,-0.4799508269,3.536725094,-3.923303929
19.27,-67.45602052,0.03860467321,0.5938187926,0.3185286284,0,-0.4815374934,3.536925266,-3.920706157
19.28,-67.4473734,0.03864590912,0.5939174553,0.3184611891,0,-0.4831269106,3.537132694,-3.91811202
19.29,-67.4387384,0.03868713109,0.594015679,0.318394093,0,-0.4847190706,3.537347364,-3.91552152
19.3,-67.43011554,0.03872833896,0.5941134647,0.3183273393,0,-0.4863139656,3.537569266,-3.912934661
19.31,-67.42150482,0.03876953255,0.5942108132,0.318260927,0,-0.4879115877,3.537798385,-3.910351445
19.32,-67.41290625,0.03881071169,0.5943077254,0.3181948553,0,-0.4895119291,3.53803471,-3.907771874
19.33,-67.40431984,0.0388518762,0.5944042023,0.3181291235,0,-0.4911149817,3.538278228,-3.905195951
19.34,-67.3957456,0.03889302591,0.5945002446,0.3180637306,0,-0.4927207374,3.538528926,-3.902623679
19.35,-67.38718353,0.03893416065,0.5945958533,0.3179986758,0,-0.4943291882,3.538786791,-3.900055059
19.36,-67.37863365,0.03897528025,0.5946910292,0.3179339583,0,-0.4959403259,3.539051811,-3.897490095
19.37,-67.37009596,0.03901638453,0.5947857733,0.3178695773,0,-0.4975541423,3.539323973,-3.894928788
19.38,-67.36157047,0.03905747331,0.5948800864,0.3178055319,0,-0.499170629,3.539603264,-3.892371142
19.39,-67.35305719,0.03909854644,0.5949739694,0.3177418212,0,-0.5007897778,3.539889671,-3.889817158
19.4,-67.34455613,0.03913960373,0.5950674231,0.3176784445,0,-0.5024115802,3.540183182,-3.887266839
19.41,-67.33606729,0.03918064501,0.5951604485,0.317615401,0,-0.5040360277,3.540483784,-3.884720188
19.42,-67.32759068,0.03922167011,0.5952530463,0.3175526896,0,-0.5056631119,3.540791463,-3.882177205
19.43,-67.31912632,0.03926267886,0.5953452176,0.3174903098,0,-0.5072928241,3.541106208,-3.879637895
19.44,-67.3106742,0.03930367109,0.5954369632,0.3174282606,0,-0.5089251557,3.541428004,-3.877102259
19.45,-67.30223433,0.03934464663,0.5955282838,0.3173665411,0,-0.5105600981,3.541756839,-3.874570299
19.46,-67.29380673,0.03938560529,0.5956191805,0.3173051506,0,-0.5121976423,3.5420927,-3.872042018
19.47,-67.28539139,0.03942654693,0.5957096541,0.3172440883,0,-0.5138377796,3.542435573,-3.869517418
19.48,-67.27698834,0.03946747135,0.5957997055,0.3171833533,0,-0.5154805012,3.542785447,-3.866996501
19.49,-67.26859757,0.03950837839,0.5958893355,0.3171229447,0,-0.517125798,3.543142307,-3.86447927
19.5,-67.26021909,0.03954926788,0.595978545,0.3170628618,0,-0.5187736612,3.543506141,-3.861965726
19.51,-67.2518529,0.03959013966,0.5960673348,0.3170031037,0,-0.5204240815,3.543876935,-3.859455871
19.52,-67.24349903,0.03963099354,0.5961557059,0.3169436697,0,-0.52207705,3.544254676,-3.856949708
19.53,-67.23515746,0.03967182935,0.5962436592,0.3168845588,0,-0.5237325573,3.544639352,-3.854447239
19.54,-67.22682822,0.03971264694,0.5963311954,0.3168257703,0,-0.5253905944,3.545030948,-3.851948466
19.55,-67.2185113,0.03975344613,0.5964183155,0.3167673034,0,-0.5270511519,3.545429451,-3.849453391
19.56,-67.21020672,0.03979422674,0.5965050203,0.3167091571,0,-0.5287142203,3.545834849,-3.846962016
19.57,-67.20191448,0.03983498861,0.5965913106,0.3166513308,0,-0.5303797904,3.546247128,-3.844474344
19.58,-67.19363458,0.03987573157,0.5966771875,0.3165938236,0,-0.5320478527,3.546666274,-3.841990375
19.59,-67.18536704,0.03991645544,0.5967626516,0.3165366347,0,-0.5337183976,3.547092275,-3.839510113
19.6,-67.17711186,0.03995716007,0.596847704,0.3164797632,0,-0.5353914155,3.547525116,-3.837033558
19.61,-67.16886905,0.03999784528,0.5969323454,0.3164232083,0,-0.5370668968,3.547964785,-3.834560714
19.62,-67.16063861,0.0400385109,0.5970165767,0.3163669693,0,-0.5387448317,3.548411267,-3.832091582
19.63,-67.15242055,0.04007915676,0.5971003988,0.3163110453,0,-0.5404252106,3.54886455,-3.829626164
19.64,-67.14421487,0.04011978269,0.5971838125,0.3162554355,0,-0.5421080235,3.549324619,-3.827164462
19.65,-67.13602159,0.04016038853,0.5972668187,0.3162001391,0,-0.5437932607,3.549791462,-3.824706477
19.66,-67.12784071,0.04020097411,0.5973494183,0.3161451553,0,-0.5454809121,3.550265065,-3.822252213
19.67,-67.11967223,0.04024153925,0.5974316122,0.3160904833,0,-0.5471709677,3.550745413,-3.81980167
19.68,-67.11151617,0.0402820838,0.5975134011,0.3160361222,0,-0.5488634176,3.551232494,-3.81735485
19.69,-67.10337252,0.04032260758,0.5975947859,0.3159820713,0,-0.5505582515,3.551726294,-3.814911756
19.7,-67.09524129,0.04036311042,0.5976757676,0.3159283297,0,-0.5522554594,3.552226799,-3.812472388
19.71,-67.0871225,0.04040359216,0.5977563469,0.3158748967,0,-0.553955031,3.552733996,-3.81003675
19.72,-67.07901614,0.04044405262,0.5978365248,0.3158217714,0,-0.5556569559,3.55324787,-3.807604842
19.73,-67.07092222,0.04048449165,0.597916302,0.3157689531,0,-0.5573612239,3.553768408,-3.805176667
19.74,-67.06284075,0.04052490907,0.5979956795,0.3157164409,0,-0.5590678245,3.554295596,-3.802752226
19.75,-67.05477174,0.04056530473,0.598074658,0.315664234,0,-0.5607767473,3.55482942,-3.800331521
19.76,-67.04671518,0.04060567844,0.5981532385,0.3156123316,0,-0.5624879818,3.555369867,-3.797914553
19.77,-67.03867108,0.04064603004,0.5982314219,0.315560733,0,-0.5642015173,3.555916922,-3.795501325
19.78,-67.03063946,0.04068635937,0.5983092088,0.3155094373,0,-0.5659173433,3.556470572,-3.793091838
19.79,-67.02262031,0.04072666626,0.5983866003,0.3154584437,0,-0.5676354491,3.557030802,-3.790686094
19.8,-67.01461365,0.04076695055,0.5984635971,0.3154077515,0,-0.5693558238,3.5575976,-3.788284094
19.81,-67.00661947,0.04080721206,0.5985402002,0.3153573598,0,-0.5710784567,3.558170949,-3.785885841
19.82,-66.99863778,0.04084745063,0.5986164103,0.3153072678,0,-0.572803337,3.558750838,-3.783491335
19.83,-66.99066859,0.0408876661,0.5986922284,0.3152574748,0,-0.5745304536,3.559337251,-3.781100578
19.84,-66.98271191,0.0409278583,0.5987676552,0.3152079799,0,-0.5762597957,3.559930175,-3.778713573
19.85,-66.97476773,0.04096802707,0.5988426916,0.3151587824,0,-0.5779913522,3.560529595,-3.77633032
19.86,-66.96683607,0.04100817223,0.5989173386,0.3151098815,0,-0.5797251119,3.561135497,-3.773950821
19.87,-66.95891693,0.04104829363,0.5989915968,0.3150612763,0,-0.5814610638,3.561747868,-3.771575078
19.88,-66.95101031,0.04108839109,0.5990654672,0.3150129661,0,-0.5831991967,3.562366692,-3.769203092
19.89,-66.94311622,0.04112846446,0.5991389506,0.3149649501,0,-0.5849394992,3.562991956,-3.766834865
19.9,-66.93523466,0.04116851357,0.5992120479,0.3149172275,0,-0.5866819601,3.563623646,-3.764470398
19.91,-66.92736564,0.04120853825,0.5992847599,0.3148697976,0,-0.5884265679,3.564261747,-3.762109693
19.92,-66.91950917,0.04124853834,0.5993570874,0.3148226594,0,-0.5901733113,3.564906244,-3.759752751
19.93,-66.91166525,0.04128851368,0.5994290314,0.3147758123,0,-0.5919221788,3.565557124,-3.757399574
19.94,-66.90383388,0.04132846409,0.5995005925,0.3147292555,0,-0.5936731588,3.566214373,-3.755050164
19.95,-66.89601507,0.04136838942,0.5995717718,0.3146829881,0,-0.5954262396,3.566877975,-3.752704521
19.96,-66.88820883,0.04140828951,0.59964257,0.3146370094,0,-0.5971814098,3.567547916,-3.750362648
19.97,-66.88041515,0.04144816418,0.599712988,0.3145913186,0,-0.5989386574,3.568224183,-3.748024545
19.98,-66.87263405,0.04148801328,0.5997830266,0.314545915,0,-0.6006979709,3.56890676,-3.745690214
19.99,-66.86486552,0.04152783664,0.5998526867,0.3145007977,0,-0.6024593382,3.569595632,-3.743359657
20,-66.85710958,0.04156763409,0.5999219691,0.314455966,0,-0.6042227477,3.570290787,-3.741032874
20.01,-66.84936623,0.04160740549,0.5999908746,0.314411419,0,-0.6059881872,3.570992208,-3.738709868
20.02,-66.84163547,0.04164715065,0.6000594041,0.3143671561,0,-0.6077556449,3.571699881,-3.73639064
20.03,-66.8339173,0.04168686942,0.6001275584,0.3143231764,0,-0.6095251087,3.572413792,-3.73407519
20.04,-66.82621174,0.04172656164,0.6001953384,0.3142794791,0,-0.6112965665,3.573133926,-3.731763521
20.05,-66.81851878,0.04176622714,0.6002627448,0.3142360636,0,-0.6130700061,3.573860269,-3.729455634
20.06,-66.81083843,0.04180586576,0.6003297787,0.3141929289,0,-0.6148454153,3.574592805,-3.727151529
20.07,-66.8031707,0.04184547734,0.6003964407,0.3141500744,0,-0.6166227818,3.57533152,-3.724851209
20.08,-66.79551558,0.04188506172,0.6004627317,0.3141074993,0,-0.6184020934,3.576076399,-3.722554675
20.09,-66.78787309,0.04192461873,0.6005286525,0.3140652027,0,-0.6201833376,3.576827427,-3.720261927
20.1,-66.78024323,0.04196414821,0.600594204,0.3140231839,0,-0.6219665021,3.577584591,-3.717972968
20.11,-66.772626,0.04200365001,0.6006593871,0.3139814422,0,-0.6237515742,3.578347873,-3.715687799
20.12,-66.7650214,0.04204312395,0.6007242025,0.3139399768,0,-0.6255385416,3.579117261,-3.71340642
20.13,-66.75742944,0.04208256988,0.6007886511,0.3138987869,0,-0.6273273915,3.579892739,-3.711128833
20.14,-66.74985013,0.04212198763,0.6008527337,0.3138578718,0,-0.6291181114,3.580674292,-3.708855039
20.15,-66.74228347,0.04216137705,0.6009164512,0.3138172306,0,-0.6309106885,3.581461905,-3.70658504
20.16,-66.73472946,0.04220073798,0.6009798043,0.3137768626,0,-0.6327051101,3.582255563,-3.704318837
20.17,-66.7271881,0.04224007024,0.601042794,0.3137367671,0,-0.6345013634,3.583055251,-3.70205643
20.18,-66.71965941,0.04227937369,0.601105421,0.3136969433,0,-0.6362994355,3.583860954,-3.699797822
20.19,-66.71214338,0.04231864816,0.6011676862,0.3136573904,0,-0.6380993135,3.584672658,-3.697543013
20.2,-66.70464001,0.04235789349,0.6012295904,0.3136181077,0,-0.6399009843,3.585490346,-3.695292004
20.21,-66.69714932,0.04239710952,0.6012911344,0.3135790943,0,-0.6417044351,3.586314004,-3.693044797
20.22,-66.68967131,0.0424362961,0.6013523191,0.3135403496,0,-0.6435096527,3.587143617,-3.690801393
20.23,-66.68220598,0.04247545305,0.6014131453,0.3135018728,0,-0.6453166239,3.587979169,-3.688561793
20.24,-66.67475333,0.04251458022,0.6014736138,0.3134636632,0,-0.6471253357,3.588820645,-3.686325998
20.25,-66.66731336,0.04255367746,0.6015337254,0.3134257199,0,-0.6489357747,3.589668031,-3.684094009
20.26,-66.65988609,0.04259274459,0.6015934811,0.3133880422,0,-0.6507479277,3.59052131,-3.681865828
20.27,-66.65247152,0.04263178147,0.6016528815,0.3133506293,0,-0.6525617813,3.591380468,-3.679641455
20.28,-66.64506964,0.04267078793,0.6017119275,0.3133134806,0,-0.6543773221,3.592245489,-3.677420892
20.29,-66.63768046,0.04270976381,0.60177062,0.3132765952,0,-0.6561945367,3.593116357,-3.675204139
20.3,-66.63030399,0.04274870896,0.6018289598,0.3132399724,0,-0.6580134115,3.593993059,-3.672991198
20.31,-66.62294023,0.04278762321,0.6018869477,0.3132036115,0,-0.6598339331,3.594875577,-3.67078207
20.32,-66.61558919,0.04282650641,0.6019445845,0.3131675116,0,-0.6616560878,3.595763897,-3.668576756
20.33,-66.60825086,0.0428653584,0.602001871,0.3131316721,0,-0.663479862,3.596658003,-3.666375257
20.34,-66.60092525,0.04290417902,0.6020588081,0.3130960922,0,-0.6653052419,3.597557879,-3.664177574
20.35,-66.59361236,0.0429429681,0.6021153966,0.3130607712,0,-0.6671322138,3.598463511,-3.661983707
20.36,-66.5863122,0.04298172551,0.6021716373,0.3130257082,0,-0.6689607639,3.599374882,-3.659793659
20.37,-66.57902477,0.04302045106,0.602227531,0.3129909026,0,-0.6707908783,3.600291978,-3.657607431
20.38,-66.57175007,0.04305914462,0.6022830786,0.3129563537,0,-0.6726225432,3.601214782,-3.655425022
20.39,-66.56448811,0.04309780601,0.6023382808,0.3129220605,0,-0.6744557444,3.602143278,-3.653246434
20.4,-66.5572389,0.04313643509,0.6023931385,0.3128880226,0,-0.6762904681,3.603077452,-3.651071669
20.41,-66.55000242,0.04317503169,0.6024476525,0.3128542389,0,-0.6781267002,3.604017287,-3.648900726
20.42,-66.54277869,0.04321359566,0.6025018237,0.312820709,0,-0.6799644265,3.604962768,-3.646733608
20.43,-66.53556772,0.04325212684,0.6025556527,0.3127874319,0,-0.6818036328,3.605913878,-3.644570315
20.44,-66.52836949,0.04329062507,0.6026091406,0.312754407,0,-0.683644305,3.606870603,-3.642410848
20.45,-66.52118403,0.04332909019,0.602662288,0.3127216335,0,-0.6854864289,3.607832927,-3.640255208
20.46,-66.51401132,0.04336752206,0.6027150957,0.3126891106,0,-0.6873299899,3.608800833,-3.638103396
20.47,-66.50685138,0.04340592051,0.6027675647,0.3126568378,0,-0.6891749739,3.609774305,-3.635955413
20.48,-66.4997042,0.04344428539,0.6028196957,0.3126248141,0,-0.6910213664,3.610753328,-3.63381126
20.49,-66.49256979,0.04348261654,0.6028714895,0.3125930389,0,-0.6928691528,3.611737887,-3.631670938
20.5,-66.48544816,0.0435209138,0.602922947,0.3125615114,0,-0.6947183188,3.612727964,-3.629534447
20.51,-66.4783393,0.04355917701,0.6029740689,0.312530231,0,-0.6965688497,3.613723544,-3.627401789
20.52,-66.47124322,0.04359740604,0.6030248561,0.3124991968,0,-0.6984207309,3.614724611,-3.625272965
20.53,-66.46415992,0.0436356007,0.6030753093,0.3124684081,0,-0.7002739478,3.615731149,-3.623147975
20.54,-66.4570894,0.04367376086,0.6031254295,0.3124378643,0,-0.7021284856,3.616743141,-3.62102682
20.55,-66.45003167,0.04371188635,0.6031752173,0.3124075646,0,-0.7039843296,3.617760573,-3.618909502
20.56,-66.44298674,0.04374997703,0.6032246737,0.3123775081,0,-0.705841465,3.618783427,-3.616796021
20.57,-66.43595459,0.04378803273,0.6032737993,0.3123476944,0,-0.7076998769,3.619811687,-3.614686378
20.58,-66.42893525,0.04382605329,0.6033225951,0.3123181225,0,-0.7095595503,3.620845338,-3.612580574
20.59,-66.4219287,0.04386403858,0.6033710619,0.3122887917,0,-0.7114204705,3.621884363,-3.61047861
20.6,-66.41493495,0.04390198842,0.6034192003,0.3122597015,0,-0.7132826222,3.622928746,-3.608380486
20.61,-66.40795401,0.04393990267,0.6034670113,0.3122308509,0,-0.7151459906,3.62397847,-3.606286204
20.62,-66.40098588,0.04397778117,0.6035144957,0.3122022393,0,-0.7170105604,3.62503352,-3.604195764
20.63,-66.39403056,0.04401562376,0.6035616542,0.312173866,0,-0.7188763167,3.626093878,-3.602109167
20.64,-66.38708805,0.0440534303,0.6036084877,0.3121457303,0,-0.720743244,3.627159529,-3.600026415
20.65,-66.38015836,0.04409120063,0.603654997,0.3121178314,0,-0.7226113273,3.628230456,-3.597947507
20.66,-66.37324148,0.04412893459,0.6037011829,0.3120901686,0,-0.7244805512,3.629306643,-3.595872445
20.67,-66.36633743,0.04416663203,0.6037470461,0.3120627412,0,-0.7263509005,3.630388074,-3.593801229
20.68,-66.3594462,0.0442042928,0.6037925875,0.3120355484,0,-0.7282223596,3.631474731,-3.591733861
20.69,-66.3525678,0.04424191674,0.6038378079,0.3120085896,0,-0.7300949133,3.632566599,-3.58967034
20.7,-66.34570223,0.04427950371,0.6038827081,0.3119818641,0,-0.7319685459,3.63366366,-3.587610669
20.71,-66.33884949,0.04431705354,0.6039272889,0.311955371,0,-0.7338432421,3.634765899,-3.585554847
20.72,-66.33200959,0.04435456608,0.603971551,0.3119291098,0,-0.7357189862,3.635873299,-3.583502876
20.73,-66.32518252,0.04439204119,0.6040154954,0.3119030797,0,-0.7375957627,3.636985842,-3.581454756
20.74,-66.31836829,0.0444294787,0.6040591228,0.3118772799,0,-0.7394735558,3.638103513,-3.579410488
20.75,-66.31156691,0.04446687847,0.6041024339,0.3118517098,0,-0.7413523499,3.639226295,-3.577370073
20.76,-66.30477837,0.04450424035,0.6041454297,0.3118263687,0,-0.7432321293,3.640354171,-3.575333512
20.77,-66.29800268,0.04454156417,0.6041881108,0.3118012558,0,-0.7451128781,3.641487124,-3.573300805
20.78,-66.29123984,0.04457884979,0.6042304781,0.3117763705,0,-0.7469945805,3.642625138,-3.571271953
20.79,-66.28448986,0.04461609706,0.6042725325,0.311751712,0,-0.7488772206,3.643768195,-3.569246957
20.8,-66.27775272,0.04465330582,0.6043142746,0.3117272796,0,-0.7507607826,3.644916279,-3.567225817
20.81,-66.27102845,0.04469047593,0.6043557052,0.3117030726,0,-0.7526452504,3.646069374,-3.565208535
20.82,-66.26431704,0.04472760723,0.6043968253,0.3116790903,0,-0.754530608,3.647227462,-3.563195111
20.83,-66.25761849,0.04476469956,0.6044376355,0.3116553321,0,-0.7564168394,3.648390526,-3.561185546
20.84,-66.2509328,0.04480175279,0.6044781367,0.3116317971,0,-0.7583039285,3.649558549,-3.55917984
20.85,-66.24425998,0.04483876675,0.6045183297,0.3116084847,0,-0.7601918591,3.650731514,-3.557177994
20.86,-66.23760003,0.0448757413,0.6045582152,0.3115853943,0,-0.7620806151,3.651909406,-3.55518001
20.87,-66.23095296,0.04491267628,0.6045977941,0.311562525,0,-0.7639701802,3.653092205,-3.553185887
20.88,-66.22431876,0.04494957155,0.6046370671,0.3115398762,0,-0.7658605382,3.654279896,-3.551195627
20.89,-66.21769743,0.04498642695,0.604676035,0.3115174472,0,-0.7677516727,3.655472461,-3.54920923
20.9,-66.21108899,0.04502324233,0.6047146987,0.3114952373,0,-0.7696435674,3.656669883,-3.547226697
20.91,-66.20449343,0.04506001754,0.6047530589,0.3114732458,0,-0.7715362059,3.657872144,-3.545248028
20.92,-66.19791075,0.04509675244,0.6047911164,0.311451472,0,-0.7734295717,3.659079229,-3.543273224
20.93,-66.19134096,0.04513344687,0.604828872,0.3114299152,0,-0.7753236485,3.660291119,-3.541302287
20.94,-66.18478405,0.04517010068,0.6048663265,0.3114085747,0,-0.7772184195,3.661507798,-3.539335216
20.95,-66.17824004,0.04520671373,0.6049034806,0.3113874498,0,-0.7791138684,3.662729248,-3.537372012
20.96,-66.17170892,0.04524328585,0.6049403353,0.3113665399,0,-0.7810099784,3.663955451,-3.535412676
20.97,-66.1651907,0.04527981691,0.6049768912,0.3113458442,0,-0.782906733,3.665186391,-3.533457209
20.98,-66.15868537,0.04531630676,0.6050131491,0.311325362,0,-0.7848041154,3.66642205,-3.531505611
20.99,-66.15219294,0.04535275524,0.6050491099,0.3113050926,0,-0.786702109,3.66766241,-3.529557883
21,-66.14571342,0.0453891622,0.6050847742,0.3112850354,0,-0.7886006969,3.668907455,-3.527614026
21.01,-66.1392468,0.0454255275,0.605120143,0.3112651897,0,-0.7904998624,3.670157167,-3.52567404
21.02,-66.13279309,0.04546185099,0.605155217,0.3112455548,0,-0.7923995886,3.671411528,-3.523737926
21.03,-66.12635228,0.04549813251,0.605189997,0.3112261299,0,-0.7942998586,3.672670521,-3.521805684
21.04,-66.11992439,0.04553437193,0.6052244837,0.3112069145,0,-0.7962006554,3.673934128,-3.519877316
21.05,-66.1135094,0.04557056909,0.6052586779,0.3111879078,0,-0.7981019623,3.675202332,-3.517952821
21.06,-66.10710734,0.04560672384,0.6052925805,0.3111691091,0,-0.800003762,3.676475116,-3.516032201
21.07,-66.10071819,0.04564283604,0.6053261922,0.3111505178,0,-0.8019060377,3.67775246,-3.514115456
21.08,-66.09434196,0.04567890553,0.6053595138,0.3111321331,0,-0.8038087721,3.679034349,-3.512202587
21.09,-66.08797865,0.04571493218,0.6053925461,0.3111139544,0,-0.8057119483,3.680320764,-3.510293594
21.1,-66.08162826,0.04575091583,0.6054252898,0.3110959811,0,-0.8076155489,3.681611688,-3.508388479
21.11,-66.0752908,0.04578685633,0.6054577458,0.3110782123,0,-0.8095195569,3.682907102,-3.506487241
21.12,-66.06896627,0.04582275354,0.6054899148,0.3110606475,0,-0.8114239551,3.684206989,-3.504589881
21.13,-66.06265467,0.04585860731,0.6055217975,0.311043286,0,-0.813328726,3.685511332,-3.5026964
21.14,-66.05635599,0.04589441749,0.6055533949,0.3110261271,0,-0.8152338525,3.686820112,-3.500806798
21.15,-66.05007026,0.04593018394,0.6055847076,0.31100917,0,-0.8171393172,3.688133311,-3.498921077
21.16,-66.04379745,0.0459659065,0.6056157365,0.3109924143,0,-0.8190451027,3.689450912,-3.497039236
21.17,-66.03753759,0.04600158504,0.6056464823,0.310975859,0,-0.8209511916,3.690772897,-3.495161276
21.18,-66.03129066,0.04603721941,0.6056769458,0.3109595037,0,-0.8228575665,3.692099248,-3.493287199
21.19,-66.02505668,0.04607280945,0.6057071277,0.3109433476,0,-0.8247642098,3.693429946,-3.491417003
21.2,-66.01883564,0.04610835503,0.6057370289,0.31092739,0,-0.826671104,3.694764974,-3.489550691
21.21,-66.01262754,0.046143856,0.6057666501,0.3109116303,0,-0.8285782316,3.696104314,-3.487688263
21.22,-66.00643239,0.0461793122,0.6057959921,0.3108960678,0,-0.8304855751,3.697447948,-3.485829718
21.23,-66.0002502,0.04621472351,0.6058250557,0.3108807018,0,-0.8323931166,3.698795857,-3.483975059
21.24,-65.99408095,0.04625008976,0.6058538417,0.3108655317,0,-0.8343008387,3.700148024,-3.482124285
21.25,-65.98792465,0.04628541082,0.6058823507,0.3108505568,0,-0.8362087236,3.70150443,-3.480277396
21.26,-65.98178132,0.04632068654,0.6059105837,0.3108357764,0,-0.8381167535,3.702865057,-3.478434395
21.27,-65.97565093,0.04635591677,0.6059385413,0.3108211899,0,-0.8400249108,3.704229888,-3.47659528
21.28,-65.96953351,0.04639110137,0.6059662244,0.3108067966,0,-0.8419331776,3.705598903,-3.474760053
21.29,-65.96342905,0.04642624019,0.6059936337,0.3107925958,0,-0.843841536,3.706972084,-3.472928714
21.3,-65.95733755,0.0464613331,0.60602077,0.3107785869,0,-0.8457499683,3.708349413,-3.471101264
21.31,-65.95125901,0.04649637994,0.606047634,0.3107647691,0,-0.8476584565,3.709730873,-3.469277704
21.32,-65.94519344,0.04653138057,0.6060742266,0.310751142,0,-0.8495669827,3.711116443,-3.467458033
21.33,-65.93914084,0.04656633485,0.6061005485,0.3107377047,0,-0.8514755289,3.712506107,-3.465642252
21.34,-65.93310121,0.04660124263,0.6061266004,0.3107244566,0,-0.8533840771,3.713899846,-3.463830363
21.35,-65.92707455,0.04663610376,0.6061523832,0.3107113971,0,-0.8552926094,3.71529764,-3.462022365
21.36,-65.92106086,0.04667091812,0.6061778976,0.3106985255,0,-0.8572011076,3.716699472,-3.460218259
21.37,-65.91506015,0.04670568554,0.6062031443,0.3106858411,0,-0.8591095537,3.718105324,-3.458418046
21.38,-65.90907242,0.04674040589,0.6062281242,0.3106733434,0,-0.8610179295,3.719515176,-3.456621726
21.39,-65.90309766,0.04677507903,0.606252838,0.3106610315,0,-0.8629262169,3.72092901,-3.454829299
21.4,-65.89713589,0.0468097048,0.6062772865,0.310648905,0,-0.8648343978,3.722346808,-3.453040767
21.41,-65.8911871,0.04684428308,0.6063014705,0.310636963,0,-0.8667424539,3.72376855,-3.451256129
21.42,-65.88525129,0.04687881371,0.6063253906,0.3106252051,0,-0.8686503669,3.725194219,-3.449475387
21.43,-65.87932847,0.04691329655,0.6063490477,0.3106136304,0,-0.8705581187,3.726623796,-3.44769854
21.44,-65.87341863,0.04694773146,0.6063724426,0.3106022385,0,-0.8724656909,3.728057261,-3.44592559
21.45,-65.86752179,0.0469821183,0.606395576,0.3105910285,0,-0.8743730651,3.729494596,-3.444156536
21.46,-65.86163793,0.04701645693,0.6064184486,0.3105799999,0,-0.8762802231,3.730935782,-3.44239138
21.47,-65.85576707,0.0470507472,0.6064410613,0.3105691521,0,-0.8781871464,3.732380802,-3.440630121
21.48,-65.8499092,0.04708498897,0.6064634147,0.3105584843,0,-0.8800938167,3.733829634,-3.438872761
21.49,-65.84406433,0.0471191821,0.6064855097,0.3105479959,0,-0.8820002154,3.735282262,-3.4371193
21.5,-65.83823246,0.04715332645,0.6065073471,0.3105376863,0,-0.8839063242,3.736738665,-3.435369738
21.51,-65.83241359,0.04718742188,0.6065289275,0.3105275548,0,-0.8858121246,3.738198826,-3.433624076
21.52,-65.82660771,0.04722146824,0.6065502517,0.3105176008,0,-0.8877175979,3.739662725,-3.431882314
21.53,-65.82081484,0.0472554654,0.6065713206,0.3105078237,0,-0.8896227257,3.741130342,-3.430144453
21.54,-65.81503498,0.04728941321,0.6065921348,0.3104982228,0,-0.8915274895,3.74260166,-3.428410493
21.55,-65.80926812,0.04732331153,0.6066126951,0.3104887974,0,-0.8934318705,3.744076659,-3.426680435
21.56,-65.80351426,0.04735716023,0.6066330024,0.3104795469,0,-0.8953358502,3.74555532,-3.424954279
21.57,-65.79777342,0.04739095915,0.6066530572,0.3104704707,0,-0.8972394099,3.747037624,-3.423232026
21.58,-65.79204559,0.04742470818,0.6066728605,0.3104615682,0,-0.899142531,3.748523552,-3.421513676
21.59,-65.78633077,0.04745840715,0.6066924129,0.3104528386,0,-0.9010451947,3.750013084,-3.41979923
21.6,-65.78062896,0.04749205593,0.6067117152,0.3104442814,0,-0.9029473824,3.751506202,-3.418088689
21.61,-65.77494017,0.04752565439,0.6067307682,0.3104358959,0,-0.9048490752,3.753002886,-3.416382051
21.62,-65.7692644,0.04755920238,0.6067495726,0.3104276816,0,-0.9067502544,3.754503117,-3.414679319
21.63,-65.76360164,0.04759269976,0.6067681292,0.3104196376,0,-0.9086509013,3.756006876,-3.412980493
21.64,-65.75795191,0.0476261464,0.6067864387,0.3104117635,0,-0.910550997,3.757514144,-3.411285572
21.65,-65.75231519,0.04765954215,0.6068045019,0.3104040586,0,-0.9124505226,3.7590249,-3.409594558
21.66,-65.7466915,0.04769288688,0.6068223196,0.3103965222,0,-0.9143494593,3.760539127,-3.407907451
21.67,-65.74108084,0.04772618045,0.6068398924,0.3103891537,0,-0.9162477882,3.762056804,-3.406224252
21.68,-65.7354832,0.04775942272,0.6068572212,0.3103819525,0,-0.9181454904,3.763577912,-3.40454496
21.69,-65.72989859,0.04779261354,0.6068743067,0.310374918,0,-0.9200425469,3.765102432,-3.402869577
21.7,-65.72432701,0.04782575279,0.6068911497,0.3103680495,0,-0.9219389389,3.766630343,-3.401198102
21.71,-65.71876846,0.04785884033,0.6069077508,0.3103613464,0,-0.9238346474,3.768161628,-3.399530537
21.72,-65.71322294,0.04789187601,0.6069241109,0.3103548081,0,-0.9257296532,3.769696266,-3.397866881
21.73,-65.70769045,0.04792485971,0.6069402308,0.3103484339,0,-0.9276239376,3.771234237,-3.396207135
21.74,-65.702171,0.04795779127,0.6069561111,0.3103422232,0,-0.9295174813,3.772775522,-3.3945513
21.75,-65.69666459,0.04799067057,0.6069717525,0.3103361754,0,-0.9314102654,3.774320102,-3.392899376
21.76,-65.69117121,0.04802349747,0.606987156,0.3103302899,0,-0.9333022708,3.775867957,-3.391251363
21.77,-65.68569087,0.04805627183,0.6070023222,0.3103245661,0,-0.9351934784,3.777419067,-3.389607262
21.78,-65.68022358,0.04808899351,0.6070172518,0.3103190032,0,-0.9370838691,3.778973412,-3.387967073
21.79,-65.67476932,0.04812166238,0.6070319456,0.3103136008,0,-0.9389734237,3.780530973,-3.386330797
21.8,-65.66932811,0.04815427831,0.6070464043,0.3103083581,0,-0.9408621232,3.78209173,-3.384698434
21.81,-65.66389995,0.04818684115,0.6070606288,0.3103032746,0,-0.9427499483,3.783655664,-3.383069984
21.82,-65.65848483,0.04821935076,0.6070746197,0.3102983497,0,-0.9446368799,3.785222754,-3.381445448
21.83,-65.65308276,0.04825180703,0.6070883778,0.3102935826,0,-0.9465228988,3.786792981,-3.379824827
21.84,-65.64769373,0.0482842098,0.6071019038,0.3102889729,0,-0.9484079858,3.788366324,-3.37820812
21.85,-65.64231776,0.04831655895,0.6071151985,0.3102845199,0,-0.9502921216,3.789942764,-3.376595328
21.86,-65.63695484,0.04834885433,0.6071282626,0.3102802229,0,-0.952175287,3.791522282,-3.374986452
21.87,-65.63160497,0.04838109582,0.6071410969,0.3102760814,0,-0.9540574627,3.793104857,-3.373381492
21.88,-65.62626816,0.04841328327,0.6071537021,0.3102720947,0,-0.9559386295,3.794690468,-3.371780448
21.89,-65.6209444,0.04844541656,0.6071660789,0.3102682623,0,-0.9578187681,3.796279097,-3.37018332
21.9,-65.6156337,0.04847749555,0.6071782282,0.3102645835,0,-0.9596978592,3.797870723,-3.36859011
21.91,-65.61033606,0.04850952011,0.6071901506,0.3102610577,0,-0.9615758834,3.799465327,-3.367000817
21.92,-65.60505147,0.04854149009,0.6072018468,0.3102576842,0,-0.9634528215,3.801062887,-3.365415442
21.93,-65.59977995,0.04857340538,0.6072133177,0.3102544626,0,-0.965328654,3.802663384,-3.363833985
21.94,-65.59452149,0.04860526583,0.607224564,0.3102513921,0,-0.9672033617,3.804266799,-3.362256446
21.95,-65.58927609,0.04863707131,0.6072355863,0.3102484722,0,-0.9690769251,3.80587311,-3.360682827
21.96,-65.58404375,0.04866882169,0.6072463855,0.3102457023,0,-0.9709493249,3.807482297,-3.359113126
21.97,-65.57882449,0.04870051683,0.6072569623,0.3102430817,0,-0.9728205416,3.809094341,-3.357547346
21.98,-65.57361828,0.04873215661,0.6072673174,0.3102406099,0,-0.974690556,3.810709221,-3.355985485
21.99,-65.56842515,0.04876374089,0.6072774515,0.3102382862,0,-0.9765593485,3.812326917,-3.354427545
22,-65.56324509,0.04879526953,0.6072873654,0.31023611,0,-0.9784268997,3.813947409,-3.352873526
22.01,-65.55807809,0.04882674241,0.6072970599,0.3102340808,0,-0.9802931902,3.815570676,-3.351323427
22.02,-65.55292417,0.0488581594,0.6073065356,0.3102321979,0,-0.9821582006,3.817196698,-3.34977725
22.03,-65.54778332,0.04888952035,0.6073157933,0.3102304607,0,-0.9840219113,3.818825454,-3.348234995
22.04,-65.54265554,0.04892082515,0.6073248338,0.3102288687,0,-0.985884303,3.820456925,-3.346696661
22.05,-65.53754084,0.04895207366,0.6073336578,0.3102274212,0,-0.9877453562,3.82209109,-3.345162251
22.06,-65.53243921,0.04898326575,0.6073422659,0.3102261176,0,-0.9896050513,3.823727928,-3.343631762
22.07,-65.52735066,0.04901440128,0.607350659,0.3102249574,0,-0.9914633689,3.82536742,-3.342105197
22.08,-65.52227519,0.04904548013,0.6073588378,0.3102239399,0,-0.9933202895,3.827009543,-3.340582556
22.09,-65.51721279,0.04907650218,0.607366803,0.3102230645,0,-0.9951757935,3.828654279,-3.339063838
22.1,-65.51216348,0.04910746727,0.6073745553,0.3102223306,0,-0.9970298615,3.830301607,-3.337549044
22.11,-65.50712725,0.0491383753,0.6073820955,0.3102217378,0,-0.998882474,3.831951505,-3.336038174
22.12,-65.5021041,0.04916922612,0.6073894243,0.3102212852,0,-1.000733611,3.833603954,-3.334531229
22.13,-65.49709403,0.04920001961,0.6073965425,0.3102209724,0,-1.002583254,3.835258932,-3.333028209
22.14,-65.49209705,0.04923075565,0.6074034507,0.3102207988,0,-1.004431383,3.83691642,-3.331529114
22.15,-65.48711315,0.04926143409,0.6074101497,0.3102207638,0,-1.006277978,3.838576396,-3.330033944
22.16,-65.48214234,0.04929205481,0.6074166402,0.3102208667,0,-1.008123019,3.84023884,-3.328542701
22.17,-65.47718461,0.04932261769,0.607422923,0.3102211071,0,-1.009966488,3.841903731,-3.327055383
22.18,-65.47223997,0.04935312259,0.6074289988,0.3102214842,0,-1.011808365,3.843571048,-3.325571992
22.19,-65.46730842,0.04938356939,0.6074348683,0.3102219976,0,-1.01364863,3.845240771,-3.324092527
22.2,-65.46238997,0.04941395796,0.6074405323,0.3102226466,0,-1.015487263,3.84691288,-3.32261699
22.21,-65.4574846,0.04944428818,0.6074459914,0.3102234306,0,-1.017324245,3.848587352,-3.321145379
22.22,-65.45259232,0.04947455991,0.6074512464,0.3102243491,0,-1.019159557,3.850264167,-3.319677696
22.23,-65.44771314,0.04950477302,0.607456298,0.3102254014,0,-1.020993179,3.851943305,-3.318213941
22.24,-65.44284704,0.0495349274,0.607461147,0.3102265871,0,-1.022825091,3.853624745,-3.316754113
22.25,-65.43799405,0.04956502291,0.6074657941,0.3102279054,0,-1.024655273,3.855308465,-3.315298214
22.26,-65.43315414,0.04959505943,0.6074702399,0.3102293559,0,-1.026483707,3.856994445,-3.313846243
22.27,-65.42832734,0.04962503684,0.6074744853,0.3102309379,0,-1.028310373,3.858682664,-3.312398201
22.28,-65.42351363,0.049654955,0.607478531,0.3102326508,0,-1.03013525,3.860373101,-3.310954088
22.29,-65.41871301,0.04968481379,0.6074823776,0.3102344942,0,-1.03195832,3.862065735,-3.309513904
22.3,-65.4139255,0.04971461309,0.6074860258,0.3102364673,0,-1.033779563,3.863760544,-3.308077649
22.31,-65.40915108,0.04974435277,0.6074894766,0.3102385697,0,-1.03559896,3.865457509,-3.306645324
22.32,-65.40438976,0.04977403271,0.6074927304,0.3102408006,0,-1.03741649,3.867156607,-3.305216929
22.33,-65.39964154,0.04980365278,0.6074957881,0.3102431597,0,-1.039232134,3.868857819,-3.303792463
22.34,-65.39490643,0.04983321286,0.6074986504,0.3102456462,0,-1.041045873,3.870561122,-3.302371928
22.35,-65.39018441,0.04986271282,0.607501318,0.3102482597,0,-1.042857687,3.872266495,-3.300955323
22.36,-65.3854755,0.04989215255,0.6075037916,0.3102509995,0,-1.044667557,3.873973918,-3.299542649
22.37,-65.38077968,0.04992153191,0.6075060719,0.3102538651,0,-1.046475463,3.87568337,-3.298133905
22.38,-65.37609698,0.04995085079,0.6075081597,0.3102568558,0,-1.048281386,3.877394829,-3.296729093
22.39,-65.37142737,0.04998010906,0.6075100557,0.3102599712,0,-1.050085305,3.879108273,-3.295328212
22.4,-65.36677087,0.05000930659,0.6075117606,0.3102632106,0,-1.051887202,3.880823682,-3.293931262
22.41,-65.36212748,0.05003844328,0.6075132751,0.3102665735,0,-1.053687057,3.882541035,-3.292538243
22.42,-65.35749719,0.05006751899,0.6075145999,0.3102700593,0,-1.05548485,3.88426031,-3.291149156
22.43,-65.35288,0.0500965336,0.6075157357,0.3102736675,0,-1.057280562,3.885981487,-3.289764001
22.44,-65.34827593,0.050125487,0.6075166834,0.3102773974,0,-1.059074174,3.887704542,-3.288382778
22.45,-65.34368495,0.05015437905,0.6075174435,0.3102812485,0,-1.060865666,3.889429456,-3.287005486
22.46,-65.33910709,0.05018320965,0.6075180167,0.3102852203,0,-1.062655018,3.891156208,-3.285632127
22.47,-65.33454234,0.05021197867,0.6075184039,0.3102893121,0,-1.064442211,3.892884775,-3.284262701
22.48,-65.32999069,0.05024068598,0.6075186057,0.3102935235,0,-1.066227226,3.894615136,-3.282897207
22.49,-65.32545215,0.05026933148,0.6075186229,0.3102978538,0,-1.068010043,3.89634727,-3.281535645
22.5,-65.32092672,0.05029791504,0.6075184561,0.3103023025,0,-1.069790642,3.898081155,-3.280178016
22.51,-65.3164144,0.05032643653,0.607518106,0.310306869,0,-1.071569005,3.899816771,-3.27882432
22.52,-65.31191519,0.05035489585,0.6075175734,0.3103115527,0,-1.073345111,3.901554095,-3.277474557
22.53,-65.30742909,0.05038329287,0.607516859,0.3103163532,0,-1.075118942,3.903293107,-3.276128727
22.54,-65.3029561,0.05041162748,0.6075159635,0.3103212698,0,-1.076890478,3.905033784,-3.27478683
22.55,-65.29849622,0.05043989955,0.6075148875,0.310326302,0,-1.0786597,3.906776105,-3.273448866
22.56,-65.29404945,0.05046810897,0.6075136319,0.3103314492,0,-1.080426587,3.908520049,-3.272114835
22.57,-65.28961579,0.05049625562,0.6075121973,0.3103367109,0,-1.082191122,3.910265594,-3.270784737
22.58,-65.28519524,0.05052433938,0.6075105845,0.3103420865,0,-1.083953284,3.912012718,-3.269458573
22.59,-65.28078781,0.05055236015,0.607508794,0.3103475754,0,-1.085713055,3.9137614,-3.268136343
22.6,-65.27639348,0.05058031779,0.6075068267,0.3103531771,0,-1.087470414,3.915511619,-3.266818045
22.61,-65.27201227,0.0506082122,0.6075046833,0.3103588911,0,-1.089225343,3.917263352,-3.265503682
22.62,-65.26764417,0.05063604325,0.6075023644,0.3103647168,0,-1.090977822,3.919016579,-3.264193251
22.63,-65.26328918,0.05066381084,0.6074998708,0.3103706536,0,-1.092727833,3.920771277,-3.262886755
22.64,-65.2589473,0.05069151485,0.6074972032,0.310376701,0,-1.094475355,3.922527425,-3.261584191
22.65,-65.25461854,0.05071915515,0.6074943622,0.3103828584,0,-1.09622037,3.924285001,-3.260285562
22.66,-65.25030289,0.05074673165,0.6074913486,0.3103891253,0,-1.097962858,3.926043983,-3.258990866
22.67,-65.24600034,0.05077424422,0.6074881631,0.3103955012,0,-1.0997028,3.92780435,-3.257700103
22.68,-65.24171091,0.05080169275,0.6074848063,0.3104019855,0,-1.101440178,3.92956608,-3.256413274
22.69,-65.2374346,0.05082907713,0.6074812791,0.3104085776,0,-1.103174971,3.931329151,-3.255130379
22.7,-65.23317139,0.05085639724,0.607477582,0.310415277,0,-1.104907161,3.933093541,-3.253851417
22.71,-65.2289213,0.05088365297,0.6074737158,0.3104220831,0,-1.106636728,3.93485923,-3.252576389
22.72,-65.22468431,0.0509108442,0.6074696813,0.3104289955,0,-1.108363654,3.936626194,-3.251305294
22.73,-65.22046044,0.05093797083,0.607465479,0.3104360135,0,-1.11008792,3.938394412,-3.250038132
22.74,-65.21624968,0.05096503275,0.6074611097,0.3104431366,0,-1.111809506,3.940163863,-3.248774904
22.75,-65.21205203,0.05099202984,0.6074565741,0.3104503643,0,-1.113528393,3.941934524,-3.247515609
22.76,-65.20786749,0.05101896199,0.6074518729,0.3104576961,0,-1.115244562,3.943706374,-3.246260247
22.77,-65.20369606,0.05104582908,0.6074470068,0.3104651313,0,-1.116957995,3.94547939,-3.245008818
22.78,-65.19953774,0.05107263102,0.6074419765,0.3104726695,0,-1.118668672,3.947253552,-3.243761323
22.79,-65.19539253,0.05109936769,0.6074367826,0.3104803101,0,-1.120376575,3.949028836,-3.24251776
22.8,-65.19126043,0.05112603897,0.607431426,0.3104880526,0,-1.122081684,3.950805221,-3.24127813
22.81,-65.18714144,0.05115264477,0.6074259072,0.3104958964,0,-1.123783981,3.952582686,-3.240042432
22.82,-65.18303556,0.05117918497,0.607420227,0.310503841,0,-1.125483447,3.954361208,-3.238810667
22.83,-65.17894278,0.05120565946,0.607414386,0.3105118859,0,-1.127180063,3.956140765,-3.237582835
22.84,-65.17486311,0.05123206814,0.6074083851,0.3105200305,0,-1.128873809,3.957921336,-3.236358934
22.85,-65.17079655,0.05125841089,0.6074022248,0.3105282744,0,-1.130564668,3.959702898,-3.235138966
22.86,-65.1667431,0.05128468761,0.6073959058,0.3105366168,0,-1.132252621,3.961485429,-3.23392293
22.87,-65.16270275,0.05131089819,0.6073894289,0.3105450574,0,-1.133937649,3.963268908,-3.232710825
22.88,-65.15867551,0.05133704253,0.6073827947,0.3105535957,0,-1.135619733,3.965053313,-3.231502652
22.89,-65.15466137,0.05136312052,0.607376004,0.3105622309,0,-1.137298854,3.96683862,-3.230298411
22.9,-65.15066033,0.05138913205,0.6073690574,0.3105709628,0,-1.138974994,3.96862481,-3.2290981
22.91,-65.1466724,0.05141507701,0.6073619555,0.3105797906,0,-1.140648135,3.970411859,-3.227901721
22.92,-65.14269757,0.05144095531,0.6073546992,0.3105887139,0,-1.142318257,3.972199745,-3.226709272
22.93,-65.13873585,0.05146676684,0.6073472891,0.3105977322,0,-1.143985342,3.973988446,-3.225520754
22.94,-65.13478722,0.05149251149,0.6073397259,0.3106068448,0,-1.145649372,3.975777941,-3.224336166
22.95,-65.1308517,0.05151818916,0.6073320102,0.3106160514,0,-1.147310329,3.977568207,-3.223155509
22.96,-65.12692927,0.05154379974,0.6073241428,0.3106253514,0,-1.148968192,3.979359222,-3.221978781
22.97,-65.12301994,0.05156934314,0.6073161243,0.3106347442,0,-1.150622946,3.981150964,-3.220805982
22.98,-65.11912371,0.05159481924,0.6073079555,0.3106442293,0,-1.15227457,3.982943411,-3.219637113
22.99,-65.11524057,0.05162022796,0.607299637,0.3106538063,0,-1.153923046,3.984736541,-3.218472172
23,-65.11137054,0.05164556918,0.6072911695,0.3106634745,0,-1.155568357,3.986530332,-3.217311161
23.01,-65.10751359,0.0516708428,0.6072825536,0.3106732335,0,-1.157210484,3.988324761,-3.216154077
23.02,-65.10366974,0.05169604872,0.6072737902,0.3106830827,0,-1.158849409,3.990119807,-3.215000922
23.03,-65.09983898,0.05172118685,0.6072648798,0.3106930216,0,-1.160485113,3.991915448,-3.213851694
23.04,-65.09602131,0.05174625708,0.6072558231,0.3107030498,0,-1.162117578,3.99371166,-3.212706393
23.05,-65.09221673,0.05177125931,0.6072466209,0.3107131666,0,-1.163746787,3.995508423,-3.21156502
23.06,-65.08842524,0.05179619344,0.6072372738,0.3107233716,0,-1.165372721,3.997305713,-3.210427573
23.07,-65.08464684,0.05182105937,0.6072277825,0.3107336643,0,-1.166995362,3.99910351,-3.209294052
23.08,-65.08088152,0.05184585702,0.6072181476,0.310744044,0,-1.168614692,4.00090179,-3.208164457
23.09,-65.07712929,0.05187058626,0.6072083699,0.3107545104,0,-1.170230693,4.002700531,-3.207038788
23.1,-65.07339015,0.05189524702,0.60719845,0.310765063,0,-1.171843347,4.004499712,-3.205917044
23.11,-65.06966408,0.05191983919,0.6071883886,0.3107757011,0,-1.173452637,4.00629931,-3.204799224
23.12,-65.06595109,0.05194436267,0.6071781864,0.3107864242,0,-1.175058544,4.008099303,-3.203685328
23.13,-65.06225119,0.05196881738,0.6071678441,0.310797232,0,-1.17666105,4.009899669,-3.202575356
23.14,-65.05856436,0.0519932032,0.6071573623,0.3108081238,0,-1.178260138,4.011700385,-3.201469307
23.15,-65.05489061,0.05201752006,0.6071467417,0.3108190992,0,-1.179855791,4.01350143,-3.200367182
23.16,-65.05122993,0.05204176784,0.607135983,0.3108301576,0,-1.18144799,4.01530278,-3.199268978
23.17,-65.04758232,0.05206594647,0.6071250869,0.3108412986,0,-1.183036717,4.017104415,-3.198174696
23.18,-65.04394779,0.05209005584,0.6071140541,0.3108525215,0,-1.184621956,4.018906312,-3.197084336
23.19,-65.04032632,0.05211409585,0.6071028851,0.310863826,0,-1.186203688,4.020708448,-3.195997896
23.2,-65.03671792,0.05213806643,0.6070915808,0.3108752116,0,-1.187781897,4.022510801,-3.194915377
23.21,-65.03312259,0.05216196747,0.6070801417,0.3108866776,0,-1.189356564,4.02431335,-3.193836777
23.22,-65.02954032,0.05218579889,0.6070685686,0.3108982236,0,-1.190927673,4.026116071,-3.192762097
23.23,-65.02597112,0.05220956059,0.607056862,0.3109098491,0,-1.192495205,4.027918943,-3.191691335
23.24,-65.02241497,0.05223325247,0.6070450228,0.3109215537,0,-1.194059144,4.029721944,-3.190624491
23.25,-65.01887188,0.05225687446,0.6070330515,0.3109333367,0,-1.195619472,4.031525051,-3.189561565
23.26,-65.01534185,0.05228042645,0.6070209489,0.3109451978,0,-1.197176172,4.033328242,-3.188502555
23.27,-65.01182487,0.05230390837,0.6070087155,0.3109571363,0,-1.198729227,4.035131495,-3.187447461
23.28,-65.00832095,0.05232732011,0.6069963521,0.3109691519,0,-1.20027862,4.036934787,-3.186396284
23.29,-65.00483007,0.05235066159,0.6069838593,0.3109812439,0,-1.201824333,4.038738097,-3.18534902
23.3,-65.00135224,0.05237393273,0.6069712379,0.310993412,0,-1.203366351,4.040541403,-3.184305672
23.31,-64.99788746,0.05239713344,0.6069584884,0.3110056555,0,-1.204904655,4.042344681,-3.183266237
23.32,-64.99443571,0.05242026362,0.6069456115,0.3110179741,0,-1.206439228,4.04414791,-3.182230714
23.33,-64.99099701,0.05244332319,0.6069326079,0.3110303672,0,-1.207970055,4.045951067,-3.181199104
23.34,-64.98757135,0.05246631207,0.6069194783,0.3110428343,0,-1.209497117,4.047754131,-3.180171405
23.35,-64.98415873,0.05248923017,0.6069062233,0.311055375,0,-1.211020399,4.049557079,-3.179147618
23.36,-64.98075913,0.0525120774,0.6068928437,0.3110679887,0,-1.212539884,4.051359889,-3.17812774
23.37,-64.97737257,0.05253485369,0.6068793399,0.311080675,0,-1.214055555,4.053162539,-3.177111771
23.38,-64.97399904,0.05255755894,0.6068657128,0.3110934333,0,-1.215567394,4.054965006,-3.176099711
23.39,-64.97063853,0.05258019307,0.606851963,0.3111062632,0,-1.217075387,4.056767269,-3.175091558
23.4,-64.96729104,0.052602756,0.6068380911,0.3111191641,0,-1.218579516,4.058569305,-3.174087312
23.41,-64.96395658,0.05262524764,0.6068240978,0.3111321357,0,-1.220079765,4.060371092,-3.173086973
23.42,-64.96063513,0.05264766792,0.6068099838,0.3111451774,0,-1.221576118,4.062172608,-3.172090538
23.43,-64.95732669,0.05267001676,0.6067957497,0.3111582887,0,-1.223068558,4.06397383,-3.171098008
23.44,-64.95403127,0.05269229406,0.6067813962,0.3111714691,0,-1.224557068,4.065774737,-3.170109381
23.45,-64.95074886,0.05271449976,0.6067669239,0.3111847182,0,-1.226041634,4.067575307,-3.169124657
23.46,-64.94747945,0.05273663377,0.6067523335,0.3111980354,0,-1.227522238,4.069375516,-3.168143835
23.47,-64.94422305,0.05275869601,0.6067376256,0.3112114203,0,-1.228998864,4.071175344,-3.167166914
23.48,-64.94097964,0.0527806864,0.606722801,0.3112248724,0,-1.230471497,4.072974768,-3.166193892
23.49,-64.93774923,0.05280260487,0.6067078603,0.3112383913,0,-1.231940121,4.074773765,-3.16522477
23.5,-64.93453182,0.05282445134,0.606692804,0.3112519764,0,-1.233404719,4.076572314,-3.164259545
23.51,-64.93132739,0.05284622573,0.6066776329,0.3112656272,0,-1.234865276,4.078370392,-3.163298218
23.52,-64.92813595,0.05286792796,0.6066623477,0.3112793434,0,-1.236321776,4.080167978,-3.162340786
23.53,-64.9249575,0.05288955796,0.6066469489,0.3112931243,0,-1.237774204,4.08196505,-3.16138725
23.54,-64.92179203,0.05291111565,0.6066314373,0.3113069696,0,-1.239222543,4.083761584,-3.160437608
23.55,-64.91863953,0.05293260096,0.6066158134,0.3113208787,0,-1.240666778,4.08555756,-3.159491858
23.56,-64.9155,0.05295401382,0.606600078,0.3113348512,0,-1.242106894,4.087352955,-3.158550001
23.57,-64.91237345,0.05297535415,0.6065842317,0.3113488865,0,-1.243542875,4.089147747,-3.157612034
23.58,-64.90925986,0.05299662187,0.606568275,0.3113629844,0,-1.244974706,4.090941913,-3.156677957
23.59,-64.90615923,0.05301781692,0.6065522088,0.3113771441,0,-1.246402371,4.092735433,-3.155747769
23.6,-64.90307156,0.05303893922,0.6065360336,0.3113913654,0,-1.247825855,4.094528284,-3.154821469
23.61,-64.89999685,0.0530599887,0.6065197501,0.3114056477,0,-1.249245143,4.096320444,-3.153899055
23.62,-64.89693509,0.05308096529,0.6065033589,0.3114199905,0,-1.25066022,4.09811189,-3.152980526
23.63,-64.89388627,0.05310186892,0.6064868606,0.3114343934,0,-1.252071071,4.099902602,-3.152065881
23.64,-64.8908504,0.05312269953,0.606470256,0.3114488559,0,-1.25347768,4.101692556,-3.151155119
23.65,-64.88782746,0.05314345704,0.6064535456,0.3114633775,0,-1.254880034,4.103481732,-3.150248239
23.66,-64.88481747,0.05316414138,0.6064367302,0.3114779578,0,-1.256278116,4.105270106,-3.14934524
23.67,-64.8818204,0.05318475248,0.6064198102,0.3114925963,0,-1.257671913,4.107057658,-3.148446119
23.68,-64.87883626,0.05320529029,0.6064027865,0.3115072925,0,-1.25906141,4.108844365,-3.147550877
23.69,-64.87586504,0.05322575473,0.6063856596,0.311522046,0,-1.260446591,4.110630205,-3.146659511
23.7,-64.87290674,0.05324614574,0.6063684301,0.3115368563,0,-1.261827442,4.112415157,-3.145772021
23.71,-64.86996135,0.05326646324,0.6063510988,0.311551723,0,-1.26320395,4.114199198,-3.144888405
23.72,-64.86702887,0.05328670719,0.6063336662,0.3115666456,0,-1.264576099,4.115982307,-3.144008662
23.73,-64.8641093,0.05330687751,0.606316133,0.3115816236,0,-1.265943875,4.117764461,-3.14313279
23.74,-64.86120263,0.05332697414,0.6062984998,0.3115966565,0,-1.267307264,4.11954564,-3.142260788
23.75,-64.85830885,0.05334699701,0.6062807673,0.311611744,0,-1.268666252,4.121325821,-3.141392655
23.76,-64.85542796,0.05336694608,0.6062629361,0.3116268855,0,-1.270020824,4.123104982,-3.140528389
23.77,-64.85255996,0.05338682126,0.6062450068,0.3116420806,0,-1.271370966,4.124883102,-3.139667989
23.78,-64.84970485,0.05340662251,0.6062269801,0.3116573288,0,-1.272716666,4.126660159,-3.138811454
23.79,-64.8468626,0.05342634976,0.6062088566,0.3116726298,0,-1.274057907,4.128436131,-3.137958781
23.8,-64.84403323,0.05344600296,0.6061906369,0.3116879829,0,-1.275394678,4.130210997,-3.13710997
23.81,-64.84121673,0.05346558204,0.6061723216,0.3117033878,0,-1.276726964,4.131984734,-3.136265018
23.82,-64.83841309,0.05348508695,0.6061539115,0.3117188441,0,-1.278054751,4.133757321,-3.135423926
23.83,-64.8356223,0.05350451762,0.6061354071,0.3117343512,0,-1.279378026,4.135528737,-3.13458669
23.84,-64.83284436,0.05352387401,0.6061168091,0.3117499087,0,-1.280696775,4.13729896,-3.133753309
23.85,-64.83007928,0.05354315606,0.6060981181,0.3117655162,0,-1.282010985,4.139067968,-3.132923783
23.86,-64.82732703,0.05356236371,0.6060793346,0.3117811732,0,-1.283320643,4.140835739,-3.132098108
23.87,-64.82458761,0.0535814969,0.6060604595,0.3117968793,0,-1.284625735,4.142602253,-3.131276284
23.88,-64.82186103,0.05360055558,0.6060414932,0.311812634,0,-1.285926248,4.144367487,-3.130458309
23.89,-64.81914727,0.05361953971,0.6060224364,0.3118284368,0,-1.287222169,4.14613142,-3.129644181
23.9,-64.81644633,0.05363844922,0.6060032897,0.3118442874,0,-1.288513485,4.14789403,-3.128833899
23.91,-64.8137582,0.05365728406,0.6059840538,0.3118601853,0,-1.289800184,4.149655297,-3.12802746
23.92,-64.81108288,0.05367604419,0.6059647293,0.31187613,0,-1.291082251,4.151415198,-3.127224864
23.93,-64.80842036,0.05369472954,0.6059453167,0.3118921211,0,-1.292359675,4.153173712,-3.126426108
23.94,-64.80577064,0.05371334008,0.6059258168,0.3119081582,0,-1.293632443,4.154930818,-3.125631191
23.95,-64.8031337,0.05373187575,0.6059062301,0.3119242407,0,-1.294900542,4.156686495,-3.124840111
23.96,-64.80050955,0.05375033651,0.6058865573,0.3119403684,0,-1.296163959,4.15844072,-3.124052865
23.97,-64.79789818,0.0537687223,0.605866799,0.3119565407,0,-1.297422683,4.160193473,-3.123269453
23.98,-64.79529958,0.05378703308,0.6058469558,0.3119727571,0,-1.2986767,4.161944733,-3.122489873
23.99,-64.79271374,0.0538052688,0.6058270283,0.3119890173,0,-1.299926,4.163694478,-3.121714122
24,-64.79014066,0.05382342942,0.6058070171,0.3120053209,0,-1.301170568,4.165442687,-3.120942198
24.01,-64.78758034,0.05384151489,0.6057869229,0.3120216673,0,-1.302410394,4.167189338,-3.120174101
24.02,-64.78503276,0.05385952517,0.6057667463,0.3120380561,0,-1.303645466,4.168934411,-3.119409827
24.03,-64.78249792,0.05387746021,0.6057464879,0.312054487,0,-1.30487577,4.170677884,-3.118649375
24.04,-64.77997581,0.05389531997,0.6057261482,0.3120709594,0,-1.306101297,4.172419737,-3.117892743
24.05,-64.77746643,0.05391310441,0.605705728,0.312087473,0,-1.307322033,4.174159948,-3.117139928
24.06,-64.77496977,0.05393081349,0.6056852278,0.3121040273,0,-1.308537968,4.175898496,-3.11639093
24.07,-64.77248582,0.05394844717,0.6056646483,0.3121206219,0,-1.309749089,4.17763536,-3.115645745
24.08,-64.77001457,0.0539660054,0.60564399,0.3121372563,0,-1.310955386,4.179370519,-3.114904372
24.09,-64.76755603,0.05398348815,0.6056232536,0.3121539302,0,-1.312156846,4.181103952,-3.114166809
24.1,-64.76511018,0.05400089537,0.6056024397,0.3121706431,0,-1.31335346,4.182835639,-3.113433053
24.11,-64.76267701,0.05401822704,0.6055815488,0.3121873945,0,-1.314545214,4.184565557,-3.112703103
24.12,-64.76025652,0.05403548312,0.6055605816,0.312204184,0,-1.315732099,4.186293687,-3.111976956
24.13,-64.7578487,0.05405266356,0.6055395387,0.3122210113,0,-1.316914103,4.188020008,-3.11125461
24.14,-64.75545354,0.05406976833,0.6055184208,0.3122378759,0,-1.318091216,4.189744498,-3.110536063
24.15,-64.75307104,0.05408679741,0.6054972283,0.3122547773,0,-1.319263426,4.191467138,-3.109821313
24.16,-64.75070119,0.05410375074,0.605475962,0.3122717152,0,-1.320430723,4.193187905,-3.109110357
24.17,-64.74834398,0.05412062831,0.6054546223,0.3122886891,0,-1.321593097,4.194906781,-3.108403193
24.18,-64.7459994,0.05413743008,0.60543321,0.3123056986,0,-1.322750536,4.196623743,-3.107699819
24.19,-64.74366744,0.05415415601,0.6054117256,0.3123227433,0,-1.32390303,4.198338771,-3.107000232
24.2,-64.7413481,0.05417080608,0.6053901697,0.3123398227,0,-1.32505057,4.200051846,-3.106304431
24.21,-64.73904138,0.05418738026,0.605368543,0.3123569365,0,-1.326193144,4.201762945,-3.105612413
24.22,-64.73674725,0.05420387851,0.605346846,0.3123740842,0,-1.327330742,4.203472049,-3.104924175
24.23,-64.73446572,0.05422030081,0.6053250793,0.3123912655,0,-1.328463356,4.205179137,-3.104239715
24.24,-64.73219677,0.05423664713,0.6053032435,0.3124084798,0,-1.329590973,4.206884189,-3.10355903
24.25,-64.7299404,0.05425291745,0.6052813392,0.3124257268,0,-1.330713586,4.208587184,-3.102882119
24.26,-64.72769659,0.05426911173,0.605259367,0.3124430061,0,-1.331831183,4.210288102,-3.102208978
24.27,-64.72546535,0.05428522996,0.6052373276,0.3124603172,0,-1.332943756,4.211986923,-3.101539606
24.28,-64.72324666,0.0543012721,0.6052152214,0.3124776598,0,-1.334051295,4.213683626,-3.100873999
24.29,-64.72104052,0.05431723814,0.6051930491,0.3124950334,0,-1.33515379,4.215378191,-3.100212155
24.3,-64.7188469,0.05433312805,0.6051708114,0.3125124376,0,-1.336251232,4.217070598,-3.099554071
24.31,-64.71666582,0.05434894181,0.6051485086,0.312529872,0,-1.337343611,4.218760827,-3.098899746
24.32,-64.71449725,0.0543646794,0.6051261416,0.3125473363,0,-1.338430919,4.220448858,-3.098249175
24.33,-64.71234119,0.05438034079,0.6051037108,0.3125648299,0,-1.339513147,4.22213467,-3.097602357
24.34,-64.71019763,0.05439592597,0.6050812168,0.3125823526,0,-1.340590285,4.223818243,-3.096959289
24.35,-64.70806656,0.05441143492,0.6050586603,0.3125999038,0,-1.341662325,4.225499558,-3.096319969
24.36,-64.70594797,0.05442686762,0.6050360418,0.3126174832,0,-1.342729258,4.227178595,-3.095684392
24.37,-64.70384186,0.05444222405,0.6050133619,0.3126350904,0,-1.343791075,4.228855334,-3.095052557
24.38,-64.7017482,0.0544575042,0.6049906212,0.3126527249,0,-1.344847767,4.230529754,-3.094424461
24.39,-64.69966701,0.05447270805,0.6049678203,0.3126703865,0,-1.345899327,4.232201837,-3.093800102
24.4,-64.69759825,0.05448783559,0.6049449597,0.3126880746,0,-1.346945747,4.233871561,-3.093179475
24.41,-64.69554193,0.0545028868,0.60492204,0.3127057889,0,-1.347987016,4.235538909,-3.092562579
24.42,-64.69349803,0.05451786167,0.6048990619,0.3127235289,0,-1.349023129,4.237203859,-3.09194941
24.43,-64.69146655,0.05453276019,0.6048760258,0.3127412943,0,-1.350054076,4.238866392,-3.091339966
24.44,-64.68944748,0.05454758235,0.6048529325,0.3127590848,0,-1.35107985,4.240526489,-3.090734243
24.45,-64.6874408,0.05456232813,0.6048297823,0.3127768998,0,-1.352100442,4.242184131,-3.090132239
24.46,-64.6854465,0.05457699752,0.6048065761,0.312794739,0,-1.353115846,4.243839297,-3.089533951
24.47,-64.68346458,0.05459159052,0.6047833142,0.312812602,0,-1.354126054,4.245491968,-3.088939375
24.48,-64.68149503,0.05460610713,0.6047599973,0.3128304883,0,-1.355131057,4.247142126,-3.088348509
24.49,-64.67953783,0.05462054732,0.6047366259,0.3128483978,0,-1.356130849,4.248789749,-3.087761349
24.5,-64.67759298,0.0546349111,0.6047132007,0.3128663298,0,-1.357125423,4.250434821,-3.087177893
24.51,-64.67566046,0.05464919845,0.6046897222,0.312884284,0,-1.358114771,4.25207732,-3.086598137
24.52,-64.67374026,0.05466340939,0.604666191,0.3129022601,0,-1.359098886,4.253717228,-3.086022079
24.53,-64.67183238,0.05467754389,0.6046426076,0.3129202577,0,-1.360077761,4.255354526,-3.085449714
24.54,-64.6699368,0.05469160197,0.6046189726,0.3129382763,0,-1.36105139,4.256989194,-3.08488104
24.55,-64.66805351,0.05470558361,0.6045952866,0.3129563156,0,-1.362019766,4.258621214,-3.084316053
24.56,-64.6661825,0.05471948881,0.6045715501,0.3129743752,0,-1.362982881,4.260250567,-3.083754751
24.57,-64.66432377,0.05473331759,0.6045477638,0.3129924547,0,-1.36394073,4.261877233,-3.08319713
24.58,-64.66247729,0.05474706992,0.6045239281,0.3130105537,0,-1.364893307,4.263501195,-3.082643186
24.59,-64.66064306,0.05476074583,0.6045000437,0.3130286718,0,-1.365840604,4.265122432,-3.082092917
24.6,-64.65882106,0.05477434531,0.6044761111,0.3130468088,0,-1.366782616,4.266740927,-3.081546319
24.61,-64.65701129,0.05478786836,0.6044521309,0.3130649641,0,-1.367719336,4.268356661,-3.081003388
24.62,-64.65521374,0.05480131498,0.6044281035,0.3130831374,0,-1.368650759,4.269969614,-3.080464121
24.63,-64.65342838,0.05481468519,0.6044040297,0.3131013283,0,-1.369576879,4.271579769,-3.079928515
24.64,-64.65165522,0.05482797899,0.6043799099,0.3131195365,0,-1.37049769,4.273187107,-3.079396566
24.65,-64.64989424,0.05484119638,0.6043557448,0.3131377615,0,-1.371413186,4.27479161,-3.078868271
24.66,-64.64814542,0.05485433738,0.6043315348,0.3131560031,0,-1.372323362,4.276393258,-3.078343626
24.67,-64.64640876,0.05486740199,0.6043072805,0.3131742607,0,-1.373228213,4.277992034,-3.077822627
24.68,-64.64468424,0.05488039022,0.6042829825,0.3131925341,0,-1.374127733,4.279587919,-3.077305272
24.69,-64.64297185,0.05489330208,0.6042586413,0.3132108229,0,-1.375021917,4.281180895,-3.076791556
24.7,-64.64127158,0.05490613759,0.6042342575,0.3132291266,0,-1.37591076,4.282770945,-3.076281475
24.71,-64.63958342,0.05491889675,0.6042098317,0.313247445,0,-1.376794257,4.284358049,-3.075775027
24.72,-64.63790735,0.05493157957,0.6041853643,0.3132657777,0,-1.377672403,4.28594219,-3.075272206
24.73,-64.63624337,0.05494418608,0.6041608559,0.3132841242,0,-1.378545194,4.287523349,-3.074773011
24.74,-64.63459145,0.05495671629,0.6041363072,0.3133024843,0,-1.379412624,4.28910151,-3.074277436
24.75,-64.63295159,0.05496917021,0.6041117186,0.3133208575,0,-1.38027469,4.290676653,-3.073785478
24.76,-64.63132378,0.05498154787,0.6040870906,0.3133392435,0,-1.381131387,4.292248762,-3.073297134
24.77,-64.62970799,0.05499384927,0.6040624239,0.3133576419,0,-1.381982711,4.293817818,-3.072812398
24.78,-64.62810423,0.05500607443,0.6040377189,0.3133760524,0,-1.382828658,4.295383803,-3.072331269
24.79,-64.62651247,0.05501822338,0.6040129763,0.3133944746,0,-1.383669223,4.296946701,-3.07185374
24.8,-64.6249327,0.05503029614,0.6039881965,0.3134129081,0,-1.384504402,4.298506493,-3.07137981
24.81,-64.62336491,0.05504229273,0.6039633801,0.3134313526,0,-1.385334193,4.300063162,-3.070909473
24.82,-64.62180908,0.05505421317,0.6039385276,0.3134498077,0,-1.386158591,4.301616691,-3.070442725
24.83,-64.62026521,0.05506605748,0.6039136396,0.3134682731,0,-1.386977592,4.303167062,-3.069979564
24.84,-64.61873328,0.05507782569,0.6038887166,0.3134867484,0,-1.387791194,4.304714258,-3.069519983
24.85,-64.61721327,0.05508951782,0.6038637592,0.3135052332,0,-1.388599392,4.306258262,-3.069063981
24.86,-64.61570517,0.0551011339,0.6038387678,0.3135237271,0,-1.389402184,4.307799056,-3.068611551
24.87,-64.61420897,0.05511267396,0.6038137431,0.31354223,0,-1.390199567,4.309336623,-3.068162691
24.88,-64.61272465,0.05512413802,0.6037886855,0.3135607412,0,-1.390991537,4.310870947,-3.067717396
24.89,-64.61125221,0.05513552611,0.6037635956,0.3135792607,0,-1.391778092,4.31240201,-3.067275662
24.9,-64.60979161,0.05514683826,0.6037384739,0.3135977878,0,-1.392559229,4.313929796,-3.066837484
24.91,-64.60834286,0.05515807451,0.603713321,0.3136163224,0,-1.393334945,4.315454287,-3.066402859
24.92,-64.60690594,0.05516923489,0.6036881373,0.3136348641,0,-1.394105238,4.316975468,-3.065971782
24.93,-64.60548083,0.05518031942,0.6036629235,0.3136534125,0,-1.394870105,4.31849332,-3.065544248
24.94,-64.60406751,0.05519132814,0.6036376799,0.3136719673,0,-1.395629545,4.320007829,-3.065120254
24.95,-64.60266598,0.05520226109,0.6036124072,0.3136905281,0,-1.396383554,4.321518976,-3.064699795
24.96,-64.60127622,0.0552131183,0.6035871059,0.3137090945,0,-1.397132132,4.323026746,-3.064282866
24.97,-64.59989821,0.05522389981,0.6035617765,0.3137276663,0,-1.397875276,4.324531122,-3.063869464
24.98,-64.59853194,0.05523460565,0.6035364195,0.3137462431,0,-1.398612983,4.326032088,-3.063459583
24.99,-64.5971774,0.05524523587,0.6035110355,0.3137648246,0,-1.399345254,4.327529627,-3.06305322
25,-64.59583456,0.0552557905,0.6034856249,0.3137834103,0,-1.400072085,4.329023724,-3.062650369
25.01,-64.59450342,0.05526626958,0.6034601883,0.313802,0,-1.400793476,4.330514362,-3.062251026
25.02,-64.59318395,0.05527667316,0.6034347262,0.3138205934,0,-1.401509425,4.332001525,-3.061855186
25.03,-64.59187615,0.05528700128,0.6034092391,0.31383919,0,-1.402219931,4.333485198,-3.061462846
25.04,-64.59058,0.05529725397,0.6033837275,0.3138577896,0,-1.402924993,4.334965364,-3.061073999
25.05,-64.58929547,0.05530743129,0.603358192,0.3138763918,0,-1.403624611,4.336442007,-3.060688642
25.06,-64.58802257,0.05531753327,0.603332633,0.3138949963,0,-1.404318782,4.337915113,-3.06030677
25.07,-64.58676126,0.05532755998,0.6033070511,0.3139136027,0,-1.405007507,4.339384664,-3.059928378
25.08,-64.58551154,0.05533751144,0.6032814468,0.3139322107,0,-1.405690784,4.340850646,-3.059553461
25.09,-64.58427338,0.05534738771,0.6032558206,0.31395082,0,-1.406368614,4.342313043,-3.059182015
25.1,-64.58304678,0.05535718885,0.6032301729,0.3139694303,0,-1.407040996,4.343771839,-3.058814034
25.11,-64.58183171,0.05536691489,0.6032045044,0.3139880412,0,-1.407707929,4.34522702,-3.058449514
25.12,-64.58062817,0.05537656589,0.6031788154,0.3140066523,0,-1.408369415,4.34667857,-3.05808845
25.13,-64.57943612,0.0553861419,0.6031531066,0.3140252634,0,-1.409025451,4.348126473,-3.057730837
25.14,-64.57825556,0.05539564298,0.6031273784,0.3140438742,0,-1.40967604,4.349570715,-3.057376669
25.15,-64.57708648,0.05540506917,0.6031016313,0.3140624842,0,-1.41032118,4.35101128,-3.057025943
25.16,-64.57592884,0.05541442054,0.6030758658,0.3140810932,0,-1.410960873,4.352448154,-3.056678653
25.17,-64.57478264,0.05542369714,0.6030500825,0.3140997009,0,-1.411595118,4.353881322,-3.056334793
25.18,-64.57364786,0.05543289902,0.6030242817,0.3141183069,0,-1.412223917,4.355310768,-3.055994359
25.19,-64.57252449,0.05544202625,0.6029984641,0.314136911,0,-1.41284727,4.356736479,-3.055657346
25.2,-64.5714125,0.05545107888,0.60297263,0.3141555127,0,-1.413465178,4.358158439,-3.055323749
25.21,-64.57031187,0.05546005697,0.6029467801,0.3141741117,0,-1.414077642,4.359576634,-3.054993562
25.22,-64.5692226,0.05546896058,0.6029209147,0.3141927079,0,-1.414684662,4.36099105,-3.05466678
25.23,-64.56814466,0.05547778977,0.6028950345,0.3142113007,0,-1.415286241,4.362401671,-3.054343398
25.24,-64.56707803,0.05548654461,0.6028691398,0.31422989,0,-1.41588238,4.363808484,-3.05402341
25.25,-64.56602271,0.05549522517,0.6028432312,0.3142484754,0,-1.416473079,4.365211474,-3.053706812
25.26,-64.56497866,0.05550383149,0.6028173091,0.3142670566,0,-1.417058341,4.366610628,-3.053393598
25.27,-64.56394587,0.05551236366,0.602791374,0.3142856332,0,-1.417638166,4.368005931,-3.053083762
25.28,-64.56292433,0.05552082173,0.6027654265,0.314304205,0,-1.418212558,4.369397369,-3.0527773
25.29,-64.56191402,0.05552920578,0.602739467,0.3143227717,0,-1.418781518,4.370784929,-3.052474206
25.3,-64.56091491,0.05553751587,0.602713496,0.3143413328,0,-1.419345048,4.372168596,-3.052174473
25.31,-64.55992699,0.05554575207,0.602687514,0.3143598883,0,-1.419903149,4.373548357,-3.051878098
25.32,-64.55895025,0.05555391445,0.6026615214,0.3143784376,0,-1.420455825,4.374924197,-3.051585074
25.33,-64.55798465,0.05556200309,0.6026355187,0.3143969805,0,-1.421003078,4.376296105,-3.051295396
25.34,-64.55703019,0.05557001806,0.6026095065,0.3144155168,0,-1.42154491,4.377664065,-3.051009058
25.35,-64.55608685,0.05557795942,0.6025834851,0.314434046,0,-1.422081324,4.379028065,-3.050726055
25.36,-64.5551546,0.05558582726,0.6025574551,0.314452568,0,-1.422612323,4.380388092,-3.05044638
25.37,-64.55423343,0.05559362165,0.602531417,0.3144710823,0,-1.423137909,4.381744131,-3.050170029
25.38,-64.55332332,0.05560134266,0.6025053711,0.3144895888,0,-1.423658086,4.383096171,-3.049896996
25.39,-64.55242425,0.05560899038,0.6024793181,0.314508087,0,-1.424172857,4.384444197,-3.049627274
25.4,-64.55153619,0.05561656488,0.6024532582,0.3145265768,0,-1.424682224,4.385788197,-3.049360858
25.41,-64.55065914,0.05562406624,0.6024271921,0.3145450577,0,-1.425186192,4.387128159,-3.049097743
25.42,-64.54979307,0.05563149454,0.6024011202,0.3145635295,0,-1.425684763,4.388464069,-3.048837922
25.43,-64.54893796,0.05563884986,0.602375043,0.3145819919,0,-1.426177942,4.389795915,-3.048581389
25.44,-64.5480938,0.05564613229,0.6023489608,0.3146004447,0,-1.426665732,4.391123683,-3.048328139
25.45,-64.54726055,0.05565334191,0.6023228742,0.3146188874,0,-1.427148136,4.392447362,-3.048078166
25.46,-64.54643821,0.0556604788,0.6022967837,0.3146373199,0,-1.42762516,4.39376694,-3.047831463
25.47,-64.54562675,0.05566754305,0.6022706897,0.3146557418,0,-1.428096806,4.395082403,-3.047588026
25.48,-64.54482616,0.05567453474,0.6022445926,0.3146741528,0,-1.42856308,4.39639374,-3.047347847
25.49,-64.5440364,0.05568145396,0.602218493,0.3146925527,0,-1.429023985,4.397700938,-3.047110921
25.5,-64.54325747,0.0556883008,0.6021923912,0.3147109411,0,-1.429479526,4.399003985,-3.046877241
25.51,-64.54248934,0.05569507535,0.6021662878,0.3147293178,0,-1.429929707,4.40030287,-3.046646802
25.52,-64.54173199,0.05570177769,0.6021401831,0.3147476825,0,-1.430374533,4.401597581,-3.046419597
25.53,-64.5409854,0.05570840793,0.6021140777,0.3147660349,0,-1.430814009,4.402888105,-3.046195621
25.54,-64.54024955,0.05571496615,0.602087972,0.3147843747,0,-1.43124814,4.404174431,-3.045974866
25.55,-64.53952442,0.05572145244,0.6020618664,0.3148027016,0,-1.431676931,4.405456548,-3.045757327
25.56,-64.53880999,0.0557278669,0.6020357614,0.3148210154,0,-1.432100386,4.406734443,-3.045542998
25.57,-64.53810624,0.05573420963,0.6020096575,0.3148393157,0,-1.432518512,4.408008107,-3.045331871
25.58,-64.53741314,0.05574048071,0.601983555,0.3148576023,0,-1.432931313,4.409277526,-3.045123942
25.59,-64.53673068,0.05574668026,0.6019574544,0.314875875,0,-1.433338795,4.410542691,-3.044919203
25.6,-64.53605883,0.05575280835,0.6019313562,0.3148941334,0,-1.433740963,4.411803589,-3.044717648
25.61,-64.53539757,0.0557588651,0.6019052609,0.3149123772,0,-1.434137824,4.41306021,-3.04451927
25.62,-64.53474688,0.05576485061,0.6018791687,0.3149306062,0,-1.434529383,4.414312544,-3.044324064
25.63,-64.53410674,0.05577076497,0.6018530803,0.3149488201,0,-1.434915646,4.415560578,-3.044132023
25.64,-64.53347713,0.05577660829,0.601826996,0.3149670187,0,-1.435296619,4.416804303,-3.04394314
25.65,-64.53285803,0.05578238066,0.6018009162,0.3149852016,0,-1.435672309,4.418043707,-3.043757408
25.66,-64.5322494,0.0557880822,0.6017748415,0.3150033686,0,-1.436042721,4.419278781,-3.043574821
25.67,-64.53165124,0.05579371301,0.6017487721,0.3150215194,0,-1.436407862,4.420509514,-3.043395373
25.68,-64.53106352,0.05579927319,0.6017227087,0.3150396537,0,-1.436767738,4.421735894,-3.043219057
25.69,-64.53048622,0.05580476285,0.6016966515,0.3150577714,0,-1.437122357,4.422957913,-3.043045866
25.7,-64.52991931,0.0558101821,0.601670601,0.3150758721,0,-1.437471725,4.42417556,-3.042875793
25.71,-64.52936277,0.05581553105,0.6016445577,0.3150939555,0,-1.437815848,4.425388825,-3.042708832
25.72,-64.52881658,0.0558208098,0.601618522,0.3151120214,0,-1.438154735,4.426597698,-3.042544975
25.73,-64.52828072,0.05582601847,0.6015924942,0.3151300695,0,-1.438488391,4.427802169,-3.042384217
25.74,-64.52775517,0.05583115717,0.6015664749,0.3151480996,0,-1.438816824,4.429002228,-3.04222655
25.75,-64.52723989,0.05583622601,0.6015404644,0.3151661114,0,-1.439140041,4.430197866,-3.042071968
25.76,-64.52673488,0.05584122511,0.6015144632,0.3151841046,0,-1.43945805,4.431389072,-3.041920463
25.77,-64.5262401,0.05584615457,0.6014884717,0.3152020791,0,-1.439770859,4.432575839,-3.041772029
25.78,-64.52575553,0.05585101453,0.6014624903,0.3152200344,0,-1.440078475,4.433758155,-3.041626659
25.79,-64.52528115,0.05585580508,0.6014365194,0.3152379704,0,-1.440380905,4.434936013,-3.041484345
25.8,-64.52481694,0.05586052635,0.6014105594,0.3152558868,0,-1.440678158,4.436109402,-3.041345081
25.81,-64.52436287,0.05586517845,0.6013846107,0.3152737834,0,-1.440970242,4.437278314,-3.04120886
25.82,-64.52391891,0.05586976152,0.6013586739,0.3152916599,0,-1.441257164,4.43844274,-3.041075674
25.83,-64.52348506,0.05587427565,0.6013327491,0.3153095161,0,-1.441538933,4.439602671,-3.040945517
25.84,-64.52306127,0.05587872099,0.601306837,0.3153273516,0,-1.441815558,4.440758097,-3.040818381
25.85,-64.52264753,0.05588309765,0.6012809378,0.3153451664,0,-1.442087046,4.441909011,-3.040694259
25.86,-64.52224382,0.05588740574,0.6012550521,0.31536296,0,-1.442353406,4.443055404,-3.040573145
25.87,-64.5218501,0.05589164541,0.6012291801,0.3153807323,0,-1.442614647,4.444197268,-3.04045503
25.88,-64.52146636,0.05589581676,0.6012033223,0.3153984829,0,-1.442870778,4.445334593,-3.040339908
25.89,-64.52109257,0.05589991994,0.6011774791,0.3154162118,0,-1.443121807,4.446467372,-3.040227771
25.9,-64.52072871,0.05590395505,0.6011516509,0.3154339186,0,-1.443367743,4.447595597,-3.040118612
25.91,-64.52037475,0.05590792224,0.6011258381,0.3154516031,0,-1.443608596,4.448719259,-3.040012424
25.92,-64.52003066,0.05591182163,0.6011000411,0.315469265,0,-1.443844375,4.449838351,-3.039909199
25.93,-64.51969643,0.05591565335,0.6010742602,0.3154869041,0,-1.444075089,4.450952864,-3.03980893
25.94,-64.51937203,0.05591941753,0.601048496,0.3155045202,0,-1.444300747,4.452062792,-3.03971161
25.95,-64.51905743,0.0559231143,0.6010227487,0.3155221129,0,-1.444521359,4.453168125,-3.03961723
25.96,-64.51875261,0.0559267438,0.6009970188,0.3155396822,0,-1.444736934,4.454268858,-3.039525784
25.97,-64.51845755,0.05593030615,0.6009713066,0.3155572278,0,-1.444947483,4.455364982,-3.039437265
25.98,-64.51817221,0.0559338015,0.6009456126,0.3155747493,0,-1.445153014,4.45645649,-3.039351663
25.99,-64.51789658,0.05593722997,0.6009199371,0.3155922466,0,-1.445353538,4.457543374,-3.039268973
26,-64.51763062,0.0559405917,0.6008942805,0.3156097195,0,-1.445549066,4.458625628,-3.039189186
26.01,-64.51737432,0.05594388684,0.6008686432,0.3156271677,0,-1.445739606,4.459703245,-3.039112295
26.02,-64.51712764,0.05594711551,0.6008430256,0.315644591,0,-1.44592517,4.460776218,-3.039038291
26.03,-64.51689056,0.05595027786,0.600817428,0.3156619892,0,-1.446105767,4.461844539,-3.038967169
26.04,-64.51666306,0.05595337402,0.6007918509,0.3156793619,0,-1.446281408,4.462908203,-3.038898918
26.05,-64.51644511,0.05595640415,0.6007662946,0.3156967091,0,-1.446452104,4.463967201,-3.038833533
26.06,-64.51623668,0.05595936837,0.6007407595,0.3157140305,0,-1.446617865,4.465021529,-3.038771005
26.07,-64.51603776,0.05596226683,0.6007152459,0.3157313258,0,-1.446778702,4.46607118,-3.038711327
26.08,-64.5158483,0.05596509967,0.6006897543,0.3157485949,0,-1.446934626,4.467116147,-3.038654489
26.09,-64.51566829,0.05596786705,0.600664285,0.3157658375,0,-1.447085648,4.468156424,-3.038600486
26.1,-64.5154977,0.05597056909,0.6006388383,0.3157830533,0,-1.447231778,4.469192005,-3.038549309
26.11,-64.5153365,0.05597320596,0.6006134147,0.3158002423,0,-1.447373028,4.470222884,-3.038500949
26.12,-64.51518466,0.05597577779,0.6005880145,0.315817404,0,-1.447509409,4.471249056,-3.038455399
26.13,-64.51504217,0.05597828474,0.6005626381,0.3158345385,0,-1.447640933,4.472270513,-3.038412652
26.14,-64.51490899,0.05598072695,0.6005372858,0.3158516453,0,-1.447767611,4.473287252,-3.038372698
26.15,-64.5147851,0.05598310457,0.6005119581,0.3158687244,0,-1.447889454,4.474299265,-3.038335531
26.16,-64.51467047,0.05598541775,0.6004866552,0.3158857754,0,-1.448006474,4.475306549,-3.038301141
26.17,-64.51456507,0.05598766665,0.6004613775,0.3159027982,0,-1.448118683,4.476309096,-3.038269522
26.18,-64.51446888,0.05598985141,0.6004361254,0.3159197926,0,-1.448226092,4.477306903,-3.038240664
26.19,-64.51438187,0.05599197219,0.6004108992,0.3159367583,0,-1.448328714,4.478299964,-3.03821456
26.2,-64.514304,0.05599402914,0.6003856993,0.3159536952,0,-1.44842656,4.479288274,-3.038191201
26.21,-64.51423527,0.05599602242,0.600360526,0.3159706031,0,-1.448519643,4.480271828,-3.03817058
26.22,-64.51417563,0.05599795218,0.6003353798,0.3159874816,0,-1.448607975,4.481250621,-3.038152688
26.23,-64.51412506,0.05599981858,0.6003102609,0.3160043307,0,-1.448691567,4.482224649,-3.038137517
26.24,-64.51408353,0.05600162178,0.6002851696,0.3160211501,0,-1.448770433,4.483193906,-3.038125059
26.25,-64.51405102,0.05600336193,0.6002601064,0.3160379397,0,-1.448844585,4.484158389,-3.038115305
26.26,-64.51402749,0.0560050392,0.6002350716,0.3160546991,0,-1.448914035,4.485118093,-3.038108247
26.27,-64.51401292,0.05600665374,0.6002100655,0.3160714283,0,-1.448978797,4.486073014,-3.038103877
26.28,-64.51400729,0.05600820571,0.6001850885,0.316088127,0,-1.449038882,4.487023147,-3.038102186
26.29,-64.51401056,0.05600969527,0.6001601408,0.316104795,0,-1.449094304,4.487968489,-3.038103167
26.3,-64.5140227,0.0560111226,0.600135223,0.3161214321,0,-1.449145075,4.488909035,-3.03810681
26.31,-64.51404369,0.05601248784,0.6001103352,0.3161380382,0,-1.449191209,4.489844782,-3.038113107
26.32,-64.5140735,0.05601379117,0.6000854778,0.316154613,0,-1.449232718,4.490775726,-3.03812205
26.33,-64.5141121,0.05601503274,0.6000606511,0.3161711563,0,-1.449269617,4.491701863,-3.03813363
26.34,-64.51415946,0.05601621273,0.6000358555,0.3161876679,0,-1.449301917,4.49262319,-3.038147839
26.35,-64.51421556,0.0560173313,0.6000110914,0.3162041478,0,-1.449329633,4.493539703,-3.038164667
26.36,-64.51428036,0.05601838862,0.599986359,0.3162205955,0,-1.449352778,4.494451399,-3.038184108
26.37,-64.51435384,0.05601938486,0.5999616586,0.3162370111,0,-1.449371365,4.495358275,-3.038206152
26.38,-64.51443597,0.05602032017,0.5999369906,0.3162533942,0,-1.449385408,4.496260328,-3.03823079
26.39,-64.51452671,0.05602119475,0.5999123554,0.3162697448,0,-1.44939492,4.497157554,-3.038258014
26.4,-64.51462605,0.05602200874,0.5998877532,0.3162860625,0,-1.449399917,4.498049951,-3.038287815
26.41,-64.51473395,0.05602276234,0.5998631843,0.3163023473,0,-1.44940041,4.498937515,-3.038320184
26.42,-64.51485038,0.0560234557,0.5998386491,0.3163185989,0,-1.449396415,4.499820245,-3.038355113
26.43,-64.51497531,0.05602408899,0.599814148,0.3163348172,0,-1.449387945,4.500698138,-3.038392593
26.44,-64.51510872,0.05602466241,0.5997896811,0.3163510019,0,-1.449375014,4.501571191,-3.038432616
26.45,-64.51525057,0.05602517611,0.5997652489,0.316367153,0,-1.449357637,4.502439402,-3.038475172
26.46,-64.51540084,0.05602563027,0.5997408516,0.3163832702,0,-1.449335828,4.503302768,-3.038520252
26.47,-64.5155595,0.05602602507,0.5997164895,0.3163993533,0,-1.449309601,4.504161288,-3.038567849
26.48,-64.51572651,0.05602636068,0.599692163,0.3164154022,0,-1.449278971,4.505014959,-3.038617953
26.49,-64.51590185,0.05602663729,0.5996678724,0.3164314167,0,-1.449243951,4.505863779,-3.038670554
26.5,-64.51608548,0.05602685507,0.5996436179,0.3164473967,0,-1.449204557,4.506707748,-3.038725645
26.51,-64.51627739,0.05602701419,0.5996193999,0.3164633418,0,-1.449160804,4.507546862,-3.038783217
26.52,-64.51647753,0.05602711484,0.5995952187,0.3164792521,0,-1.449112705,4.50838112,-3.038843259
26.53,-64.51668588,0.0560271572,0.5995710746,0.3164951272,0,-1.449060277,4.509210521,-3.038905765
26.54,-64.51690241,0.05602714145,0.5995469679,0.3165109671,0,-1.449003532,4.510035064,-3.038970723
26.55,-64.51712709,0.05602706777,0.5995228988,0.3165267716,0,-1.448942488,4.510854746,-3.039038126
26.56,-64.51735988,0.05602693635,0.5994988678,0.3165425405,0,-1.448877158,4.511669568,-3.039107965
26.57,-64.51760077,0.05602674736,0.599474875,0.3165582736,0,-1.448807558,4.512479527,-3.03918023
26.58,-64.51784971,0.05602650099,0.5994509207,0.3165739707,0,-1.448733703,4.513284623,-3.039254912
26.59,-64.51810668,0.05602619742,0.5994270053,0.3165896318,0,-1.448655608,4.514084854,-3.039332003
26.6,-64.51837164,0.05602583685,0.5994031291,0.3166052567,0,-1.448573289,4.514880221,-3.039411493
26.61,-64.51864458,0.05602541945,0.5993792923,0.3166208451,0,-1.44848676,4.515670723,-3.039493373
26.62,-64.51892544,0.05602494541,0.5993554952,0.3166363969,0,-1.448396037,4.516456358,-3.039577633
26.63,-64.51921422,0.05602441492,0.5993317382,0.316651912,0,-1.448301137,4.517237127,-3.039664266
26.64,-64.51951087,0.05602382817,0.5993080214,0.3166673903,0,-1.448202074,4.518013029,-3.039753261
26.65,-64.51981536,0.05602318535,0.5992843452,0.3166828315,0,-1.448098863,4.518784064,-3.039844609
26.66,-64.52012767,0.05602248664,0.5992607098,0.3166982354,0,-1.447991522,4.519550232,-3.039938301
26.67,-64.52044776,0.05602173224,0.5992371156,0.3167136021,0,-1.447880065,4.520311532,-3.040034328
26.68,-64.5207756,0.05602092233,0.5992135628,0.3167289312,0,-1.447764508,4.521067965,-3.040132681
26.69,-64.52111117,0.05602005711,0.5991900516,0.3167442227,0,-1.447644868,4.521819532,-3.04023335
26.7,-64.52145442,0.05601913677,0.5991665824,0.3167594763,0,-1.44752116,4.522566231,-3.040336326
26.71,-64.52180533,0.0560181615,0.5991431555,0.316774692,0,-1.4473934,4.523308064,-3.040441599
26.72,-64.52216387,0.0560171315,0.599119771,0.3167898696,0,-1.447261605,4.524045031,-3.040549161
26.73,-64.52253001,0.05601604696,0.5990964293,0.3168050089,0,-1.44712579,4.524777133,-3.040659002
26.74,-64.52290371,0.05601490807,0.5990731307,0.3168201099,0,-1.446985972,4.52550437,-3.040771112
26.75,-64.52328494,0.05601371503,0.5990498753,0.3168351723,0,-1.446842167,4.526226744,-3.040885482
26.76,-64.52367368,0.05601246803,0.5990266635,0.316850196,0,-1.446694392,4.526944255,-3.041002103
26.77,-64.52406989,0.05601116728,0.5990034956,0.3168651809,0,-1.446542663,4.527656904,-3.041120966
26.78,-64.52447353,0.05600981297,0.5989803717,0.3168801268,0,-1.446386995,4.528364692,-3.04124206
26.79,-64.52488459,0.05600840529,0.5989572921,0.3168950336,0,-1.446227407,4.52906762,-3.041365376
26.8,-64.52530302,0.05600694445,0.5989342572,0.3169099012,0,-1.446063914,4.529765691,-3.041490906
26.81,-64.52572879,0.05600543064,0.5989112671,0.3169247294,0,-1.445896533,4.530458905,-3.041618638
26.82,-64.52616188,0.05600386406,0.5988883222,0.316939518,0,-1.445725281,4.531147263,-3.041748565
26.83,-64.52660225,0.05600224491,0.5988654226,0.3169542671,0,-1.445550174,4.531830768,-3.041880676
26.84,-64.52704987,0.0560005734,0.5988425686,0.3169689763,0,-1.44537123,4.532509421,-3.042014961
26.85,-64.52750471,0.05599884973,0.5988197604,0.3169836456,0,-1.445188465,4.533183224,-3.042151412
26.86,-64.52796673,0.05599707409,0.5987969984,0.3169982748,0,-1.445001896,4.533852179,-3.042290018
26.87,-64.5284359,0.05599524668,0.5987742827,0.3170128639,0,-1.44481154,4.534516288,-3.04243077
26.88,-64.5289122,0.05599336772,0.5987516137,0.3170274126,0,-1.444617413,4.535175553,-3.042573659
26.89,-64.52939558,0.05599143741,0.5987289915,0.3170419209,0,-1.444419534,4.535829976,-3.042718674
26.9,-64.52988602,0.05598945595,0.5987064163,0.3170563887,0,-1.44421792,4.53647956,-3.042865806
26.91,-64.53038349,0.05598742354,0.5986838885,0.3170708157,0,-1.444012586,4.537124307,-3.043015046
26.92,-64.53088794,0.05598534038,0.5986614082,0.317085202,0,-1.443803551,4.53776422,-3.043166383
26.93,-64.53139936,0.0559832067,0.5986389757,0.3170995473,0,-1.443590832,4.538399301,-3.043319808
26.94,-64.53191771,0.05598102268,0.5986165913,0.3171138515,0,-1.443374447,4.539029553,-3.043475312
26.95,-64.53244295,0.05597878854,0.5985942551,0.3171281145,0,-1.443154411,4.539654979,-3.043632884
26.96,-64.53297505,0.05597650449,0.5985719674,0.3171423363,0,-1.442930744,4.540275582,-3.043792514
26.97,-64.53351398,0.05597417072,0.5985497284,0.3171565166,0,-1.442703461,4.540891365,-3.043954194
26.98,-64.53405971,0.05597178746,0.5985275384,0.3171706554,0,-1.442472582,4.541502331,-3.044117913
26.99,-64.53461221,0.05596935491,0.5985053975,0.3171847525,0,-1.442238123,4.542108483,-3.044283662
27,-64.53517143,0.05596687328,0.598483306,0.3171988078,0,-1.442000102,4.542709825,-3.04445143
27.01,-64.53573736,0.05596434277,0.5984612642,0.3172128213,0,-1.441758537,4.54330636,-3.044621208
27.02,-64.53630996,0.05596176361,0.5984392722,0.3172267928,0,-1.441513444,4.543898092,-3.044792987
27.03,-64.53688918,0.05595913599,0.5984173302,0.3172407221,0,-1.441264843,4.544485023,-3.044966755
27.04,-64.53747501,0.05595646013,0.5983954385,0.3172546093,0,-1.44101275,4.545067159,-3.045142504
27.05,-64.53806741,0.05595373625,0.5983735973,0.3172684541,0,-1.440757183,4.545644503,-3.045320223
27.06,-64.53866634,0.05595096455,0.5983518069,0.3172822564,0,-1.440498161,4.546217059,-3.045499903
27.07,-64.53927178,0.05594814524,0.5983300673,0.3172960163,0,-1.440235701,4.54678483,-3.045681534
27.08,-64.53988369,0.05594527855,0.5983083788,0.3173097334,0,-1.439969821,4.547347822,-3.045865106
27.09,-64.54050203,0.05594236468,0.5982867417,0.3173234079,0,-1.439700539,4.547906037,-3.046050608
27.1,-64.54112677,0.05593940384,0.5982651562,0.3173370394,0,-1.439427872,4.548459481,-3.046238032
27.11,-64.54175789,0.05593639626,0.5982436223,0.317350628,0,-1.43915184,4.549008158,-3.046427366
27.12,-64.54239534,0.05593334214,0.5982221405,0.3173641735,0,-1.438872459,4.549552073,-3.046618602
27.13,-64.5430391,0.05593024171,0.5982007108,0.3173776759,0,-1.438589748,4.550091229,-3.046811729
27.14,-64.54368912,0.05592709517,0.5981793334,0.317391135,0,-1.438303725,4.550625633,-3.047006737
27.15,-64.54434539,0.05592390274,0.5981580086,0.3174045507,0,-1.438014409,4.551155287,-3.047203617
27.16,-64.54500786,0.05592066464,0.5981367366,0.317417923,0,-1.437721816,4.551680199,-3.047402357
27.17,-64.5456765,0.05591738109,0.5981155175,0.3174312517,0,-1.437425967,4.552200371,-3.047602949
27.18,-64.54635128,0.0559140523,0.5980943515,0.3174445368,0,-1.437126878,4.55271581,-3.047805383
27.19,-64.54703216,0.05591067849,0.5980732389,0.3174577782,0,-1.436824568,4.553226521,-3.048009647
27.2,-64.54771911,0.05590725988,0.5980521798,0.3174709757,0,-1.436519055,4.553732509,-3.048215733
27.21,-64.5484121,0.05590379668,0.5980311745,0.3174841292,0,-1.436210358,4.554233779,-3.04842363
27.22,-64.5491111,0.05590028912,0.598010223,0.3174972388,0,-1.435898494,4.554730337,-3.048633329
27.23,-64.54981606,0.05589673742,0.5979893256,0.3175103043,0,-1.435583483,4.555222188,-3.048844818
27.24,-64.55052696,0.05589314178,0.5979684825,0.3175233255,0,-1.435265343,4.555709338,-3.049058089
27.25,-64.55124377,0.05588950244,0.5979476938,0.3175363025,0,-1.434944091,4.556191793,-3.04927313
27.26,-64.55196644,0.05588581962,0.5979269598,0.3175492352,0,-1.434619747,4.556669558,-3.049489933
27.27,-64.55269495,0.05588209353,0.5979062806,0.3175621233,0,-1.434292329,4.557142639,-3.049708486
27.28,-64.55342927,0.05587832439,0.5978856564,0.317574967,0,-1.433961856,4.557611044,-3.04992878
27.29,-64.55416935,0.05587451243,0.5978650874,0.317587766,0,-1.433628345,4.558074776,-3.050150805
27.3,-64.55491517,0.05587065786,0.5978445737,0.3176005204,0,-1.433291816,4.558533843,-3.050374551
27.31,-64.55566669,0.05586676091,0.5978241155,0.31761323,0,-1.432952287,4.558988251,-3.050600007
27.32,-64.55642388,0.0558628218,0.597803713,0.3176258947,0,-1.432609776,4.559438007,-3.050827163
27.33,-64.5571867,0.05585884076,0.5977833664,0.3176385145,0,-1.432264302,4.559883116,-3.05105601
27.34,-64.55795512,0.055854818,0.5977630758,0.3176510893,0,-1.431915884,4.560323586,-3.051286537
27.35,-64.55872911,0.05585075374,0.5977428413,0.317663619,0,-1.431564541,4.560759422,-3.051518733
27.36,-64.55950863,0.05584664822,0.5977226633,0.3176761035,0,-1.43121029,4.561190632,-3.05175259
27.37,-64.56029365,0.05584250166,0.5977025417,0.3176885428,0,-1.430853151,4.561617223,-3.051988096
27.38,-64.56108414,0.05583831427,0.5976824769,0.3177009368,0,-1.430493142,4.562039201,-3.052225243
27.39,-64.56188006,0.05583408628,0.5976624688,0.3177132855,0,-1.430130282,4.562456573,-3.052464018
27.4,-64.56268138,0.05582981791,0.5976425178,0.3177255887,0,-1.42976459,4.562869346,-3.052704413
27.41,-64.56348806,0.0558255094,0.5976226239,0.3177378464,0,-1.429396084,4.563277528,-3.052946417
27.42,-64.56430007,0.05582116097,0.5976027874,0.3177500585,0,-1.429024783,4.563681126,-3.05319002
27.43,-64.56511737,0.05581677283,0.5975830083,0.317762225,0,-1.428650706,4.564080147,-3.053435211
27.44,-64.56593994,0.05581234522,0.5975632868,0.3177743457,0,-1.428273871,4.564474598,-3.053681982
27.45,-64.56676773,0.05580787835,0.597543623,0.3177864207,0,-1.427894298,4.564864488,-3.05393032
27.46,-64.56760072,0.05580337247,0.5975240172,0.3177984499,0,-1.427512005,4.565249822,-3.054180217
27.47,-64.56843887,0.05579882778,0.5975044695,0.3178104331,0,-1.42712701,4.56563061,-3.054431662
27.48,-64.56928215,0.05579424452,0.5974849799,0.3178223704,0,-1.426739334,4.566006859,-3.054684646
27.49,-64.57013052,0.05578962292,0.5974655487,0.3178342617,0,-1.426348993,4.566378576,-3.054939156
27.5,-64.57098395,0.05578496319,0.597446176,0.3178461069,0,-1.425956008,4.566745771,-3.055195185
27.51,-64.5718424,0.05578026558,0.5974268619,0.317857906,0,-1.425560396,4.567108449,-3.05545272
27.52,-64.57270584,0.05577553029,0.5974076065,0.3178696588,0,-1.425162178,4.567466621,-3.055711753
27.53,-64.57357424,0.05577075757,0.5973884101,0.3178813655,0,-1.424761371,4.567820293,-3.055972273
27.54,-64.57444757,0.05576594763,0.5973692727,0.3178930258,0,-1.424357994,4.568169474,-3.05623427
27.55,-64.57532578,0.0557611007,0.5973501945,0.3179046397,0,-1.423952067,4.568514173,-3.056497733
27.56,-64.57620884,0.05575621702,0.5973311756,0.3179162073,0,-1.423543607,4.568854397,-3.056762653
27.57,-64.57709673,0.05575129681,0.5973122161,0.3179277284,0,-1.423132634,4.569190155,-3.057029018
27.58,-64.5779894,0.05574634029,0.5972933162,0.317939203,0,-1.422719167,4.569521456,-3.05729682
27.59,-64.57888683,0.05574134769,0.597274476,0.317950631,0,-1.422303225,4.569848309,-3.057566048
27.6,-64.57978897,0.05573631925,0.5972556956,0.3179620124,0,-1.421884826,4.570170721,-3.057836691
27.61,-64.5806958,0.05573125519,0.5972369751,0.3179733472,0,-1.421463989,4.570488703,-3.05810874
27.62,-64.58160728,0.05572615574,0.5972183147,0.3179846352,0,-1.421040733,4.570802262,-3.058382184
27.63,-64.58252337,0.05572102112,0.5971997145,0.3179958766,0,-1.420615076,4.571111407,-3.058657012
27.64,-64.58344405,0.05571585157,0.5971811746,0.3180070711,0,-1.420187039,4.571416148,-3.058933216
27.65,-64.58436928,0.05571064731,0.5971626951,0.3180182188,0,-1.419756638,4.571716494,-3.059210784
27.66,-64.58529902,0.05570540858,0.5971442762,0.3180293196,0,-1.419323894,4.572012454,-3.059489707
27.67,-64.58623325,0.05570013559,0.5971259179,0.3180403735,0,-1.418888825,4.572304037,-3.059769974
27.68,-64.58717192,0.05569482858,0.5971076204,0.3180513805,0,-1.41845145,4.572591252,-3.060051575
27.69,-64.588115,0.05568948778,0.5970893837,0.3180623405,0,-1.418011787,4.572874108,-3.0603345
27.7,-64.58906246,0.05568411342,0.597071208,0.3180732534,0,-1.417569856,4.573152616,-3.060618739
27.71,-64.59001427,0.05567870572,0.5970530935,0.3180841193,0,-1.417125675,4.573426785,-3.060904281
27.72,-64.59097039,0.05567326492,0.5970350401,0.3180949381,0,-1.416679262,4.573696624,-3.061191116
27.73,-64.59193078,0.05566779123,0.5970170481,0.3181057097,0,-1.416230638,4.573962143,-3.061479235
27.74,-64.59289542,0.05566228491,0.5969991174,0.3181164342,0,-1.41577982,4.574223352,-3.061768626
27.75,-64.59386427,0.05565674616,0.5969812483,0.3181271115,0,-1.415326827,4.57448026,-3.062059281
27.76,-64.59483729,0.05565117522,0.5969634408,0.3181377415,0,-1.414871678,4.574732878,-3.062351188
27.77,-64.59581446,0.05564557232,0.5969456949,0.3181483243,0,-1.414414392,4.574981215,-3.062644338
27.78,-64.59679573,0.05563993769,0.596928011,0.3181588598,0,-1.413954987,4.575225282,-3.06293872
27.79,-64.59778108,0.05563427156,0.5969103889,0.318169348,0,-1.413493483,4.575465088,-3.063234324
27.8,-64.59877047,0.05562857415,0.5968928288,0.3181797888,0,-1.413029897,4.575700644,-3.06353114
27.81,-64.59976386,0.0556228457,0.5968753308,0.3181901823,0,-1.412564248,4.575931959,-3.063829158
27.82,-64.60076123,0.05561708644,0.596857895,0.3182005284,0,-1.412096556,4.576159045,-3.064128368
27.83,-64.60176253,0.05561129658,0.5968405214,0.318210827,0,-1.411626838,4.576381911,-3.064428759
27.84,-64.60276774,0.05560547637,0.5968232103,0.3182210782,0,-1.411155114,4.576600568,-3.064730322
27.85,-64.60377682,0.05559962604,0.5968059615,0.318231282,0,-1.410681401,4.576815027,-3.065033047
27.86,-64.60478974,0.0555937458,0.5967887753,0.3182414382,0,-1.410205719,4.577025297,-3.065336922
27.87,-64.60580646,0.05558783589,0.5967716518,0.318251547,0,-1.409728087,4.577231391,-3.065641939
27.88,-64.60682696,0.05558189654,0.5967545909,0.3182616082,0,-1.409248522,4.577433317,-3.065948087
27.89,-64.60785119,0.05557592798,0.5967375928,0.3182716219,0,-1.408767043,4.577631088,-3.066255356
27.9,-64.60887912,0.05556993043,0.5967206576,0.318281588,0,-1.408283669,4.577824713,-3.066563736
27.91,-64.60991072,0.05556390413,0.5967037853,0.3182915066,0,-1.407798419,4.578014205,-3.066873217
27.92,-64.61094596,0.0555578493,0.596686976,0.3183013775,0,-1.40731131,4.578199573,-3.067183788
27.93,-64.6119848,0.05555176617,0.5966702298,0.3183112009,0,-1.406822361,4.578380829,-3.06749544
27.94,-64.61302721,0.05554565498,0.5966535467,0.3183209766,0,-1.406331591,4.578557983,-3.067808163
27.95,-64.61407315,0.05553951594,0.5966369269,0.3183307047,0,-1.405839018,4.578731048,-3.068121946
27.96,-64.6151226,0.05553334929,0.5966203704,0.3183403852,0,-1.405344661,4.578900034,-3.06843678
27.97,-64.61617551,0.05552715525,0.5966038773,0.318350018,0,-1.404848538,4.579064952,-3.068752654
27.98,-64.61723186,0.05552093406,0.5965874476,0.3183596031,0,-1.404350666,4.579225813,-3.069069559
27.99,-64.61829162,0.05551468594,0.5965710814,0.3183691406,0,-1.403851065,4.57938263,-3.069387485
28,-64.61935473,0.05550841111,0.5965547788,0.3183786304,0,-1.403349753,4.579535414,-3.06970642
28.01,-64.62042119,0.05550210981,0.5965385398,0.3183880726,0,-1.402846749,4.579684175,-3.070026357
28.02,-64.62149094,0.05549578227,0.5965223644,0.318397467,0,-1.402342069,4.579828926,-3.070347283
28.03,-64.62256397,0.05548942871,0.5965062529,0.3184068138,0,-1.401835733,4.579969678,-3.070669191
28.04,-64.62364023,0.05548304935,0.5964902051,0.3184161128,0,-1.401327759,4.580106442,-3.070992069
28.05,-64.62471969,0.05547664444,0.5964742212,0.3184253642,0,-1.400818165,4.580239231,-3.071315907
28.06,-64.62580232,0.05547021418,0.5964583012,0.3184345679,0,-1.400306969,4.580368057,-3.071640696
28.07,-64.62688809,0.05546375881,0.5964424452,0.3184437238,0,-1.399794189,4.58049293,-3.071966426
28.08,-64.62797696,0.05545727856,0.5964266533,0.3184528321,0,-1.399279843,4.580613864,-3.072293087
28.09,-64.6290689,0.05545077366,0.5964109254,0.3184618927,0,-1.39876395,4.580730869,-3.072620669
28.1,-64.63016387,0.05544424432,0.5963952616,0.3184709056,0,-1.398246527,4.580843958,-3.072949161
28.11,-64.63126185,0.05543769077,0.596379662,0.3184798708,0,-1.397727593,4.580953144,-3.073278555
28.12,-64.6323628,0.05543111325,0.5963641266,0.3184887883,0,-1.397207164,4.581058437,-3.07360884
28.13,-64.63346669,0.05542451197,0.5963486555,0.3184976581,0,-1.39668526,4.58115985,-3.073940006
28.14,-64.63457348,0.05541788716,0.5963332486,0.3185064803,0,-1.396161898,4.581257396,-3.074272044
28.15,-64.63568315,0.05541123906,0.5963179062,0.3185152548,0,-1.395637097,4.581351086,-3.074604944
28.16,-64.63679565,0.05540456787,0.5963026281,0.3185239816,0,-1.395110872,4.581440933,-3.074938695
28.17,-64.63791096,0.05539787383,0.5962874144,0.3185326608,0,-1.394583244,4.58152695,-3.075273289
28.18,-64.63902905,0.05539115716,0.5962722653,0.3185412923,0,-1.394054229,4.581609148,-3.075608714
28.19,-64.64014987,0.05538441809,0.5962571806,0.3185498762,0,-1.393523845,4.58168754,-3.075944962
28.2,-64.64127341,0.05537765683,0.5962421605,0.3185584125,0,-1.39299211,4.581762139,-3.076282023
28.21,-64.64239962,0.05537087362,0.5962272049,0.3185669012,0,-1.392459041,4.581832957,-3.076619887
28.22,-64.64352848,0.05536406868,0.5962123139,0.3185753423,0,-1.391924657,4.581900007,-3.076958544
28.23,-64.64465995,0.05535724223,0.5961974876,0.3185837359,0,-1.391388974,4.581963301,-3.077297985
28.24,-64.645794,0.0553503945,0.5961827259,0.3185920818,0,-1.39085201,4.582022852,-3.077638199
28.25,-64.64693059,0.0553435257,0.5961680289,0.3186003803,0,-1.390313783,4.582078673,-3.077979177
28.26,-64.6480697,0.05533663606,0.5961533967,0.3186086312,0,-1.389774311,4.582130776,-3.07832091
28.27,-64.64921129,0.0553297258,0.5961388292,0.3186168345,0,-1.389233609,4.582179175,-3.078663388
28.28,-64.65035533,0.05532279514,0.5961243264,0.3186249904,0,-1.388691697,4.582223881,-3.0790066
28.29,-64.65150179,0.05531584431,0.5961098885,0.3186330989,0,-1.388148592,4.582264909,-3.079350538
28.3,-64.65265064,0.05530887353,0.5960955153,0.3186411598,0,-1.38760431,4.582302272,-3.079695192
28.31,-64.65380184,0.05530188301,0.596081207,0.3186491734,0,-1.387058869,4.582335981,-3.080040551
28.32,-64.65495536,0.05529487299,0.5960669636,0.3186571395,0,-1.386512286,4.58236605,-3.080386608
28.33,-64.65611117,0.05528784367,0.596052785,0.3186650583,0,-1.385964579,4.582392492,-3.080733351
28.34,-64.65726924,0.05528079528,0.5960386712,0.3186729297,0,-1.385415764,4.582415321,-3.081080772
28.35,-64.65842954,0.05527372805,0.5960246224,0.3186807537,0,-1.384865858,4.582434549,-3.081428861
28.36,-64.65959203,0.05526664218,0.5960106385,0.3186885305,0,-1.38431488,4.58245019,-3.081777608
28.37,-64.66075668,0.0552595379,0.5959967195,0.31869626,0,-1.383762845,4.582462256,-3.082127004
28.38,-64.66192346,0.05525241542,0.5959828654,0.3187039422,0,-1.383209771,4.582470762,-3.082477039
28.39,-64.66309235,0.05524527498,0.5959690763,0.3187115772,0,-1.382655675,4.58247572,-3.082827704
28.4,-64.6642633,0.05523811677,0.5959553521,0.318719165,0,-1.382100573,4.582477144,-3.08317899
28.41,-64.66543629,0.05523094103,0.5959416929,0.3187267056,0,-1.381544483,4.582475048,-3.083530887
28.42,-64.66661128,0.05522374797,0.5959280986,0.3187341991,0,-1.38098742,4.582469443,-3.083883385
28.43,-64.66778825,0.0552165378,0.5959145693,0.3187416455,0,-1.380429403,4.582460345,-3.084236475
28.44,-64.66896716,0.05520931075,0.5959011049,0.3187490449,0,-1.379870447,4.582447767,-3.084590148
28.45,-64.67014798,0.05520206703,0.5958877055,0.3187563971,0,-1.37931057,4.582431721,-3.084944395
28.46,-64.67133069,0.05519480685,0.5958743711,0.3187637024,0,-1.378749788,4.582412222,-3.085299206
28.47,-64.67251524,0.05518753044,0.5958611017,0.3187709608,0,-1.378188117,4.582389284,-3.085654571
28.48,-64.67370161,0.055180238,0.5958478971,0.3187781722,0,-1.377625574,4.582362919,-3.086010482
28.49,-64.67488976,0.05517292975,0.5958347576,0.3187853367,0,-1.377062176,4.582333142,-3.086366929
28.5,-64.67607968,0.05516560591,0.595821683,0.3187924543,0,-1.376497939,4.582299966,-3.086723904
28.51,-64.67727132,0.05515826668,0.5958086733,0.3187995251,0,-1.375932879,4.582263405,-3.087081395
28.52,-64.67846465,0.0551509123,0.5957957286,0.3188065492,0,-1.375367012,4.582223473,-3.087439395
28.53,-64.67965965,0.05514354295,0.5957828488,0.3188135265,0,-1.374800356,4.582180184,-3.087797894
28.54,-64.68085628,0.05513615887,0.5957700339,0.3188204571,0,-1.374232926,4.58213355,-3.088156884
28.55,-64.68205451,0.05512876026,0.5957572839,0.318827341,0,-1.373664738,4.582083588,-3.088516354
28.56,-64.68325432,0.05512134734,0.5957445988,0.3188341784,0,-1.373095809,4.582030309,-3.088876296
28.57,-64.68445567,0.05511392031,0.5957319785,0.3188409691,0,-1.372526154,4.581973728,-3.0892367
28.58,-64.68565853,0.05510647939,0.5957194231,0.3188477134,0,-1.37195579,4.581913859,-3.089597558
28.59,-64.68686287,0.05509902478,0.5957069326,0.3188544111,0,-1.371384732,4.581850716,-3.08995886
28.6,-64.68806866,0.0550915567,0.5956945069,0.3188610624,0,-1.370812997,4.581784313,-3.090320598
28.61,-64.68927587,0.05508407536,0.595682146,0.3188676674,0,-1.3702406,4.581714664,-3.090682761
28.62,-64.69048447,0.05507658097,0.5956698498,0.3188742259,0,-1.369667558,4.581641782,-3.091045342
28.63,-64.69169444,0.05506907374,0.5956576184,0.3188807382,0,-1.369093885,4.581565683,-3.091408332
28.64,-64.69290573,0.05506155386,0.5956454518,0.3188872043,0,-1.368519599,4.58148638,-3.09177172
28.65,-64.69411833,0.05505402156,0.5956333499,0.3188936241,0,-1.367944713,4.581403888,-3.092135499
28.66,-64.6953322,0.05504647704,0.5956213126,0.3188999978,0,-1.367369245,4.581318219,-3.092499659
28.67,-64.69654731,0.05503892051,0.59560934,0.3189063254,0,-1.366793209,4.58122939,-3.092864192
28.68,-64.69776363,0.05503135217,0.5955974321,0.318912607,0,-1.366216621,4.581137413,-3.093229088
28.69,-64.69898113,0.05502377223,0.5955855887,0.3189188425,0,-1.365639497,4.581042303,-3.093594339
28.7,-64.70019979,0.05501618089,0.5955738099,0.3189250321,0,-1.365061852,4.580944074,-3.093959936
28.71,-64.70141957,0.05500857837,0.5955620957,0.3189311759,0,-1.3644837,4.580842741,-3.09432587
28.72,-64.70264044,0.05500096486,0.5955504459,0.3189372738,0,-1.363905059,4.580738318,-3.094692132
28.73,-64.70386238,0.05499334057,0.5955388607,0.3189433259,0,-1.363325942,4.580630819,-3.095058714
28.74,-64.70508535,0.0549857057,0.5955273398,0.3189493323,0,-1.362746365,4.580520258,-3.095425606
28.75,-64.70630934,0.05497806045,0.5955158834,0.3189552931,0,-1.362166343,4.58040665,-3.095792801
28.76,-64.70753429,0.05497040504,0.5955044913,0.3189612082,0,-1.361585892,4.580290009,-3.096160288
28.77,-64.7087602,0.05496273965,0.5954931636,0.3189670778,0,-1.361005025,4.580170349,-3.096528061
28.78,-64.70998703,0.0549550645,0.5954819001,0.3189729019,0,-1.360423759,4.580047686,-3.096896109
28.79,-64.71121475,0.05494737977,0.5954707009,0.3189786806,0,-1.359842107,4.579922032,-3.097264425
28.8,-64.71244333,0.05493968569,0.5954595659,0.3189844139,0,-1.359260085,4.579793404,-3.097632999
28.81,-64.71367275,0.05493198243,0.595448495,0.3189901019,0,-1.358677708,4.579661814,-3.098001824
28.82,-64.71490297,0.05492427021,0.5954374883,0.3189957446,0,-1.358094991,4.579527279,-3.09837089
28.83,-64.71613396,0.05491654922,0.5954265456,0.3190013422,0,-1.357511947,4.579389811,-3.098740189
28.84,-64.71736571,0.05490881965,0.5954156669,0.3190068946,0,-1.356928592,4.579249426,-3.099109713
28.85,-64.71859818,0.05490108172,0.5954048522,0.319012402,0,-1.35634494,4.579106138,-3.099479453
28.86,-64.71983134,0.05489333561,0.5953941015,0.3190178644,0,-1.355761005,4.578959962,-3.099849401
28.87,-64.72106516,0.05488558152,0.5953834146,0.3190232819,0,-1.355176803,4.578810912,-3.100219548
28.88,-64.72229962,0.05487781965,0.5953727915,0.3190286545,0,-1.354592347,4.578659003,-3.100589886
28.89,-64.72353469,0.05487005019,0.5953622322,0.3190339823,0,-1.354007652,4.578504249,-3.100960406
28.9,-64.72477033,0.05486227334,0.5953517366,0.3190392654,0,-1.353422732,4.578346665,-3.1013311
28.91,-64.72600653,0.05485448929,0.5953413047,0.3190445038,0,-1.352837601,4.578186265,-3.10170196
28.92,-64.72724326,0.05484669824,0.5953309364,0.3190496976,0,-1.352252274,4.578023065,-3.102072977
28.93,-64.72848048,0.05483890038,0.5953206317,0.3190548469,0,-1.351666763,4.577857078,-3.102444144
28.94,-64.72971817,0.0548310959,0.5953103904,0.3190599518,0,-1.351081085,4.577688319,-3.102815452
28.95,-64.73095631,0.05482328499,0.5953002126,0.3190650123,0,-1.350495251,4.577516804,-3.103186892
28.96,-64.73219486,0.05481546785,0.5952900981,0.3190700284,0,-1.349909277,4.577342546,-3.103558457
28.97,-64.73343379,0.05480764467,0.595280047,0.3190750004,0,-1.349323177,4.57716556,-3.103930138
28.98,-64.73467309,0.05479981563,0.5952700591,0.3190799281,0,-1.348736963,4.576985861,-3.104301928
28.99,-64.73591272,0.05479198094,0.5952601343,0.3190848118,0,-1.348150649,4.576803464,-3.104673817
29,-64.73715266,0.05478414076,0.5952502728,0.3190896514,0,-1.34756425,4.576618382,-3.105045799
29.01,-64.73839288,0.0547762953,0.5952404742,0.3190944471,0,-1.346977779,4.576430632,-3.105417865
29.02,-64.73963335,0.05476844475,0.5952307387,0.3190991989,0,-1.346391249,4.576240227,-3.105790006
29.03,-64.74087405,0.05476058928,0.5952210661,0.319103907,0,-1.345804674,4.576047183,-3.106162216
29.04,-64.74211495,0.05475272909,0.5952114563,0.3191085713,0,-1.345218067,4.575851513,-3.106534485
29.05,-64.74335602,0.05474486437,0.5952019094,0.3191131919,0,-1.344631441,4.575653233,-3.106906807
29.06,-64.74459724,0.05473699529,0.5951924251,0.319117769,0,-1.344044811,4.575452358,-3.107279173
29.07,-64.74583858,0.05472912204,0.5951830035,0.3191223026,0,-1.343458189,4.575248901,-3.107651575
29.08,-64.74708002,0.05472124481,0.5951736445,0.3191267928,0,-1.342871588,4.575042879,-3.108024005
29.09,-64.74832152,0.05471336379,0.595164348,0.3191312397,0,-1.342285021,4.574834304,-3.108396456
29.1,-64.74956306,0.05470547914,0.5951551139,0.3191356433,0,-1.341698502,4.574623193,-3.108768919
29.11,-64.75080463,0.05469759106,0.5951459421,0.3191400037,0,-1.341112043,4.57440956,-3.109141388
29.12,-64.75204618,0.05468969973,0.5951368327,0.3191443211,0,-1.340525657,4.57419342,-3.109513853
29.13,-64.7532877,0.05468180533,0.5951277854,0.3191485954,0,-1.339939357,4.573974787,-3.109886309
29.14,-64.75452915,0.05467390804,0.5951188002,0.3191528269,0,-1.339353156,4.573753676,-3.110258746
29.15,-64.75577052,0.05466600804,0.5951098771,0.3191570154,0,-1.338767067,4.573530102,-3.110631157
29.16,-64.75701178,0.05465810551,0.595101016,0.3191611612,0,-1.338181102,4.573304079,-3.111003534
29.17,-64.7582529,0.05465020062,0.5950922167,0.3191652644,0,-1.337595274,4.573075623,-3.111375871
29.18,-64.75949386,0.05464229356,0.5950834792,0.3191693249,0,-1.337009595,4.572844747,-3.111748159
29.19,-64.76073463,0.0546343845,0.5950748035,0.319173343,0,-1.336424079,4.572611468,-3.11212039
29.2,-64.76197519,0.05462647361,0.5950661893,0.3191773186,0,-1.335838736,4.572375798,-3.112492558
29.21,-64.76321552,0.05461856109,0.5950576368,0.3191812518,0,-1.33525358,4.572137754,-3.112864655
29.22,-64.76445558,0.05461064709,0.5950491456,0.3191851429,0,-1.334668622,4.57189735,-3.113236673
29.23,-64.76569535,0.05460273179,0.5950407159,0.3191889917,0,-1.334083876,4.571654601,-3.113608605
29.24,-64.76693481,0.05459481537,0.5950323474,0.3191927985,0,-1.333499353,4.571409521,-3.113980443
29.25,-64.76817394,0.05458689801,0.5950240402,0.3191965633,0,-1.332915065,4.571162124,-3.114352181
29.26,-64.7694127,0.05457897987,0.595015794,0.3192002862,0,-1.332331025,4.570912427,-3.11472381
29.27,-64.77065108,0.05457106112,0.5950076089,0.3192039672,0,-1.331747244,4.570660443,-3.115095324
29.28,-64.77188905,0.05456314194,0.5949994846,0.3192076066,0,-1.331163734,4.570406187,-3.115466715
29.29,-64.77312659,0.0545552225,0.5949914213,0.3192112043,0,-1.330580507,4.570149673,-3.115837976
29.3,-64.77436366,0.05454730296,0.5949834186,0.3192147605,0,-1.329997574,4.569890918,-3.116209099
29.31,-64.77560026,0.0545393835,0.5949754766,0.3192182753,0,-1.329414948,4.569629934,-3.116580079
29.32,-64.77683636,0.05453146428,0.5949675952,0.3192217486,0,-1.32883264,4.569366737,-3.116950907
29.33,-64.77807192,0.05452354548,0.5949597742,0.3192251807,0,-1.328250662,4.569101342,-3.117321576
29.34,-64.77930693,0.05451562726,0.5949520136,0.3192285717,0,-1.327669025,4.568833763,-3.117692079
29.35,-64.78054136,0.05450770978,0.5949443133,0.3192319215,0,-1.32708774,4.568564014,-3.118062409
29.36,-64.7817752,0.05449979321,0.5949366731,0.3192352304,0,-1.32650682,4.568292111,-3.11843256
29.37,-64.78300841,0.05449187772,0.5949290929,0.3192384984,0,-1.325926274,4.568018068,-3.118802523
29.38,-64.78424098,0.05448396347,0.5949215728,0.3192417256,0,-1.325346115,4.5677419,-3.119172293
29.39,-64.78547287,0.05447605062,0.5949141125,0.319244912,0,-1.324766354,4.56746362,-3.119541862
29.4,-64.78670408,0.05446813935,0.594906712,0.3192480579,0,-1.324187001,4.567183245,-3.119911223
29.41,-64.78793457,0.0544602298,0.5948993711,0.3192511633,0,-1.323608069,4.566900788,-3.12028037
29.42,-64.78916432,0.05445232214,0.5948920898,0.3192542282,0,-1.323029567,4.566616264,-3.120649295
29.43,-64.79039331,0.05444441653,0.594884868,0.3192572528,0,-1.322451507,4.566329688,-3.121017992
29.44,-64.79162151,0.05443651314,0.5948777055,0.3192602372,0,-1.321873899,4.566041074,-3.121386454
29.45,-64.79284891,0.05442861212,0.5948706022,0.3192631815,0,-1.321296755,4.565750436,-3.121754674
29.46,-64.79407549,0.05442071362,0.5948635581,0.3192660858,0,-1.320720085,4.56545779,-3.122122646
29.47,-64.79530121,0.05441281782,0.5948565731,0.3192689501,0,-1.3201439,4.56516315,-3.122490362
29.48,-64.79652606,0.05440492486,0.5948496469,0.3192717746,0,-1.31956821,4.564866529,-3.122857817
29.49,-64.79775001,0.0543970349,0.5948427796,0.3192745594,0,-1.318993026,4.564567944,-3.123225003
29.5,-64.79897305,0.0543891481,0.5948359709,0.3192773045,0,-1.318418359,4.564267407,-3.123591914
29.51,-64.80019514,0.05438126461,0.5948292209,0.3192800102,0,-1.317844218,4.563964935,-3.123958543
29.52,-64.80141628,0.05437338459,0.5948225293,0.3192826764,0,-1.317270614,4.56366054,-3.124324885
29.53,-64.80263644,0.05436550819,0.5948158962,0.3192853032,0,-1.316697558,4.563354238,-3.124690932
29.54,-64.80385559,0.05435763556,0.5948093212,0.3192878909,0,-1.316125059,4.563046043,-3.125056677
29.55,-64.80507372,0.05434976686,0.5948028045,0.3192904394,0,-1.315553129,4.562735969,-3.125422115
29.56,-64.8062908,0.05434190223,0.5947963457,0.3192929489,0,-1.314981776,4.562424031,-3.125787239
29.57,-64.80750681,0.05433404184,0.5947899449,0.3192954195,0,-1.31441101,4.562110244,-3.126152043
29.58,-64.80872173,0.05432618582,0.5947836019,0.3192978513,0,-1.313840843,4.56179462,-3.12651652
29.59,-64.80993555,0.05431833433,0.5947773165,0.3193002443,0,-1.313271283,4.561477176,-3.126880665
29.6,-64.81114823,0.05431048751,0.5947710888,0.3193025988,0,-1.312702341,4.561157924,-3.12724447
29.61,-64.81235976,0.05430264552,0.5947649185,0.3193049148,0,-1.312134026,4.56083688,-3.127607929
29.62,-64.81357012,0.05429480849,0.5947588055,0.3193071923,0,-1.311566348,4.560514058,-3.127971037
29.63,-64.81477929,0.05428697659,0.5947527497,0.3193094316,0,-1.310999317,4.560189472,-3.128333787
29.64,-64.81598724,0.05427914995,0.594746751,0.3193116327,0,-1.310432941,4.559863136,-3.128696173
29.65,-64.81719396,0.05427132871,0.5947408094,0.3193137957,0,-1.309867232,4.559535065,-3.129058189
29.66,-64.81839943,0.05426351303,0.5947349245,0.3193159208,0,-1.309302197,4.559205272,-3.129419829
29.67,-64.81960362,0.05425570304,0.5947290964,0.319318008,0,-1.308737847,4.558873772,-3.129781087
29.68,-64.82080652,0.05424789889,0.5947233249,0.3193200574,0,-1.308174191,4.558540579,-3.130141956
29.69,-64.8220081,0.05424010072,0.5947176099,0.3193220692,0,-1.307611237,4.558205707,-3.130502431
29.7,-64.82320836,0.05423230867,0.5947119512,0.3193240434,0,-1.307048996,4.557869171,-3.130862507
29.71,-64.82440725,0.05422452288,0.5947063488,0.3193259802,0,-1.306487476,4.557530984,-3.131222175
29.72,-64.82560478,0.05421674349,0.5947008025,0.3193278797,0,-1.305926687,4.55719116,-3.131581433
29.73,-64.82680091,0.05420897064,0.5946953122,0.3193297419,0,-1.305366637,4.556849714,-3.131940272
29.74,-64.82799562,0.05420120447,0.5946898777,0.3193315671,0,-1.304807335,4.55650666,-3.132298687
29.75,-64.82918891,0.05419344512,0.594684499,0.3193333552,0,-1.30424879,4.556162011,-3.132656674
29.76,-64.83038075,0.05418569272,0.5946791758,0.3193351065,0,-1.303691012,4.555815782,-3.133014225
29.77,-64.83157112,0.0541779474,0.5946739082,0.3193368209,0,-1.303134007,4.555467986,-3.133371335
29.78,-64.83276,0.05417020932,0.5946686959,0.3193384988,0,-1.302577787,4.555118639,-3.133727999
29.79,-64.83394737,0.05416247858,0.5946635388,0.31934014,0,-1.302022358,4.554767752,-3.13408421
29.8,-64.83513321,0.05415475535,0.5946584368,0.3193417448,0,-1.301467729,4.554415341,-3.134439964
29.81,-64.83631751,0.05414703973,0.5946533898,0.3193433133,0,-1.30091391,4.554061419,-3.134795254
29.82,-64.83750025,0.05413933187,0.5946483976,0.3193448455,0,-1.300360908,4.553706,-3.135150076
29.83,-64.83868141,0.05413163191,0.5946434601,0.3193463417,0,-1.299808731,4.553349099,-3.135504423
29.84,-64.83986097,0.05412393996,0.5946385771,0.3193478018,0,-1.299257389,4.552990728,-3.13585829
29.85,-64.8410389,0.05411625616,0.5946337486,0.3193492261,0,-1.298706889,4.552630901,-3.136211671
29.86,-64.84221521,0.05410858064,0.5946289743,0.3193506146,0,-1.298157239,4.552269633,-3.136564562
29.87,-64.84338985,0.05410091353,0.5946242543,0.3193519674,0,-1.297608448,4.551906937,-3.136916956
29.88,-64.84456283,0.05409325495,0.5946195882,0.3193532847,0,-1.297060524,4.551542826,-3.137268849
29.89,-64.84573412,0.05408560503,0.5946149761,0.3193545666,0,-1.296513474,4.551177315,-3.137620235
29.9,-64.8469037,0.05407796391,0.5946104177,0.3193558131,0,-1.295967306,4.550810417,-3.137971109
29.91,-64.84807155,0.05407033169,0.5946059129,0.3193570244,0,-1.295422029,4.550442146,-3.138321465
29.92,-64.84923766,0.05406270852,0.5946014616,0.3193582007,0,-1.29487765,4.550072514,-3.138671299
29.93,-64.85040202,0.0540550945,0.5945970636,0.319359342,0,-1.294334177,4.549701537,-3.139020605
29.94,-64.85156459,0.05404748978,0.5945927188,0.3193604484,0,-1.293791617,4.549329227,-3.139369378
29.95,-64.85272538,0.05403989446,0.5945884271,0.3193615201,0,-1.293249978,4.548955598,-3.139717613
29.96,-64.85388435,0.05403230867,0.5945841884,0.3193625571,0,-1.292709268,4.548580664,-3.140065304
29.97,-64.85504149,0.05402473254,0.5945800024,0.3193635597,0,-1.292169494,4.548204437,-3.140412448
29.98,-64.85619679,0.05401716617,0.5945758691,0.3193645278,0,-1.291630664,4.547826931,-3.140759038
29.99,-64.85735023,0.0540096097,0.5945717882,0.3193654617,0,-1.291092784,4.54744816,-3.141105069
30,-64.85850179,0.05400206323,0.5945677598,0.3193663614,0,-1.290555863,4.547068137,-3.141450538
30.01,-64.85965146,0.0539945269,0.5945637835,0.3193672271,0,-1.290019908,4.546686876,-3.141795438
30.02,-64.86079922,0.0539870008,0.5945598593,0.3193680588,0,-1.289484924,4.546304389,-3.142139765
30.03,-64.86194505,0.05397948507,0.5945559871,0.3193688567,0,-1.288950921,4.54592069,-3.142483515
30.04,-64.86308894,0.05397197982,0.5945521667,0.319369621,0,-1.288417905,4.545535792,-3.142826681
30.05,-64.86423087,0.05396448516,0.5945483979,0.3193703516,0,-1.287885882,4.545149708,-3.14316926
30.06,-64.86537082,0.0539570012,0.5945446806,0.3193710489,0,-1.28735486,4.544762453,-3.143511247
30.07,-64.86650879,0.05394952807,0.5945410147,0.3193717127,0,-1.286824846,4.544374038,-3.143852637
30.08,-64.86764475,0.05394206587,0.5945374,0.3193723434,0,-1.286295846,4.543984477,-3.144193425
30.09,-64.86877869,0.05393461471,0.5945338364,0.319372941,0,-1.285767867,4.543593782,-3.144533607
30.1,-64.86991059,0.05392717471,0.5945303237,0.3193735055,0,-1.285240916,4.543201968,-3.144873177
30.11,-64.87104044,0.05391974597,0.5945268618,0.3193740373,0,-1.284715,4.542809047,-3.145212132
30.12,-64.87216822,0.05391232861,0.5945234505,0.3193745362,0,-1.284190125,4.542415032,-3.145550467
30.13,-64.87329392,0.05390492274,0.5945200897,0.3193750026,0,-1.283666297,4.542019936,-3.145888177
30.14,-64.87441753,0.05389752846,0.5945167792,0.3193754365,0,-1.283143523,4.541623772,-3.146225259
30.15,-64.87553902,0.05389014588,0.5945135189,0.3193758379,0,-1.28262181,4.541226553,-3.146561706
30.16,-64.87665838,0.05388277511,0.5945103086,0.3193762071,0,-1.282101164,4.540828292,-3.146897515
30.17,-64.87777561,0.05387541625,0.5945071483,0.3193765442,0,-1.281581591,4.540429001,-3.147232682
30.18,-64.87889067,0.05386806941,0.5945040377,0.3193768493,0,-1.281063097,4.540028694,-3.147567202
30.19,-64.88000357,0.0538607347,0.5945009767,0.3193771224,0,-1.280545689,4.539627383,-3.147901071
30.2,-64.88111428,0.05385341221,0.5944979651,0.3193773638,0,-1.280029372,4.53922508,-3.148234285
30.21,-64.88222279,0.05384610205,0.5944950028,0.3193775735,0,-1.279514153,4.5388218,-3.148566838
30.22,-64.88332909,0.05383880432,0.5944920896,0.3193777517,0,-1.279000038,4.538417553,-3.148898728
30.23,-64.88443317,0.05383151913,0.5944892254,0.3193778984,0,-1.278487032,4.538012354,-3.14922995
30.24,-64.885535,0.05382424658,0.5944864101,0.3193780139,0,-1.277975141,4.537606214,-3.149560499
30.25,-64.88663457,0.05381698675,0.5944836435,0.3193780982,0,-1.277464372,4.537199146,-3.149890372
30.26,-64.88773188,0.05380973977,0.5944809253,0.3193781515,0,-1.27695473,4.536791162,-3.150219564
30.27,-64.8888269,0.05380250571,0.5944782556,0.3193781738,0,-1.276446221,4.536382276,-3.150548071
30.28,-64.88991963,0.05379528469,0.5944756341,0.3193781653,0,-1.27593885,4.535972499,-3.15087589
30.29,-64.89101006,0.05378807679,0.5944730606,0.3193781261,0,-1.275432623,4.535561844,-3.151203017
30.3,-64.89209815,0.05378088212,0.5944705351,0.3193780564,0,-1.274927545,4.535150324,-3.151529446
30.31,-64.89318392,0.05377370077,0.5944680573,0.3193779562,0,-1.274423622,4.53473795,-3.151855175
30.32,-64.89426733,0.05376653283,0.5944656272,0.3193778257,0,-1.27392086,4.534324735,-3.1521802
30.33,-64.89534839,0.05375937841,0.5944632444,0.3193776651,0,-1.273419264,4.533910691,-3.152504516
30.34,-64.89642707,0.05375223758,0.594460909,0.3193774743,0,-1.272918838,4.533495831,-3.15282812
30.35,-64.89750336,0.05374511045,0.5944586208,0.3193772536,0,-1.272419589,4.533080167,-3.153151008
30.36,-64.89857725,0.05373799711,0.5944563795,0.3193770031,0,-1.271921522,4.532663711,-3.153473176
30.37,-64.89964874,0.05373089764,0.594454185,0.3193767229,0,-1.271424641,4.532246475,-3.153794621
30.38,-64.90071779,0.05372381214,0.5944520372,0.3193764131,0,-1.270928952,4.531828471,-3.154115338
30.39,-64.90178442,0.05371674071,0.5944499359,0.3193760739,0,-1.270434459,4.531409711,-3.154435325
30.4,-64.90284859,0.05370968341,0.594447881,0.3193757053,0,-1.269941169,4.530990207,-3.154754577
30.41,-64.9039103,0.05370264036,0.5944458723,0.3193753075,0,-1.269449085,4.530569971,-3.15507309
30.42,-64.90496954,0.05369561163,0.5944439096,0.3193748807,0,-1.268958213,4.530149016,-3.155390862
30.43,-64.9060263,0.05368859731,0.5944419929,0.3193744249,0,-1.268468557,4.529727353,-3.155707889
30.44,-64.90708056,0.05368159748,0.5944401218,0.3193739402,0,-1.267980122,4.529304994,-3.156024167
30.45,-64.90813231,0.05367461224,0.5944382963,0.3193734269,0,-1.267492913,4.52888195,-3.156339692
30.46,-64.90918154,0.05366764166,0.5944365162,0.3193728849,0,-1.267006934,4.528458234,-3.156654461
30.47,-64.91022824,0.05366068584,0.5944347814,0.3193723145,0,-1.26652219,4.528033857,-3.156968472
30.48,-64.9112724,0.05365374484,0.5944330916,0.3193717158,0,-1.266038686,4.527608832,-3.15728172
30.49,-64.912314,0.05364681877,0.5944314468,0.3193710888,0,-1.265556427,4.527183169,-3.157594201
30.5,-64.91335305,0.05363990769,0.5944298467,0.3193704338,0,-1.265075415,4.526756881,-3.157905914
30.51,-64.91438951,0.05363301169,0.5944282913,0.3193697508,0,-1.264595657,4.526329978,-3.158216853
30.52,-64.91542339,0.05362613085,0.5944267803,0.31936904,0,-1.264117156,4.525902473,-3.158527017
30.53,-64.91645467,0.05361926525,0.5944253136,0.3193683014,0,-1.263639916,4.525474377,-3.158836402
30.54,-64.91748335,0.05361241497,0.594423891,0.3193675353,0,-1.263163943,4.525045702,-3.159145005
30.55,-64.91850941,0.05360558008,0.5944225124,0.3193667417,0,-1.262689239,4.524616459,-3.159452822
30.56,-64.91953283,0.05359876067,0.5944211776,0.3193659208,0,-1.262215809,4.524186659,-3.15975985
30.57,-64.92055362,0.05359195681,0.5944198864,0.3193650726,0,-1.261743658,4.523756313,-3.160066087
30.58,-64.92157176,0.05358516858,0.5944186387,0.3193641974,0,-1.261272788,4.523325434,-3.160371528
30.59,-64.92258724,0.05357839605,0.5944174344,0.3193632952,0,-1.260803205,4.522894033,-3.160676172
30.6,-64.92360005,0.05357163929,0.5944162731,0.3193623662,0,-1.260334912,4.52246212,-3.160980015
30.61,-64.92461018,0.05356489839,0.5944151549,0.3193614105,0,-1.259867912,4.522029706,-3.161283055
30.62,-64.92561762,0.05355817341,0.5944140795,0.3193604281,0,-1.259402211,4.521596804,-3.161585287
30.63,-64.92662236,0.05355146443,0.5944130468,0.3193594193,0,-1.258937811,4.521163424,-3.161886709
30.64,-64.9276244,0.05354477152,0.5944120566,0.3193583842,0,-1.258474716,4.520729577,-3.162187319
30.65,-64.92862371,0.05353809474,0.5944111087,0.3193573229,0,-1.25801293,4.520295275,-3.162487114
30.66,-64.9296203,0.05353143418,0.594410203,0.3193562355,0,-1.257552457,4.519860528,-3.16278609
30.67,-64.93061415,0.0535247899,0.5944093393,0.3193551221,0,-1.2570933,4.519425347,-3.163084245
30.68,-64.93160525,0.05351816197,0.5944085175,0.3193539829,0,-1.256635462,4.518989743,-3.163381576
30.69,-64.9325936,0.05351155045,0.5944077373,0.319352818,0,-1.256178947,4.518553727,-3.16367808
30.7,-64.93357918,0.05350495542,0.5944069987,0.3193516275,0,-1.255723759,4.51811731,-3.163973755
30.71,-64.93456199,0.05349837695,0.5944063014,0.3193504115,0,-1.255269901,4.517680503,-3.164268598
30.72,-64.93554202,0.05349181509,0.5944056453,0.3193491702,0,-1.254817376,4.517243316,-3.164562606
30.73,-64.93651926,0.05348526992,0.5944050302,0.3193479037,0,-1.254366187,4.516805761,-3.164855777
30.74,-64.93749369,0.0534787415,0.5944044561,0.3193466121,0,-1.253916338,4.516367847,-3.165148108
30.75,-64.93846532,0.05347222989,0.5944039226,0.3193452956,0,-1.253467832,4.515929586,-3.165439597
30.76,-64.93943413,0.05346573517,0.5944034296,0.3193439542,0,-1.253020672,4.515490988,-3.16573024
30.77,-64.94040012,0.05345925738,0.594402977,0.3193425882,0,-1.252574861,4.515052064,-3.166020036
30.78,-64.94136327,0.05345279659,0.5944025646,0.3193411975,0,-1.252130402,4.514612824,-3.166308982
30.79,-64.94232359,0.05344635287,0.5944021922,0.3193397824,0,-1.251687298,4.514173278,-3.166597076
30.8,-64.94328105,0.05343992628,0.5944018598,0.319338343,0,-1.251245552,4.513733438,-3.166884315
30.81,-64.94423566,0.05343351687,0.594401567,0.3193368793,0,-1.250805167,4.513293313,-3.167170697
30.82,-64.9451874,0.05342712471,0.5944013137,0.3193353916,0,-1.250366146,4.512852914,-3.167456219
30.83,-64.94613626,0.05342074985,0.5944010999,0.31933388,0,-1.249928491,4.512412251,-3.167740879
30.84,-64.94708225,0.05341439236,0.5944009252,0.3193323445,0,-1.249492206,4.511971334,-3.168024675
30.85,-64.94802535,0.05340805229,0.5944007896,0.3193307853,0,-1.249057293,4.511530174,-3.168307605
30.86,-64.94896555,0.05340172969,0.5944006928,0.3193292026,0,-1.248623754,4.511088781,-3.168589666
30.87,-64.94990286,0.05339542463,0.5944006348,0.3193275963,0,-1.248191593,4.510647165,-3.168870857
30.88,-64.95083725,0.05338913716,0.5944006153,0.3193259668,0,-1.247760811,4.510205335,-3.169151174
30.89,-64.95176872,0.05338286733,0.5944006342,0.3193243141,0,-1.247331412,4.509763303,-3.169430616
30.9,-64.95269727,0.0533766152,0.5944006913,0.3193226383,0,-1.246903398,4.509321078,-3.169709181
30.91,-64.95362289,0.05337038082,0.5944007864,0.3193209395,0,-1.246476771,4.50887867,-3.169986866
30.92,-64.95454557,0.05336416425,0.5944009194,0.3193192179,0,-1.246051534,4.508436089,-3.17026367
30.93,-64.9554653,0.05335796554,0.5944010901,0.3193174737,0,-1.245627689,4.507993345,-3.170539591
30.94,-64.95638209,0.05335178473,0.5944012984,0.3193157068,0,-1.245205238,4.507550447,-3.170814626
30.95,-64.95729591,0.05334562189,0.594401544,0.3193139175,0,-1.244784184,4.507107406,-3.171088774
30.96,-64.95820677,0.05333947706,0.5944018269,0.3193121059,0,-1.244364529,4.506664232,-3.171362032
30.97,-64.95911466,0.05333335029,0.5944021467,0.3193102721,0,-1.243946275,4.506220933,-3.171634399
30.98,-64.96001958,0.05332724163,0.5944025035,0.3193084162,0,-1.243529423,4.50577752,-3.171905873
30.99,-64.96092151,0.05332115113,0.5944028969,0.3193065383,0,-1.243113978,4.505334002,-3.172176452
31,-64.96182045,0.05331507883,0.5944033269,0.3193046386,0,-1.242699939,4.504890389,-3.172446134
31.01,-64.96271639,0.05330902479,0.5944037933,0.3193027173,0,-1.242287309,4.50444669,-3.172714917
31.02,-64.96360933,0.05330298905,0.5944042959,0.3193007743,0,-1.241876091,4.504002916,-3.1729828
31.03,-64.96449927,0.05329697165,0.5944048345,0.3192988099,0,-1.241466286,4.503559074,-3.173249781
31.04,-64.96538619,0.05329097265,0.594405409,0.3192968242,0,-1.241057896,4.503115176,-3.173515858
31.05,-64.9662701,0.05328499208,0.5944060192,0.3192948173,0,-1.240650923,4.50267123,-3.173781029
31.06,-64.96715098,0.05327902999,0.5944066649,0.3192927893,0,-1.240245368,4.502227245,-3.174045293
31.07,-64.96802883,0.05327308643,0.594407346,0.3192907403,0,-1.239841234,4.501783231,-3.174308648
31.08,-64.96890364,0.05326716144,0.5944080623,0.3192886706,0,-1.239438522,4.501339196,-3.174571092
31.09,-64.96977542,0.05326125505,0.5944088136,0.3192865801,0,-1.239037233,4.500895151,-3.174832625
31.1,-64.97064414,0.05325536732,0.5944095998,0.319284469,0,-1.23863737,4.500451105,-3.175093243
31.11,-64.97150982,0.05324949827,0.5944104207,0.3192823375,0,-1.238238934,4.500007066,-3.175352947
31.12,-64.97237245,0.05324364796,0.5944112761,0.3192801856,0,-1.237841926,4.499563043,-3.175611734
31.13,-64.97323201,0.05323781642,0.5944121659,0.3192780135,0,-1.237446349,4.499119046,-3.175869603
31.14,-64.97408851,0.05323200369,0.5944130898,0.3192758214,0,-1.237052203,4.498675084,-3.176126552
31.15,-64.97494193,0.05322620981,0.5944140478,0.3192736093,0,-1.236659489,4.498231165,-3.17638258
31.16,-64.97579229,0.05322043482,0.5944150397,0.3192713773,0,-1.23626821,4.497787299,-3.176637686
31.17,-64.97663956,0.05321467876,0.5944160653,0.3192691256,0,-1.235878367,4.497343493,-3.176891868
31.18,-64.97748375,0.05320894166,0.5944171243,0.3192668544,0,-1.23548996,4.496899758,-3.177145125
31.19,-64.97832485,0.05320322355,0.5944182168,0.3192645636,0,-1.235102992,4.496456102,-3.177397456
31.2,-64.97916286,0.05319752448,0.5944193424,0.3192622535,0,-1.234717463,4.496012533,-3.177648859
31.21,-64.97999778,0.05319184448,0.5944205011,0.3192599242,0,-1.234333375,4.495569061,-3.177899333
31.22,-64.98082959,0.05318618358,0.5944216926,0.3192575758,0,-1.233950728,4.495125693,-3.178148877
31.23,-64.9816583,0.05318054182,0.5944229168,0.3192552084,0,-1.233569524,4.494682439,-3.178397489
31.24,-64.9824839,0.05317491922,0.5944241735,0.3192528222,0,-1.233189764,4.494239307,-3.178645169
31.25,-64.98330638,0.05316931583,0.5944254626,0.3192504172,0,-1.23281145,4.493796306,-3.178891915
31.26,-64.98412575,0.05316373168,0.5944267839,0.3192479936,0,-1.232434581,4.493353443,-3.179137726
31.27,-64.984942,0.05315816679,0.5944281372,0.3192455515,0,-1.232059159,4.492910728,-3.179382601
31.28,-64.98575513,0.0531526212,0.5944295223,0.319243091,0,-1.231685185,4.492468169,-3.179626539
31.29,-64.98656513,0.05314709494,0.5944309392,0.3192406123,0,-1.231312659,4.492025774,-3.17986954
31.3,-64.987372,0.05314158803,0.5944323876,0.3192381155,0,-1.230941584,4.491583552,-3.180111601
31.31,-64.98817574,0.05313610051,0.5944338673,0.3192356007,0,-1.230571958,4.49114151,-3.180352721
31.32,-64.98897634,0.05313063241,0.5944353782,0.3192330679,0,-1.230203784,4.490699657,-3.180592901
31.33,-64.9897738,0.05312518375,0.5944369201,0.3192305175,0,-1.229837062,4.490258001,-3.180832139
31.34,-64.99056811,0.05311975456,0.5944384929,0.3192279493,0,-1.229471792,4.489816551,-3.181070434
31.35,-64.99135928,0.05311434487,0.5944400964,0.3192253637,0,-1.229107976,4.489375314,-3.181307785
31.36,-64.9921473,0.0531089547,0.5944417304,0.3192227607,0,-1.228745614,4.488934298,-3.181544191
31.37,-64.99293217,0.05310358408,0.5944433947,0.3192201404,0,-1.228384706,4.488493511,-3.181779651
31.38,-64.99371388,0.05309823304,0.5944450893,0.3192175029,0,-1.228025253,4.488052962,-3.182014165
31.39,-64.99449244,0.0530929016,0.5944468138,0.3192148484,0,-1.227667256,4.487612658,-3.182247732
31.4,-64.99526784,0.05308758978,0.5944485683,0.319212177,0,-1.227310715,4.487172607,-3.182480351
31.41,-64.99604007,0.05308229761,0.5944503524,0.3192094888,0,-1.226955631,4.486732817,-3.182712021
31.42,-64.99680914,0.05307702511,0.5944521661,0.3192067839,0,-1.226602004,4.486293296,-3.182942742
31.43,-64.99757504,0.0530717723,0.5944540091,0.3192040624,0,-1.226249834,4.485854051,-3.183172512
31.44,-64.99833777,0.05306653921,0.5944558813,0.3192013245,0,-1.225899121,4.485415091,-3.183401332
31.45,-64.99909733,0.05306132585,0.5944577825,0.3191985703,0,-1.225549867,4.484976422,-3.1836292
31.46,-64.99985372,0.05305613225,0.5944597126,0.3191957999,0,-1.225202072,4.484538052,-3.183856116
31.47,-65.00060693,0.05305095843,0.5944616714,0.3191930135,0,-1.224855735,4.48409999,-3.184082079
31.48,-65.00135696,0.05304580441,0.5944636588,0.319190211,0,-1.224510856,4.483662241,-3.184307089
31.49,-65.00210382,0.0530406702,0.5944656745,0.3191873927,0,-1.224167437,4.483224815,-3.184531145
31.5,-65.00284749,0.05303555583,0.5944677184,0.3191845587,0,-1.223825477,4.482787719,-3.184754246
31.51,-65.00358797,0.05303046132,0.5944697904,0.3191817091,0,-1.223484977,4.482350959,-3.184976392
31.52,-65.00432528,0.05302538667,0.5944718902,0.319178844,0,-1.223145936,4.481914543,-3.185197583
31.53,-65.00505939,0.05302033192,0.5944740178,0.3191759636,0,-1.222808354,4.481478479,-3.185417818
31.54,-65.00579032,0.05301529707,0.5944761729,0.3191730678,0,-1.222472232,4.481042773,-3.185637097
31.55,-65.00651806,0.05301028214,0.5944783554,0.319170157,0,-1.22213757,4.480607434,-3.185855419
31.56,-65.00724261,0.05300528715,0.5944805651,0.3191672311,0,-1.221804366,4.480172467,-3.186072784
31.57,-65.00796397,0.05300031211,0.5944828019,0.3191642904,0,-1.221472623,4.479737881,-3.186289191
31.58,-65.00868213,0.05299535703,0.5944850655,0.3191613348,0,-1.221142338,4.479303682,-3.18650464
31.59,-65.0093971,0.05299042194,0.5944873559,0.3191583646,0,-1.220813513,4.478869878,-3.186719131
31.6,-65.01010888,0.05298550685,0.5944896729,0.3191553799,0,-1.220486147,4.478436476,-3.186932663
31.61,-65.01081746,0.05298061176,0.5944920163,0.3191523807,0,-1.22016024,4.478003481,-3.187145237
31.62,-65.01152284,0.05297573669,0.5944943859,0.3191493672,0,-1.219835792,4.477570903,-3.187356851
31.63,-65.01222502,0.05297088165,0.5944967816,0.3191463395,0,-1.219512802,4.477138746,-3.187567506
31.64,-65.01292401,0.05296604666,0.5944992032,0.3191432977,0,-1.21919127,4.476707019,-3.187777202
31.65,-65.01361979,0.05296123173,0.5945016505,0.319140242,0,-1.218871195,4.476275727,-3.187985937
31.66,-65.01431238,0.05295643686,0.5945041235,0.3191371724,0,-1.218552579,4.475844879,-3.188193713
31.67,-65.01500176,0.05295166206,0.5945066218,0.319134089,0,-1.218235419,4.475414479,-3.188400529
31.68,-65.01568795,0.05294690735,0.5945091455,0.3191309921,0,-1.217919716,4.474984536,-3.188606384
31.69,-65.01637093,0.05294217274,0.5945116942,0.3191278816,0,-1.217605469,4.474555056,-3.188811279
31.7,-65.01705071,0.05293745823,0.5945142679,0.3191247578,0,-1.217292679,4.474126045,-3.189015214
31.71,-65.01772729,0.05293276383,0.5945168664,0.3191216207,0,-1.216981343,4.47369751,-3.189218188
31.72,-65.01840067,0.05292808955,0.5945194895,0.3191184704,0,-1.216671463,4.473269457,-3.189420202
31.73,-65.01907085,0.05292343539,0.5945221371,0.3191153071,0,-1.216363036,4.472841894,-3.189621255
31.74,-65.01973783,0.05291880137,0.5945248089,0.3191121308,0,-1.216056064,4.472414825,-3.189821348
31.75,-65.0204016,0.05291418749,0.5945275049,0.3191089417,0,-1.215750544,4.471988259,-3.19002048
31.76,-65.02106217,0.05290959376,0.5945302249,0.3191057399,0,-1.215446477,4.4715622,-3.190218651
31.77,-65.02171954,0.05290502017,0.5945329687,0.3191025255,0,-1.215143862,4.471136656,-3.190415862
31.78,-65.02237371,0.05290046675,0.5945357362,0.3190992987,0,-1.214842698,4.470711633,-3.190612113
31.79,-65.02302468,0.05289593348,0.5945385272,0.3190960594,0,-1.214542985,4.470287137,-3.190807403
31.8,-65.02367244,0.05289142037,0.5945413415,0.3190928079,0,-1.214244721,4.469863173,-3.191001733
31.81,-65.02431701,0.05288692744,0.5945441789,0.3190895443,0,-1.213947906,4.469439749,-3.191195103
31.82,-65.02495838,0.05288245467,0.5945470395,0.3190862687,0,-1.21365254,4.469016871,-3.191387514
31.83,-65.02559655,0.05287800208,0.5945499228,0.3190829811,0,-1.213358621,4.468594543,-3.191578964
31.84,-65.02623152,0.05287356966,0.5945528289,0.3190796817,0,-1.213066148,4.468172774,-3.191769456
31.85,-65.02686329,0.05286915742,0.5945557575,0.3190763706,0,-1.212775121,4.467751567,-3.191958987
31.86,-65.02749187,0.05286476536,0.5945587085,0.3190730479,0,-1.212485539,4.46733093,-3.19214756
31.87,-65.02811725,0.05286039347,0.5945616818,0.3190697138,0,-1.212197401,4.466910868,-3.192335175
31.88,-65.02873943,0.05285604177,0.5945646771,0.3190663683,0,-1.211910706,4.466491388,-3.19252183
31.89,-65.02935843,0.05285171024,0.5945676943,0.3190630116,0,-1.211625452,4.466072494,-3.192707528
31.9,-65.02997422,0.0528473989,0.5945707333,0.3190596437,0,-1.21134164,4.465654194,-3.192892267
31.91,-65.03058683,0.05284310773,0.5945737939,0.3190562647,0,-1.211059267,4.465236491,-3.19307605
31.92,-65.03119625,0.05283883674,0.5945768759,0.3190528749,0,-1.210778334,4.464819393,-3.193258875
31.93,-65.03180248,0.05283458593,0.5945799793,0.3190494742,0,-1.210498838,4.464402905,-3.193440743
31.94,-65.03240552,0.05283035528,0.5945831037,0.3190460629,0,-1.210220779,4.463987032,-3.193621655
31.95,-65.03300537,0.05282614481,0.5945862492,0.3190426409,0,-1.209944156,4.46357178,-3.193801611
31.96,-65.03360204,0.05282195451,0.5945894154,0.3190392085,0,-1.209668967,4.463157155,-3.193980611
31.97,-65.03419552,0.05281778436,0.5945926023,0.3190357656,0,-1.209395212,4.462743162,-3.194158656
31.98,-65.03478582,0.05281363438,0.5945958098,0.3190323126,0,-1.209122888,4.462329807,-3.194335747
31.99,-65.03537294,0.05280950455,0.5945990375,0.3190288493,0,-1.208851996,4.461917094,-3.194511883
32,-65.03595689,0.05280539488,0.5946022855,0.319025376,0,-1.208582533,4.46150503,-3.194687066
32.01,-65.03653765,0.05280130534,0.5946055536,0.3190218928,0,-1.208314499,4.46109362,-3.194861296
32.02,-65.03711524,0.05279723595,0.5946088415,0.3190183997,0,-1.208047892,4.460682869,-3.195034573
32.03,-65.03768966,0.05279318669,0.5946121491,0.3190148969,0,-1.207782711,4.460272782,-3.195206899
32.04,-65.03826091,0.05278915756,0.5946154764,0.3190113845,0,-1.207518954,4.459863365,-3.195378273
32.05,-65.03882899,0.05278514855,0.594618823,0.3190078625,0,-1.20725662,4.459454622,-3.195548696
32.06,-65.0393939,0.05278115966,0.594622189,0.3190043311,0,-1.206995709,4.459046559,-3.195718169
32.07,-65.03995564,0.05277719087,0.5946255741,0.3190007905,0,-1.206736217,4.458639181,-3.195886692
32.08,-65.04051422,0.05277324218,0.5946289781,0.3189972406,0,-1.206478145,4.458232494,-3.196054267
32.09,-65.04106964,0.05276931357,0.594632401,0.3189936817,0,-1.20622149,4.457826501,-3.196220893
32.1,-65.0416219,0.05276540505,0.5946358425,0.3189901137,0,-1.205966251,4.457421209,-3.196386571
32.11,-65.04217101,0.0527615166,0.5946393026,0.3189865369,0,-1.205712427,4.457016621,-3.196551303
32.12,-65.04271696,0.05275764821,0.594642781,0.3189829513,0,-1.205460016,4.456612743,-3.196715089
32.13,-65.04325976,0.05275379988,0.5946462776,0.318979357,0,-1.205209017,4.456209581,-3.196877929
32.14,-65.04379942,0.05274997158,0.5946497923,0.3189757542,0,-1.204959427,4.455807138,-3.197039825
32.15,-65.04433592,0.05274616332,0.5946533249,0.3189721429,0,-1.204711246,4.455405419,-3.197200777
32.16,-65.04486929,0.05274237508,0.5946568753,0.3189685232,0,-1.204464472,4.45500443,-3.197360786
32.17,-65.04539951,0.05273860685,0.5946604433,0.3189648953,0,-1.204219104,4.454604175,-3.197519852
32.18,-65.04592659,0.05273485861,0.5946640287,0.3189612592,0,-1.203975138,4.454204658,-3.197677977
32.19,-65.04645054,0.05273113036,0.5946676315,0.318957615,0,-1.203732575,4.453805885,-3.197835162
32.2,-65.04697136,0.05272742208,0.5946712514,0.3189539629,0,-1.203491412,4.45340786,-3.197991407
32.21,-65.04748904,0.05272373377,0.5946748883,0.318950303,0,-1.203251648,4.453010587,-3.198146712
32.22,-65.0480036,0.05272006539,0.5946785421,0.3189466353,0,-1.203013281,4.452614071,-3.19830108
32.23,-65.04851504,0.05271641695,0.5946822126,0.31894296,0,-1.202776309,4.452218317,-3.198454511
32.24,-65.04902335,0.05271278843,0.5946858997,0.3189392771,0,-1.20254073,4.451823329,-3.198607005
32.25,-65.04952855,0.05270917982,0.5946896032,0.3189355868,0,-1.202306543,4.451429111,-3.198758565
32.26,-65.05003063,0.05270559109,0.594693323,0.3189318892,0,-1.202073746,4.451035668,-3.19890919
32.27,-65.05052961,0.05270202224,0.5946970589,0.3189281843,0,-1.201842337,4.450643005,-3.199058882
32.28,-65.05102547,0.05269847325,0.5947008108,0.3189244723,0,-1.201612314,4.450251124,-3.199207641
32.29,-65.05151823,0.0526949441,0.5947045786,0.3189207532,0,-1.201383676,4.449860032,-3.199355469
32.3,-65.05200789,0.05269143477,0.594708362,0.3189170272,0,-1.20115642,4.449469732,-3.199502367
32.31,-65.05249445,0.05268794526,0.594712161,0.3189132944,0,-1.200930545,4.449080228,-3.199648335
32.32,-65.05297792,0.05268447555,0.5947159754,0.3189095548,0,-1.200706048,4.448691524,-3.199793375
32.33,-65.05345829,0.05268102561,0.594719805,0.3189058086,0,-1.200482929,4.448303625,-3.199937488
32.34,-65.05393558,0.05267759543,0.5947236497,0.3189020559,0,-1.200261184,4.447916534,-3.200080675
32.35,-65.05440979,0.05267418499,0.5947275094,0.3188982966,0,-1.200040813,4.447530257,-3.200222936
32.36,-65.05488091,0.05267079428,0.5947313839,0.3188945311,0,-1.199821812,4.447144796,-3.200364274
32.37,-65.05534896,0.05266742327,0.5947352731,0.3188907593,0,-1.19960418,4.446760155,-3.200504689
32.38,-65.05581394,0.05266407195,0.5947391769,0.3188869814,0,-1.199387915,4.44637634,-3.200644182
32.39,-65.05627585,0.05266074029,0.594743095,0.3188831974,0,-1.199173016,4.445993353,-3.200782755
32.4,-65.05673469,0.05265742828,0.5947470274,0.3188794074,0,-1.198959479,4.445611198,-3.200920408
32.41,-65.05719048,0.05265413591,0.5947509738,0.3188756116,0,-1.198747303,4.44522988,-3.201057143
32.42,-65.0576432,0.05265086313,0.5947549343,0.31887181,0,-1.198536486,4.444849402,-3.201192961
32.43,-65.05809288,0.05264760995,0.5947589085,0.3188680028,0,-1.198327025,4.444469767,-3.201327863
32.44,-65.0585395,0.05264437634,0.5947628965,0.31886419,0,-1.198118919,4.444090981,-3.201461851
32.45,-65.05898308,0.05264116227,0.594766898,0.3188603717,0,-1.197912166,4.443713046,-3.201594925
32.46,-65.05942362,0.05263796772,0.5947709128,0.318856548,0,-1.197706763,4.443335965,-3.201727087
32.47,-65.05986113,0.05263479268,0.594774941,0.3188527191,0,-1.197502708,4.442959744,-3.201858338
32.48,-65.0602956,0.05263163712,0.5947789822,0.3188488849,0,-1.197299999,4.442584384,-3.201988679
32.49,-65.06072704,0.05262850102,0.5947830365,0.3188450457,0,-1.197098634,4.442209891,-3.202118113
32.5,-65.06115546,0.05262538436,0.5947871036,0.3188412015,0,-1.19689861,4.441836267,-3.202246639
32.51,-65.06158086,0.05262228711,0.5947911833,0.3188373523,0,-1.196699926,4.441463515,-3.202374259
32.52,-65.06200325,0.05261920925,0.5947952757,0.3188334984,0,-1.196502579,4.44109164,-3.202500975
32.53,-65.06242263,0.05261615075,0.5947993804,0.3188296397,0,-1.196306567,4.440720645,-3.202626788
32.54,-65.062839,0.0526131116,0.5948034975,0.3188257764,0,-1.196111888,4.440350533,-3.202751699
32.55,-65.06325237,0.05261009177,0.5948076267,0.3188219085,0,-1.195918539,4.439981307,-3.20287571
32.56,-65.06366274,0.05260709123,0.5948117679,0.3188180362,0,-1.195726518,4.439612971,-3.202998822
32.57,-65.06407012,0.05260410997,0.594815921,0.3188141596,0,-1.195535822,4.439245528,-3.203121036
32.58,-65.06447452,0.05260114795,0.5948200858,0.3188102787,0,-1.19534645,4.438878982,-3.203242355
32.59,-65.06487593,0.05259820515,0.5948242622,0.3188063936,0,-1.195158399,4.438513335,-3.203362778
32.6,-65.06527436,0.05259528154,0.5948284501,0.3188025045,0,-1.194971667,4.438148591,-3.203482308
32.61,-65.06566982,0.05259237711,0.5948326493,0.3187986113,0,-1.194786252,4.437784753,-3.203600946
32.62,-65.06606231,0.05258949181,0.5948368597,0.3187947143,0,-1.19460215,4.437421823,-3.203718694
32.63,-65.06645184,0.05258662564,0.5948410812,0.3187908135,0,-1.19441936,4.437059806,-3.203835553
32.64,-65.06683841,0.05258377855,0.5948453135,0.3187869089,0,-1.194237878,4.436698704,-3.203951524
32.65,-65.06722203,0.05258095053,0.5948495567,0.3187830007,0,-1.194057704,4.436338521,-3.204066609
32.66,-65.0676027,0.05257814154,0.5948538106,0.318779089,0,-1.193878834,4.435979258,-3.204180809
32.67,-65.06798042,0.05257535156,0.5948580749,0.3187751739,0,-1.193701266,4.43562092,-3.204294127
32.68,-65.06835521,0.05257258057,0.5948623497,0.3187712553,0,-1.193524997,4.435263509,-3.204406563
32.69,-65.06872706,0.05256982852,0.5948666347,0.3187673335,0,-1.193350025,4.434907027,-3.204518119
32.7,-65.06909599,0.05256709541,0.5948709299,0.3187634086,0,-1.193176348,4.434551479,-3.204628797
32.71,-65.06946199,0.05256438118,0.594875235,0.3187594805,0,-1.193003962,4.434196866,-3.204738598
32.72,-65.06982508,0.05256168583,0.59487955,0.3187555494,0,-1.192832866,4.433843192,-3.204847523
32.73,-65.07018525,0.05255900932,0.5948838748,0.3187516154,0,-1.192663057,4.433490459,-3.204955575
32.74,-65.07054252,0.05255635161,0.5948882091,0.3187476785,0,-1.192494532,4.433138669,-3.205062755
32.75,-65.07089688,0.05255371269,0.5948925529,0.318743739,0,-1.192327289,4.432787827,-3.205169064
32.76,-65.07124835,0.05255109251,0.5948969061,0.3187397967,0,-1.192161325,4.432437934,-3.205274504
32.77,-65.07159692,0.05254849106,0.5949012685,0.3187358519,0,-1.191996637,4.432088992,-3.205379077
32.78,-65.07194261,0.0525459083,0.5949056399,0.3187319046,0,-1.191833224,4.431741005,-3.205482784
32.79,-65.07228543,0.0525433442,0.5949100203,0.3187279548,0,-1.191671082,4.431393976,-3.205585628
32.8,-65.07262536,0.05254079873,0.5949144096,0.3187240028,0,-1.191510209,4.431047906,-3.205687609
32.81,-65.07296243,0.05253827185,0.5949188075,0.3187200485,0,-1.191350602,4.430702798,-3.205788729
32.82,-65.07329663,0.05253576355,0.594923214,0.3187160921,0,-1.191192259,4.430358655,-3.20588899
32.83,-65.07362798,0.05253327378,0.594927629,0.3187121336,0,-1.191035176,4.430015478,-3.205988394
32.84,-65.07395647,0.05253080251,0.5949320522,0.3187081731,0,-1.190879352,4.429673272,-3.206086942
32.85,-65.07428212,0.05252834972,0.5949364837,0.3187042107,0,-1.190724784,4.429332037,-3.206184636
32.86,-65.07460493,0.05252591537,0.5949409232,0.3187002465,0,-1.190571468,4.428991776,-3.206281478
32.87,-65.0749249,0.05252349943,0.5949453707,0.3186962806,0,-1.190419402,4.428652492,-3.20637747
32.88,-65.07524204,0.05252110186,0.5949498259,0.318692313,0,-1.190268584,4.428314187,-3.206472613
32.89,-65.07555636,0.05251872264,0.5949542889,0.3186883438,0,-1.190119011,4.427976863,-3.206566908
32.9,-65.07586786,0.05251636172,0.5949587594,0.3186843732,0,-1.18997068,4.427640523,-3.206660359
32.91,-65.07617655,0.05251401908,0.5949632374,0.3186804011,0,-1.189823588,4.427305167,-3.206752966
32.92,-65.07648244,0.05251169469,0.5949677227,0.3186764277,0,-1.189677733,4.4269708,-3.206844731
32.93,-65.07678552,0.0525093885,0.5949722152,0.3186724531,0,-1.189533111,4.426637422,-3.206935656
32.94,-65.07708581,0.0525071005,0.5949767147,0.3186684773,0,-1.189389721,4.426305037,-3.207025744
32.95,-65.07738331,0.05250483063,0.5949812212,0.3186645004,0,-1.189247559,4.425973645,-3.207114994
32.96,-65.07767804,0.05250257887,0.5949857345,0.3186605226,0,-1.189106622,4.42564325,-3.207203411
32.97,-65.07796998,0.05250034518,0.5949902545,0.3186565438,0,-1.188966908,4.425313852,-3.207290994
32.98,-65.07825916,0.05249812954,0.5949947811,0.3186525641,0,-1.188828414,4.424985455,-3.207377747
32.99,-65.07854557,0.05249593189,0.5949993142,0.3186485837,0,-1.188691136,4.42465806,-3.207463671
33,-65.07882922,0.05249375222,0.5950038536,0.3186446026,0,-1.188555073,4.424331669,-3.207548767
33.01,-65.07911013,0.05249159047,0.5950083992,0.3186406209,0,-1.188420222,4.424006284,-3.207633038
33.02,-65.07938829,0.05248944663,0.595012951,0.3186366386,0,-1.188286579,4.423681906,-3.207716486
33.03,-65.07966371,0.05248732064,0.5950175087,0.3186326559,0,-1.188154142,4.423358539,-3.207799112
33.04,-65.07993639,0.05248521249,0.5950220723,0.3186286728,0,-1.188022907,4.423036182,-3.207880918
33.05,-65.08020636,0.05248312212,0.5950266416,0.3186246895,0,-1.187892873,4.422714839,-3.207961907
33.06,-65.0804736,0.05248104951,0.5950312165,0.3186207059,0,-1.187764035,4.422394511,-3.208042079
33.07,-65.08073813,0.05247899461,0.595035797,0.3186167221,0,-1.187636392,4.4220752,-3.208121438
33.08,-65.08099995,0.05247695739,0.5950403828,0.3186127383,0,-1.18750994,4.421756907,-3.208199984
33.09,-65.08125907,0.05247493782,0.5950449739,0.3186087545,0,-1.187384677,4.421439635,-3.20827772
33.1,-65.08151549,0.05247293586,0.5950495702,0.3186047707,0,-1.187260598,4.421123384,-3.208354648
33.11,-65.08176923,0.05247095146,0.5950541715,0.3186007872,0,-1.187137703,4.420808156,-3.20843077
33.12,-65.08202029,0.05246898459,0.5950587777,0.3185968038,0,-1.187015987,4.420493954,-3.208506087
33.13,-65.08226867,0.05246703522,0.5950633887,0.3185928208,0,-1.186895448,4.420180778,-3.208580602
33.14,-65.08251439,0.05246510331,0.5950680045,0.3185888381,0,-1.186776082,4.41986863,-3.208654316
33.15,-65.08275744,0.05246318882,0.5950726248,0.3185848559,0,-1.186657887,4.419557512,-3.208727232
33.16,-65.08299784,0.0524612917,0.5950772496,0.3185808742,0,-1.18654086,4.419247425,-3.208799351
33.17,-65.08323559,0.05245941193,0.5950818787,0.3185768931,0,-1.186424998,4.41893837,-3.208870676
33.18,-65.08347069,0.05245754946,0.5950865121,0.3185729127,0,-1.186310298,4.418630349,-3.208941208
33.19,-65.08370316,0.05245570426,0.5950911496,0.318568933,0,-1.186196756,4.418323364,-3.209010949
33.2,-65.08393301,0.05245387628,0.5950957911,0.3185649542,0,-1.18608437,4.418017416,-3.209079902
33.21,-65.08416023,0.05245206549,0.5951004365,0.3185609762,0,-1.185973138,4.417712505,-3.209148069
33.22,-65.08438484,0.05245027185,0.5951050857,0.3185569992,0,-1.185863055,4.417408634,-3.209215451
33.23,-65.08460683,0.05244849532,0.5951097386,0.3185530232,0,-1.185754119,4.417105804,-3.20928205
33.24,-65.08482623,0.05244673586,0.595114395,0.3185490483,0,-1.185646326,4.416804016,-3.209347869
33.25,-65.08504303,0.05244499343,0.5951190549,0.3185450746,0,-1.185539675,4.416503271,-3.20941291
33.26,-65.08525725,0.05244326799,0.5951237182,0.3185411022,0,-1.185434161,4.41620357,-3.209477174
33.27,-65.08546888,0.05244155949,0.5951283847,0.318537131,0,-1.185329782,4.415904915,-3.209540664
33.28,-65.08567794,0.05243986791,0.5951330543,0.3185331613,0,-1.185226534,4.415607307,-3.209603382
33.29,-65.08588443,0.0524381932,0.5951377269,0.318529193,0,-1.185124416,4.415310747,-3.209665329
33.3,-65.08608836,0.05243653532,0.5951424024,0.3185252262,0,-1.185023422,4.415015236,-3.209726508
33.31,-65.08628974,0.05243489422,0.5951470808,0.318521261,0,-1.184923551,4.414720775,-3.209786922
33.32,-65.08648857,0.05243326988,0.5951517618,0.3185172975,0,-1.1848248,4.414427365,-3.209846571
33.33,-65.08668486,0.05243166224,0.5951564455,0.3185133356,0,-1.184727165,4.414135007,-3.209905458
33.34,-65.08687862,0.05243007127,0.5951611316,0.3185093756,0,-1.184630643,4.413843703,-3.209963586
33.35,-65.08706985,0.05242849692,0.5951658201,0.3185054175,0,-1.184535231,4.413553453,-3.210020956
33.36,-65.08725857,0.05242693916,0.5951705108,0.3185014612,0,-1.184440926,4.413264258,-3.21007757
33.37,-65.08744477,0.05242539794,0.5951752037,0.318497507,0,-1.184347725,4.412976119,-3.210133431
33.38,-65.08762847,0.05242387322,0.5951798987,0.3184935549,0,-1.184255625,4.412689037,-3.210188541
33.39,-65.08780967,0.05242236496,0.5951845956,0.3184896048,0,-1.184164622,4.412403013,-3.210242901
33.4,-65.08798838,0.05242087312,0.5951892944,0.318485657,0,-1.184074715,4.412118047,-3.210296514
33.41,-65.08816461,0.05241939766,0.5951939949,0.3184817114,0,-1.183985898,4.411834142,-3.210349383
33.42,-65.08833836,0.05241793853,0.5951986971,0.3184777681,0,-1.18389817,4.411551296,-3.210401508
33.43,-65.08850964,0.05241649568,0.5952034008,0.3184738272,0,-1.183811527,4.411269512,-3.210452893
33.44,-65.08867847,0.05241506909,0.5952081059,0.3184698888,0,-1.183725966,4.41098879,-3.21050354
33.45,-65.08884483,0.05241365871,0.5952128124,0.3184659529,0,-1.183641483,4.410709131,-3.21055345
33.46,-65.08900875,0.05241226449,0.5952175201,0.3184620196,0,-1.183558077,4.410430534,-3.210602625
33.47,-65.08917023,0.05241088639,0.5952222289,0.3184580889,0,-1.183475743,4.410153002,-3.210651069
33.48,-65.08932928,0.05240952436,0.5952269388,0.318454161,0,-1.183394478,4.409876535,-3.210698783
33.49,-65.0894859,0.05240817838,0.5952316496,0.3184502358,0,-1.183314279,4.409601133,-3.21074577
33.5,-65.0896401,0.05240684838,0.5952363612,0.3184463134,0,-1.183235144,4.409326798,-3.210792031
33.51,-65.08979189,0.05240553434,0.5952410735,0.318442394,0,-1.183157068,4.409053528,-3.210837568
33.52,-65.08994128,0.0524042362,0.5952457865,0.3184384775,0,-1.183080049,4.408781326,-3.210882385
33.53,-65.09008827,0.05240295392,0.5952505,0.318434564,0,-1.183004084,4.408510192,-3.210926482
33.54,-65.09023288,0.05240168746,0.5952552139,0.3184306536,0,-1.182929169,4.408240126,-3.210969863
33.55,-65.0903751,0.05240043678,0.5952599282,0.3184267463,0,-1.1828553,4.407971128,-3.21101253
33.56,-65.09051495,0.05239920183,0.5952646427,0.3184228423,0,-1.182782476,4.4077032,-3.211054484
33.57,-65.09065243,0.05239798257,0.5952693574,0.3184189415,0,-1.182710693,4.407436342,-3.211095728
33.58,-65.09078755,0.05239677894,0.5952740721,0.318415044,0,-1.182639946,4.407170554,-3.211136264
33.59,-65.09092031,0.05239559092,0.5952787867,0.31841115,0,-1.182570234,4.406905836,-3.211176094
33.6,-65.09105074,0.05239441846,0.5952835012,0.3184072593,0,-1.182501554,4.406642189,-3.211215222
33.61,-65.09117883,0.0523932615,0.5952882155,0.3184033722,0,-1.1824339,4.406379613,-3.211253648
33.62,-65.09130458,0.05239212001,0.5952929294,0.3183994886,0,-1.182367272,4.406118109,-3.211291375
33.63,-65.09142802,0.05239099394,0.5952976429,0.3183956087,0,-1.182301665,4.405857677,-3.211328405
33.64,-65.09154914,0.05238988325,0.5953023558,0.3183917324,0,-1.182237076,4.405598317,-3.211364741
33.65,-65.09166795,0.0523887879,0.5953070681,0.3183878598,0,-1.182173501,4.40534003,-3.211400385
33.66,-65.09178446,0.05238770783,0.5953117797,0.3183839911,0,-1.182110939,4.405082816,-3.211435339
33.67,-65.09189868,0.052386643,0.5953164905,0.3183801262,0,-1.182049385,4.404826674,-3.211469605
33.68,-65.09201062,0.05238559337,0.5953212004,0.3183762652,0,-1.181988836,4.404571606,-3.211503186
33.69,-65.09212028,0.05238455889,0.5953259093,0.3183724082,0,-1.181929288,4.404317611,-3.211536083
33.7,-65.09222767,0.05238353952,0.5953306171,0.3183685552,0,-1.18187074,4.40406469,-3.2115683
33.71,-65.09233279,0.05238253522,0.5953353238,0.3183647062,0,-1.181813187,4.403812842,-3.211599838
33.72,-65.09243567,0.05238154593,0.5953400291,0.3183608614,0,-1.181756626,4.403562068,-3.2116307
33.73,-65.09253629,0.05238057161,0.5953447331,0.3183570208,0,-1.181701054,4.403312368,-3.211660887
33.74,-65.09263468,0.05237961222,0.5953494357,0.3183531845,0,-1.181646467,4.403063743,-3.211690403
33.75,-65.09273083,0.0523786677,0.5953541367,0.3183493524,0,-1.181592863,4.402816191,-3.211719249
33.76,-65.09282476,0.05237773803,0.5953588361,0.3183455247,0,-1.181540238,4.402569713,-3.211747428
33.77,-65.09291647,0.05237682314,0.5953635338,0.3183417014,0,-1.181488589,4.40232431,-3.211774942
33.78,-65.09300598,0.05237592299,0.5953682297,0.3183378825,0,-1.181437912,4.402079981,-3.211801794
33.79,-65.09309328,0.05237503754,0.5953729237,0.3183340682,0,-1.181388204,4.401836726,-3.211827985
33.8,-65.09317839,0.05237416674,0.5953776157,0.3183302584,0,-1.181339463,4.401594545,-3.211853518
33.81,-65.09326132,0.05237331055,0.5953823056,0.3183264532,0,-1.181291684,4.401353438,-3.211878395
33.82,-65.09334206,0.05237246892,0.5953869934,0.3183226527,0,-1.181244864,4.401113405,-3.211902618
33.83,-65.09342064,0.0523716418,0.5953916789,0.318318857,0,-1.181199001,4.400874446,-3.211926191
33.84,-65.09349705,0.05237082914,0.5953963621,0.318315066,0,-1.18115409,4.40063656,-3.211949115
33.85,-65.09357131,0.0523700309,0.5954010429,0.3183112798,0,-1.181110129,4.400399749,-3.211971392
33.86,-65.09364342,0.05236924704,0.5954057212,0.3183074986,0,-1.181067114,4.40016401,-3.211993025
33.87,-65.09371339,0.05236847751,0.5954103969,0.3183037222,0,-1.181025042,4.399929345,-3.212014016
33.88,-65.09378122,0.05236772225,0.59541507,0.3182999508,0,-1.180983909,4.399695753,-3.212034367
33.89,-65.09384694,0.05236698123,0.5954197403,0.3182961845,0,-1.180943713,4.399463234,-3.212054082
33.9,-65.09391054,0.05236625439,0.5954244077,0.3182924232,0,-1.18090445,4.399231787,-3.212073161
33.91,-65.09397202,0.0523655417,0.5954290723,0.3182886671,0,-1.180866117,4.399001413,-3.212091607
33.92,-65.09403141,0.0523648431,0.5954337338,0.3182849161,0,-1.18082871,4.398772111,-3.212109424
33.93,-65.09408871,0.05236415854,0.5954383923,0.3182811704,0,-1.180792226,4.39854388,-3.212126612
33.94,-65.09414392,0.05236348799,0.5954430476,0.31827743,0,-1.180756662,4.398316721,-3.212143175
33.95,-65.09419705,0.05236283138,0.5954476997,0.3182736948,0,-1.180722015,4.398090633,-3.212159114
33.96,-65.09424811,0.05236218868,0.5954523484,0.3182699651,0,-1.18068828,4.397865616,-3.212174433
33.97,-65.09429711,0.05236155984,0.5954569937,0.3182662408,0,-1.180655456,4.397641669,-3.212189132
33.98,-65.09434405,0.05236094481,0.5954616356,0.3182625219,0,-1.180623538,4.397418792,-3.212203216
33.99,-65.09438895,0.05236034355,0.5954662738,0.3182588086,0,-1.180592523,4.397196985,-3.212216685
34,-65.09443181,0.052359756,0.5954709085,0.3182551008,0,-1.180562409,4.396976247,-3.212229543
34.01,-65.09447264,0.05235918211,0.5954755394,0.3182513986,0,-1.180533191,4.396756577,-3.212241792
34.02,-65.09451145,0.05235862186,0.5954801665,0.3182477021,0,-1.180504866,4.396537976,-3.212253434
34.03,-65.09454824,0.05235807517,0.5954847897,0.3182440113,0,-1.180477431,4.396320443,-3.212264471
34.04,-65.09458302,0.05235754201,0.5954894089,0.3182403263,0,-1.180450883,4.396103977,-3.212274906
34.05,-65.0946158,0.05235702233,0.5954940242,0.318236647,0,-1.180425218,4.395888577,-3.212284741
34.06,-65.09464659,0.05235651608,0.5954986353,0.3182329736,0,-1.180400433,4.395674244,-3.212293978
34.07,-65.0946754,0.05235602322,0.5955032422,0.318229306,0,-1.180376525,4.395460977,-3.21230262
34.08,-65.09470223,0.05235554369,0.5955078449,0.3182256444,0,-1.18035349,4.395248774,-3.21231067
34.09,-65.0947271,0.05235507745,0.5955124432,0.3182219888,0,-1.180331325,4.395037636,-3.212318129
34.1,-65.09475,0.05235462445,0.5955170371,0.3182183392,0,-1.180310027,4.394827562,-3.212325
34.11,-65.09477095,0.05235418464,0.5955216265,0.3182146956,0,-1.180289593,4.394618552,-3.212331285
34.12,-65.09478996,0.05235375798,0.5955262113,0.3182110582,0,-1.180270018,4.394410604,-3.212336987
34.13,-65.09480702,0.05235334442,0.5955307916,0.3182074269,0,-1.1802513,4.394203717,-3.212342107
34.14,-65.09482216,0.0523529439,0.595535367,0.3182038018,0,-1.180233436,4.393997893,-3.212346649
34.15,-65.09483538,0.05235255639,0.5955399378,0.3182001829,0,-1.180216421,4.393793128,-3.212350615
34.16,-65.09484669,0.05235218183,0.5955445036,0.3181965703,0,-1.180200254,4.393589424,-3.212354007
34.17,-65.09485609,0.05235182017,0.5955490645,0.318192964,0,-1.18018493,4.393386779,-3.212356827
34.18,-65.09486359,0.05235147138,0.5955536204,0.318189364,0,-1.180170446,4.393185192,-3.212359078
34.19,-65.0948692,0.05235113539,0.5955581713,0.3181857705,0,-1.180156799,4.392984663,-3.212360761
34.2,-65.09487294,0.05235081216,0.595562717,0.3181821834,0,-1.180143985,4.392785191,-3.212361881
34.21,-65.09487479,0.05235050164,0.5955672575,0.3181786028,0,-1.180132002,4.392586775,-3.212362438
34.22,-65.09487479,0.05235020379,0.5955717927,0.3181750287,0,-1.180120845,4.392389414,-3.212362436
34.23,-65.09487292,0.05234991856,0.5955763225,0.3181714612,0,-1.180110512,4.392193108,-3.212361876
34.24,-65.0948692,0.0523496459,0.5955808469,0.3181679003,0,-1.180100998,4.391997855,-3.212360761
34.25,-65.09486364,0.05234938575,0.5955853658,0.318164346,0,-1.180092302,4.391803655,-3.212359093
34.26,-65.09485625,0.05234913808,0.5955898792,0.3181607984,0,-1.18008442,4.391610507,-3.212356875
34.27,-65.09484703,0.05234890283,0.5955943869,0.3181572575,0,-1.180077347,4.39141841,-3.212354109
34.28,-65.09483599,0.05234867995,0.5955988889,0.3181537233,0,-1.180071081,4.391227364,-3.212350798
34.29,-65.09482314,0.05234846941,0.5956033852,0.318150196,0,-1.180065619,4.391037366,-3.212346943
34.3,-65.09480849,0.05234827114,0.5956078756,0.3181466755,0,-1.180060958,4.390848417,-3.212342547
34.31,-65.09479204,0.0523480851,0.5956123601,0.3181431619,0,-1.180057093,4.390660515,-3.212337613
34.32,-65.09477381,0.05234791124,0.5956168386,0.3181396552,0,-1.180054021,4.390473659,-3.212332143
34.33,-65.0947538,0.05234774952,0.5956213112,0.3181361554,0,-1.18005174,4.390287849,-3.212326139
34.34,-65.09473201,0.05234759988,0.5956257776,0.3181326626,0,-1.180050246,4.390103083,-3.212319604
34.35,-65.09470846,0.05234746228,0.5956302378,0.3181291769,0,-1.180049536,4.389919361,-3.212312539
34.36,-65.09468316,0.05234733667,0.5956346919,0.3181256981,0,-1.180049605,4.389736681,-3.212304948
34.37,-65.09465611,0.052347223,0.5956391396,0.3181222265,0,-1.180050452,4.389555042,-3.212296833
34.38,-65.09462732,0.05234712122,0.595643581,0.318118762,0,-1.180052073,4.389374443,-3.212288195
34.39,-65.0945968,0.05234703128,0.5956480159,0.3181153047,0,-1.180054463,4.389194884,-3.212279039
34.4,-65.09456455,0.05234695313,0.5956524444,0.3181118546,0,-1.180057621,4.389016363,-3.212269364
34.41,-65.09453059,0.05234688673,0.5956568663,0.3181084117,0,-1.180061543,4.388838879,-3.212259176
34.42,-65.09449491,0.05234683203,0.5956612816,0.3181049761,0,-1.180066225,4.38866243,-3.212248474
34.43,-65.09445754,0.05234678898,0.5956656903,0.3181015478,0,-1.180071664,4.388487017,-3.212237263
34.44,-65.09441848,0.05234675753,0.5956700922,0.3180981268,0,-1.180077857,4.388312637,-3.212225544
34.45,-65.09437773,0.05234673763,0.5956744873,0.3180947132,0,-1.180084801,4.38813929,-3.212213319
34.46,-65.0943353,0.05234672923,0.5956788756,0.318091307,0,-1.180092492,4.387966974,-3.212200591
34.47,-65.09429121,0.05234673229,0.5956832569,0.3180879082,0,-1.180100926,4.387795688,-3.212187363
34.48,-65.09424546,0.05234674676,0.5956876313,0.3180845169,0,-1.180110101,4.387625431,-3.212173637
34.49,-65.09419805,0.05234677258,0.5956919986,0.3180811331,0,-1.180120014,4.387456202,-3.212159414
34.5,-65.09414899,0.05234680971,0.5956963589,0.3180777569,0,-1.18013066,4.387287999,-3.212144698
34.51,-65.0940983,0.05234685811,0.595700712,0.3180743882,0,-1.180142037,4.387120821,-3.212129491
34.52,-65.09404598,0.05234691771,0.5957050579,0.3180710271,0,-1.180154142,4.386954668,-3.212113794
34.53,-65.09399204,0.05234698848,0.5957093965,0.3180676736,0,-1.180166971,4.386789537,-3.212097612
34.54,-65.09393648,0.05234707037,0.5957137278,0.3180643278,0,-1.18018052,4.386625428,-3.212080945
34.55,-65.09387932,0.05234716332,0.5957180517,0.3180609897,0,-1.180194787,4.386462339,-3.212063796
34.56,-65.09382056,0.05234726729,0.5957223682,0.3180576593,0,-1.180209768,4.386300269,-3.212046168
34.57,-65.09376021,0.05234738223,0.5957266772,0.3180543367,0,-1.180225461,4.386139217,-3.212028063
34.58,-65.09369828,0.05234750809,0.5957309786,0.3180510219,0,-1.18024186,4.38597918,-3.212009483
34.59,-65.09363477,0.05234764483,0.5957352724,0.3180477148,0,-1.180258965,4.385820159,-3.211990431
34.6,-65.0935697,0.05234779239,0.5957395586,0.3180444157,0,-1.18027677,4.385662151,-3.211970909
34.61,-65.09350306,0.05234795072,0.595743837,0.3180411244,0,-1.180295273,4.385505155,-3.211950919
34.62,-65.09343488,0.05234811978,0.5957481077,0.3180378409,0,-1.18031447,4.385349171,-3.211930463
34.63,-65.09336515,0.05234829953,0.5957523705,0.3180345655,0,-1.180334359,4.385194195,-3.211909545
34.64,-65.09329389,0.0523484899,0.5957566255,0.318031298,0,-1.180354936,4.385040228,-3.211888166
34.65,-65.09322109,0.05234869086,0.5957608725,0.3180280384,0,-1.180376198,4.384887267,-3.211866328
34.66,-65.09314678,0.05234890235,0.5957651115,0.3180247869,0,-1.180398141,4.384735311,-3.211844035
34.67,-65.09307096,0.05234912432,0.5957693425,0.3180215435,0,-1.180420762,4.384584359,-3.211821288
34.68,-65.09299363,0.05234935673,0.5957735654,0.3180183081,0,-1.180444058,4.384434409,-3.21179809
34.69,-65.09291481,0.05234959954,0.5957777802,0.3180150808,0,-1.180468026,4.38428546,-3.211774442
34.7,-65.09283449,0.05234985268,0.5957819867,0.3180118616,0,-1.180492662,4.384137511,-3.211750348
34.71,-65.0927527,0.05235011611,0.5957861851,0.3180086506,0,-1.180517963,4.383990559,-3.21172581
34.72,-65.09266943,0.05235038979,0.5957903751,0.3180054477,0,-1.180543927,4.383844603,-3.21170083
34.73,-65.0925847,0.05235067367,0.5957945568,0.3180022531,0,-1.180570548,4.383699643,-3.21167541
34.74,-65.09249851,0.05235096769,0.59579873,0.3179990667,0,-1.180597826,4.383555675,-3.211649553
34.75,-65.09241087,0.05235127181,0.5958028949,0.3179958886,0,-1.180625755,4.383412699,-3.21162326
34.76,-65.09232179,0.05235158599,0.5958070512,0.3179927187,0,-1.180654333,4.383270714,-3.211596536
34.77,-65.09223127,0.05235191016,0.595811199,0.3179895571,0,-1.180683557,4.383129717,-3.21156938
34.78,-65.09213932,0.05235224429,0.5958153382,0.3179864039,0,-1.180713423,4.382989707,-3.211541797
34.79,-65.09204596,0.05235258833,0.5958194687,0.317983259,0,-1.180743929,4.382850683,-3.211513788
34.8,-65.09195119,0.05235294223,0.5958235906,0.3179801226,0,-1.18077507,4.382712643,-3.211485356
34.81,-65.09185501,0.05235330594,0.5958277037,0.3179769945,0,-1.180806844,4.382575585,-3.211456502
34.82,-65.09175743,0.05235367941,0.5958318081,0.3179738748,0,-1.180839248,4.382439507,-3.21142723
34.83,-65.09165847,0.0523540626,0.5958359036,0.3179707636,0,-1.180872278,4.382304409,-3.211397541
34.84,-65.09155813,0.05235445545,0.5958399902,0.3179676609,0,-1.180905931,4.382170288,-3.211367438
34.85,-65.09145641,0.05235485792,0.5958440679,0.3179645666,0,-1.180940204,4.382037143,-3.211336923
34.86,-65.09135333,0.05235526996,0.5958481367,0.3179614809,0,-1.180975093,4.381904972,-3.211305999
34.87,-65.09124889,0.05235569153,0.5958521964,0.3179584038,0,-1.181010596,4.381773773,-3.211274667
34.88,-65.0911431,0.05235612257,0.5958562471,0.3179553352,0,-1.181046709,4.381643545,-3.211242931
34.89,-65.09103597,0.05235656303,0.5958602887,0.3179522751,0,-1.181083429,4.381514286,-3.211210792
34.9,-65.09092751,0.05235701288,0.5958643211,0.3179492237,0,-1.181120753,4.381385995,-3.211178252
34.91,-65.09081771,0.05235747206,0.5958683443,0.317946181,0,-1.181158677,4.381258669,-3.211145314
34.92,-65.0907066,0.05235794052,0.5958723583,0.3179431468,0,-1.181197199,4.381132307,-3.211111981
34.93,-65.09059418,0.05235841822,0.595876363,0.3179401214,0,-1.181236315,4.381006908,-3.211078254
34.94,-65.09048045,0.05235890511,0.5958803584,0.3179371046,0,-1.181276022,4.380882469,-3.211044136
34.95,-65.09036543,0.05235940114,0.5958843445,0.3179340966,0,-1.181316316,4.380758988,-3.211009628
34.96,-65.09024912,0.05235990626,0.5958883211,0.3179310973,0,-1.181357196,4.380636465,-3.210974735
34.97,-65.09013152,0.05236042043,0.5958922883,0.3179281067,0,-1.181398657,4.380514897,-3.210939456
34.98,-65.09001265,0.0523609436,0.595896246,0.3179251249,0,-1.181440696,4.380394282,-3.210903796
34.99,-65.08989252,0.05236147572,0.5959001942,0.317922152,0,-1.18148331,4.380274619,-3.210867756
35,-65.08977113,0.05236201674,0.5959041328,0.3179191878,0,-1.181526497,4.380155905,-3.210831338
35.01,-65.08964848,0.05236256662,0.5959080618,0.3179162324,0,-1.181570252,4.38003814,-3.210794545
35.02,-65.0895246,0.05236312531,0.5959119812,0.3179132859,0,-1.181614572,4.379921321,-3.210757379
35.03,-65.08939947,0.05236369276,0.5959158909,0.3179103483,0,-1.181659456,4.379805446,-3.210719842
35.04,-65.08927312,0.05236426892,0.5959197908,0.3179074196,0,-1.181704898,4.379690514,-3.210681937
35.05,-65.08914555,0.05236485375,0.595923681,0.3179044998,0,-1.181750897,4.379576523,-3.210643665
35.06,-65.08901676,0.0523654472,0.5959275614,0.3179015888,0,-1.181797448,4.37946347,-3.210605029
35.07,-65.08888677,0.05236604923,0.5959314319,0.3178986869,0,-1.18184455,4.379351354,-3.210566032
35.08,-65.08875558,0.05236665978,0.5959352926,0.3178957939,0,-1.181892198,4.379240174,-3.210526674
35.09,-65.0886232,0.05236727881,0.5959391433,0.3178929098,0,-1.18194039,4.379129927,-3.21048696
35.1,-65.08848964,0.05236790627,0.5959429841,0.3178900348,0,-1.181989123,4.379020611,-3.210446891
35.11,-65.08835489,0.05236854212,0.5959468149,0.3178871688,0,-1.182038392,4.378912224,-3.210406468
35.12,-65.08821899,0.0523691863,0.5959506357,0.3178843118,0,-1.182088196,4.378804765,-3.210365696
35.13,-65.08808191,0.05236983878,0.5959544464,0.3178814638,0,-1.182138531,4.378698232,-3.210324574
35.14,-65.08794369,0.0523704995,0.595958247,0.3178786249,0,-1.182189394,4.378592622,-3.210283107
35.15,-65.08780432,0.05237116842,0.5959620375,0.317875795,0,-1.182240782,4.378487934,-3.210241296
35.16,-65.08766381,0.05237184549,0.5959658178,0.3178729743,0,-1.182292692,4.378384166,-3.210199143
35.17,-65.08752217,0.05237253066,0.5959695879,0.3178701626,0,-1.182345121,4.378281316,-3.210156651
35.18,-65.0873794,0.05237322389,0.5959733478,0.3178673601,0,-1.182398065,4.378179382,-3.210113821
35.19,-65.08723552,0.05237392514,0.5959770974,0.3178645667,0,-1.182451521,4.378078362,-3.210070656
35.2,-65.08709053,0.05237463435,0.5959808367,0.3178617825,0,-1.182505487,4.377978253,-3.210027159
35.21,-65.08694444,0.05237535148,0.5959845657,0.3178590074,0,-1.182559959,4.377879055,-3.209983331
35.22,-65.08679725,0.05237607648,0.5959882843,0.3178562415,0,-1.182614934,4.377780765,-3.209939174
35.23,-65.08664897,0.0523768093,0.5959919925,0.3178534847,0,-1.18267041,4.377683381,-3.209894691
35.24,-65.08649962,0.05237754991,0.5959956903,0.3178507372,0,-1.182726383,4.3775869,-3.209849885
35.25,-65.08634919,0.05237829825,0.5959993776,0.3178479989,0,-1.182782849,4.377491322,-3.209804756
35.26,-65.08619769,0.05237905428,0.5960030544,0.3178452698,0,-1.182839807,4.377396644,-3.209759308
35.27,-65.08604514,0.05237981795,0.5960067206,0.31784255,0,-1.182897252,4.377302864,-3.209713542
35.28,-65.08589154,0.05238058921,0.5960103764,0.3178398394,0,-1.182955183,4.377209979,-3.209667461
35.29,-65.08573689,0.05238136803,0.5960140215,0.3178371381,0,-1.183013595,4.377117989,-3.209621067
35.3,-65.0855812,0.05238215434,0.596017656,0.317834446,0,-1.183072485,4.37702689,-3.209574361
35.31,-65.08542449,0.05238294812,0.5960212798,0.3178317633,0,-1.183131852,4.376936681,-3.209527348
35.32,-65.08526676,0.05238374931,0.596024893,0.3178290898,0,-1.183191691,4.37684736,-3.209480027
35.33,-65.08510801,0.05238455786,0.5960284955,0.3178264257,0,-1.183252,4.376758925,-3.209432402
35.34,-65.08494825,0.05238537373,0.5960320872,0.3178237709,0,-1.183312775,4.376671373,-3.209384475
35.35,-65.08478749,0.05238619688,0.5960356682,0.3178211254,0,-1.183374014,4.376584702,-3.209336248
35.36,-65.08462574,0.05238702726,0.5960392383,0.3178184893,0,-1.183435714,4.376498911,-3.209287722
35.37,-65.084463,0.05238786482,0.5960427977,0.3178158626,0,-1.183497871,4.376413997,-3.209238901
35.38,-65.08429929,0.05238870953,0.5960463462,0.3178132452,0,-1.183560482,4.376329958,-3.209189786
35.39,-65.0841346,0.05238956132,0.5960498838,0.3178106371,0,-1.183623545,4.376246793,-3.20914038
35.4,-65.08396895,0.05239042016,0.5960534105,0.3178080385,0,-1.183687057,4.376164498,-3.209090684
35.41,-65.08380234,0.05239128601,0.5960569263,0.3178054493,0,-1.183751014,4.376083072,-3.209040701
35.42,-65.08363478,0.05239215881,0.5960604311,0.3178028695,0,-1.183815414,4.376002513,-3.208990433
35.43,-65.08346627,0.05239303853,0.596063925,0.317800299,0,-1.183880253,4.375922819,-3.208939882
35.44,-65.08329683,0.05239392511,0.5960674078,0.3177977381,0,-1.183945528,4.375843986,-3.20888905
35.45,-65.08312646,0.05239481852,0.5960708796,0.3177951865,0,-1.184011238,4.375766014,-3.208837939
35.46,-65.08295517,0.0523957187,0.5960743404,0.3177926444,0,-1.184077378,4.375688901,-3.208786552
35.47,-65.08278297,0.05239662562,0.59607779,0.3177901118,0,-1.184143945,4.375612643,-3.20873489
35.48,-65.08260985,0.05239753922,0.5960812286,0.3177875886,0,-1.184210938,4.375537238,-3.208682955
35.49,-65.08243583,0.05239845947,0.596084656,0.3177850749,0,-1.184278352,4.375462686,-3.20863075
35.5,-65.08226092,0.05239938632,0.5960880723,0.3177825706,0,-1.184346185,4.375388983,-3.208578277
35.51,-65.08208513,0.05240031972,0.5960914774,0.3177800759,0,-1.184414433,4.375316127,-3.208525538
35.52,-65.08190845,0.05240125963,0.5960948713,0.3177775906,0,-1.184483095,4.375244116,-3.208472535
35.53,-65.0817309,0.05240220601,0.5960982539,0.3177751148,0,-1.184552167,4.375172947,-3.20841927
35.54,-65.08155248,0.0524031588,0.5961016253,0.3177726485,0,-1.184621645,4.37510262,-3.208365745
35.55,-65.08137321,0.05240411798,0.5961049855,0.3177701918,0,-1.184691528,4.375033131,-3.208311962
35.56,-65.08119308,0.05240508349,0.5961083343,0.3177677446,0,-1.184761812,4.374964478,-3.208257923
35.57,-65.0810121,0.05240605529,0.5961116719,0.3177653069,0,-1.184832494,4.374896659,-3.208203631
35.58,-65.08083029,0.05240703333,0.5961149981,0.3177628787,0,-1.184903572,4.374829672,-3.208149087
35.59,-65.08064765,0.05240801757,0.596118313,0.31776046,0,-1.184975042,4.374763514,-3.208094294
35.6,-65.08046418,0.05240900797,0.5961216164,0.3177580509,0,-1.185046901,4.374698183,-3.208039253
35.61,-65.08027989,0.05241000448,0.5961249085,0.3177556514,0,-1.185119147,4.374633678,-3.207983967
35.62,-65.08009479,0.05241100706,0.5961281892,0.3177532614,0,-1.185191777,4.374569995,-3.207928437
35.63,-65.07990889,0.05241201567,0.5961314584,0.317750881,0,-1.185264788,4.374507133,-3.207872666
35.64,-65.07972219,0.05241303026,0.5961347162,0.3177485101,0,-1.185338177,4.374445089,-3.207816656
35.65,-65.07953469,0.05241405079,0.5961379625,0.3177461488,0,-1.185411941,4.374383861,-3.207760408
35.66,-65.07934642,0.05241507721,0.5961411973,0.3177437971,0,-1.185486078,4.374323446,-3.207703925
35.67,-65.07915737,0.05241610949,0.5961444206,0.3177414549,0,-1.185560583,4.374263844,-3.20764721
35.68,-65.07896754,0.05241714757,0.5961476324,0.3177391223,0,-1.185635456,4.37420505,-3.207590262
35.69,-65.07877695,0.05241819142,0.5961508326,0.3177367994,0,-1.185710692,4.374147063,-3.207533086
35.7,-65.07858561,0.052419241,0.5961540213,0.317734486,0,-1.185786288,4.374089881,-3.207475683
35.71,-65.07839351,0.05242029625,0.5961571984,0.3177321822,0,-1.185862243,4.374033501,-3.207418054
35.72,-65.07820068,0.05242135713,0.5961603639,0.317729888,0,-1.185938553,4.373977921,-3.207360203
35.73,-65.0780071,0.05242242361,0.5961635177,0.3177276034,0,-1.186015216,4.373923139,-3.20730213
35.74,-65.07781279,0.05242349565,0.59616666,0.3177253284,0,-1.186092228,4.373869152,-3.207243838
35.75,-65.07761776,0.05242457319,0.5961697905,0.317723063,0,-1.186169586,4.373815958,-3.207185329
35.76,-65.07742202,0.05242565619,0.5961729095,0.3177208072,0,-1.186247289,4.373763555,-3.207126605
35.77,-65.07722556,0.05242674462,0.5961760167,0.317718561,0,-1.186325333,4.37371194,-3.207067668
35.78,-65.0770284,0.05242783843,0.5961791122,0.3177163245,0,-1.186403714,4.373661112,-3.207008519
35.79,-65.07683054,0.05242893757,0.5961821961,0.3177140975,0,-1.186482432,4.373611067,-3.206949162
35.8,-65.07663199,0.05243004201,0.5961852682,0.3177118802,0,-1.186561482,4.373561804,-3.206889597
35.81,-65.07643276,0.05243115171,0.5961883285,0.3177096725,0,-1.186640862,4.37351332,-3.206829827
35.82,-65.07623284,0.05243226661,0.5961913771,0.3177074744,0,-1.186720569,4.373465612,-3.206769853
35.83,-65.07603226,0.05243338669,0.596194414,0.3177052859,0,-1.186800601,4.373418679,-3.206709679
35.84,-65.07583101,0.05243451189,0.596197439,0.3177031071,0,-1.186880954,4.373372518,-3.206649304
35.85,-65.07562911,0.05243564218,0.5962004523,0.3177009379,0,-1.186961626,4.373327127,-3.206588733
35.86,-65.07542655,0.05243677751,0.5962034538,0.3176987783,0,-1.187042614,4.373282503,-3.206527966
35.87,-65.07522335,0.05243791784,0.5962064434,0.3176966283,0,-1.187123915,4.373238645,-3.206467005
35.88,-65.07501951,0.05243906313,0.5962094212,0.317694488,0,-1.187205527,4.373195548,-3.206405853
35.89,-65.07481504,0.05244021334,0.5962123872,0.3176923573,0,-1.187287447,4.373153212,-3.206344511
35.9,-65.07460994,0.05244136843,0.5962153413,0.3176902362,0,-1.187369672,4.373111634,-3.206282981
35.91,-65.07440422,0.05244252836,0.5962182835,0.3176881247,0,-1.187452199,4.373070812,-3.206221265
35.92,-65.07419789,0.05244369308,0.5962212138,0.3176860229,0,-1.187535026,4.373030742,-3.206159366
35.93,-65.07399095,0.05244486255,0.5962241323,0.3176839306,0,-1.18761815,4.372991424,-3.206097284
35.94,-65.07378341,0.05244603673,0.5962270389,0.3176818481,0,-1.187701568,4.372952853,-3.206035022
35.95,-65.07357527,0.05244721559,0.5962299335,0.3176797751,0,-1.187785278,4.372915029,-3.205972582
35.96,-65.07336655,0.05244839907,0.5962328162,0.3176777117,0,-1.187869277,4.372877948,-3.205909966
35.97,-65.07315725,0.05244958715,0.596235687,0.317675658,0,-1.187953561,4.372841609,-3.205847175
35.98,-65.07294737,0.05245077977,0.5962385459,0.3176736139,0,-1.188038129,4.372806008,-3.205784212
35.99,-65.07273693,0.0524519769,0.5962413928,0.3176715794,0,-1.188122978,4.372771144,-3.205721078
36,-65.07252592,0.0524531785,0.5962442277,0.3176695546,0,-1.188208105,4.372737013,-3.205657775
36.01,-65.07231435,0.05245438453,0.5962470507,0.3176675393,0,-1.188293508,4.372703614,-3.205594305
36.02,-65.07210223,0.05245559494,0.5962498616,0.3176655337,0,-1.188379183,4.372670945,-3.20553067
36.03,-65.07188957,0.0524568097,0.5962526606,0.3176635376,0,-1.188465129,4.372639002,-3.205466872
36.04,-65.07167638,0.05245802876,0.5962554476,0.3176615512,0,-1.188551342,4.372607783,-3.205402913
36.05,-65.07146265,0.05245925209,0.5962582226,0.3176595744,0,-1.18863782,4.372577287,-3.205338794
36.06,-65.07124839,0.05246047965,0.5962609856,0.3176576072,0,-1.18872456,4.372547509,-3.205274517
36.07,-65.07103362,0.05246171139,0.5962637366,0.3176556496,0,-1.188811559,4.372518449,-3.205210085
36.08,-65.07081833,0.05246294728,0.5962664755,0.3176537016,0,-1.188898816,4.372490104,-3.205145499
36.09,-65.07060253,0.05246418727,0.5962692024,0.3176517632,0,-1.188986327,4.372462471,-3.20508076
36.1,-65.07038624,0.05246543133,0.5962719173,0.3176498343,0,-1.189074089,4.372435547,-3.205015872
36.11,-65.07016945,0.05246667942,0.5962746201,0.3176479151,0,-1.189162101,4.372409331,-3.204950835
36.12,-65.06995217,0.05246793149,0.5962773109,0.3176460054,0,-1.189250359,4.37238382,-3.204885651
36.13,-65.06973441,0.05246918751,0.5962799896,0.3176441053,0,-1.189338861,4.372359011,-3.204820322
36.14,-65.06951617,0.05247044744,0.5962826562,0.3176422148,0,-1.189427605,4.372334902,-3.20475485
36.15,-65.06929746,0.05247171124,0.5962853108,0.3176403339,0,-1.189516587,4.372311491,-3.204689237
36.16,-65.06907828,0.05247297888,0.5962879533,0.3176384625,0,-1.189605805,4.372288775,-3.204623485
36.17,-65.06885865,0.0524742503,0.5962905837,0.3176366007,0,-1.189695257,4.372266751,-3.204557595
36.18,-65.06863856,0.05247552547,0.5962932021,0.3176347485,0,-1.18978494,4.372245418,-3.204491569
36.19,-65.06841803,0.05247680436,0.5962958083,0.3176329058,0,-1.189874852,4.372224773,-3.204425409
36.2,-65.06819706,0.05247808693,0.5962984025,0.3176310726,0,-1.18996499,4.372204812,-3.204359117
36.21,-65.06797565,0.05247937313,0.5963009846,0.317629249,0,-1.19005535,4.372185535,-3.204292694
36.22,-65.06775381,0.05248066292,0.5963035545,0.317627435,0,-1.190145932,4.372166938,-3.204226142
36.23,-65.06753155,0.05248195628,0.5963061124,0.3176256304,0,-1.190236732,4.372149019,-3.204159464
36.24,-65.06730887,0.05248325316,0.5963086582,0.3176238354,0,-1.190327748,4.372131776,-3.20409266
36.25,-65.06708577,0.05248455352,0.5963111918,0.3176220499,0,-1.190418978,4.372115205,-3.204025732
36.26,-65.06686228,0.05248585732,0.5963137134,0.317620274,0,-1.190510418,4.372099305,-3.203958683
36.27,-65.06663838,0.05248716453,0.5963162228,0.3176185075,0,-1.190602066,4.372084074,-3.203891514
36.28,-65.06641409,0.05248847511,0.5963187201,0.3176167505,0,-1.19069392,4.372069507,-3.203824227
36.29,-65.06618941,0.05248978903,0.5963212053,0.3176150031,0,-1.190785978,4.372055604,-3.203756823
36.3,-65.06596435,0.05249110623,0.5963236784,0.3176132651,0,-1.190878236,4.372042362,-3.203689304
36.31,-65.06573891,0.05249242669,0.5963261394,0.3176115366,0,-1.190970692,4.372029778,-3.203621672
36.32,-65.0655131,0.05249375036,0.5963285882,0.3176098176,0,-1.191063345,4.372017849,-3.203553929
36.33,-65.06528692,0.05249507722,0.5963310249,0.317608108,0,-1.191156191,4.372006574,-3.203486076
36.34,-65.06506039,0.05249640722,0.5963334495,0.3176064079,0,-1.191249227,4.371995949,-3.203418116
36.35,-65.0648335,0.05249774033,0.596335862,0.3176047173,0,-1.191342453,4.371985973,-3.203350049
36.36,-65.06460626,0.0524990765,0.5963382623,0.3176030361,0,-1.191435864,4.371976643,-3.203281877
36.37,-65.06437868,0.0525004157,0.5963406505,0.3176013644,0,-1.191529459,4.371967955,-3.203213603
36.38,-65.06415076,0.0525017579,0.5963430266,0.317599702,0,-1.191623235,4.371959909,-3.203145227
36.39,-65.06392251,0.05250310306,0.5963453906,0.3175980491,0,-1.19171719,4.371952501,-3.203076752
36.4,-65.06369393,0.05250445114,0.5963477424,0.3175964057,0,-1.191811321,4.371945729,-3.203008179
36.41,-65.06346503,0.0525058021,0.5963500822,0.3175947716,0,-1.191905626,4.37193959,-3.20293951
36.42,-65.06323582,0.05250715591,0.5963524098,0.3175931469,0,-1.192000102,4.371934082,-3.202870746
36.43,-65.0630063,0.05250851252,0.5963547253,0.3175915317,0,-1.192094748,4.371929203,-3.20280189
36.44,-65.06277647,0.05250987192,0.5963570286,0.3175899258,0,-1.19218956,4.371924949,-3.202732942
36.45,-65.06254635,0.05251123405,0.5963593199,0.3175883292,0,-1.192284537,4.371921319,-3.202663905
36.46,-65.06231593,0.05251259888,0.596361599,0.3175867421,0,-1.192379676,4.37191831,-3.20259478
36.47,-65.06208523,0.05251396639,0.596363866,0.3175851643,0,-1.192474974,4.371915919,-3.202525569
36.48,-65.06185424,0.05251533652,0.596366121,0.3175835958,0,-1.192570429,4.371914144,-3.202456273
36.49,-65.06162298,0.05251670924,0.5963683638,0.3175820367,0,-1.192666039,4.371912983,-3.202386894
36.5,-65.06139145,0.05251808452,0.5963705945,0.317580487,0,-1.192761802,4.371912432,-3.202317434
36.51,-65.06115964,0.05251946233,0.5963728131,0.3175789465,0,-1.192857715,4.37191249,-3.202247893
36.52,-65.06092758,0.05252084262,0.5963750196,0.3175774153,0,-1.192953776,4.371913154,-3.202178275
36.53,-65.06069527,0.05252222536,0.596377214,0.3175758935,0,-1.193049982,4.371914422,-3.202108581
36.54,-65.0604627,0.05252361053,0.5963793963,0.3175743809,0,-1.193146331,4.37191629,-3.202038811
36.55,-65.06022989,0.05252499807,0.5963815666,0.3175728776,0,-1.193242821,4.371918757,-3.201968968
36.56,-65.05999684,0.05252638795,0.5963837247,0.3175713836,0,-1.19333945,4.37192182,-3.201899053
36.57,-65.05976356,0.05252778015,0.5963858708,0.3175698989,0,-1.193436215,4.371925476,-3.201829068
36.58,-65.05953005,0.05252917463,0.5963880048,0.3175684234,0,-1.193533113,4.371929724,-3.201759015
36.59,-65.05929632,0.05253057134,0.5963901267,0.3175669571,0,-1.193630144,4.37193456,-3.201688895
36.6,-65.05906236,0.05253197026,0.5963922366,0.3175655001,0,-1.193727304,4.371939981,-3.201618709
36.61,-65.0588282,0.05253337136,0.5963943344,0.3175640522,0,-1.19382459,4.371945987,-3.201548459
36.62,-65.05859382,0.05253477459,0.5963964202,0.3175626136,0,-1.193922002,4.371952573,-3.201478147
36.63,-65.05835925,0.05253617992,0.5963984939,0.3175611842,0,-1.194019536,4.371959738,-3.201407774
36.64,-65.05812447,0.05253758732,0.5964005556,0.317559764,0,-1.19411719,4.371967479,-3.201337342
36.65,-65.05788951,0.05253899676,0.5964026052,0.3175583529,0,-1.194214963,4.371975793,-3.201266852
36.66,-65.05765435,0.0525404082,0.5964046428,0.317556951,0,-1.194312851,4.371984679,-3.201196306
36.67,-65.05741902,0.0525418216,0.5964066684,0.3175555583,0,-1.194410853,4.371994132,-3.201125706
36.68,-65.05718351,0.05254323693,0.596408682,0.3175541746,0,-1.194508966,4.372004152,-3.201055052
36.69,-65.05694782,0.05254465417,0.5964106836,0.3175528002,0,-1.194607188,4.372014736,-3.200984347
36.7,-65.05671197,0.05254607326,0.5964126731,0.3175514348,0,-1.194705517,4.37202588,-3.200913592
36.71,-65.05647596,0.05254749419,0.5964146507,0.3175500785,0,-1.19480395,4.372037583,-3.200842788
36.72,-65.05623979,0.05254891692,0.5964166163,0.3175487313,0,-1.194902486,4.372049842,-3.200771938
36.73,-65.05600347,0.05255034141,0.5964185699,0.3175473932,0,-1.195001122,4.372062655,-3.200701041
36.74,-65.055767,0.05255176763,0.5964205115,0.3175460642,0,-1.195099857,4.372076018,-3.200630101
36.75,-65.05553039,0.05255319555,0.5964224412,0.3175447442,0,-1.195198687,4.37208993,-3.200559118
36.76,-65.05529365,0.05255462513,0.5964243589,0.3175434333,0,-1.195297611,4.372104388,-3.200488094
36.77,-65.05505677,0.05255605634,0.5964262646,0.3175421314,0,-1.195396626,4.37211939,-3.200417031
36.78,-65.05481976,0.05255748916,0.5964281585,0.3175408385,0,-1.195495731,4.372134933,-3.200345929
36.79,-65.05458264,0.05255892354,0.5964300404,0.3175395546,0,-1.195594923,4.372151014,-3.200274791
36.8,-65.05434539,0.05256035945,0.5964319103,0.3175382797,0,-1.195694201,4.372167632,-3.200203617
36.81,-65.05410803,0.05256179687,0.5964337684,0.3175370138,0,-1.195793561,4.372184783,-3.20013241
36.82,-65.05387057,0.05256323575,0.5964356146,0.3175357568,0,-1.195893002,4.372202465,-3.200061171
36.83,-65.053633,0.05256467607,0.5964374488,0.3175345088,0,-1.195992521,4.372220675,-3.1999899
36.84,-65.05339534,0.05256611779,0.5964392712,0.3175332697,0,-1.196092117,4.372239412,-3.199918601
36.85,-65.05315758,0.05256756088,0.5964410817,0.3175320395,0,-1.196191788,4.372258673,-3.199847273
36.86,-65.05291973,0.05256900532,0.5964428804,0.3175308183,0,-1.196291531,4.372278454,-3.199775919
36.87,-65.0526818,0.05257045106,0.5964446672,0.3175296059,0,-1.196391344,4.372298754,-3.19970454
36.88,-65.05244379,0.05257189808,0.5964464421,0.3175284025,0,-1.196491225,4.372319571,-3.199633137
36.89,-65.0522057,0.05257334634,0.5964482053,0.3175272079,0,-1.196591173,4.372340901,-3.199561711
36.9,-65.05196755,0.05257479582,0.5964499566,0.3175260221,0,-1.196691184,4.372362742,-3.199490265
36.91,-65.05172933,0.05257624648,0.596451696,0.3175248452,0,-1.196791257,4.372385092,-3.1994188
36.92,-65.05149105,0.05257769828,0.5964534237,0.3175236771,0,-1.196891391,4.372407948,-3.199347316
36.93,-65.05125272,0.05257915121,0.5964551397,0.3175225178,0,-1.196991581,4.372431308,-3.199275815
36.94,-65.05101433,0.05258060522,0.5964568438,0.3175213673,0,-1.197091828,4.372455169,-3.1992043
36.95,-65.0507759,0.05258206029,0.5964585362,0.3175202256,0,-1.197192129,4.372479529,-3.19913277
36.96,-65.05053743,0.05258351639,0.5964602168,0.3175190927,0,-1.197292481,4.372504386,-3.199061228
36.97,-65.05029892,0.05258497348,0.5964618856,0.3175179685,0,-1.197392883,4.372529736,-3.198989675
36.98,-65.05006037,0.05258643154,0.5964635428,0.3175168531,0,-1.197493332,4.372555577,-3.198918112
36.99,-65.0498218,0.05258789053,0.5964651882,0.3175157463,0,-1.197593827,4.372581908,-3.19884654
37,-65.0495832,0.05258935042,0.596466822,0.3175146483,0,-1.197694366,4.372608725,-3.198774961
37.01,-65.04934459,0.05259081118,0.596468444,0.317513559,0,-1.197794946,4.372636026,-3.198703377
37.02,-65.04910596,0.05259227279,0.5964700544,0.3175124783,0,-1.197895566,4.372663808,-3.198631788
37.03,-65.04886732,0.05259373521,0.5964716531,0.3175114063,0,-1.197996223,4.372692069,-3.198560196
37.04,-65.04862867,0.05259519841,0.5964732401,0.3175103429,0,-1.198096916,4.372720807,-3.198488602
37.05,-65.04839003,0.05259666236,0.5964748155,0.3175092882,0,-1.198197643,4.372750019,-3.198417008
37.06,-65.04815138,0.05259812704,0.5964763793,0.3175082421,0,-1.198298402,4.372779703,-3.198345415
37.07,-65.04791275,0.05259959241,0.5964779315,0.3175072046,0,-1.19839919,4.372809855,-3.198273824
37.08,-65.04767412,0.05260105844,0.5964794721,0.3175061756,0,-1.198500006,4.372840475,-3.198202236
37.09,-65.04743551,0.05260252511,0.5964810011,0.3175051553,0,-1.198600848,4.372871559,-3.198130654
37.1,-65.04719692,0.05260399238,0.5964825185,0.3175041435,0,-1.198701714,4.372903104,-3.198059077
37.11,-65.04695836,0.05260546022,0.5964840244,0.3175031402,0,-1.198802602,4.372935109,-3.197987508
37.12,-65.04671983,0.05260692861,0.5964855187,0.3175021454,0,-1.19890351,4.372967571,-3.197915948
37.13,-65.04648132,0.05260839752,0.5964870016,0.3175011591,0,-1.199004436,4.373000487,-3.197844397
37.14,-65.04624286,0.05260986691,0.5964884729,0.3175001813,0,-1.199105379,4.373033855,-3.197772858
37.15,-65.04600444,0.05261133676,0.5964899327,0.317499212,0,-1.199206335,4.373067673,-3.197701331
37.16,-65.04576606,0.05261280704,0.596491381,0.3174982511,0,-1.199307305,4.373101937,-3.197629818
37.17,-65.04552774,0.05261427773,0.5964928179,0.3174972987,0,-1.199408285,4.373136647,-3.197558321
37.18,-65.04528946,0.05261574878,0.5964942433,0.3174963547,0,-1.199509273,4.373171799,-3.197486839
37.19,-65.04505125,0.05261722018,0.5964956573,0.317495419,0,-1.199610269,4.37320739,-3.197415375
37.2,-65.0448131,0.0526186919,0.5964970599,0.3174944918,0,-1.199711269,4.373243419,-3.19734393
37.21,-65.04457502,0.0526201639,0.5964984511,0.3174935729,0,-1.199812273,4.373279882,-3.197272505
37.22,-65.044337,0.05262163617,0.5964998309,0.3174926624,0,-1.199913278,4.373316778,-3.197201101
37.23,-65.04409907,0.05262310866,0.5965011993,0.3174917602,0,-1.200014282,4.373354105,-3.19712972
37.24,-65.04386121,0.05262458136,0.5965025563,0.3174908663,0,-1.200115284,4.373391858,-3.197058362
37.25,-65.04362343,0.05262605424,0.5965039021,0.3174899807,0,-1.200216281,4.373430037,-3.196987029
37.26,-65.04338574,0.05262752726,0.5965052365,0.3174891034,0,-1.200317273,4.373468639,-3.196915723
37.27,-65.04314815,0.05262900041,0.5965065596,0.3174882344,0,-1.200418257,4.373507661,-3.196844444
37.28,-65.04291064,0.05263047364,0.5965078714,0.3174873736,0,-1.200519231,4.373547101,-3.196773193
37.29,-65.04267324,0.05263194695,0.596509172,0.317486521,0,-1.200620193,4.373586957,-3.196701972
37.3,-65.04243594,0.05263342029,0.5965104613,0.3174856766,0,-1.200721143,4.373627225,-3.196630782
37.31,-65.04219875,0.05263489364,0.5965117394,0.3174848404,0,-1.200822077,4.373667905,-3.196559624
37.32,-65.04196167,0.05263636698,0.5965130062,0.3174840124,0,-1.200922995,4.373708992,-3.1964885
37.33,-65.0417247,0.05263784028,0.5965142619,0.3174831926,0,-1.201023893,4.373750485,-3.19641741
37.34,-65.04148785,0.0526393135,0.5965155064,0.3174823809,0,-1.201124772,4.373792382,-3.196346355
37.35,-65.04125113,0.05264078664,0.5965167397,0.3174815773,0,-1.201225628,4.37383468,-3.196275338
37.36,-65.04101453,0.05264225965,0.5965179619,0.3174807818,0,-1.201326461,4.373877377,-3.196204358
37.37,-65.04077806,0.05264373251,0.5965191729,0.3174799943,0,-1.201427268,4.37392047,-3.196133417
37.38,-65.04054172,0.05264520519,0.5965203729,0.317479215,0,-1.201528047,4.373963956,-3.196062517
37.39,-65.04030553,0.05264667767,0.5965215617,0.3174784437,0,-1.201628798,4.374007834,-3.195991658
37.4,-65.04006947,0.05264814993,0.5965227395,0.3174776804,0,-1.201729518,4.374052102,-3.195920842
37.41,-65.03983356,0.05264962193,0.5965239062,0.3174769251,0,-1.201830205,4.374096756,-3.195850069
37.42,-65.0395978,0.05265109366,0.5965250619,0.3174761778,0,-1.201930858,4.374141794,-3.195779341
37.43,-65.0393622,0.05265256508,0.5965262066,0.3174754385,0,-1.202031475,4.374187214,-3.195708659
37.44,-65.03912675,0.05265403616,0.5965273403,0.3174747071,0,-1.202132055,4.374233014,-3.195638024
37.45,-65.03889146,0.05265550689,0.596528463,0.3174739837,0,-1.202232595,4.374279191,-3.195567437
37.46,-65.03865633,0.05265697724,0.5965295748,0.3174732682,0,-1.202333095,4.374325743,-3.195496899
37.47,-65.03842137,0.05265844718,0.5965306756,0.3174725605,0,-1.202433551,4.374372667,-3.195426412
37.48,-65.03818659,0.05265991669,0.5965317655,0.3174718608,0,-1.202533964,4.374419961,-3.195355976
37.49,-65.03795197,0.05266138574,0.5965328445,0.3174711689,0,-1.20263433,4.374467623,-3.195285592
37.5,-65.03771754,0.05266285431,0.5965339126,0.3174704848,0,-1.202734649,4.37451565,-3.195215262
37.51,-65.03748329,0.05266432237,0.5965349699,0.3174698086,0,-1.202834919,4.374564041,-3.195144987
37.52,-65.03724922,0.0526657899,0.5965360164,0.3174691401,0,-1.202935138,4.374612791,-3.195074767
37.53,-65.03701535,0.05266725687,0.596537052,0.3174684794,0,-1.203035304,4.374661901,-3.195004605
37.54,-65.03678167,0.05266872326,0.5965380768,0.3174678265,0,-1.203135417,4.374711366,-3.1949345
37.55,-65.03654818,0.05267018904,0.5965390909,0.3174671814,0,-1.203235473,4.374761185,-3.194864454
37.56,-65.03631489,0.05267165419,0.5965400942,0.3174665439,0,-1.203335472,4.374811355,-3.194794468
37.57,-65.03608181,0.05267311869,0.5965410867,0.3174659141,0,-1.203435413,4.374861873,-3.194724542
37.58,-65.03584893,0.05267458251,0.5965420686,0.3174652921,0,-1.203535293,4.374912739,-3.194654679
37.59,-65.03561626,0.05267604562,0.5965430397,0.3174646776,0,-1.20363511,4.374963949,-3.194584879
37.6,-65.03538381,0.05267750801,0.5965440002,0.3174640709,0,-1.203734864,4.3750155,-3.194515143
37.61,-65.03515158,0.05267896965,0.59654495,0.3174634717,0,-1.203834553,4.375067391,-3.194445473
37.62,-65.03491956,0.05268043051,0.5965458892,0.3174628801,0,-1.203934175,4.37511962,-3.194375868
37.63,-65.03468777,0.05268189057,0.5965468179,0.3174622962,0,-1.204033729,4.375172183,-3.19430633
37.64,-65.0344562,0.05268334981,0.5965477359,0.3174617198,0,-1.204133213,4.375225079,-3.194236861
37.65,-65.03422487,0.05268480821,0.5965486433,0.3174611509,0,-1.204232626,4.375278306,-3.194167461
37.66,-65.03399377,0.05268626574,0.5965495402,0.3174605895,0,-1.204331965,4.37533186,-3.194098131
37.67,-65.03376291,0.05268772237,0.5965504266,0.3174600357,0,-1.20443123,4.37538574,-3.194028872
37.68,-65.03353228,0.0526891781,0.5965513025,0.3174594893,0,-1.204530419,4.375439944,-3.193959685
37.69,-65.0333019,0.05269063288,0.5965521679,0.3174589503,0,-1.20462953,4.375494468,-3.193890571
37.7,-65.03307177,0.0526920867,0.5965530229,0.3174584189,0,-1.204728563,4.375549311,-3.193821531
37.71,-65.03284189,0.05269353954,0.5965538674,0.3174578948,0,-1.204827515,4.375604471,-3.193752567
37.72,-65.03261226,0.05269499138,0.5965547016,0.3174573781,0,-1.204926385,4.375659945,-3.193683678
37.73,-65.03238289,0.05269644218,0.5965555253,0.3174568688,0,-1.205025171,4.375715731,-3.193614866
37.74,-65.03215378,0.05269789194,0.5965563387,0.3174563669,0,-1.205123873,4.375771827,-3.193546133
37.75,-65.03192493,0.05269934062,0.5965571417,0.3174558723,0,-1.205222488,4.37582823,-3.193477478
37.76,-65.03169634,0.0527007882,0.5965579344,0.317455385,0,-1.205321015,4.375884938,-3.193408902
37.77,-65.03146803,0.05270223467,0.5965587168,0.317454905,0,-1.205419453,4.375941949,-3.193340408
37.78,-65.03123998,0.05270368,0.596559489,0.3174544323,0,-1.2055178,4.375999261,-3.193271995
37.79,-65.03101222,0.05270512417,0.5965602509,0.3174539668,0,-1.205616055,4.37605687,-3.193203665
37.8,-65.03078473,0.05270656715,0.5965610026,0.3174535085,0,-1.205714216,4.376114776,-3.193135418
37.81,-65.03055752,0.05270800893,0.5965617441,0.3174530575,0,-1.205812282,4.376172976,-3.193067256
37.82,-65.0303306,0.05270944949,0.5965624754,0.3174526137,0,-1.205910252,4.376231467,-3.192999179
37.83,-65.03010396,0.05271088879,0.5965631965,0.317452177,0,-1.206008123,4.376290247,-3.192931189
37.84,-65.02987762,0.05271232683,0.5965639075,0.3174517474,0,-1.206105896,4.376349315,-3.192863285
37.85,-65.02965157,0.05271376358,0.5965646084,0.317451325,0,-1.206203567,4.376408667,-3.19279547
37.86,-65.02942581,0.05271519901,0.5965652992,0.3174509097,0,-1.206301137,4.376468302,-3.192727743
37.87,-65.02920036,0.05271663312,0.59656598,0.3174505015,0,-1.206398603,4.376528217,-3.192660107
37.88,-65.0289752,0.05271806587,0.5965666507,0.3174501003,0,-1.206495964,4.37658841,-3.192592561
37.89,-65.02875035,0.05271949724,0.5965673114,0.3174497062,0,-1.206593219,4.376648879,-3.192525106
37.9,-65.02852581,0.05272092722,0.5965679622,0.3174493191,0,-1.206690367,4.376709622,-3.192457744
37.91,-65.02830159,0.05272235579,0.5965686029,0.317448939,0,-1.206787405,4.376770636,-3.192390476
37.92,-65.02807767,0.05272378292,0.5965692338,0.3174485659,0,-1.206884334,4.37683192,-3.192323301
37.93,-65.02785407,0.05272520859,0.5965698547,0.3174481997,0,-1.20698115,4.37689347,-3.192256222
37.94,-65.02763079,0.05272663279,0.5965704657,0.3174478404,0,-1.207077854,4.376955285,-3.192189238
37.95,-65.02740784,0.05272805549,0.5965710669,0.3174474881,0,-1.207174444,4.377017363,-3.192122351
37.96,-65.02718521,0.05272947667,0.5965716582,0.3174471427,0,-1.207270917,4.377079702,-3.192055562
37.97,-65.0269629,0.05273089632,0.5965722397,0.3174468041,0,-1.207367274,4.377142298,-3.191988871
37.98,-65.02674093,0.05273231441,0.5965728114,0.3174464723,0,-1.207463513,4.37720515,-3.191922279
37.99,-65.02651929,0.05273373092,0.5965733733,0.3174461474,0,-1.207559632,4.377268257,-3.191855787
38,-65.02629799,0.05273514584,0.5965739256,0.3174458293,0,-1.207655631,4.377331615,-3.191789396
38.01,-65.02607702,0.05273655914,0.596574468,0.317445518,0,-1.207751507,4.377395222,-3.191723107
38.02,-65.0258564,0.05273797081,0.5965750009,0.3174452134,0,-1.20784726,4.377459077,-3.19165692
38.03,-65.02563612,0.05273938083,0.596575524,0.3174449156,0,-1.207942889,4.377523177,-3.191590837
38.04,-65.02541619,0.05274078917,0.5965760375,0.3174446245,0,-1.208038391,4.37758752,-3.191524857
38.05,-65.02519661,0.05274219582,0.5965765414,0.31744434,0,-1.208133767,4.377652104,-3.191458982
38.06,-65.02497738,0.05274360076,0.5965770357,0.3174440623,0,-1.208229014,4.377716926,-3.191393213
38.07,-65.0247585,0.05274500397,0.5965775204,0.3174437911,0,-1.208324131,4.377781985,-3.191327551
38.08,-65.02453999,0.05274640542,0.5965779956,0.3174435267,0,-1.208419118,4.377847278,-3.191261996
38.09,-65.02432183,0.05274780512,0.5965784613,0.3174432688,0,-1.208513973,4.377912804,-3.191196548
38.1,-65.02410403,0.05274920302,0.5965789175,0.3174430175,0,-1.208608694,4.377978559,-3.19113121
38.11,-65.0238866,0.05275059912,0.5965793643,0.3174427727,0,-1.208703281,4.378044543,-3.19106598
38.12,-65.02366954,0.0527519934,0.5965798016,0.3174425345,0,-1.208797732,4.378110752,-3.191000861
38.13,-65.02345285,0.05275338584,0.5965802295,0.3174423028,0,-1.208892046,4.378177185,-3.190935854
38.14,-65.02323652,0.05275477642,0.596580648,0.3174420776,0,-1.208986222,4.37824384,-3.190870957
38.15,-65.02302058,0.05275616512,0.5965810572,0.3174418589,0,-1.209080259,4.378310714,-3.190806174
38.16,-65.02280501,0.05275755193,0.5965814571,0.3174416466,0,-1.209174155,4.378377805,-3.190741503
38.17,-65.02258982,0.05275893682,0.5965818476,0.3174414408,0,-1.20926791,4.378445112,-3.190676947
38.18,-65.02237502,0.05276031978,0.5965822289,0.3174412413,0,-1.209361522,4.378512632,-3.190612505
38.19,-65.0221606,0.0527617008,0.5965826009,0.3174410482,0,-1.20945499,4.378580363,-3.190548179
38.2,-65.02194656,0.05276307985,0.5965829637,0.3174408615,0,-1.209548313,4.378648303,-3.190483969
38.21,-65.02173292,0.05276445692,0.5965833173,0.3174406811,0,-1.20964149,4.378716449,-3.190419875
38.22,-65.02151966,0.05276583198,0.5965836618,0.3174405071,0,-1.20973452,4.378784801,-3.190355899
38.23,-65.02130681,0.05276720503,0.5965839971,0.3174403393,0,-1.209827401,4.378853355,-3.190292042
38.24,-65.02109434,0.05276857604,0.5965843232,0.3174401778,0,-1.209920132,4.37892211,-3.190228303
38.25,-65.02088228,0.05276994501,0.5965846403,0.3174400225,0,-1.210012713,4.378991063,-3.190164684
38.26,-65.02067062,0.0527713119,0.5965849484,0.3174398735,0,-1.210105142,4.379060213,-3.190101185
38.27,-65.02045936,0.05277267671,0.5965852474,0.3174397307,0,-1.210197418,4.379129557,-3.190037807
38.28,-65.0202485,0.05277403941,0.5965855374,0.317439594,0,-1.210289539,4.379199094,-3.189974551
38.29,-65.02003806,0.0527754,0.5965858184,0.3174394635,0,-1.210381506,4.379268821,-3.189911418
38.3,-65.01982802,0.05277675846,0.5965860904,0.3174393391,0,-1.210473317,4.379338736,-3.189848407
38.31,-65.0196184,0.05277811476,0.5965863536,0.3174392209,0,-1.21056497,4.379408838,-3.18978552
38.32,-65.01940919,0.05277946889,0.5965866078,0.3174391087,0,-1.210656466,4.379479123,-3.189722757
38.33,-65.0192004,0.05278082084,0.5965868532,0.3174390026,0,-1.210747801,4.379549591,-3.18966012
38.34,-65.01899203,0.0527821706,0.5965870897,0.3174389025,0,-1.210838977,4.379620239,-3.189597608
38.35,-65.01878407,0.05278351813,0.5965873174,0.3174388085,0,-1.21092999,4.379691065,-3.189535222
38.36,-65.01857654,0.05278486344,0.5965875364,0.3174387204,0,-1.211020842,4.379762068,-3.189472963
38.37,-65.01836944,0.05278620649,0.5965877465,0.3174386384,0,-1.21111153,4.379833244,-3.189410832
38.38,-65.01816276,0.05278754729,0.5965879479,0.3174385622,0,-1.211202053,4.379904592,-3.189348828
38.39,-65.01795651,0.0527888858,0.5965881407,0.317438492,0,-1.211292411,4.379976111,-3.189286954
38.4,-65.0177507,0.05279022203,0.5965883247,0.3174384277,0,-1.211382602,4.380047797,-3.189225209
38.41,-65.01754531,0.05279155594,0.5965885001,0.3174383693,0,-1.211472625,4.38011965,-3.189163594
38.42,-65.01734037,0.05279288753,0.5965886669,0.3174383168,0,-1.21156248,4.380191666,-3.18910211
38.43,-65.01713586,0.05279421678,0.5965888251,0.31743827,0,-1.211652166,4.380263845,-3.189040757
38.44,-65.01693179,0.05279554368,0.5965889747,0.3174382291,0,-1.211741681,4.380336184,-3.188979536
38.45,-65.01672816,0.0527968682,0.5965891158,0.317438194,0,-1.211831024,4.380408681,-3.188918447
38.46,-65.01652497,0.05279819034,0.5965892484,0.3174381647,0,-1.211920195,4.380481334,-3.188857491
38.47,-65.01632223,0.05279951009,0.5965893725,0.3174381411,0,-1.212009192,4.380554142,-3.188796669
38.48,-65.01611994,0.05280082742,0.5965894881,0.3174381232,0,-1.212098015,4.380627101,-3.188735981
38.49,-65.01591809,0.05280214232,0.5965895953,0.317438111,0,-1.212186663,4.380700211,-3.188675428
38.5,-65.0157167,0.05280345478,0.5965896942,0.3174381045,0,-1.212275134,4.38077347,-3.18861501
38.51,-65.01551576,0.05280476478,0.5965897846,0.3174381036,0,-1.212363429,4.380846874,-3.188554728
38.52,-65.01531527,0.05280607232,0.5965898667,0.3174381084,0,-1.212451545,4.380920424,-3.188494582
38.53,-65.01511525,0.05280737736,0.5965899405,0.3174381188,0,-1.212539481,4.380994115,-3.188434574
38.54,-65.01491568,0.05280867991,0.5965900061,0.3174381347,0,-1.212627238,4.381067948,-3.188374703
38.55,-65.01471657,0.05280997995,0.5965900633,0.3174381562,0,-1.212714814,4.381141919,-3.18831497
38.56,-65.01451792,0.05281127746,0.5965901124,0.3174381833,0,-1.212802209,4.381216027,-3.188255376
38.57,-65.01431974,0.05281257243,0.5965901532,0.3174382159,0,-1.21288942,4.381290269,-3.188195921
38.58,-65.01412202,0.05281386484,0.5965901859,0.3174382539,0,-1.212976448,4.381364645,-3.188136606
38.59,-65.01392477,0.05281515469,0.5965902104,0.3174382974,0,-1.213063291,4.381439152,-3.188077431
38.6,-65.01372799,0.05281644195,0.5965902268,0.3174383464,0,-1.21314995,4.381513787,-3.188018396
38.61,-65.01353168,0.05281772663,0.5965902352,0.3174384008,0,-1.213236422,4.38158855,-3.187959503
38.62,-65.01333584,0.05281900869,0.5965902355,0.3174384606,0,-1.213322706,4.381663439,-3.187900752
38.63,-65.01314048,0.05282028814,0.5965902277,0.3174385258,0,-1.213408803,4.381738451,-3.187842143
38.64,-65.01294559,0.05282156495,0.596590212,0.3174385963,0,-1.213494711,4.381813584,-3.187783677
38.65,-65.01275118,0.05282283911,0.5965901883,0.3174386721,0,-1.21358043,4.381888837,-3.187725355
38.66,-65.01255725,0.05282411062,0.5965901567,0.3174387533,0,-1.213665958,4.381964208,-3.187667176
38.67,-65.0123638,0.05282537945,0.5965901171,0.3174388397,0,-1.213751295,4.382039695,-3.187609141
38.68,-65.01217084,0.0528266456,0.5965900697,0.3174389314,0,-1.21383644,4.382115297,-3.187551252
38.69,-65.01197836,0.05282790906,0.5965900144,0.3174390283,0,-1.213921391,4.38219101,-3.187493507
38.7,-65.01178636,0.0528291698,0.5965899513,0.3174391305,0,-1.21400615,4.382266834,-3.187435908
38.71,-65.01159485,0.05283042782,0.5965898804,0.3174392378,0,-1.214090713,4.382342767,-3.187378456
38.72,-65.01140383,0.05283168311,0.5965898018,0.3174393503,0,-1.214175082,4.382418806,-3.18732115
38.73,-65.01121331,0.05283293565,0.5965897154,0.317439468,0,-1.214259254,4.38249495,-3.187263992
38.74,-65.01102327,0.05283418543,0.5965896213,0.3174395907,0,-1.214343229,4.382571197,-3.187206981
38.75,-65.01083373,0.05283543245,0.5965895195,0.3174397186,0,-1.214427007,4.382647546,-3.187150118
38.76,-65.01064468,0.05283667668,0.5965894101,0.3174398515,0,-1.214510586,4.382723994,-3.187093403
38.77,-65.01045613,0.05283791811,0.5965892931,0.3174399895,0,-1.214593966,4.38280054,-3.187036838
38.78,-65.01026807,0.05283915675,0.5965891685,0.3174401325,0,-1.214677146,4.382877182,-3.186980422
38.79,-65.01008052,0.05284039256,0.5965890363,0.3174402805,0,-1.214760125,4.382953917,-3.186924156
38.8,-65.00989347,0.05284162555,0.5965888966,0.3174404335,0,-1.214842903,4.383030745,-3.18686804
38.81,-65.00970692,0.0528428557,0.5965887494,0.3174405915,0,-1.214925479,4.383107664,-3.186812075
38.82,-65.00952087,0.052844083,0.5965885947,0.3174407544,0,-1.215007852,4.383184671,-3.186756261
38.83,-65.00933533,0.05284530743,0.5965884325,0.3174409222,0,-1.215090021,4.383261765,-3.186700598
38.84,-65.00915029,0.05284652899,0.596588263,0.3174410949,0,-1.215171986,4.383338945,-3.186645088
38.85,-65.00896576,0.05284774767,0.5965880861,0.3174412725,0,-1.215253746,4.383416207,-3.186589729
38.86,-65.00878175,0.05284896345,0.5965879018,0.3174414549,0,-1.2153353,4.383493552,-3.186534524
38.87,-65.00859824,0.05285017633,0.5965877102,0.3174416421,0,-1.215416648,4.383570976,-3.186479472
38.88,-65.00841524,0.05285138629,0.5965875113,0.3174418341,0,-1.215497789,4.383648478,-3.186424573
38.89,-65.00823276,0.05285259333,0.5965873052,0.3174420309,0,-1.215578721,4.383726057,-3.186369829
38.9,-65.0080508,0.05285379743,0.5965870918,0.3174422325,0,-1.215659445,4.38380371,-3.186315239
38.91,-65.00786934,0.05285499857,0.5965868712,0.3174424387,0,-1.215739961,4.383881437,-3.186260803
38.92,-65.00768841,0.05285619677,0.5965866434,0.3174426497,0,-1.215820266,4.383959234,-3.186206523
38.93,-65.00750799,0.05285739199,0.5965864085,0.3174428654,0,-1.21590036,4.384037101,-3.186152398
38.94,-65.0073281,0.05285858423,0.5965861664,0.3174430857,0,-1.215980244,4.384115036,-3.186098429
38.95,-65.00714872,0.05285977349,0.5965859173,0.3174433106,0,-1.216059916,4.384193036,-3.186044616
38.96,-65.00696987,0.05286095975,0.5965856611,0.3174435402,0,-1.216139375,4.384271102,-3.18599096
38.97,-65.00679154,0.052862143,0.5965853979,0.3174437743,0,-1.216218621,4.384349229,-3.185937461
38.98,-65.00661373,0.05286332323,0.5965851277,0.317444013,0,-1.216297654,4.384427418,-3.185884119
38.99,-65.00643645,0.05286450043,0.5965848505,0.3174442563,0,-1.216376472,4.384505666,-3.185830935
39,-65.0062597,0.0528656746,0.5965845664,0.3174445041,0,-1.216455075,4.384583971,-3.185777909
39.01,-65.00608347,0.05286684572,0.5965842754,0.3174447564,0,-1.216533463,4.384662333,-3.185725041
39.02,-65.00590777,0.05286801378,0.5965839775,0.3174450131,0,-1.216611634,4.384740748,-3.185672332
39.03,-65.00573261,0.05286917878,0.5965836727,0.3174452743,0,-1.216689589,4.384819216,-3.185619782
39.04,-65.00555797,0.0528703407,0.5965833611,0.3174455399,0,-1.216767326,4.384897735,-3.185567391
39.05,-65.00538387,0.05287149954,0.5965830428,0.3174458099,0,-1.216844846,4.384976304,-3.18551516
39.06,-65.0052103,0.05287265529,0.5965827176,0.3174460844,0,-1.216922147,4.385054919,-3.185463089
39.07,-65.00503726,0.05287380794,0.5965823858,0.3174463631,0,-1.216999229,4.385133581,-3.185411178
39.08,-65.00486476,0.05287495747,0.5965820472,0.3174466462,0,-1.217076091,4.385212287,-3.185359428
39.09,-65.0046928,0.05287610389,0.596581702,0.3174469336,0,-1.217152733,4.385291036,-3.185307839
39.1,-65.00452137,0.05287724718,0.5965813501,0.3174472254,0,-1.217229155,4.385369826,-3.185256411
39.11,-65.00435048,0.05287838733,0.5965809917,0.3174475213,0,-1.217305355,4.385448655,-3.185205145
39.12,-65.00418013,0.05287952434,0.5965806266,0.3174478215,0,-1.217381333,4.385527522,-3.18515404
39.13,-65.00401033,0.0528806582,0.596580255,0.317448126,0,-1.217457089,4.385606425,-3.185103098
39.14,-65.00384106,0.05288178889,0.5965798768,0.3174484346,0,-1.217532622,4.385685363,-3.185052317
39.15,-65.00367233,0.05288291641,0.5965794922,0.3174487474,0,-1.217607931,4.385764334,-3.1850017
39.16,-65.00350415,0.05288404076,0.5965791011,0.3174490644,0,-1.217683017,4.385843336,-3.184951246
39.17,-65.00333652,0.05288516192,0.5965787036,0.3174493855,0,-1.217757878,4.385922368,-3.184900955
39.18,-65.00316942,0.05288627989,0.5965782997,0.3174497107,0,-1.217832514,4.386001429,-3.184850827
39.19,-65.00300288,0.05288739465,0.5965778894,0.31745004,0,-1.217906924,4.386080516,-3.184800863
39.2,-65.00283688,0.05288850621,0.5965774727,0.3174503733,0,-1.217981109,4.386159628,-3.184751064
39.21,-65.00267143,0.05288961455,0.5965770498,0.3174507107,0,-1.218055067,4.386238763,-3.184701428
39.22,-65.00250652,0.05289071967,0.5965766206,0.3174510521,0,-1.218128799,4.386317921,-3.184651957
39.23,-65.00234217,0.05289182155,0.5965761851,0.3174513975,0,-1.218202303,4.386397099,-3.184602651
39.24,-65.00217837,0.05289292019,0.5965757434,0.3174517468,0,-1.218275579,4.386476296,-3.18455351
39.25,-65.00201512,0.05289401559,0.5965752955,0.3174521002,0,-1.218348627,4.38655551,-3.184504535
39.26,-65.00185241,0.05289510773,0.5965748414,0.3174524574,0,-1.218421446,4.38663474,-3.184455724
39.27,-65.00169027,0.05289619662,0.5965743812,0.3174528185,0,-1.218494035,4.386713984,-3.18440708
39.28,-65.00152867,0.05289728223,0.5965739149,0.3174531835,0,-1.218566395,4.386793241,-3.184358602
39.29,-65.00136763,0.05289836457,0.5965734425,0.3174535524,0,-1.218638525,4.386872509,-3.18431029
39.3,-65.00120715,0.05289944363,0.5965729641,0.3174539251,0,-1.218710425,4.386951787,-3.184262144
39.31,-65.00104722,0.0529005194,0.5965724797,0.3174543016,0,-1.218782093,4.387031073,-3.184214165
39.32,-65.00088784,0.05290159187,0.5965719892,0.317454682,0,-1.21885353,4.387110365,-3.184166353
39.33,-65.00072903,0.05290266105,0.5965714929,0.317455066,0,-1.218924735,4.387189663,-3.184118708
39.34,-65.00057077,0.05290372691,0.5965709906,0.3174554538,0,-1.218995708,4.387268965,-3.18407123
39.35,-65.00041307,0.05290478946,0.5965704824,0.3174558454,0,-1.219066449,4.387348269,-3.18402392
39.36,-65.00025593,0.05290584869,0.5965699683,0.3174562406,0,-1.219136956,4.387427573,-3.183976778
39.37,-65.00009934,0.05290690459,0.5965694484,0.3174566395,0,-1.21920723,4.387506877,-3.183929803
39.38,-64.99994332,0.05290795715,0.5965689227,0.3174570421,0,-1.21927727,4.387586179,-3.183882997
39.39,-64.99978786,0.05290900638,0.5965683912,0.3174574483,0,-1.219347076,4.387665477,-3.183836359
39.4,-64.99963296,0.05291005226,0.596567854,0.3174578581,0,-1.219416647,4.38774477,-3.183789889
39.41,-64.99947863,0.05291109479,0.5965673111,0.3174582715,0,-1.219485983,4.387824056,-3.183743588
39.42,-64.99932485,0.05291213396,0.5965667624,0.3174586885,0,-1.219555084,4.387903334,-3.183697456
39.43,-64.99917164,0.05291316977,0.5965662082,0.317459109,0,-1.21962395,4.387982603,-3.183651493
39.44,-64.999019,0.05291420221,0.5965656482,0.317459533,0,-1.219692579,4.388061861,-3.183605699
39.45,-64.99886692,0.05291523127,0.5965650827,0.3174599606,0,-1.219760972,4.388141107,-3.183560075
39.46,-64.9987154,0.05291625695,0.5965645117,0.3174603916,0,-1.219829128,4.388220339,-3.18351462
39.47,-64.99856445,0.05291727925,0.5965639351,0.317460826,0,-1.219897048,4.388299556,-3.183469334
39.48,-64.99841406,0.05291829816,0.5965633529,0.3174612639,0,-1.219964729,4.388378756,-3.183424219
39.49,-64.99826424,0.05291931367,0.5965627653,0.3174617052,0,-1.220032174,4.388457938,-3.183379273
39.5,-64.99811499,0.05292032578,0.5965621723,0.3174621499,0,-1.22009938,4.388537101,-3.183334498
39.51,-64.99796631,0.05292133448,0.5965615738,0.3174625979,0,-1.220166348,4.388616243,-3.183289892
39.52,-64.99781819,0.05292233978,0.59656097,0.3174630493,0,-1.220233077,4.388695364,-3.183245458
39.53,-64.99767064,0.05292334165,0.5965603607,0.3174635041,0,-1.220299567,4.38877446,-3.183201193
39.54,-64.99752367,0.0529243401,0.5965597462,0.3174639621,0,-1.220365818,4.388853532,-3.1831571
39.55,-64.99737726,0.05292533513,0.5965591264,0.3174644234,0,-1.22043183,4.388932578,-3.183113177
39.56,-64.99723142,0.05292632673,0.5965585012,0.3174648879,0,-1.220497601,4.389011596,-3.183069425
39.57,-64.99708615,0.05292731489,0.5965578709,0.3174653557,0,-1.220563133,4.389090584,-3.183025845
39.58,-64.99694145,0.05292829961,0.5965572353,0.3174658267,0,-1.220628424,4.389169543,-3.182982435
39.59,-64.99679732,0.05292928089,0.5965565945,0.3174663009,0,-1.220693475,4.38924847,-3.182939197
39.6,-64.99665377,0.05293025872,0.5965559486,0.3174667782,0,-1.220758285,4.389327364,-3.18289613
39.61,-64.99651078,0.05293123309,0.5965552976,0.3174672587,0,-1.220822853,4.389406224,-3.182853235
39.62,-64.99636837,0.05293220401,0.5965546415,0.3174677423,0,-1.22088718,4.389485048,-3.182810511
39.63,-64.99622653,0.05293317147,0.5965539803,0.317468229,0,-1.220951266,4.389563835,-3.182767959
39.64,-64.99608526,0.05293413546,0.5965533141,0.3174687188,0,-1.22101511,4.389642584,-3.182725578
39.65,-64.99594457,0.05293509598,0.5965526428,0.3174692117,0,-1.221078711,4.389721293,-3.18268337
39.66,-64.99580445,0.05293605303,0.5965519666,0.3174697076,0,-1.22114207,4.389799961,-3.182641334
39.67,-64.9956649,0.0529370066,0.5965512855,0.3174702065,0,-1.221205187,4.389878587,-3.182599469
39.68,-64.99552592,0.05293795669,0.5965505994,0.3174707084,0,-1.22126806,4.38995717,-3.182557777
39.69,-64.99538753,0.0529389033,0.5965499084,0.3174712133,0,-1.221330691,4.390035708,-3.182516258
39.7,-64.9952497,0.05293984641,0.5965492126,0.3174717211,0,-1.221393078,4.390114199,-3.18247491
39.71,-64.99511245,0.05294078604,0.596548512,0.3174722319,0,-1.221455222,4.390192644,-3.182433735
39.72,-64.99497577,0.05294172217,0.5965478065,0.3174727455,0,-1.221517123,4.390271039,-3.182392732
39.73,-64.99483967,0.0529426548,0.5965470963,0.3174732621,0,-1.221578779,4.390349385,-3.182351902
39.74,-64.99470415,0.05294358393,0.5965463813,0.3174737815,0,-1.221640191,4.39042768,-3.182311244
39.75,-64.9945692,0.05294450956,0.5965456616,0.3174743038,0,-1.22170136,4.390505923,-3.182270759
39.76,-64.99443482,0.05294543167,0.5965449373,0.3174748288,0,-1.221762284,4.390584111,-3.182230447
39.77,-64.99430103,0.05294635028,0.5965442083,0.3174753567,0,-1.221822963,4.390662245,-3.182190308
39.78,-64.9941678,0.05294726537,0.5965434746,0.3174758874,0,-1.221883397,4.390740323,-3.182150341
39.79,-64.99403516,0.05294817695,0.5965427364,0.3174764208,0,-1.221943587,4.390818344,-3.182110547
39.8,-64.99390309,0.052949085,0.5965419936,0.317476957,0,-1.222003531,4.390896306,-3.182070926
39.81,-64.99377159,0.05294998953,0.5965412462,0.3174774958,0,-1.222063231,4.390974208,-3.182031478
39.82,-64.99364068,0.05295089054,0.5965404944,0.3174780374,0,-1.222122685,4.391052049,-3.181992203
39.83,-64.99351034,0.05295178802,0.596539738,0.3174785817,0,-1.222181893,4.391129829,-3.181953101
39.84,-64.99338057,0.05295268197,0.5965389772,0.3174791285,0,-1.222240856,4.391207544,-3.181914172
39.85,-64.99325139,0.05295357239,0.596538212,0.3174796781,0,-1.222299573,4.391285196,-3.181875416
39.86,-64.99312278,0.05295445927,0.5965374424,0.3174802302,0,-1.222358044,4.391362781,-3.181836834
39.87,-64.99299475,0.05295534261,0.5965366685,0.3174807849,0,-1.222416269,4.391440299,-3.181798424
39.88,-64.99286729,0.05295622241,0.5965358901,0.3174813422,0,-1.222474248,4.39151775,-3.181760187
39.89,-64.99274041,0.05295709867,0.5965351075,0.3174819021,0,-1.222531981,4.391595131,-3.181722124
39.9,-64.99261411,0.05295797139,0.5965343206,0.3174824645,0,-1.222589467,4.391672442,-3.181684233
39.91,-64.99248839,0.05295884056,0.5965335295,0.3174830293,0,-1.222646707,4.391749681,-3.181646516
39.92,-64.99236324,0.05295970619,0.5965327341,0.3174835967,0,-1.222703701,4.391826847,-3.181608972
39.93,-64.99223867,0.05296056826,0.5965319346,0.3174841665,0,-1.222760447,4.39190394,-3.181571601
39.94,-64.99211468,0.05296142678,0.5965311308,0.3174847388,0,-1.222816947,4.391980957,-3.181534403
39.95,-64.99199126,0.05296228175,0.596530323,0.3174853135,0,-1.2228732,4.392057898,-3.181497379
39.96,-64.99186842,0.05296313316,0.596529511,0.3174858906,0,-1.222929206,4.392134762,-3.181460527
39.97,-64.99174616,0.05296398102,0.596528695,0.3174864701,0,-1.222984966,4.392211548,-3.181423849
39.98,-64.99162448,0.05296482532,0.5965278749,0.3174870519,0,-1.223040478,4.392288254,-3.181387344
39.99,-64.99150337,0.05296566606,0.5965270507,0.3174876361,0,-1.223095743,4.39236488,-3.181351012
40,-64.99138284,0.05296650324,0.5965262226,0.3174882226,0,-1.22315076,4.392441423,-3.181314853
40.01,-64.99126289,0.05296733685,0.5965253905,0.3174888114,0,-1.223205531,4.392517884,-3.181278866
40.02,-64.99114351,0.05296816691,0.5965245545,0.3174894025,0,-1.223260054,4.392594261,-3.181243053
40.03,-64.99102471,0.0529689934,0.5965237146,0.3174899959,0,-1.22331433,4.392670553,-3.181207413
40.04,-64.99090649,0.05296981632,0.5965228708,0.3174905915,0,-1.223368359,4.392746758,-3.181171946
40.05,-64.99078884,0.05297063568,0.5965220231,0.3174911893,0,-1.22342214,4.392822877,-3.181136652
40.06,-64.99067177,0.05297145146,0.5965211716,0.3174917893,0,-1.223475674,4.392898907,-3.181101531
40.07,-64.99055527,0.05297226368,0.5965203164,0.3174923914,0,-1.22352896,4.392974848,-3.181066582
40.08,-64.99043936,0.05297307233,0.5965194573,0.3174929958,0,-1.223581999,4.393050699,-3.181031807
40.09,-64.99032401,0.05297387741,0.5965185945,0.3174936023,0,-1.22363479,4.393126458,-3.180997204
40.1,-64.99020924,0.05297467892,0.596517728,0.3174942109,0,-1.223687334,4.393202125,-3.180962773
40.11,-64.99009505,0.05297547686,0.5965168579,0.3174948216,0,-1.22373963,4.393277698,-3.180928516
40.12,-64.98998144,0.05297627123,0.596515984,0.3174954343,0,-1.223791679,4.393353177,-3.180894431
40.13,-64.98986839,0.05297706202,0.5965151065,0.3174960492,0,-1.223843481,4.39342856,-3.180860518
40.14,-64.98975593,0.05297784925,0.5965142255,0.317496666,0,-1.223895034,4.393503846,-3.180826778
40.15,-64.98964403,0.05297863289,0.5965133408,0.3174972849,0,-1.223946341,4.393579035,-3.18079321
40.16,-64.98953272,0.05297941297,0.5965124527,0.3174979058,0,-1.223997399,4.393654125,-3.180759815
40.17,-64.98942197,0.05298018947,0.596511561,0.3174985287,0,-1.224048211,4.393729116,-3.180726592
40.18,-64.9893118,0.0529809624,0.5965106658,0.3174991535,0,-1.224098774,4.393804006,-3.180693541
40.19,-64.98920221,0.05298173175,0.5965097671,0.3174997803,0,-1.224149091,4.393878794,-3.180660662
40.2,-64.98909318,0.05298249753,0.596508865,0.317500409,0,-1.22419916,4.39395348,-3.180627955
40.21,-64.98898473,0.05298325974,0.5965079595,0.3175010396,0,-1.224248982,4.394028062,-3.18059542
40.22,-64.98887686,0.05298401837,0.5965070507,0.317501672,0,-1.224298556,4.394102539,-3.180563057
40.23,-64.98876955,0.05298477343,0.5965061384,0.3175023064,0,-1.224347883,4.394176911,-3.180530866
40.24,-64.98866282,0.05298552491,0.5965052229,0.3175029425,0,-1.224396963,4.394251176,-3.180498846
40.25,-64.98855666,0.05298627283,0.596504304,0.3175035805,0,-1.224445796,4.394325334,-3.180466998
40.26,-64.98845107,0.05298701717,0.5965033819,0.3175042203,0,-1.224494382,4.394399384,-3.180435321
40.27,-64.98834605,0.05298775794,0.5965024566,0.3175048619,0,-1.22454272,4.394473324,-3.180403816
40.28,-64.98824161,0.05298849513,0.596501528,0.3175055053,0,-1.224590812,4.394547153,-3.180372482
40.29,-64.98813773,0.05298922876,0.5965005962,0.3175061503,0,-1.224638657,4.394620872,-3.180341319
40.3,-64.98803442,0.05298995881,0.5964996613,0.3175067972,0,-1.224686255,4.394694478,-3.180310327
40.31,-64.98793169,0.0529906853,0.5964987233,0.3175074457,0,-1.224733606,4.394767971,-3.180279506
40.32,-64.98782952,0.05299140822,0.5964977821,0.3175080959,0,-1.224780711,4.39484135,-3.180248856
40.33,-64.98772792,0.05299212757,0.5964968379,0.3175087478,0,-1.224827569,4.394914614,-3.180218377
40.34,-64.98762689,0.05299284335,0.5964958906,0.3175094013,0,-1.224874181,4.394987763,-3.180188068
40.35,-64.98752643,0.05299355556,0.5964949403,0.3175100565,0,-1.224920546,4.395060794,-3.18015793
40.36,-64.98742654,0.05299426421,0.5964939869,0.3175107133,0,-1.224966665,4.395133708,-3.180127962
40.37,-64.98732721,0.0529949693,0.5964930307,0.3175113716,0,-1.225012538,4.395206503,-3.180098164
40.38,-64.98722846,0.05299567082,0.5964920714,0.3175120316,0,-1.225058165,4.395279179,-3.180068537
40.39,-64.98713026,0.05299636878,0.5964911093,0.3175126931,0,-1.225103546,4.395351734,-3.180039079
40.4,-64.98703264,0.05299706318,0.5964901442,0.3175133561,0,-1.225148681,4.395424168,-3.180009791
40.41,-64.98693558,0.05299775402,0.5964891763,0.3175140207,0,-1.225193571,4.395496481,-3.179980673
40.42,-64.98683908,0.05299844131,0.5964882056,0.3175146867,0,-1.225238215,4.39556867,-3.179951725
40.43,-64.98674315,0.05299912503,0.596487232,0.3175153542,0,-1.225282613,4.395640735,-3.179922946
40.44,-64.98664779,0.0529998052,0.5964862557,0.3175160232,0,-1.225326766,4.395712676,-3.179894336
40.45,-64.98655298,0.05300048182,0.5964852766,0.3175166937,0,-1.225370674,4.395784491,-3.179865895
40.46,-64.98645874,0.05300115489,0.5964842947,0.3175173655,0,-1.225414337,4.39585618,-3.179837623
40.47,-64.98636507,0.0530018244,0.5964833102,0.3175180388,0,-1.225457756,4.395927742,-3.17980952
40.48,-64.98627195,0.05300249037,0.596482323,0.3175187135,0,-1.225500929,4.395999176,-3.179781586
40.49,-64.9861794,0.05300315279,0.5964813331,0.3175193895,0,-1.225543858,4.396070481,-3.17975382
40.5,-64.98608741,0.05300381167,0.5964803406,0.3175200669,0,-1.225586543,4.396141656,-3.179726223
40.51,-64.98599598,0.053004467,0.5964793455,0.3175207456,0,-1.225628983,4.396212701,-3.179698793
40.52,-64.98590511,0.05300511879,0.5964783478,0.3175214256,0,-1.225671179,4.396283615,-3.179671532
40.53,-64.9858148,0.05300576705,0.5964773476,0.317522107,0,-1.225713132,4.396354396,-3.179644439
40.54,-64.98572504,0.05300641176,0.5964763448,0.3175227896,0,-1.22575484,4.396425045,-3.179617513
40.55,-64.98563585,0.05300705294,0.5964753396,0.3175234735,0,-1.225796305,4.39649556,-3.179590755
40.56,-64.98554721,0.05300769059,0.5964743319,0.3175241586,0,-1.225837527,4.39656594,-3.179564164
40.57,-64.98545913,0.05300832471,0.5964733217,0.3175248449,0,-1.225878506,4.396636186,-3.17953774
40.58,-64.98537161,0.0530089553,0.5964723091,0.3175255325,0,-1.225919241,4.396706295,-3.179511484
40.59,-64.98528465,0.05300958237,0.5964712941,0.3175262212,0,-1.225959734,4.396776268,-3.179485394
40.6,-64.98519823,0.05301020591,0.5964702768,0.3175269111,0,-1.225999984,4.396846103,-3.17945947
40.61,-64.98511238,0.05301082593,0.5964692571,0.3175276022,0,-1.226039992,4.3969158,-3.179433714
40.62,-64.98502708,0.05301144243,0.596468235,0.3175282944,0,-1.226079758,4.396985357,-3.179408123
40.63,-64.98494233,0.05301205542,0.5964672107,0.3175289877,0,-1.226119282,4.397054775,-3.179382698
40.64,-64.98485813,0.05301266489,0.5964661842,0.3175296821,0,-1.226158564,4.397124053,-3.17935744
40.65,-64.98477449,0.05301327085,0.5964651553,0.3175303776,0,-1.226197604,4.397193189,-3.179332347
40.66,-64.9846914,0.05301387331,0.5964641243,0.3175310742,0,-1.226236403,4.397262183,-3.179307419
40.67,-64.98460886,0.05301447226,0.5964630911,0.3175317718,0,-1.226274961,4.397331035,-3.179282657
40.68,-64.98452686,0.05301506771,0.5964620557,0.3175324705,0,-1.226313278,4.397399743,-3.179258059
40.69,-64.98444542,0.05301565965,0.5964610182,0.3175331701,0,-1.226351355,4.397468307,-3.179233627
40.7,-64.98436453,0.05301624811,0.5964599785,0.3175338708,0,-1.226389191,4.397536726,-3.179209359
40.71,-64.98428419,0.05301683307,0.5964589368,0.3175345724,0,-1.226426787,4.397605,-3.179185256
40.72,-64.98420439,0.05301741454,0.596457893,0.317535275,0,-1.226464143,4.397673127,-3.179161317
40.73,-64.98412514,0.05301799252,0.5964568471,0.3175359786,0,-1.226501259,4.397741107,-3.179137542
40.74,-64.98404644,0.05301856702,0.5964557993,0.3175366831,0,-1.226538136,4.39780894,-3.179113931
40.75,-64.98396828,0.05301913803,0.5964547494,0.3175373885,0,-1.226574773,4.397876624,-3.179090483
40.76,-64.98389066,0.05301970557,0.5964536976,0.3175380948,0,-1.226611172,4.39794416,-3.179067199
40.77,-64.98381359,0.05302026964,0.5964526438,0.3175388019,0,-1.226647332,4.398011546,-3.179044078
40.78,-64.98373707,0.05302083024,0.5964515881,0.31753951,0,-1.226683254,4.398078781,-3.17902112
40.79,-64.98366108,0.05302138736,0.5964505306,0.3175402188,0,-1.226718938,4.398145866,-3.178998324
40.8,-64.98358564,0.05302194103,0.5964494711,0.3175409285,0,-1.226754383,4.398212799,-3.178975691
40.81,-64.98351073,0.05302249123,0.5964484098,0.317541639,0,-1.226789591,4.398279579,-3.17895322
40.82,-64.98343637,0.05302303798,0.5964473467,0.3175423503,0,-1.226824562,4.398346207,-3.178930912
40.83,-64.98336255,0.05302358127,0.5964462818,0.3175430624,0,-1.226859296,4.398412681,-3.178908765
40.84,-64.98328926,0.05302412112,0.5964452151,0.3175437753,0,-1.226893793,4.398479001,-3.178886779
40.85,-64.98321652,0.05302465751,0.5964441467,0.3175444888,0,-1.226928053,4.398545166,-3.178864955
40.86,-64.98314431,0.05302519047,0.5964430766,0.3175452032,0,-1.226962078,4.398611176,-3.178843292
40.87,-64.98307263,0.05302571999,0.5964420047,0.3175459182,0,-1.226995866,4.398677029,-3.17882179
40.88,-64.98300149,0.05302624607,0.5964409312,0.3175466339,0,-1.227029419,4.398742726,-3.178800448
40.89,-64.98293089,0.05302676872,0.5964398561,0.3175473503,0,-1.227062737,4.398808266,-3.178779267
40.9,-64.98286082,0.05302728795,0.5964387793,0.3175480674,0,-1.227095819,4.398873648,-3.178758246
40.91,-64.98279128,0.05302780375,0.5964377009,0.3175487851,0,-1.227128667,4.398938871,-3.178737384
40.92,-64.98272228,0.05302831614,0.5964366209,0.3175495034,0,-1.227161281,4.399003935,-3.178716683
40.93,-64.9826538,0.05302882511,0.5964355393,0.3175502224,0,-1.22719366,4.39906884,-3.17869614
40.94,-64.98258586,0.05302933067,0.5964344563,0.3175509419,0,-1.227225806,4.399133584,-3.178675757
40.95,-64.98251844,0.05302983283,0.5964333717,0.3175516621,0,-1.227257718,4.399198168,-3.178655532
40.96,-64.98245155,0.05303033158,0.5964322856,0.3175523828,0,-1.227289397,4.39926259,-3.178635466
40.97,-64.9823852,0.05303082694,0.5964311981,0.317553104,0,-1.227320844,4.39932685,-3.178615559
40.98,-64.98231936,0.0530313189,0.5964301092,0.3175538258,0,-1.227352058,4.399390948,-3.178595809
40.99,-64.98225406,0.05303180747,0.5964290188,0.3175545481,0,-1.227383039,4.399454883,-3.178576217
41,-64.98218928,0.05303229266,0.596427927,0.3175552709,0,-1.227413789,4.399518654,-3.178556783
41.01,-64.98212502,0.05303277447,0.5964268339,0.3175559942,0,-1.227444308,4.399582261,-3.178537505
41.02,-64.98206128,0.0530332529,0.5964257394,0.317556718,0,-1.227474595,4.399645703,-3.178518385
41.03,-64.98199807,0.05303372796,0.5964246436,0.3175574422,0,-1.227504652,4.39970898,-3.178499422
41.04,-64.98193538,0.05303419966,0.5964235465,0.3175581669,0,-1.227534478,4.399772092,-3.178480614
41.05,-64.98187321,0.05303466799,0.5964224481,0.3175588919,0,-1.227564075,4.399835037,-3.178461963
41.06,-64.98181156,0.05303513297,0.5964213485,0.3175596175,0,-1.227593441,4.399897815,-3.178443468
41.07,-64.98175043,0.0530355946,0.5964202476,0.3175603433,0,-1.227622578,4.399960426,-3.178425129
41.08,-64.98168982,0.05303605288,0.5964191455,0.3175610696,0,-1.227651486,4.40002287,-3.178406945
41.09,-64.98162972,0.05303650781,0.5964180423,0.3175617963,0,-1.227680166,4.400085145,-3.178388915
41.1,-64.98157014,0.05303695941,0.5964169378,0.3175625233,0,-1.227708617,4.400147251,-3.178371041
41.11,-64.98151107,0.05303740767,0.5964158323,0.3175632506,0,-1.22773684,4.400209188,-3.178353321
41.12,-64.98145252,0.05303785261,0.5964147256,0.3175639782,0,-1.227764836,4.400270955,-3.178335755
41.13,-64.98139448,0.05303829422,0.5964136178,0.3175647062,0,-1.227792604,4.400332552,-3.178318343
41.14,-64.98133695,0.05303873252,0.596412509,0.3175654344,0,-1.227820146,4.400393978,-3.178301084
41.15,-64.98127993,0.0530391675,0.5964113991,0.3175661629,0,-1.227847461,4.400455233,-3.178283979
41.16,-64.98122342,0.05303959918,0.5964102881,0.3175668917,0,-1.227874551,4.400516316,-3.178267027
41.17,-64.98116743,0.05304002755,0.5964091762,0.3175676207,0,-1.227901414,4.400577228,-3.178250228
41.18,-64.98111194,0.05304045262,0.5964080633,0.31756835,0,-1.227928052,4.400637966,-3.178233581
41.19,-64.98105695,0.05304087441,0.5964069494,0.3175690794,0,-1.227954466,4.400698532,-3.178217086
41.2,-64.98100247,0.0530412929,0.5964058346,0.3175698091,0,-1.227980655,4.400758924,-3.178200742
41.21,-64.9809485,0.05304170811,0.5964047188,0.3175705389,0,-1.22800662,4.400819142,-3.178184551
41.22,-64.98089503,0.05304212005,0.5964036022,0.3175712689,0,-1.228032361,4.400879186,-3.17816851
41.23,-64.98084207,0.05304252872,0.5964024847,0.3175719991,0,-1.228057879,4.400939055,-3.17815262
41.24,-64.9807896,0.05304293412,0.5964013663,0.3175727294,0,-1.228083173,4.400998749,-3.178136881
41.25,-64.98073764,0.05304333626,0.5964002471,0.3175734599,0,-1.228108246,4.401058267,-3.178121292
41.26,-64.98068618,0.05304373515,0.5963991271,0.3175741905,0,-1.228133096,4.401117609,-3.178105854
41.27,-64.98063521,0.05304413079,0.5963980063,0.3175749211,0,-1.228157725,4.401176775,-3.178090564
41.28,-64.98058475,0.05304452318,0.5963968847,0.3175756519,0,-1.228182132,4.401235763,-3.178075424
41.29,-64.98053478,0.05304491234,0.5963957624,0.3175763827,0,-1.228206319,4.401294575,-3.178060433
41.3,-64.9804853,0.05304529826,0.5963946393,0.3175771136,0,-1.228230285,4.401353209,-3.178045591
41.31,-64.98043632,0.05304568096,0.5963935156,0.3175778445,0,-1.228254031,4.401411664,-3.178030897
41.32,-64.98038784,0.05304606044,0.5963923912,0.3175785754,0,-1.228277557,4.401469942,-3.178016352
41.33,-64.98033984,0.0530464367,0.5963912661,0.3175793064,0,-1.228300865,4.40152804,-3.178001953
41.34,-64.98029234,0.05304680976,0.5963901403,0.3175800374,0,-1.228323953,4.401585959,-3.177987703
41.35,-64.98024533,0.05304717961,0.596389014,0.3175807683,0,-1.228346824,4.401643699,-3.177973599
41.36,-64.98019881,0.05304754626,0.596387887,0.3175814993,0,-1.228369476,4.401701259,-3.177959642
41.37,-64.98015277,0.05304790972,0.5963867595,0.3175822302,0,-1.228391911,4.401758638,-3.177945832
41.38,-64.98010723,0.05304827,0.5963856314,0.317582961,0,-1.228414129,4.401815837,-3.177932168
41.39,-64.98006216,0.0530486271,0.5963845028,0.3175836918,0,-1.22843613,4.401872854,-3.177918649
41.4,-64.98001759,0.05304898102,0.5963833737,0.3175844225,0,-1.228457915,4.401929691,-3.177905276
41.41,-64.97997349,0.05304933178,0.596382244,0.3175851531,0,-1.228479485,4.401986345,-3.177892048
41.42,-64.97992988,0.05304967937,0.5963811139,0.3175858836,0,-1.228500839,4.402042818,-3.177878965
41.43,-64.97988675,0.05305002381,0.5963799833,0.317586614,0,-1.228521979,4.402099108,-3.177866026
41.44,-64.9798441,0.0530503651,0.5963788523,0.3175873442,0,-1.228542904,4.402155215,-3.177853231
41.45,-64.97980193,0.05305070325,0.5963777209,0.3175880743,0,-1.228563615,4.40221114,-3.17784058
41.46,-64.97976024,0.05305103826,0.5963765891,0.3175888042,0,-1.228584113,4.402266881,-3.177828073
41.47,-64.97971903,0.05305137014,0.5963754569,0.317589534,0,-1.228604398,4.402322438,-3.177815708
41.48,-64.97967829,0.0530516989,0.5963743244,0.3175902636,0,-1.228624471,4.402377811,-3.177803487
41.49,-64.97963802,0.05305202454,0.5963731915,0.317590993,0,-1.228644331,4.402433,-3.177791407
41.5,-64.97959823,0.05305234707,0.5963720583,0.3175917221,0,-1.22866398,4.402488004,-3.17777947
41.51,-64.97955891,0.05305266649,0.5963709248,0.3175924511,0,-1.228683418,4.402542824,-3.177767674
41.52,-64.97952007,0.05305298281,0.5963697911,0.3175931798,0,-1.228702645,4.402597458,-3.17775602
41.53,-64.97948169,0.05305329605,0.5963686571,0.3175939082,0,-1.228721662,4.402651907,-3.177744507
41.54,-64.97944378,0.05305360619,0.5963675228,0.3175946364,0,-1.228740469,4.40270617,-3.177733135
41.55,-64.97940634,0.05305391326,0.5963663884,0.3175953643,0,-1.228759067,4.402760247,-3.177721902
41.56,-64.97936937,0.05305421726,0.5963652537,0.317596092,0,-1.228777456,4.402814137,-3.17771081
41.57,-64.97933286,0.05305451819,0.5963641188,0.3175968193,0,-1.228795637,4.402867841,-3.177699858
41.58,-64.97929681,0.05305481606,0.5963629838,0.3175975463,0,-1.22881361,4.402921358,-3.177689044
41.59,-64.97926123,0.05305511088,0.5963618487,0.317598273,0,-1.228831376,4.402974688,-3.17767837
41.6,-64.97922611,0.05305540265,0.5963607135,0.3175989993,0,-1.228848935,4.403027831,-3.177667834
41.61,-64.97919145,0.05305569138,0.5963595781,0.3175997253,0,-1.228866288,4.403080786,-3.177657436
41.62,-64.97915725,0.05305597708,0.5963584427,0.317600451,0,-1.228883435,4.403133553,-3.177647176
41.63,-64.97912351,0.05305625976,0.5963573072,0.3176011762,0,-1.228900376,4.403186132,-3.177637053
41.64,-64.97909023,0.05305653941,0.5963561716,0.3176019011,0,-1.228917113,4.403238523,-3.177627068
41.65,-64.9790574,0.05305681606,0.596355036,0.3176026256,0,-1.228933645,4.403290725,-3.177617219
41.66,-64.97902502,0.0530570897,0.5963539005,0.3176033497,0,-1.228949974,4.403342738,-3.177607507
41.67,-64.9789931,0.05305736034,0.5963527649,0.3176040733,0,-1.228966099,4.403394562,-3.177597931
41.68,-64.97896163,0.05305762799,0.5963516294,0.3176047965,0,-1.228982021,4.403446197,-3.17758849
41.69,-64.97893062,0.05305789265,0.5963504939,0.3176055193,0,-1.228997741,4.403497643,-3.177579185
41.7,-64.97890005,0.05305815434,0.5963493585,0.3176062416,0,-1.229013259,4.403548898,-3.177570014
41.71,-64.97886993,0.05305841305,0.5963482231,0.3176069634,0,-1.229028575,4.403599964,-3.177560978
41.72,-64.97884026,0.05305866881,0.5963470879,0.3176076848,0,-1.229043691,4.40365084,-3.177552077
41.73,-64.97881103,0.0530589216,0.5963459528,0.3176084056,0,-1.229058607,4.403701525,-3.177543309
41.74,-64.97878225,0.05305917145,0.5963448178,0.317609126,0,-1.229073322,4.40375202,-3.177534674
41.75,-64.97875391,0.05305941836,0.596343683,0.3176098458,0,-1.229087839,4.403802325,-3.177526173
41.76,-64.97872601,0.05305966233,0.5963425484,0.3176105651,0,-1.229102156,4.403852438,-3.177517804
41.77,-64.97869856,0.05305990337,0.596341414,0.3176112839,0,-1.229116276,4.40390236,-3.177509567
41.78,-64.97867154,0.05306014149,0.5963402797,0.3176120021,0,-1.229130197,4.403952091,-3.177501463
41.79,-64.97864497,0.0530603767,0.5963391457,0.3176127197,0,-1.229143921,4.404001631,-3.17749349
41.8,-64.97861883,0.053060609,0.596338012,0.3176134368,0,-1.229157449,4.404050979,-3.177485648
41.81,-64.97859312,0.0530608384,0.5963368785,0.3176141533,0,-1.22917078,4.404100135,-3.177477937
41.82,-64.97856785,0.05306106491,0.5963357453,0.3176148692,0,-1.229183916,4.4041491,-3.177470356
41.83,-64.97854302,0.05306128854,0.5963346124,0.3176155845,0,-1.229196857,4.404197872,-3.177462906
41.84,-64.97851862,0.05306150929,0.5963334799,0.3176162991,0,-1.229209603,4.404246452,-3.177455585
41.85,-64.97849464,0.05306172717,0.5963323476,0.3176170132,0,-1.229222155,4.40429484,-3.177448393
41.86,-64.9784711,0.05306194218,0.5963312158,0.3176177266,0,-1.229234513,4.404343036,-3.177441331
41.87,-64.97844799,0.05306215435,0.5963300842,0.3176184393,0,-1.229246678,4.404391038,-3.177434396
41.88,-64.9784253,0.05306236366,0.5963289531,0.3176191514,0,-1.229258651,4.404438848,-3.17742759
41.89,-64.97840304,0.05306257014,0.5963278224,0.3176198628,0,-1.229270432,4.404486465,-3.177420912
41.9,-64.9783812,0.05306277378,0.5963266921,0.3176205736,0,-1.229282022,4.404533889,-3.177414361
41.91,-64.97835979,0.0530629746,0.5963255622,0.3176212836,0,-1.22929342,4.40458112,-3.177407937
41.92,-64.9783388,0.0530631726,0.5963244328,0.3176219929,0,-1.229304629,4.404628157,-3.177401639
41.93,-64.97831823,0.05306336778,0.5963233039,0.3176227015,0,-1.229315647,4.404675002,-3.177395468
41.94,-64.97829808,0.05306356017,0.5963221754,0.3176234094,0,-1.229326477,4.404721652,-3.177389423
41.95,-64.97827834,0.05306374976,0.5963210475,0.3176241166,0,-1.229337117,4.404768109,-3.177383502
41.96,-64.97825902,0.05306393657,0.5963199201,0.317624823,0,-1.22934757,4.404814373,-3.177377707
41.97,-64.97824012,0.0530641206,0.5963187932,0.3176255286,0,-1.229357835,4.404860442,-3.177372037
41.98,-64.97822164,0.05306430185,0.5963176669,0.3176262335,0,-1.229367913,4.404906318,-3.177366491
41.99,-64.97820356,0.05306448034,0.5963165411,0.3176269376,0,-1.229377804,4.404952,-3.177361068
42,-64.9781859,0.05306465607,0.5963154159,0.3176276409,0,-1.22938751,4.404997487,-3.177355769
42.01,-64.97816864,0.05306482906,0.5963142914,0.3176283435,0,-1.22939703,4.405042781,-3.177350593
42.02,-64.9781518,0.0530649993,0.5963131674,0.3176290452,0,-1.229406365,4.40508788,-3.17734554
42.03,-64.97813536,0.05306516681,0.5963120441,0.3176297461,0,-1.229415516,4.405132785,-3.177340609
42.04,-64.97811933,0.0530653316,0.5963109215,0.3176304461,0,-1.229424483,4.405177495,-3.1773358
42.05,-64.97810371,0.05306549366,0.5963097995,0.3176311454,0,-1.229433267,4.405222012,-3.177331112
42.06,-64.97808849,0.05306565302,0.5963086782,0.3176318438,0,-1.229441869,4.405266333,-3.177326546
42.07,-64.97807367,0.05306580968,0.5963075576,0.3176325413,0,-1.229450288,4.40531046,-3.1773221
42.08,-64.97805925,0.05306596364,0.5963064377,0.3176332379,0,-1.229458526,4.405354393,-3.177317774
42.09,-64.97804523,0.05306611492,0.5963053185,0.3176339337,0,-1.229466583,4.40539813,-3.177313568
42.1,-64.97803161,0.05306626351,0.5963042001,0.3176346286,0,-1.22947446,4.405441673,-3.177309482
42.11,-64.97801838,0.05306640944,0.5963030824,0.3176353226,0,-1.229482157,4.405485021,-3.177305514
42.12,-64.97800555,0.0530665527,0.5963019656,0.3176360157,0,-1.229489675,4.405528175,-3.177301666
42.13,-64.97799312,0.05306669331,0.5963008495,0.3176367079,0,-1.229497014,4.405571133,-3.177297935
42.14,-64.97798108,0.05306683128,0.5962997342,0.3176373992,0,-1.229504175,4.405613897,-3.177294323
42.15,-64.97796942,0.0530669666,0.5962986197,0.3176380895,0,-1.229511159,4.405656466,-3.177290827
42.16,-64.97795816,0.0530670993,0.5962975061,0.3176387789,0,-1.229517965,4.40569884,-3.177287449
42.17,-64.97794729,0.05306722937,0.5962963933,0.3176394673,0,-1.229524595,4.405741019,-3.177284188
42.18,-64.97793681,0.05306735682,0.5962952815,0.3176401548,0,-1.22953105,4.405783003,-3.177281043
42.19,-64.97792671,0.05306748168,0.5962941704,0.3176408413,0,-1.229537329,4.405824792,-3.177278013
42.2,-64.977917,0.05306760393,0.5962930603,0.3176415268,0,-1.229543434,4.405866386,-3.177275099
42.21,-64.97790767,0.05306772359,0.5962919511,0.3176422114,0,-1.229549364,4.405907785,-3.1772723
42.22,-64.97789872,0.05306784067,0.5962908428,0.3176428949,0,-1.229555122,4.405948989,-3.177269616
42.23,-64.97789015,0.05306795518,0.5962897355,0.3176435774,0,-1.229560706,4.405989998,-3.177267045
42.24,-64.97788196,0.05306806712,0.5962886291,0.3176442589,0,-1.229566118,4.406030812,-3.177264589
42.25,-64.97787415,0.0530681765,0.5962875237,0.3176449394,0,-1.229571358,4.406071431,-3.177262246
42.26,-64.97786672,0.05306828334,0.5962864193,0.3176456189,0,-1.229576427,4.406111856,-3.177260016
42.27,-64.97785966,0.05306838763,0.5962853158,0.3176462973,0,-1.229581325,4.406152085,-3.177257898
42.28,-64.97785298,0.05306848939,0.5962842134,0.3176469747,0,-1.229586054,4.406192119,-3.177255893
42.29,-64.97784666,0.05306858862,0.596283112,0.317647651,0,-1.229590613,4.406231959,-3.177253999
42.3,-64.97784072,0.05306868534,0.5962820117,0.3176483263,0,-1.229595003,4.406271603,-3.177252217
42.31,-64.97783515,0.05306877955,0.5962809124,0.3176490005,0,-1.229599225,4.406311053,-3.177250545
42.32,-64.97782995,0.05306887126,0.5962798141,0.3176496736,0,-1.22960328,4.406350308,-3.177248984
42.33,-64.97782511,0.05306896048,0.596278717,0.3176503456,0,-1.229607167,4.406389368,-3.177247534
42.34,-64.97782064,0.05306904721,0.596277621,0.3176510165,0,-1.229610888,4.406428233,-3.177246192
42.35,-64.97781653,0.05306913147,0.596276526,0.3176516863,0,-1.229614443,4.406466904,-3.17724496
42.36,-64.97781279,0.05306921326,0.5962754322,0.3176523549,0,-1.229617833,4.40650538,-3.177243837
42.37,-64.97780941,0.0530692926,0.5962743395,0.3176530225,0,-1.229621058,4.406543661,-3.177242822
42.38,-64.97780639,0.05306936948,0.596273248,0.3176536889,0,-1.229624119,4.406581748,-3.177241916
42.39,-64.97780372,0.05306944392,0.5962721576,0.3176543542,0,-1.229627016,4.406619641,-3.177241117
42.4,-64.97780142,0.05306951593,0.5962710685,0.3176550183,0,-1.229629751,4.406657339,-3.177240425
42.41,-64.97779946,0.05306958552,0.5962699805,0.3176556813,0,-1.229632323,4.406694843,-3.177239839
42.42,-64.97779787,0.05306965268,0.5962688937,0.3176563431,0,-1.229634734,4.406732152,-3.177239361
42.43,-64.97779663,0.05306971744,0.5962678081,0.3176570038,0,-1.229636983,4.406769267,-3.177238988
42.44,-64.97779573,0.0530697798,0.5962667238,0.3176576632,0,-1.229639072,4.406806188,-3.17723872
42.45,-64.97779519,0.05306983977,0.5962656407,0.3176583215,0,-1.229641001,4.406842915,-3.177238558
42.46,-64.977795,0.05306989735,0.5962645588,0.3176589786,0,-1.229642771,4.406879448,-3.1772385
42.47,-64.97779516,0.05306995256,0.5962634783,0.3176596345,0,-1.229644382,4.406915788,-3.177238547
42.48,-64.97779566,0.05307000541,0.596262399,0.3176602891,0,-1.229645834,4.406951933,-3.177238697
42.49,-64.9777965,0.05307005589,0.596261321,0.3176609426,0,-1.22964713,4.406987885,-3.177238951
42.5,-64.97779769,0.05307010403,0.5962602443,0.3176615948,0,-1.229648268,4.407023643,-3.177239308
42.51,-64.97779922,0.05307014983,0.5962591689,0.3176622458,0,-1.22964925,4.407059207,-3.177239767
42.52,-64.9778011,0.05307019329,0.5962580949,0.3176628956,0,-1.229650076,4.407094578,-3.177240329
42.53,-64.97780331,0.05307023443,0.5962570222,0.3176635441,0,-1.229650747,4.407129756,-3.177240992
42.54,-64.97780586,0.05307027326,0.5962559509,0.3176641913,0,-1.229651264,4.407164741,-3.177241757
42.55,-64.97780874,0.05307030978,0.5962548809,0.3176648373,0,-1.229651627,4.407199533,-3.177242622
42.56,-64.97781196,0.053070344,0.5962538123,0.317665482,0,-1.229651836,4.407234131,-3.177243588
42.57,-64.97781551,0.05307037593,0.5962527451,0.3176661255,0,-1.229651893,4.407268537,-3.177244654
42.58,-64.9778194,0.05307040558,0.5962516794,0.3176667677,0,-1.229651798,4.40730275,-3.17724582
42.59,-64.97782362,0.05307043296,0.596250615,0.3176674085,0,-1.229651551,4.407336771,-3.177247085
42.6,-64.97782816,0.05307045807,0.5962495521,0.3176680481,0,-1.229651153,4.407370598,-3.177248449
42.61,-64.97783304,0.05307048093,0.5962484906,0.3176686864,0,-1.229650605,4.407404234,-3.177249911
42.62,-64.97783824,0.05307050155,0.5962474305,0.3176693234,0,-1.229649908,4.407437678,-3.177251471
42.63,-64.97784376,0.05307051992,0.5962463719,0.317669959,0,-1.229649061,4.407470929,-3.177253129
42.64,-64.97784961,0.05307053607,0.5962453148,0.3176705933,0,-1.229648066,4.407503988,-3.177254883
42.65,-64.97785578,0.05307055,0.5962442592,0.3176712263,0,-1.229646923,4.407536856,-3.177256735
42.66,-64.97786227,0.05307056171,0.5962432051,0.317671858,0,-1.229645632,4.407569532,-3.177258682
42.67,-64.97786909,0.05307057122,0.5962421525,0.3176724883,0,-1.229644196,4.407602016,-3.177260726
42.68,-64.97787622,0.05307057854,0.5962411014,0.3176731173,0,-1.229642613,4.407634309,-3.177262865
42.69,-64.97788366,0.05307058367,0.5962400519,0.3176737449,0,-1.229640884,4.407666411,-3.177265099
42.7,-64.97789142,0.05307058662,0.5962390039,0.3176743712,0,-1.229639011,4.407698322,-3.177267427
42.71,-64.9778995,0.0530705874,0.5962379574,0.317674996,0,-1.229636994,4.407730042,-3.17726985
42.72,-64.97790789,0.05307058602,0.5962369125,0.3176756195,0,-1.229634833,4.407761571,-3.177272366
42.73,-64.97791659,0.0530705825,0.5962358692,0.3176762417,0,-1.229632529,4.40779291,-3.177274976
42.74,-64.9779256,0.05307057682,0.5962348275,0.3176768624,0,-1.229630083,4.407824059,-3.177277679
42.75,-64.97793491,0.05307056902,0.5962337874,0.3176774818,0,-1.229627495,4.407855017,-3.177280474
42.76,-64.97794454,0.05307055909,0.5962327489,0.3176780997,0,-1.229624766,4.407885785,-3.177283361
42.77,-64.97795446,0.05307054704,0.596231712,0.3176787162,0,-1.229621896,4.407916363,-3.177286339
42.78,-64.9779647,0.05307053289,0.5962306768,0.3176793314,0,-1.229618887,4.407946752,-3.177289409
42.79,-64.97797523,0.05307051663,0.5962296431,0.3176799451,0,-1.229615738,4.407976951,-3.17729257
42.8,-64.97798607,0.05307049829,0.5962286112,0.3176805574,0,-1.229612451,4.408006961,-3.177295821
42.81,-64.97799721,0.05307047786,0.5962275809,0.3176811682,0,-1.229609025,4.408036782,-3.177299162
42.82,-64.97800864,0.05307045536,0.5962265522,0.3176817776,0,-1.229605462,4.408066413,-3.177302592
42.83,-64.97802037,0.0530704308,0.5962255253,0.3176823856,0,-1.229601762,4.408095857,-3.177306112
42.84,-64.9780324,0.05307040418,0.5962245001,0.3176829922,0,-1.229597926,4.408125111,-3.17730972
42.85,-64.97804472,0.05307037551,0.5962234765,0.3176835972,0,-1.229593954,4.408154177,-3.177313417
42.86,-64.97805734,0.0530703448,0.5962224547,0.3176842009,0,-1.229589848,4.408183056,-3.177317201
42.87,-64.97807024,0.05307031207,0.5962214346,0.317684803,0,-1.229585607,4.408211746,-3.177321073
42.88,-64.97808344,0.05307027731,0.5962204162,0.3176854037,0,-1.229581232,4.408240248,-3.177325031
42.89,-64.97809692,0.05307024055,0.5962193996,0.3176860029,0,-1.229576724,4.408268564,-3.177329076
42.9,-64.97811069,0.05307020178,0.5962183847,0.3176866007,0,-1.229572083,4.408296691,-3.177333208
42.91,-64.97812475,0.05307016101,0.5962173716,0.3176871969,0,-1.229567311,4.408324632,-3.177337425
42.92,-64.97813909,0.05307011826,0.5962163602,0.3176877917,0,-1.229562407,4.408352386,-3.177341727
42.93,-64.97815371,0.05307007353,0.5962153507,0.317688385,0,-1.229557373,4.408379953,-3.177346114
42.94,-64.97816862,0.05307002684,0.5962143429,0.3176889767,0,-1.229552208,4.408407334,-3.177350586
42.95,-64.9781838,0.05306997818,0.5962133369,0.317689567,0,-1.229546914,4.408434529,-3.177355141
42.96,-64.97819927,0.05306992757,0.5962123328,0.3176901557,0,-1.229541491,4.408461538,-3.17735978
42.97,-64.97821501,0.05306987503,0.5962113304,0.317690743,0,-1.22953594,4.408488361,-3.177364503
42.98,-64.97823103,0.05306982055,0.5962103299,0.3176913287,0,-1.229530262,4.408514999,-3.177369308
42.99,-64.97824732,0.05306976414,0.5962093312,0.3176919129,0,-1.229524456,4.408541451,-3.177374195
43,-64.97826388,0.05306970582,0.5962083344,0.3176924955,0,-1.229518524,4.408567718,-3.177379164
43.01,-64.97828072,0.05306964559,0.5962073395,0.3176930767,0,-1.229512466,4.408593801,-3.177384215
43.02,-64.97829782,0.05306958346,0.5962063463,0.3176936563,0,-1.229506283,4.408619699,-3.177389347
43.03,-64.9783152,0.05306951945,0.5962053551,0.3176942343,0,-1.229499975,4.408645413,-3.177394559
43.04,-64.97833284,0.05306945355,0.5962043658,0.3176948108,0,-1.229493544,4.408670943,-3.177399852
43.05,-64.97835075,0.05306938579,0.5962033783,0.3176953857,0,-1.229486989,4.408696289,-3.177405224
43.06,-64.97836892,0.05306931616,0.5962023928,0.3176959591,0,-1.229480311,4.408721452,-3.177410676
43.07,-64.97838736,0.05306924467,0.5962014091,0.3176965309,0,-1.229473512,4.408746432,-3.177416207
43.08,-64.97840605,0.05306917134,0.5962004274,0.3176971012,0,-1.22946659,4.408771228,-3.177421816
43.09,-64.97842501,0.05306909617,0.5961994476,0.3176976698,0,-1.229459548,4.408795842,-3.177427504
43.1,-64.97844423,0.05306901918,0.5961984697,0.3176982369,0,-1.229452386,4.408820274,-3.177433269
43.11,-64.9784637,0.05306894037,0.5961974938,0.3176988024,0,-1.229445104,4.408844523,-3.177439111
43.12,-64.97848344,0.05306885974,0.5961965198,0.3176993664,0,-1.229437703,4.40886859,-3.177445031
43.13,-64.97850342,0.05306877732,0.5961955478,0.3176999287,0,-1.229430184,4.408892476,-3.177451026
43.14,-64.97852366,0.0530686931,0.5961945777,0.3177004894,0,-1.229422547,4.40891618,-3.177457098
43.15,-64.97854415,0.05306860709,0.5961936097,0.3177010486,0,-1.229414793,4.408939703,-3.177463246
43.16,-64.97856489,0.05306851932,0.5961926436,0.3177016061,0,-1.229406922,4.408963046,-3.177469468
43.17,-64.97858588,0.05306842977,0.5961916795,0.3177021621,0,-1.229398935,4.408986208,-3.177475765
43.18,-64.97860712,0.05306833847,0.5961907174,0.3177027164,0,-1.229390833,4.409009189,-3.177482137
43.19,-64.97862861,0.05306824542,0.5961897573,0.3177032691,0,-1.229382616,4.409031991,-3.177488582
43.2,-64.97865034,0.05306815063,0.5961887992,0.3177038202,0,-1.229374285,4.409054613,-3.177495102
43.21,-64.97867231,0.05306805411,0.5961878432,0.3177043697,0,-1.22936584,4.409077056,-3.177501694
43.22,-64.97869453,0.05306795586,0.5961868891,0.3177049175,0,-1.229357283,4.40909932,-3.177508359
43.23,-64.97871699,0.0530678559,0.5961859371,0.3177054637,0,-1.229348613,4.409121405,-3.177515096
43.24,-64.97873968,0.05306775424,0.5961849872,0.3177060083,0,-1.229339831,4.409143311,-3.177521905
43.25,-64.97876262,0.05306765088,0.5961840393,0.3177065513,0,-1.229330939,4.409165039,-3.177528785
43.26,-64.97878579,0.05306754583,0.5961830935,0.3177070926,0,-1.229321936,4.40918659,-3.177535736
43.27,-64.97880919,0.0530674391,0.5961821497,0.3177076322,0,-1.229312823,4.409207962,-3.177542758
43.28,-64.97883284,0.0530673307,0.596181208,0.3177081702,0,-1.229303601,4.409229158,-3.177549851
43.29,-64.97885671,0.05306722064,0.5961802684,0.3177087066,0,-1.22929427,4.409250176,-3.177557012
43.3,-64.97888081,0.05306710893,0.5961793309,0.3177092413,0,-1.229284831,4.409271018,-3.177564244
43.31,-64.97890515,0.05306699558,0.5961783955,0.3177097744,0,-1.229275285,4.409291684,-3.177571544
43.32,-64.97892971,0.05306688059,0.5961774621,0.3177103057,0,-1.229265632,4.409312173,-3.177578913
43.33,-64.9789545,0.05306676397,0.5961765309,0.3177108355,0,-1.229255873,4.409332487,-3.17758635
43.34,-64.97897951,0.05306664573,0.5961756018,0.3177113635,0,-1.229246008,4.409352626,-3.177593854
43.35,-64.97900475,0.05306652589,0.5961746748,0.3177118899,0,-1.229236038,4.409372589,-3.177601426
43.36,-64.97903022,0.05306640444,0.59617375,0.3177124146,0,-1.229225964,4.409392378,-3.177609065
43.37,-64.9790559,0.05306628141,0.5961728273,0.3177129376,0,-1.229215786,4.409411992,-3.17761677
43.38,-64.9790818,0.05306615679,0.5961719067,0.317713459,0,-1.229205505,4.409431432,-3.177624541
43.39,-64.97910793,0.05306603059,0.5961709883,0.3177139786,0,-1.229195122,4.409450698,-3.177632378
43.4,-64.97913427,0.05306590283,0.596170072,0.3177144966,0,-1.229184636,4.409469791,-3.17764028
43.41,-64.97916082,0.05306577351,0.5961691579,0.3177150129,0,-1.229174049,4.409488711,-3.177648247
43.42,-64.9791876,0.05306564265,0.596168246,0.3177155275,0,-1.229163361,4.409507458,-3.177656279
43.43,-64.97921458,0.05306551024,0.5961673362,0.3177160403,0,-1.229152573,4.409526033,-3.177664374
43.44,-64.97924178,0.05306537631,0.5961664287,0.3177165515,0,-1.229141686,4.409544435,-3.177672533
43.45,-64.97926918,0.05306524085,0.5961655233,0.317717061,0,-1.229130699,4.409562666,-3.177680755
43.46,-64.9792968,0.05306510388,0.5961646201,0.3177175688,0,-1.229119615,4.409580725,-3.17768904
43.47,-64.97932463,0.0530649654,0.5961637191,0.3177180749,0,-1.229108432,4.409598614,-3.177697388
43.48,-64.97935266,0.05306482543,0.5961628203,0.3177185792,0,-1.229097152,4.409616331,-3.177705797
43.49,-64.97938089,0.05306468397,0.5961619237,0.3177190819,0,-1.229085776,4.409633878,-3.177714268
43.5,-64.97940933,0.05306454103,0.5961610293,0.3177195828,0,-1.229074304,4.409651256,-3.1777228
43.51,-64.97943797,0.05306439662,0.5961601372,0.3177200821,0,-1.229062737,4.409668463,-3.177731392
43.52,-64.97946682,0.05306425075,0.5961592473,0.3177205796,0,-1.229051074,4.409685501,-3.177740046
43.53,-64.97949586,0.05306410342,0.5961583596,0.3177210753,0,-1.229039318,4.409702371,-3.177748759
43.54,-64.9795251,0.05306395465,0.5961574741,0.3177215694,0,-1.229027468,4.409719071,-3.177757531
43.55,-64.97955454,0.05306380444,0.5961565909,0.3177220617,0,-1.229015525,4.409735604,-3.177766363
43.56,-64.97958418,0.05306365281,0.59615571,0.3177225523,0,-1.22900349,4.409751968,-3.177775253
43.57,-64.97961401,0.05306349976,0.5961548313,0.3177230412,0,-1.228991362,4.409768165,-3.177784202
43.58,-64.97964403,0.0530633453,0.5961539549,0.3177235283,0,-1.228979144,4.409784195,-3.177793209
43.59,-64.97967424,0.05306318943,0.5961530807,0.3177240137,0,-1.228966835,4.409800058,-3.177802273
43.6,-64.97970465,0.05306303217,0.5961522088,0.3177244973,0,-1.228954437,4.409815754,-3.177811394
43.61,-64.97973524,0.05306287353,0.5961513392,0.3177249792,0,-1.228941948,4.409831285,-3.177820572
43.62,-64.97976602,0.05306271351,0.5961504718,0.3177254594,0,-1.228929371,4.40984665,-3.177829807
43.63,-64.97979699,0.05306255213,0.5961496068,0.3177259378,0,-1.228916706,4.409861849,-3.177839097
43.64,-64.97982814,0.05306238938,0.596148744,0.3177264145,0,-1.228903953,4.409876884,-3.177848443
43.65,-64.97985948,0.05306222529,0.5961478836,0.3177268894,0,-1.228891113,4.409891754,-3.177857844
43.66,-64.979891,0.05306205985,0.5961470254,0.3177273626,0,-1.228878187,4.40990646,-3.1778673
43.67,-64.9799227,0.05306189308,0.5961461695,0.317727834,0,-1.228865174,4.409921002,-3.17787681
43.68,-64.97995458,0.05306172498,0.596145316,0.3177283036,0,-1.228852077,4.409935381,-3.177886374
43.69,-64.97998664,0.05306155557,0.5961444647,0.3177287715,0,-1.228838895,4.409949596,-3.177895991
43.7,-64.98001887,0.05306138485,0.5961436158,0.3177292377,0,-1.228825628,4.409963649,-3.177905662
43.71,-64.98005128,0.05306121283,0.5961427692,0.3177297021,0,-1.228812278,4.40997754,-3.177915385
43.72,-64.98008387,0.05306103952,0.596141925,0.3177301647,0,-1.228798846,4.409991268,-3.177925161
43.73,-64.98011663,0.05306086492,0.5961410831,0.3177306255,0,-1.22878533,4.410004836,-3.177934989
43.74,-64.98014956,0.05306068905,0.5961402435,0.3177310846,0,-1.228771734,4.410018242,-3.177944868
43.75,-64.98018266,0.05306051192,0.5961394062,0.317731542,0,-1.228758055,4.410031487,-3.177954798
43.76,-64.98021593,0.05306033353,0.5961385713,0.3177319975,0,-1.228744297,4.410044572,-3.177964779
43.77,-64.98024937,0.05306015389,0.5961377388,0.3177324513,0,-1.228730458,4.410057497,-3.177974811
43.78,-64.98028298,0.05305997301,0.5961369086,0.3177329033,0,-1.22871654,4.410070263,-3.177984893
43.79,-64.98031675,0.05305979089,0.5961360807,0.3177333536,0,-1.228702543,4.410082869,-3.177995024
43.8,-64.98035068,0.05305960756,0.5961352552,0.317733802,0,-1.228688468,4.410095317,-3.178005204
43.81,-64.98038478,0.053059423,0.5961344321,0.3177342487,0,-1.228674315,4.410107606,-3.178015434
43.82,-64.98041904,0.05305923724,0.5961336114,0.3177346936,0,-1.228660084,4.410119738,-3.178025711
43.83,-64.98045346,0.05305905028,0.596132793,0.3177351368,0,-1.228645778,4.410131712,-3.178036037
43.84,-64.98048804,0.05305886213,0.596131977,0.3177355781,0,-1.228631395,4.410143528,-3.178046411
43.85,-64.98052277,0.0530586728,0.5961311634,0.3177360177,0,-1.228616937,4.410155188,-3.178056831
43.86,-64.98055766,0.0530584823,0.5961303522,0.3177364555,0,-1.228602404,4.410166692,-3.178067299
43.87,-64.98059271,0.05305829063,0.5961295434,0.3177368915,0,-1.228587797,4.41017804,-3.178077813
43.88,-64.98062791,0.0530580978,0.5961287369,0.3177373257,0,-1.228573116,4.410189232,-3.178088374
43.89,-64.98066327,0.05305790382,0.5961279329,0.3177377582,0,-1.228558362,4.410200269,-3.17809898
43.9,-64.98069877,0.0530577087,0.5961271312,0.3177381888,0,-1.228543535,4.410211152,-3.178109631
43.91,-64.98073442,0.05305751245,0.596126332,0.3177386177,0,-1.228528637,4.41022188,-3.178120327
43.92,-64.98077023,0.05305731508,0.5961255351,0.3177390448,0,-1.228513667,4.410232454,-3.178131068
43.93,-64.98080618,0.05305711659,0.5961247407,0.3177394701,0,-1.228498626,4.410242875,-3.178141854
43.94,-64.98084228,0.05305691699,0.5961239487,0.3177398936,0,-1.228483515,4.410253143,-3.178152683
43.95,-64.98087852,0.05305671629,0.5961231591,0.3177403153,0,-1.228468334,4.410263258,-3.178163555
43.96,-64.9809149,0.0530565145,0.5961223719,0.3177407352,0,-1.228453084,4.410273221,-3.178174471
43.97,-64.98095143,0.05305631163,0.5961215871,0.3177411533,0,-1.228437765,4.410283032,-3.178185429
43.98,-64.9809881,0.05305610768,0.5961208048,0.3177415697,0,-1.228422379,4.410292692,-3.17819643
43.99,-64.98102491,0.05305590267,0.5961200249,0.3177419842,0,-1.228406925,4.410302201,-3.178207472
44,-64.98106185,0.05305569659,0.5961192474,0.317742397,0,-1.228391404,4.41031156,-3.178218556
44.01,-64.98109894,0.05305548947,0.5961184724,0.3177428079,0,-1.228375816,4.410320768,-3.178229682
44.02,-64.98113616,0.0530552813,0.5961176998,0.3177432171,0,-1.228360163,4.410329827,-3.178240848
44.03,-64.98117351,0.0530550721,0.5961169296,0.3177436245,0,-1.228344445,4.410338737,-3.178252054
44.04,-64.981211,0.05305486188,0.5961161618,0.31774403,0,-1.228328662,4.410347498,-3.178263301
44.05,-64.98124862,0.05305465063,0.5961153966,0.3177444338,0,-1.228312814,4.41035611,-3.178274587
44.06,-64.98128638,0.05305443838,0.5961146337,0.3177448358,0,-1.228296904,4.410364574,-3.178285913
44.07,-64.98132426,0.05305422512,0.5961138733,0.317745236,0,-1.22828093,4.410372891,-3.178297278
44.08,-64.98136227,0.05305401087,0.5961131154,0.3177456343,0,-1.228264893,4.410381061,-3.178308681
44.09,-64.98140041,0.05305379563,0.5961123599,0.3177460309,0,-1.228248795,4.410389085,-3.178320123
44.1,-64.98143867,0.05305357942,0.5961116069,0.3177464257,0,-1.228232636,4.410396962,-3.178331602
44.11,-64.98147706,0.05305336223,0.5961108563,0.3177468187,0,-1.228216415,4.410404693,-3.178343119
44.12,-64.98151558,0.05305314408,0.5961101082,0.3177472099,0,-1.228200135,4.410412279,-3.178354673
44.13,-64.98155421,0.05305292498,0.5961093625,0.3177475993,0,-1.228183794,4.41041972,-3.178366264
44.14,-64.98159297,0.05305270493,0.5961086193,0.3177479869,0,-1.228167395,4.410427017,-3.178377891
44.15,-64.98163185,0.05305248395,0.5961078786,0.3177483726,0,-1.228150937,4.41043417,-3.178389554
44.16,-64.98167084,0.05305226203,0.5961071403,0.3177487566,0,-1.22813442,4.410441179,-3.178401253
44.17,-64.98170996,0.0530520392,0.5961064046,0.3177491388,0,-1.228117846,4.410448045,-3.178412987
44.18,-64.98174919,0.05305181544,0.5961056713,0.3177495192,0,-1.228101216,4.410454768,-3.178424756
44.19,-64.98178853,0.05305159078,0.5961049404,0.3177498978,0,-1.228084528,4.410461349,-3.178436559
44.2,-64.98182799,0.05305136523,0.5961042121,0.3177502746,0,-1.228067785,4.410467789,-3.178448397
44.21,-64.98186756,0.05305113878,0.5961034862,0.3177506496,0,-1.228050986,4.410474086,-3.178460269
44.22,-64.98190725,0.05305091145,0.5961027628,0.3177510228,0,-1.228034133,4.410480243,-3.178472174
44.23,-64.98194704,0.05305068324,0.5961020419,0.3177513942,0,-1.228017225,4.41048626,-3.178484112
44.24,-64.98198695,0.05305045417,0.5961013234,0.3177517638,0,-1.228000264,4.410492137,-3.178496084
44.25,-64.98202696,0.05305022423,0.5961006075,0.3177521316,0,-1.227983249,4.410497874,-3.178508087
44.26,-64.98206708,0.05304999345,0.596099894,0.3177524976,0,-1.227966181,4.410503472,-3.178520123
44.27,-64.9821073,0.05304976182,0.596099183,0.3177528618,0,-1.227949062,4.410508931,-3.17853219
44.28,-64.98214763,0.05304952935,0.5960984745,0.3177532243,0,-1.22793189,4.410514252,-3.178544289
44.29,-64.98218806,0.05304929606,0.5960977685,0.3177535849,0,-1.227914668,4.410519435,-3.178556418
44.3,-64.9822286,0.05304906195,0.596097065,0.3177539437,0,-1.227897395,4.410524481,-3.178568579
44.31,-64.98226923,0.05304882702,0.596096364,0.3177543007,0,-1.227880071,4.410529391,-3.178580769
44.32,-64.98230997,0.05304859129,0.5960956655,0.3177546559,0,-1.227862699,4.410534163,-3.17859299
44.33,-64.9823508,0.05304835476,0.5960949695,0.3177550094,0,-1.227845277,4.4105388,-3.17860524
44.34,-64.98239173,0.05304811744,0.5960942759,0.317755361,0,-1.227827807,4.410543302,-3.178617519
44.35,-64.98243276,0.05304787933,0.5960935849,0.3177557109,0,-1.227810288,4.410547668,-3.178629828
44.36,-64.98247388,0.05304764046,0.5960928964,0.3177560589,0,-1.227792723,4.4105519,-3.178642165
44.37,-64.9825151,0.05304740081,0.5960922103,0.3177564052,0,-1.22777511,4.410555997,-3.17865453
44.38,-64.98255641,0.05304716041,0.5960915268,0.3177567496,0,-1.227757451,4.410559962,-3.178666923
44.39,-64.98259781,0.05304691925,0.5960908457,0.3177570923,0,-1.227739746,4.410563792,-3.178679343
44.4,-64.9826393,0.05304667735,0.5960901672,0.3177574332,0,-1.227721996,4.410567491,-3.178691791
44.41,-64.98268088,0.05304643472,0.5960894912,0.3177577723,0,-1.227704201,4.410571056,-3.178704265
44.42,-64.98272255,0.05304619135,0.5960888177,0.3177581096,0,-1.227686361,4.410574491,-3.178716766
44.43,-64.98276431,0.05304594726,0.5960881466,0.3177584451,0,-1.227668478,4.410577793,-3.178729293
44.44,-64.98280615,0.05304570246,0.5960874781,0.3177587789,0,-1.227650551,4.410580965,-3.178741846
44.45,-64.98284808,0.05304545695,0.5960868121,0.3177591108,0,-1.227632581,4.410584007,-3.178754425
44.46,-64.98289009,0.05304521074,0.5960861486,0.317759441,0,-1.22761457,4.410586918,-3.178767028
44.47,-64.98293219,0.05304496384,0.5960854876,0.3177597693,0,-1.227596516,4.4105897,-3.178779656
44.48,-64.98297436,0.05304471626,0.5960848291,0.3177600959,0,-1.227578421,4.410592353,-3.178792309
44.49,-64.98301662,0.053044468,0.5960841731,0.3177604208,0,-1.227560285,4.410594878,-3.178804986
44.5,-64.98305896,0.05304421906,0.5960835196,0.3177607438,0,-1.227542109,4.410597274,-3.178817687
44.51,-64.98310137,0.05304396947,0.5960828686,0.317761065,0,-1.227523893,4.410599543,-3.178830411
44.52,-64.98314386,0.05304371922,0.5960822202,0.3177613845,0,-1.227505638,4.410601685,-3.178843158
44.53,-64.98318643,0.05304346833,0.5960815742,0.3177617022,0,-1.227487344,4.4106037,-3.178855928
44.54,-64.98322907,0.05304321679,0.5960809308,0.3177620181,0,-1.227469012,4.410605588,-3.17886872
44.55,-64.98327178,0.05304296462,0.5960802898,0.3177623322,0,-1.227450642,4.410607352,-3.178881535
44.56,-64.98331457,0.05304271183,0.5960796514,0.3177626446,0,-1.227432234,4.410608989,-3.178894371
44.57,-64.98335743,0.05304245841,0.5960790154,0.3177629552,0,-1.22741379,4.410610502,-3.178907229
44.58,-64.98340036,0.05304220439,0.596078382,0.317763264,0,-1.22739531,4.410611891,-3.178920108
44.59,-64.98344336,0.05304194976,0.5960777511,0.317763571,0,-1.227376793,4.410613156,-3.178933008
44.6,-64.98348643,0.05304169453,0.5960771227,0.3177638763,0,-1.227358242,4.410614297,-3.178945928
44.61,-64.98352956,0.05304143872,0.5960764968,0.3177641798,0,-1.227339655,4.410615315,-3.178958869
44.62,-64.98357276,0.05304118232,0.5960758734,0.3177644816,0,-1.227321034,4.410616211,-3.178971829
44.63,-64.98361603,0.05304092535,0.5960752525,0.3177647815,0,-1.22730238,4.410616986,-3.178984809
44.64,-64.98365936,0.05304066781,0.5960746342,0.3177650798,0,-1.227283692,4.410617638,-3.178997807
44.65,-64.98370275,0.05304040971,0.5960740183,0.3177653762,0,-1.227264971,4.41061817,-3.179010825
44.66,-64.98374621,0.05304015106,0.5960734049,0.3177656709,0,-1.227246217,4.410618581,-3.179023862
44.67,-64.98378972,0.05303989186,0.5960727941,0.3177659638,0,-1.227227432,4.410618872,-3.179036916
44.68,-64.9838333,0.05303963212,0.5960721857,0.317766255,0,-1.227208615,4.410619043,-3.179049989
44.69,-64.98387693,0.05303937185,0.5960715799,0.3177665444,0,-1.227189767,4.410619095,-3.179063079
44.7,-64.98392062,0.05303911105,0.5960709766,0.3177668321,0,-1.227170889,4.410619029,-3.179076186
44.71,-64.98396437,0.05303884973,0.5960703757,0.317767118,0,-1.227151981,4.410618844,-3.17908931
44.72,-64.98400817,0.0530385879,0.5960697774,0.3177674021,0,-1.227133043,4.410618542,-3.179102451
44.73,-64.98405203,0.05303832557,0.5960691815,0.3177676845,0,-1.227114076,4.410618122,-3.179115609
44.74,-64.98409594,0.05303806274,0.5960685882,0.3177679652,0,-1.227095081,4.410617586,-3.179128782
44.75,-64.9841399,0.05303779942,0.5960679974,0.3177682441,0,-1.227076057,4.410616933,-3.179141971
44.76,-64.98418392,0.05303753562,0.5960674091,0.3177685212,0,-1.227057006,4.410616165,-3.179155175
44.77,-64.98422798,0.05303727134,0.5960668232,0.3177687967,0,-1.227037927,4.410615282,-3.179168395
44.78,-64.9842721,0.05303700659,0.5960662399,0.3177690703,0,-1.227018822,4.410614283,-3.179181629
44.79,-64.98431626,0.05303674138,0.5960656591,0.3177693423,0,-1.226999691,4.41061317,-3.179194877
44.8,-64.98436047,0.05303647571,0.5960650807,0.3177696125,0,-1.226980533,4.410611944,-3.17920814
44.81,-64.98440472,0.05303620959,0.5960645049,0.3177698809,0,-1.226961351,4.410610604,-3.179221417
44.82,-64.98444902,0.05303594303,0.5960639315,0.3177701477,0,-1.226942143,4.410609151,-3.179234707
44.83,-64.98449337,0.05303567604,0.5960633607,0.3177704127,0,-1.226922911,4.410607585,-3.179248011
44.84,-64.98453776,0.05303540861,0.5960627923,0.3177706759,0,-1.226903655,4.410605908,-3.179261327
44.85,-64.98458219,0.05303514077,0.5960622264,0.3177709375,0,-1.226884376,4.410604119,-3.179274656
44.86,-64.98462666,0.0530348725,0.5960616631,0.3177711973,0,-1.226865074,4.410602219,-3.179287997
44.87,-64.98467117,0.05303460383,0.5960611022,0.3177714554,0,-1.226845749,4.410600209,-3.179301351
44.88,-64.98471572,0.05303433476,0.5960605438,0.3177717117,0,-1.226826401,4.410598088,-3.179314716
44.89,-64.98476031,0.0530340653,0.5960599878,0.3177719664,0,-1.226807032,4.410595858,-3.179328093
44.9,-64.98480493,0.05303379544,0.5960594344,0.3177722193,0,-1.226787642,4.410593519,-3.17934148
44.91,-64.9848496,0.0530335252,0.5960588835,0.3177724705,0,-1.226768232,4.410591072,-3.179354879
44.92,-64.98489429,0.05303325459,0.596058335,0.31777272,0,-1.2267488,4.410588516,-3.179368288
44.93,-64.98493902,0.05303298361,0.596057789,0.3177729678,0,-1.226729349,4.410585853,-3.179381707
44.94,-64.98498379,0.05303271227,0.5960572455,0.3177732139,0,-1.226709879,4.410583082,-3.179395137
44.95,-64.98502859,0.05303244057,0.5960567044,0.3177734583,0,-1.226690389,4.410580205,-3.179408576
44.96,-64.98507341,0.05303216852,0.5960561659,0.3177737009,0,-1.226670881,4.410577222,-3.179422024
44.97,-64.98511827,0.05303189613,0.5960556298,0.3177739419,0,-1.226651355,4.410574133,-3.179435481
44.98,-64.98516316,0.0530316234,0.5960550962,0.3177741812,0,-1.226631811,4.410570938,-3.179448948
44.99,-64.98520807,0.05303135035,0.596054565,0.3177744187,0,-1.226612249,4.410567639,-3.179462422
45,-64.98525302,0.05303107697,0.5960540364,0.3177746546,0,-1.226592671,4.410564236,-3.179475905
45.01,-64.98529799,0.05303080328,0.5960535102,0.3177748888,0,-1.226573077,4.410560729,-3.179489396
45.02,-64.98534298,0.05303052927,0.5960529864,0.3177751213,0,-1.226553466,4.410557118,-3.179502895
45.03,-64.985388,0.05303025496,0.5960524651,0.3177753521,0,-1.22653384,4.410553405,-3.179516401
45.04,-64.98543305,0.05302998036,0.5960519463,0.3177755812,0,-1.226514199,4.41054959,-3.179529914
45.05,-64.98547811,0.05302970546,0.5960514299,0.3177758086,0,-1.226494544,4.410545672,-3.179543434
45.06,-64.9855232,0.05302943028,0.596050916,0.3177760343,0,-1.226474874,4.410541653,-3.17955696
45.07,-64.98556831,0.05302915482,0.5960504046,0.3177762584,0,-1.22645519,4.410537534,-3.179570492
45.08,-64.98561344,0.05302887909,0.5960498956,0.3177764808,0,-1.226435493,4.410533314,-3.179584031
45.09,-64.98565858,0.05302860309,0.5960493891,0.3177767015,0,-1.226415783,4.410528994,-3.179597575
45.1,-64.98570375,0.05302832684,0.596048885,0.3177769206,0,-1.22639606,4.410524574,-3.179611125
45.11,-64.98574893,0.05302805033,0.5960483833,0.317777138,0,-1.226376325,4.410520056,-3.179624679
45.12,-64.98579413,0.05302777357,0.5960478841,0.3177773537,0,-1.226356579,4.410515439,-3.179638239
45.13,-64.98583934,0.05302749657,0.5960473873,0.3177775677,0,-1.226336821,4.410510724,-3.179651803
45.14,-64.98588457,0.05302721934,0.596046893,0.3177777801,0,-1.226317052,4.410505911,-3.179665371
45.15,-64.98592981,0.05302694188,0.5960464011,0.3177779908,0,-1.226297273,4.410501002,-3.179678944
45.16,-64.98597507,0.0530266642,0.5960459117,0.3177781999,0,-1.226277484,4.410495996,-3.17969252
45.17,-64.98602033,0.0530263863,0.5960454247,0.3177784073,0,-1.226257685,4.410490894,-3.1797061
45.18,-64.98606561,0.0530261082,0.5960449401,0.3177786131,0,-1.226237877,4.410485696,-3.179719682
45.19,-64.98611089,0.05302582988,0.5960444579,0.3177788172,0,-1.22621806,4.410480403,-3.179733268
45.2,-64.98615619,0.05302555137,0.5960439782,0.3177790197,0,-1.226198235,4.410475015,-3.179746857
45.21,-64.98620149,0.05302527267,0.5960435009,0.3177792206,0,-1.226178401,4.410469534,-3.179760448
45.22,-64.9862468,0.05302499378,0.596043026,0.3177794198,0,-1.22615856,4.410463958,-3.179774041
45.23,-64.98629212,0.05302471472,0.5960425535,0.3177796173,0,-1.226138712,4.41045829,-3.179787636
45.24,-64.98633744,0.05302443548,0.5960420835,0.3177798133,0,-1.226118857,4.410452529,-3.179801232
45.25,-64.98638277,0.05302415607,0.5960416159,0.3177800076,0,-1.226098996,4.410446675,-3.17981483
45.26,-64.9864281,0.0530238765,0.5960411506,0.3177802002,0,-1.226079128,4.41044073,-3.179828429
45.27,-64.98647343,0.05302359677,0.5960406878,0.3177803913,0,-1.226059255,4.410434693,-3.179842029
45.28,-64.98651877,0.05302331689,0.5960402274,0.3177805807,0,-1.226039377,4.410428566,-3.17985563
45.29,-64.9865641,0.05302303687,0.5960397694,0.3177807685,0,-1.226019494,4.410422348,-3.179869231
45.3,-64.98660944,0.05302275671,0.5960393138,0.3177809547,0,-1.225999606,4.41041604,-3.179882831
45.31,-64.98665477,0.05302247642,0.5960388605,0.3177811393,0,-1.225979715,4.410409644,-3.179896432
45.32,-64.98670011,0.053022196,0.5960384097,0.3177813222,0,-1.225959819,4.410403158,-3.179910032
45.33,-64.98674544,0.05302191546,0.5960379613,0.3177815036,0,-1.225939921,4.410396584,-3.179923632
45.34,-64.98679077,0.05302163481,0.5960375152,0.3177816834,0,-1.225920019,4.410389921,-3.17993723
45.35,-64.98683609,0.05302135404,0.5960370716,0.3177818615,0,-1.225900115,4.410383172,-3.179950828
45.36,-64.98688141,0.05302107317,0.5960366303,0.3177820381,0,-1.225880209,4.410376335,-3.179964424
45.37,-64.98692673,0.05302079221,0.5960361914,0.317782213,0,-1.225860301,4.410369412,-3.179978018
45.38,-64.98697203,0.05302051115,0.5960357549,0.3177823864,0,-1.225840392,4.410362403,-3.17999161
45.39,-64.98701733,0.05302023,0.5960353207,0.3177825582,0,-1.225820482,4.410355308,-3.1800052
45.4,-64.98706263,0.05301994878,0.5960348889,0.3177827284,0,-1.225800571,4.410348129,-3.180018788
45.41,-64.98710791,0.05301966748,0.5960344595,0.317782897,0,-1.22578066,4.410340864,-3.180032373
45.42,-64.98715318,0.0530193861,0.5960340325,0.3177830641,0,-1.225760749,4.410333516,-3.180045955
45.43,-64.98719845,0.05301910467,0.5960336078,0.3177832295,0,-1.225740839,4.410326084,-3.180059534
45.44,-64.9872437,0.05301882317,0.5960331854,0.3177833934,0,-1.225720929,4.410318568,-3.180073109
45.45,-64.98728894,0.05301854163,0.5960327654,0.3177835557,0,-1.225701021,4.41031097,-3.180086681
45.46,-64.98733416,0.05301826003,0.5960323478,0.3177837165,0,-1.225681114,4.41030329,-3.180100249
45.47,-64.98737937,0.05301797839,0.5960319325,0.3177838757,0,-1.22566121,4.410295528,-3.180113812
45.48,-64.98742457,0.05301769672,0.5960315196,0.3177840333,0,-1.225641307,4.410287685,-3.180127371
45.49,-64.98746975,0.05301741501,0.596031109,0.3177841894,0,-1.225621408,4.410279761,-3.180140926
45.5,-64.98751492,0.05301713328,0.5960307007,0.3177843439,0,-1.225601511,4.410271756,-3.180154476
45.51,-64.98756007,0.05301685153,0.5960302948,0.3177844969,0,-1.225581618,4.410263672,-3.180168021
45.52,-64.9876052,0.05301656976,0.5960298912,0.3177846483,0,-1.225561728,4.410255509,-3.18018156
45.53,-64.98765031,0.05301628799,0.5960294899,0.3177847982,0,-1.225541843,4.410247266,-3.180195094
45.54,-64.98769541,0.05301600621,0.596029091,0.3177849465,0,-1.225521962,4.410238945,-3.180208622
45.55,-64.98774048,0.05301572443,0.5960286943,0.3177850933,0,-1.225502086,4.410230546,-3.180222144
45.56,-64.98778553,0.05301544265,0.5960283,0.3177852386,0,-1.225482215,4.410222069,-3.18023566
45.57,-64.98783056,0.05301516089,0.596027908,0.3177853823,0,-1.22546235,4.410213516,-3.180249169
45.58,-64.98787557,0.05301487915,0.5960275183,0.3177855246,0,-1.225442491,4.410204886,-3.180262672
45.59,-64.98792056,0.05301459742,0.5960271309,0.3177856652,0,-1.225422638,4.41019618,-3.180276167
45.6,-64.98796552,0.05301431573,0.5960267458,0.3177858044,0,-1.225402791,4.410187398,-3.180289656
45.61,-64.98801046,0.05301403407,0.5960263631,0.3177859421,0,-1.225382952,4.410178541,-3.180303137
45.62,-64.98805537,0.05301375244,0.5960259826,0.3177860782,0,-1.225363119,4.410169609,-3.180316611
45.63,-64.98810025,0.05301347086,0.5960256043,0.3177862129,0,-1.225343295,4.410160603,-3.180330076
45.64,-64.98814511,0.05301318932,0.5960252284,0.317786346,0,-1.225323478,4.410151524,-3.180343534
45.65,-64.98818994,0.05301290784,0.5960248548,0.3177864776,0,-1.22530367,4.410142371,-3.180356983
45.66,-64.98823475,0.05301262642,0.5960244834,0.3177866077,0,-1.22528387,4.410133145,-3.180370424
45.67,-64.98827952,0.05301234506,0.5960241144,0.3177867364,0,-1.225264079,4.410123847,-3.180383856
45.68,-64.98832426,0.05301206376,0.5960237475,0.3177868635,0,-1.225244297,4.410114477,-3.180397279
45.69,-64.98836898,0.05301178254,0.596023383,0.3177869892,0,-1.225224525,4.410105035,-3.180410694
45.7,-64.98841366,0.0530115014,0.5960230207,0.3177871134,0,-1.225204763,4.410095523,-3.180424098
45.71,-64.98845831,0.05301122035,0.5960226607,0.317787236,0,-1.225185012,4.41008594,-3.180437493
45.72,-64.98850293,0.05301093938,0.5960223029,0.3177873573,0,-1.225165271,4.410076286,-3.180450879
45.73,-64.98854751,0.0530106585,0.5960219474,0.317787477,0,-1.225145541,4.410066564,-3.180464254
45.74,-64.98859206,0.05301037772,0.5960215941,0.3177875953,0,-1.225125822,4.410056772,-3.180477619
45.75,-64.98863658,0.05301009704,0.5960212431,0.3177877121,0,-1.225106114,4.410046912,-3.180490974
45.76,-64.98868106,0.05300981648,0.5960208943,0.3177878274,0,-1.225086419,4.410036983,-3.180504318
45.77,-64.98872551,0.05300953602,0.5960205478,0.3177879413,0,-1.225066736,4.410026987,-3.180517652
45.78,-64.98876991,0.05300925568,0.5960202035,0.3177880537,0,-1.225047065,4.410016923,-3.180530974
45.79,-64.98881428,0.05300897547,0.5960198614,0.3177881647,0,-1.225027407,4.410006793,-3.180544285
45.8,-64.98885861,0.05300869538,0.5960195215,0.3177882742,0,-1.225007763,4.409996596,-3.180557584
45.81,-64.98890291,0.05300841542,0.5960191838,0.3177883823,0,-1.224988132,4.409986333,-3.180570872
45.82,-64.98894716,0.0530081356,0.5960188484,0.317788489,0,-1.224968515,4.409976005,-3.180584148
45.83,-64.98899137,0.05300785592,0.5960185152,0.3177885942,0,-1.224948911,4.409965611,-3.180597412
45.84,-64.98903555,0.05300757639,0.5960181841,0.317788698,0,-1.224929323,4.409955154,-3.180610664
45.85,-64.98907968,0.053007297,0.5960178553,0.3177888003,0,-1.224909749,4.409944632,-3.180623903
45.86,-64.98912377,0.05300701777,0.5960175287,0.3177889012,0,-1.22489019,4.409934046,-3.18063713
45.87,-64.98916781,0.0530067387,0.5960172043,0.3177890008,0,-1.224870646,4.409923398,-3.180650343
45.88,-64.98921181,0.0530064598,0.596016882,0.3177890988,0,-1.224851118,4.409912686,-3.180663544
45.89,-64.98925577,0.05300618107,0.596016562,0.3177891955,0,-1.224831606,4.409901913,-3.180676731
45.9,-64.98929968,0.0530059025,0.5960162441,0.3177892908,0,-1.22481211,4.409891077,-3.180689905
45.91,-64.98934355,0.05300562412,0.5960159284,0.3177893846,0,-1.224792631,4.40988018,-3.180703066
45.92,-64.98938737,0.05300534592,0.5960156148,0.3177894771,0,-1.224773168,4.409869222,-3.180716212
45.93,-64.98943115,0.05300506791,0.5960153035,0.3177895681,0,-1.224753723,4.409858204,-3.180729345
45.94,-64.98947488,0.05300479008,0.5960149943,0.3177896578,0,-1.224734295,4.409847126,-3.180742463
45.95,-64.98951856,0.05300451246,0.5960146872,0.3177897461,0,-1.224714885,4.409835988,-3.180755567
45.96,-64.98956219,0.05300423503,0.5960143823,0.317789833,0,-1.224695493,4.409824791,-3.180768656
45.97,-64.98960577,0.05300395781,0.5960140796,0.3177899185,0,-1.224676119,4.409813535,-3.180781731
45.98,-64.9896493,0.0530036808,0.596013779,0.3177900026,0,-1.224656763,4.409802221,-3.18079479
45.99,-64.98969278,0.053003404,0.5960134805,0.3177900854,0,-1.224637427,4.40979085,-3.180807835
46,-64.98973621,0.05300312742,0.5960131842,0.3177901667,0,-1.22461811,4.40977942,-3.180820864
46.01,-64.98977959,0.05300285106,0.59601289,0.3177902467,0,-1.224598812,4.409767934,-3.180833877
46.02,-64.98982292,0.05300257493,0.5960125979,0.3177903254,0,-1.224579534,4.409756392,-3.180846875
46.03,-64.98986619,0.05300229903,0.596012308,0.3177904027,0,-1.224560275,4.409744794,-3.180859857
46.04,-64.98990941,0.05300202337,0.5960120201,0.3177904786,0,-1.224541038,4.40973314,-3.180872823
46.05,-64.98995258,0.05300174794,0.5960117344,0.3177905532,0,-1.22452182,4.40972143,-3.180885773
46.06,-64.98999569,0.05300147276,0.5960114508,0.3177906265,0,-1.224502624,4.409709667,-3.180898706
46.07,-64.99003874,0.05300119782,0.5960111693,0.3177906984,0,-1.224483448,4.409697848,-3.180911623
46.08,-64.99008174,0.05300092314,0.5960108898,0.3177907689,0,-1.224464294,4.409685977,-3.180924523
46.09,-64.99012469,0.05300064871,0.5960106125,0.3177908381,0,-1.224445162,4.409674051,-3.180937406
46.1,-64.99016757,0.05300037455,0.5960103373,0.317790906,0,-1.224426052,4.409662073,-3.180950271
46.11,-64.9902104,0.05300010065,0.5960100641,0.3177909726,0,-1.224406963,4.409650042,-3.18096312
46.12,-64.99025317,0.05299982701,0.596009793,0.3177910378,0,-1.224387898,4.409637959,-3.180975951
46.13,-64.99029588,0.05299955365,0.596009524,0.3177911018,0,-1.224368854,4.409625825,-3.180988765
46.14,-64.99033853,0.05299928057,0.5960092571,0.3177911644,0,-1.224349834,4.409613639,-3.18100156
46.15,-64.99038113,0.05299900776,0.5960089922,0.3177912257,0,-1.224330837,4.409601403,-3.181014338
46.16,-64.99042366,0.05299873524,0.5960087294,0.3177912857,0,-1.224311864,4.409589116,-3.181027098
46.17,-64.99046613,0.05299846301,0.5960084686,0.3177913444,0,-1.224292914,4.40957678,-3.181039839
46.18,-64.99050854,0.05299819107,0.5960082099,0.3177914018,0,-1.224273989,4.409564394,-3.181052562
46.19,-64.99055089,0.05299791943,0.5960079532,0.3177914579,0,-1.224255087,4.409551959,-3.181065266
46.2,-64.99059317,0.05299764809,0.5960076986,0.3177915127,0,-1.224236211,4.409539475,-3.181077951
46.21,-64.99063539,0.05299737705,0.596007446,0.3177915662,0,-1.224217359,4.409526943,-3.181090618
46.22,-64.99067755,0.05299710632,0.5960071954,0.3177916184,0,-1.224198532,4.409514363,-3.181103265
46.23,-64.99071964,0.0529968359,0.5960069469,0.3177916694,0,-1.22417973,4.409501736,-3.181115893
46.24,-64.99076167,0.0529965658,0.5960067004,0.3177917191,0,-1.224160954,4.409489062,-3.181128502
46.25,-64.99080364,0.05299629602,0.5960064558,0.3177917675,0,-1.224142203,4.409476342,-3.181141091
46.26,-64.99084553,0.05299602656,0.5960062133,0.3177918147,0,-1.224123479,4.409463576,-3.18115366
46.27,-64.99088736,0.05299575742,0.5960059728,0.3177918606,0,-1.224104781,4.409450764,-3.181166209
46.28,-64.99092913,0.05299548862,0.5960057343,0.3177919052,0,-1.224086109,4.409437906,-3.181178739
46.29,-64.99097083,0.05299522015,0.5960054978,0.3177919486,0,-1.224067464,4.409425004,-3.181191248
46.3,-64.99101245,0.05299495202,0.5960052633,0.3177919907,0,-1.224048846,4.409412058,-3.181203736
46.31,-64.99105401,0.05299468424,0.5960050307,0.3177920316,0,-1.224030255,4.409399068,-3.181216204
46.32,-64.99109551,0.0529944168,0.5960048002,0.3177920713,0,-1.224011692,4.409386034,-3.181228652
46.33,-64.99113693,0.0529941497,0.5960045716,0.3177921097,0,-1.223993157,4.409372957,-3.181241078
46.34,-64.99117828,0.05299388296,0.596004345,0.3177921469,0,-1.223974649,4.409359837,-3.181253484
46.35,-64.99121956,0.05299361658,0.5960041203,0.3177921829,0,-1.223956169,4.409346676,-3.181265869
46.36,-64.99126077,0.05299335056,0.5960038976,0.3177922176,0,-1.223937718,4.409333472,-3.181278232
46.37,-64.99130191,0.0529930849,0.5960036769,0.3177922511,0,-1.223919296,4.409320227,-3.181290574
46.38,-64.99134298,0.0529928196,0.5960034581,0.3177922834,0,-1.223900902,4.409306941,-3.181302894
46.39,-64.99138398,0.05299255468,0.5960032412,0.3177923145,0,-1.223882538,4.409293614,-3.181315193
46.4,-64.9914249,0.05299229013,0.5960030263,0.3177923444,0,-1.223864202,4.409280247,-3.181327469
46.41,-64.99146575,0.05299202596,0.5960028133,0.3177923731,0,-1.223845897,4.40926684,-3.181339724
46.42,-64.99150652,0.05299176217,0.5960026022,0.3177924006,0,-1.223827621,4.409253394,-3.181351956
46.43,-64.99154722,0.05299149876,0.596002393,0.3177924269,0,-1.223809375,4.409239909,-3.181364167
46.44,-64.99158785,0.05299123574,0.5960021858,0.317792452,0,-1.223791159,4.409226385,-3.181376355
46.45,-64.9916284,0.05299097312,0.5960019805,0.3177924759,0,-1.223772973,4.409212824,-3.18138852
46.46,-64.99166888,0.05299071088,0.5960017771,0.3177924986,0,-1.223754818,4.409199224,-3.181400663
46.47,-64.99170927,0.05299044905,0.5960015755,0.3177925202,0,-1.223736694,4.409185587,-3.181412782
46.48,-64.9917496,0.05299018762,0.5960013759,0.3177925406,0,-1.223718601,4.409171913,-3.181424879
46.49,-64.99178984,0.05298992659,0.5960011782,0.3177925598,0,-1.22370054,4.409158203,-3.181436953
46.5,-64.99183001,0.05298966596,0.5960009823,0.3177925779,0,-1.223682509,4.409144457,-3.181449003
46.51,-64.9918701,0.05298940575,0.5960007883,0.3177925948,0,-1.223664511,4.409130674,-3.181461031
46.52,-64.99191011,0.05298914596,0.5960005962,0.3177926106,0,-1.223646544,4.409116857,-3.181473034
46.53,-64.99195005,0.05298888658,0.596000406,0.3177926252,0,-1.223628609,4.409103005,-3.181485014
46.54,-64.9919899,0.05298862762,0.5960002176,0.3177926386,0,-1.223610707,4.409089118,-3.18149697
46.55,-64.99202968,0.05298836908,0.5960000311,0.3177926509,0,-1.223592837,4.409075197,-3.181508903
46.56,-64.99206937,0.05298811097,0.5959998464,0.3177926621,0,-1.223575,4.409061242,-3.181520811
46.57,-64.99210898,0.0529878533,0.5959996636,0.3177926721,0,-1.223557196,4.409047254,-3.181532695
46.58,-64.99214852,0.05298759605,0.5959994826,0.3177926811,0,-1.223539425,4.409033233,-3.181544555
46.59,-64.99218797,0.05298733924,0.5959993034,0.3177926888,0,-1.223521687,4.409019179,-3.181556391
46.6,-64.99222734,0.05298708287,0.5959991261,0.3177926955,0,-1.223503982,4.409005093,-3.181568202
46.61,-64.99226663,0.05298682694,0.5959989506,0.3177927011,0,-1.223486311,4.408990976,-3.181579988
46.62,-64.99230583,0.05298657146,0.5959987769,0.3177927055,0,-1.223468674,4.408976827,-3.18159175
46.63,-64.99234496,0.05298631643,0.595998605,0.3177927089,0,-1.223451072,4.408962647,-3.181603487
46.64,-64.99238399,0.05298606184,0.5959984349,0.3177927111,0,-1.223433503,4.408948437,-3.181615198
46.65,-64.99242295,0.05298580771,0.5959982667,0.3177927122,0,-1.223415969,4.408934196,-3.181626885
46.66,-64.99246182,0.05298555404,0.5959981002,0.3177927123,0,-1.223398469,4.408919926,-3.181638546
46.67,-64.99250061,0.05298530083,0.5959979355,0.3177927112,0,-1.223381005,4.408905626,-3.181650182
46.68,-64.99253931,0.05298504808,0.5959977726,0.3177927091,0,-1.223363575,4.408891297,-3.181661793
46.69,-64.99257793,0.0529847958,0.5959976115,0.3177927059,0,-1.22334618,4.40887694,-3.181673378
46.7,-64.99261646,0.05298454399,0.5959974521,0.3177927016,0,-1.223328821,4.408862554,-3.181684937
46.71,-64.9926549,0.05298429264,0.5959972946,0.3177926962,0,-1.223311497,4.408848141,-3.181696471
46.72,-64.99269326,0.05298404178,0.5959971387,0.3177926898,0,-1.223294209,4.408833699,-3.181707978
46.73,-64.99273153,0.05298379138,0.5959969847,0.3177926823,0,-1.223276957,4.408819231,-3.18171946
46.74,-64.99276972,0.05298354147,0.5959968324,0.3177926738,0,-1.223259741,4.408804736,-3.181730915
46.75,-64.99280781,0.05298329205,0.5959966818,0.3177926642,0,-1.223242562,4.408790215,-3.181742344
46.76,-64.99284582,0.0529830431,0.5959965329,0.3177926535,0,-1.223225418,4.408775667,-3.181753747
46.77,-64.99288374,0.05298279465,0.5959963858,0.3177926418,0,-1.223208312,4.408761094,-3.181765123
46.78,-64.99292158,0.05298254668,0.5959962405,0.3177926291,0,-1.223191242,4.408746496,-3.181776473
46.79,-64.99295932,0.05298229921,0.5959960968,0.3177926153,0,-1.223174209,4.408731873,-3.181787796
46.8,-64.99299697,0.05298205224,0.5959959549,0.3177926005,0,-1.223157213,4.408717226,-3.181799092
46.81,-64.99303454,0.05298180576,0.5959958147,0.3177925846,0,-1.223140254,4.408702554,-3.181810361
46.82,-64.99307201,0.05298155979,0.5959956761,0.3177925678,0,-1.223123333,4.408687858,-3.181821604
46.83,-64.9931094,0.05298131432,0.5959955393,0.3177925499,0,-1.223106449,4.40867314,-3.181832819
46.84,-64.99314669,0.05298106936,0.5959954042,0.317792531,0,-1.223089603,4.408658398,-3.181844007
46.85,-64.99318389,0.0529808249,0.5959952708,0.3177925111,0,-1.223072795,4.408643633,-3.181855167
46.86,-64.993221,0.05298058096,0.595995139,0.3177924902,0,-1.223056025,4.408628847,-3.181866301
46.87,-64.99325802,0.05298033753,0.5959950089,0.3177924683,0,-1.223039293,4.408614038,-3.181877407
46.88,-64.99329495,0.05298009462,0.5959948805,0.3177924454,0,-1.2230226,4.408599208,-3.181888485
46.89,-64.99333178,0.05297985223,0.5959947538,0.3177924215,0,-1.223005945,4.408584356,-3.181899535
46.9,-64.99336853,0.05297961036,0.5959946287,0.3177923966,0,-1.222989329,4.408569484,-3.181910558
46.91,-64.99340518,0.05297936901,0.5959945053,0.3177923707,0,-1.222972752,4.408554592,-3.181921553
46.92,-64.99344173,0.05297912819,0.5959943835,0.3177923438,0,-1.222956213,4.408539679,-3.18193252
46.93,-64.99347819,0.0529788879,0.5959942633,0.317792316,0,-1.222939714,4.408524746,-3.181943458
46.94,-64.99351456,0.05297864814,0.5959941448,0.3177922872,0,-1.222923254,4.408509794,-3.181954369
46.95,-64.99355084,0.05297840891,0.5959940279,0.3177922574,0,-1.222906834,4.408494824,-3.181965251
46.96,-64.99358702,0.05297817022,0.5959939127,0.3177922267,0,-1.222890453,4.408479834,-3.181976105
46.97,-64.9936231,0.05297793207,0.5959937991,0.317792195,0,-1.222874112,4.408464826,-3.181986931
46.98,-64.99365909,0.05297769446,0.595993687,0.3177921624,0,-1.222857811,4.4084498,-3.181997728
46.99,-64.99369499,0.05297745739,0.5959935766,0.3177921288,0,-1.222841549,4.408434757,-3.182008497
47,-64.99373079,0.05297722086,0.5959934678,0.3177920943,0,-1.222825328,4.408419696,-3.182019236
47.01,-64.99376649,0.05297698489,0.5959933606,0.3177920588,0,-1.222809148,4.408404619,-3.182029947
47.02,-64.9938021,0.05297674946,0.595993255,0.3177920224,0,-1.222793007,4.408389525,-3.18204063
47.03,-64.99383761,0.05297651458,0.5959931509,0.3177919851,0,-1.222776908,4.408374414,-3.182051283
47.04,-64.99387302,0.05297628026,0.5959930485,0.3177919468,0,-1.222760848,4.408359288,-3.182061907
47.05,-64.99390834,0.0529760465,0.5959929476,0.3177919076,0,-1.22274483,4.408344146,-3.182072502
47.06,-64.99394356,0.05297581329,0.5959928482,0.3177918675,0,-1.222728853,4.408328989,-3.182083068
47.07,-64.99397868,0.05297558064,0.5959927505,0.3177918265,0,-1.222712917,4.408313818,-3.182093604
47.08,-64.9940137,0.05297534856,0.5959926543,0.3177917846,0,-1.222697022,4.408298631,-3.182104111
47.09,-64.99404863,0.05297511704,0.5959925596,0.3177917417,0,-1.222681168,4.408283431,-3.182114589
47.1,-64.99408346,0.05297488608,0.5959924665,0.317791698,0,-1.222665356,4.408268217,-3.182125037
47.11,-64.99411819,0.0529746557,0.5959923749,0.3177916534,0,-1.222649586,4.408252989,-3.182135456
47.12,-64.99415282,0.05297442589,0.5959922848,0.3177916079,0,-1.222633857,4.408237749,-3.182145845
47.13,-64.99418735,0.05297419664,0.5959921963,0.3177915615,0,-1.22261817,4.408222495,-3.182156204
47.14,-64.99422178,0.05297396798,0.5959921093,0.3177915142,0,-1.222602525,4.408207229,-3.182166534
47.15,-64.99425611,0.05297373989,0.5959920238,0.317791466,0,-1.222586922,4.408191951,-3.182176833
47.16,-64.99429034,0.05297351237,0.5959919398,0.317791417,0,-1.222571362,4.408176661,-3.182187103
47.17,-64.99432448,0.05297328544,0.5959918573,0.3177913671,0,-1.222555843,4.40816136,-3.182197343
47.18,-64.99435851,0.05297305909,0.5959917763,0.3177913163,0,-1.222540368,4.408146048,-3.182207552
47.19,-64.99439244,0.05297283333,0.5959916968,0.3177912647,0,-1.222524934,4.408130724,-3.182217731
47.2,-64.99442627,0.05297260815,0.5959916188,0.3177912122,0,-1.222509544,4.408115391,-3.18222788
47.21,-64.99446,0.05297238356,0.5959915423,0.3177911589,0,-1.222494196,4.408100047,-3.182237999
47.22,-64.99449362,0.05297215956,0.5959914672,0.3177911047,0,-1.222478891,4.408084693,-3.182248087
47.23,-64.99452715,0.05297193615,0.5959913936,0.3177910496,0,-1.222463629,4.40806933,-3.182258145
47.24,-64.99456058,0.05297171334,0.5959913215,0.3177909938,0,-1.222448411,4.408053958,-3.182268173
47.25,-64.9945939,0.05297149112,0.5959912508,0.3177909371,0,-1.222433235,4.408038577,-3.18227817
47.26,-64.99462712,0.05297126949,0.5959911816,0.3177908796,0,-1.222418103,4.408023187,-3.182288136
47.27,-64.99466024,0.05297104847,0.5959911138,0.3177908212,0,-1.222403015,4.40800779,-3.182298071
47.28,-64.99469325,0.05297082804,0.5959910474,0.317790762,0,-1.222387969,4.407992384,-3.182307976
47.29,-64.99472617,0.05297060822,0.5959909825,0.317790702,0,-1.222372968,4.407976971,-3.18231785
47.3,-64.99475898,0.052970389,0.595990919,0.3177906412,0,-1.22235801,4.407961551,-3.182327693
47.31,-64.99479168,0.05297017039,0.5959908569,0.3177905796,0,-1.222343096,4.407946123,-3.182337505
47.32,-64.99482429,0.05296995239,0.5959907962,0.3177905172,0,-1.222328227,4.407930689,-3.182347286
47.33,-64.99485679,0.05296973499,0.595990737,0.317790454,0,-1.222313401,4.407915249,-3.182357036
47.34,-64.99488918,0.05296951821,0.5959906791,0.31779039,0,-1.222298619,4.407899803,-3.182366755
47.35,-64.99492147,0.05296930203,0.5959906227,0.3177903252,0,-1.222283882,4.407884351,-3.182376442
47.36,-64.99495366,0.05296908647,0.5959905676,0.3177902596,0,-1.222269188,4.407868894,-3.182386099
47.37,-64.99498575,0.05296887153,0.5959905139,0.3177901932,0,-1.22225454,4.407853432,-3.182395724
47.38,-64.99501773,0.0529686572,0.5959904616,0.3177901261,0,-1.222239936,4.407837965,-3.182405318
47.39,-64.9950496,0.05296844349,0.5959904107,0.3177900582,0,-1.222225376,4.407822494,-3.18241488
47.4,-64.99508137,0.0529682304,0.5959903611,0.3177899895,0,-1.222210861,4.407807018,-3.182424411
47.41,-64.99511304,0.05296801793,0.5959903129,0.3177899201,0,-1.222196391,4.407791539,-3.182433911
47.42,-64.9951446,0.05296780609,0.595990266,0.3177898498,0,-1.222181966,4.407776056,-3.182443379
47.43,-64.99517605,0.05296759487,0.5959902205,0.3177897789,0,-1.222167586,4.40776057,-3.182452815
47.44,-64.9952074,0.05296738427,0.5959901763,0.3177897072,0,-1.222153251,4.407745081,-3.18246222
47.45,-64.99523864,0.0529671743,0.5959901335,0.3177896347,0,-1.222138961,4.40772959,-3.182471593
47.46,-64.99526978,0.05296696496,0.595990092,0.3177895615,0,-1.222124716,4.407714096,-3.182480934
47.47,-64.99530081,0.05296675625,0.5959900518,0.3177894876,0,-1.222110517,4.4076986,-3.182490243
47.48,-64.99533174,0.05296654817,0.595990013,0.3177894129,0,-1.222096363,4.407683103,-3.182499521
47.49,-64.99536256,0.05296634073,0.5959899754,0.3177893375,0,-1.222082254,4.407667604,-3.182508767
47.5,-64.99539327,0.05296613391,0.5959899392,0.3177892614,0,-1.222068191,4.407652104,-3.18251798
47.51,-64.99542387,0.05296592774,0.5959899043,0.3177891845,0,-1.222054173,4.407636603,-3.182527162
47.52,-64.99545437,0.0529657222,0.5959898706,0.317789107,0,-1.222040202,4.407621102,-3.182536312
47.53,-64.99548477,0.05296551729,0.5959898383,0.3177890287,0,-1.222026276,4.4076056,-3.18254543
47.54,-64.99551505,0.05296531303,0.5959898072,0.3177889497,0,-1.222012395,4.407590099,-3.182554515
47.55,-64.99554523,0.0529651094,0.5959897774,0.31778887,0,-1.221998561,4.407574597,-3.182563569
47.56,-64.9955753,0.05296490642,0.5959897489,0.3177887896,0,-1.221984773,4.407559097,-3.18257259
47.57,-64.99560526,0.05296470408,0.5959897216,0.3177887085,0,-1.22197103,4.407543597,-3.182581579
47.58,-64.99563512,0.05296450239,0.5959896957,0.3177886268,0,-1.221957334,4.407528099,-3.182590536
47.59,-64.99566487,0.05296430134,0.5959896709,0.3177885443,0,-1.221943684,4.407512602,-3.182599461
47.6,-64.99569451,0.05296410094,0.5959896474,0.3177884612,0,-1.221930081,4.407497106,-3.182608353
47.61,-64.99572404,0.05296390118,0.5959896252,0.3177883773,0,-1.221916523,4.407481613,-3.182617213
47.62,-64.99575347,0.05296370207,0.5959896042,0.3177882929,0,-1.221903012,4.407466122,-3.18262604
47.63,-64.99578278,0.05296350361,0.5959895844,0.3177882077,0,-1.221889547,4.407450634,-3.182634835
47.64,-64.99581199,0.05296330581,0.5959895658,0.3177881219,0,-1.221876129,4.407435148,-3.182643598
47.65,-64.99584109,0.05296310865,0.5959895485,0.3177880354,0,-1.221862758,4.407419666,-3.182652328
47.66,-64.99587008,0.05296291215,0.5959895323,0.3177879482,0,-1.221849433,4.407404187,-3.182661025
47.67,-64.99589897,0.0529627163,0.5959895174,0.3177878604,0,-1.221836155,4.407388712,-3.18266969
47.68,-64.99592774,0.05296252111,0.5959895037,0.317787772,0,-1.221822923,4.407373241,-3.182678322
47.69,-64.99595641,0.05296232657,0.5959894912,0.3177876829,0,-1.221809738,4.407357774,-3.182686922
47.7,-64.99598496,0.05296213269,0.5959894798,0.3177875932,0,-1.2217966,4.407342312,-3.182695489
47.71,-64.99601341,0.05296193947,0.5959894697,0.3177875028,0,-1.221783509,4.407326854,-3.182704023
47.72,-64.99604175,0.0529617469,0.5959894607,0.3177874118,0,-1.221770465,4.407311402,-3.182712525
47.73,-64.99606998,0.052961555,0.5959894529,0.3177873202,0,-1.221757468,4.407295955,-3.182720994
47.74,-64.9960981,0.05296136376,0.5959894463,0.317787228,0,-1.221744518,4.407280513,-3.18272943
47.75,-64.99612611,0.05296117318,0.5959894408,0.3177871351,0,-1.221731615,4.407265077,-3.182737833
47.76,-64.99615401,0.05296098326,0.5959894365,0.3177870416,0,-1.22171876,4.407249648,-3.182746204
47.77,-64.9961818,0.052960794,0.5959894333,0.3177869476,0,-1.221705951,4.407234224,-3.182754541
47.78,-64.99620949,0.05296060541,0.5959894313,0.3177868529,0,-1.22169319,4.407218808,-3.182762846
47.79,-64.99623706,0.05296041749,0.5959894304,0.3177867576,0,-1.221680476,4.407203398,-3.182771118
47.8,-64.99626452,0.05296023023,0.5959894306,0.3177866617,0,-1.221667809,4.407187996,-3.182779357
47.81,-64.99629188,0.05296004364,0.595989432,0.3177865652,0,-1.22165519,4.407172601,-3.182787563
47.82,-64.99631912,0.05295985771,0.5959894344,0.3177864681,0,-1.221642618,4.407157213,-3.182795736
47.83,-64.99634625,0.05295967246,0.595989438,0.3177863705,0,-1.221630093,4.407141834,-3.182803876
47.84,-64.99637328,0.05295948787,0.5959894427,0.3177862722,0,-1.221617616,4.407126463,-3.182811983
47.85,-64.99640019,0.05295930395,0.5959894485,0.3177861734,0,-1.221605187,4.4071111,-3.182820057
47.86,-64.99642699,0.05295912071,0.5959894554,0.317786074,0,-1.221592805,4.407095746,-3.182828098
47.87,-64.99645369,0.05295893813,0.5959894634,0.3177859741,0,-1.221580471,4.4070804,-3.182836106
47.88,-64.99648027,0.05295875623,0.5959894725,0.3177858736,0,-1.221568184,4.407065065,-3.182844081
47.89,-64.99650674,0.052958575,0.5959894826,0.3177857725,0,-1.221555945,4.407049738,-3.182852023
47.9,-64.99653311,0.05295839444,0.5959894938,0.3177856708,0,-1.221543754,4.407034421,-3.182859932
47.91,-64.99655936,0.05295821456,0.5959895061,0.3177855687,0,-1.221531611,4.407019114,-3.182867807
47.92,-64.9965855,0.05295803535,0.5959895195,0.3177854659,0,-1.221519515,4.407003818,-3.18287565
47.93,-64.99661153,0.05295785682,0.5959895339,0.3177853626,0,-1.221507467,4.406988531,-3.182883459
47.94,-64.99663745,0.05295767896,0.5959895493,0.3177852588,0,-1.221495467,4.406973256,-3.182891235
47.95,-64.99666326,0.05295750178,0.5959895658,0.3177851545,0,-1.221483515,4.406957991,-3.182898979
47.96,-64.99668896,0.05295732528,0.5959895834,0.3177850496,0,-1.221471611,4.406942737,-3.182906688
47.97,-64.99671455,0.05295714946,0.5959896019,0.3177849442,0,-1.221459754,4.406927495,-3.182914365
47.98,-64.99674003,0.05295697431,0.5959896215,0.3177848382,0,-1.221447946,4.406912265,-3.182922009
47.99,-64.9967654,0.05295679985,0.5959896421,0.3177847318,0,-1.221436185,4.406897046,-3.182929619
48,-64.99679065,0.05295662606,0.5959896638,0.3177846248,0,-1.221424473,4.406881839,-3.182937196
48.01,-64.9968158,0.05295645295,0.5959896864,0.3177845173,0,-1.221412808,4.406866645,-3.18294474
48.02,-64.99684084,0.05295628052,0.59598971,0.3177844093,0,-1.221401192,4.406851463,-3.182952251
48.03,-64.99686576,0.05295610878,0.5959897347,0.3177843008,0,-1.221389624,4.406836295,-3.182959728
48.04,-64.99689057,0.05295593771,0.5959897603,0.3177841919,0,-1.221378103,4.406821139,-3.182967172
48.05,-64.99691528,0.05295576733,0.5959897869,0.3177840824,0,-1.221366631,4.406805996,-3.182974583
48.06,-64.99693987,0.05295559763,0.5959898145,0.3177839724,0,-1.221355207,4.406790867,-3.182981961
48.07,-64.99696435,0.05295542861,0.5959898431,0.3177838619,0,-1.221343831,4.406775752,-3.182989306
48.08,-64.99698872,0.05295526027,0.5959898726,0.317783751,0,-1.221332503,4.40676065,-3.182996617
48.09,-64.99701298,0.05295509262,0.5959899031,0.3177836396,0,-1.221321223,4.406745563,-3.183003895
48.1,-64.99703713,0.05295492565,0.5959899346,0.3177835277,0,-1.221309992,4.40673049,-3.183011139
48.11,-64.99706117,0.05295475937,0.595989967,0.3177834153,0,-1.221298809,4.406715431,-3.183018351
48.12,-64.9970851,0.05295459377,0.5959900003,0.3177833025,0,-1.221287673,4.406700388,-3.183025529
48.13,-64.99710891,0.05295442886,0.5959900346,0.3177831892,0,-1.221276586,4.40668536,-3.183032674
48.14,-64.99713262,0.05295426463,0.5959900699,0.3177830754,0,-1.221265548,4.406670346,-3.183039786
48.15,-64.99715621,0.05295410108,0.595990106,0.3177829612,0,-1.221254557,4.406655349,-3.183046864
48.16,-64.9971797,0.05295393823,0.5959901431,0.3177828465,0,-1.221243615,4.406640367,-3.183053909
48.17,-64.99720307,0.05295377606,0.5959901811,0.3177827314,0,-1.221232721,4.406625401,-3.183060921
48.18,-64.99722633,0.05295361457,0.5959902201,0.3177826158,0,-1.221221875,4.406610451,-3.1830679
48.19,-64.99724948,0.05295345377,0.5959902599,0.3177824998,0,-1.221211077,4.406595517,-3.183074845
48.2,-64.99727252,0.05295329366,0.5959903006,0.3177823834,0,-1.221200328,4.4065806,-3.183081757
48.21,-64.99729545,0.05295313423,0.5959903422,0.3177822665,0,-1.221189627,4.4065657,-3.183088636
48.22,-64.99731827,0.0529529755,0.5959903847,0.3177821493,0,-1.221178974,4.406550817,-3.183095482
48.23,-64.99734098,0.05295281745,0.5959904281,0.3177820315,0,-1.221168369,4.406535951,-3.183102294
48.24,-64.99736358,0.05295266008,0.5959904724,0.3177819134,0,-1.221157813,4.406521102,-3.183109074
48.25,-64.99738607,0.05295250341,0.5959905176,0.3177817949,0,-1.221147305,4.406506271,-3.18311582
48.26,-64.99740844,0.05295234742,0.5959905636,0.3177816759,0,-1.221136845,4.406491457,-3.183122533
48.27,-64.99743071,0.05295219212,0.5959906104,0.3177815565,0,-1.221126434,4.406476662,-3.183129212
48.28,-64.99745286,0.05295203751,0.5959906582,0.3177814367,0,-1.22111607,4.406461885,-3.183135859
48.29,-64.99747491,0.05295188359,0.5959907068,0.3177813166,0,-1.221105755,4.406447126,-3.183142472
48.3,-64.99749684,0.05295173035,0.5959907562,0.317781196,0,-1.221095488,4.406432386,-3.183149052
48.31,-64.99751866,0.05295157781,0.5959908065,0.317781075,0,-1.22108527,4.406417665,-3.183155599
48.32,-64.99754038,0.05295142595,0.5959908576,0.3177809537,0,-1.221075099,4.406402963,-3.183162113
48.33,-64.99756198,0.05295127478,0.5959909095,0.3177808319,0,-1.221064977,4.40638828,-3.183168594
48.34,-64.99758347,0.0529511243,0.5959909623,0.3177807098,0,-1.221054903,4.406373616,-3.183175041
48.35,-64.99760485,0.05295097451,0.5959910158,0.3177805873,0,-1.221044877,4.406358972,-3.183181456
48.36,-64.99762612,0.05295082541,0.5959910702,0.3177804644,0,-1.2210349,4.406344348,-3.183187837
48.37,-64.99764728,0.05295067699,0.5959911254,0.3177803412,0,-1.221024971,4.406329743,-3.183194185
48.38,-64.99766833,0.05295052927,0.5959911814,0.3177802176,0,-1.221015089,4.406315159,-3.1832005
48.39,-64.99768928,0.05295038223,0.5959912382,0.3177800936,0,-1.221005256,4.406300596,-3.183206783
48.4,-64.99771011,0.05295023588,0.5959912958,0.3177799693,0,-1.220995471,4.406286052,-3.183213032
48.41,-64.99773083,0.05295009022,0.5959913542,0.3177798446,0,-1.220985735,4.40627153,-3.183219248
48.42,-64.99775144,0.05294994525,0.5959914133,0.3177797195,0,-1.220976046,4.406257028,-3.183225431
48.43,-64.99777194,0.05294980097,0.5959914732,0.3177795942,0,-1.220966405,4.406242548,-3.183231581
48.44,-64.99779233,0.05294965738,0.5959915339,0.3177794684,0,-1.220956813,4.406228089,-3.183237699
48.45,-64.99781261,0.05294951447,0.5959915954,0.3177793424,0,-1.220947268,4.406213651,-3.183243783
48.46,-64.99783278,0.05294937225,0.5959916576,0.3177792159,0,-1.220937772,4.406199235,-3.183249834
48.47,-64.99785284,0.05294923072,0.5959917206,0.3177790892,0,-1.220928323,4.406184841,-3.183255853
48.48,-64.99787279,0.05294908988,0.5959917843,0.3177789621,0,-1.220918923,4.406170469,-3.183261838
48.49,-64.99789264,0.05294894973,0.5959918487,0.3177788347,0,-1.220909571,4.406156119,-3.183267791
48.5,-64.99791237,0.05294881026,0.5959919139,0.317778707,0,-1.220900266,4.406141791,-3.183273711
48.51,-64.99793199,0.05294867148,0.5959919799,0.317778579,0,-1.22089101,4.406127486,-3.183279598
48.52,-64.99795151,0.05294853339,0.5959920465,0.3177784506,0,-1.220881801,4.406113203,-3.183285452
48.53,-64.99797091,0.05294839599,0.5959921139,0.317778322,0,-1.22087264,4.406098944,-3.183291273
48.54,-64.99799021,0.05294825927,0.595992182,0.317778193,0,-1.220863527,4.406084708,-3.183297062
48.55,-64.99800939,0.05294812324,0.5959922508,0.3177780637,0,-1.220854462,4.406070494,-3.183302818
48.56,-64.99802847,0.05294798789,0.5959923203,0.3177779342,0,-1.220845445,4.406056305,-3.183308541
48.57,-64.99804744,0.05294785323,0.5959923904,0.3177778043,0,-1.220836475,4.406042138,-3.183314232
48.58,-64.9980663,0.05294771926,0.5959924613,0.3177776741,0,-1.220827554,4.406027996,-3.18331989
48.59,-64.99808505,0.05294758597,0.5959925329,0.3177775437,0,-1.22081868,4.406013878,-3.183325515
48.6,-64.99810369,0.05294745337,0.5959926052,0.317777413,0,-1.220809853,4.405999783,-3.183331108
48.61,-64.99812223,0.05294732146,0.5959926781,0.3177772819,0,-1.220801075,4.405985713,-3.183336668
48.62,-64.99814065,0.05294719022,0.5959927517,0.3177771506,0,-1.220792344,4.405971667,-3.183342196
48.63,-64.99815897,0.05294705968,0.595992826,0.3177770191,0,-1.22078366,4.405957646,-3.183347691
48.64,-64.99817718,0.05294692981,0.595992901,0.3177768872,0,-1.220775025,4.405943649,-3.183353154
48.65,-64.99819528,0.05294680063,0.5959929766,0.3177767551,0,-1.220766436,4.405929678,-3.183358584
48.66,-64.99821327,0.05294667214,0.5959930528,0.3177766227,0,-1.220757895,4.405915731,-3.183363982
48.67,-64.99823116,0.05294654432,0.5959931297,0.3177764901,0,-1.220749402,4.40590181,-3.183369347
48.68,-64.99824893,0.05294641719,0.5959932073,0.3177763572,0,-1.220740956,4.405887914,-3.18337468
48.69,-64.9982666,0.05294629074,0.5959932855,0.3177762241,0,-1.220732558,4.405874043,-3.183379981
48.7,-64.99828416,0.05294616498,0.5959933643,0.3177760907,0,-1.220724206,4.405860199,-3.183385249
48.71,-64.99830162,0.05294603989,0.5959934437,0.317775957,0,-1.220715903,4.40584638,-3.183390485
48.72,-64.99831896,0.05294591549,0.5959935238,0.3177758231,0,-1.220707646,4.405832587,-3.183395689
48.73,-64.9983362,0.05294579176,0.5959936044,0.317775689,0,-1.220699437,4.40581882,-3.183400861
48.74,-64.99835333,0.05294566872,0.5959936857,0.3177755547,0,-1.220691274,4.405805079,-3.183406
48.75,-64.99837036,0.05294554636,0.5959937676,0.3177754201,0,-1.220683159,4.405791365,-3.183411108
48.76,-64.99838728,0.05294542467,0.5959938501,0.3177752852,0,-1.220675091,4.405777677,-3.183416183
48.77,-64.99840409,0.05294530367,0.5959939332,0.3177751502,0,-1.220667071,4.405764017,-3.183421226
48.78,-64.99842079,0.05294518334,0.5959940169,0.3177750149,0,-1.220659097,4.405750383,-3.183426237
48.79,-64.99843739,0.05294506369,0.5959941011,0.3177748794,0,-1.22065117,4.405736776,-3.183431216
48.8,-64.99845388,0.05294494472,0.595994186,0.3177747437,0,-1.22064329,4.405723196,-3.183436163
48.81,-64.99847026,0.05294482642,0.5959942714,0.3177746078,0,-1.220635457,4.405709643,-3.183441079
48.82,-64.99848654,0.0529447088,0.5959943574,0.3177744716,0,-1.220627671,4.405696118,-3.183445962
48.83,-64.99850271,0.05294459186,0.5959944439,0.3177743353,0,-1.220619932,4.405682621,-3.183450814
48.84,-64.99851878,0.05294447559,0.595994531,0.3177741988,0,-1.220612239,4.405669151,-3.183455633
48.85,-64.99853474,0.05294436,0.5959946187,0.317774062,0,-1.220604593,4.405655709,-3.183460421
48.86,-64.99855059,0.05294424508,0.5959947069,0.3177739251,0,-1.220596994,4.405642295,-3.183465178
48.87,-64.99856634,0.05294413083,0.5959947957,0.317773788,0,-1.220589441,4.405628909,-3.183469902
48.88,-64.99858198,0.05294401726,0.595994885,0.3177736506,0,-1.220581935,4.405615552,-3.183474595
48.89,-64.99859752,0.05294390436,0.5959949748,0.3177735131,0,-1.220574475,4.405602223,-3.183479256
48.9,-64.99861295,0.05294379213,0.5959950652,0.3177733754,0,-1.220567062,4.405588922,-3.183483886
48.91,-64.99862828,0.05294368057,0.5959951561,0.3177732376,0,-1.220559696,4.40557565,-3.183488484
48.92,-64.9986435,0.05294356969,0.5959952475,0.3177730995,0,-1.220552375,4.405562407,-3.183493051
48.93,-64.99865862,0.05294345947,0.5959953394,0.3177729613,0,-1.220545101,4.405549193,-3.183497586
48.94,-64.99867363,0.05294334992,0.5959954318,0.3177728229,0,-1.220537873,4.405536008,-3.18350209
48.95,-64.99868854,0.05294324104,0.5959955248,0.3177726844,0,-1.220530692,4.405522852,-3.183506562
48.96,-64.99870334,0.05294313283,0.5959956182,0.3177725457,0,-1.220523556,4.405509725,-3.183511003
48.97,-64.99871804,0.05294302528,0.5959957122,0.3177724068,0,-1.220516467,4.405496628,-3.183515413
48.98,-64.99873264,0.0529429184,0.5959958066,0.3177722678,0,-1.220509423,4.40548356,-3.183519792
48.99,-64.99874713,0.05294281219,0.5959959015,0.3177721286,0,-1.220502426,4.405470522,-3.183524139
49,-64.99876152,0.05294270664,0.5959959969,0.3177719893,0,-1.220495474,4.405457514,-3.183528456
49.01,-64.9987758,0.05294260176,0.5959960928,0.3177718498,0,-1.220488568,4.405444536,-3.183532741
49.02,-64.99878998,0.05294249754,0.5959961891,0.3177717101,0,-1.220481708,4.405431588,-3.183536995
49.03,-64.99880406,0.05294239398,0.5959962859,0.3177715704,0,-1.220474894,4.40541867,-3.183541218
49.04,-64.99881803,0.05294229109,0.5959963832,0.3177714305,0,-1.220468126,4.405405782,-3.18354541
49.05,-64.99883191,0.05294218885,0.5959964809,0.3177712904,0,-1.220461403,4.405392924,-3.183549572
49.06,-64.99884567,0.05294208728,0.5959965791,0.3177711503,0,-1.220454725,4.405380098,-3.183553702
49.07,-64.99885934,0.05294198637,0.5959966778,0.31777101,0,-1.220448093,4.405367301,-3.183557802
49.08,-64.9988729,0.05294188611,0.5959967768,0.3177708696,0,-1.220441507,4.405354536,-3.183561871
49.09,-64.99888636,0.05294178652,0.5959968763,0.317770729,0,-1.220434966,4.405341801,-3.183565909
49.1,-64.99889972,0.05294168758,0.5959969763,0.3177705883,0,-1.22042847,4.405329098,-3.183569916
49.11,-64.99891298,0.0529415893,0.5959970767,0.3177704476,0,-1.220422019,4.405316425,-3.183573893
49.12,-64.99892613,0.05294149167,0.5959971775,0.3177703067,0,-1.220415613,4.405303784,-3.183577839
49.13,-64.99893918,0.0529413947,0.5959972787,0.3177701657,0,-1.220409253,4.405291173,-3.183581755
49.14,-64.99895213,0.05294129838,0.5959973803,0.3177700246,0,-1.220402938,4.405278595,-3.18358564
49.15,-64.99896498,0.05294120272,0.5959974824,0.3177698834,0,-1.220396667,4.405266047,-3.183589495
49.16,-64.99897773,0.05294110771,0.5959975848,0.317769742,0,-1.220390442,4.405253532,-3.18359332
49.17,-64.99899038,0.05294101335,0.5959976877,0.3177696006,0,-1.220384261,4.405241048,-3.183597114
49.18,-64.99900293,0.05294091964,0.5959977909,0.3177694591,0,-1.220378125,4.405228596,-3.183600878
49.19,-64.99901537,0.05294082658,0.5959978946,0.3177693175,0,-1.220372034,4.405216176,-3.183604611
49.2,-64.99902772,0.05294073417,0.5959979986,0.3177691759,0,-1.220365987,4.405203788,-3.183608315
49.21,-64.99903996,0.0529406424,0.595998103,0.3177690341,0,-1.220359985,4.405191432,-3.183611988
49.22,-64.99905211,0.05294055129,0.5959982078,0.3177688922,0,-1.220354028,4.405179108,-3.183615632
49.23,-64.99906415,0.05294046082,0.5959983129,0.3177687503,0,-1.220348114,4.405166817,-3.183619245
49.24,-64.99907609,0.05294037099,0.5959984185,0.3177686083,0,-1.220342246,4.405154557,-3.183622828
49.25,-64.99908794,0.05294028181,0.5959985244,0.3177684662,0,-1.220336421,4.405142331,-3.183626382
49.26,-64.99909969,0.05294019328,0.5959986306,0.3177683241,0,-1.220330641,4.405130137,-3.183629906
49.27,-64.99911133,0.05294010538,0.5959987372,0.3177681818,0,-1.220324904,4.405117976,-3.183633399
49.28,-64.99912288,0.05294001813,0.5959988442,0.3177680396,0,-1.220319212,4.405105847,-3.183636864
49.29,-64.99913433,0.05293993152,0.5959989515,0.3177678972,0,-1.220313564,4.405093752,-3.183640298
49.3,-64.99914568,0.05293984555,0.5959990591,0.3177677548,0,-1.220307959,4.405081689,-3.183643703
49.31,-64.99915693,0.05293976021,0.5959991671,0.3177676123,0,-1.220302399,4.40506966,-3.183647078
49.32,-64.99916808,0.05293967552,0.5959992754,0.3177674698,0,-1.220296882,4.405057664,-3.183650424
49.33,-64.99917913,0.05293959146,0.5959993841,0.3177673273,0,-1.220291409,4.405045701,-3.18365374
49.34,-64.99919009,0.05293950803,0.595999493,0.3177671846,0,-1.220285979,4.405033771,-3.183657027
49.35,-64.99920095,0.05293942524,0.5959996023,0.317767042,0,-1.220280593,4.405021875,-3.183660285
49.36,-64.99921171,0.05293934308,0.5959997119,0.3177668993,0,-1.22027525,4.405010012,-3.183663513
49.37,-64.99922238,0.05293926156,0.5959998219,0.3177667565,0,-1.220269951,4.404998183,-3.183666713
49.38,-64.99923294,0.05293918067,0.5959999321,0.3177666138,0,-1.220264695,4.404986387,-3.183669883
49.39,-64.99924341,0.05293910041,0.5960000426,0.3177664709,0,-1.220259482,4.404974626,-3.183673023
49.4,-64.99925378,0.05293902077,0.5960001534,0.3177663281,0,-1.220254313,4.404962898,-3.183676135
49.41,-64.99926406,0.05293894177,0.5960002646,0.3177661852,0,-1.220249186,4.404951204,-3.183679218
49.42,-64.99927424,0.05293886339,0.596000376,0.3177660423,0,-1.220244102,4.404939544,-3.183682272
49.43,-64.99928432,0.05293878564,0.5960004877,0.3177658994,0,-1.220239061,4.404927918,-3.183685297
49.44,-64.99929431,0.05293870851,0.5960005996,0.3177657565,0,-1.220234063,4.404916326,-3.183688294
49.45,-64.9993042,0.05293863201,0.5960007119,0.3177656135,0,-1.220229108,4.404904769,-3.183691261
49.46,-64.999314,0.05293855613,0.5960008244,0.3177654706,0,-1.220224195,4.404893246,-3.1836942
49.47,-64.9993237,0.05293848087,0.5960009372,0.3177653276,0,-1.220219325,4.404881757,-3.18369711
49.48,-64.99933331,0.05293840624,0.5960010502,0.3177651846,0,-1.220214497,4.404870302,-3.183699992
49.49,-64.99934282,0.05293833222,0.5960011636,0.3177650416,0,-1.220209712,4.404858883,-3.183702845
49.5,-64.99935223,0.05293825882,0.5960012771,0.3177648986,0,-1.220204969,4.404847497,-3.18370567
49.51,-64.99936155,0.05293818604,0.5960013909,0.3177647556,0,-1.220200268,4.404836147,-3.183708466
49.52,-64.99937078,0.05293811387,0.596001505,0.3177646126,0,-1.220195609,4.404824831,-3.183711234
49.53,-64.99937991,0.05293804232,0.5960016193,0.3177644696,0,-1.220190993,4.40481355,-3.183713974
49.54,-64.99938895,0.05293797138,0.5960017339,0.3177643266,0,-1.220186418,4.404802304,-3.183716686
49.55,-64.9993979,0.05293790106,0.5960018487,0.3177641836,0,-1.220181885,4.404791093,-3.183719369
49.56,-64.99940675,0.05293783134,0.5960019637,0.3177640407,0,-1.220177394,4.404779917,-3.183722025
49.57,-64.99941551,0.05293776224,0.5960020789,0.3177638977,0,-1.220172944,4.404768776,-3.183724652
49.58,-64.99942417,0.05293769375,0.5960021944,0.3177637548,0,-1.220168537,4.40475767,-3.183727252
49.59,-64.99943275,0.05293762586,0.5960023101,0.3177636119,0,-1.22016417,4.404746599,-3.183729824
49.6,-64.99944123,0.05293755858,0.5960024259,0.317763469,0,-1.220159845,4.404735564,-3.183732368
49.61,-64.99944961,0.05293749191,0.5960025421,0.3177633261,0,-1.220155562,4.404724564,-3.183734884
49.62,-64.99945791,0.05293742584,0.5960026584,0.3177631833,0,-1.220151319,4.404713599,-3.183737372
49.63,-64.99946611,0.05293736037,0.5960027749,0.3177630405,0,-1.220147118,4.40470267,-3.183739833
49.64,-64.99947422,0.05293729551,0.5960028916,0.3177628977,0,-1.220142958,4.404691777,-3.183742267
49.65,-64.99948224,0.05293723125,0.5960030085,0.3177627549,0,-1.220138839,4.404680918,-3.183744673
49.66,-64.99949017,0.05293716758,0.5960031256,0.3177626122,0,-1.22013476,4.404670096,-3.183747051
49.67,-64.99949801,0.05293710452,0.5960032429,0.3177624696,0,-1.220130723,4.404659309,-3.183749402
49.68,-64.99950575,0.05293704205,0.5960033603,0.3177623269,0,-1.220126726,4.404648558,-3.183751726
49.69,-64.99951341,0.05293698017,0.596003478,0.3177621844,0,-1.22012277,4.404637843,-3.183754023
49.7,-64.99952098,0.05293691889,0.5960035958,0.3177620418,0,-1.220118854,4.404627164,-3.183756293
49.71,-64.99952845,0.05293685821,0.5960037138,0.3177618994,0,-1.220114979,4.40461652,-3.183758535
49.72,-64.99953584,0.05293679811,0.5960038319,0.3177617569,0,-1.220111144,4.404605913,-3.183760751
49.73,-64.99954313,0.05293673861,0.5960039502,0.3177616146,0,-1.220107349,4.404595341,-3.183762939
49.74,-64.99955034,0.0529366797,0.5960040687,0.3177614722,0,-1.220103595,4.404584806,-3.183765101
49.75,-64.99955745,0.05293662137,0.5960041873,0.31776133,0,-1.22009988,4.404574306,-3.183767236
49.76,-64.99956448,0.05293656363,0.5960043061,0.3177611878,0,-1.220096205,4.404563843,-3.183769344
49.77,-64.99957142,0.05293650648,0.5960044251,0.3177610457,0,-1.220092571,4.404553416,-3.183771426
49.78,-64.99957827,0.05293644991,0.5960045441,0.3177609036,0,-1.220088975,4.404543025,-3.183773481
49.79,-64.99958503,0.05293639392,0.5960046633,0.3177607616,0,-1.22008542,4.404532671,-3.183775509
49.8,-64.9995917,0.05293633852,0.5960047827,0.3177606197,0,-1.220081904,4.404522353,-3.183777511
49.81,-64.99959829,0.05293628369,0.5960049022,0.3177604778,0,-1.220078428,4.404512071,-3.183779487
49.82,-64.99960479,0.05293622945,0.5960050218,0.3177603361,0,-1.220074991,4.404501826,-3.183781436
49.83,-64.9996112,0.05293617578,0.5960051415,0.3177601944,0,-1.220071593,4.404491617,-3.183783359
49.84,-64.99961752,0.05293612269,0.5960052614,0.3177600528,0,-1.220068235,4.404481444,-3.183785256
49.85,-64.99962376,0.05293607017,0.5960053813,0.3177599112,0,-1.220064915,4.404471309,-3.183787127
49.86,-64.99962991,0.05293601822,0.5960055014,0.3177597698,0,-1.220061634,4.40446121,-3.183788972
49.87,-64.99963597,0.05293596685,0.5960056216,0.3177596284,0,-1.220058393,4.404451147,-3.183790791
49.88,-64.99964195,0.05293591605,0.5960057419,0.3177594872,0,-1.22005519,4.404441121,-3.183792584
49.89,-64.99964784,0.05293586582,0.5960058623,0.317759346,0,-1.220052026,4.404431132,-3.183794351
49.9,-64.99965364,0.05293581616,0.5960059828,0.3177592049,0,-1.2200489,4.40442118,-3.183796092
49.91,-64.99965936,0.05293576706,0.5960061034,0.3177590639,0,-1.220045813,4.404411264,-3.183797808
49.92,-64.99966499,0.05293571853,0.5960062241,0.317758923,0,-1.220042764,4.404401385,-3.183799498
49.93,-64.99967054,0.05293567056,0.5960063448,0.3177587823,0,-1.220039754,4.404391543,-3.183801163
49.94,-64.99967601,0.05293562316,0.5960064657,0.3177586416,0,-1.220036781,4.404381738,-3.183802802
49.95,-64.99968139,0.05293557631,0.5960065866,0.317758501,0,-1.220033847,4.40437197,-3.183804416
49.96,-64.99968668,0.05293553003,0.5960067077,0.3177583605,0,-1.220030951,4.404362238,-3.183806004
49.97,-64.99969189,0.0529354843,0.5960068287,0.3177582202,0,-1.220028092,4.404352544,-3.183807567
49.98,-64.99969702,0.05293543913,0.5960069499,0.3177580799,0,-1.220025272,4.404342887,-3.183809105
49.99,-64.99970206,0.05293539452,0.5960070711,0.3177579398,0,-1.220022489,4.404333267,-3.183810618
50,-64.99970702,0.05293535046,0.5960071924,0.3177577998,0,-1.220019743,4.404323684,-3.183812106
50.01,-64.9997119,0.05293530695,0.5960073138,0.3177576599,0,-1.220017035,4.404314137,-3.183813569
50.02,-64.99971669,0.052935264,0.5960074352,0.3177575201,0,-1.220014364,4.404304628,-3.183815008
50.03,-64.9997214,0.05293522159,0.5960075566,0.3177573805,0,-1.220011731,4.404295157,-3.183816421
50.04,-64.99972603,0.05293517974,0.5960076781,0.3177572409,0,-1.220009135,4.404285722,-3.18381781
50.05,-64.99973058,0.05293513843,0.5960077997,0.3177571015,0,-1.220006576,4.404276324,-3.183819174
50.06,-64.99973504,0.05293509766,0.5960079213,0.3177569623,0,-1.220004053,4.404266964,-3.183820513
50.07,-64.99973943,0.05293505744,0.5960080429,0.3177568231,0,-1.220001568,4.404257641,-3.183821828
50.08,-64.99974373,0.05293501776,0.5960081646,0.3177566841,0,-1.219999119,4.404248355,-3.183823119
50.09,-64.99974795,0.05293497862,0.5960082863,0.3177565452,0,-1.219996707,4.404239107,-3.183824385
50.1,-64.99975209,0.05293494003,0.596008408,0.3177564065,0,-1.219994331,4.404229896,-3.183825627
50.11,-64.99975615,0.05293490197,0.5960085298,0.3177562679,0,-1.219991992,4.404220722,-3.183826845
50.12,-64.99976013,0.05293486444,0.5960086515,0.3177561294,0,-1.219989689,4.404211585,-3.183828038
50.13,-64.99976403,0.05293482746,0.5960087733,0.3177559911,0,-1.219987423,4.404202486,-3.183829208
50.14,-64.99976784,0.052934791,0.5960088951,0.317755853,0,-1.219985192,4.404193424,-3.183830353
50.15,-64.99977158,0.05293475508,0.596009017,0.3177557149,0,-1.219982997,4.4041844,-3.183831475
50.16,-64.99977524,0.05293471969,0.5960091388,0.3177555771,0,-1.219980839,4.404175413,-3.183832573
50.17,-64.99977882,0.05293468483,0.5960092606,0.3177554393,0,-1.219978716,4.404166463,-3.183833647
50.18,-64.99978233,0.0529346505,0.5960093825,0.3177553018,0,-1.219976628,4.404157551,-3.183834698
50.19,-64.99978575,0.05293461669,0.5960095043,0.3177551643,0,-1.219974577,4.404148676,-3.183835724
50.2,-64.99978909,0.05293458341,0.5960096261,0.3177550271,0,-1.21997256,4.404139839,-3.183836728
50.21,-64.99979236,0.05293455065,0.596009748,0.31775489,0,-1.219970579,4.404131039,-3.183837708
50.22,-64.99979555,0.05293451841,0.5960098698,0.317754753,0,-1.219968634,4.404122277,-3.183838664
50.23,-64.99979866,0.05293448669,0.5960099916,0.3177546163,0,-1.219966723,4.404113552,-3.183839598
50.24,-64.99980169,0.05293445549,0.5960101134,0.3177544797,0,-1.219964847,4.404104865,-3.183840508
50.25,-64.99980465,0.05293442481,0.5960102351,0.3177543432,0,-1.219963007,4.404096215,-3.183841395
50.26,-64.99980753,0.05293439465,0.5960103569,0.3177542069,0,-1.219961201,4.404087603,-3.183842259
50.27,-64.99981033,0.052934365,0.5960104786,0.3177540708,0,-1.21995943,4.404079028,-3.1838431
50.28,-64.99981306,0.05293433586,0.5960106003,0.3177539349,0,-1.219957693,4.404070491,-3.183843918
50.29,-64.99981571,0.05293430723,0.5960107219,0.3177537991,0,-1.219955991,4.404061991,-3.183844713
50.3,-64.99981828,0.05293427911,0.5960108436,0.3177536635,0,-1.219954323,4.404053529,-3.183845485
50.31,-64.99982078,0.0529342515,0.5960109651,0.3177535281,0,-1.219952689,4.404045104,-3.183846235
50.32,-64.99982321,0.0529342244,0.5960110867,0.3177533929,0,-1.21995109,4.404036717,-3.183846963
50.33,-64.99982556,0.0529341978,0.5960112082,0.3177532578,0,-1.219949525,4.404028368,-3.183847667
50.34,-64.99982783,0.0529341717,0.5960113296,0.3177531229,0,-1.219947993,4.404020056,-3.18384835
50.35,-64.99983003,0.05293414611,0.596011451,0.3177529883,0,-1.219946495,4.404011782,-3.18384901
50.36,-64.99983216,0.05293412102,0.5960115724,0.3177528538,0,-1.219945031,4.404003545,-3.183849647
50.37,-64.99983421,0.05293409642,0.5960116936,0.3177527194,0,-1.219943601,4.403995346,-3.183850263
50.38,-64.99983619,0.05293407233,0.5960118149,0.3177525853,0,-1.219942204,4.403987184,-3.183850856
50.39,-64.99983809,0.05293404872,0.596011936,0.3177524514,0,-1.21994084,4.40397906,-3.183851428
50.4,-64.99983992,0.05293402562,0.5960120571,0.3177523176,0,-1.21993951,4.403970973,-3.183851977
50.41,-64.99984168,0.052934003,0.5960121782,0.3177521841,0,-1.219938213,4.403962924,-3.183852505
50.42,-64.99984337,0.05293398088,0.5960122991,0.3177520507,0,-1.219936949,4.403954913,-3.18385301
50.43,-64.99984498,0.05293395924,0.59601242,0.3177519176,0,-1.219935717,4.403946939,-3.183853494
50.44,-64.99984652,0.05293393809,0.5960125408,0.3177517846,0,-1.219934519,4.403939002,-3.183853957
50.45,-64.99984799,0.05293391743,0.5960126615,0.3177516519,0,-1.219933353,4.403931104,-3.183854397
50.46,-64.99984939,0.05293389726,0.5960127822,0.3177515193,0,-1.21993222,4.403923242,-3.183854817
50.47,-64.99985072,0.05293387756,0.5960129027,0.317751387,0,-1.219931119,4.403915419,-3.183855215
50.48,-64.99985197,0.05293385835,0.5960130232,0.3177512549,0,-1.21993005,4.403907632,-3.183855591
50.49,-64.99985316,0.05293383962,0.5960131436,0.3177511229,0,-1.219929014,4.403899884,-3.183855947
50.5,-64.99985427,0.05293382136,0.5960132639,0.3177509912,0,-1.21992801,4.403892172,-3.183856281
50.51,-64.99985531,0.05293380358,0.5960133841,0.3177508597,0,-1.219927038,4.403884498,-3.183856594
50.52,-64.99985629,0.05293378628,0.5960135041,0.3177507284,0,-1.219926098,4.403876862,-3.183856886
50.53,-64.99985719,0.05293376945,0.5960136241,0.3177505973,0,-1.219925189,4.403869263,-3.183857157
50.54,-64.99985803,0.05293375309,0.596013744,0.3177504664,0,-1.219924313,4.403861702,-3.183857408
50.55,-64.99985879,0.0529337372,0.5960138638,0.3177503358,0,-1.219923467,4.403854178,-3.183857637
50.56,-64.99985949,0.05293372178,0.5960139834,0.3177502054,0,-1.219922654,4.403846692,-3.183857846
50.57,-64.99986011,0.05293370683,0.596014103,0.3177500751,0,-1.219921871,4.403839243,-3.183858034
50.58,-64.99986067,0.05293369234,0.5960142224,0.3177499452,0,-1.21992112,4.403831831,-3.183858202
50.59,-64.99986116,0.05293367832,0.5960143417,0.3177498154,0,-1.2199204,4.403824457,-3.183858349
50.6,-64.99986159,0.05293366476,0.5960144609,0.3177496858,0,-1.219919711,4.40381712,-3.183858476
50.61,-64.99986194,0.05293365166,0.59601458,0.3177495565,0,-1.219919052,4.40380982,-3.183858583
50.62,-64.99986223,0.05293363901,0.5960146989,0.3177494274,0,-1.219918425,4.403802558,-3.18385867
50.63,-64.99986245,0.05293362683,0.5960148178,0.3177492986,0,-1.219917828,4.403795333,-3.183858736
50.64,-64.99986261,0.0529336151,0.5960149364,0.3177491699,0,-1.219917261,4.403788146,-3.183858782
50.65,-64.9998627,0.05293360382,0.596015055,0.3177490415,0,-1.219916725,4.403780996,-3.183858809
50.66,-64.99986272,0.052933593,0.5960151734,0.3177489134,0,-1.21991622,4.403773883,-3.183858815
50.67,-64.99986267,0.05293358263,0.5960152917,0.3177487855,0,-1.219915744,4.403766807,-3.183858802
50.68,-64.99986256,0.0529335727,0.5960154098,0.3177486578,0,-1.219915298,4.403759768,-3.183858769
50.69,-64.99986239,0.05293356323,0.5960155278,0.3177485303,0,-1.219914883,4.403752767,-3.183858716
50.7,-64.99986215,0.05293355419,0.5960156456,0.3177484031,0,-1.219914497,4.403745803,-3.183858644
50.71,-64.99986184,0.05293354561,0.5960157633,0.3177482761,0,-1.219914141,4.403738876,-3.183858552
50.72,-64.99986147,0.05293353746,0.5960158808,0.3177481494,0,-1.219913815,4.403731986,-3.183858441
50.73,-64.99986103,0.05293352976,0.5960159982,0.3177480229,0,-1.219913518,4.403725134,-3.18385831
50.74,-64.99986054,0.0529335225,0.5960161154,0.3177478966,0,-1.21991325,4.403718318,-3.183858161
50.75,-64.99985997,0.05293351567,0.5960162325,0.3177477706,0,-1.219913012,4.40371154,-3.183857992
50.76,-64.99985935,0.05293350928,0.5960163494,0.3177476449,0,-1.219912803,4.403704798,-3.183857804
50.77,-64.99985866,0.05293350332,0.5960164662,0.3177475194,0,-1.219912622,4.403698094,-3.183857597
50.78,-64.9998579,0.0529334978,0.5960165827,0.3177473941,0,-1.219912471,4.403691426,-3.183857371
50.79,-64.99985709,0.0529334927,0.5960166991,0.3177472691,0,-1.219912348,4.403684796,-3.183857126
50.8,-64.99985621,0.05293348804,0.5960168154,0.3177471444,0,-1.219912255,4.403678202,-3.183856863
50.81,-64.99985527,0.0529334838,0.5960169314,0.3177470199,0,-1.219912189,4.403671646,-3.183856581
50.82,-64.99985427,0.05293347999,0.5960170473,0.3177468956,0,-1.219912152,4.403665126,-3.18385628
50.83,-64.9998532,0.05293347661,0.596017163,0.3177467717,0,-1.219912144,4.403658643,-3.183855961
50.84,-64.99985208,0.05293347364,0.5960172785,0.3177466479,0,-1.219912163,4.403652197,-3.183855624
50.85,-64.99985089,0.0529334711,0.5960173939,0.3177465245,0,-1.219912211,4.403645788,-3.183855268
50.86,-64.99984965,0.05293346898,0.596017509,0.3177464012,0,-1.219912287,4.403639415,-3.183854894
50.87,-64.99984834,0.05293346727,0.596017624,0.3177462783,0,-1.21991239,4.40363308,-3.183854501
50.88,-64.99984697,0.05293346598,0.5960177388,0.3177461556,0,-1.219912521,4.403626781,-3.183854091
50.89,-64.99984554,0.05293346511,0.5960178534,0.3177460332,0,-1.21991268,4.403620518,-3.183853662
50.9,-64.99984405,0.05293346464,0.5960179677,0.317745911,0,-1.219912867,4.403614293,-3.183853216
50.91,-64.9998425,0.05293346459,0.5960180819,0.3177457892,0,-1.21991308,4.403608104,-3.183852751
50.92,-64.9998409,0.05293346495,0.5960181959,0.3177456675,0,-1.219913321,4.403601951,-3.183852269
50.93,-64.99983923,0.05293346572,0.5960183097,0.3177455462,0,-1.21991359,4.403595835,-3.18385177
50.94,-64.99983751,0.05293346689,0.5960184233,0.3177454251,0,-1.219913885,4.403589755,-3.183851252
50.95,-64.99983572,0.05293346846,0.5960185367,0.3177453043,0,-1.219914207,4.403583712,-3.183850717
50.96,-64.99983388,0.05293347044,0.5960186499,0.3177451837,0,-1.219914556,4.403577706,-3.183850165
50.97,-64.99983198,0.05293347282,0.5960187629,0.3177450635,0,-1.219914931,4.403571736,-3.183849595
50.98,-64.99983003,0.0529334756,0.5960188756,0.3177449435,0,-1.219915333,4.403565802,-3.183849008
50.99,-64.99982801,0.05293347877,0.5960189882,0.3177448238,0,-1.219915762,4.403559904,-3.183848404
51,-64.99982594,0.05293348235,0.5960191005,0.3177447043,0,-1.219916217,4.403554043,-3.183847783
51.01,-64.99982381,0.05293348631,0.5960192126,0.3177445851,0,-1.219916698,4.403548218,-3.183847144
51.02,-64.99982163,0.05293349067,0.5960193245,0.3177444663,0,-1.219917205,4.403542429,-3.183846489
51.03,-64.99981939,0.05293349542,0.5960194361,0.3177443477,0,-1.219917738,4.403536676,-3.183845817
51.04,-64.99981709,0.05293350056,0.5960195476,0.3177442293,0,-1.219918297,4.40353096,-3.183845128
51.05,-64.99981474,0.05293350608,0.5960196588,0.3177441113,0,-1.219918882,4.403525279,-3.183844422
51.06,-64.99981233,0.052933512,0.5960197698,0.3177439935,0,-1.219919493,4.403519635,-3.1838437
51.07,-64.99980987,0.05293351829,0.5960198806,0.317743876,0,-1.219920128,4.403514026,-3.183842961
51.08,-64.99980735,0.05293352497,0.5960199911,0.3177437589,0,-1.21992079,4.403508453,-3.183842205
51.09,-64.99980478,0.05293353203,0.5960201014,0.3177436419,0,-1.219921476,4.403502917,-3.183841434
51.1,-64.99980215,0.05293353947,0.5960202114,0.3177435253,0,-1.219922188,4.403497416,-3.183840645
51.11,-64.99979947,0.05293354729,0.5960203213,0.317743409,0,-1.219922925,4.403491951,-3.183839841
51.12,-64.99979674,0.05293355548,0.5960204308,0.3177432929,0,-1.219923686,4.403486522,-3.183839021
51.13,-64.99979395,0.05293356405,0.5960205402,0.3177431772,0,-1.219924473,4.403481129,-3.183838184
51.14,-64.9997911,0.05293357298,0.5960206493,0.3177430617,0,-1.219925284,4.403475771,-3.183837331
51.15,-64.99978821,0.05293358229,0.5960207581,0.3177429466,0,-1.21992612,4.403470449,-3.183836463
51.16,-64.99978526,0.05293359197,0.5960208667,0.3177428317,0,-1.21992698,4.403465162,-3.183835579
51.17,-64.99978226,0.05293360202,0.5960209751,0.3177427171,0,-1.219927864,4.403459911,-3.183834679
51.18,-64.99977921,0.05293361243,0.5960210832,0.3177426028,0,-1.219928773,4.403454696,-3.183833763
51.19,-64.99977611,0.05293362321,0.596021191,0.3177424888,0,-1.219929706,4.403449516,-3.183832832
51.2,-64.99977295,0.05293363434,0.5960212986,0.3177423751,0,-1.219930663,4.403444371,-3.183831885
51.21,-64.99976974,0.05293364584,0.5960214059,0.3177422617,0,-1.219931643,4.403439262,-3.183830923
51.22,-64.99976648,0.0529336577,0.596021513,0.3177421486,0,-1.219932648,4.403434188,-3.183829945
51.23,-64.99976317,0.05293366992,0.5960216198,0.3177420358,0,-1.219933676,4.403429149,-3.183828952
51.24,-64.99975981,0.05293368249,0.5960217264,0.3177419233,0,-1.219934728,4.403424145,-3.183827944
51.25,-64.9997564,0.05293369541,0.5960218326,0.3177418111,0,-1.219935803,4.403419177,-3.183826921
51.26,-64.99975294,0.05293370869,0.5960219387,0.3177416992,0,-1.219936901,4.403414244,-3.183825883
51.27,-64.99974943,0.05293372232,0.5960220444,0.3177415876,0,-1.219938022,4.403409345,-3.18382483
51.28,-64.99974587,0.05293373629,0.5960221499,0.3177414763,0,-1.219939167,4.403404482,-3.183823762
51.29,-64.99974226,0.05293375062,0.5960222551,0.3177413653,0,-1.219940334,4.403399654,-3.183822679
51.3,-64.99973861,0.05293376529,0.5960223601,0.3177412546,0,-1.219941524,4.40339486,-3.183821582
51.31,-64.9997349,0.0529337803,0.5960224647,0.3177411443,0,-1.219942737,4.403390102,-3.18382047
51.32,-64.99973114,0.05293379565,0.5960225691,0.3177410342,0,-1.219943973,4.403385378,-3.183819343
51.33,-64.99972734,0.05293381135,0.5960226732,0.3177409244,0,-1.219945231,4.403380689,-3.183818202
51.34,-64.99972349,0.05293382738,0.5960227771,0.317740815,0,-1.219946511,4.403376035,-3.183817047
51.35,-64.99971959,0.05293384376,0.5960228806,0.3177407058,0,-1.219947814,4.403371415,-3.183815877
51.36,-64.99971564,0.05293386046,0.5960229839,0.317740597,0,-1.219949138,4.40336683,-3.183814693
51.37,-64.99971165,0.0529338775,0.5960230869,0.3177404885,0,-1.219950485,4.403362279,-3.183813495
51.38,-64.99970761,0.05293389488,0.5960231896,0.3177403802,0,-1.219951853,4.403357763,-3.183812283
51.39,-64.99970352,0.05293391258,0.596023292,0.3177402723,0,-1.219953244,4.403353281,-3.183811057
51.4,-64.99969939,0.05293393061,0.5960233941,0.3177401647,0,-1.219954656,4.403348834,-3.183809817
51.41,-64.99969521,0.05293394897,0.596023496,0.3177400575,0,-1.219956089,4.40334442,-3.183808563
51.42,-64.99969098,0.05293396766,0.5960235975,0.3177399505,0,-1.219957544,4.403340041,-3.183807295
51.43,-64.99968671,0.05293398667,0.5960236988,0.3177398438,0,-1.21995902,4.403335697,-3.183806014
51.44,-64.9996824,0.052934006,0.5960237997,0.3177397375,0,-1.219960518,4.403331386,-3.183804719
51.45,-64.99967804,0.05293402565,0.5960239004,0.3177396315,0,-1.219962036,4.403327109,-3.183803411
51.46,-64.99967363,0.05293404562,0.5960240007,0.3177395258,0,-1.219963576,4.403322866,-3.183802089
51.47,-64.99966918,0.05293406591,0.5960241008,0.3177394204,0,-1.219965136,4.403318658,-3.183800754
51.48,-64.99966469,0.05293408651,0.5960242005,0.3177393154,0,-1.219966717,4.403314483,-3.183799406
51.49,-64.99966015,0.05293410743,0.5960243,0.3177392106,0,-1.219968318,4.403310342,-3.183798045
51.5,-64.99965557,0.05293412865,0.5960243992,0.3177391062,0,-1.219969941,4.403306234,-3.18379667
51.51,-64.99965094,0.05293415019,0.596024498,0.3177390021,0,-1.219971583,4.403302161,-3.183795282
51.52,-64.99964627,0.05293417204,0.5960245965,0.3177388983,0,-1.219973246,4.403298121,-3.183793882
51.53,-64.99964156,0.0529341942,0.5960246948,0.3177387948,0,-1.219974929,4.403294114,-3.183792468
51.54,-64.99963681,0.05293421666,0.5960247927,0.3177386917,0,-1.219976632,4.403290141,-3.183791042
51.55,-64.99963201,0.05293423942,0.5960248903,0.3177385889,0,-1.219978354,4.403286202,-3.183789603
51.56,-64.99962717,0.05293426249,0.5960249876,0.3177384864,0,-1.219980097,4.403282296,-3.183788152
51.57,-64.99962229,0.05293428585,0.5960250846,0.3177383842,0,-1.219981859,4.403278423,-3.183786687
51.58,-64.99961737,0.05293430952,0.5960251813,0.3177382824,0,-1.219983641,4.403274583,-3.183785211
51.59,-64.99961241,0.05293433348,0.5960252776,0.3177381808,0,-1.219985443,4.403270777,-3.183783722
51.6,-64.9996074,0.05293435774,0.5960253737,0.3177380796,0,-1.219987263,4.403267004,-3.183782221
51.61,-64.99960236,0.05293438229,0.5960254694,0.3177379788,0,-1.219989103,4.403263263,-3.183780707
51.62,-64.99959727,0.05293440713,0.5960255648,0.3177378782,0,-1.219990962,4.403259556,-3.183779181
51.63,-64.99959214,0.05293443227,0.5960256599,0.317737778,0,-1.21999284,4.403255882,-3.183777643
51.64,-64.99958698,0.05293445769,0.5960257546,0.3177376781,0,-1.219994737,4.40325224,-3.183776094
51.65,-64.99958177,0.0529344834,0.596025849,0.3177375786,0,-1.219996653,4.403248631,-3.183774532
51.66,-64.99957653,0.0529345094,0.5960259431,0.3177374793,0,-1.219998587,4.403245055,-3.183772958
51.67,-64.99957124,0.05293453568,0.5960260369,0.3177373804,0,-1.22000054,4.403241512,-3.183771373
51.68,-64.99956592,0.05293456224,0.5960261304,0.3177372819,0,-1.220002512,4.403238001,-3.183769776
51.69,-64.99956056,0.05293458908,0.5960262235,0.3177371836,0,-1.220004501,4.403234523,-3.183768167
51.7,-64.99955516,0.0529346162,0.5960263163,0.3177370857,0,-1.220006509,4.403231077,-3.183766547
51.71,-64.99954972,0.0529346436,0.5960264087,0.3177369881,0,-1.220008535,4.403227664,-3.183764916
51.72,-64.99954424,0.05293467128,0.5960265009,0.3177368909,0,-1.220010579,4.403224283,-3.183763272
51.73,-64.99953873,0.05293469923,0.5960265927,0.317736794,0,-1.220012641,4.403220934,-3.183761618
51.74,-64.99953318,0.05293472745,0.5960266841,0.3177366974,0,-1.220014721,4.403217617,-3.183759953
51.75,-64.99952759,0.05293475594,0.5960267752,0.3177366011,0,-1.220016818,4.403214333,-3.183758276
51.76,-64.99952196,0.0529347847,0.596026866,0.3177365052,0,-1.220018933,4.40321108,-3.183756588
51.77,-64.9995163,0.05293481373,0.5960269565,0.3177364096,0,-1.220021065,4.403207859,-3.183754889
51.78,-64.9995106,0.05293484303,0.5960270466,0.3177363144,0,-1.220023215,4.403204671,-3.183753179
51.79,-64.99950486,0.05293487258,0.5960271364,0.3177362195,0,-1.220025381,4.403201514,-3.183751459
51.8,-64.99949909,0.05293490241,0.5960272258,0.3177361249,0,-1.220027565,4.403198389,-3.183749728
51.81,-64.99949328,0.05293493249,0.5960273149,0.3177360307,0,-1.220029766,4.403195295,-3.183747985
51.82,-64.99948744,0.05293496283,0.5960274036,0.3177359367,0,-1.220031983,4.403192233,-3.183746233
51.83,-64.99948157,0.05293499343,0.596027492,0.3177358432,0,-1.220034218,4.403189203,-3.18374447
51.84,-64.99947565,0.05293502429,0.5960275801,0.3177357499,0,-1.220036469,4.403186204,-3.183742696
51.85,-64.99946971,0.0529350554,0.5960276678,0.317735657,0,-1.220038736,4.403183237,-3.183740912
51.86,-64.99946372,0.05293508676,0.5960277551,0.3177355645,0,-1.22004102,4.4031803,-3.183739117
51.87,-64.99945771,0.05293511837,0.5960278421,0.3177354723,0,-1.22004332,4.403177396,-3.183737313
51.88,-64.99945166,0.05293515024,0.5960279288,0.3177353804,0,-1.220045637,4.403174522,-3.183735498
51.89,-64.99944558,0.05293518235,0.5960280151,0.3177352888,0,-1.220047969,4.403171679,-3.183733673
51.9,-64.99943946,0.05293521471,0.596028101,0.3177351976,0,-1.220050318,4.403168867,-3.183731838
51.91,-64.99943331,0.05293524731,0.5960281866,0.3177351068,0,-1.220052682,4.403166087,-3.183729994
51.92,-64.99942713,0.05293528016,0.5960282719,0.3177350162,0,-1.220055062,4.403163337,-3.183728139
51.93,-64.99942091,0.05293531325,0.5960283568,0.317734926,0,-1.220057458,4.403160618,-3.183726274
51.94,-64.99941467,0.05293534658,0.5960284413,0.3177348362,0,-1.220059869,4.403157929,-3.1837244
51.95,-64.99940839,0.05293538014,0.5960285255,0.3177347467,0,-1.220062296,4.403155272,-3.183722516
51.96,-64.99940208,0.05293541395,0.5960286093,0.3177346575,0,-1.220064738,4.403152645,-3.183720623
51.97,-64.99939573,0.05293544798,0.5960286928,0.3177345687,0,-1.220067195,4.403150048,-3.18371872
51.98,-64.99938936,0.05293548226,0.5960287759,0.3177344802,0,-1.220069667,4.403147482,-3.183716808
51.99,-64.99938295,0.05293551676,0.5960288587,0.317734392,0,-1.220072154,4.403144946,-3.183714886
52,-64.99937652,0.0529355515,0.596028941,0.3177343042,0,-1.220074656,4.40314244,-3.183712955
52.01,-64.99937005,0.05293558646,0.5960290231,0.3177342168,0,-1.220077173,4.403139965,-3.183711015
52.02,-64.99936355,0.05293562165,0.5960291047,0.3177341297,0,-1.220079705,4.403137519,-3.183709066
52.03,-64.99935703,0.05293565707,0.596029186,0.3177340429,0,-1.220082251,4.403135104,-3.183707108
52.04,-64.99935047,0.05293569271,0.596029267,0.3177339564,0,-1.220084811,4.403132719,-3.18370514
52.05,-64.99934388,0.05293572857,0.5960293475,0.3177338703,0,-1.220087386,4.403130363,-3.183703164
52.06,-64.99933726,0.05293576466,0.5960294278,0.3177337846,0,-1.220089975,4.403128037,-3.183701179
52.07,-64.99933062,0.05293580096,0.5960295076,0.3177336992,0,-1.220092578,4.403125741,-3.183699186
52.08,-64.99932394,0.05293583748,0.5960295871,0.3177336141,0,-1.220095196,4.403123475,-3.183697183
52.09,-64.99931724,0.05293587422,0.5960296662,0.3177335294,0,-1.220097827,4.403121238,-3.183695172
52.1,-64.99931051,0.05293591117,0.5960297449,0.317733445,0,-1.220100472,4.403119031,-3.183693153
52.11,-64.99930375,0.05293594834,0.5960298233,0.317733361,0,-1.22010313,4.403116853,-3.183691125
52.12,-64.99929696,0.05293598572,0.5960299013,0.3177332773,0,-1.220105802,4.403114704,-3.183689088
52.13,-64.99929015,0.0529360233,0.5960299789,0.3177331939,0,-1.220108488,4.403112585,-3.183687044
52.14,-64.9992833,0.0529360611,0.5960300562,0.3177331109,0,-1.220111187,4.403110495,-3.183684991
52.15,-64.99927643,0.0529360991,0.596030133,0.3177330283,0,-1.220113899,4.403108434,-3.18368293
52.16,-64.99926953,0.05293613731,0.5960302096,0.317732946,0,-1.220116624,4.403106401,-3.18368086
52.17,-64.99926261,0.05293617572,0.5960302857,0.317732864,0,-1.220119363,4.403104398,-3.183678783
52.18,-64.99925566,0.05293621433,0.5960303615,0.3177327824,0,-1.220122114,4.403102424,-3.183676698
52.19,-64.99924868,0.05293625315,0.5960304368,0.3177327011,0,-1.220124878,4.403100478,-3.183674605
52.2,-64.99924168,0.05293629216,0.5960305119,0.3177326201,0,-1.220127655,4.403098561,-3.183672504
52.21,-64.99923465,0.05293633137,0.5960305865,0.3177325396,0,-1.220130445,4.403096673,-3.183670395
52.22,-64.9992276,0.05293637078,0.5960306608,0.3177324593,0,-1.220133247,4.403094813,-3.183668279
52.23,-64.99922052,0.05293641038,0.5960307346,0.3177323794,0,-1.220136061,4.403092981,-3.183666155
52.24,-64.99921341,0.05293645018,0.5960308081,0.3177322999,0,-1.220138888,4.403091178,-3.183664023
52.25,-64.99920628,0.05293649016,0.5960308813,0.3177322206,0,-1.220141727,4.403089403,-3.183661885
52.26,-64.99919913,0.05293653034,0.596030954,0.3177321418,0,-1.220144578,4.403087657,-3.183659738
52.27,-64.99919195,0.0529365707,0.5960310264,0.3177320633,0,-1.220147441,4.403085938,-3.183657585
52.28,-64.99918475,0.05293661126,0.5960310984,0.3177319851,0,-1.220150316,4.403084247,-3.183655424
52.29,-64.99917752,0.05293665199,0.59603117,0.3177319073,0,-1.220153203,4.403082585,-3.183653256
52.3,-64.99917027,0.05293669291,0.5960312412,0.3177318298,0,-1.220156102,4.40308095,-3.18365108
52.31,-64.99916299,0.05293673402,0.5960313121,0.3177317526,0,-1.220159012,4.403079343,-3.183648898
52.32,-64.9991557,0.0529367753,0.5960313825,0.3177316758,0,-1.220161933,4.403077763,-3.183646709
52.33,-64.99914838,0.05293681676,0.5960314526,0.3177315994,0,-1.220164866,4.403076212,-3.183644513
52.34,-64.99914103,0.0529368584,0.5960315223,0.3177315233,0,-1.22016781,4.403074687,-3.18364231
52.35,-64.99913367,0.05293690022,0.5960315916,0.3177314475,0,-1.220170766,4.403073191,-3.1836401
52.36,-64.99912628,0.05293694221,0.5960316606,0.3177313721,0,-1.220173732,4.403071721,-3.183637884
52.37,-64.99911887,0.05293698438,0.5960317291,0.3177312971,0,-1.220176709,4.403070279,-3.183635661
52.38,-64.99911144,0.05293702672,0.5960317973,0.3177312223,0,-1.220179698,4.403068864,-3.183633432
52.39,-64.99910399,0.05293706922,0.596031865,0.317731148,0,-1.220182697,4.403067476,-3.183631196
52.4,-64.99909651,0.0529371119,0.5960319324,0.3177310739,0,-1.220185706,4.403066115,-3.183628953
52.41,-64.99908901,0.05293715474,0.5960319994,0.3177310003,0,-1.220188727,4.40306478,-3.183626704
52.42,-64.9990815,0.05293719775,0.596032066,0.3177309269,0,-1.220191757,4.403063473,-3.183624449
52.43,-64.99907396,0.05293724093,0.5960321323,0.3177308539,0,-1.220194798,4.403062193,-3.183622188
52.44,-64.9990664,0.05293728426,0.5960321981,0.3177307813,0,-1.22019785,4.403060939,-3.18361992
52.45,-64.99905882,0.05293732776,0.5960322636,0.317730709,0,-1.220200911,4.403059711,-3.183617647
52.46,-64.99905122,0.05293737142,0.5960323286,0.317730637,0,-1.220203983,4.403058511,-3.183615367
52.47,-64.99904361,0.05293741523,0.5960323933,0.3177305654,0,-1.220207064,4.403057336,-3.183613082
52.48,-64.99903597,0.05293745921,0.5960324576,0.3177304941,0,-1.220210155,4.403056188,-3.183610791
52.49,-64.99902831,0.05293750334,0.5960325215,0.3177304232,0,-1.220213256,4.403055066,-3.183608493
52.5,-64.99902063,0.05293754762,0.596032585,0.3177303526,0,-1.220216367,4.40305397,-3.18360619
52.51,-64.99901294,0.05293759206,0.5960326481,0.3177302824,0,-1.220219488,4.403052901,-3.183603882
52.52,-64.99900523,0.05293763664,0.5960327108,0.3177302125,0,-1.220222617,4.403051857,-3.183601568
52.53,-64.99899749,0.05293768138,0.5960327732,0.317730143,0,-1.220225756,4.403050839,-3.183599248
52.54,-64.99898974,0.05293772626,0.5960328351,0.3177300738,0,-1.220228905,4.403049847,-3.183596923
52.55,-64.99898197,0.0529377713,0.5960328967,0.3177300049,0,-1.220232062,4.403048881,-3.183594592
52.56,-64.99897419,0.05293781647,0.5960329578,0.3177299364,0,-1.220235229,4.40304794,-3.183592256
52.57,-64.99896638,0.05293786179,0.5960330186,0.3177298683,0,-1.220238405,4.403047025,-3.183589915
52.58,-64.99895856,0.05293790726,0.596033079,0.3177298004,0,-1.220241589,4.403046135,-3.183587568
52.59,-64.99895072,0.05293795286,0.596033139,0.317729733,0,-1.220244782,4.40304527,-3.183585217
52.6,-64.99894287,0.05293799861,0.5960331986,0.3177296658,0,-1.220247984,4.403044431,-3.18358286
52.61,-64.99893499,0.05293804449,0.5960332578,0.317729599,0,-1.220251195,4.403043617,-3.183580498
52.62,-64.99892711,0.05293809051,0.5960333166,0.3177295326,0,-1.220254414,4.403042828,-3.183578132
52.63,-64.9989192,0.05293813666,0.596033375,0.3177294665,0,-1.220257641,4.403042064,-3.18357576
52.64,-64.99891128,0.05293818295,0.596033433,0.3177294007,0,-1.220260877,4.403041325,-3.183573384
52.65,-64.99890334,0.05293822937,0.5960334907,0.3177293353,0,-1.220264121,4.403040611,-3.183571002
52.66,-64.99889539,0.05293827592,0.5960335479,0.3177292702,0,-1.220267373,4.403039922,-3.183568617
52.67,-64.99888742,0.05293832261,0.5960336047,0.3177292055,0,-1.220270633,4.403039257,-3.183566226
52.68,-64.99887944,0.05293836942,0.5960336612,0.3177291411,0,-1.220273901,4.403038617,-3.183563831
52.69,-64.99887144,0.05293841635,0.5960337173,0.317729077,0,-1.220277176,4.403038001,-3.183561431
52.7,-64.99886342,0.05293846342,0.5960337729,0.3177290133,0,-1.22028046,4.403037409,-3.183559027
52.71,-64.9988554,0.0529385106,0.5960338282,0.31772895,0,-1.220283751,4.403036842,-3.183556619
52.72,-64.99884735,0.05293855791,0.596033883,0.3177288869,0,-1.22028705,4.403036299,-3.183554206
52.73,-64.9988393,0.05293860534,0.5960339375,0.3177288243,0,-1.220290356,4.403035781,-3.183551789
52.74,-64.99883123,0.0529386529,0.5960339916,0.3177287619,0,-1.220293669,4.403035286,-3.183549368
52.75,-64.99882314,0.05293870057,0.5960340453,0.3177286999,0,-1.22029699,4.403034815,-3.183546943
52.76,-64.99881504,0.05293874835,0.5960340986,0.3177286383,0,-1.220300317,4.403034368,-3.183544513
52.77,-64.99880693,0.05293879626,0.5960341515,0.3177285769,0,-1.220303652,4.403033945,-3.18354208
52.78,-64.99879881,0.05293884427,0.596034204,0.3177285159,0,-1.220306994,4.403033545,-3.183539643
52.79,-64.99879067,0.0529388924,0.5960342561,0.3177284553,0,-1.220310343,4.403033169,-3.183537201
52.8,-64.99878252,0.05293894064,0.5960343078,0.317728395,0,-1.220313698,4.403032817,-3.183534756
52.81,-64.99877436,0.052938989,0.5960343591,0.317728335,0,-1.220317061,4.403032487,-3.183532308
52.82,-64.99876618,0.05293903746,0.59603441,0.3177282754,0,-1.220320429,4.403032182,-3.183529855
52.83,-64.998758,0.05293908603,0.5960344605,0.3177282161,0,-1.220323805,4.403031899,-3.183527399
52.84,-64.9987498,0.0529391347,0.5960345107,0.3177281572,0,-1.220327187,4.403031639,-3.183524939
52.85,-64.99874159,0.05293918348,0.5960345604,0.3177280986,0,-1.220330575,4.403031403,-3.183522476
52.86,-64.99873336,0.05293923237,0.5960346097,0.3177280403,0,-1.220333969,4.403031189,-3.183520009
52.87,-64.99872513,0.05293928136,0.5960346587,0.3177279824,0,-1.220337369,4.403030999,-3.183517539
52.88,-64.99871689,0.05293933044,0.5960347072,0.3177279248,0,-1.220340776,4.403030831,-3.183515066
52.89,-64.99870863,0.05293937963,0.5960347554,0.3177278675,0,-1.220344189,4.403030686,-3.183512589
52.9,-64.99870036,0.05293942892,0.5960348031,0.3177278106,0,-1.220347607,4.403030563,-3.183510109
52.91,-64.99869209,0.0529394783,0.5960348505,0.317727754,0,-1.220351031,4.403030463,-3.183507626
52.92,-64.9986838,0.05293952778,0.5960348975,0.3177276977,0,-1.220354461,4.403030385,-3.18350514
52.93,-64.9986755,0.05293957735,0.596034944,0.3177276418,0,-1.220357897,4.403030329,-3.183502651
52.94,-64.9986672,0.05293962701,0.5960349902,0.3177275862,0,-1.220361338,4.403030296,-3.183500159
52.95,-64.99865888,0.05293967677,0.596035036,0.317727531,0,-1.220364784,4.403030285,-3.183497664
52.96,-64.99865055,0.05293972662,0.5960350813,0.3177274761,0,-1.220368236,4.403030296,-3.183495166
52.97,-64.99864222,0.05293977656,0.5960351263,0.3177274215,0,-1.220371693,4.403030329,-3.183492665
52.98,-64.99863387,0.05293982658,0.5960351709,0.3177273673,0,-1.220375155,4.403030383,-3.183490162
52.99,-64.99862552,0.05293987669,0.5960352151,0.3177273134,0,-1.220378623,4.40303046,-3.183487656
53,-64.99861716,0.05293992689,0.5960352589,0.3177272598,0,-1.220382095,4.403030558,-3.183485147
53.01,-64.99860879,0.05293997717,0.5960353023,0.3177272065,0,-1.220385572,4.403030678,-3.183482636
53.02,-64.99860041,0.05294002753,0.5960353453,0.3177271536,0,-1.220389054,4.403030819,-3.183480122
53.03,-64.99859202,0.05294007798,0.596035388,0.317727101,0,-1.220392541,4.403030982,-3.183477606
53.04,-64.99858362,0.0529401285,0.5960354302,0.3177270488,0,-1.220396033,4.403031166,-3.183475087
53.05,-64.99857522,0.0529401791,0.596035472,0.3177269969,0,-1.220399529,4.403031371,-3.183472566
53.06,-64.99856681,0.05294022978,0.5960355134,0.3177269453,0,-1.220403029,4.403031597,-3.183470043
53.07,-64.99855839,0.05294028054,0.5960355545,0.317726894,0,-1.220406534,4.403031844,-3.183467517
53.08,-64.99854996,0.05294033137,0.5960355951,0.3177268431,0,-1.220410043,4.403032113,-3.183464989
53.09,-64.99854153,0.05294038228,0.5960356354,0.3177267925,0,-1.220413557,4.403032402,-3.18346246
53.1,-64.99853309,0.05294043326,0.5960356752,0.3177267422,0,-1.220417074,4.403032711,-3.183459928
53.11,-64.99852465,0.05294048431,0.5960357147,0.3177266923,0,-1.220420596,4.403033042,-3.183457394
53.12,-64.99851619,0.05294053543,0.5960357538,0.3177266427,0,-1.220424122,4.403033393,-3.183454858
53.13,-64.99850773,0.05294058661,0.5960357925,0.3177265934,0,-1.220427651,4.403033765,-3.18345232
53.14,-64.99849927,0.05294063787,0.5960358307,0.3177265445,0,-1.220431185,4.403034157,-3.183449781
53.15,-64.9984908,0.05294068919,0.5960358686,0.3177264958,0,-1.220434722,4.403034569,-3.183447239
53.16,-64.99848232,0.05294074058,0.5960359061,0.3177264475,0,-1.220438262,4.403035002,-3.183444696
53.17,-64.99847384,0.05294079203,0.5960359433,0.3177263996,0,-1.220441807,4.403035454,-3.183442152
53.18,-64.99846535,0.05294084354,0.59603598,0.3177263519,0,-1.220445354,4.403035927,-3.183439605
53.19,-64.99845686,0.05294089512,0.5960360163,0.3177263046,0,-1.220448905,4.403036419,-3.183437058
53.2,-64.99844836,0.05294094675,0.5960360522,0.3177262576,0,-1.22045246,4.403036932,-3.183434508
53.21,-64.99843986,0.05294099845,0.5960360878,0.3177262109,0,-1.220456018,4.403037464,-3.183431957
53.22,-64.99843135,0.0529410502,0.5960361229,0.3177261646,0,-1.220459578,4.403038016,-3.183429405
53.23,-64.99842284,0.05294110201,0.5960361577,0.3177261185,0,-1.220463142,4.403038587,-3.183426852
53.24,-64.99841432,0.05294115387,0.5960361921,0.3177260728,0,-1.220466709,4.403039178,-3.183424297
53.25,-64.9984058,0.05294120579,0.5960362261,0.3177260274,0,-1.220470279,4.403039789,-3.183421741
53.26,-64.99839728,0.05294125776,0.5960362596,0.3177259824,0,-1.220473852,4.403040418,-3.183419183
53.27,-64.99838875,0.05294130978,0.5960362929,0.3177259377,0,-1.220477427,4.403041067,-3.183416625
53.28,-64.99838022,0.05294136186,0.5960363257,0.3177258932,0,-1.220481005,4.403041735,-3.183414065
53.29,-64.99837168,0.05294141398,0.5960363581,0.3177258491,0,-1.220484586,4.403042422,-3.183411505
53.3,-64.99836314,0.05294146615,0.5960363901,0.3177258054,0,-1.220488169,4.403043128,-3.183408943
53.31,-64.9983546,0.05294151837,0.5960364218,0.3177257619,0,-1.220491754,4.403043853,-3.183406381
53.32,-64.99834606,0.05294157063,0.596036453,0.3177257188,0,-1.220495342,4.403044596,-3.183403818
53.33,-64.99833751,0.05294162294,0.5960364839,0.317725676,0,-1.220498932,4.403045358,-3.183401254
53.34,-64.99832896,0.05294167529,0.5960365144,0.3177256335,0,-1.220502525,4.403046139,-3.183398689
53.35,-64.99832041,0.05294172768,0.5960365445,0.3177255913,0,-1.220506119,4.403046938,-3.183396123
53.36,-64.99831186,0.05294178012,0.5960365742,0.3177255494,0,-1.220509716,4.403047756,-3.183393557
53.37,-64.9983033,0.05294183259,0.5960366035,0.3177255079,0,-1.220513314,4.403048592,-3.18339099
53.38,-64.99829474,0.05294188511,0.5960366325,0.3177254666,0,-1.220516915,4.403049446,-3.183388423
53.39,-64.99828618,0.05294193766,0.596036661,0.3177254257,0,-1.220520517,4.403050318,-3.183385855
53.4,-64.99827762,0.05294199025,0.5960366892,0.3177253851,0,-1.220524121,4.403051208,-3.183383286
53.41,-64.99826906,0.05294204287,0.596036717,0.3177253448,0,-1.220527726,4.403052116,-3.183380718
53.42,-64.9982605,0.05294209553,0.5960367444,0.3177253049,0,-1.220531334,4.403053042,-3.183378149
53.43,-64.99825193,0.05294214822,0.5960367714,0.3177252652,0,-1.220534942,4.403053986,-3.183375579
53.44,-64.99824336,0.05294220095,0.5960367981,0.3177252258,0,-1.220538552,4.403054947,-3.183373009
53.45,-64.9982348,0.0529422537,0.5960368243,0.3177251868,0,-1.220542164,4.403055926,-3.183370439
53.46,-64.99822623,0.05294230648,0.5960368502,0.3177251481,0,-1.220545777,4.403056923,-3.183367869
53.47,-64.99821766,0.0529423593,0.5960368757,0.3177251097,0,-1.220549391,4.403057937,-3.183365299
53.48,-64.9982091,0.05294241214,0.5960369008,0.3177250716,0,-1.220553006,4.403058968,-3.183362729
53.49,-64.99820053,0.052942465,0.5960369255,0.3177250338,0,-1.220556622,4.403060016,-3.183360158
53.5,-64.99819196,0.0529425179,0.5960369499,0.3177249963,0,-1.220560239,4.403061082,-3.183357588
53.51,-64.99818339,0.05294257081,0.5960369738,0.3177249591,0,-1.220563857,4.403062164,-3.183355018
53.52,-64.99817483,0.05294262375,0.5960369974,0.3177249223,0,-1.220567476,4.403063264,-3.183352448
53.53,-64.99816626,0.05294267672,0.5960370206,0.3177248857,0,-1.220571096,4.40306438,-3.183349878
53.54,-64.99815769,0.0529427297,0.5960370434,0.3177248495,0,-1.220574716,4.403065513,-3.183347308
53.55,-64.99814913,0.0529427827,0.5960370659,0.3177248135,0,-1.220578337,4.403066663,-3.183344739
53.56,-64.99814057,0.05294283573,0.596037088,0.3177247779,0,-1.220581958,4.403067829,-3.18334217
53.57,-64.998132,0.05294288877,0.5960371097,0.3177247425,0,-1.22058558,4.403069012,-3.183339601
53.58,-64.99812344,0.05294294182,0.596037131,0.3177247075,0,-1.220589203,4.403070211,-3.183337033
53.59,-64.99811488,0.05294299489,0.5960371519,0.3177246728,0,-1.220592826,4.403071426,-3.183334465
53.6,-64.99810633,0.05294304798,0.5960371725,0.3177246384,0,-1.220596449,4.403072658,-3.183331898
53.61,-64.99809777,0.05294310108,0.5960371927,0.3177246043,0,-1.220600072,4.403073905,-3.183329331
53.62,-64.99808922,0.05294315419,0.5960372125,0.3177245705,0,-1.220603695,4.403075169,-3.183326765
53.63,-64.99808066,0.05294320732,0.5960372319,0.3177245369,0,-1.220607319,4.403076449,-3.183324199
53.64,-64.99807211,0.05294326045,0.596037251,0.3177245037,0,-1.220610942,4.403077744,-3.183321634
53.65,-64.99806357,0.0529433136,0.5960372697,0.3177244708,0,-1.220614565,4.403079056,-3.18331907
53.66,-64.99805502,0.05294336675,0.596037288,0.3177244382,0,-1.220618188,4.403080383,-3.183316507
53.67,-64.99804648,0.05294341991,0.596037306,0.3177244059,0,-1.220621811,4.403081725,-3.183313944
53.68,-64.99803794,0.05294347308,0.5960373235,0.3177243739,0,-1.220625434,4.403083083,-3.183311383
53.69,-64.99802941,0.05294352625,0.5960373408,0.3177243422,0,-1.220629056,4.403084457,-3.183308822
53.7,-64.99802087,0.05294357943,0.5960373576,0.3177243108,0,-1.220632678,4.403085846,-3.183306262
53.71,-64.99801234,0.0529436326,0.5960373741,0.3177242796,0,-1.2206363,4.40308725,-3.183303703
53.72,-64.99800382,0.05294368579,0.5960373901,0.3177242488,0,-1.22063992,4.403088669,-3.183301146
53.73,-64.9979953,0.05294373897,0.5960374059,0.3177242183,0,-1.220643541,4.403090103,-3.183298589
53.74,-64.99798678,0.05294379215,0.5960374212,0.3177241881,0,-1.22064716,4.403091552,-3.183296034
53.75,-64.99797826,0.05294384533,0.5960374362,0.3177241581,0,-1.220650779,4.403093016,-3.183293479
53.76,-64.99796975,0.05294389851,0.5960374509,0.3177241285,0,-1.220654397,4.403094495,-3.183290926
53.77,-64.99796125,0.05294395169,0.5960374651,0.3177240991,0,-1.220658014,4.403095989,-3.183288374
53.78,-64.99795275,0.05294400486,0.596037479,0.3177240701,0,-1.22066163,4.403097497,-3.183285824
53.79,-64.99794425,0.05294405803,0.5960374925,0.3177240413,0,-1.220665245,4.403099019,-3.183283275
53.8,-64.99793576,0.05294411119,0.5960375057,0.3177240128,0,-1.220668859,4.403100556,-3.183280727
53.81,-64.99792727,0.05294416435,0.5960375185,0.3177239846,0,-1.220672472,4.403102108,-3.18327818
53.82,-64.99791879,0.0529442175,0.5960375309,0.3177239567,0,-1.220676083,4.403103673,-3.183275636
53.83,-64.99791031,0.05294427064,0.596037543,0.3177239291,0,-1.220679693,4.403105253,-3.183273092
53.84,-64.99790183,0.05294432377,0.5960375547,0.3177239018,0,-1.220683302,4.403106847,-3.18327055
53.85,-64.99789337,0.05294437689,0.5960375661,0.3177238748,0,-1.22068691,4.403108455,-3.18326801
53.86,-64.99788491,0.05294443,0.5960375771,0.317723848,0,-1.220690516,4.403110077,-3.183265472
53.87,-64.99787645,0.05294448309,0.5960375877,0.3177238216,0,-1.220694121,4.403111712,-3.183262935
53.88,-64.997868,0.05294453617,0.596037598,0.3177237954,0,-1.220697723,4.403113361,-3.1832604
53.89,-64.99785955,0.05294458924,0.5960376079,0.3177237695,0,-1.220701325,4.403115024,-3.183257866
53.9,-64.99785112,0.05294464229,0.5960376174,0.3177237439,0,-1.220704924,4.403116701,-3.183255335
53.91,-64.99784268,0.05294469533,0.5960376266,0.3177237186,0,-1.220708522,4.40311839,-3.183252805
53.92,-64.99783426,0.05294474835,0.5960376355,0.3177236935,0,-1.220712118,4.403120094,-3.183250277
53.93,-64.99782584,0.05294480135,0.5960376439,0.3177236688,0,-1.220715712,4.40312181,-3.183247751
53.94,-64.99781742,0.05294485433,0.5960376521,0.3177236443,0,-1.220719304,4.40312354,-3.183245227
53.95,-64.99780902,0.05294490729,0.5960376598,0.3177236201,0,-1.220722894,4.403125283,-3.183242705
53.96,-64.99780062,0.05294496023,0.5960376673,0.3177235962,0,-1.220726482,4.403127039,-3.183240185
53.97,-64.99779222,0.05294501315,0.5960376743,0.3177235725,0,-1.220730068,4.403128807,-3.183237667
53.98,-64.99778384,0.05294506605,0.596037681,0.3177235492,0,-1.220733651,4.403130589,-3.183235152
53.99,-64.99777546,0.05294511892,0.5960376874,0.3177235261,0,-1.220737233,4.403132383,-3.183232638
54,-64.99776709,0.05294517177,0.5960376934,0.3177235033,0,-1.220740812,4.40313419,-3.183230127
54.01,-64.99775873,0.05294522459,0.5960376991,0.3177234808,0,-1.220744388,4.40313601,-3.183227618
54.02,-64.99775037,0.05294527739,0.5960377044,0.3177234585,0,-1.220747962,4.403137842,-3.183225111
54.03,-64.99774202,0.05294533016,0.5960377093,0.3177234366,0,-1.220751534,4.403139687,-3.183222606
54.04,-64.99773368,0.0529453829,0.5960377139,0.3177234149,0,-1.220755103,4.403141544,-3.183220104
54.05,-64.99772535,0.05294543562,0.5960377182,0.3177233934,0,-1.220758669,4.403143413,-3.183217604
54.06,-64.99771702,0.0529454883,0.5960377221,0.3177233723,0,-1.220762233,4.403145294,-3.183215107
54.07,-64.99770871,0.05294554095,0.5960377257,0.3177233514,0,-1.220765794,4.403147187,-3.183212612
54.08,-64.9977004,0.05294559357,0.5960377289,0.3177233308,0,-1.220769353,4.403149093,-3.18321012
54.09,-64.9976921,0.05294564616,0.5960377318,0.3177233104,0,-1.220772908,4.40315101,-3.18320763
54.1,-64.99768381,0.05294569871,0.5960377343,0.3177232904,0,-1.22077646,4.403152939,-3.183205142
54.11,-64.99767553,0.05294575123,0.5960377365,0.3177232706,0,-1.22078001,4.40315488,-3.183202658
54.12,-64.99766725,0.05294580372,0.5960377384,0.317723251,0,-1.220783556,4.403156832,-3.183200176
54.13,-64.99765899,0.05294585617,0.5960377399,0.3177232318,0,-1.2207871,4.403158796,-3.183197696
54.14,-64.99765073,0.05294590858,0.5960377411,0.3177232128,0,-1.22079064,4.403160772,-3.18319522
54.15,-64.99764249,0.05294596096,0.5960377419,0.317723194,0,-1.220794177,4.403162759,-3.183192746
54.16,-64.99763425,0.0529460133,0.5960377424,0.3177231756,0,-1.220797711,4.403164757,-3.183190275
54.17,-64.99762602,0.0529460656,0.5960377425,0.3177231574,0,-1.220801242,4.403166766,-3.183187806
54.18,-64.9976178,0.05294611786,0.5960377423,0.3177231394,0,-1.220804769,4.403168787,-3.183185341
54.19,-64.9976096,0.05294617007,0.5960377418,0.3177231218,0,-1.220808293,4.403170818,-3.183182879
54.2,-64.9976014,0.05294622225,0.596037741,0.3177231044,0,-1.220811813,4.403172861,-3.183180419
54.21,-64.99759321,0.05294627438,0.5960377398,0.3177230872,0,-1.22081533,4.403174914,-3.183177962
54.22,-64.99758503,0.05294632647,0.5960377382,0.3177230703,0,-1.220818843,4.403176978,-3.183175509
54.23,-64.99757686,0.05294637852,0.5960377364,0.3177230537,0,-1.220822353,4.403179053,-3.183173058
54.24,-64.9975687,0.05294643052,0.5960377342,0.3177230373,0,-1.220825859,4.403181139,-3.183170611
54.25,-64.99756055,0.05294648248,0.5960377317,0.3177230212,0,-1.220829361,4.403183235,-3.183168166
54.26,-64.99755242,0.05294653439,0.5960377288,0.3177230054,0,-1.22083286,4.403185341,-3.183165725
54.27,-64.99754429,0.05294658625,0.5960377256,0.3177229898,0,-1.220836355,4.403187458,-3.183163287
54.28,-64.99753617,0.05294663807,0.5960377221,0.3177229744,0,-1.220839845,4.403189586,-3.183160852
54.29,-64.99752807,0.05294668983,0.5960377182,0.3177229593,0,-1.220843332,4.403191723,-3.18315842
54.3,-64.99751997,0.05294674155,0.5960377141,0.3177229445,0,-1.220846815,4.403193871,-3.183155992
54.31,-64.99751189,0.05294679321,0.5960377096,0.3177229299,0,-1.220850294,4.403196028,-3.183153566
54.32,-64.99750382,0.05294684483,0.5960377047,0.3177229156,0,-1.220853769,4.403198196,-3.183151145
54.33,-64.99749575,0.05294689639,0.5960376996,0.3177229015,0,-1.22085724,4.403200373,-3.183148726
54.34,-64.9974877,0.0529469479,0.5960376941,0.3177228877,0,-1.220860706,4.403202561,-3.183146311
54.35,-64.99747966,0.05294699936,0.5960376883,0.3177228742,0,-1.220864168,4.403204758,-3.183143899
54.36,-64.99747164,0.05294705076,0.5960376822,0.3177228608,0,-1.220867626,4.403206964,-3.183141491
54.37,-64.99746362,0.05294710211,0.5960376757,0.3177228478,0,-1.22087108,4.403209181,-3.183139086
54.38,-64.99745562,0.0529471534,0.5960376689,0.317722835,0,-1.220874529,4.403211406,-3.183136685
54.39,-64.99744763,0.05294720464,0.5960376619,0.3177228224,0,-1.220877974,4.403213641,-3.183134288
54.4,-64.99743965,0.05294725582,0.5960376544,0.3177228101,0,-1.220881415,4.403215886,-3.183131894
54.41,-64.99743168,0.05294730694,0.5960376467,0.317722798,0,-1.220884851,4.40321814,-3.183129503
54.42,-64.99742372,0.052947358,0.5960376387,0.3177227861,0,-1.220888282,4.403220402,-3.183127116
54.43,-64.99741578,0.052947409,0.5960376303,0.3177227746,0,-1.220891709,4.403222674,-3.183124733
54.44,-64.99740785,0.05294745995,0.5960376216,0.3177227632,0,-1.220895131,4.403224955,-3.183122354
54.45,-64.99739993,0.05294751083,0.5960376126,0.3177227521,0,-1.220898548,4.403227245,-3.183119978
54.46,-64.99739202,0.05294756165,0.5960376033,0.3177227413,0,-1.220901961,4.403229544,-3.183117606
54.47,-64.99738413,0.05294761241,0.5960375937,0.3177227306,0,-1.220905369,4.403231851,-3.183115238
54.48,-64.99737625,0.05294766311,0.5960375838,0.3177227203,0,-1.220908772,4.403234167,-3.183112874
54.49,-64.99736838,0.05294771374,0.5960375735,0.3177227101,0,-1.22091217,4.403236492,-3.183110513
54.5,-64.99736052,0.05294776431,0.596037563,0.3177227002,0,-1.220915563,4.403238825,-3.183108156
54.51,-64.99735268,0.05294781481,0.5960375521,0.3177226906,0,-1.220918951,4.403241166,-3.183105804
54.52,-64.99734485,0.05294786525,0.5960375409,0.3177226811,0,-1.220922334,4.403243516,-3.183103455
54.53,-64.99733703,0.05294791562,0.5960375295,0.317722672,0,-1.220925712,4.403245875,-3.18310111
54.54,-64.99732923,0.05294796593,0.5960375177,0.317722663,0,-1.220929085,4.403248241,-3.183098769
54.55,-64.99732144,0.05294801617,0.5960375056,0.3177226543,0,-1.220932453,4.403250616,-3.183096432
54.56,-64.99731367,0.05294806634,0.5960374932,0.3177226458,0,-1.220935816,4.403252998,-3.1830941
54.57,-64.9973059,0.05294811644,0.5960374805,0.3177226376,0,-1.220939173,4.403255389,-3.183091771
54.58,-64.99729815,0.05294816647,0.5960374675,0.3177226296,0,-1.220942525,4.403257787,-3.183089446
54.59,-64.99729042,0.05294821643,0.5960374541,0.3177226218,0,-1.220945872,4.403260193,-3.183087126
54.6,-64.9972827,0.05294826632,0.5960374405,0.3177226142,0,-1.220949213,4.403262607,-3.183084809
54.61,-64.99727499,0.05294831614,0.5960374266,0.3177226069,0,-1.220952549,4.403265029,-3.183082497
54.62,-64.9972673,0.05294836588,0.5960374124,0.3177225998,0,-1.22095588,4.403267458,-3.183080189
54.63,-64.99725962,0.05294841555,0.5960373979,0.317722593,0,-1.220959205,4.403269895,-3.183077886
54.64,-64.99725195,0.05294846515,0.5960373831,0.3177225863,0,-1.220962524,4.403272339,-3.183075586
54.65,-64.9972443,0.05294851468,0.596037368,0.3177225799,0,-1.220965838,4.40327479,-3.183073291
54.66,-64.99723667,0.05294856413,0.5960373526,0.3177225737,0,-1.220969146,4.403277249,-3.183071
54.67,-64.99722905,0.0529486135,0.5960373369,0.3177225678,0,-1.220972449,4.403279715,-3.183068714
54.68,-64.99722144,0.0529486628,0.5960373209,0.317722562,0,-1.220975746,4.403282188,-3.183066431
54.69,-64.99721385,0.05294871203,0.5960373046,0.3177225565,0,-1.220979037,4.403284668,-3.183064154
54.7,-64.99720627,0.05294876117,0.596037288,0.3177225513,0,-1.220982323,4.403287155,-3.18306188
54.71,-64.9971987,0.05294881024,0.5960372712,0.3177225462,0,-1.220985602,4.403289649,-3.183059611
54.72,-64.99719116,0.05294885923,0.596037254,0.3177225413,0,-1.220988876,4.403292149,-3.183057347
54.73,-64.99718362,0.05294890814,0.5960372365,0.3177225367,0,-1.220992144,4.403294657,-3.183055087
54.74,-64.99717611,0.05294895697,0.5960372188,0.3177225323,0,-1.220995406,4.403297171,-3.183052832
54.75,-64.9971686,0.05294900572,0.5960372008,0.3177225281,0,-1.220998661,4.403299691,-3.183050581
54.76,-64.99716111,0.05294905438,0.5960371825,0.3177225242,0,-1.221001911,4.403302219,-3.183048334
54.77,-64.99715364,0.05294910297,0.5960371639,0.3177225204,0,-1.221005155,4.403304752,-3.183046092
54.78,-64.99714618,0.05294915148,0.596037145,0.3177225169,0,-1.221008393,4.403307292,-3.183043855
54.79,-64.99713874,0.0529491999,0.5960371258,0.3177225136,0,-1.221011624,4.403309838,-3.183041623
54.8,-64.99713132,0.05294924824,0.5960371064,0.3177225105,0,-1.22101485,4.403312391,-3.183039395
54.81,-64.99712391,0.05294929649,0.5960370867,0.3177225076,0,-1.221018069,4.403314949,-3.183037172
54.82,-64.99711651,0.05294934467,0.5960370666,0.3177225049,0,-1.221021282,4.403317514,-3.183034953
54.83,-64.99710913,0.05294939275,0.5960370464,0.3177225024,0,-1.221024489,4.403320084,-3.183032739
54.84,-64.99710177,0.05294944075,0.5960370258,0.3177225002,0,-1.221027689,4.403322661,-3.18303053
54.85,-64.99709442,0.05294948867,0.5960370049,0.3177224982,0,-1.221030883,4.403325243,-3.183028326
54.86,-64.99708709,0.0529495365,0.5960369838,0.3177224963,0,-1.221034071,4.403327831,-3.183026126
54.87,-64.99707977,0.05294958424,0.5960369624,0.3177224947,0,-1.221037252,4.403330425,-3.183023932
54.88,-64.99707247,0.05294963189,0.5960369407,0.3177224933,0,-1.221040427,4.403333025,-3.183021742
54.89,-64.99706519,0.05294967946,0.5960369188,0.3177224921,0,-1.221043596,4.40333563,-3.183019557
54.9,-64.99705792,0.05294972693,0.5960368966,0.3177224911,0,-1.221046757,4.40333824,-3.183017377
54.91,-64.99705067,0.05294977432,0.5960368741,0.3177224903,0,-1.221049913,4.403340856,-3.183015202
54.92,-64.99704344,0.05294982162,0.5960368513,0.3177224897,0,-1.221053061,4.403343477,-3.183013031
54.93,-64.99703622,0.05294986883,0.5960368283,0.3177224893,0,-1.221056203,4.403346103,-3.183010866
54.94,-64.99702902,0.05294991594,0.596036805,0.3177224891,0,-1.221059339,4.403348735,-3.183008705
54.95,-64.99702183,0.05294996297,0.5960367814,0.3177224891,0,-1.221062468,4.403351372,-3.18300655
54.96,-64.99701467,0.0529500099,0.5960367576,0.3177224893,0,-1.221065589,4.403354013,-3.1830044
54.97,-64.99700751,0.05295005674,0.5960367335,0.3177224898,0,-1.221068705,4.40335666,-3.183002254
54.98,-64.99700038,0.05295010349,0.5960367091,0.3177224904,0,-1.221071813,4.403359312,-3.183000114
54.99,-64.99699326,0.05295015014,0.5960366845,0.3177224912,0,-1.221074915,4.403361968,-3.182997978
55,-64.99698616,0.0529501967,0.5960366596,0.3177224922,0,-1.22107801,4.403364629,-3.182995848
55.01,-64.99697908,0.05295024317,0.5960366344,0.3177224934,0,-1.221081097,4.403367295,-3.182993723
55.02,-64.99697201,0.05295028954,0.596036609,0.3177224948,0,-1.221084178,4.403369966,-3.182991603
55.03,-64.99696496,0.05295033582,0.5960365833,0.3177224964,0,-1.221087253,4.403372641,-3.182989488
55.04,-64.99695793,0.052950382,0.5960365574,0.3177224982,0,-1.22109032,4.40337532,-3.182987378
55.05,-64.99695091,0.05295042808,0.5960365312,0.3177225002,0,-1.22109338,4.403378004,-3.182985274
55.06,-64.99694392,0.05295047407,0.5960365048,0.3177225024,0,-1.221096433,4.403380693,-3.182983175
55.07,-64.99693693,0.05295051996,0.5960364781,0.3177225048,0,-1.221099479,4.403383385,-3.18298108
55.08,-64.99692997,0.05295056575,0.5960364511,0.3177225074,0,-1.221102517,4.403386082,-3.182978992
55.09,-64.99692303,0.05295061144,0.5960364239,0.3177225101,0,-1.221105549,4.403388783,-3.182976908
55.1,-64.9969161,0.05295065704,0.5960363964,0.3177225131,0,-1.221108574,4.403391488,-3.18297483
55.11,-64.99690919,0.05295070253,0.5960363687,0.3177225162,0,-1.221111591,4.403394197,-3.182972756
55.12,-64.9969023,0.05295074793,0.5960363407,0.3177225195,0,-1.221114601,4.40339691,-3.182970689
55.13,-64.99689542,0.05295079323,0.5960363125,0.317722523,0,-1.221117604,4.403399627,-3.182968626
55.14,-64.99688856,0.05295083842,0.596036284,0.3177225267,0,-1.2211206,4.403402347,-3.182966569
55.15,-64.99688172,0.05295088352,0.5960362553,0.3177225306,0,-1.221123588,4.403405072,-3.182964517
55.16,-64.9968749,0.05295092851,0.5960362264,0.3177225347,0,-1.221126569,4.403407799,-3.182962471
55.17,-64.9968681,0.0529509734,0.5960361971,0.3177225389,0,-1.221129543,4.403410531,-3.18296043
55.18,-64.99686131,0.05295101819,0.5960361677,0.3177225434,0,-1.221132509,4.403413266,-3.182958394
55.19,-64.99685455,0.05295106288,0.596036138,0.317722548,0,-1.221135468,4.403416005,-3.182956364
55.2,-64.9968478,0.05295110746,0.5960361081,0.3177225528,0,-1.22113842,4.403418747,-3.182954339
55.21,-64.99684107,0.05295115194,0.5960360779,0.3177225578,0,-1.221141364,4.403421492,-3.18295232
55.22,-64.99683435,0.05295119632,0.5960360475,0.3177225629,0,-1.2211443,4.40342424,-3.182950306
55.23,-64.99682766,0.05295124059,0.5960360168,0.3177225683,0,-1.221147229,4.403426992,-3.182948298
55.24,-64.99682098,0.05295128475,0.5960359859,0.3177225738,0,-1.221150151,4.403429747,-3.182946295
55.25,-64.99681433,0.05295132882,0.5960359548,0.3177225795,0,-1.221153065,4.403432505,-3.182944298
55.26,-64.99680769,0.05295137277,0.5960359234,0.3177225853,0,-1.221155971,4.403435266,-3.182942306
55.27,-64.99680106,0.05295141662,0.5960358918,0.3177225914,0,-1.22115887,4.403438029,-3.182940319
55.28,-64.99679446,0.05295146036,0.5960358599,0.3177225976,0,-1.221161761,4.403440796,-3.182938339
55.29,-64.99678788,0.052951504,0.5960358279,0.317722604,0,-1.221164644,4.403443566,-3.182936364
55.3,-64.99678131,0.05295154753,0.5960357956,0.3177226105,0,-1.22116752,4.403446338,-3.182934394
55.31,-64.99677477,0.05295159095,0.596035763,0.3177226173,0,-1.221170388,4.403449113,-3.18293243
55.32,-64.99676824,0.05295163427,0.5960357302,0.3177226242,0,-1.221173248,4.40345189,-3.182930472
55.33,-64.99676173,0.05295167747,0.5960356972,0.3177226312,0,-1.221176101,4.40345467,-3.182928519
55.34,-64.99675524,0.05295172057,0.596035664,0.3177226385,0,-1.221178946,4.403457453,-3.182926572
55.35,-64.99674877,0.05295176356,0.5960356306,0.3177226459,0,-1.221181783,4.403460238,-3.182924631
55.36,-64.99674232,0.05295180644,0.5960355969,0.3177226535,0,-1.221184612,4.403463025,-3.182922695
55.37,-64.99673588,0.05295184921,0.596035563,0.3177226612,0,-1.221187433,4.403465815,-3.182920765
55.38,-64.99672947,0.05295189187,0.5960355289,0.3177226691,0,-1.221190246,4.403468607,-3.182918841
55.39,-64.99672307,0.05295193441,0.5960354945,0.3177226772,0,-1.221193052,4.403471401,-3.182916922
55.4,-64.9967167,0.05295197685,0.5960354599,0.3177226855,0,-1.221195849,4.403474197,-3.182915009
55.41,-64.99671034,0.05295201918,0.5960354251,0.3177226939,0,-1.221198639,4.403476995,-3.182913102
55.42,-64.996704,0.05295206139,0.5960353901,0.3177227024,0,-1.221201421,4.403479795,-3.182911201
55.43,-64.99669768,0.0529521035,0.5960353549,0.3177227112,0,-1.221204194,4.403482597,-3.182909305
55.44,-64.99669139,0.05295214549,0.5960353194,0.3177227201,0,-1.22120696,4.403485401,-3.182907416
55.45,-64.9966851,0.05295218736,0.5960352838,0.3177227291,0,-1.221209718,4.403488207,-3.182905531
55.46,-64.99667884,0.05295222913,0.5960352479,0.3177227383,0,-1.221212467,4.403491014,-3.182903653
55.47,-64.9966726,0.05295227078,0.5960352118,0.3177227477,0,-1.221215209,4.403493823,-3.182901781
55.48,-64.99666638,0.05295231232,0.5960351755,0.3177227572,0,-1.221217943,4.403496634,-3.182899914
55.49,-64.99666018,0.05295235374,0.596035139,0.3177227669,0,-1.221220668,4.403499446,-3.182898054
55.5,-64.996654,0.05295239505,0.5960351022,0.3177227768,0,-1.221223385,4.40350226,-3.182896199
55.51,-64.99664783,0.05295243625,0.5960350653,0.3177227867,0,-1.221226094,4.403505075,-3.18289435
55.52,-64.99664169,0.05295247733,0.5960350281,0.3177227969,0,-1.221228795,4.403507892,-3.182892506
55.53,-64.99663556,0.0529525183,0.5960349908,0.3177228072,0,-1.221231488,4.40351071,-3.182890669
55.54,-64.99662946,0.05295255915,0.5960349532,0.3177228177,0,-1.221234173,4.403513529,-3.182888838
55.55,-64.99662337,0.05295259988,0.5960349154,0.3177228283,0,-1.221236849,4.40351635,-3.182887012
55.56,-64.99661731,0.0529526405,0.5960348775,0.317722839,0,-1.221239517,4.403519171,-3.182885193
55.57,-64.99661126,0.052952681,0.5960348393,0.3177228499,0,-1.221242177,4.403521994,-3.182883379
55.58,-64.99660524,0.05295272139,0.5960348009,0.317722861,0,-1.221244828,4.403524817,-3.182881571
55.59,-64.99659923,0.05295276166,0.5960347623,0.3177228722,0,-1.221247472,4.403527642,-3.18287977
55.6,-64.99659325,0.05295280181,0.5960347235,0.3177228836,0,-1.221250107,4.403530468,-3.182877974
55.61,-64.99658728,0.05295284184,0.5960346845,0.3177228951,0,-1.221252733,4.403533294,-3.182876184
55.62,-64.99658133,0.05295288176,0.5960346453,0.3177229067,0,-1.221255352,4.403536121,-3.1828744
55.63,-64.99657541,0.05295292156,0.5960346059,0.3177229185,0,-1.221257962,4.403538949,-3.182872622
55.64,-64.9965695,0.05295296124,0.5960345664,0.3177229304,0,-1.221260563,4.403541777,-3.18287085
55.65,-64.99656361,0.0529530008,0.5960345266,0.3177229425,0,-1.221263157,4.403544607,-3.182869084
55.66,-64.99655775,0.05295304024,0.5960344866,0.3177229547,0,-1.221265741,4.403547436,-3.182867324
55.67,-64.9965519,0.05295307957,0.5960344464,0.3177229671,0,-1.221268318,4.403550267,-3.18286557
55.68,-64.99654608,0.05295311877,0.5960344061,0.3177229796,0,-1.221270886,4.403553097,-3.182863823
55.69,-64.99654027,0.05295315786,0.5960343655,0.3177229923,0,-1.221273445,4.403555928,-3.182862081
55.7,-64.99653448,0.05295319682,0.5960343248,0.317723005,0,-1.221275996,4.40355876,-3.182860345
55.71,-64.99652872,0.05295323567,0.5960342839,0.317723018,0,-1.221278539,4.403561592,-3.182858615
55.72,-64.99652297,0.05295327439,0.5960342428,0.317723031,0,-1.221281073,4.403564424,-3.182856892
55.73,-64.99651725,0.05295331299,0.5960342014,0.3177230442,0,-1.221283599,4.403567256,-3.182855174
55.74,-64.99651154,0.05295335148,0.59603416,0.3177230576,0,-1.221286116,4.403570088,-3.182853463
55.75,-64.99650586,0.05295338984,0.5960341183,0.317723071,0,-1.221288624,4.40357292,-3.182851757
55.76,-64.99650019,0.05295342808,0.5960340764,0.3177230846,0,-1.221291124,4.403575753,-3.182850058
55.77,-64.99649455,0.0529534662,0.5960340344,0.3177230984,0,-1.221293616,4.403578585,-3.182848365
55.78,-64.99648892,0.0529535042,0.5960339922,0.3177231122,0,-1.221296098,4.403581417,-3.182846677
55.79,-64.99648332,0.05295354207,0.5960339498,0.3177231263,0,-1.221298573,4.403584249,-3.182844996
55.8,-64.99647774,0.05295357983,0.5960339072,0.3177231404,0,-1.221301038,4.403587081,-3.182843322
55.81,-64.99647218,0.05295361746,0.5960338644,0.3177231547,0,-1.221303495,4.403589912,-3.182841653
55.82,-64.99646663,0.05295365496,0.5960338215,0.317723169,0,-1.221305944,4.403592744,-3.18283999
55.83,-64.99646111,0.05295369235,0.5960337783,0.3177231836,0,-1.221308383,4.403595575,-3.182838334
55.84,-64.99645561,0.05295372961,0.596033735,0.3177231982,0,-1.221310814,4.403598405,-3.182836683
55.85,-64.99645013,0.05295376675,0.5960336916,0.317723213,0,-1.221313237,4.403601235,-3.182835039
55.86,-64.99644467,0.05295380377,0.5960336479,0.3177232279,0,-1.221315651,4.403604064,-3.182833401
55.87,-64.99643923,0.05295384066,0.5960336041,0.3177232429,0,-1.221318056,4.403606893,-3.182831769
55.88,-64.99643381,0.05295387743,0.5960335601,0.3177232581,0,-1.221320452,4.403609722,-3.182830143
55.89,-64.99642841,0.05295391407,0.596033516,0.3177232734,0,-1.22132284,4.403612549,-3.182828524
55.9,-64.99642304,0.05295395059,0.5960334717,0.3177232888,0,-1.221325219,4.403615376,-3.182826911
55.91,-64.99641768,0.05295398699,0.5960334272,0.3177233043,0,-1.221327589,4.403618202,-3.182825303
55.92,-64.99641234,0.05295402326,0.5960333825,0.31772332,0,-1.22132995,4.403621027,-3.182823702
55.93,-64.99640703,0.05295405941,0.5960333377,0.3177233357,0,-1.221332303,4.403623852,-3.182822108
55.94,-64.99640173,0.05295409543,0.5960332927,0.3177233516,0,-1.221334647,4.403626675,-3.182820519
55.95,-64.99639646,0.05295413132,0.5960332475,0.3177233676,0,-1.221336982,4.403629498,-3.182818937
55.96,-64.9963912,0.05295416709,0.5960332022,0.3177233837,0,-1.221339309,4.403632319,-3.182817361
55.97,-64.99638597,0.05295420274,0.5960331567,0.3177234,0,-1.221341626,4.403635139,-3.182815791
55.98,-64.99638076,0.05295423826,0.5960331111,0.3177234163,0,-1.221343935,4.403637959,-3.182814227
55.99,-64.99637556,0.05295427365,0.5960330653,0.3177234328,0,-1.221346235,4.403640777,-3.182812669
56,-64.99637039,0.05295430892,0.5960330193,0.3177234494,0,-1.221348526,4.403643593,-3.182811118
56.01,-64.99636524,0.05295434406,0.5960329732,0.3177234661,0,-1.221350809,4.403646409,-3.182809573
56.02,-64.99636011,0.05295437908,0.5960329269,0.3177234829,0,-1.221353082,4.403649223,-3.182808034
56.03,-64.99635501,0.05295441397,0.5960328805,0.3177234999,0,-1.221355347,4.403652036,-3.182806502
56.04,-64.99634992,0.05295444873,0.5960328339,0.3177235169,0,-1.221357603,4.403654847,-3.182804975
56.05,-64.99634485,0.05295448337,0.5960327872,0.3177235341,0,-1.22135985,4.403657657,-3.182803455
56.06,-64.9963398,0.05295451788,0.5960327403,0.3177235513,0,-1.221362088,4.403660466,-3.182801941
56.07,-64.99633478,0.05295455226,0.5960326932,0.3177235687,0,-1.221364317,4.403663273,-3.182800434
56.08,-64.99632978,0.05295458652,0.596032646,0.3177235862,0,-1.221366538,4.403666078,-3.182798933
56.09,-64.99632479,0.05295462065,0.5960325987,0.3177236038,0,-1.221368749,4.403668881,-3.182797438
56.1,-64.99631983,0.05295465465,0.5960325512,0.3177236215,0,-1.221370952,4.403671683,-3.182795949
56.11,-64.99631489,0.05295468852,0.5960325035,0.3177236393,0,-1.221373146,4.403674483,-3.182794466
56.12,-64.99630997,0.05295472227,0.5960324558,0.3177236572,0,-1.22137533,4.403677282,-3.18279299
56.13,-64.99630507,0.05295475589,0.5960324078,0.3177236752,0,-1.221377506,4.403680078,-3.18279152
56.14,-64.99630019,0.05295478938,0.5960323597,0.3177236933,0,-1.221379673,4.403682873,-3.182790056
56.15,-64.99629533,0.05295482274,0.5960323115,0.3177237116,0,-1.221381831,4.403685665,-3.182788599
56.16,-64.99629049,0.05295485597,0.5960322632,0.3177237299,0,-1.221383981,4.403688456,-3.182787148
56.17,-64.99628568,0.05295488908,0.5960322147,0.3177237483,0,-1.221386121,4.403691244,-3.182785703
56.18,-64.99628088,0.05295492206,0.596032166,0.3177237668,0,-1.221388252,4.403694031,-3.182784264
56.19,-64.99627611,0.05295495491,0.5960321172,0.3177237855,0,-1.221390374,4.403696815,-3.182782832
56.2,-64.99627135,0.05295498763,0.5960320683,0.3177238042,0,-1.221392488,4.403699597,-3.182781406
56.21,-64.99626662,0.05295502022,0.5960320192,0.317723823,0,-1.221394592,4.403702377,-3.182779986
56.22,-64.99626191,0.05295505269,0.59603197,0.317723842,0,-1.221396688,4.403705155,-3.182778573
56.23,-64.99625722,0.05295508502,0.5960319207,0.317723861,0,-1.221398774,4.403707931,-3.182777166
56.24,-64.99625255,0.05295511723,0.5960318712,0.3177238801,0,-1.221400852,4.403710704,-3.182775765
56.25,-64.9962479,0.05295514931,0.5960318216,0.3177238993,0,-1.22140292,4.403713475,-3.18277437
56.26,-64.99624327,0.05295518126,0.5960317719,0.3177239186,0,-1.22140498,4.403716243,-3.182772982
56.27,-64.99623867,0.05295521308,0.5960317221,0.317723938,0,-1.221407031,4.403719009,-3.1827716
56.28,-64.99623408,0.05295524477,0.5960316721,0.3177239575,0,-1.221409072,4.403721772,-3.182770224
56.29,-64.99622952,0.05295527633,0.5960316219,0.3177239771,0,-1.221411105,4.403724533,-3.182768855
56.3,-64.99622497,0.05295530776,0.5960315717,0.3177239968,0,-1.221413129,4.403727291,-3.182767491
56.31,-64.99622045,0.05295533906,0.5960315213,0.3177240166,0,-1.221415143,4.403730047,-3.182766135
56.32,-64.99621595,0.05295537024,0.5960314708,0.3177240364,0,-1.221417149,4.403732799,-3.182764784
56.33,-64.99621147,0.05295540128,0.5960314202,0.3177240564,0,-1.221419146,4.403735549,-3.18276344
56.34,-64.99620701,0.05295543219,0.5960313694,0.3177240764,0,-1.221421134,4.403738297,-3.182762102
56.35,-64.99620257,0.05295546298,0.5960313186,0.3177240966,0,-1.221423112,4.403741041,-3.18276077
56.36,-64.99619815,0.05295549363,0.5960312676,0.3177241168,0,-1.221425082,4.403743783,-3.182759445
56.37,-64.99619375,0.05295552416,0.5960312164,0.3177241371,0,-1.221427043,4.403746522,-3.182758126
56.38,-64.99618938,0.05295555456,0.5960311652,0.3177241575,0,-1.221428995,4.403749258,-3.182756813
56.39,-64.99618502,0.05295558482,0.5960311138,0.317724178,0,-1.221430937,4.403751991,-3.182755506
56.4,-64.99618069,0.05295561496,0.5960310624,0.3177241985,0,-1.221432871,4.403754721,-3.182754206
56.41,-64.99617637,0.05295564496,0.5960310108,0.3177242192,0,-1.221434796,4.403757447,-3.182752912
56.42,-64.99617208,0.05295567484,0.5960309591,0.3177242399,0,-1.221436712,4.403760171,-3.182751625
56.43,-64.99616781,0.05295570459,0.5960309072,0.3177242607,0,-1.221438618,4.403762892,-3.182750343
56.44,-64.99616356,0.0529557342,0.5960308553,0.3177242816,0,-1.221440516,4.403765609,-3.182749068
56.45,-64.99615933,0.05295576369,0.5960308033,0.3177243026,0,-1.221442405,4.403768323,-3.182747799
56.46,-64.99615512,0.05295579304,0.5960307511,0.3177243236,0,-1.221444285,4.403771034,-3.182746537
56.47,-64.99615094,0.05295582227,0.5960306988,0.3177243447,0,-1.221446155,4.403773742,-3.182745281
56.48,-64.99614677,0.05295585137,0.5960306464,0.317724366,0,-1.221448017,4.403776446,-3.182744031
56.49,-64.99614262,0.05295588033,0.5960305939,0.3177243872,0,-1.22144987,4.403779147,-3.182742787
56.5,-64.9961385,0.05295590917,0.5960305413,0.3177244086,0,-1.221451714,4.403781845,-3.18274155
56.51,-64.9961344,0.05295593787,0.5960304886,0.31772443,0,-1.221453548,4.403784539,-3.182740319
56.52,-64.99613031,0.05295596645,0.5960304358,0.3177244516,0,-1.221455374,4.40378723,-3.182739094
56.53,-64.99612625,0.05295599489,0.5960303829,0.3177244732,0,-1.221457191,4.403789917,-3.182737875
56.54,-64.99612221,0.05295602321,0.5960303299,0.3177244948,0,-1.221458998,4.403792601,-3.182736663
56.55,-64.99611819,0.05295605139,0.5960302767,0.3177245166,0,-1.221460797,4.403795281,-3.182735457
56.56,-64.99611419,0.05295607945,0.5960302235,0.3177245384,0,-1.221462587,4.403797957,-3.182734257
56.57,-64.99611021,0.05295610737,0.5960301702,0.3177245602,0,-1.221464367,4.40380063,-3.182733063
56.58,-64.99610625,0.05295613516,0.5960301167,0.3177245822,0,-1.221466139,4.403803299,-3.182731876
56.59,-64.99610232,0.05295616283,0.5960300632,0.3177246042,0,-1.221467902,4.403805964,-3.182730695
56.6,-64.9960984,0.05295619036,0.5960300096,0.3177246263,0,-1.221469656,4.403808626,-3.18272952
56.61,-64.99609451,0.05295621776,0.5960299559,0.3177246485,0,-1.2214714,4.403811284,-3.182728352
56.62,-64.99609063,0.05295624504,0.596029902,0.3177246707,0,-1.221473136,4.403813938,-3.18272719
56.63,-64.99608678,0.05295627218,0.5960298481,0.317724693,0,-1.221474863,4.403816588,-3.182726034
56.64,-64.99608295,0.05295629919,0.5960297941,0.3177247154,0,-1.221476581,4.403819234,-3.182724884
56.65,-64.99607913,0.05295632608,0.59602974,0.3177247378,0,-1.221478289,4.403821876,-3.18272374
56.66,-64.99607534,0.05295635283,0.5960296858,0.3177247603,0,-1.221479989,4.403824514,-3.182722603
56.67,-64.99607157,0.05295637945,0.5960296315,0.3177247829,0,-1.22148168,4.403827148,-3.182721472
56.68,-64.99606782,0.05295640594,0.5960295771,0.3177248055,0,-1.221483362,4.403829778,-3.182720347
56.69,-64.99606409,0.0529564323,0.5960295227,0.3177248282,0,-1.221485035,4.403832404,-3.182719228
56.7,-64.99606039,0.05295645854,0.5960294681,0.3177248509,0,-1.221486699,4.403835026,-3.182718116
56.71,-64.9960567,0.05295648464,0.5960294135,0.3177248738,0,-1.221488354,4.403837644,-3.182717009
56.72,-64.99605303,0.05295651061,0.5960293587,0.3177248966,0,-1.22149,4.403840258,-3.182715909
56.73,-64.99604938,0.05295653645,0.5960293039,0.3177249196,0,-1.221491637,4.403842867,-3.182714815
56.74,-64.99604576,0.05295656217,0.596029249,0.3177249426,0,-1.221493266,4.403845472,-3.182713728
56.75,-64.99604215,0.05295658775,0.596029194,0.3177249656,0,-1.221494885,4.403848073,-3.182712646
56.76,-64.99603857,0.0529566132,0.5960291389,0.3177249887,0,-1.221496495,4.40385067,-3.182711571
56.77,-64.99603501,0.05295663852,0.5960290838,0.3177250119,0,-1.221498097,4.403853262,-3.182710502
56.78,-64.99603146,0.05295666372,0.5960290285,0.3177250352,0,-1.221499689,4.40385585,-3.182709439
56.79,-64.99602794,0.05295668878,0.5960289732,0.3177250584,0,-1.221501273,4.403858433,-3.182708382
56.8,-64.99602444,0.05295671371,0.5960289178,0.3177250818,0,-1.221502847,4.403861012,-3.182707332
56.81,-64.99602096,0.05295673852,0.5960288624,0.3177251052,0,-1.221504413,4.403863586,-3.182706287
56.82,-64.9960175,0.05295676319,0.5960288068,0.3177251286,0,-1.22150597,4.403866156,-3.182705249
56.83,-64.99601406,0.05295678774,0.5960287512,0.3177251521,0,-1.221507518,4.403868722,-3.182704217
56.84,-64.99601064,0.05295681216,0.5960286955,0.3177251757,0,-1.221509057,4.403871283,-3.182703191
56.85,-64.99600724,0.05295683644,0.5960286397,0.3177251993,0,-1.221510587,4.403873839,-3.182702171
56.86,-64.99600386,0.0529568606,0.5960285839,0.317725223,0,-1.221512108,4.403876391,-3.182701157
56.87,-64.9960005,0.05295688463,0.5960285279,0.3177252467,0,-1.221513621,4.403878938,-3.18270015
56.88,-64.99599716,0.05295690853,0.5960284719,0.3177252705,0,-1.221515125,4.40388148,-3.182699148
56.89,-64.99599384,0.0529569323,0.5960284159,0.3177252943,0,-1.221516619,4.403884018,-3.182698153
56.9,-64.99599055,0.05295695594,0.5960283597,0.3177253181,0,-1.221518105,4.40388655,-3.182697164
56.91,-64.99598727,0.05295697945,0.5960283035,0.3177253421,0,-1.221519582,4.403889078,-3.182696181
56.92,-64.99598401,0.05295700283,0.5960282473,0.317725366,0,-1.22152105,4.403891602,-3.182695204
56.93,-64.99598078,0.05295702609,0.5960281909,0.31772539,0,-1.22152251,4.40389412,-3.182694233
56.94,-64.99597756,0.05295704922,0.5960281345,0.3177254141,0,-1.22152396,4.403896634,-3.182693268
56.95,-64.99597436,0.05295707221,0.596028078,0.3177254382,0,-1.221525402,4.403899142,-3.182692309
56.96,-64.99597119,0.05295709508,0.5960280215,0.3177254623,0,-1.221526835,4.403901646,-3.182691357
56.97,-64.99596803,0.05295711782,0.5960279649,0.3177254865,0,-1.221528259,4.403904145,-3.18269041
56.98,-64.9959649,0.05295714044,0.5960279082,0.3177255108,0,-1.221529674,4.403906639,-3.182689469
56.99,-64.99596178,0.05295716292,0.5960278515,0.317725535,0,-1.221531081,4.403909128,-3.182688535
57,-64.99595869,0.05295718528,0.5960277947,0.3177255594,0,-1.221532479,4.403911612,-3.182687607
57.01,-64.99595561,0.0529572075,0.5960277379,0.3177255837,0,-1.221533868,4.40391409,-3.182686684
57.02,-64.99595256,0.0529572296,0.596027681,0.3177256081,0,-1.221535248,4.403916564,-3.182685768
57.03,-64.99594952,0.05295725158,0.596027624,0.3177256326,0,-1.221536619,4.403919033,-3.182684857
57.04,-64.99594651,0.05295727342,0.596027567,0.3177256571,0,-1.221537982,4.403921496,-3.182683953
57.05,-64.99594352,0.05295729514,0.5960275099,0.3177256816,0,-1.221539336,4.403923954,-3.182683055
57.06,-64.99594054,0.05295731673,0.5960274528,0.3177257061,0,-1.221540682,4.403926407,-3.182682162
57.07,-64.99593759,0.05295733819,0.5960273956,0.3177257307,0,-1.221542018,4.403928855,-3.182681276
57.08,-64.99593465,0.05295735953,0.5960273384,0.3177257554,0,-1.221543346,4.403931298,-3.182680396
57.09,-64.99593174,0.05295738073,0.5960272811,0.3177257801,0,-1.221544665,4.403933735,-3.182679522
57.1,-64.99592884,0.05295740181,0.5960272237,0.3177258048,0,-1.221545976,4.403936167,-3.182678653
57.11,-64.99592597,0.05295742277,0.5960271663,0.3177258295,0,-1.221547278,4.403938594,-3.182677791
57.12,-64.99592311,0.05295744359,0.5960271089,0.3177258543,0,-1.221548571,4.403941015,-3.182676934
57.13,-64.99592028,0.05295746429,0.5960270514,0.3177258791,0,-1.221549855,4.403943431,-3.182676084
57.14,-64.99591746,0.05295748487,0.5960269939,0.317725904,0,-1.221551131,4.403945842,-3.182675239
57.15,-64.99591467,0.05295750532,0.5960269363,0.3177259289,0,-1.221552398,4.403948247,-3.182674401
57.16,-64.99591189,0.05295752564,0.5960268786,0.3177259538,0,-1.221553657,4.403950647,-3.182673568
57.17,-64.99590914,0.05295754583,0.5960268209,0.3177259787,0,-1.221554907,4.403953041,-3.182672741
57.18,-64.9959064,0.0529575659,0.5960267632,0.3177260037,0,-1.221556148,4.40395543,-3.18267192
57.19,-64.99590368,0.05295758584,0.5960267054,0.3177260287,0,-1.221557381,4.403957814,-3.182671105
57.2,-64.99590099,0.05295760566,0.5960266476,0.3177260538,0,-1.221558605,4.403960191,-3.182670296
57.21,-64.99589831,0.05295762535,0.5960265898,0.3177260788,0,-1.221559821,4.403962564,-3.182669493
57.22,-64.99589565,0.05295764492,0.5960265319,0.3177261039,0,-1.221561028,4.40396493,-3.182668696
57.23,-64.99589301,0.05295766436,0.5960264739,0.3177261291,0,-1.221562226,4.403967291,-3.182667904
57.24,-64.9958904,0.05295768367,0.5960264159,0.3177261542,0,-1.221563416,4.403969647,-3.182667119
57.25,-64.9958878,0.05295770286,0.5960263579,0.3177261794,0,-1.221564598,4.403971997,-3.182666339
57.26,-64.99588522,0.05295772193,0.5960262999,0.3177262046,0,-1.221565771,4.403974341,-3.182665565
57.27,-64.99588266,0.05295774087,0.5960262418,0.3177262298,0,-1.221566935,4.403976679,-3.182664797
57.28,-64.99588012,0.05295775968,0.5960261836,0.3177262551,0,-1.221568091,4.403979012,-3.182664035
57.29,-64.99587759,0.05295777837,0.5960261255,0.3177262804,0,-1.221569238,4.403981339,-3.182663278
57.3,-64.99587509,0.05295779694,0.5960260673,0.3177263057,0,-1.221570377,4.40398366,-3.182662528
57.31,-64.99587261,0.05295781538,0.596026009,0.317726331,0,-1.221571508,4.403985976,-3.182661783
57.32,-64.99587015,0.0529578337,0.5960259508,0.3177263564,0,-1.22157263,4.403988285,-3.182661044
57.33,-64.9958677,0.05295785189,0.5960258924,0.3177263818,0,-1.221573743,4.403990589,-3.182660311
57.34,-64.99586528,0.05295786996,0.5960258341,0.3177264072,0,-1.221574849,4.403992887,-3.182659583
57.35,-64.99586287,0.05295788791,0.5960257758,0.3177264326,0,-1.221575945,4.403995179,-3.182658861
57.36,-64.99586048,0.05295790573,0.5960257174,0.317726458,0,-1.221577034,4.403997466,-3.182658145
57.37,-64.99585812,0.05295792343,0.5960256589,0.3177264835,0,-1.221578114,4.403999746,-3.182657435
57.38,-64.99585577,0.05295794101,0.5960256005,0.317726509,0,-1.221579185,4.40400202,-3.18265673
57.39,-64.99585344,0.05295795847,0.596025542,0.3177265345,0,-1.221580248,4.404004289,-3.182656032
57.4,-64.99585113,0.0529579758,0.5960254835,0.31772656,0,-1.221581303,4.404006552,-3.182655338
57.41,-64.99584884,0.05295799301,0.596025425,0.3177265855,0,-1.22158235,4.404008808,-3.182654651
57.42,-64.99584656,0.05295801009,0.5960253664,0.3177266111,0,-1.221583388,4.404011059,-3.182653969
57.43,-64.99584431,0.05295802706,0.5960253078,0.3177266367,0,-1.221584418,4.404013303,-3.182653293
57.44,-64.99584208,0.0529580439,0.5960252492,0.3177266622,0,-1.22158544,4.404015542,-3.182652623
57.45,-64.99583986,0.05295806062,0.5960251906,0.3177266879,0,-1.221586453,4.404017774,-3.182651958
57.46,-64.99583766,0.05295807722,0.5960251319,0.3177267135,0,-1.221587458,4.404020001,-3.182651299
57.47,-64.99583549,0.05295809369,0.5960250733,0.3177267391,0,-1.221588455,4.404022221,-3.182650646
57.48,-64.99583333,0.05295811005,0.5960250146,0.3177267648,0,-1.221589444,4.404024435,-3.182649998
57.49,-64.99583119,0.05295812628,0.5960249559,0.3177267904,0,-1.221590424,4.404026643,-3.182649356
57.5,-64.99582906,0.0529581424,0.5960248972,0.3177268161,0,-1.221591396,4.404028845,-3.182648719
57.51,-64.99582696,0.05295815839,0.5960248384,0.3177268418,0,-1.22159236,4.404031041,-3.182648088
57.52,-64.99582487,0.05295817426,0.5960247796,0.3177268675,0,-1.221593316,4.404033231,-3.182647462
57.53,-64.99582281,0.05295819001,0.5960247209,0.3177268932,0,-1.221594263,4.404035414,-3.182646843
57.54,-64.99582076,0.05295820564,0.5960246621,0.3177269189,0,-1.221595203,4.404037591,-3.182646228
57.55,-64.99581873,0.05295822115,0.5960246033,0.3177269446,0,-1.221596134,4.404039762,-3.18264562
57.56,-64.99581672,0.05295823655,0.5960245444,0.3177269704,0,-1.221597057,4.404041927,-3.182645016
57.57,-64.99581473,0.05295825182,0.5960244856,0.3177269961,0,-1.221597972,4.404044085,-3.182644419
57.58,-64.99581276,0.05295826697,0.5960244268,0.3177270219,0,-1.221598879,4.404046237,-3.182643827
57.59,-64.9958108,0.052958282,0.5960243679,0.3177270476,0,-1.221599778,4.404048383,-3.18264324
57.6,-64.99580886,0.05295829692,0.596024309,0.3177270734,0,-1.221600669,4.404050523,-3.182642659
57.61,-64.99580694,0.05295831171,0.5960242501,0.3177270992,0,-1.221601552,4.404052656,-3.182642083
57.62,-64.99580504,0.05295832639,0.5960241913,0.317727125,0,-1.221602426,4.404054783,-3.182641513
57.63,-64.99580316,0.05295834094,0.5960241324,0.3177271508,0,-1.221603293,4.404056904,-3.182640948
57.64,-64.9958013,0.05295835538,0.5960240734,0.3177271765,0,-1.221604152,4.404059018,-3.182640389
57.65,-64.99579945,0.0529583697,0.5960240145,0.3177272023,0,-1.221605003,4.404061126,-3.182639835
57.66,-64.99579762,0.05295838391,0.5960239556,0.3177272282,0,-1.221605845,4.404063227,-3.182639287
57.67,-64.99579581,0.05295839799,0.5960238967,0.317727254,0,-1.22160668,4.404065322,-3.182638744
57.68,-64.99579402,0.05295841196,0.5960238378,0.3177272798,0,-1.221607507,4.404067411,-3.182638206
57.69,-64.99579225,0.05295842581,0.5960237788,0.3177273056,0,-1.221608326,4.404069493,-3.182637674
57.7,-64.99579049,0.05295843955,0.5960237199,0.3177273314,0,-1.221609137,4.404071569,-3.182637147
57.71,-64.99578875,0.05295845316,0.596023661,0.3177273572,0,-1.22160994,4.404073638,-3.182636625
57.72,-64.99578703,0.05295846666,0.596023602,0.317727383,0,-1.221610735,4.404075701,-3.182636109
57.73,-64.99578533,0.05295848005,0.5960235431,0.3177274089,0,-1.221611522,4.404077757,-3.182635599
57.74,-64.99578364,0.05295849332,0.5960234841,0.3177274347,0,-1.221612302,4.404079807,-3.182635093
57.75,-64.99578198,0.05295850647,0.5960234252,0.3177274605,0,-1.221613073,4.40408185,-3.182634593
57.76,-64.99578033,0.0529585195,0.5960233662,0.3177274863,0,-1.221613837,4.404083887,-3.182634098
57.77,-64.9957787,0.05295853242,0.5960233073,0.3177275121,0,-1.221614593,4.404085917,-3.182633609
57.78,-64.99577708,0.05295854523,0.5960232484,0.317727538,0,-1.221615341,4.40408794,-3.182633125
57.79,-64.99577549,0.05295855792,0.5960231894,0.3177275638,0,-1.221616082,4.404089957,-3.182632646
57.8,-64.99577391,0.0529585705,0.5960231305,0.3177275896,0,-1.221616814,4.404091968,-3.182632172
57.81,-64.99577234,0.05295858296,0.5960230716,0.3177276154,0,-1.221617539,4.404093972,-3.182631703
57.82,-64.9957708,0.0529585953,0.5960230127,0.3177276412,0,-1.221618257,4.404095969,-3.18263124
57.83,-64.99576927,0.05295860754,0.5960229537,0.317727667,0,-1.221618966,4.404097959,-3.182630782
57.84,-64.99576777,0.05295861965,0.5960228948,0.3177276928,0,-1.221619668,4.404099943,-3.18263033
57.85,-64.99576627,0.05295863166,0.5960228359,0.3177277186,0,-1.221620362,4.404101921,-3.182629882
57.86,-64.9957648,0.05295864355,0.596022777,0.3177277444,0,-1.221621049,4.404103891,-3.18262944
57.87,-64.99576334,0.05295865533,0.5960227182,0.3177277702,0,-1.221621728,4.404105856,-3.182629002
57.88,-64.9957619,0.05295866699,0.5960226593,0.3177277959,0,-1.221622399,4.404107813,-3.18262857
57.89,-64.99576048,0.05295867855,0.5960226004,0.3177278217,0,-1.221623063,4.404109764,-3.182628143
57.9,-64.99575907,0.05295868999,0.5960225416,0.3177278475,0,-1.221623719,4.404111708,-3.182627722
57.91,-64.99575768,0.05295870131,0.5960224827,0.3177278732,0,-1.221624367,4.404113645,-3.182627305
57.92,-64.99575631,0.05295871253,0.5960224239,0.317727899,0,-1.221625008,4.404115575,-3.182626893
57.93,-64.99575496,0.05295872363,0.5960223651,0.3177279247,0,-1.221625642,4.404117499,-3.182626487
57.94,-64.99575362,0.05295873463,0.5960223063,0.3177279504,0,-1.221626268,4.404119416,-3.182626086
57.95,-64.9957523,0.05295874551,0.5960222475,0.3177279761,0,-1.221626886,4.404121327,-3.182625689
57.96,-64.99575099,0.05295875628,0.5960221887,0.3177280018,0,-1.221627497,4.40412323,-3.182625298
57.97,-64.99574971,0.05295876694,0.59602213,0.3177280275,0,-1.221628101,4.404125127,-3.182624912
57.98,-64.99574844,0.05295877748,0.5960220712,0.3177280532,0,-1.221628697,4.404127017,-3.182624531
57.99,-64.99574718,0.05295878792,0.5960220125,0.3177280789,0,-1.221629286,4.4041289,-3.182624155
58,-64.99574595,0.05295879825,0.5960219538,0.3177281045,0,-1.221629867,4.404130777,-3.182623784
58.01,-64.99574473,0.05295880847,0.5960218951,0.3177281302,0,-1.221630441,4.404132647,-3.182623418
58.02,-64.99574352,0.05295881858,0.5960218365,0.3177281558,0,-1.221631007,4.40413451,-3.182623056
58.03,-64.99574233,0.05295882858,0.5960217778,0.3177281814,0,-1.221631566,4.404136366,-3.1826227
58.04,-64.99574116,0.05295883847,0.5960217192,0.317728207,0,-1.221632118,4.404138215,-3.182622349
58.05,-64.99574001,0.05295884825,0.5960216606,0.3177282326,0,-1.221632663,4.404140057,-3.182622003
58.06,-64.99573887,0.05295885792,0.596021602,0.3177282582,0,-1.2216332,4.404141893,-3.182621661
58.07,-64.99573775,0.05295886749,0.5960215435,0.3177282838,0,-1.22163373,4.404143722,-3.182621325
58.08,-64.99573664,0.05295887694,0.5960214849,0.3177283093,0,-1.221634253,4.404145544,-3.182620993
58.09,-64.99573556,0.05295888629,0.5960214264,0.3177283348,0,-1.221634768,4.404147359,-3.182620667
58.1,-64.99573448,0.05295889553,0.5960213679,0.3177283604,0,-1.221635276,4.404149167,-3.182620345
58.11,-64.99573343,0.05295890467,0.5960213094,0.3177283859,0,-1.221635777,4.404150968,-3.182620028
58.12,-64.99573239,0.05295891369,0.596021251,0.3177284113,0,-1.221636271,4.404152762,-3.182619716
58.13,-64.99573136,0.05295892261,0.5960211926,0.3177284368,0,-1.221636758,4.40415455,-3.182619409
58.14,-64.99573035,0.05295893143,0.5960211342,0.3177284622,0,-1.221637238,4.404156331,-3.182619106
58.15,-64.99572936,0.05295894013,0.5960210759,0.3177284877,0,-1.22163771,4.404158104,-3.182618808
58.16,-64.99572839,0.05295894874,0.5960210175,0.3177285131,0,-1.221638175,4.404159871,-3.182618516
58.17,-64.99572743,0.05295895723,0.5960209592,0.3177285385,0,-1.221638633,4.404161631,-3.182618228
58.18,-64.99572648,0.05295896562,0.5960209009,0.3177285638,0,-1.221639085,4.404163384,-3.182617944
58.19,-64.99572555,0.05295897391,0.5960208427,0.3177285892,0,-1.221639529,4.40416513,-3.182617666
58.2,-64.99572464,0.05295898209,0.5960207845,0.3177286145,0,-1.221639966,4.404166869,-3.182617392
58.21,-64.99572374,0.05295899016,0.5960207263,0.3177286398,0,-1.221640396,4.404168601,-3.182617123
58.22,-64.99572286,0.05295899813,0.5960206682,0.3177286651,0,-1.221640819,4.404170327,-3.182616858
58.23,-64.995722,0.052959006,0.5960206101,0.3177286904,0,-1.221641235,4.404172045,-3.182616599
58.24,-64.99572115,0.05295901377,0.596020552,0.3177287156,0,-1.221641644,4.404173756,-3.182616344
58.25,-64.99572031,0.05295902142,0.5960204939,0.3177287408,0,-1.221642047,4.404175461,-3.182616093
58.26,-64.99571949,0.05295902898,0.5960204359,0.317728766,0,-1.221642442,4.404177158,-3.182615848
58.27,-64.99571869,0.05295903644,0.5960203779,0.3177287912,0,-1.22164283,4.404178849,-3.182615606
58.28,-64.9957179,0.05295904379,0.59602032,0.3177288163,0,-1.221643212,4.404180532,-3.18261537
58.29,-64.99571713,0.05295905103,0.5960202621,0.3177288415,0,-1.221643587,4.404182209,-3.182615138
58.3,-64.99571637,0.05295905818,0.5960202042,0.3177288666,0,-1.221643954,4.404183878,-3.182614911
58.31,-64.99571563,0.05295906522,0.5960201464,0.3177288916,0,-1.221644315,4.404185541,-3.182614688
58.32,-64.9957149,0.05295907217,0.5960200886,0.3177289167,0,-1.22164467,4.404187196,-3.18261447
58.33,-64.99571419,0.05295907901,0.5960200308,0.3177289417,0,-1.221645017,4.404188845,-3.182614257
58.34,-64.99571349,0.05295908575,0.5960199731,0.3177289667,0,-1.221645358,4.404190487,-3.182614048
58.35,-64.99571281,0.05295909239,0.5960199154,0.3177289917,0,-1.221645692,4.404192121,-3.182613843
58.36,-64.99571214,0.05295909893,0.5960198578,0.3177290166,0,-1.221646019,4.404193749,-3.182613643
58.37,-64.99571149,0.05295910537,0.5960198002,0.3177290415,0,-1.22164634,4.40419537,-3.182613448
58.38,-64.99571086,0.05295911171,0.5960197426,0.3177290664,0,-1.221646654,4.404196983,-3.182613257
58.39,-64.99571023,0.05295911794,0.5960196851,0.3177290913,0,-1.221646961,4.40419859,-3.18261307
58.4,-64.99570963,0.05295912408,0.5960196276,0.3177291161,0,-1.221647262,4.404200189,-3.182612888
58.41,-64.99570903,0.05295913013,0.5960195702,0.3177291409,0,-1.221647556,4.404201782,-3.18261271
58.42,-64.99570846,0.05295913607,0.5960195128,0.3177291657,0,-1.221647843,4.404203368,-3.182612537
58.43,-64.99570789,0.05295914191,0.5960194554,0.3177291904,0,-1.221648124,4.404204946,-3.182612368
58.44,-64.99570735,0.05295914766,0.5960193981,0.3177292152,0,-1.221648398,4.404206518,-3.182612204
58.45,-64.99570681,0.0529591533,0.5960193409,0.3177292398,0,-1.221648666,4.404208082,-3.182612044
58.46,-64.99570629,0.05295915885,0.5960192837,0.3177292645,0,-1.221648927,4.40420964,-3.182611888
58.47,-64.99570579,0.05295916431,0.5960192265,0.3177292891,0,-1.221649182,4.40421119,-3.182611737
58.48,-64.9957053,0.05295916966,0.5960191694,0.3177293137,0,-1.221649431,4.404212734,-3.18261159
58.49,-64.99570482,0.05295917492,0.5960191123,0.3177293383,0,-1.221649672,4.40421427,-3.182611447
58.5,-64.99570436,0.05295918008,0.5960190553,0.3177293628,0,-1.221649908,4.404215799,-3.182611308
58.51,-64.99570391,0.05295918515,0.5960189983,0.3177293873,0,-1.221650137,4.404217322,-3.182611174
58.52,-64.99570348,0.05295919012,0.5960189414,0.3177294118,0,-1.22165036,4.404218837,-3.182611044
58.53,-64.99570306,0.05295919499,0.5960188845,0.3177294362,0,-1.221650576,4.404220345,-3.182610919
58.54,-64.99570266,0.05295919977,0.5960188277,0.3177294606,0,-1.221650786,4.404221847,-3.182610798
58.55,-64.99570227,0.05295920445,0.5960187709,0.317729485,0,-1.221650989,4.404223341,-3.18261068
58.56,-64.99570189,0.05295920904,0.5960187142,0.3177295093,0,-1.221651187,4.404224828,-3.182610568
58.57,-64.99570153,0.05295921354,0.5960186575,0.3177295336,0,-1.221651378,4.404226308,-3.182610459
58.58,-64.99570118,0.05295921794,0.5960186009,0.3177295579,0,-1.221651563,4.404227781,-3.182610354
58.59,-64.99570085,0.05295922225,0.5960185443,0.3177295821,0,-1.221651741,4.404229247,-3.182610254
58.6,-64.99570053,0.05295922646,0.5960184878,0.3177296063,0,-1.221651914,4.404230707,-3.182610158
58.61,-64.99570022,0.05295923058,0.5960184313,0.3177296304,0,-1.22165208,4.404232159,-3.182610066
58.62,-64.99569993,0.05295923461,0.5960183749,0.3177296546,0,-1.22165224,4.404233604,-3.182609978
58.63,-64.99569965,0.05295923854,0.5960183186,0.3177296787,0,-1.221652393,4.404235042,-3.182609894
58.64,-64.99569938,0.05295924238,0.5960182623,0.3177297027,0,-1.221652541,4.404236473,-3.182609815
58.65,-64.99569913,0.05295924613,0.596018206,0.3177297267,0,-1.221652683,4.404237896,-3.182609739
58.66,-64.99569889,0.05295924979,0.5960181499,0.3177297507,0,-1.221652818,4.404239313,-3.182609667
58.67,-64.99569867,0.05295925336,0.5960180937,0.3177297746,0,-1.221652947,4.404240723,-3.1826096
58.68,-64.99569845,0.05295925683,0.5960180376,0.3177297985,0,-1.221653071,4.404242126,-3.182609536
58.69,-64.99569826,0.05295926022,0.5960179816,0.3177298224,0,-1.221653188,4.404243522,-3.182609477
58.7,-64.99569807,0.05295926351,0.5960179257,0.3177298462,0,-1.221653299,4.404244911,-3.182609422
58.71,-64.9956979,0.05295926672,0.5960178698,0.31772987,0,-1.221653405,4.404246292,-3.18260937
58.72,-64.99569774,0.05295926983,0.5960178139,0.3177298938,0,-1.221653504,4.404247667,-3.182609323
58.73,-64.9956976,0.05295927286,0.5960177581,0.3177299175,0,-1.221653598,4.404249035,-3.182609279
58.74,-64.99569747,0.05295927579,0.5960177024,0.3177299411,0,-1.221653685,4.404250396,-3.18260924
58.75,-64.99569735,0.05295927864,0.5960176468,0.3177299648,0,-1.221653767,4.404251749,-3.182609204
58.76,-64.99569724,0.05295928139,0.5960175912,0.3177299884,0,-1.221653842,4.404253096,-3.182609172
58.77,-64.99569715,0.05295928406,0.5960175356,0.3177300119,0,-1.221653912,4.404254436,-3.182609144
58.78,-64.99569707,0.05295928664,0.5960174801,0.3177300354,0,-1.221653976,4.404255768,-3.182609121
58.79,-64.995697,0.05295928914,0.5960174247,0.3177300589,0,-1.221654035,4.404257094,-3.1826091
58.8,-64.99569695,0.05295929154,0.5960173694,0.3177300823,0,-1.221654087,4.404258413,-3.182609084
58.81,-64.99569691,0.05295929386,0.5960173141,0.3177301057,0,-1.221654134,4.404259724,-3.182609072
58.82,-64.99569688,0.05295929609,0.5960172588,0.317730129,0,-1.221654175,4.404261029,-3.182609063
58.83,-64.99569686,0.05295929824,0.5960172037,0.3177301523,0,-1.22165421,4.404262327,-3.182609059
58.84,-64.99569686,0.0529593003,0.5960171486,0.3177301756,0,-1.221654239,4.404263617,-3.182609058
58.85,-64.99569687,0.05295930227,0.5960170935,0.3177301988,0,-1.221654263,4.404264901,-3.182609061
58.86,-64.99569689,0.05295930416,0.5960170386,0.317730222,0,-1.221654281,4.404266178,-3.182609067
58.87,-64.99569693,0.05295930596,0.5960169837,0.3177302451,0,-1.221654294,4.404267448,-3.182609078
58.88,-64.99569697,0.05295930767,0.5960169288,0.3177302682,0,-1.221654301,4.40426871,-3.182609092
58.89,-64.99569703,0.05295930931,0.5960168741,0.3177302912,0,-1.221654302,4.404269966,-3.182609109
58.9,-64.9956971,0.05295931085,0.5960168194,0.3177303142,0,-1.221654298,4.404271215,-3.182609131
58.91,-64.99569719,0.05295931232,0.5960167647,0.3177303372,0,-1.221654288,4.404272457,-3.182609156
58.92,-64.99569728,0.0529593137,0.5960167102,0.3177303601,0,-1.221654273,4.404273692,-3.182609185
58.93,-64.99569739,0.05295931499,0.5960166557,0.317730383,0,-1.221654252,4.40427492,-3.182609218
58.94,-64.99569751,0.05295931621,0.5960166012,0.3177304058,0,-1.221654225,4.404276141,-3.182609254
58.95,-64.99569765,0.05295931734,0.5960165469,0.3177304285,0,-1.221654194,4.404277355,-3.182609294
58.96,-64.99569779,0.05295931838,0.5960164926,0.3177304513,0,-1.221654156,4.404278562,-3.182609337
58.97,-64.99569795,0.05295931935,0.5960164383,0.317730474,0,-1.221654114,4.404279762,-3.182609384
58.98,-64.99569812,0.05295932023,0.5960163842,0.3177304966,0,-1.221654066,4.404280955,-3.182609435
58.99,-64.9956983,0.05295932104,0.5960163301,0.3177305192,0,-1.221654012,4.404282142,-3.182609489
59,-64.99569849,0.05295932176,0.5960162761,0.3177305417,0,-1.221653953,4.404283321,-3.182609546
59.01,-64.99569869,0.0529593224,0.5960162222,0.3177305642,0,-1.221653889,4.404284493,-3.182609608
59.02,-64.99569891,0.05295932295,0.5960161683,0.3177305867,0,-1.22165382,4.404285659,-3.182609672
59.03,-64.99569914,0.05295932343,0.5960161145,0.3177306091,0,-1.221653745,4.404286818,-3.182609741
59.04,-64.99569937,0.05295932383,0.5960160608,0.3177306314,0,-1.221653665,4.404287969,-3.182609812
59.05,-64.99569963,0.05295932415,0.5960160071,0.3177306537,0,-1.22165358,4.404289114,-3.182609888
59.06,-64.99569989,0.05295932439,0.5960159535,0.317730676,0,-1.221653489,4.404290252,-3.182609966
59.07,-64.99570016,0.05295932455,0.5960159,0.3177306982,0,-1.221653394,4.404291383,-3.182610048
59.08,-64.99570045,0.05295932463,0.5960158466,0.3177307204,0,-1.221653293,4.404292508,-3.182610134
59.09,-64.99570074,0.05295932463,0.5960157933,0.3177307425,0,-1.221653187,4.404293625,-3.182610223
59.1,-64.99570105,0.05295932456,0.59601574,0.3177307645,0,-1.221653076,4.404294735,-3.182610315
59.11,-64.99570137,0.05295932441,0.5960156868,0.3177307866,0,-1.22165296,4.404295839,-3.182610411
59.12,-64.9957017,0.05295932418,0.5960156336,0.3177308085,0,-1.221652838,4.404296936,-3.18261051
59.13,-64.99570204,0.05295932387,0.5960155806,0.3177308304,0,-1.221652712,4.404298026,-3.182610612
59.14,-64.99570239,0.05295932348,0.5960155276,0.3177308523,0,-1.22165258,4.404299109,-3.182610718
59.15,-64.99570276,0.05295932302,0.5960154747,0.3177308741,0,-1.221652444,4.404300185,-3.182610827
59.16,-64.99570313,0.05295932249,0.5960154219,0.3177308959,0,-1.221652302,4.404301254,-3.18261094
59.17,-64.99570352,0.05295932187,0.5960153692,0.3177309176,0,-1.221652156,4.404302317,-3.182611055
59.18,-64.99570391,0.05295932118,0.5960153165,0.3177309393,0,-1.221652005,4.404303373,-3.182611174
59.19,-64.99570432,0.05295932042,0.5960152639,0.3177309609,0,-1.221651848,4.404304421,-3.182611296
59.2,-64.99570474,0.05295931958,0.5960152114,0.3177309824,0,-1.221651687,4.404305464,-3.182611422
59.21,-64.99570517,0.05295931867,0.596015159,0.317731004,0,-1.221651521,4.404306499,-3.182611551
59.22,-64.99570561,0.05295931768,0.5960151066,0.3177310254,0,-1.22165135,4.404307528,-3.182611682
59.23,-64.99570606,0.05295931662,0.5960150543,0.3177310468,0,-1.221651174,4.404308549,-3.182611818
59.24,-64.99570652,0.05295931548,0.5960150022,0.3177310682,0,-1.221650993,4.404309564,-3.182611956
59.25,-64.99570699,0.05295931427,0.59601495,0.3177310895,0,-1.221650808,4.404310573,-3.182612097
59.26,-64.99570747,0.05295931299,0.596014898,0.3177311107,0,-1.221650618,4.404311574,-3.182612242
59.27,-64.99570797,0.05295931163,0.5960148461,0.3177311319,0,-1.221650422,4.404312569,-3.18261239
59.28,-64.99570847,0.05295931021,0.5960147942,0.3177311531,0,-1.221650223,4.404313557,-3.18261254
59.29,-64.99570898,0.05295930871,0.5960147424,0.3177311742,0,-1.221650018,4.404314538,-3.182612694
59.3,-64.9957095,0.05295930714,0.5960146907,0.3177311952,0,-1.221649809,4.404315513,-3.182612851
59.31,-64.99571004,0.05295930549,0.5960146391,0.3177312162,0,-1.221649595,4.404316481,-3.182613011
59.32,-64.99571058,0.05295930378,0.5960145876,0.3177312371,0,-1.221649377,4.404317442,-3.182613175
59.33,-64.99571114,0.05295930199,0.5960145361,0.317731258,0,-1.221649154,4.404318396,-3.182613341
59.34,-64.9957117,0.05295930014,0.5960144847,0.3177312788,0,-1.221648926,4.404319344,-3.18261351
59.35,-64.99571227,0.05295929821,0.5960144334,0.3177312996,0,-1.221648694,4.404320285,-3.182613682
59.36,-64.99571286,0.05295929622,0.5960143822,0.3177313203,0,-1.221648457,4.40432122,-3.182613857
59.37,-64.99571345,0.05295929415,0.5960143311,0.317731341,0,-1.221648215,4.404322147,-3.182614036
59.38,-64.99571406,0.05295929202,0.5960142801,0.3177313616,0,-1.22164797,4.404323068,-3.182614217
59.39,-64.99571467,0.05295928981,0.5960142291,0.3177313821,0,-1.221647719,4.404323983,-3.182614401
59.4,-64.99571529,0.05295928754,0.5960141783,0.3177314026,0,-1.221647464,4.404324891,-3.182614588
59.41,-64.99571593,0.0529592852,0.5960141275,0.3177314231,0,-1.221647205,4.404325792,-3.182614778
59.42,-64.99571657,0.05295928279,0.5960140768,0.3177314435,0,-1.221646941,4.404326686,-3.182614971
59.43,-64.99571722,0.05295928032,0.5960140262,0.3177314638,0,-1.221646673,4.404327574,-3.182615167
59.44,-64.99571788,0.05295927777,0.5960139757,0.3177314841,0,-1.221646401,4.404328456,-3.182615365
59.45,-64.99571856,0.05295927516,0.5960139252,0.3177315043,0,-1.221646124,4.40432933,-3.182615567
59.46,-64.99571924,0.05295927249,0.5960138749,0.3177315245,0,-1.221645843,4.404330199,-3.182615771
59.47,-64.99571993,0.05295926974,0.5960138246,0.3177315446,0,-1.221645557,4.40433106,-3.182615978
59.48,-64.99572063,0.05295926693,0.5960137744,0.3177315646,0,-1.221645267,4.404331915,-3.182616188
59.49,-64.99572134,0.05295926406,0.5960137244,0.3177315846,0,-1.221644973,4.404332764,-3.182616401
59.5,-64.99572206,0.05295926112,0.5960136744,0.3177316046,0,-1.221644675,4.404333606,-3.182616617
59.51,-64.99572278,0.05295925811,0.5960136245,0.3177316244,0,-1.221644372,4.404334441,-3.182616835
59.52,-64.99572352,0.05295925504,0.5960135746,0.3177316443,0,-1.221644065,4.40433527,-3.182617056
59.53,-64.99572427,0.05295925191,0.5960135249,0.317731664,0,-1.221643754,4.404336092,-3.18261728
59.54,-64.99572502,0.05295924871,0.5960134753,0.3177316838,0,-1.221643439,4.404336908,-3.182617506
59.55,-64.99572578,0.05295924545,0.5960134257,0.3177317034,0,-1.22164312,4.404337718,-3.182617735
59.56,-64.99572656,0.05295924212,0.5960133762,0.317731723,0,-1.221642797,4.404338521,-3.182617967
59.57,-64.99572734,0.05295923873,0.5960133269,0.3177317425,0,-1.221642469,4.404339317,-3.182618202
59.58,-64.99572813,0.05295923528,0.5960132776,0.317731762,0,-1.221642138,4.404340107,-3.182618439
59.59,-64.99572893,0.05295923176,0.5960132284,0.3177317814,0,-1.221641802,4.404340891,-3.182618679
59.6,-64.99572974,0.05295922818,0.5960131793,0.3177318008,0,-1.221641462,4.404341668,-3.182618922
59.61,-64.99573056,0.05295922454,0.5960131303,0.3177318201,0,-1.221641119,4.404342438,-3.182619167
59.62,-64.99573138,0.05295922084,0.5960130814,0.3177318394,0,-1.221640771,4.404343203,-3.182619415
59.63,-64.99573222,0.05295921708,0.5960130325,0.3177318586,0,-1.22164042,4.40434396,-3.182619665
59.64,-64.99573306,0.05295921326,0.5960129838,0.3177318777,0,-1.221640064,4.404344712,-3.182619918
59.65,-64.99573391,0.05295920937,0.5960129352,0.3177318968,0,-1.221639705,4.404345457,-3.182620173
59.66,-64.99573477,0.05295920543,0.5960128866,0.3177319158,0,-1.221639341,4.404346196,-3.182620431
59.67,-64.99573564,0.05295920142,0.5960128381,0.3177319347,0,-1.221638974,4.404346928,-3.182620692
59.68,-64.99573652,0.05295919736,0.5960127898,0.3177319536,0,-1.221638603,4.404347654,-3.182620955
59.69,-64.9957374,0.05295919324,0.5960127415,0.3177319725,0,-1.221638228,4.404348374,-3.18262122
59.7,-64.99573829,0.05295918905,0.5960126933,0.3177319912,0,-1.221637849,4.404349087,-3.182621488
59.71,-64.9957392,0.05295918481,0.5960126452,0.3177320099,0,-1.221637467,4.404349794,-3.182621759
59.72,-64.99574011,0.05295918051,0.5960125972,0.3177320286,0,-1.221637081,4.404350495,-3.182622032
59.73,-64.99574102,0.05295917615,0.5960125493,0.3177320472,0,-1.221636691,4.404351189,-3.182622307
59.74,-64.99574195,0.05295917174,0.5960125015,0.3177320657,0,-1.221636297,4.404351877,-3.182622585
59.75,-64.99574288,0.05295916727,0.5960124538,0.3177320842,0,-1.221635899,4.404352559,-3.182622865
59.76,-64.99574383,0.05295916273,0.5960124062,0.3177321026,0,-1.221635498,4.404353235,-3.182623148
59.77,-64.99574478,0.05295915815,0.5960123587,0.317732121,0,-1.221635093,4.404353904,-3.182623433
59.78,-64.99574573,0.0529591535,0.5960123113,0.3177321393,0,-1.221634685,4.404354567,-3.18262372
59.79,-64.9957467,0.0529591488,0.5960122639,0.3177321575,0,-1.221634273,4.404355224,-3.18262401
59.8,-64.99574767,0.05295914405,0.5960122167,0.3177321757,0,-1.221633857,4.404355875,-3.182624302
59.81,-64.99574865,0.05295913924,0.5960121696,0.3177321938,0,-1.221633438,4.404356519,-3.182624596
59.82,-64.99574964,0.05295913437,0.5960121225,0.3177322119,0,-1.221633015,4.404357157,-3.182624893
59.83,-64.99575064,0.05295912945,0.5960120756,0.3177322299,0,-1.221632589,4.40435779,-3.182625191
59.84,-64.99575164,0.05295912447,0.5960120287,0.3177322478,0,-1.221632159,4.404358416,-3.182625493
59.85,-64.99575265,0.05295911944,0.596011982,0.3177322657,0,-1.221631726,4.404359035,-3.182625796
59.86,-64.99575367,0.05295911435,0.5960119353,0.3177322835,0,-1.221631289,4.404359649,-3.182626102
59.87,-64.9957547,0.05295910921,0.5960118887,0.3177323012,0,-1.221630849,4.404360257,-3.18262641
59.88,-64.99575573,0.05295910402,0.5960118423,0.3177323189,0,-1.221630406,4.404360858,-3.18262672
59.89,-64.99575677,0.05295909878,0.5960117959,0.3177323365,0,-1.221629959,4.404361454,-3.182627032
59.9,-64.99575782,0.05295909348,0.5960117496,0.3177323541,0,-1.221629508,4.404362043,-3.182627346
59.91,-64.99575888,0.05295908813,0.5960117034,0.3177323716,0,-1.221629055,4.404362626,-3.182627663
59.92,-64.99575994,0.05295908272,0.5960116574,0.317732389,0,-1.221628598,4.404363203,-3.182627982
59.93,-64.99576101,0.05295907727,0.5960116114,0.3177324064,0,-1.221628137,4.404363774,-3.182628303
59.94,-64.99576209,0.05295907176,0.5960115655,0.3177324237,0,-1.221627674,4.404364339,-3.182628626
59.95,-64.99576317,0.0529590662,0.5960115197,0.317732441,0,-1.221627207,4.404364898,-3.182628951
59.96,-64.99576426,0.0529590606,0.596011474,0.3177324582,0,-1.221626736,4.404365452,-3.182629278
59.97,-64.99576536,0.05295905494,0.5960114285,0.3177324753,0,-1.221626263,4.404365999,-3.182629608
59.98,-64.99576646,0.05295904923,0.596011383,0.3177324924,0,-1.221625786,4.40436654,-3.182629939
59.99,-64.99576758,0.05295904347,0.5960113376,0.3177325094,0,-1.221625307,4.404367075,-3.182630273
60,-64.99576869,0.05295903766,0.5960112923,0.3177325263,0,-1.221624824,4.404367604,-3.182630608
