t_ms,V_mV,m,h,n,Iinj_uAcm2,INa_uAcm2,IK_uAcm2,IL_uAcm2
0,-65,0.05293248526,0.5961207535,0.3176769141,0,-1.220057176,4.399733467,-3.1839
0.01,-64.9999579,0.05293249073,0.5961207526,0.3176769147,0,-1.220057107,4.399748934,-3.183887371
0.02,-64.99991609,0.05293250681,0.5961207501,0.3176769164,0,-1.22005777,4.399764364,-3.183874826
0.03,-64.99987454,0.05293253299,0.5961207458,0.3176769194,0,-1.22005913,4.399779761,-3.183862361
0.04,-64.99983325,0.05293256877,0.5961207398,0.3176769234,0,-1.220061154,4.399795125,-3.183849975
0.05,-64.99979221,0.05293261369,0.5961207321,0.3176769287,0,-1.220063809,4.39981046,-3.183837664
0.06,-64.99975143,0.05293266732,0.5961207228,0.3176769351,0,-1.220067066,4.399825768,-3.183825428
0.07,-64.99971088,0.05293272922,0.5961207118,0.3176769426,0,-1.220070894,4.399841051,-3.183813263
0.08,-64.99967056,0.05293279901,0.5961206991,0.3176769512,0,-1.220075265,4.39985631,-3.183801169
0.09,-64.99963047,0.05293287628,0.5961206848,0.3176769609,0,-1.220080154,4.399871548,-3.183789142
0.1,-64.99959061,0.05293296067,0.5961206689,0.3176769718,0,-1.220085534,4.399886766,-3.183777182
0.11,-64.99955095,0.05293305184,0.5961206514,0.3176769837,0,-1.220091382,4.399901965,-3.183765286
0.12,-64.99951151,0.05293314944,0.5961206323,0.3176769967,0,-1.220097673,4.399917148,-3.183753453
0.13,-64.99947227,0.05293325316,0.5961206116,0.3176770108,0,-1.220104387,4.399932316,-3.183741681
0.14,-64.99943323,0.0529333627,0.5961205893,0.317677026,0,-1.220111501,4.39994747,-3.18372997
0.15,-64.99939439,0.05293347775,0.5961205654,0.3176770422,0,-1.220118996,4.399962611,-3.183718317
0.16,-64.99935574,0.05293359805,0.59612054,0.3176770595,0,-1.220126853,4.399977741,-3.183706721
0.17,-64.99931727,0.05293372332,0.596120513,0.3176770779,0,-1.220135052,4.39999286,-3.183695182
0.18,-64.99927899,0.05293385332,0.5961204845,0.3176770972,0,-1.220143577,4.400007971,-3.183683697
0.19,-64.99924088,0.05293398781,0.5961204544,0.3176771177,0,-1.220152411,4.400023073,-3.183672265
0.2,-64.99920296,0.05293412654,0.5961204228,0.3176771391,0,-1.220161538,4.400038168,-3.183660887
0.21,-64.9991652,0.0529342693,0.5961203897,0.3176771616,0,-1.220170941,4.400053257,-3.183649559
0.22,-64.99912761,0.05293441588,0.5961203551,0.3176771851,0,-1.220180608,4.40006834,-3.183638283
0.23,-64.99909019,0.05293456609,0.596120319,0.3176772096,0,-1.220190524,4.400083418,-3.183627056
0.24,-64.99905293,0.05293471971,0.5961202814,0.3176772351,0,-1.220200676,4.400098493,-3.183615878
0.25,-64.99901582,0.05293487659,0.5961202423,0.3176772616,0,-1.22021105,4.400113564,-3.183604747
0.26,-64.99897888,0.05293503653,0.5961202018,0.3176772891,0,-1.220221636,4.400128632,-3.183593664
0.27,-64.99894209,0.05293519937,0.5961201598,0.3176773175,0,-1.220232421,4.400143698,-3.183582627
0.28,-64.99890545,0.05293536496,0.5961201163,0.317677347,0,-1.220243394,4.400158763,-3.183571636
0.29,-64.99886896,0.05293553313,0.5961200714,0.3176773774,0,-1.220254545,4.400173827,-3.183560689
0.3,-64.99883262,0.05293570375,0.596120025,0.3176774088,0,-1.220265864,4.40018889,-3.183549787
0.31,-64.99879643,0.05293587667,0.5961199772,0.3176774411,0,-1.22027734,4.400203953,-3.183538928
0.32,-64.99876038,0.05293605177,0.596119928,0.3176774744,0,-1.220288966,4.400219016,-3.183528113
0.33,-64.99872447,0.05293622892,0.5961198773,0.3176775087,0,-1.220300732,4.40023408,-3.18351734
0.34,-64.9986887,0.05293640798,0.5961198253,0.3176775439,0,-1.22031263,4.400249145,-3.183506609
0.35,-64.99865306,0.05293658886,0.5961197718,0.31767758,0,-1.220324651,4.400264211,-3.183495919
0.36,-64.99861757,0.05293677144,0.5961197169,0.3176776171,0,-1.220336789,4.400279279,-3.18348527
0.37,-64.99858221,0.05293695562,0.5961196607,0.317677655,0,-1.220349036,4.400294348,-3.183474662
0.38,-64.99854698,0.05293714128,0.5961196031,0.317677694,0,-1.220361385,4.400309419,-3.183464094
0.39,-64.99851189,0.05293732835,0.5961195441,0.3176777338,0,-1.220373829,4.400324493,-3.183453566
0.4,-64.99847692,0.05293751672,0.5961194837,0.3176777745,0,-1.220386362,4.400339569,-3.183443077
0.41,-64.99844209,0.05293770631,0.5961194219,0.3176778161,0,-1.220398978,4.400354648,-3.183432626
0.42,-64.99840738,0.05293789703,0.5961193589,0.3176778587,0,-1.220411671,4.400369729,-3.183422215
0.43,-64.9983728,0.05293808881,0.5961192944,0.3176779021,0,-1.220424436,4.400384813,-3.183411841
0.44,-64.99833835,0.05293828157,0.5961192286,0.3176779464,0,-1.220437267,4.400399901,-3.183401506
0.45,-64.99830403,0.05293847523,0.5961191615,0.3176779916,0,-1.220450159,4.400414991,-3.183391208
0.46,-64.99826983,0.05293866973,0.5961190931,0.3176780377,0,-1.220463108,4.400430084,-3.183380948
0.47,-64.99823575,0.052938865,0.5961190233,0.3176780846,0,-1.220476109,4.40044518,-3.183370724
0.48,-64.99820179,0.05293906097,0.5961189522,0.3176781325,0,-1.220489157,4.400460279,-3.183360538
0.49,-64.99816796,0.05293925759,0.5961188798,0.3176781811,0,-1.220502249,4.400475381,-3.183350388
0.5,-64.99813425,0.05293945479,0.5961188062,0.3176782307,0,-1.22051538,4.400490487,-3.183340274
0.51,-64.99810065,0.05293965253,0.5961187312,0.3176782811,0,-1.220528546,4.400505596,-3.183330196
0.52,-64.99806718,0.05293985075,0.5961186549,0.3176783323,0,-1.220541745,4.400520707,-3.183320155
0.53,-64.99803383,0.05294004939,0.5961185773,0.3176783844,0,-1.220554971,4.400535822,-3.183310149
0.54,-64.9980006,0.05294024841,0.5961184985,0.3176784373,0,-1.220568223,4.40055094,-3.183300179
0.55,-64.99796748,0.05294044777,0.5961184184,0.3176784911,0,-1.220581496,4.40056606,-3.183290244
0.56,-64.99793448,0.05294064741,0.5961183371,0.3176785457,0,-1.220594788,4.400581184,-3.183280345
0.57,-64.9979016,0.05294084731,0.5961182544,0.3176786011,0,-1.220608096,4.40059631,-3.183270481
0.58,-64.99786884,0.0529410474,0.5961181706,0.3176786573,0,-1.220621417,4.400611439,-3.183260651
0.59,-64.99783619,0.05294124767,0.5961180855,0.3176787144,0,-1.220634749,4.40062657,-3.183250857
0.6,-64.99780366,0.05294144807,0.5961179991,0.3176787722,0,-1.220648088,4.400641704,-3.183241097
0.61,-64.99777124,0.05294164856,0.5961179115,0.3176788309,0,-1.220661433,4.40065684,-3.183231372
0.62,-64.99773894,0.05294184912,0.5961178227,0.3176788903,0,-1.22067478,4.400671979,-3.183221681
0.63,-64.99770675,0.0529420497,0.5961177327,0.3176789506,0,-1.220688129,4.400687119,-3.183212025
0.64,-64.99767468,0.05294225029,0.5961176415,0.3176790116,0,-1.220701477,4.400702261,-3.183202403
0.65,-64.99764272,0.05294245084,0.596117549,0.3176790735,0,-1.220714821,4.400717406,-3.183192815
0.66,-64.99761087,0.05294265134,0.5961174554,0.3176791361,0,-1.22072816,4.400732551,-3.183183262
0.67,-64.99757914,0.05294285175,0.5961173605,0.3176791995,0,-1.220741492,4.400747699,-3.183173742
0.68,-64.99754752,0.05294305206,0.5961172645,0.3176792636,0,-1.220754815,4.400762847,-3.183164256
0.69,-64.99751602,0.05294325222,0.5961171673,0.3176793286,0,-1.220768128,4.400777997,-3.183154805
0.7,-64.99748462,0.05294345223,0.5961170689,0.3176793943,0,-1.220781428,4.400793148,-3.183145387
0.71,-64.99745334,0.05294365205,0.5961169693,0.3176794607,0,-1.220794715,4.400808299,-3.183136003
0.72,-64.99742217,0.05294385168,0.5961168686,0.3176795279,0,-1.220807987,4.400823451,-3.183126652
0.73,-64.99739112,0.05294405108,0.5961167667,0.3176795959,0,-1.220821243,4.400838604,-3.183117336
0.74,-64.99736017,0.05294425023,0.5961166637,0.3176796646,0,-1.22083448,4.400853757,-3.183108052
0.75,-64.99732934,0.05294444913,0.5961165595,0.317679734,0,-1.220847698,4.400868909,-3.183098803
0.76,-64.99729862,0.05294464774,0.5961164542,0.3176798042,0,-1.220860896,4.400884062,-3.183089587
0.77,-64.99726801,0.05294484606,0.5961163477,0.3176798751,0,-1.220874072,4.400899214,-3.183080404
0.78,-64.99723752,0.05294504406,0.5961162401,0.3176799468,0,-1.220887225,4.400914366,-3.183071255
0.79,-64.99720713,0.05294524173,0.5961161314,0.3176800191,0,-1.220900355,4.400929517,-3.18306214
0.8,-64.99717686,0.05294543906,0.5961160216,0.3176800922,0,-1.22091346,4.400944667,-3.183053057
0.81,-64.99714669,0.05294563603,0.5961159106,0.317680166,0,-1.220926538,4.400959815,-3.183044008
0.82,-64.99711664,0.05294583263,0.5961157986,0.3176802405,0,-1.220939591,4.400974963,-3.183034993
0.83,-64.9970867,0.05294602884,0.5961156854,0.3176803157,0,-1.220952615,4.400990108,-3.183026011
0.84,-64.99705687,0.05294622465,0.5961155712,0.3176803916,0,-1.220965611,4.401005252,-3.183017062
0.85,-64.99702715,0.05294642005,0.5961154559,0.3176804682,0,-1.220978577,4.401020394,-3.183008146
0.86,-64.99699755,0.05294661503,0.5961153395,0.3176805455,0,-1.220991513,4.401035533,-3.182999264
0.87,-64.99696805,0.05294680958,0.596115222,0.3176806235,0,-1.221004419,4.40105067,-3.182990415
0.88,-64.99693866,0.05294700368,0.5961151034,0.3176807022,0,-1.221017292,4.401065804,-3.182981599
0.89,-64.99690939,0.05294719732,0.5961149838,0.3176807815,0,-1.221030134,4.401080936,-3.182972816
0.9,-64.99688022,0.05294739051,0.5961148631,0.3176808615,0,-1.221042942,4.401096064,-3.182964067
0.91,-64.99685117,0.05294758321,0.5961147414,0.3176809422,0,-1.221055717,4.401111188,-3.182955351
0.92,-64.99682223,0.05294777544,0.5961146186,0.3176810236,0,-1.221068457,4.401126309,-3.182946668
0.93,-64.99679339,0.05294796718,0.5961144948,0.3176811056,0,-1.221081162,4.401141426,-3.182938018
0.94,-64.99676467,0.05294815841,0.5961143699,0.3176811883,0,-1.221093832,4.401156539,-3.182929401
0.95,-64.99673606,0.05294834914,0.596114244,0.3176812716,0,-1.221106466,4.401171648,-3.182920818
0.96,-64.99670756,0.05294853935,0.5961141171,0.3176813556,0,-1.221119064,4.401186752,-3.182912267
0.97,-64.99667917,0.05294872904,0.5961139892,0.3176814402,0,-1.221131625,4.401201851,-3.18290375
0.98,-64.99665089,0.05294891821,0.5961138602,0.3176815255,0,-1.221144148,4.401216945,-3.182895266
0.99,-64.99662272,0.05294910683,0.5961137303,0.3176816114,0,-1.221156634,4.401232034,-3.182886815
1,-64.99659466,0.05294929492,0.5961135993,0.3176816979,0,-1.221169081,4.401247117,-3.182878398
1.01,-64.99656671,0.05294948245,0.5961134674,0.3176817851,0,-1.221181489,4.401262195,-3.182870013
1.02,-64.99653887,0.05294966944,0.5961133344,0.3176818728,0,-1.221193858,4.401277267,-3.182861662
1.03,-64.99651115,0.05294985586,0.5961132005,0.3176819612,0,-1.221206188,4.401292332,-3.182853344
1.04,-64.99648353,0.05295004172,0.5961130656,0.3176820502,0,-1.221218478,4.401307391,-3.182845059
1.05,-64.99645602,0.05295022701,0.5961129297,0.3176821399,0,-1.221230728,4.401322443,-3.182836807
1.06,-64.99642863,0.05295041172,0.5961127929,0.3176822301,0,-1.221242937,4.401337489,-3.182828588
1.07,-64.99640134,0.05295059585,0.5961126551,0.3176823209,0,-1.221255106,4.401352527,-3.182820402
1.08,-64.99637417,0.0529507794,0.5961125163,0.3176824123,0,-1.221267233,4.401367558,-3.18281225
1.09,-64.9963471,0.05295096236,0.5961123766,0.3176825044,0,-1.221279319,4.401382581,-3.182804131
1.1,-64.99632015,0.05295114473,0.5961122359,0.317682597,0,-1.221291363,4.401397596,-3.182796045
1.11,-64.99629331,0.0529513265,0.5961120943,0.3176826902,0,-1.221303365,4.401412603,-3.182787992
1.12,-64.99626657,0.05295150767,0.5961119518,0.3176827839,0,-1.221315325,4.401427602,-3.182779972
1.13,-64.99623995,0.05295168824,0.5961118083,0.3176828783,0,-1.221327243,4.401442592,-3.182771986
1.14,-64.99621344,0.05295186819,0.596111664,0.3176829732,0,-1.221339118,4.401457574,-3.182764033
1.15,-64.99618704,0.05295204754,0.5961115187,0.3176830687,0,-1.22135095,4.401472546,-3.182756112
1.16,-64.99616075,0.05295222627,0.5961113725,0.3176831648,0,-1.221362738,4.40148751,-3.182748225
1.17,-64.99613457,0.05295240439,0.5961112253,0.3176832614,0,-1.221374484,4.401502463,-3.182740372
1.18,-64.9961085,0.05295258188,0.5961110773,0.3176833586,0,-1.221386186,4.401517407,-3.182732551
1.19,-64.99608255,0.05295275875,0.5961109284,0.3176834563,0,-1.221397844,4.401532342,-3.182724764
1.2,-64.9960567,0.05295293499,0.5961107786,0.3176835546,0,-1.221409458,4.401547265,-3.182717009
1.21,-64.99603096,0.05295311061,0.596110628,0.3176836534,0,-1.221421028,4.401562179,-3.182709288
1.22,-64.99600534,0.05295328559,0.5961104764,0.3176837527,0,-1.221432554,4.401577082,-3.182701601
1.23,-64.99597982,0.05295345994,0.596110324,0.3176838526,0,-1.221444035,4.401591974,-3.182693946
1.24,-64.99595442,0.05295363365,0.5961101707,0.317683953,0,-1.221455472,4.401606855,-3.182686325
1.25,-64.99592912,0.05295380673,0.5961100165,0.317684054,0,-1.221466864,4.401621724,-3.182678736
1.26,-64.99590394,0.05295397916,0.5961098615,0.3176841555,0,-1.221478212,4.401636582,-3.182671181
1.27,-64.99587887,0.05295415095,0.5961097057,0.3176842575,0,-1.221489514,4.401651428,-3.18266366
1.28,-64.9958539,0.0529543221,0.596109549,0.31768436,0,-1.221500771,4.401666262,-3.182656171
1.29,-64.99582905,0.0529544926,0.5961093914,0.317684463,0,-1.221511983,4.401681084,-3.182648715
1.3,-64.99580431,0.05295466245,0.596109233,0.3176845665,0,-1.22152315,4.401695894,-3.182641293
1.31,-64.99577968,0.05295483165,0.5961090738,0.3176846705,0,-1.221534271,4.401710691,-3.182633904
1.32,-64.99575516,0.0529550002,0.5961089138,0.3176847751,0,-1.221545347,4.401725475,-3.182626548
1.33,-64.99573075,0.0529551681,0.596108753,0.3176848801,0,-1.221556377,4.401740246,-3.182619226
1.34,-64.99570645,0.05295533534,0.5961085913,0.3176849856,0,-1.221567361,4.401755003,-3.182611936
1.35,-64.99568227,0.05295550192,0.5961084289,0.3176850916,0,-1.2215783,4.401769747,-3.18260468
1.36,-64.99565819,0.05295566785,0.5961082656,0.3176851981,0,-1.221589192,4.401784478,-3.182597457
1.37,-64.99563422,0.05295583312,0.5961081016,0.317685305,0,-1.221600039,4.401799194,-3.182590267
1.38,-64.99561037,0.05295599773,0.5961079367,0.3176854125,0,-1.221610839,4.401813896,-3.18258311
1.39,-64.99558662,0.05295616167,0.5961077711,0.3176855204,0,-1.221621593,4.401828584,-3.182575987
1.4,-64.99556299,0.05295632495,0.5961076047,0.3176856288,0,-1.221632301,4.401843257,-3.182568896
1.41,-64.99553946,0.05295648757,0.5961074375,0.3176857376,0,-1.221642963,4.401857915,-3.182561839
1.42,-64.99551605,0.05295664953,0.5961072696,0.3176858469,0,-1.221653579,4.401872558,-3.182554815
1.43,-64.99549275,0.05295681082,0.5961071009,0.3176859567,0,-1.221664147,4.401887186,-3.182547824
1.44,-64.99546955,0.05295697144,0.5961069314,0.3176860669,0,-1.22167467,4.401901798,-3.182540866
1.45,-64.99544647,0.05295713139,0.5961067612,0.3176861775,0,-1.221685146,4.401916395,-3.182533941
1.46,-64.9954235,0.05295729067,0.5961065902,0.3176862886,0,-1.221695575,4.401930976,-3.18252705
1.47,-64.99540064,0.05295744929,0.5961064185,0.3176864001,0,-1.221705958,4.401945541,-3.182520192
1.48,-64.99537789,0.05295760723,0.5961062461,0.3176865121,0,-1.221716294,4.401960089,-3.182513366
1.49,-64.99535525,0.05295776451,0.596106073,0.3176866245,0,-1.221726583,4.401974621,-3.182506574
1.5,-64.99533272,0.05295792111,0.5961058991,0.3176867373,0,-1.221736826,4.401989136,-3.182499815
1.51,-64.9953103,0.05295807704,0.5961057245,0.3176868506,0,-1.221747022,4.402003634,-3.182493089
1.52,-64.99528799,0.05295823229,0.5961055492,0.3176869643,0,-1.221757171,4.402018116,-3.182486396
1.53,-64.99526579,0.05295838687,0.5961053731,0.3176870784,0,-1.221767273,4.402032579,-3.182479736
1.54,-64.9952437,0.05295854078,0.5961051964,0.3176871929,0,-1.221777328,4.402047026,-3.18247311
1.55,-64.99522172,0.05295869401,0.596105019,0.3176873078,0,-1.221787336,4.402061454,-3.182466516
1.56,-64.99519985,0.05295884657,0.5961048409,0.3176874231,0,-1.221797297,4.402075865,-3.182459955
1.57,-64.99517809,0.05295899845,0.5961046621,0.3176875388,0,-1.221807212,4.402090258,-3.182453428
1.58,-64.99515644,0.05295914965,0.5961044826,0.3176876549,0,-1.221817079,4.402104632,-3.182446933
1.59,-64.9951349,0.05295930018,0.5961043024,0.3176877714,0,-1.221826899,4.402118988,-3.182440471
1.6,-64.99511348,0.05295945003,0.5961041216,0.3176878883,0,-1.221836673,4.402133325,-3.182434043
1.61,-64.99509216,0.0529595992,0.5961039401,0.3176880056,0,-1.221846399,4.402147643,-3.182427647
1.62,-64.99507095,0.0529597477,0.5961037579,0.3176881233,0,-1.221856078,4.402161942,-3.182421284
1.63,-64.99504985,0.05295989551,0.5961035751,0.3176882413,0,-1.22186571,4.402176222,-3.182414954
1.64,-64.99502886,0.05296004265,0.5961033917,0.3176883597,0,-1.221875295,4.402190482,-3.182408658
1.65,-64.99500798,0.05296018911,0.5961032076,0.3176884785,0,-1.221884833,4.402204723,-3.182402394
1.66,-64.99498721,0.05296033489,0.5961030228,0.3176885977,0,-1.221894324,4.402218943,-3.182396162
1.67,-64.99496655,0.05296047999,0.5961028375,0.3176887172,0,-1.221903768,4.402233144,-3.182389964
1.68,-64.994946,0.05296062441,0.5961026515,0.317688837,0,-1.221913164,4.402247325,-3.182383799
1.69,-64.99492555,0.05296076815,0.5961024648,0.3176889573,0,-1.221922514,4.402261485,-3.182377666
1.7,-64.99490522,0.05296091121,0.5961022776,0.3176890779,0,-1.221931816,4.402275625,-3.182371567
1.71,-64.994885,0.0529610536,0.5961020897,0.3176891988,0,-1.221941072,4.402289743,-3.1823655
1.72,-64.99486489,0.0529611953,0.5961019013,0.3176893201,0,-1.22195028,4.402303841,-3.182359466
1.73,-64.99484488,0.05296133632,0.5961017122,0.3176894417,0,-1.221959441,4.402317918,-3.182353464
1.74,-64.99482499,0.05296147666,0.5961015225,0.3176895636,0,-1.221968555,4.402331973,-3.182347496
1.75,-64.9948052,0.05296161632,0.5961013323,0.3176896859,0,-1.221977622,4.402346007,-3.18234156
1.76,-64.99478552,0.0529617553,0.5961011414,0.3176898085,0,-1.221986642,4.40236002,-3.182335657
1.77,-64.99476595,0.05296189361,0.59610095,0.3176899315,0,-1.221995614,4.40237401,-3.182329786
1.78,-64.99474649,0.05296203123,0.596100758,0.3176900547,0,-1.22200454,4.402387978,-3.182323948
1.79,-64.99472714,0.05296216817,0.5961005655,0.3176901783,0,-1.222013419,4.402401925,-3.182318143
1.8,-64.9947079,0.05296230443,0.5961003723,0.3176903022,0,-1.22202225,4.402415849,-3.182312371
1.81,-64.99468877,0.05296244001,0.5961001786,0.3176904264,0,-1.222031035,4.40242975,-3.182306631
1.82,-64.99466974,0.05296257491,0.5960999844,0.317690551,0,-1.222039772,4.402443629,-3.182300923
1.83,-64.99465083,0.05296270913,0.5960997896,0.3176906758,0,-1.222048463,4.402457484,-3.182295248
1.84,-64.99463202,0.05296284268,0.5960995942,0.3176908009,0,-1.222057107,4.402471317,-3.182289606
1.85,-64.99461332,0.05296297554,0.5960993983,0.3176909263,0,-1.222065703,4.402485127,-3.182283996
1.86,-64.99459473,0.05296310772,0.5960992019,0.317691052,0,-1.222074253,4.402498913,-3.182278418
1.87,-64.99457624,0.05296323923,0.5960990049,0.317691178,0,-1.222082756,4.402512675,-3.182272873
1.88,-64.99455787,0.05296337005,0.5960988075,0.3176913043,0,-1.222091212,4.402526414,-3.182267361
1.89,-64.9945396,0.0529635002,0.5960986095,0.3176914309,0,-1.222099621,4.402540129,-3.18226188
1.9,-64.99452144,0.05296362967,0.5960984109,0.3176915577,0,-1.222107983,4.40255382,-3.182256432
1.91,-64.99450339,0.05296375845,0.5960982119,0.3176916849,0,-1.222116298,4.402567487,-3.182251017
1.92,-64.99448544,0.05296388657,0.5960980124,0.3176918123,0,-1.222124567,4.40258113,-3.182245633
1.93,-64.99446761,0.052964014,0.5960978123,0.3176919399,0,-1.222132789,4.402594748,-3.182240282
1.94,-64.99444988,0.05296414076,0.5960976118,0.3176920679,0,-1.222140964,4.402608341,-3.182234963
1.95,-64.99443226,0.05296426684,0.5960974108,0.3176921961,0,-1.222149092,4.402621909,-3.182229677
1.96,-64.99441474,0.05296439224,0.5960972093,0.3176923245,0,-1.222157174,4.402635453,-3.182224422
1.97,-64.99439733,0.05296451696,0.5960970073,0.3176924532,0,-1.222165209,4.402648971,-3.1822192
1.98,-64.99438003,0.05296464101,0.5960968048,0.3176925822,0,-1.222173198,4.402662464,-3.18221401
1.99,-64.99436284,0.05296476439,0.5960966019,0.3176927114,0,-1.222181139,4.402675932,-3.182208851
2,-64.99434575,0.05296488709,0.5960963985,0.3176928408,0,-1.222189035,4.402689374,-3.182203725
2.01,-64.99432877,0.05296500911,0.5960961947,0.3176929705,0,-1.222196884,4.402702791,-3.182198631
2.02,-64.9943119,0.05296513046,0.5960959903,0.3176931005,0,-1.222204686,4.402716181,-3.182193569
2.03,-64.99429513,0.05296525113,0.5960957856,0.3176932306,0,-1.222212442,4.402729545,-3.182188539
2.04,-64.99427847,0.05296537113,0.5960955804,0.317693361,0,-1.222220151,4.402742884,-3.18218354
2.05,-64.99426191,0.05296549046,0.5960953747,0.3176934917,0,-1.222227814,4.402756196,-3.182178574
2.06,-64.99424546,0.05296560912,0.5960951686,0.3176936225,0,-1.222235431,4.402769481,-3.182173639
2.07,-64.99422912,0.0529657271,0.5960949621,0.3176937536,0,-1.222243002,4.40278274,-3.182168736
2.08,-64.99421288,0.05296584441,0.5960947552,0.3176938848,0,-1.222250526,4.402795972,-3.182163865
2.09,-64.99419675,0.05296596104,0.5960945478,0.3176940163,0,-1.222258004,4.402809177,-3.182159026
2.1,-64.99418073,0.05296607701,0.59609434,0.3176941481,0,-1.222265436,4.402822355,-3.182154218
2.11,-64.99416481,0.05296619231,0.5960941318,0.31769428,0,-1.222272822,4.402835506,-3.182149442
2.12,-64.99414899,0.05296630693,0.5960939232,0.3176944121,0,-1.222280161,4.40284863,-3.182144697
2.13,-64.99413328,0.05296642089,0.5960937142,0.3176945444,0,-1.222287455,4.402861726,-3.182139985
2.14,-64.99411768,0.05296653418,0.5960935048,0.3176946769,0,-1.222294703,4.402874795,-3.182135303
2.15,-64.99410218,0.0529666468,0.596093295,0.3176948096,0,-1.222301904,4.402887836,-3.182130653
2.16,-64.99408678,0.05296675875,0.5960930848,0.3176949425,0,-1.22230906,4.402900849,-3.182126035
2.17,-64.99407149,0.05296687003,0.5960928743,0.3176950756,0,-1.22231617,4.402913834,-3.182121448
2.18,-64.99405631,0.05296698065,0.5960926633,0.3176952089,0,-1.222323234,4.402926791,-3.182116892
2.19,-64.99404123,0.0529670906,0.596092452,0.3176953423,0,-1.222330253,4.40293972,-3.182112368
2.2,-64.99402625,0.05296719989,0.5960922403,0.317695476,0,-1.222337226,4.40295262,-3.182107875
2.21,-64.99401138,0.05296730851,0.5960920283,0.3176956098,0,-1.222344153,4.402965492,-3.182103413
2.22,-64.99399661,0.05296741646,0.5960918159,0.3176957437,0,-1.222351034,4.402978335,-3.182098982
2.23,-64.99398194,0.05296752376,0.5960916031,0.3176958779,0,-1.22235787,4.402991149,-3.182094583
2.24,-64.99396738,0.05296763039,0.59609139,0.3176960122,0,-1.222364661,4.403003935,-3.182090214
2.25,-64.99395292,0.05296773635,0.5960911765,0.3176961467,0,-1.222371406,4.403016691,-3.182085877
2.26,-64.99393857,0.05296784166,0.5960909627,0.3176962813,0,-1.222378105,4.403029419,-3.182081571
2.27,-64.99392432,0.0529679463,0.5960907486,0.3176964161,0,-1.22238476,4.403042117,-3.182077296
2.28,-64.99391017,0.05296805029,0.5960905341,0.317696551,0,-1.222391369,4.403054785,-3.182073051
2.29,-64.99389613,0.05296815361,0.5960903193,0.3176966861,0,-1.222397932,4.403067425,-3.182068838
2.3,-64.99388218,0.05296825628,0.5960901042,0.3176968213,0,-1.222404451,4.403080034,-3.182064655
2.31,-64.99386834,0.05296835829,0.5960898888,0.3176969567,0,-1.222410925,4.403092614,-3.182060503
2.32,-64.99385461,0.05296845964,0.596089673,0.3176970922,0,-1.222417353,4.403105164,-3.182056382
2.33,-64.99384097,0.05296856033,0.596089457,0.3176972278,0,-1.222423736,4.403117684,-3.182052292
2.34,-64.99382744,0.05296866037,0.5960892406,0.3176973636,0,-1.222430075,4.403130174,-3.182048232
2.35,-64.99381401,0.05296875975,0.596089024,0.3176974995,0,-1.222436369,4.403142634,-3.182044203
2.36,-64.99380068,0.05296885848,0.596088807,0.3176976355,0,-1.222442618,4.403155063,-3.182040204
2.37,-64.99378745,0.05296895655,0.5960885898,0.3176977717,0,-1.222448822,4.403167462,-3.182036236
2.38,-64.99377433,0.05296905398,0.5960883722,0.3176979079,0,-1.222454981,4.403179831,-3.182032299
2.39,-64.99376131,0.05296915075,0.5960881544,0.3176980443,0,-1.222461096,4.403192168,-3.182028392
2.4,-64.99374838,0.05296924686,0.5960879363,0.3176981808,0,-1.222467166,4.403204475,-3.182024515
2.41,-64.99373556,0.05296934233,0.596087718,0.3176983175,0,-1.222473192,4.403216751,-3.182020668
2.42,-64.99372284,0.05296943715,0.5960874993,0.3176984542,0,-1.222479173,4.403228997,-3.182016852
2.43,-64.99371022,0.05296953132,0.5960872804,0.317698591,0,-1.22248511,4.403241211,-3.182013066
2.44,-64.9936977,0.05296962484,0.5960870613,0.317698728,0,-1.222491003,4.403253394,-3.18200931
2.45,-64.99368528,0.05296971772,0.5960868419,0.317698865,0,-1.222496851,4.403265545,-3.182005585
2.46,-64.99367296,0.05296980995,0.5960866222,0.3176990021,0,-1.222502656,4.403277666,-3.182001889
2.47,-64.99366074,0.05296990153,0.5960864023,0.3176991393,0,-1.222508416,4.403289754,-3.181998223
2.48,-64.99364863,0.05296999247,0.5960861822,0.3176992766,0,-1.222514132,4.403301811,-3.181994588
2.49,-64.99363661,0.05297008276,0.5960859618,0.317699414,0,-1.222519804,4.403313837,-3.181990982
2.5,-64.99362469,0.05297017242,0.5960857412,0.3176995515,0,-1.222525432,4.403325831,-3.181987406
2.51,-64.99361287,0.05297026143,0.5960855203,0.3176996891,0,-1.222531016,4.403337792,-3.18198386
2.52,-64.99360115,0.0529703498,0.5960852992,0.3176998267,0,-1.222536557,4.403349722,-3.181980344
2.53,-64.99358952,0.05297043753,0.5960850779,0.3176999645,0,-1.222542054,4.40336162,-3.181976857
2.54,-64.993578,0.05297052462,0.5960848564,0.3177001022,0,-1.222547507,4.403373485,-3.1819734
2.55,-64.99356657,0.05297061107,0.5960846347,0.3177002401,0,-1.222552917,4.403385319,-3.181969972
2.56,-64.99355525,0.05297069689,0.5960844128,0.317700378,0,-1.222558283,4.403397119,-3.181966574
2.57,-64.99354402,0.05297078207,0.5960841907,0.317700516,0,-1.222563606,4.403408888,-3.181963206
2.58,-64.99353289,0.05297086661,0.5960839684,0.3177006541,0,-1.222568886,4.403420624,-3.181959867
2.59,-64.99352186,0.05297095052,0.5960837458,0.3177007922,0,-1.222574122,4.403432327,-3.181956557
2.6,-64.99351092,0.0529710338,0.5960835231,0.3177009304,0,-1.222579315,4.403443997,-3.181953277
2.61,-64.99350008,0.05297111644,0.5960833002,0.3177010686,0,-1.222584465,4.403455635,-3.181950025
2.62,-64.99348934,0.05297119846,0.5960830772,0.3177012068,0,-1.222589572,4.40346724,-3.181946803
2.63,-64.9934787,0.05297127984,0.5960828539,0.3177013452,0,-1.222594636,4.403478812,-3.181943611
2.64,-64.99346816,0.05297136059,0.5960826305,0.3177014835,0,-1.222599657,4.40349035,-3.181940447
2.65,-64.99345771,0.05297144072,0.5960824069,0.3177016219,0,-1.222604636,4.403501856,-3.181937312
2.66,-64.99344735,0.05297152022,0.5960821832,0.3177017604,0,-1.222609571,4.403513328,-3.181934206
2.67,-64.9934371,0.05297159909,0.5960819592,0.3177018988,0,-1.222614464,4.403524767,-3.181931129
2.68,-64.99342694,0.05297167734,0.5960817352,0.3177020373,0,-1.222619315,4.403536173,-3.181928081
2.69,-64.99341687,0.05297175496,0.5960815109,0.3177021759,0,-1.222624122,4.403547545,-3.181925062
2.7,-64.9934069,0.05297183196,0.5960812866,0.3177023144,0,-1.222628888,4.403558883,-3.181922071
2.71,-64.99339703,0.05297190834,0.596081062,0.317702453,0,-1.222633611,4.403570188,-3.18191911
2.72,-64.99338725,0.0529719841,0.5960808374,0.3177025917,0,-1.222638292,4.403581459,-3.181916176
2.73,-64.99337757,0.05297205924,0.5960806126,0.3177027303,0,-1.222642931,4.403592697,-3.181913271
2.74,-64.99336798,0.05297213376,0.5960803877,0.3177028689,0,-1.222647527,4.4036039,-3.181910395
2.75,-64.99335849,0.05297220766,0.5960801626,0.3177030076,0,-1.222652082,4.403615069,-3.181907547
2.76,-64.99334909,0.05297228094,0.5960799374,0.3177031463,0,-1.222656595,4.403626205,-3.181904728
2.77,-64.99333979,0.05297235361,0.5960797121,0.3177032849,0,-1.222661066,4.403637306,-3.181901937
2.78,-64.99333058,0.05297242567,0.5960794867,0.3177034236,0,-1.222665495,4.403648373,-3.181899174
2.79,-64.99332146,0.05297249711,0.5960792612,0.3177035623,0,-1.222669882,4.403659406,-3.181896439
2.8,-64.99331244,0.05297256794,0.5960790356,0.317703701,0,-1.222674228,4.403670405,-3.181893732
2.81,-64.99330351,0.05297263816,0.5960788098,0.3177038397,0,-1.222678532,4.403681369,-3.181891053
2.82,-64.99329468,0.05297270777,0.596078584,0.3177039784,0,-1.222682795,4.403692299,-3.181888403
2.83,-64.99328593,0.05297277677,0.5960783581,0.3177041171,0,-1.222687017,4.403703194,-3.18188578
2.84,-64.99327728,0.05297284517,0.5960781321,0.3177042557,0,-1.222691197,4.403714055,-3.181883185
2.85,-64.99326873,0.05297291296,0.596077906,0.3177043944,0,-1.222695336,4.403724881,-3.181880618
2.86,-64.99326026,0.05297298014,0.5960776798,0.317704533,0,-1.222699434,4.403735672,-3.181878079
2.87,-64.99325189,0.05297304672,0.5960774535,0.3177046716,0,-1.222703491,4.403746429,-3.181875567
2.88,-64.99324361,0.05297311269,0.5960772271,0.3177048102,0,-1.222707507,4.403757151,-3.181873083
2.89,-64.99323542,0.05297317807,0.5960770007,0.3177049488,0,-1.222711483,4.403767838,-3.181870626
2.9,-64.99322732,0.05297324284,0.5960767742,0.3177050874,0,-1.222715417,4.403778489,-3.181868197
2.91,-64.99321932,0.05297330702,0.5960765477,0.3177052259,0,-1.222719311,4.403789106,-3.181865796
2.92,-64.9932114,0.0529733706,0.5960763211,0.3177053644,0,-1.222723165,4.403799688,-3.181863421
2.93,-64.99320358,0.05297343358,0.5960760944,0.3177055029,0,-1.222726978,4.403810235,-3.181861074
2.94,-64.99319585,0.05297349596,0.5960758677,0.3177056413,0,-1.22273075,4.403820746,-3.181858754
2.95,-64.99318821,0.05297355775,0.5960756409,0.3177057797,0,-1.222734483,4.403831222,-3.181856462
2.96,-64.99318065,0.05297361895,0.5960754141,0.317705918,0,-1.222738175,4.403841663,-3.181854196
2.97,-64.99317319,0.05297367956,0.5960751872,0.3177060563,0,-1.222741827,4.403852068,-3.181851957
2.98,-64.99316582,0.05297373957,0.5960749603,0.3177061946,0,-1.222745439,4.403862438,-3.181849746
2.99,-64.99315854,0.052973799,0.5960747333,0.3177063328,0,-1.222749011,4.403872773,-3.181847561
3,-64.99315134,0.05297385784,0.5960745064,0.317706471,0,-1.222752543,4.403883072,-3.181845403
3.01,-64.99314424,0.05297391609,0.5960742794,0.3177066091,0,-1.222756036,4.403893336,-3.181843272
3.02,-64.99313722,0.05297397375,0.5960740524,0.3177067472,0,-1.222759489,4.403903563,-3.181841167
3.03,-64.9931303,0.05297403084,0.5960738253,0.3177068852,0,-1.222762902,4.403913756,-3.181839089
3.04,-64.99312346,0.05297408734,0.5960735983,0.3177070231,0,-1.222766276,4.403923912,-3.181837037
3.05,-64.99311671,0.05297414325,0.5960733712,0.317707161,0,-1.22276961,4.403934033,-3.181835013
3.06,-64.99311005,0.05297419859,0.5960731441,0.3177072988,0,-1.222772906,4.403944118,-3.181833014
3.07,-64.99310347,0.05297425335,0.5960729171,0.3177074365,0,-1.222776162,4.403954167,-3.181831042
3.08,-64.99309699,0.05297430753,0.59607269,0.3177075742,0,-1.222779379,4.40396418,-3.181829096
3.09,-64.99309059,0.05297436113,0.5960724629,0.3177077118,0,-1.222782557,4.403974157,-3.181827176
3.1,-64.99308427,0.05297441416,0.5960722358,0.3177078494,0,-1.222785696,4.403984098,-3.181825282
3.11,-64.99307805,0.05297446662,0.5960720088,0.3177079868,0,-1.222788797,4.403994003,-3.181823415
3.12,-64.99307191,0.0529745185,0.5960717817,0.3177081242,0,-1.222791858,4.404003872,-3.181821573
3.13,-64.99306586,0.05297456981,0.5960715547,0.3177082615,0,-1.222794882,4.404013705,-3.181819757
3.14,-64.99305989,0.05297462055,0.5960713276,0.3177083987,0,-1.222797866,4.404023502,-3.181817967
3.15,-64.99305401,0.05297467073,0.5960711007,0.3177085358,0,-1.222800812,4.404033262,-3.181816203
3.16,-64.99304822,0.05297472034,0.5960708737,0.3177086729,0,-1.22280372,4.404042986,-3.181814465
3.17,-64.99304251,0.05297476938,0.5960706468,0.3177088098,0,-1.22280659,4.404052674,-3.181812752
3.18,-64.99303688,0.05297481785,0.5960704198,0.3177089467,0,-1.222809422,4.404062326,-3.181811065
3.19,-64.99303134,0.05297486577,0.596070193,0.3177090835,0,-1.222812215,4.404071941,-3.181809403
3.2,-64.99302589,0.05297491312,0.5960699662,0.3177092202,0,-1.222814971,4.40408152,-3.181807767
3.21,-64.99302052,0.05297495991,0.5960697394,0.3177093567,0,-1.222817689,4.404091063,-3.181806156
3.22,-64.99301523,0.05297500614,0.5960695126,0.3177094932,0,-1.222820369,4.404100569,-3.18180457
3.23,-64.99301003,0.05297505182,0.596069286,0.3177096296,0,-1.222823012,4.404110038,-3.181803009
3.24,-64.99300491,0.05297509694,0.5960690593,0.3177097658,0,-1.222825617,4.404119471,-3.181801474
3.25,-64.99299988,0.0529751415,0.5960688328,0.317709902,0,-1.222828185,4.404128868,-3.181799964
3.26,-64.99299493,0.05297518551,0.5960686063,0.3177100381,0,-1.222830715,4.404138228,-3.181798478
3.27,-64.99299006,0.05297522897,0.5960683798,0.317710174,0,-1.222833209,4.404147551,-3.181797018
3.28,-64.99298527,0.05297527188,0.5960681534,0.3177103098,0,-1.222835665,4.404156838,-3.181795582
3.29,-64.99298057,0.05297531424,0.5960679271,0.3177104455,0,-1.222838084,4.404166088,-3.181794171
3.3,-64.99297595,0.05297535606,0.5960677009,0.3177105811,0,-1.222840466,4.404175301,-3.181792785
3.31,-64.99297141,0.05297539732,0.5960674747,0.3177107166,0,-1.222842812,4.404184478,-3.181791424
3.32,-64.99296696,0.05297543804,0.5960672487,0.317710852,0,-1.22284512,4.404193618,-3.181790087
3.33,-64.99296258,0.05297547822,0.5960670227,0.3177109872,0,-1.222847392,4.404202721,-3.181788774
3.34,-64.99295829,0.05297551786,0.5960667968,0.3177111223,0,-1.222849628,4.404211787,-3.181787486
3.35,-64.99295407,0.05297555696,0.596066571,0.3177112573,0,-1.222851827,4.404220816,-3.181786222
3.36,-64.99294994,0.05297559551,0.5960663452,0.3177113921,0,-1.222853991,4.404229809,-3.181784982
3.37,-64.99294589,0.05297563353,0.5960661196,0.3177115268,0,-1.222856117,4.404238765,-3.181783767
3.38,-64.99294192,0.05297567101,0.5960658941,0.3177116614,0,-1.222858208,4.404247684,-3.181782576
3.39,-64.99293803,0.05297570796,0.5960656687,0.3177117958,0,-1.222860263,4.404256566,-3.181781408
3.4,-64.99293422,0.05297574438,0.5960654434,0.3177119301,0,-1.222862282,4.404265411,-3.181780265
3.41,-64.99293049,0.05297578026,0.5960652182,0.3177120643,0,-1.222864265,4.404274219,-3.181779146
3.42,-64.99292683,0.05297581562,0.5960649931,0.3177121983,0,-1.222866213,4.40428299,-3.18177805
3.43,-64.99292326,0.05297585044,0.5960647681,0.3177123322,0,-1.222868125,4.404291724,-3.181776978
3.44,-64.99291977,0.05297588474,0.5960645432,0.3177124659,0,-1.222870002,4.404300422,-3.18177593
3.45,-64.99291635,0.05297591851,0.5960643185,0.3177125995,0,-1.222871843,4.404309082,-3.181774905
3.46,-64.99291301,0.05297595176,0.5960640939,0.317712733,0,-1.222873649,4.404317705,-3.181773904
3.47,-64.99290975,0.05297598448,0.5960638694,0.3177128662,0,-1.22287542,4.404326291,-3.181772926
3.48,-64.99290657,0.05297601668,0.5960636451,0.3177129994,0,-1.222877156,4.40433484,-3.181771971
3.49,-64.99290347,0.05297604837,0.5960634209,0.3177131323,0,-1.222878857,4.404343353,-3.18177104
3.5,-64.99290044,0.05297607953,0.5960631968,0.3177132652,0,-1.222880523,4.404351828,-3.181770132
3.51,-64.99289749,0.05297611018,0.5960629728,0.3177133978,0,-1.222882155,4.404360265,-3.181769247
3.52,-64.99289462,0.05297614031,0.596062749,0.3177135303,0,-1.222883752,4.404368666,-3.181768385
3.53,-64.99289182,0.05297616993,0.5960625254,0.3177136626,0,-1.222885315,4.40437703,-3.181767546
3.54,-64.9928891,0.05297619904,0.5960623019,0.3177137948,0,-1.222886843,4.404385357,-3.18176673
3.55,-64.99288646,0.05297622763,0.5960620786,0.3177139268,0,-1.222888337,4.404393646,-3.181765937
3.56,-64.99288389,0.05297625572,0.5960618554,0.3177140586,0,-1.222889796,4.404401899,-3.181765166
3.57,-64.99288139,0.0529762833,0.5960616323,0.3177141903,0,-1.222891222,4.404410114,-3.181764418
3.58,-64.99287898,0.05297631037,0.5960614095,0.3177143218,0,-1.222892614,4.404418292,-3.181763693
3.59,-64.99287663,0.05297633694,0.5960611868,0.3177144531,0,-1.222893972,4.404426433,-3.18176299
3.6,-64.99287437,0.052976363,0.5960609642,0.3177145843,0,-1.222895296,4.404434537,-3.18176231
3.61,-64.99287217,0.05297638856,0.5960607418,0.3177147152,0,-1.222896587,4.404442604,-3.181761652
3.62,-64.99287005,0.05297641363,0.5960605196,0.317714846,0,-1.222897844,4.404450633,-3.181761016
3.63,-64.99286801,0.05297643819,0.5960602976,0.3177149766,0,-1.222899068,4.404458626,-3.181760402
3.64,-64.99286604,0.05297646226,0.5960600758,0.317715107,0,-1.222900259,4.404466581,-3.181759811
3.65,-64.99286414,0.05297648583,0.5960598541,0.3177152373,0,-1.222901416,4.404474499,-3.181759242
3.66,-64.99286231,0.05297650891,0.5960596326,0.3177153673,0,-1.22290254,4.40448238,-3.181758694
3.67,-64.99286056,0.05297653149,0.5960594113,0.3177154972,0,-1.222903632,4.404490224,-3.181758168
3.68,-64.99285888,0.05297655359,0.5960591902,0.3177156268,0,-1.222904691,4.404498031,-3.181757665
3.69,-64.99285727,0.05297657519,0.5960589693,0.3177157563,0,-1.222905716,4.4045058,-3.181757182
3.7,-64.99285574,0.05297659631,0.5960587486,0.3177158856,0,-1.22290671,4.404513532,-3.181756722
3.71,-64.99285428,0.05297661694,0.5960585281,0.3177160147,0,-1.222907671,4.404521228,-3.181756283
3.72,-64.99285289,0.05297663709,0.5960583078,0.3177161436,0,-1.222908599,4.404528886,-3.181755866
3.73,-64.99285156,0.05297665676,0.5960580876,0.3177162723,0,-1.222909495,4.404536507,-3.181755469
3.74,-64.99285032,0.05297667594,0.5960578677,0.3177164008,0,-1.222910359,4.40454409,-3.181755095
3.75,-64.99284914,0.05297669464,0.596057648,0.3177165291,0,-1.222911191,4.404551637,-3.181754741
3.76,-64.99284803,0.05297671287,0.5960574285,0.3177166572,0,-1.222911991,4.404559147,-3.181754409
3.77,-64.99284699,0.05297673062,0.5960572093,0.3177167851,0,-1.222912759,4.404566619,-3.181754098
3.78,-64.99284603,0.05297674789,0.5960569902,0.3177169128,0,-1.222913496,4.404574055,-3.181753808
3.79,-64.99284513,0.05297676469,0.5960567713,0.3177170402,0,-1.222914201,4.404581453,-3.181753538
3.8,-64.9928443,0.05297678102,0.5960565527,0.3177171675,0,-1.222914874,4.404588814,-3.18175329
3.81,-64.99284354,0.05297679688,0.5960563343,0.3177172946,0,-1.222915516,4.404596138,-3.181753062
3.82,-64.99284285,0.05297681227,0.5960561162,0.3177174214,0,-1.222916127,4.404603425,-3.181752855
3.83,-64.99284223,0.05297682719,0.5960558982,0.3177175481,0,-1.222916707,4.404610675,-3.181752669
3.84,-64.99284168,0.05297684165,0.5960556805,0.3177176745,0,-1.222917255,4.404617888,-3.181752503
3.85,-64.99284119,0.05297685564,0.596055463,0.3177178007,0,-1.222917773,4.404625064,-3.181752357
3.86,-64.99284077,0.05297686917,0.5960552458,0.3177179267,0,-1.22291826,4.404632203,-3.181752232
3.87,-64.99284043,0.05297688224,0.5960550288,0.3177180524,0,-1.222918716,4.404639305,-3.181752128
3.88,-64.99284014,0.05297689485,0.596054812,0.317718178,0,-1.222919142,4.40464637,-3.181752043
3.89,-64.99283993,0.05297690701,0.5960545955,0.3177183033,0,-1.222919537,4.404653398,-3.181751979
3.9,-64.99283978,0.05297691871,0.5960543792,0.3177184284,0,-1.222919902,4.404660389,-3.181751934
3.91,-64.9928397,0.05297692995,0.5960541632,0.3177185532,0,-1.222920237,4.404667344,-3.18175191
3.92,-64.99283969,0.05297694074,0.5960539475,0.3177186779,0,-1.222920541,4.404674261,-3.181751906
3.93,-64.99283974,0.05297695108,0.5960537319,0.3177188023,0,-1.222920816,4.404681141,-3.181751921
3.94,-64.99283985,0.05297696098,0.5960535167,0.3177189265,0,-1.22292106,4.404687985,-3.181751956
3.95,-64.99284004,0.05297697042,0.5960533017,0.3177190504,0,-1.222921275,4.404694791,-3.181752011
3.96,-64.99284028,0.05297697942,0.5960530869,0.3177191741,0,-1.22292146,4.404701561,-3.181752085
3.97,-64.9928406,0.05297698797,0.5960528725,0.3177192976,0,-1.222921616,4.404708294,-3.181752179
3.98,-64.99284097,0.05297699608,0.5960526583,0.3177194209,0,-1.222921742,4.40471499,-3.181752292
3.99,-64.99284141,0.05297700375,0.5960524443,0.3177195439,0,-1.222921839,4.404721649,-3.181752424
4,-64.99284192,0.05297701098,0.5960522307,0.3177196666,0,-1.222921907,4.404728272,-3.181752576
4.01,-64.99284249,0.05297701777,0.5960520173,0.3177197892,0,-1.222921945,4.404734858,-3.181752747
4.02,-64.99284312,0.05297702413,0.5960518041,0.3177199115,0,-1.222921955,4.404741407,-3.181752937
4.03,-64.99284382,0.05297703005,0.5960515913,0.3177200335,0,-1.222921936,4.40474792,-3.181753146
4.04,-64.99284458,0.05297703554,0.5960513787,0.3177201553,0,-1.222921888,4.404754395,-3.181753374
4.05,-64.9928454,0.0529770406,0.5960511664,0.3177202769,0,-1.222921811,4.404760835,-3.181753621
4.06,-64.99284629,0.05297704523,0.5960509545,0.3177203982,0,-1.222921706,4.404767237,-3.181753887
4.07,-64.99284724,0.05297704943,0.5960507427,0.3177205193,0,-1.222921573,4.404773603,-3.181754171
4.08,-64.99284825,0.0529770532,0.5960505313,0.3177206401,0,-1.222921411,4.404779933,-3.181754474
4.09,-64.99284932,0.05297705655,0.5960503202,0.3177207606,0,-1.222921221,4.404786226,-3.181754795
4.1,-64.99285045,0.05297705947,0.5960501093,0.3177208809,0,-1.222921003,4.404792482,-3.181755135
4.11,-64.99285164,0.05297706198,0.5960498988,0.317721001,0,-1.222920757,4.404798702,-3.181755493
4.12,-64.9928529,0.05297706406,0.5960496886,0.3177211208,0,-1.222920484,4.404804885,-3.18175587
4.13,-64.99285421,0.05297706573,0.5960494786,0.3177212404,0,-1.222920182,4.404811033,-3.181756264
4.14,-64.99285559,0.05297706698,0.596049269,0.3177213597,0,-1.222919853,4.404817143,-3.181756677
4.15,-64.99285703,0.05297706781,0.5960490596,0.3177214787,0,-1.222919497,4.404823218,-3.181757108
4.16,-64.99285852,0.05297706823,0.5960488506,0.3177215975,0,-1.222919113,4.404829256,-3.181757557
4.17,-64.99286008,0.05297706825,0.5960486419,0.317721716,0,-1.222918702,4.404835257,-3.181758023
4.18,-64.99286169,0.05297706785,0.5960484334,0.3177218342,0,-1.222918264,4.404841223,-3.181758508
4.19,-64.99286337,0.05297706704,0.5960482253,0.3177219522,0,-1.222917799,4.404847152,-3.18175901
4.2,-64.9928651,0.05297706582,0.5960480175,0.31772207,0,-1.222917307,4.404853045,-3.18175953
4.21,-64.99286689,0.0529770642,0.5960478101,0.3177221874,0,-1.222916788,4.404858902,-3.181760067
4.22,-64.99286874,0.05297706218,0.5960476029,0.3177223046,0,-1.222916243,4.404864723,-3.181760622
4.23,-64.99287065,0.05297705976,0.5960473961,0.3177224216,0,-1.222915671,4.404870508,-3.181761194
4.24,-64.99287261,0.05297705694,0.5960471896,0.3177225382,0,-1.222915073,4.404876257,-3.181761784
4.25,-64.99287464,0.05297705371,0.5960469834,0.3177226546,0,-1.222914448,4.404881969,-3.181762391
4.26,-64.99287672,0.0529770501,0.5960467775,0.3177227708,0,-1.222913797,4.404887646,-3.181763015
4.27,-64.99287885,0.05297704608,0.596046572,0.3177228866,0,-1.22291312,4.404893287,-3.181763656
4.28,-64.99288105,0.05297704168,0.5960463668,0.3177230022,0,-1.222912417,4.404898892,-3.181764314
4.29,-64.9928833,0.05297703688,0.5960461619,0.3177231175,0,-1.222911689,4.404904461,-3.181764989
4.3,-64.9928856,0.05297703169,0.5960459574,0.3177232325,0,-1.222910934,4.404909994,-3.181765681
4.31,-64.99288796,0.05297702611,0.5960457532,0.3177233473,0,-1.222910154,4.404915491,-3.181766389
4.32,-64.99289038,0.05297702015,0.5960455493,0.3177234617,0,-1.222909349,4.404920953,-3.181767114
4.33,-64.99289285,0.0529770138,0.5960453458,0.3177235759,0,-1.222908518,4.404926379,-3.181767856
4.34,-64.99289538,0.05297700707,0.5960451426,0.3177236899,0,-1.222907662,4.404931769,-3.181768614
4.35,-64.99289796,0.05297699996,0.5960449397,0.3177238035,0,-1.222906781,4.404937124,-3.181769389
4.36,-64.9929006,0.05297699247,0.5960447372,0.3177239169,0,-1.222905875,4.404942443,-3.18177018
4.37,-64.99290329,0.0529769846,0.5960445351,0.3177240299,0,-1.222904943,4.404947726,-3.181770987
4.38,-64.99290604,0.05297697635,0.5960443333,0.3177241427,0,-1.222903987,4.404952974,-3.181771811
4.39,-64.99290883,0.05297696773,0.5960441318,0.3177242552,0,-1.222903007,4.404958187,-3.18177265
4.4,-64.99291169,0.05297695874,0.5960439307,0.3177243675,0,-1.222902002,4.404963364,-3.181773506
4.41,-64.99291459,0.05297694937,0.59604373,0.3177244794,0,-1.222900972,4.404968506,-3.181774377
4.42,-64.99291755,0.05297693963,0.5960435296,0.317724591,0,-1.222899918,4.404973613,-3.181775265
4.43,-64.99292056,0.05297692953,0.5960433296,0.3177247024,0,-1.22289884,4.404978684,-3.181776168
4.44,-64.99292362,0.05297691906,0.5960431299,0.3177248135,0,-1.222897738,4.40498372,-3.181777087
4.45,-64.99292674,0.05297690822,0.5960429306,0.3177249243,0,-1.222896612,4.404988721,-3.181778021
4.46,-64.9929299,0.05297689703,0.5960427317,0.3177250348,0,-1.222895462,4.404993687,-3.181778971
4.47,-64.99293312,0.05297688547,0.5960425331,0.317725145,0,-1.222894288,4.404998617,-3.181779937
4.48,-64.99293639,0.05297687355,0.5960423349,0.3177252549,0,-1.222893091,4.405003513,-3.181780918
4.49,-64.99293971,0.05297686127,0.596042137,0.3177253645,0,-1.22289187,4.405008374,-3.181781914
4.5,-64.99294308,0.05297684863,0.5960419395,0.3177254738,0,-1.222890626,4.405013199,-3.181782925
4.51,-64.99294651,0.05297683565,0.5960417424,0.3177255828,0,-1.222889358,4.40501799,-3.181783952
4.52,-64.99294998,0.0529768223,0.5960415457,0.3177256916,0,-1.222888067,4.405022746,-3.181784993
4.53,-64.9929535,0.05297680861,0.5960413493,0.3177258,0,-1.222886754,4.405027467,-3.18178605
4.54,-64.99295707,0.05297679457,0.5960411533,0.3177259081,0,-1.222885417,4.405032154,-3.181787121
4.55,-64.99296069,0.05297678018,0.5960409577,0.3177260159,0,-1.222884058,4.405036806,-3.181788207
4.56,-64.99296436,0.05297676544,0.5960407625,0.3177261235,0,-1.222882676,4.405041423,-3.181789308
4.57,-64.99296808,0.05297675036,0.5960405677,0.3177262307,0,-1.222881271,4.405046005,-3.181790424
4.58,-64.99297185,0.05297673493,0.5960403732,0.3177263376,0,-1.222879844,4.405050553,-3.181791554
4.59,-64.99297566,0.05297671916,0.5960401791,0.3177264443,0,-1.222878394,4.405055067,-3.181792699
4.6,-64.99297953,0.05297670306,0.5960399854,0.3177265506,0,-1.222876923,4.405059546,-3.181793858
4.61,-64.99298344,0.05297668661,0.5960397921,0.3177266566,0,-1.222875429,4.405063991,-3.181795031
4.62,-64.9929874,0.05297666983,0.5960395992,0.3177267623,0,-1.222873913,4.405068401,-3.181796219
4.63,-64.9929914,0.05297665272,0.5960394067,0.3177268678,0,-1.222872376,4.405072777,-3.181797421
4.64,-64.99299546,0.05297663527,0.5960392145,0.3177269729,0,-1.222870816,4.405077119,-3.181798637
4.65,-64.99299956,0.05297661749,0.5960390228,0.3177270777,0,-1.222869235,4.405081427,-3.181799867
4.66,-64.9930037,0.05297659938,0.5960388315,0.3177271822,0,-1.222867633,4.405085701,-3.181801111
4.67,-64.9930079,0.05297658094,0.5960386405,0.3177272864,0,-1.222866009,4.405089941,-3.181802369
4.68,-64.99301213,0.05297656218,0.5960384499,0.3177273902,0,-1.222864363,4.405094146,-3.18180364
4.69,-64.99301642,0.05297654309,0.5960382598,0.3177274938,0,-1.222862697,4.405098318,-3.181804925
4.7,-64.99302075,0.05297652368,0.59603807,0.3177275971,0,-1.222861009,4.405102456,-3.181806224
4.71,-64.99302512,0.05297650395,0.5960378807,0.3177277,0,-1.222859301,4.40510656,-3.181807537
4.72,-64.99302954,0.05297648389,0.5960376917,0.3177278026,0,-1.222857572,4.40511063,-3.181808863
4.73,-64.99303401,0.05297646352,0.5960375032,0.317727905,0,-1.222855822,4.405114667,-3.181810202
4.74,-64.99303852,0.05297644284,0.596037315,0.317728007,0,-1.222854051,4.40511867,-3.181811555
4.75,-64.99304307,0.05297642184,0.5960371273,0.3177281087,0,-1.22285226,4.405122639,-3.18181292
4.76,-64.99304766,0.05297640052,0.5960369399,0.31772821,0,-1.222850449,4.405126575,-3.181814299
4.77,-64.9930523,0.05297637889,0.596036753,0.3177283111,0,-1.222848617,4.405130478,-3.181815691
4.78,-64.99305699,0.05297635696,0.5960365665,0.3177284118,0,-1.222846765,4.405134347,-3.181817096
4.79,-64.99306171,0.05297633472,0.5960363804,0.3177285123,0,-1.222844893,4.405138183,-3.181818514
4.8,-64.99306648,0.05297631217,0.5960361947,0.3177286124,0,-1.222843001,4.405141985,-3.181819945
4.81,-64.99307129,0.05297628931,0.5960360095,0.3177287122,0,-1.22284109,4.405145755,-3.181821388
4.82,-64.99307615,0.05297626615,0.5960358246,0.3177288117,0,-1.222839158,4.405149491,-3.181822845
4.83,-64.99308104,0.05297624269,0.5960356402,0.3177289108,0,-1.222837208,4.405153194,-3.181824313
4.84,-64.99308598,0.05297621893,0.5960354562,0.3177290097,0,-1.222835237,4.405156864,-3.181825795
4.85,-64.99309096,0.05297619488,0.5960352726,0.3177291082,0,-1.222833248,4.405160501,-3.181827288
4.86,-64.99309598,0.05297617052,0.5960350894,0.3177292064,0,-1.222831239,4.405164105,-3.181828794
4.87,-64.99310104,0.05297614588,0.5960349066,0.3177293043,0,-1.222829211,4.405167676,-3.181830313
4.88,-64.99310614,0.05297612093,0.5960347243,0.3177294018,0,-1.222827164,4.405171215,-3.181831843
4.89,-64.99311129,0.0529760957,0.5960345424,0.3177294991,0,-1.222825098,4.405174721,-3.181833386
4.9,-64.99311647,0.05297607018,0.5960343609,0.317729596,0,-1.222823013,4.405178194,-3.181834941
4.91,-64.99312169,0.05297604437,0.5960341798,0.3177296926,0,-1.22282091,4.405181635,-3.181836507
4.92,-64.99312695,0.05297601827,0.5960339992,0.3177297888,0,-1.222818788,4.405185043,-3.181838086
4.93,-64.99313225,0.05297599189,0.596033819,0.3177298848,0,-1.222816648,4.405188418,-3.181839676
4.94,-64.99313759,0.05297596522,0.5960336392,0.3177299804,0,-1.22281449,4.405191762,-3.181841278
4.95,-64.99314297,0.05297593828,0.5960334599,0.3177300757,0,-1.222812313,4.405195073,-3.181842892
4.96,-64.99314839,0.05297591105,0.596033281,0.3177301706,0,-1.222810118,4.405198352,-3.181844518
4.97,-64.99315385,0.05297588354,0.5960331025,0.3177302653,0,-1.222807905,4.405201598,-3.181846154
4.98,-64.99315934,0.05297585576,0.5960329245,0.3177303596,0,-1.222805675,4.405204813,-3.181847803
4.99,-64.99316487,0.0529758277,0.5960327469,0.3177304536,0,-1.222803426,4.405207995,-3.181849462
5,-64.9815819,0.05297579937,0.5960325697,0.3177305472,6.953125,-1.222677931,4.40946289,-3.178374571
5.01,-64.91236669,0.05298777621,0.5960304923,0.3177319392,6.953125,-1.222766618,4.434935125,-3.157610006
5.02,-64.84360593,0.0530170888,0.5960255755,0.3177352694,6.953125,-1.224054041,4.460350337,-3.13698178
5.03,-64.77528605,0.05306292732,0.5960178328,0.3177405261,6.953125,-1.226485728,4.485714694,-3.116485816
5.04,-64.70739407,0.05312452529,0.5960072773,0.3177476982,6.953125,-1.230012172,4.511034126,-3.096118221
5.05,-64.63991758,0.05320115713,0.5959939214,0.3177567745,6.953125,-1.234588356,4.536314341,-3.075875275
5.06,-64.57284471,0.05329213576,0.5959777774,0.3177677445,6.953125,-1.240173323,4.561560842,-3.055753412
5.07,-64.50616404,0.05339681051,0.595958857,0.3177805977,6.953125,-1.2467298,4.586778948,-3.035749212
5.08,-64.43986462,0.05351456501,0.5959371715,0.3177953239,6.953125,-1.254223852,4.611973804,-3.015859387
5.09,-64.3739359,0.05364481531,0.5959127319,0.3178119132,6.953125,-1.262624582,4.637150399,-2.99608077
5.1,-64.30836769,0.05378700808,0.5958855486,0.317830356,6.953125,-1.271903855,4.662313575,-2.976410307
5.11,-64.24315017,0.05394061889,0.595855632,0.3178506427,6.953125,-1.282036057,4.68746804,-2.95684505
5.12,-64.17827381,0.0541051507,0.5958229919,0.3178727641,6.953125,-1.292997871,4.712618379,-2.937382143
5.13,-64.11372941,0.05428013228,0.5957876378,0.3178967113,6.953125,-1.304768084,4.737769064,-2.918018822
5.14,-64.04950802,0.05446511691,0.5957495789,0.3179224755,6.953125,-1.317327405,4.76292446,-2.898752405
5.15,-63.98560094,0.05465968099,0.5957088242,0.317950048,6.953125,-1.33065831,4.788088836,-2.879580283
5.16,-63.92199974,0.05486342283,0.595665382,0.3179794205,6.953125,-1.344744894,4.813266372,-2.860499922
5.17,-63.85869617,0.05507596152,0.5956192608,0.3180105849,6.953125,-1.359572743,4.838461165,-2.84150885
5.18,-63.79568219,0.05529693578,0.5955704685,0.3180435331,6.953125,-1.375128816,4.863677237,-2.822604656
5.19,-63.73294996,0.05552600299,0.5955190128,0.3180782573,6.953125,-1.391401341,4.888918541,-2.803784987
5.2,-63.6704918,0.05576283816,0.5954649009,0.3181147499,6.953125,-1.408379718,4.914188964,-2.78504754
5.21,-63.60830021,0.05600713307,0.5954081401,0.3181530036,6.953125,-1.426054432,4.939492337,-2.766390064
5.22,-63.54636783,0.05625859539,0.5953487372,0.318193011,6.953125,-1.444416976,4.964832434,-2.747810349
5.23,-63.48468743,0.05651694786,0.5952866987,0.318234765,6.953125,-1.463459779,4.990212981,-2.729306229
5.24,-63.42325193,0.05678192754,0.5952220309,0.3182782589,6.953125,-1.483176144,5.015637662,-2.710875578
5.25,-63.36205434,0.05705328508,0.5951547398,0.3183234858,6.953125,-1.503560188,5.041110116,-2.692516303
5.26,-63.30108783,0.05733078405,0.5950848312,0.3183704393,6.953125,-1.524606789,5.066633947,-2.674226349
5.27,-63.24034563,0.05761420029,0.5950123106,0.3184191129,6.953125,-1.546311542,5.092212727,-2.656003688
5.28,-63.17982108,0.0579033213,0.5949371831,0.3184695004,6.953125,-1.568670711,5.117849996,-2.637846323
5.29,-63.11950761,0.05819794569,0.5948594538,0.3185215957,6.953125,-1.591681194,5.14354927,-2.619752283
5.3,-63.05939874,0.05849788264,0.5947791275,0.3185753931,6.953125,-1.615340484,5.169314039,-2.601719623
5.31,-62.99948806,0.05880295134,0.5946962084,0.3186308867,6.953125,-1.639646641,5.195147775,-2.583746419
5.32,-62.93976924,0.05911298059,0.594610701,0.318688071,6.953125,-1.66459826,5.221053932,-2.565830771
5.33,-62.88023598,0.05942780828,0.5945226092,0.3187469407,6.953125,-1.690194447,5.24703595,-2.547970795
5.34,-62.82088209,0.05974728099,0.5944319366,0.3188074904,6.953125,-1.716434793,5.273097255,-2.530164626
5.35,-62.76170139,0.06007125359,0.5943386867,0.3188697151,6.953125,-1.743319354,5.299241265,-2.512410418
5.36,-62.70268779,0.06039958884,0.5942428628,0.3189336099,6.953125,-1.770848633,5.325471392,-2.494706337
5.37,-62.64383521,0.06073215704,0.5941444679,0.3189991701,6.953125,-1.799023562,5.351791044,-2.477050562
5.38,-62.58513763,0.06106883568,0.5940435045,0.319066391,6.953125,-1.827845485,5.378203623,-2.459441288
5.39,-62.52658905,0.06140950911,0.5939399753,0.3191352682,6.953125,-1.857316148,5.404712536,-2.441876716
5.4,-62.46818354,0.06175406827,0.5938338825,0.3192057974,6.953125,-1.887437682,5.43132119,-2.424355062
5.41,-62.40991515,0.06210241037,0.5937252279,0.3192779745,6.953125,-1.918212598,5.458032997,-2.406874546
5.42,-62.35177799,0.0624544386,0.5936140134,0.3193517956,6.953125,-1.949643773,5.484851377,-2.389433398
5.43,-62.29376618,0.06281006192,0.5935002403,0.3194272569,6.953125,-1.981734443,5.511779756,-2.372029854
5.44,-62.23587385,0.06316919479,0.5933839099,0.3195043547,6.953125,-2.014488198,5.538821575,-2.354662155
5.45,-62.17809516,0.06353175693,0.5932650232,0.3195830856,6.953125,-2.047908973,5.565980286,-2.337328547
5.46,-62.12042426,0.06389767312,0.5931435808,0.3196634462,6.953125,-2.082001045,5.593259356,-2.320027279
5.47,-62.06285534,0.064266873,0.5930195832,0.3197454334,6.953125,-2.11676903,5.62066227,-2.302756601
5.48,-62.00538255,0.06463929083,0.5928930305,0.3198290443,6.953125,-2.152217875,5.648192532,-2.285514766
5.49,-61.94800009,0.06501486537,0.5927639227,0.3199142759,6.953125,-2.188352864,5.675853667,-2.268300028
5.5,-61.89070213,0.06539353968,0.5926322594,0.3200011257,6.953125,-2.225179606,5.703649225,-2.251110638
5.51,-61.83348283,0.06577526092,0.59249804,0.3200895912,6.953125,-2.262704044,5.73158278,-2.233944848
5.52,-61.77633636,0.06615998027,0.5923612636,0.32017967,6.953125,-2.300932449,5.759657933,-2.216800907
5.53,-61.71925687,0.06654765271,0.592221929,0.32027136,6.953125,-2.339871422,5.787878317,-2.19967706
5.54,-61.6622385,0.06693823692,0.5920800348,0.3203646592,6.953125,-2.379527897,5.816247593,-2.182571549
5.55,-61.60527537,0.06733169518,0.5919355793,0.3204595658,6.953125,-2.419909141,5.844769459,-2.165482611
5.56,-61.54836158,0.06772799316,0.5917885605,0.3205560782,6.953125,-2.461022756,5.873447646,-2.148408475
5.57,-61.49149122,0.0681270999,0.591638976,0.3206541949,6.953125,-2.502876684,5.902285926,-2.131347366
5.58,-61.43465833,0.06852898765,0.5914868234,0.3207539146,6.953125,-2.545479212,5.931288108,-2.1142975
5.59,-61.37785695,0.06893363177,0.5913320997,0.3208552362,6.953125,-2.588838973,5.960458046,-2.097257085
5.6,-61.32108107,0.06934101067,0.5911748018,0.3209581588,6.953125,-2.63296495,5.989799636,-2.08022432
5.61,-61.26432464,0.06975110567,0.5910149262,0.3210626816,6.953125,-2.677866488,6.019316822,-2.063197392
5.62,-61.20758159,0.07016390096,0.5908524691,0.3211688041,6.953125,-2.723553293,6.049013598,-2.046174478
5.63,-61.15084581,0.07057938349,0.5906874264,0.3212765259,6.953125,-2.770035442,6.078894008,-2.029153743
5.64,-61.09411113,0.07099754293,0.5905197938,0.3213858468,6.953125,-2.817323391,6.10896215,-2.012133339
5.65,-61.03737134,0.07141837157,0.5903495665,0.3214967669,6.953125,-2.865427979,6.139222178,-1.995111402
5.66,-60.98062019,0.07184186427,0.5901767395,0.3216092863,6.953125,-2.914360439,6.169678306,-1.978086057
5.67,-60.92385136,0.07226801841,0.5900013074,0.3217234053,6.953125,-2.964132408,6.200334809,-1.961055409
5.68,-60.8670585,0.07269683382,0.5898232645,0.3218391247,6.953125,-3.014755934,6.231196024,-1.944017549
5.69,-60.81023516,0.07312831276,0.5896426047,0.3219564452,6.953125,-3.066243487,6.262266358,-1.926970549
5.7,-60.75337487,0.07356245984,0.5894593216,0.3220753678,6.953125,-3.118607967,6.293550283,-1.909912461
5.71,-60.69647106,0.07399928197,0.5892734085,0.3221958937,6.953125,-3.171862722,6.325052348,-1.892841319
5.72,-60.63951712,0.07443878839,0.5890848582,0.3223180244,6.953125,-3.226021553,6.356777173,-1.875755135
5.73,-60.58250633,0.07488099056,0.5888936633,0.3224417613,6.953125,-3.281098728,6.388729458,-1.858651898
5.74,-60.52543192,0.07532590216,0.5886998158,0.3225671065,6.953125,-3.337108999,6.420913985,-1.841529576
5.75,-60.46828704,0.07577353907,0.5885033076,0.3226940619,6.953125,-3.394067611,6.453335619,-1.824386111
5.76,-60.41106473,0.07622391935,0.58830413,0.3228226299,6.953125,-3.451990319,6.485999313,-1.807219419
5.77,-60.35375797,0.07667706321,0.5881022739,0.322952813,6.953125,-3.510893404,6.51891011,-1.79002739
5.78,-60.29635962,0.07713299296,0.5878977299,0.3230846139,6.953125,-3.570793687,6.552073149,-1.772807887
5.79,-60.23886247,0.07759173308,0.5876904882,0.3232180356,6.953125,-3.631708546,6.585493666,-1.755558742
5.8,-60.18125919,0.07805331013,0.5874805384,0.3233530814,6.953125,-3.693655936,6.619176999,-1.738277758
5.81,-60.12354234,0.07851775278,0.5872678698,0.3234897548,6.953125,-3.756654404,6.653128592,-1.720962703
5.82,-60.06570439,0.07898509179,0.5870524713,0.3236280593,6.953125,-3.820723113,6.687353998,-1.703611316
5.83,-60.00773766,0.07945536004,0.5868343312,0.3237679992,6.953125,-3.885881856,6.721858882,-1.686221299
5.84,-59.94963439,0.07992859249,0.5866134375,0.3239095785,6.953125,-3.952151084,6.756649031,-1.668790317
5.85,-59.89138666,0.08040482622,0.5863897776,0.3240528018,6.953125,-4.019551923,6.79173035,-1.651315998
5.86,-59.83298644,0.0808841004,0.5861633384,0.3241976738,6.953125,-4.0881062,6.827108872,-1.633795931
5.87,-59.77442555,0.08136645635,0.5859341064,0.3243441997,6.953125,-4.157836466,6.862790762,-1.616227664
5.88,-59.71569567,0.08185193751,0.5857020675,0.3244923847,6.953125,-4.228766023,6.89878232,-1.598608702
5.89,-59.65678835,0.08234058949,0.5854672071,0.3246422346,6.953125,-4.300918948,6.93508999,-1.580936505
5.9,-59.59769496,0.08283246005,0.5852295102,0.3247937551,6.953125,-4.374320124,6.97172036,-1.563208489
5.91,-59.53840673,0.08332759917,0.584988961,0.3249469525,6.953125,-4.44899527,7.00868017,-1.54542202
5.92,-59.47891471,0.08382605904,0.5847455434,0.3251018334,6.953125,-4.524970964,7.045976319,-1.527574413
5.93,-59.41920978,0.0843278941,0.5844992404,0.3252584046,6.953125,-4.602274687,7.083615869,-1.509662935
5.94,-59.35928265,0.08483316109,0.5842500347,0.3254166732,6.953125,-4.680934846,7.121606051,-1.491684794
5.95,-59.29912382,0.08534191904,0.5839979083,0.3255766468,6.953125,-4.760980814,7.159954273,-1.473637145
5.96,-59.23872361,0.08585422936,0.5837428425,0.3257383331,6.953125,-4.842442967,7.198668124,-1.455517084
5.97,-59.17807215,0.08637015584,0.583484818,0.3259017405,6.953125,-4.925352723,7.237755385,-1.437321645
5.98,-59.11715933,0.08688976472,0.5832238149,0.3260668773,6.953125,-5.009742577,7.277224031,-1.419047799
5.99,-59.05597485,0.08741312474,0.5829598124,0.3262337525,6.953125,-5.095646153,7.317082243,-1.400692454
6,-58.99450815,0.08794030715,0.5826927894,0.3264023753,6.953125,-5.183098238,7.357338411,-1.382252445
6.01,-58.99051926,0.08846361528,0.5824240031,0.3265719701,0,-5.273552627,7.374274792,-1.381055777
6.02,-58.99732276,0.08896804758,0.5821559777,0.3267409863,0,-5.362145794,7.386761187,-1.383096828
6.03,-59.0033592,0.08945445107,0.5818886682,0.3269094517,0,-5.448373764,7.399525273,-1.384907761
6.04,-59.00865699,0.08992363741,0.5816220319,0.327077393,0,-5.532286742,7.412559537,-1.386497096
6.05,-59.01324384,0.09037638511,0.5813560276,0.327244836,0,-5.613937686,7.425856562,-1.387873152
6.06,-59.01714679,0.09081344059,0.581090616,0.3274118054,0,-5.693381805,7.439409042,-1.389044038
6.07,-59.02039216,0.09123551928,0.5808257589,0.3275783247,0,-5.770676107,7.453209795,-1.390017647
6.08,-59.02300552,0.09164330666,0.5805614202,0.3277444169,0,-5.845878998,7.467251774,-1.390801656
6.09,-59.02501174,0.09203745935,0.5802975649,0.3279101036,0,-5.9190499,7.481528075,-1.391403521
6.1,-59.02643493,0.09241860608,0.5800341595,0.328075406,0,-5.990248925,7.496031948,-1.391830478
6.11,-59.02729845,0.09278734876,0.579771172,0.328240344,0,-6.059536575,7.510756802,-1.392089536
6.12,-59.02762496,0.09314426343,0.5795085716,0.328404937,0,-6.12697347,7.525696208,-1.392187488
6.13,-59.02743634,0.09348990123,0.5792463288,0.3285692035,0,-6.192620115,7.540843908,-1.392130901
6.14,-59.02675375,0.09382478935,0.5789844156,0.3287331611,0,-6.256536686,7.556193814,-1.391926125
6.15,-59.02559765,0.09414943195,0.5787228048,0.3288968268,0,-6.318782847,7.571740012,-1.391579295
6.16,-59.02398777,0.09446431107,0.5784614706,0.3290602168,0,-6.379417587,7.587476761,-1.39109633
6.17,-59.02194313,0.09476988745,0.5782003883,0.3292233468,0,-6.438499079,7.603398497,-1.39048294
6.18,-59.0194821,0.09506660143,0.5779395342,0.3293862315,0,-6.49608456,7.61949983,-1.389744629
6.19,-59.01662233,0.09535487375,0.5776788857,0.3295488853,0,-6.552230225,7.635775545,-1.388886698
6.2,-59.01338083,0.09563510633,0.577418421,0.3297113217,0,-6.606991144,7.652220599,-1.387914249
6.21,-59.00977398,0.09590768307,0.5771581196,0.3298735538,0,-6.660421183,7.668830121,-1.386832194
6.22,-59.00581751,0.09617297057,0.5768979615,0.3300355941,0,-6.712572952,7.685599407,-1.385645252
6.23,-59.00152654,0.09643131885,0.576637928,0.3301974544,0,-6.763497752,7.702523922,-1.384357963
6.24,-58.99691562,0.09668306206,0.5763780009,0.3303591461,0,-6.813245539,7.719599293,-1.382974685
6.25,-58.99199868,0.09692851915,0.5761181629,0.3305206803,0,-6.8618649,7.736821308,-1.381499604
6.26,-58.98678912,0.09716799452,0.5758583975,0.3306820672,0,-6.909403031,7.754185911,-1.379936737
6.27,-58.9812998,0.0974017786,0.575598689,0.3308433167,0,-6.95590573,7.771689201,-1.378289939
6.28,-58.97554301,0.09763014853,0.5753390224,0.3310044385,0,-7.001417389,7.789327426,-1.376562904
6.29,-58.96953059,0.09785336866,0.5750793832,0.3311654415,0,-7.045980998,7.807096983,-1.374759177
6.3,-58.96327384,0.09807169116,0.5748197577,0.3313263345,0,-7.089638154,7.824994408,-1.372882153
6.31,-58.95678361,0.09828535655,0.5745601329,0.3314871256,0,-7.132429068,7.843016377,-1.370935083
6.32,-58.95007027,0.09849459418,0.5743004963,0.3316478229,0,-7.174392586,7.861159703,-1.368921081
6.33,-58.94314377,0.09869962275,0.5740408358,0.3318084338,0,-7.215566206,7.879421326,-1.366843131
6.34,-58.93601361,0.09890065079,0.5737811402,0.3319689656,0,-7.255986099,7.897798315,-1.364704083
6.35,-58.9286889,0.0990978771,0.5735213985,0.3321294251,0,-7.295687138,7.916287864,-1.362506669
6.36,-58.92117833,0.09929149118,0.5732616005,0.3322898189,0,-7.334702919,7.934887282,-1.360253498
6.37,-58.91349023,0.0994816737,0.5730017361,0.3324501532,0,-7.373065795,7.953593997,-1.357947068
6.38,-58.90563254,0.09966859683,0.572741796,0.3326104341,0,-7.410806902,7.972405546,-1.355589763
6.39,-58.89761288,0.09985242466,0.5724817712,0.3327706672,0,-7.447956193,7.991319575,-1.353183864
6.4,-58.8894385,0.1000333136,0.5722216531,0.3329308579,0,-7.484542467,8.010333833,-1.350731549
6.41,-58.88111633,0.1002114126,0.5719614335,0.3330910115,0,-7.520593406,8.029446172,-1.3482349
6.42,-58.87265301,0.1003868638,0.5717011046,0.333251133,0,-7.556135602,8.048654537,-1.345695903
6.43,-58.86405485,0.1005598024,0.571440659,0.333411227,0,-7.591194595,8.067956971,-1.343116456
6.44,-58.85532789,0.1007303574,0.5711800895,0.333571298,0,-7.625794904,8.087351603,-1.340498368
6.45,-58.84647789,0.1008986515,0.5709193894,0.3337313504,0,-7.659960062,8.106836651,-1.337843368
6.46,-58.83751035,0.1010648019,0.5706585522,0.3338913883,0,-7.693712645,8.126410417,-1.335153104
6.47,-58.82843049,0.1012289199,0.5703975719,0.3340514155,0,-7.727074311,8.146071282,-1.332429148
6.48,-58.81924333,0.1013911118,0.5701364424,0.3342114359,0,-7.760065824,8.165817706,-1.329672999
6.49,-58.80995362,0.1015514788,0.5698751582,0.334371453,0,-7.792707094,8.185648222,-1.326886086
6.5,-58.80056591,0.1017101172,0.5696137141,0.3345314702,0,-7.825017202,8.205561436,-1.324069772
6.51,-58.79108452,0.1018671188,0.5693521048,0.3346914908,0,-7.857014434,8.225556023,-1.321225355
6.52,-58.78151357,0.1020225711,0.5690903256,0.3348515177,0,-7.88871631,8.245630723,-1.318354072
6.53,-58.771857,0.1021765574,0.5688283717,0.3350115541,0,-7.920139613,8.265784341,-1.3154571
6.54,-58.76211854,0.1023291571,0.5685662389,0.3351716028,0,-7.951300418,8.286015743,-1.312535562
6.55,-58.75230175,0.1024804456,0.5683039228,0.3353316664,0,-7.982214118,8.306323853,-1.309590526
6.56,-58.74241003,0.1026304951,0.5680414195,0.3354917475,0,-8.012895454,8.326707654,-1.306623008
6.57,-58.73244659,0.1027793742,0.5677787252,0.3356518485,0,-8.04335854,8.347166181,-1.303633976
6.58,-58.7224145,0.102927148,0.5675158362,0.3358119719,0,-8.073616887,8.367698521,-1.300624349
6.59,-58.71231668,0.103073879,0.5672527489,0.3359721198,0,-8.103683429,8.388303814,-1.297595004
6.6,-58.70215591,0.1032196264,0.5669894601,0.3361322945,0,-8.133570547,8.408981244,-1.294546772
6.61,-58.69193481,0.1033644467,0.5667259666,0.3362924979,0,-8.163290092,8.429730046,-1.291480444
6.62,-58.68165591,0.1035083936,0.5664622654,0.336452732,0,-8.192853407,8.450549495,-1.288396773
6.63,-58.67132157,0.1036515186,0.5661983536,0.3366129987,0,-8.222271348,8.471438911,-1.285296472
6.64,-58.66093407,0.1037938704,0.5659342283,0.3367732998,0,-8.251554308,8.492397655,-1.28218022
6.65,-58.65049553,0.1039354957,0.5656698871,0.336933637,0,-8.280712231,8.513425126,-1.27904866
6.66,-58.64000801,0.1040764387,0.5654053272,0.3370940119,0,-8.309754638,8.534520763,-1.275902404
6.67,-58.62947343,0.1042167418,0.5651405464,0.3372544261,0,-8.338690642,8.555684039,-1.27274203
6.68,-58.61889363,0.1043564453,0.5648755423,0.3374148811,0,-8.367528965,8.576914463,-1.26956809
6.69,-58.60827035,0.1044955876,0.5646103127,0.3375753784,0,-8.396277959,8.598211577,-1.266381104
6.7,-58.59760522,0.1046342054,0.5643448556,0.3377359193,0,-8.424945618,8.619574956,-1.263181565
6.71,-58.58689981,0.1047723335,0.5640791688,0.3378965051,0,-8.453539599,8.641004206,-1.259969942
6.72,-58.57615559,0.1049100052,0.5638132505,0.3380571372,0,-8.482067233,8.66249896,-1.256746677
6.73,-58.56537396,0.1050472524,0.5635470987,0.3382178167,0,-8.510535542,8.684058884,-1.253512188
6.74,-58.55455624,0.1051841053,0.5632807118,0.3383785448,0,-8.538951253,8.705683668,-1.250266872
6.75,-58.54370367,0.1053205929,0.563014088,0.3385393227,0,-8.56732081,8.72737303,-1.247011102
6.76,-58.53281744,0.1054567426,0.5627472256,0.3387001514,0,-8.595650389,8.749126712,-1.243745233
6.77,-58.52189866,0.1055925808,0.5624801232,0.338861032,0,-8.623945909,8.770944482,-1.240469597
6.78,-58.51094836,0.1057281327,0.5622127791,0.3390219655,0,-8.652213046,8.79282613,-1.237184509
6.79,-58.49996755,0.1058634223,0.561945192,0.3391829528,0,-8.680457242,8.814771472,-1.233890264
6.8,-58.48895714,0.1059984723,0.5616773604,0.3393439948,0,-8.708683717,8.836780341,-1.230587142
6.81,-58.47791802,0.1061333048,0.561409283,0.3395050926,0,-8.736897481,8.858852594,-1.227275406
6.82,-58.466851,0.1062679406,0.5611409585,0.3396662469,0,-8.765103342,8.880988108,-1.2239553
6.83,-58.45575686,0.1064023997,0.5608723856,0.3398274586,0,-8.793305915,8.903186779,-1.220627057
6.84,-58.44463631,0.1065367013,0.5606035632,0.3399887286,0,-8.821509635,8.925448522,-1.217290893
6.85,-58.43349003,0.1066708635,0.56033449,0.3401500575,0,-8.849718762,8.94777327,-1.21394701
6.86,-58.42231866,0.1068049039,0.5600651649,0.3403114463,0,-8.877937394,8.970160974,-1.210595599
6.87,-58.41112278,0.1069388391,0.5597955868,0.3404728955,0,-8.906169467,8.992611601,-1.207236835
6.88,-58.39990294,0.1070726853,0.5595257547,0.340634406,0,-8.934418774,9.015125137,-1.203870883
6.89,-58.38865966,0.1072064577,0.5592556675,0.3407959785,0,-8.962688963,9.037701581,-1.200497897
6.9,-58.37739339,0.1073401711,0.5589853242,0.3409576136,0,-8.990983547,9.060340948,-1.197118017
6.91,-58.36610458,0.1074738395,0.5587147239,0.341119312,0,-9.019305915,9.083043268,-1.193731375
6.92,-58.35479364,0.1076074764,0.5584438654,0.3412810745,0,-9.047659331,9.105808587,-1.190338092
6.93,-58.34346093,0.1077410949,0.5581727481,0.3414429015,0,-9.076046947,9.128636963,-1.186938278
6.94,-58.33210678,0.1078747074,0.5579013708,0.3416047938,0,-9.104471806,9.151528468,-1.183532034
6.95,-58.32073152,0.1080083257,0.5576297328,0.3417667519,0,-9.132936846,9.174483189,-1.180119455
6.96,-58.30933541,0.1081419615,0.5573578331,0.3419287766,0,-9.16144491,9.197501223,-1.176700622
6.97,-58.29791871,0.1082756258,0.5570856709,0.3420908683,0,-9.189998748,9.220582681,-1.173275613
6.98,-58.28648164,0.1084093293,0.5568132453,0.3422530276,0,-9.218601022,9.243727686,-1.169844493
6.99,-58.27502441,0.1085430821,0.5565405555,0.3424152552,0,-9.247254311,9.266936373,-1.166407324
7,-58.26354719,0.1086768942,0.5562676007,0.3425775517,0,-9.27596112,9.290208889,-1.162964158
7.01,-58.25205013,0.1088107751,0.5559943801,0.3427399175,0,-9.304723875,9.313545391,-1.15951504
7.02,-58.24053336,0.108944734,0.5557208928,0.3429023532,0,-9.333544937,9.336946048,-1.156060009
7.03,-58.22899699,0.1090787798,0.555447138,0.3430648594,0,-9.3624266,9.36041104,-1.152599096
7.04,-58.21744109,0.109212921,0.5551731151,0.3432274367,0,-9.391371098,9.383940557,-1.149132328
7.05,-58.20586575,0.1093471661,0.5548988231,0.3433900856,0,-9.420380606,9.4075348,-1.145659725
7.06,-58.194271,0.1094815229,0.5546242613,0.3435528066,0,-9.449457246,9.431193978,-1.142181299
7.07,-58.18265686,0.1096159995,0.5543494289,0.3437156003,0,-9.478603089,9.454918315,-1.138697059
7.08,-58.17102336,0.1097506032,0.5540743252,0.3438784672,0,-9.507820159,9.478708039,-1.135207008
7.09,-58.15937047,0.1098853415,0.5537989494,0.3440414079,0,-9.537110436,9.502563391,-1.131711142
7.1,-58.14769818,0.1100202216,0.5535233006,0.3442044229,0,-9.566475857,9.526484622,-1.128209455
7.11,-58.13600644,0.1101552504,0.5532473781,0.3443675127,0,-9.595918323,9.55047199,-1.124701933
7.12,-58.1242952,0.1102904346,0.5529711812,0.3445306779,0,-9.625439698,9.574525765,-1.121188559
7.13,-58.11256437,0.1104257809,0.552694709,0.344693919,0,-9.655041815,9.598646225,-1.11766931
7.14,-58.10081387,0.1105612957,0.5524179608,0.3448572366,0,-9.684726474,9.622833655,-1.11414416
7.15,-58.08904359,0.1106969854,0.5521409357,0.3450206313,0,-9.71449545,9.647088354,-1.110613077
7.16,-58.07725342,0.1108328562,0.551863633,0.3451841035,0,-9.744350489,9.671410626,-1.107076026
7.17,-58.06544323,0.110968914,0.5515860519,0.3453476538,0,-9.774293317,9.695800784,-1.103532968
7.18,-58.05361286,0.1111051648,0.5513081915,0.3455112828,0,-9.804325638,9.720259152,-1.099983858
7.19,-58.04176216,0.1112416144,0.5510300511,0.345674991,0,-9.834449135,9.744786063,-1.096428649
7.2,-58.02989097,0.1113782686,0.5507516298,0.3458387791,0,-9.864665478,9.769381855,-1.09286729
7.21,-58.01799908,0.111515133,0.5504729268,0.3460026475,0,-9.894976318,9.794046879,-1.089299725
7.22,-58.00608632,0.1116522132,0.5501939413,0.3461665969,0,-9.925383297,9.818781493,-1.085725895
7.23,-57.99415246,0.1117895145,0.5499146723,0.3463306278,0,-9.955888041,9.843586064,-1.082145737
7.24,-57.98219729,0.1119270425,0.549635119,0.3464947409,0,-9.98649217,9.868460968,-1.078559186
7.25,-57.97022057,0.1120648024,0.5493552806,0.3466589367,0,-10.0171973,9.893406588,-1.074966171
7.26,-57.95822206,0.1122027996,0.5490751561,0.3468232158,0,-10.04800502,9.918423319,-1.071366619
7.27,-57.94620152,0.1123410393,0.5487947447,0.3469875789,0,-10.07891695,9.943511562,-1.067760455
7.28,-57.93415866,0.1124795267,0.5485140454,0.3471520265,0,-10.10993468,9.968671728,-1.064147597
7.29,-57.92209321,0.1126182669,0.5482330573,0.3473165593,0,-10.14105981,9.993904237,-1.060527963
7.3,-57.91000489,0.1127572651,0.5479517794,0.347481178,0,-10.17229392,10.01920952,-1.056901467
7.31,-57.89789339,0.1128965263,0.5476702108,0.3476458831,0,-10.20363863,10.04458801,-1.053268018
7.32,-57.88575841,0.1130360557,0.5473883505,0.3478106754,0,-10.23509552,10.07004016,-1.049627523
7.33,-57.87359963,0.1131758584,0.5471061976,0.3479755554,0,-10.26666621,10.09556642,-1.045979888
7.34,-57.86141671,0.1133159393,0.5468237509,0.3481405239,0,-10.2983523,10.12116725,-1.042325012
7.35,-57.84920931,0.1134563035,0.5465410095,0.3483055816,0,-10.33015541,10.14684314,-1.038662793
7.36,-57.83697709,0.1135969561,0.5462579723,0.3484707291,0,-10.36207716,10.17259457,-1.034993126
7.37,-57.82471967,0.1137379021,0.5459746383,0.3486359672,0,-10.39411919,10.19842203,-1.031315902
7.38,-57.8124367,0.1138791465,0.5456910063,0.3488012966,0,-10.42628315,10.22432601,-1.02763101
7.39,-57.80012778,0.1140206946,0.5454070753,0.348966718,0,-10.45857068,10.25030705,-1.023938334
7.4,-57.78779253,0.1141625512,0.545122844,0.3491322321,0,-10.49098346,10.27636565,-1.020237758
7.41,-57.77543053,0.1143047216,0.5448383115,0.3492978397,0,-10.52352316,10.30250235,-1.01652916
7.42,-57.76304139,0.1144472108,0.5445534764,0.3494635416,0,-10.55619149,10.32871769,-1.012812416
7.43,-57.75062467,0.1145900241,0.5442683376,0.3496293386,0,-10.58899016,10.35501223,-1.0090874
7.44,-57.73817993,0.1147331665,0.5439828939,0.3497952315,0,-10.62192091,10.38138652,-1.00535398
7.45,-57.72570675,0.1148766434,0.543697144,0.349961221,0,-10.65498547,10.40784115,-1.001612025
7.46,-57.71320465,0.1150204599,0.5434110867,0.3501273079,0,-10.68818561,10.4343767,-0.9978613964
7.47,-57.70067319,0.1151646214,0.5431247206,0.3502934933,0,-10.72152314,10.46099375,-0.9941019558
7.48,-57.68811187,0.1153091333,0.5428380445,0.3504597778,0,-10.75499985,10.48769292,-0.9903335602
7.49,-57.67552021,0.1154540008,0.542551057,0.3506261623,0,-10.78861759,10.51447483,-0.9865560636
7.5,-57.66289772,0.1155992295,0.5422637567,0.3507926478,0,-10.8223782,10.54134009,-0.9827693169
7.51,-57.65024389,0.1157448248,0.5419761422,0.3509592351,0,-10.85628358,10.56828936,-0.9789731677
7.52,-57.6375582,0.1158907923,0.5416882121,0.3511259252,0,-10.89033562,10.59532329,-0.9751674602
7.53,-57.62484012,0.1160371377,0.5413999649,0.351292719,0,-10.92453627,10.62244253,-0.9713520354
7.54,-57.6120891,0.1161838665,0.5411113992,0.3514596174,0,-10.95888748,10.64964776,-0.9675267308
7.55,-57.5993046,0.1163309846,0.5408225135,0.3516266214,0,-10.99339125,10.67693968,-0.9636913808
7.56,-57.58648605,0.1164784978,0.5405333061,0.351793732,0,-11.0280496,10.70431897,-0.9598458161
7.57,-57.57363288,0.1166264119,0.5402437755,0.3519609502,0,-11.06286458,10.73178637,-0.955989864
7.58,-57.56074449,0.1167747329,0.53995392,0.3521282771,0,-11.09783828,10.75934258,-0.9521233483
7.59,-57.5478203,0.1169234669,0.5396637382,0.3522957136,0,-11.13297281,10.78698836,-0.9482460892
7.6,-57.53485968,0.1170726199,0.5393732282,0.3524632608,0,-11.16827033,10.81472445,-0.9443579033
7.61,-57.52186201,0.1172221983,0.5390823883,0.3526309198,0,-11.20373302,10.84255163,-0.9404586036
7.62,-57.50882666,0.1173722083,0.5387912169,0.3527986917,0,-11.23936312,10.87047067,-0.9365479991
7.63,-57.49575298,0.1175226563,0.5384997121,0.3529665777,0,-11.27516288,10.89848236,-0.9326258954
7.64,-57.48264031,0.1176735487,0.5382078721,0.3531345788,0,-11.3111346,10.92658753,-0.9286920939
7.65,-57.46948797,0.1178248922,0.537915695,0.3533026963,0,-11.34728063,10.95478699,-0.9247463923
7.66,-57.45629528,0.1179766935,0.537623179,0.3534709313,0,-11.38360334,10.98308159,-0.9207885842
7.67,-57.44306153,0.1181289593,0.5373303221,0.353639285,0,-11.42010517,11.01147217,-0.9168184594
7.68,-57.42978601,0.1182816965,0.5370371224,0.3538077587,0,-11.45678858,11.03995962,-0.9128358033
7.69,-57.41646799,0.1184349122,0.5367435778,0.3539763536,0,-11.49365609,11.06854482,-0.9088403972
7.7,-57.40310673,0.1185886134,0.5364496863,0.3541450711,0,-11.53071025,11.09722867,-0.9048320182
7.71,-57.38970146,0.1187428074,0.5361554457,0.3543139123,0,-11.56795367,11.12601209,-0.9008104391
7.72,-57.37625143,0.1188975015,0.5358608541,0.3544828786,0,-11.605389,11.15489603,-0.8967754282
7.73,-57.36275583,0.1190527033,0.535565909,0.3546519715,0,-11.64301896,11.18388144,-0.8927267492
7.74,-57.34921387,0.1192084202,0.5352706085,0.3548211922,0,-11.68084629,11.21296929,-0.8886641615
7.75,-57.33562473,0.1193646601,0.53497495,0.3549905421,0,-11.71887381,11.24216057,-0.8845874197
7.76,-57.32198758,0.1195214307,0.5346789315,0.3551600228,0,-11.75710438,11.27145631,-0.8804962734
7.77,-57.30830156,0.1196787401,0.5343825504,0.3553296356,0,-11.79554092,11.30085751,-0.8763904677
7.78,-57.29456581,0.1198365965,0.5340858044,0.355499382,0,-11.83418641,11.33036524,-0.8722697426
7.79,-57.28077944,0.1199950081,0.533788691,0.3556692637,0,-11.87304387,11.35998057,-0.8681338331
7.8,-57.26694156,0.1201539832,0.5334912077,0.355839282,0,-11.9121164,11.38970458,-0.8639824689
7.81,-57.25305125,0.1203135306,0.5331933519,0.3560094386,0,-11.95140716,11.41953838,-0.8598153746
7.82,-57.23910756,0.1204736589,0.532895121,0.356179735,0,-11.99091936,11.44948311,-0.8556322695
7.83,-57.22510956,0.120634377,0.5325965124,0.356350173,0,-12.0306563,11.47953992,-0.8514328672
7.84,-57.21105625,0.1207956939,0.5322975233,0.3565207542,0,-12.07062131,11.50970999,-0.8472168758
7.85,-57.19694666,0.1209576189,0.5319981509,0.3566914802,0,-12.11081782,11.53999451,-0.8429839978
7.86,-57.18277977,0.1211201613,0.5316983924,0.3568623528,0,-12.15124931,11.57039471,-0.8387339299
7.87,-57.16855454,0.1212833308,0.531398245,0.3570333738,0,-12.19191934,11.60091183,-0.8344663625
7.88,-57.15426993,0.1214471369,0.5310977056,0.357204545,0,-12.23283155,11.63154714,-0.8301809804
7.89,-57.13992487,0.1216115897,0.5307967712,0.3573758681,0,-12.27398964,11.66230193,-0.8258774619
7.9,-57.12551826,0.1217766992,0.5304954388,0.3575473451,0,-12.3153974,11.69317754,-0.821555479
7.91,-57.11104899,0.1219424757,0.5301937052,0.3577189779,0,-12.3570587,11.7241753,-0.8172146973
7.92,-57.09651592,0.1221089297,0.5298915672,0.3578907683,0,-12.39897747,11.75529659,-0.8128547756
7.93,-57.08191789,0.1222760719,0.5295890216,0.3580627185,0,-12.44115775,11.7865428,-0.8084753662
7.94,-57.06725371,0.1224439132,0.5292860651,0.3582348303,0,-12.48360365,11.81791537,-0.8040761143
7.95,-57.05252219,0.1226124646,0.5289826941,0.3584071059,0,-12.52631938,11.84941575,-0.7996566581
7.96,-57.03772209,0.1227817375,0.5286789053,0.3585795473,0,-12.56930923,11.88104543,-0.7952166284
7.97,-57.02285216,0.1229517434,0.5283746951,0.3587521567,0,-12.61257758,11.91280593,-0.7907556488
7.98,-57.00791112,0.123122494,0.5280700598,0.3589249363,0,-12.65612892,11.94469878,-0.7862733353
7.99,-56.99289765,0.1232940014,0.5277649959,0.3590978882,0,-12.69996782,11.97672558,-0.7817692961
8,-56.97781044,0.1234662778,0.5274594995,0.3592710147,0,-12.74409896,12.00888793,-0.7772431315
8.01,-56.96264811,0.1236393355,0.5271535668,0.3594443182,0,-12.78852711,12.04118746,-0.7726944338
8.02,-56.94740929,0.1238131873,0.5268471939,0.3596178009,0,-12.83325717,12.07362587,-0.7681227869
8.03,-56.93209255,0.1239878463,0.5265403767,0.3597914653,0,-12.87829413,12.10620486,-0.7635277664
8.04,-56.91669646,0.1241633255,0.5262331112,0.3599653139,0,-12.92364309,12.13892617,-0.7589089389
8.05,-56.90121954,0.1243396384,0.5259253932,0.360139349,0,-12.96930927,12.1717916,-0.7542658624
8.06,-56.88566029,0.1245167989,0.5256172185,0.3603135733,0,-13.015298,12.20480295,-0.7495980858
8.07,-56.87001716,0.1246948209,0.5253085827,0.3604879893,0,-13.06161473,12.23796209,-0.7449051486
8.08,-56.8542886,0.1248737188,0.5249994814,0.3606625998,0,-13.10826505,12.27127092,-0.7401865808
8.09,-56.83847301,0.1250535071,0.5246899101,0.3608374073,0,-13.15525465,12.30473137,-0.7354419028
8.1,-56.82256875,0.1252342008,0.5243798641,0.3610124146,0,-13.20258937,12.33834541,-0.7306706248
8.11,-56.80657416,0.1254158151,0.5240693387,0.3611876245,0,-13.25027518,12.37211507,-0.7258722469
8.12,-56.79048753,0.1255983654,0.5237583291,0.3613630399,0,-13.29831817,12.40604241,-0.7210462588
8.13,-56.77430713,0.1257818676,0.5234468305,0.3615386637,0,-13.3467246,12.44012954,-0.7161921393
8.14,-56.75803119,0.1259663379,0.5231348378,0.3617144989,0,-13.39550085,12.47437861,-0.7113093564
8.15,-56.74165789,0.1261517928,0.5228223458,0.3618905484,0,-13.44465345,12.50879181,-0.7063973667
8.16,-56.72518538,0.1263382492,0.5225093494,0.3620668154,0,-13.4941891,12.54337139,-0.7014556154
8.17,-56.70861179,0.1265257241,0.5221958432,0.3622433031,0,-13.54411464,12.57811965,-0.6964835359
8.18,-56.69193516,0.1267142352,0.5218818218,0.3624200146,0,-13.59443707,12.61303893,-0.6914805493
8.19,-56.67515355,0.1269038005,0.5215672796,0.3625969532,0,-13.64516357,12.64813161,-0.6864460646
8.2,-56.65826493,0.1270944381,0.5212522109,0.3627741223,0,-13.69630148,12.68340017,-0.6813794778
8.21,-56.64126724,0.1272861669,0.52093661,0.3629515253,0,-13.74785832,12.71884708,-0.676280172
8.22,-56.62415839,0.1274790059,0.520620471,0.3631291656,0,-13.79984179,12.75447491,-0.6711475169
8.23,-56.60693623,0.1276729746,0.5203037877,0.3633070469,0,-13.85225976,12.79028628,-0.6659808687
8.24,-56.58959856,0.127868093,0.519986554,0.3634851727,0,-13.9051203,12.82628385,-0.6607795691
8.25,-56.57214315,0.1280643813,0.5196687637,0.3636635468,0,-13.95843169,12.86247036,-0.655542946
8.26,-56.55456771,0.1282618604,0.5193504102,0.3638421729,0,-14.01220239,12.89884859,-0.6502703119
8.27,-56.53686988,0.1284605516,0.519031487,0.3640210549,0,-14.06644108,12.93542142,-0.6449609646
8.28,-56.51904729,0.1286604765,0.5187119875,0.3642001966,0,-14.12115664,12.97219174,-0.6396141862
8.29,-56.50109748,0.1288616573,0.5183919046,0.3643796022,0,-14.17635818,13.00916257,-0.6342292428
8.3,-56.48301795,0.1290641167,0.5180712315,0.3645592758,0,-14.23205504,13.04633694,-0.6288053842
8.31,-56.46480614,0.1292678779,0.517749961,0.3647392214,0,-14.28825679,13.08371798,-0.6233418434
8.32,-56.44645945,0.1294729645,0.5174280858,0.3649194433,0,-14.34497321,13.1213089,-0.617837836
8.33,-56.4279752,0.1296794008,0.5171055984,0.365099946,0,-14.40221437,13.15911296,-0.6122925602
8.34,-56.40935065,0.1298872115,0.5167824911,0.3652807338,0,-14.45999056,13.1971335,-0.6067051957
8.35,-56.39058301,0.1300964219,0.5164587563,0.3654618114,0,-14.51831236,13.23537397,-0.6010749039
8.36,-56.37166942,0.1303070578,0.5161343858,0.3656431833,0,-14.57719059,13.27383785,-0.5954008267
8.37,-56.35260696,0.1305191458,0.5158093717,0.3658248542,0,-14.63663636,13.31252874,-0.5896820866
8.38,-56.33339262,0.1307327129,0.5154837056,0.366006829,0,-14.69666108,13.35145032,-0.5839177858
8.39,-56.31402335,0.1309477867,0.5151573789,0.3661891127,0,-14.75727642,13.39060634,-0.5781070057
8.4,-56.29449602,0.1311643956,0.514830383,0.3663717102,0,-14.81849438,13.43000065,-0.5722488064
8.41,-56.27480742,0.1313825686,0.5145027091,0.3665546267,0,-14.88032727,13.46963719,-0.5663422261
8.42,-56.25495427,0.1316023351,0.5141743481,0.3667378675,0,-14.94278771,13.50952,-0.5603862806
8.43,-56.23493321,0.1318237256,0.5138452906,0.3669214379,0,-15.00588866,13.54965322,-0.5543799625
8.44,-56.2147408,0.132046771,0.5135155272,0.3671053434,0,-15.06964342,13.59004107,-0.5483222404
8.45,-56.19437353,0.132271503,0.5131850483,0.3672895897,0,-15.13406565,13.63068791,-0.5422120589
8.46,-56.17382779,0.1324979542,0.5128538439,0.3674741824,0,-15.19916935,13.67159816,-0.5360483371
8.47,-56.15309989,0.1327261578,0.5125219039,0.3676591273,0,-15.26496894,13.71277639,-0.5298299685
8.48,-56.13218607,0.1329561477,0.5121892179,0.3678444305,0,-15.33147918,13.75422725,-0.5235558198
8.49,-56.11108244,0.1331879588,0.5118557754,0.368030098,0,-15.39871526,13.79595554,-0.5172247306
8.5,-56.08978504,0.1334216268,0.5115215655,0.3682161361,0,-15.46669278,13.83796615,-0.5108355121
8.51,-56.06828982,0.1336571882,0.5111865772,0.3684025512,0,-15.53542776,13.88026411,-0.504386947
8.52,-56.04659263,0.1338946803,0.5108507991,0.3685893497,0,-15.60493665,13.92285456,-0.4978777877
8.53,-56.02468919,0.1341341415,0.5105142196,0.3687765384,0,-15.67523639,13.96574279,-0.4913067565
8.54,-56.00257515,0.1343756108,0.5101768269,0.368964124,0,-15.74634434,14.00893421,-0.4846725438
8.55,-55.98024603,0.1346191286,0.5098386088,0.3691521134,0,-15.8182784,14.05243438,-0.4779738076
8.56,-55.95769724,0.1348647359,0.509499553,0.3693405139,0,-15.89105693,14.09624898,-0.4712091726
8.57,-55.9349241,0.1351124749,0.5091596468,0.3695293326,0,-15.96469883,14.14038388,-0.4643772291
8.58,-55.91192177,0.1353623888,0.5088188771,0.369718577,0,-16.03922352,14.18484505,-0.4574765318
8.59,-55.88868533,0.1356145219,0.5084772306,0.3699082547,0,-16.11465099,14.22963865,-0.450505599
8.6,-55.8652097,0.1358689194,0.5081346938,0.3700983735,0,-16.19100179,14.27477099,-0.4434629114
8.61,-55.8414897,0.136125628,0.5077912528,0.3702889413,0,-16.26829709,14.32024856,-0.4363469108
8.62,-55.81752,0.1363846953,0.5074468932,0.3704799663,0,-16.34655863,14.36607799,-0.4291559993
8.63,-55.79329513,0.1366461702,0.5071016004,0.3706714567,0,-16.42580881,14.41226611,-0.4218885376
8.64,-55.76880948,0.1369101027,0.5067553596,0.3708634212,0,-16.5060707,14.45881995,-0.4145428441
8.65,-55.74405731,0.1371765442,0.5064081554,0.3710558683,0,-16.58736802,14.50574668,-0.4071171935
8.66,-55.71903272,0.1374455475,0.5060599722,0.3712488071,0,-16.66972522,14.55305371,-0.3996098151
8.67,-55.69372964,0.1377171666,0.5057107938,0.3714422466,0,-16.75316745,14.60074863,-0.392018892
8.68,-55.66814186,0.137991457,0.5053606038,0.3716361962,0,-16.83772065,14.64883923,-0.384342559
8.69,-55.64226301,0.1382684755,0.5050093855,0.3718306654,0,-16.92341151,14.69733353,-0.3765789015
8.7,-55.61608651,0.1385482806,0.5046571215,0.3720256639,0,-17.01026755,14.74623977,-0.3687259538
8.71,-55.58960566,0.1388309321,0.5043037942,0.372221202,0,-17.09831713,14.79556642,-0.3607816973
8.72,-55.56281353,0.1391164915,0.5039493854,0.3724172896,0,-17.18758946,14.84532216,-0.3527440591
8.73,-55.53570303,0.139405022,0.5035938765,0.3726139375,0,-17.27811469,14.89551596,-0.3446109099
8.74,-55.50826687,0.1396965884,0.5032372486,0.3728111562,0,-17.36992387,14.94615699,-0.3363800623
8.75,-55.48049756,0.1399912572,0.5028794822,0.3730089569,0,-17.46304904,14.99725474,-0.3280492689
8.76,-55.4523874,0.1402890967,0.5025205571,0.3732073508,0,-17.55752325,15.04881891,-0.3196162205
8.77,-55.42392848,0.1405901772,0.5021604529,0.3734063495,0,-17.65338058,15.10085953,-0.3110785436
8.78,-55.39511266,0.1408945707,0.5017991487,0.3736059647,0,-17.75065621,15.15338689,-0.3024337985
8.79,-55.36593159,0.1412023512,0.5014366227,0.3738062087,0,-17.84938644,15.20641159,-0.2936794773
8.8,-55.33637667,0.1415135949,0.5010728529,0.3740070938,0,-17.94960876,15.25994453,-0.2848130009
8.81,-55.30643906,0.1418283801,0.5007078165,0.3742086328,0,-18.05136185,15.31399694,-0.2758317174
8.82,-55.27610966,0.1421467869,0.5003414904,0.3744108388,0,-18.15468567,15.36858038,-0.266732899
8.83,-55.24537913,0.1424688982,0.4999738505,0.3746137251,0,-18.25962149,15.42370676,-0.2575137396
8.84,-55.21423784,0.1427947988,0.4996048724,0.3748173055,0,-18.36621194,15.47938834,-0.2481713521
8.85,-55.18267588,0.1431245762,0.4992345309,0.375021594,0,-18.47450109,15.53563775,-0.2387027653
8.86,-55.15068307,0.14345832,0.4988628001,0.3752266051,0,-18.58453447,15.592468,-0.2291049214
8.87,-55.11824891,0.1437961229,0.4984896536,0.3754323537,0,-18.69635914,15.6498925,-0.2193746724
8.88,-55.08536259,0.1441380798,0.498115064,0.3756388547,0,-18.81002379,15.70792508,-0.2095087773
8.89,-55.052013,0.1444842885,0.4977390033,0.375846124,0,-18.92557875,15.76657999,-0.1995038985
8.9,-55.01818866,0.1448348497,0.4973614429,0.3760541774,0,-19.0430761,15.82587192,-0.1893565984
8.91,-54.98387779,0.1451898671,0.4969823532,0.3762630314,0,-19.16256971,15.88581602,-0.1790633358
8.92,-54.94906821,0.1455494473,0.4966017039,0.3764727028,0,-19.28411534,15.94642793,-0.1686204618
8.93,-54.91374739,0.1459137002,0.4962194637,0.3766832089,0,-19.40777072,16.00772377,-0.1580242162
8.94,-54.87790241,0.1462827388,0.4958356006,0.3768945675,0,-19.53359563,16.0697202,-0.1472707231
8.95,-54.84151996,0.1466566797,0.4954500816,0.3771067968,0,-19.66165195,16.13243438,-0.1363559869
8.96,-54.80458629,0.1470356429,0.4950628729,0.3773199155,0,-19.79200382,16.19588406,-0.1252758872
8.97,-54.76708725,0.147419752,0.4946739396,0.3775339429,0,-19.92471768,16.26008754,-0.1140261746
8.98,-54.72900822,0.1478091346,0.4942832459,0.3777488987,0,-20.0598624,16.32506375,-0.1026024653
8.99,-54.69033412,0.148203922,0.4938907549,0.3779648033,0,-20.19750939,16.39083223,-0.09100023648
9,-54.6510494,0.1486042496,0.4934964287,0.3781816775,0,-20.33773268,16.45741316,-0.07921482034
9.01,-54.611138,0.1490102571,0.4931002281,0.3783995428,0,-20.48060908,16.52482742,-0.06724139873
9.02,-54.57058332,0.1494220886,0.492702113,0.3786184213,0,-20.62621828,16.59309658,-0.05507499714
9.03,-54.52936826,0.1498398927,0.4923020421,0.3788383356,0,-20.77464296,16.66224296,-0.0427104785
9.04,-54.48747512,0.1502638226,0.4918999726,0.3790593091,0,-20.925969,16.73228962,-0.03014253668
9.05,-54.44488563,0.1506940367,0.4914958607,0.3792813657,0,-21.08028554,16.80326044,-0.01736568966
9.06,-54.40158091,0.1511306982,0.4910896612,0.3795045302,0,-21.23768518,16.87518012,-0.004374272391
9.07,-54.35754143,0.1515739759,0.4906813274,0.3797288279,0,-21.39826415,16.94807423,0.008837570684
9.08,-54.31274702,0.1520240438,0.4902708114,0.3799542851,0,-21.56212245,17.02196925,0.0222758935
9.09,-54.26717681,0.1524810819,0.4898580635,0.3801809286,0,-21.72936404,17.09689259,0.03594695659
9.1,-54.22080921,0.1529452759,0.4894430328,0.3804087862,0,-21.90009705,17.17287265,0.04985723578
9.11,-54.1736219,0.1534168179,0.4890256667,0.3806378864,0,-22.07443394,17.24993886,0.06401343123
9.12,-54.12559174,0.1538959065,0.4886059106,0.3808682586,0,-22.25249177,17.32812171,0.078422477
9.13,-54.07669483,0.1543827468,0.4881837087,0.3810999331,0,-22.43439237,17.40745283,0.09309155106
9.14,-54.02690638,0.154877551,0.4877590031,0.3813329412,0,-22.62026259,17.48796502,0.1080280858
9.15,-53.97620074,0.1553805387,0.487331734,0.3815673151,0,-22.81023459,17.56969229,0.1232397793
9.16,-53.92455131,0.155891937,0.4869018397,0.3818030878,0,-23.00444603,17.65266993,0.1387346067
9.17,-53.87193056,0.1564119808,0.4864692565,0.3820402938,0,-23.20304044,17.7369346,0.1545208326
9.18,-53.81830992,0.1569409135,0.4860339187,0.3822789681,0,-23.40616744,17.82252433,0.1706070241
9.19,-53.76365979,0.1574789869,0.4855957582,0.3825191473,0,-23.61398312,17.90947864,0.1870020642
9.2,-53.70794945,0.158026462,0.4851547046,0.382760869,0,-23.82665032,17.99783858,0.2037151662
9.21,-53.65114704,0.1585836089,0.4847106853,0.3830041719,0,-24.04433902,18.08764682,0.220755889
9.22,-53.59321949,0.1591507077,0.4842636251,0.3832490961,0,-24.26722671,18.1789477,0.2381341527
9.23,-53.53413248,0.1597280486,0.483813446,0.3834956829,0,-24.49549877,18.27178738,0.2558602556
9.24,-53.47385036,0.1603159327,0.4833600676,0.3837439752,0,-24.72934894,18.36621382,0.2739448921
9.25,-53.4123361,0.160914672,0.4829034065,0.383994017,0,-24.96897973,18.46227699,0.292399171
9.26,-53.34955121,0.1615245902,0.4824433763,0.384245854,0,-25.21460291,18.56002888,0.3112346357
9.27,-53.28545572,0.1621460235,0.4819798875,0.3844995333,0,-25.46644004,18.65952363,0.330463285
9.28,-53.22000802,0.1627793204,0.4815128475,0.3847551039,0,-25.724723,18.76081768,0.350097595
9.29,-53.15316486,0.1634248432,0.4810421602,0.3850126161,0,-25.98969456,18.86396982,0.3701505429
9.3,-53.08488123,0.164082968,0.4805677258,0.3852721222,0,-26.26160902,18.96904136,0.3906356312
9.31,-53.01511028,0.1647540855,0.4800894411,0.3855336762,0,-26.54073287,19.07609624,0.4115669145
9.32,-52.94380324,0.1654386019,0.4796071987,0.3857973343,0,-26.82734547,19.18520119,0.432959027
9.33,-52.87090929,0.1661369393,0.4791208872,0.3860631542,0,-27.12173981,19.29642586,0.4548272116
9.34,-52.79637549,0.166849537,0.478630391,0.3863311962,0,-27.42422332,19.409843,0.4771873517
9.35,-52.72014665,0.1675768517,0.47813559,0.3866015224,0,-27.73511873,19.52552859,0.5000560039
9.36,-52.64216522,0.1683193588,0.4776363593,0.3868741975,0,-28.05476496,19.64356206,0.5234504332
9.37,-52.56237117,0.1690775533,0.4771325689,0.3871492884,0,-28.38351811,19.76402646,0.5473886504
9.38,-52.48070183,0.1698519505,0.476624084,0.3874268646,0,-28.72175254,19.88700867,0.5718894516
9.39,-52.3970918,0.1706430875,0.476110764,0.3877069981,0,-29.06986194,20.01259963,0.5969724603
9.4,-52.31147276,0.1714515237,0.4755924625,0.3879897637,0,-29.42826056,20.14089455,0.6226581726
9.41,-52.22377332,0.1722778427,0.4750690274,0.3882752394,0,-29.7973845,20.27199316,0.6489680042
9.42,-52.13391886,0.1731226528,0.4745402997,0.3885635057,0,-30.17769308,20.40599999,0.6759243418
9.43,-52.04183134,0.1739865889,0.4740061142,0.3888546466,0,-30.56967033,20.54302467,0.7035505969
9.44,-51.94742912,0.1748703137,0.4734662983,0.3891487495,0,-30.9738266,20.68318218,0.7318712632
9.45,-51.85062674,0.1757745189,0.4729206718,0.3894459052,0,-31.39070024,20.82659322,0.7609119788
9.46,-51.7513347,0.1766999274,0.4723690471,0.3897462081,0,-31.82085947,20.97338458,0.790699591
9.47,-51.64945924,0.1776472942,0.4718112277,0.3900497566,0,-32.26490433,21.12368943,0.8212622268
9.48,-51.54490211,0.1786174092,0.4712470087,0.3903566533,0,-32.72346884,21.27764781,0.8526293677
9.49,-51.43756024,0.1796110979,0.4706761757,0.3906670048,0,-33.19722332,21.43540702,0.8848319295
9.5,-51.32732551,0.1806292246,0.4700985045,0.3909809226,0,-33.68687678,21.5971221,0.917902348
9.51,-51.21408443,0.1816726936,0.4695137605,0.3912985227,0,-34.19317969,21.76295631,0.9518746707
9.52,-51.09771782,0.1827424524,0.468921698,0.3916199262,0,-34.7169268,21.93308169,0.9867846544
9.53,-50.97810043,0.1838394934,0.4683220595,0.3919452597,0,-35.25896028,22.10767963,1.022669871
9.54,-50.85510061,0.184964857,0.4677145754,0.3922746551,0,-35.82017309,22.28694149,1.059569818
9.55,-50.72857985,0.1861196341,0.4670989625,0.3926082507,0,-36.40151258,22.4710693,1.097526044
9.56,-50.59839242,0.1873049696,0.4664749239,0.3929461906,0,-37.00398448,22.66027645,1.136582273
9.57,-50.46438484,0.188522065,0.4658421477,0.3932886258,0,-37.62865711,22.8547885,1.176784547
9.58,-50.32639542,0.1897721824,0.4652003063,0.3936357144,0,-38.27666603,23.05484406,1.218181374
9.59,-50.1842537,0.1910566477,0.464549055,0.3939876218,0,-38.94921905,23.26069565,1.260823891
9.6,-50.03777988,0.1923768551,0.4638880314,0.3943445214,0,-39.64760161,23.47261075,1.304766035
9.61,-49.88678423,0.1937342708,0.4632168539,0.3947065949,0,-40.37318275,23.69087287,1.350064732
9.62,-49.73106635,0.195130438,0.4625351205,0.395074033,0,-41.12742141,23.91578272,1.396780096
9.63,-49.57041451,0.1965669813,0.4618424075,0.3954470358,0,-41.91187346,24.14765952,1.444975647
9.64,-49.40460485,0.1980456125,0.4611382678,0.3958258136,0,-42.72819923,24.38684233,1.494718544
9.65,-49.23340055,0.1995681358,0.4604222298,0.3962105871,0,-43.57817171,24.63369164,1.546079836
9.66,-49.05655087,0.2011364541,0.4596937949,0.3966015887,0,-44.46368552,24.88859096,1.599134739
9.67,-48.87379024,0.2027525751,0.4589524365,0.3969990627,0,-45.38676663,25.15194865,1.653962927
9.68,-48.68483717,0.2044186188,0.4581975973,0.3974032665,0,-46.349583,25.42419989,1.71064885
9.69,-48.48939307,0.206136825,0.4574286875,0.3978144712,0,-47.35445611,25.70580879,1.76928208
9.7,-48.28714105,0.207909561,0.4566450825,0.3982329628,0,-48.40387355,25.99727078,1.829957685
9.71,-48.07774456,0.2097393305,0.4558461199,0.3986590427,0,-49.50050283,26.29911515,1.892776632
9.72,-47.86084593,0.2116287833,0.4550310973,0.3990930296,0,-50.64720632,26.61190786,1.957846221
9.73,-47.63606477,0.2135807253,0.454199269,0.3995352599,0,-51.84705761,26.93625468,2.025280568
9.74,-47.4029963,0.2155981291,0.453349843,0.3999860895,0,-53.10335939,27.2728045,2.09520111
9.75,-47.16120943,0.2176841464,0.4524819774,0.4004458948,0,-54.41966294,27.62225311,2.167737171
9.76,-46.91024479,0.2198421204,0.4515947764,0.4009150747,0,-55.79978933,27.9853473,2.243026563
9.77,-46.64961252,0.2220755997,0.4506872869,0.4013940517,0,-57.24785269,28.36288932,2.321216245
9.78,-46.37878987,0.2243883529,0.4497584936,0.4018832741,0,-58.76828547,28.75574193,2.402463039
9.79,-46.09721866,0.226784385,0.4488073146,0.4023832175,0,-60.36586603,29.16483379,2.486934402
9.8,-45.80430242,0.2292679545,0.4478325963,0.4028943875,0,-62.04574867,29.5911656,2.574809274
9.81,-45.49940338,0.2318435922,0.4468331081,0.4034173215,0,-63.81349639,30.03581677,2.666278985
9.82,-45.18183915,0.2345161211,0.4458075363,0.4039525912,0,-65.67511642,30.49995279,2.761548254
9.83,-44.85087912,0.2372906785,0.4447544788,0.4045008057,0,-67.63709885,30.98483347,2.860836263
9.84,-44.50574057,0.240172739,0.4436724379,0.405062614,0,-69.70645848,31.49182202,2.96437783
9.85,-44.14558443,0.24316814,0.442559814,0.4056387084,0,-71.8907801,32.0223951,3.072424672
9.86,-43.76951073,0.2462831087,0.4414148983,0.4062298281,0,-74.1982673,32.57815403,3.18524678
9.87,-43.37655365,0.2495242912,0.4402358658,0.4068367628,0,-76.63779492,33.16083721,3.303133905
9.88,-42.96567614,0.2528987837,0.439020768,0.4074603572,0,-79.21896521,33.77233388,3.426397157
9.89,-42.53576419,0.2564141655,0.4377675254,0.408101515,0,-81.95216761,34.41469953,3.555370742
9.9,-42.08562062,0.260078535,0.4364739205,0.4087612044,0,-84.84864196,35.09017288,3.690413815
9.91,-41.61395842,0.2639005474,0.4351375912,0.4094404629,0,-87.92054485,35.80119493,3.831912475
9.92,-41.11939366,0.2678894539,0.4337560253,0.4101404035,0,-91.18101844,36.55043008,3.980281902
9.93,-40.60043795,0.2720551446,0.4323265557,0.4108622209,0,-94.64426101,37.34078956,4.135968616
9.94,-40.0554904,0.2764081913,0.430846358,0.4116071984,0,-98.32559773,38.17545765,4.29945288
9.95,-39.48282927,0.2809598936,0.4293124502,0.412376715,0,-102.2415502,39.05792069,4.471251218
9.96,-38.88060321,0.2857223244,0.4277216966,0.4131722537,0,-106.4099021,39.99199934,4.651919036
9.97,-38.24682226,0.2907083769,0.4260708152,0.4139954097,0,-110.8497576,40.98188443,4.842053323
9.98,-37.5793487,0.2959318105,0.4243563919,0.4148479,0,-115.5815884,42.03217658,5.042295389
9.99,-36.87588806,0.301407294,0.4225749018,0.4157315724,0,-120.6272637,43.14793003,5.253333583
10,-36.13398023,0.3071504466,0.4207227396,0.4166484164,0,-126.0100552,44.33470094,5.47590593
10.01,-35.35099146,0.3131778711,0.4187962613,0.4176005733,0,-131.7546086,45.59860045,5.710802563
10.02,-34.52410721,0.3195071793,0.4167918387,0.418590348,0,-137.8868684,46.94635263,5.958867836
10.03,-33.65032687,0.3261570042,0.4147059297,0.4196202195,0,-144.4339411,48.38535749,6.221001939
10.04,-32.72646074,0.3331469948,0.4125351649,0.4206928528,0,-151.423878,49.92375891,6.498161777
10.05,-31.7491305,0.340497787,0.4102764524,0.42181111,0,-158.885352,51.57051717,6.791360849
10.06,-30.71477425,0.348230945,0.4079271002,0.4229780603,0,-166.8472008,53.33548541,7.101667725
10.07,-29.61965768,0.3563688626,0.4054849556,0.4241969897,0,-175.3377989,55.22948885,7.430202696
10.08,-28.45989336,0.3649346149,0.4029485565,0.4254714087,0,-184.3842161,57.26440486,7.778131993
10.09,-27.23147037,0.3739517493,0.4003172892,0.426805057,0,-194.0111115,59.45324131,8.146658889
10.1,-25.93029727,0.383444001,0.3975915437,0.4282019055,0,-204.2393069,61.81020912,8.537010818
10.11,-24.55226166,0.3934349195,0.3947728525,0.4296661532,0,-215.0839772,64.35078373,8.950421503
10.12,-23.09331032,0.4039473899,0.3918640001,0.4312022181,0,-226.5523979,67.09174829,9.388106903
10.13,-21.54955445,0.4150030359,0.3888690854,0.4328147208,0,-238.6411975,70.05120895,9.851233666
10.14,-19.91740441,0.4266214909,0.3857935248,0.4345084583,0,-251.3330866,73.24857044,10.34087868
10.15,-18.19373898,0.4388195295,0.3826439831,0.4362883667,0,-264.5930788,76.70445707,10.85797831
10.16,-16.3761128,0.4516100595,0.3794282277,0.4381594709,0,-278.3642892,80.44056173,11.40326616
10.17,-14.46300462,0.465000985,0.3761549123,0.4401268178,0,-292.5635024,84.47940362,11.97719861
10.18,-12.45410597,0.4789939648,0.3728333004,0.4421953932,0,-307.0768391,88.84397406,12.57986821
10.19,-10.35064542,0.4935831111,0.369472952,0.4443700204,0,-321.7560256,93.55725148,13.21090637
10.2,-8.155737964,0.5087536918,0.366083401,0.4466552391,0,-336.4159482,98.64157078,13.86937861
10.21,-5.874740673,0.5244809233,0.3626738504,0.4490551666,0,-350.8343423,104.117841,14.5536778
10.22,-3.515587345,0.5407289571,0.3592529111,0.451573344,0,-364.7545524,110.0046187,15.2614238
10.23,-1.089065593,0.5574501792,0.3558284036,0.4542125699,0,-377.8922594,116.3170644,15.98938032
10.24,1.391007572,0.5745849375,0.3524072302,0.4569747307,0,-389.9468228,123.0658313,16.73340227
10.25,3.907759055,0.5920618064,0.3489953186,0.4598606348,0,-400.6174004,130.2559622,17.48842772
10.26,6.441426426,0.6097984622,0.345597628,0.4628698631,0,-409.6232726,137.8858948,18.24852793
10.27,8.969751313,0.6277032032,0.3422182053,0.4660006468,0,-416.7269037,145.9466898,19.00702539
10.28,11.46861211,0.6456770865,0.3388602739,0.4692497869,0,-421.7573695,154.4216011,19.75668363
10.29,13.91288021,0.6636165948,0.335526342,0.472612625,0,-424.6311037,163.2860912,20.48996406
10.3,16.27745104,0.6814166804,0.3322183154,0.4760830755,0,-425.3667049,172.5083582,21.19933531
10.31,18.5383703,0.6989739898,0.3289376067,0.4796537218,0,-424.0909792,182.050386,21.87761109
10.32,20.67395263,0.7161900417,0.3256852337,0.4833159746,0,-421.0344967,191.8694641,22.51828579
10.33,22.66578191,0.7329741316,0.322461904,0.487060286,0,-416.5165458,201.9200554,23.11583457
10.34,24.49949189,0.7492457626,0.3192680858,0.490876403,0,-410.9211312,212.1558401,23.66594757
10.35,26.16525221,0.7649364556,0.3161040639,0.4947536462,0,-404.6671619,222.5317377,24.16567566
10.36,27.65792359,0.7799908555,0.3129699848,0.4986811913,0,-398.1768449,233.0057123,24.61347708
10.37,28.97688874,0.794367128,0.3098658908,0.5026483371,0,-391.846345,243.5402047,25.00916662
10.38,30.12560461,0.8080367017,0.306791746,0.5066447425,0,-386.0220427,254.1030911,25.35378138
10.39,31.11094892,0.8209834638,0.3037474565,0.5106606219,0,-380.9844639,264.6681364,25.64938468
10.4,31.94244768,0.8332025472,0.3007328846,0.514686892,0,-376.9405109,275.2149747,25.8988343
10.41,32.63146879,0.8446988543,0.2977478605,0.5187152691,0,-374.0233402,285.728698,26.10554064
10.42,33.19045448,0.8554854564,0.2947921901,0.52273832,0,-372.2983261,296.1991624,26.27323634
10.43,33.63224554,0.8655819854,0.2918656615,0.526749472,0,-371.7731127,306.6201305,26.40577366
10.44,33.96952889,0.8750131068,0.2889680495,0.5307429906,0,-372.409742,316.9883579,26.50695867
10.45,34.21441991,0.8838071354,0.286099119,0.5347139324,0,-374.1371408,327.3027109,26.58042597
10.46,34.37817548,0.8919948276,0.2832586282,0.5386580828,0,-376.8627014,337.5633779,26.62955264
10.47,34.47102276,0.8996083642,0.2804463301,0.5425718836,0,-380.4821743,347.771209,26.65740683
10.48,34.50208318,0.9066805199,0.2776619746,0.5464523585,0,-384.8875246,357.9271984,26.66672495
10.49,34.47936908,0.9132440058,0.2749053093,0.5502970388,0,-389.9727277,368.0321056,26.65991072
10.5,34.40983191,0.9193309663,0.2721760806,0.5541038935,0,-395.637698,378.0862009,26.63904957
10.51,34.29944344,0.9249726064,0.2694740348,0.5578712656,0,-401.7906555,388.0891169,26.60593303
10.52,34.15329494,0.9301989286,0.2667989183,0.5615978148,0,-408.3492764,398.0397813,26.56208848
10.53,33.97570336,0.9350385577,0.2641504783,0.565282468,0,-415.2409572,407.9364122,26.50881101
10.54,33.77031629,0.9395186347,0.2615284629,0.5689243762,0,-422.4024795,417.7765551,26.44719489
10.55,33.54021086,0.9436647652,0.2589326219,0.5725228779,0,-429.7793067,427.5571486,26.37816326
10.56,33.28798336,0.9475010074,0.2563627065,0.5760774687,0,-437.3246876,437.2746038,26.30249501
10.57,33.01582852,0.9510498907,0.25381847,0.5795877759,0,-444.9986916,446.9248913,26.22084856
10.58,32.72560794,0.954332455,0.2512996675,0.5830535368,0,-452.7672578,456.5036276,26.13378238
10.59,32.41890836,0.9573683052,0.2488060563,0.5864745816,0,-460.601309,466.0061571,26.04177251
10.6,32.09709051,0.9601756754,0.2463373958,0.5898508188,0,-468.4759566,475.427628,25.94522715
10.61,31.76132966,0.9627714982,0.2438934477,0.5931822232,0,-476.3698072,484.7630604,25.8444989
10.62,31.41264902,0.9651714777,0.2414739763,0.5964688263,0,-484.2643707,494.0074063,25.7398947
10.63,31.05194704,0.9673901629,0.2390787478,0.5997107081,0,-492.143563,503.1556009,25.63168411
10.64,30.68001964,0.9694410207,0.2367075312,0.6029079902,0,-499.9932943,512.2026073,25.52010589
10.65,30.29757816,0.9713365061,0.2343600978,0.6060608305,0,-507.801131,521.1434536,25.40537345
10.66,29.90526398,0.9730881314,0.2320362214,0.6091694182,0,-515.5560201,529.9732645,25.2876792
10.67,29.50366023,0.9747065311,0.229735678,0.6122339701,0,-523.248067,538.687287,25.16719807
10.68,29.09330127,0.9762015243,0.2274582465,0.6152547271,0,-530.8683555,547.2809116,25.04409038
10.69,28.67468034,0.9775821729,0.225203708,0.6182319513,0,-538.4088038,555.74969,24.9185041
10.7,28.24825574,0.9788568374,0.2229718462,0.6211659235,0,-545.8620485,564.0893481,24.79057672
10.71,27.81445582,0.9800332277,0.2207624472,0.6240569412,0,-553.2213513,572.2957977,24.66043675
10.72,27.37368305,0.9811184524,0.2185752997,0.6269053166,0,-560.4805244,580.3651442,24.52820491
10.73,26.92631726,0.982119063,0.2164101947,0.6297113751,0,-567.6338697,588.2936932,24.39399518
10.74,26.47271837,0.9830410965,0.2142669259,0.6324754535,0,-574.6761298,596.0779545,24.25791551
10.75,26.01322859,0.9838901137,0.2121452894,0.635197899,0,-581.6024476,603.7146454,24.12006858
10.76,25.54817417,0.9846712358,0.2100450837,0.6378790679,0,-588.4083339,611.2006915,23.98055225
10.77,25.07786696,0.9853891778,0.2079661099,0.6405193244,0,-595.0896394,618.5332274,23.83946009
10.78,24.60260561,0.9860482793,0.2059081716,0.6431190399,0,-601.6425317,625.7095963,23.69688168
10.79,24.12267659,0.9866525333,0.2038710747,0.6456785919,0,-608.063476,632.7273477,23.55290298
10.8,23.63835509,0.9872056127,0.2018546277,0.6481983633,0,-614.349218,639.5842357,23.40760653
10.81,23.14990573,0.9877108947,0.1998586415,0.6506787414,0,-620.4967689,646.2782159,23.26107172
10.82,22.65758319,0.9881714834,0.1978829295,0.6531201177,0,-626.503393,652.8074421,23.11337496
10.83,22.16163274,0.9885902308,0.1959273077,0.6555228867,0,-632.366595,659.170262,22.96458982
10.84,21.66229071,0.9889697556,0.1939915942,0.6578874458,0,-638.0841102,665.3652135,22.81478721
10.85,21.15978488,0.9893124613,0.19207561,0.6602141944,0,-643.6538941,671.3910194,22.66403546
10.86,20.65433485,0.9896205524,0.1901791782,0.6625035334,0,-649.0741132,677.246583,22.51240045
10.87,20.14615234,0.9898960493,0.1883021246,0.664755865,0,-654.3431365,682.9309824,22.3599457
10.88,19.63544148,0.9901408022,0.1864442772,0.666971592,0,-659.4595275,688.4434658,22.20673244
10.89,19.12239906,0.9903565038,0.1846054667,0.6691511176,0,-664.4220358,693.7834455,22.05281972
10.9,18.60721479,0.9905447011,0.182785526,0.6712948446,0,-669.2295898,698.9504921,21.89826444
10.91,18.09007145,0.9907068063,0.1809842909,0.6734031756,0,-673.8812896,703.9443294,21.74312144
10.92,17.57114518,0.9908441063,0.1792015991,0.6754765123,0,-678.3763996,708.7648283,21.58744355
10.93,17.05060558,0.9909577722,0.177437291,0.6775152552,0,-682.7143418,713.4120007,21.43128167
10.94,16.52861595,0.9910488673,0.1756912096,0.6795198034,0,-686.8946889,717.885994,21.27468478
10.95,16.00533343,0.9911183553,0.1739632002,0.6814905543,0,-690.9171582,722.1870855,21.11770003
10.96,15.48090916,0.9911671072,0.1722531105,0.6834279036,0,-694.7816045,726.3156759,20.96037275
10.97,14.95548847,0.9911959074,0.1705607908,0.6853322443,0,-698.4880144,730.2722845,20.80274654
10.98,14.42921098,0.9912054602,0.1688860937,0.6872039675,0,-702.0365002,734.0575425,20.64486329
10.99,13.90221078,0.991196395,0.1672288744,0.6890434614,0,-705.4272936,737.6721882,20.48676323
11,13.37461655,0.9911692716,0.1655889905,0.6908511116,0,-708.6607401,741.1170614,20.32848496
11.01,12.84655173,0.9911245846,0.1639663021,0.6926273006,0,-711.7372933,744.3930973,20.17006552
11.02,12.31813463,0.9910627675,0.1623606718,0.6943724078,0,-714.6575094,747.5013222,20.01154039
11.03,11.78947859,0.990984197,0.1607719646,0.6960868093,0,-717.4220418,750.4428474,19.85294358
11.04,11.26069205,0.9908891963,0.1592000479,0.697770878,0,-720.0316356,753.2188649,19.69430762
11.05,10.73187878,0.9907780385,0.1576447918,0.699424983,0,-722.4871228,755.8306417,19.53566363
11.06,10.2031379,0.9906509495,0.1561060688,0.7010494899,0,-724.7894173,758.2795158,19.37704137
11.07,9.674564081,0.9905081107,0.1545837537,0.7026447606,0,-726.93951,760.5668909,19.21846922
11.08,9.146247641,0.9903496618,0.153077724,0.7042111531,0,-728.9384639,762.6942321,19.05997429
11.09,8.618274661,0.9901757028,0.1515878597,0.7057490215,0,-730.78741,764.6630617,18.9015824
11.1,8.090727113,0.9899862962,0.1501140431,0.7072587159,0,-732.4875427,766.4749546,18.74331813
11.11,7.563682974,0.989781469,0.1486561593,0.7087405825,0,-734.0401155,768.1315345,18.58520489
11.12,7.037216343,0.9895612143,0.1472140955,0.7101949631,0,-735.4464369,769.63447,18.4272649
11.13,6.511397556,0.9893254932,0.1457877419,0.7116221956,0,-736.7078667,770.9854704,18.26951927
11.14,5.986293294,0.9890742359,0.1443769908,0.7130226136,0,-737.8258119,772.1862826,18.11198799
11.15,5.461966695,0.9888073431,0.1429817371,0.7143965464,0,-738.801723,773.2386871,17.95469001
11.16,4.938477462,0.9885246875,0.1416018784,0.7157443193,0,-739.6370909,774.144495,17.79764324
11.17,4.415881968,0.9882261146,0.1402373146,0.7170662529,0,-740.3334429,774.9055446,17.64086459
11.18,3.894233361,0.9879114437,0.1388879482,0.7183626639,0,-740.8923401,775.5236984,17.48437001
11.19,3.373581661,0.9875804691,0.1375536843,0.7196338644,0,-741.3153735,776.00084,17.3281745
11.2,2.853973867,0.9872329603,0.1362344303,0.7208801623,0,-741.6041617,776.3388715,17.17229216
11.21,2.335454046,0.9868686636,0.1349300964,0.7221018611,0,-741.7603478,776.5397109,17.01673621
11.22,1.818063433,0.9864873019,0.133640595,0.72329926,0,-741.7855964,776.605289,16.86151903
11.23,1.301840522,0.9860885758,0.1323658412,0.7244726539,0,-741.6815913,776.5375477,16.70665216
11.24,0.7868211553,0.9856721639,0.1311057527,0.7256223334,0,-741.4500326,776.3384371,16.55214635
11.25,0.2730386124,0.9852377233,0.1298602496,0.7267485846,0,-741.092635,776.0099137,16.39801158
11.26,-0.2394763052,0.9847848902,0.1286292543,0.7278516895,0,-740.6111245,775.5539382,16.24425711
11.27,-0.7506951916,0.9843132799,0.1274126921,0.7289319258,0,-740.007237,774.9724733,16.09089144
11.28,-1.260591956,0.9838224874,0.1262104905,0.729989567,0,-739.282716,774.2674822,15.93792241
11.29,-1.769142745,0.9833120875,0.1250225795,0.7310248821,0,-738.4393103,773.4409266,15.78535718
11.3,-2.276325868,0.9827816351,0.1238488917,0.7320381362,0,-737.4787724,772.4947652,15.63320224
11.31,-2.782121726,0.9822306655,0.122689362,0.7330295901,0,-736.4028565,771.4309517,15.48146348
11.32,-3.28651274,0.9816586941,0.121543928,0.7339995004,0,-735.2133168,770.251434,15.33014618
11.33,-3.789483287,0.9810652172,0.1204125294,0.7349481197,0,-733.9119059,768.9581521,15.17925501
11.34,-4.291019634,0.9804497115,0.1192951085,0.7358756964,0,-732.5003729,767.5530371,15.02879411
11.35,-4.791109881,0.9798116346,0.1181916101,0.736782475,0,-730.9804623,766.03801,14.87876704
11.36,-5.289743897,0.9791504245,0.1171019812,0.7376686957,0,-729.3539119,764.4149802,14.72917683
11.37,-5.786913275,0.9784655003,0.1160261711,0.738534595,0,-727.622452,762.6858447,14.58002602
11.38,-6.28261127,0.9777562617,0.1149641317,0.7393804054,0,-725.7878036,760.8524868,14.43131662
11.39,-6.776832762,0.9770220891,0.1139158169,0.7402063554,0,-723.8516771,758.9167749,14.28305017
11.4,-7.2695742,0.9762623437,0.1128811831,0.7410126697,0,-721.8157712,756.8805621,14.13522774
11.41,-7.760833572,0.9754763673,0.1118601887,0.7417995692,0,-719.6817714,754.7456848,13.98784993
11.42,-8.25061036,0.974663482,0.1108527947,0.742567271,0,-717.4513489,752.5139617,13.84091689
11.43,-8.738905505,0.9738229905,0.1098589639,0.7433159885,0,-715.1261593,750.1871935,13.69442835
11.44,-9.225721385,0.9729541761,0.1088786613,0.7440459312,0,-712.7078415,747.7671613,13.54838358
11.45,-9.711061779,0.9720563018,0.1079118541,0.7447573053,0,-710.1980163,745.2556267,13.40278147
11.46,-10.19493185,0.9711286111,0.1069585116,0.7454503129,0,-707.5982857,742.6543301,13.25762045
11.47,-10.67733812,0.9701703273,0.1060186048,0.7461251529,0,-704.910231,739.9649906,13.11289856
11.48,-11.15828847,0.9691806533,0.105092107,0.7467820206,0,-702.1354123,737.189305,12.96861346
11.49,-11.63779212,0.9681587719,0.1041789932,0.7474211075,0,-699.2753672,734.3289468,12.82476237
11.5,-12.1158596,0.9671038451,0.1032792402,0.7480426021,0,-696.3316092,731.385566,12.68134212
11.51,-12.59250279,0.9660150142,0.1023928267,0.7486466891,0,-693.305627,728.360788,12.53834916
11.52,-13.06773491,0.9648913994,0.1015197329,0.7492335499,0,-690.1988831,725.2562128,12.39577953
11.53,-13.54157051,0.9637320999,0.1006599411,0.7498033625,0,-687.0128126,722.0734145,12.25362885
11.54,-14.01402548,0.9625361932,0.09981343468,0.7503563018,0,-683.7488221,718.8139404,12.11189236
11.55,-14.48511711,0.9613027354,0.09898019883,0.7508925391,0,-680.408288,715.4793101,11.97056487
11.56,-14.95486404,0.9600307604,0.09816022011,0.7514122427,0,-676.9925558,712.071015,11.82964079
11.57,-15.42328638,0.95871928,0.09735348644,0.7519155773,0,-673.5029384,708.5905171,11.68911409
11.58,-15.89040563,0.9573672835,0.09655998707,0.7524027048,0,-669.9407149,705.0392486,11.54897831
11.59,-16.35624482,0.9559737373,0.09577971245,0.7528737837,0,-666.3071291,701.4186106,11.40922655
11.6,-16.82082849,0.9545375846,0.09501265419,0.7533289693,0,-662.6033882,697.7299727,11.26985145
11.61,-17.28418275,0.9530577453,0.09425880496,0.7537684139,0,-658.8306612,693.9746715,11.13084518
11.62,-17.74633533,0.9515331153,0.09351815841,0.7541922667,0,-654.9900779,690.1540102,10.9921994
11.63,-18.20731566,0.9499625661,0.0927907091,0.7546006735,0,-651.0827265,686.2692572,10.8539053
11.64,-18.66715489,0.9483449447,0.09207645244,0.7549937773,0,-647.109653,682.3216452,10.71595353
11.65,-19.12588601,0.9466790729,0.09137538457,0.755371718,0,-643.0718588,678.3123705,10.5783342
11.66,-19.58354386,0.9449637468,0.0906875023,0.7557346324,0,-638.9702999,674.2425913,10.44103684
11.67,-20.04016527,0.9431977364,0.09001280305,0.7560826541,0,-634.8058844,670.1134271,10.30405042
11.68,-20.49578909,0.941379785,0.08935128476,0.7564159138,0,-630.5794714,665.9259573,10.16736327
11.69,-20.95045633,0.9395086087,0.0887029458,0.7567345392,0,-626.2918692,661.68122,10.0309631
11.7,-21.40421018,0.9375828953,0.08806778495,0.7570386547,0,-621.9438334,657.3802109,9.894836946
11.71,-21.85709619,0.9356013043,0.08744580128,0.7573283818,0,-617.5360654,653.023882,9.758971143
11.72,-22.30916231,0.9335624658,0.08683699413,0.7576038389,0,-613.0692104,648.6131403,9.623351306
11.73,-22.76045903,0.9314649794,0.08624136304,0.7578651415,0,-608.5438558,644.1488468,9.48796229
11.74,-23.21103948,0.929307414,0.08565890767,0.7581124016,0,-603.9605293,639.6318144,9.352788157
11.75,-23.66095952,0.9270883063,0.08508962781,0.7583457284,0,-599.3196972,635.0628075,9.217812145
11.76,-24.1102779,0.9248061602,0.08453352328,0.7585652279,0,-594.6217628,630.4425402,9.08301663
11.77,-24.55905637,0.9224594454,0.08399059395,0.758771003,0,-589.8670645,625.7716747,8.948383088
11.78,-25.00735979,0.9200465965,0.08346083966,0.7589631531,0,-585.0558737,621.0508204,8.813892064
11.79,-25.45525625,0.9175660116,0.08294426026,0.7591417748,0,-580.188394,616.2805323,8.679523124
11.8,-25.90281725,0.9150160512,0.08244085555,0.7593069611,0,-575.2647585,611.4613097,8.545254824
11.81,-26.35011778,0.9123950363,0.0819506253,0.759458802,0,-570.2850292,606.5935946,8.411064665
11.82,-26.79723649,0.9097012477,0.08147356925,0.759597384,0,-565.2491945,601.6777709,8.276929053
11.83,-27.2442558,0.9069329234,0.08100968714,0.7597227902,0,-560.1571685,596.7141624,8.142823261
11.84,-27.69126205,0.9040882579,0.08055897871,0.7598351003,0,-555.008789,591.7030322,8.008721384
11.85,-28.13834567,0.9011653995,0.08012144376,0.7599343907,0,-549.8038165,586.6445809,7.874596299
11.86,-28.58560126,0.8981624487,0.07969708217,0.760020734,0,-544.5419332,581.538946,7.740419623
11.87,-29.03312776,0.8950774563,0.07928589398,0.7600941994,0,-539.2227414,576.3862001,7.606161671
11.88,-29.48102861,0.891908421,0.07888787943,0.7601548524,0,-533.8457629,571.1863504,7.471791416
11.89,-29.92941184,0.888653287,0.07850303907,0.7602027548,0,-528.4104381,565.9393375,7.337276449
11.9,-30.37839021,0.885309942,0.07813137381,0.7602379647,0,-522.9161257,560.6450346,7.202582936
11.91,-30.82808139,0.881876214,0.07777288501,0.7602605362,0,-517.362102,555.3032467,7.067675584
11.92,-31.27860801,0.8783498691,0.07742757463,0.7602705197,0,-511.7475609,549.9137099,6.932517598
11.93,-31.73009782,0.8747286085,0.07709544531,0.7602679616,0,-506.0716139,544.4760912,6.797070653
11.94,-32.18268382,0.8710100658,0.0767765005,0.7602529042,0,-500.3332908,538.9899879,6.661294855
11.95,-32.63650429,0.8671918034,0.07647074461,0.7602253857,0,-494.5315403,533.4549275,6.525148712
11.96,-33.09170298,0.8632713101,0.07617818312,0.7601854402,0,-488.6652312,527.8703678,6.388589107
11.97,-33.54842908,0.8592459971,0.07589882278,0.7601330975,0,-482.7331541,522.2356973,6.251571275
11.98,-34.00683739,0.8551131952,0.07563267175,0.7600683833,0,-476.7340234,516.5502358,6.114048782
11.99,-34.4670883,0.8508701512,0.07537973976,0.7599913188,0,-470.6664799,510.8132348,5.97597351
12,-34.92934783,0.8465140243,0.07514003832,0.7599019205,0,-464.5290945,505.0238794,5.837295651
12.01,-35.39378765,0.8420418829,0.07491358088,0.759800201,0,-458.3203715,499.1812894,5.697963704
12.02,-35.86058506,0.8374507007,0.07470038306,0.7596861679,0,-452.0387541,493.2845211,5.557924481
12.03,-36.32992292,0.8327373537,0.07450046282,0.7595598244,0,-445.6826298,487.3325702,5.417123124
12.04,-36.80198957,0.8278986165,0.07431384071,0.759421169,0,-439.2503371,481.3243747,5.275503128
12.05,-37.27697873,0.8229311588,0.07414054009,0.7592701956,0,-432.7401732,475.2588178,5.133006382
12.06,-37.75508927,0.817831543,0.07398058736,0.7591068935,0,-426.1504035,469.1347328,4.989573218
12.07,-38.23652506,0.8125962204,0.07383401219,0.7589312472,0,-419.4792717,462.9509077,4.845142481
12.08,-38.72149463,0.8072215297,0.07370084781,0.7587432363,0,-412.7250122,456.7060906,4.699651612
12.09,-39.21021082,0.8017036936,0.07358113124,0.7585428362,0,-405.8858635,450.3989968,4.553036755
12.1,-39.70289039,0.7960388184,0.07347490359,0.7583300172,0,-398.9600845,444.0283158,4.405232882
12.11,-40.19975349,0.7902228919,0.07338221035,0.7581047451,0,-391.9459719,437.5927203,4.256173952
12.12,-40.70102304,0.7842517838,0.07330310168,0.7578669814,0,-384.8418809,431.0908756,4.105793088
12.13,-41.206924,0.778121246,0.07323763273,0.7576166827,0,-377.6462478,424.5214514,3.954022801
12.14,-41.71768256,0.7718269144,0.07318586399,0.7573538017,0,-370.3576156,417.8831338,3.800795232
12.15,-42.23352515,0.7653643117,0.0731478616,0.7570782865,0,-362.9746632,411.1746396,3.646042454
12.16,-42.75467732,0.7587288522,0.07312369778,0.7567900816,0,-355.4962369,404.3947326,3.489696804
12.17,-43.28136242,0.7519158477,0.07311345114,0.7564891274,0,-347.9213867,397.5422408,3.331691275
12.18,-43.81380015,0.7449205161,0.07311720713,0.7561753608,0,-340.2494056,390.6160769,3.171959956
12.19,-44.35220487,0.7377379919,0.07313505845,0.7558487155,0,-332.4798731,383.6152599,3.010438538
12.2,-44.89678373,0.7303633395,0.0731671055,0.7555091223,0,-324.6127032,376.5389398,2.847064882
12.21,-45.44773446,0.7227915701,0.07321345682,0.7551565094,0,-316.6481971,369.3864243,2.681779661
12.22,-46.00524307,0.7150176614,0.0732742296,0.7547908029,0,-308.5870995,362.1572088,2.514527079
12.23,-46.5694811,0.7070365818,0.07334955014,0.7544119276,0,-300.4306603,354.8510081,2.34525567
12.24,-47.14060272,0.6988433193,0.07343955441,0.7540198069,0,-292.1807008,347.4677923,2.173919184
12.25,-47.71874142,0.6904329152,0.07354438851,0.7536143642,0,-283.8396839,340.0078245,2.000477573
12.26,-48.30400647,0.6818005033,0.07366420923,0.7531955231,0,-275.4107881,332.4717018,1.824898059
12.27,-48.89647897,0.6729413561,0.07379918452,0.7527632084,0,-266.8979854,324.8603997,1.647156309
12.28,-49.49620765,0.6638509372,0.07394949405,0.7523173467,0,-258.3061218,317.1753182,1.467237704
12.29,-50.10320431,0.6545249617,0.07411532961,0.7518578678,0,-249.6409989,309.4183314,1.285138707
12.3,-50.71743896,0.6449594642,0.07429689551,0.7513847054,0,-240.9094562,301.5918387,1.100868313
12.31,-51.33883468,0.6351508765,0.07449440899,0.7508977981,0,-232.1194517,293.6988179,0.9144495971
12.32,-51.96726226,0.6250961131,0.07470810041,0.7503970908,0,-223.2801392,285.7428795,0.7259213209
12.33,-52.60253467,0.6147926675,0.07493821336,0.7498825361,0,-214.4019385,277.7283208,0.5353395996
12.34,-53.24440133,0.6042387174,0.07518500465,0.7493540951,0,-205.4965981,269.6601801,0.3427796
12.35,-53.89254253,0.5934332394,0.07544874405,0.7488117392,0,-196.5772434,261.5442883,0.1483372422
12.36,-54.54656377,0.5823761341,0.07572971383,0.7482554515,0,-187.65841,253.3873171,-0.04786913138
12.37,-55.20599054,0.5710683584,0.07602820797,0.7476852281,0,-178.7560553,245.1968224,-0.2456971608
12.38,-55.87026333,0.5595120661,0.07634453108,0.7471010798,0,-169.8875453,236.9812805,-0.4449789998
12.39,-56.53873343,0.5477107541,0.07667899693,0.7465030336,0,-161.0716113,228.7501154,-0.6455200294
12.4,-57.2106594,0.5356694119,0.07703192655,0.7458911339,0,-152.3282722,220.5137139,-0.8470978208
12.41,-57.88520472,0.523394671,0.07740364583,0.7452654446,0,-143.6787175,212.2834278,-1.049461417
12.42,-58.56143671,0.5108949527,0.07779448266,0.7446260499,0,-135.1451491,204.0715584,-1.252331012
12.43,-59.23832699,0.4981806057,0.07820476347,0.7439730559,0,-126.7505761,195.8913233,-1.455398097
12.44,-59.91475386,0.485264033,0.0786348093,0.7433065919,0,-118.5185653,187.7568012,-1.658326159
12.45,-60.58950666,0.4721597985,0.07908493123,0.7426268113,0,-110.4729442,179.6828538,-1.860751999
12.46,-61.26129241,0.4588847089,0.07955542531,0.7419338928,0,-102.6374626,171.6850229,-2.062287723
12.47,-61.92874486,0.4454578633,0.08004656709,0.7412280404,0,-95.03541596,163.7794029,-2.262523458
12.48,-62.59043603,0.4319006643,0.08055860557,0.7405094848,0,-87.68923946,155.9824876,-2.46103081
12.49,-63.24489024,0.4182367833,0.08109175708,0.7397784826,0,-80.62008454,148.3109926,-2.657367072
12.5,-63.8906004,0.4044920758,0.08164619882,0.7390353169,0,-73.84739033,140.7816576,-2.851080119
12.51,-64.5260465,0.3906944401,0.08222206247,0.7382802965,0,-67.38846656,133.4110288,-3.04171395
12.52,-65.14971584,0.3768736192,0.08281942807,0.7375137549,0,-61.25810512,126.21523,-3.228814752
12.53,-65.76012446,0.3630609439,0.08343831817,0.7367360498,0,-55.46823794,119.2097254,-3.411937338
12.54,-66.35583931,0.3492890186,0.0840786927,0.735947561,0,-50.02765839,112.4090829,-3.590651792
12.55,-66.9355004,0.3355913575,0.08474044465,0.7351486889,0,-44.9418211,105.8267444,-3.764550119
12.56,-67.49784222,0.3220019753,0.08542339675,0.7343398525,0,-40.21273217,99.47481268,-3.933252665
12.57,-68.04171369,0.3085549463,0.08612729937,0.7335214865,0,-35.838937,93.36386001,-4.096414107
12.58,-68.5660959,0.2952839423,0.08685182978,0.7326940396,0,-31.81560819,87.5027684,-4.253728771
12.59,-69.07011704,0.282221765,0.08759659277,0.7318579706,0,-28.13472995,81.89860544,-4.404935111
12.6,-69.55306388,0.2693998879,0.08836112272,0.7310137464,0,-24.78537043,76.5565413,-4.549819163
12.61,-70.01438962,0.2568480235,0.08914488708,0.7301618385,0,-21.75402836,71.47980912,-4.688216887
12.62,-70.45371771,0.2445937294,0.08994729114,0.7293027202,0,-19.02503657,66.66970965,-4.820015312
12.63,-70.87084162,0.2326620667,0.090767684,0.7284368634,0,-16.58100274,62.12565876,-4.945152487
12.64,-71.26572097,0.2210753201,0.09160536536,0.727564736,0,-14.40326656,57.84527464,-5.063616292
12.65,-71.63847397,0.2098527877,0.09245959323,0.7266867991,0,-12.47235364,53.82449986,-5.175442192
12.66,-71.98936692,0.1990106424,0.09332959201,0.7258035048,0,-10.76840784,50.05775239,-5.280710077
12.67,-72.31880119,0.1885618667,0.09421456075,0.7249152933,0,-9.271587391,46.53809854,-5.379540357
12.68,-72.62729831,0.1785162571,0.09511368159,0.7240225918,0,-7.962413297,43.25744084,-5.472089492
12.69,-72.91548383,0.1688804935,0.09602612776,0.7231258122,0,-6.822062998,40.2067136,-5.55854515
12.7,-73.18407058,0.159658264,0.09695107127,0.72222535,0,-5.832605694,37.37607964,-5.639121173
12.71,-73.43384176,0.1508504384,0.09788769002,0.7213215833,0,-4.977179482,34.75512222,-5.714052528
12.72,-73.66563461,0.1424552789,0.09883517414,0.7204148719,0,-4.240113188,32.3330273,-5.783590383
12.73,-73.88032481,0.1344686781,0.09979273164,0.719505557,0,-3.606997977,30.09875212,-5.847997442
12.74,-74.07881208,0.1268844152,0.1007595931,0.7185939605,0,-3.06471522,28.04117761,-5.907543624
12.75,-74.26200719,0.1196944206,0.1017350159,0.7176803856,0,-2.601427869,26.14924248,-5.962502157
12.76,-74.43082044,0.112889042,0.1027182867,0.7167651165,0,-2.206542719,24.41205855,-6.013146132
12.77,-74.58615176,0.1064573036,0.1037087247,0.7158484191,0,-1.870650684,22.81900713,-6.059745528
12.78,-74.72888238,0.1003871555,0.1047056826,0.7149305412,0,-1.585451551,21.35981703,-6.102564714
12.79,-74.85986802,0.09466570688,0.1057085478,0.7140117132,0,-1.343668917,20.02462553,-6.141860405
12.8,-74.9799335,0.089279441,0.106716743,0.713092149,0,-1.138960033,18.80402359,-6.17788005
12.81,-75.08986868,0.08421441079,0.1077297261,0.7121720464,0,-0.9658244193,17.68908702,-6.210860604
12.82,-75.19042554,0.07945641302,0.1087469894,0.7112515883,0,-0.8195141762,16.67139554,-6.241027662
12.83,-75.28231629,0.07499114166,0.1097680594,0.7103309431,0,-0.6959481785,15.7430412,-6.268594887
12.84,-75.36621237,0.07080432067,0.1107924951,0.709410266,0,-0.5916316174,14.89662829,-6.29376371
12.85,-75.44274416,0.0668818172,0.1118198874,0.7084896997,0,-0.503581812,14.12526592,-6.316723247
12.86,-75.51250134,0.06320973636,0.1128498571,0.7075693748,0,-0.4292607512,13.42255508,-6.337650401
12.87,-75.57603367,0.05977449926,0.1138820537,0.7066494113,0,-0.366514481,12.78257136,-6.356710102
12.88,-75.63385225,0.05656290558,0.1149161538,0.7057299191,0,-0.3135191956,12.19984438,-6.374055674
12.89,-75.68643091,0.05356218257,0.1159518592,0.7048109983,0,-0.2687337131,11.66933507,-6.389829274
12.9,-75.734208,0.05076002195,0.1169888959,0.7038927408,0,-0.2308579008,11.18641156,-6.404162399
12.91,-75.77758813,0.04814460628,0.1180270118,0.7029752302,0,-0.198796548,10.7468243,-6.41717644
12.92,-75.81694415,0.04570462625,0.1190659757,0.7020585428,0,-0.1716281572,10.34668105,-6.428983245
12.93,-75.85261903,0.0434292902,0.1201055755,0.7011427482,0,-0.1485781227,9.98242211,-6.439685708
12.94,-75.88492784,0.04130832724,0.1211456172,0.7002279097,0,-0.1289957834,9.650796143,-6.449378351
12.95,-75.91415964,0.03933198482,0.1221859227,0.6993140849,0,-0.1123348679,9.348836883,-6.458147892
12.96,-75.94057935,0.037491022,0.1232263296,0.6984013262,0,-0.09813688846,9.073840828,-6.466073805
12.97,-75.96442951,0.03577669908,0.1242666892,0.6974896813,0,-0.08601708129,8.823346102,-6.473228853
12.98,-75.98593201,0.03418076441,0.1253068656,0.6965791934,0,-0.07565253385,8.595112536,-6.479679603
12.99,-76.00528969,0.03269543908,0.1263467347,0.6956699017,0,-0.06677218192,8.387102999,-6.485486907
13,-76.02268786,0.03131339998,0.1273861834,0.694761842,0,-0.05914839803,8.197466004,-6.490706359
13.01,-76.03829575,0.03002776168,0.1284251083,0.6938550465,0,-0.05258992965,8.024519544,-6.495388726
13.02,-76.05226782,0.02883205759,0.1294634151,0.6929495444,0,-0.04693597881,7.866736151,-6.499580345
13.03,-76.06474498,0.02772022073,0.1305010179,0.6920453623,0,-0.04205124394,7.722729107,-6.503323493
13.04,-76.07585579,0.02668656429,0.1315378382,0.6911425242,0,-0.03782177146,7.591239769,-6.506656736
13.05,-76.08571748,0.02572576231,0.1325738046,0.6902410517,0,-0.03415148699,7.471125937,-6.509615244
13.06,-76.09443696,0.02483283058,0.133608852,0.6893409643,0,-0.0309592964,7.361351208,-6.512231088
13.07,-76.10211169,0.02400310798,0.134642921,0.6884422798,0,-0.02817666358,7.260975238,-6.514533506
13.08,-76.10883051,0.02323223828,0.1356759575,0.6875450141,0,-0.02574558707,7.169144867,-6.516549154
13.09,-76.11467445,0.02251615252,0.1367079122,0.6866491816,0,-0.0236169095,7.08508602,-6.518302334
13.1,-76.11971733,0.02185105207,0.1377387403,0.6857547951,0,-0.02174890506,7.008096348,-6.5198152
13.11,-76.1240265,0.02123339237,0.138768401,0.6848618661,0,-0.0201060988,6.937538525,-6.52110795
13.12,-76.12766334,0.02065986735,0.1397968569,0.6839704052,0,-0.01865827928,6.872834171,-6.522199003
13.13,-76.13068384,0.02012739463,0.1408240743,0.6830804216,0,-0.01737967243,6.813458322,-6.523105153
13.14,-76.13313905,0.01963310141,0.1418500223,0.6821919235,0,-0.01624824983,6.758934427,-6.523841716
13.15,-76.13507554,0.01917431111,0.1428746728,0.6813049184,0,-0.01524514909,6.708829799,-6.524422663
13.16,-76.13653581,0.01874853072,0.1438980004,0.6804194127,0,-0.01435418769,6.662751506,-6.524860742
13.17,-76.13755861,0.01835343884,0.1449199818,0.6795354124,0,-0.01356145493,6.620342636,-6.525167583
13.18,-76.13817934,0.01798687444,0.1459405959,0.6786529224,0,-0.01285496885,6.581278923,-6.525353801
13.19,-76.13843029,0.01764682621,0.1469598236,0.6777719473,0,-0.01222438772,6.545265687,-6.525429088
13.2,-76.13834097,0.0173314226,0.1479776474,0.676892491,0,-0.01166076693,6.512035064,-6.525402291
13.21,-76.13793831,0.01703892244,0.1489940515,0.6760145569,0,-0.01115635391,6.481343504,-6.525281492
13.22,-76.13724692,0.01676770617,0.1500090217,0.6751381478,0,-0.010704415,6.4529695,-6.525074075
13.23,-76.13628929,0.01651626755,0.1510225448,0.6742632662,0,-0.01029908895,6.426711536,-6.524786786
13.24,-76.13508598,0.01628320594,0.152034609,0.6733899143,0,-0.009935262869,6.402386226,-6.524425793
13.25,-76.13365578,0.01606721912,0.1530452038,0.6725180936,0,-0.009608467002,6.379826635,-6.523996733
13.26,-76.13201588,0.01586709647,0.1540543195,0.6716478056,0,-0.009314785315,6.358880759,-6.523504764
13.27,-76.13018201,0.0156817127,0.1550619474,0.6707790513,0,-0.009050779437,6.339410137,-6.522954603
13.28,-76.12816856,0.01551002191,0.1560680795,0.6699118316,0,-0.008813423833,6.321288614,-6.522350568
13.29,-76.1259887,0.01535105209,0.1570727089,0.6690461469,0,-0.008600050463,6.304401206,-6.52169661
13.3,-76.1236545,0.0152039,0.1580758292,0.6681819975,0,-0.008408301473,6.288643073,-6.520996349
13.31,-76.12117699,0.01506772636,0.1590774347,0.6673193837,0,-0.008236088669,6.273918599,-6.520253097
13.32,-76.11856631,0.01494175136,0.1600775202,0.6664583051,0,-0.008081558756,6.260140548,-6.519469893
13.33,-76.11583173,0.01482525052,0.1610760811,0.6655987617,0,-0.007943063462,6.247229301,-6.518649519
13.34,-76.11298176,0.0147175508,0.1620731136,0.6647407529,0,-0.007819133821,6.235112171,-6.517794527
13.35,-76.11002419,0.01461802696,0.1630686139,0.6638842781,0,-0.007708457997,6.223722773,-6.516907257
13.36,-76.10696618,0.01452609824,0.1640625788,0.6630293366,0,-0.007609862123,6.213000458,-6.515989854
13.37,-76.1038143,0.01444122517,0.1650550057,0.6621759277,0,-0.007522293729,6.2028898,-6.51504429
13.38,-76.10057457,0.0143629067,0.166045892,0.6613240502,0,-0.007444807362,6.193340126,-6.514072371
13.39,-76.09725252,0.01429067745,0.1670352356,0.6604737031,0,-0.007376552109,6.184305094,-6.513075757
13.4,-76.09385325,0.0142241052,0.1680230348,0.6596248853,0,-0.007316760739,6.17574231,-6.512055974
13.41,-76.09038141,0.01416278855,0.1690092879,0.6587775955,0,-0.007264740232,6.167612973,-6.511014422
13.42,-76.08684129,0.0141063547,0.1699939938,0.6579318325,0,-0.00721986352,6.159881565,-6.509952388
13.43,-76.08323685,0.01405445747,0.1709771513,0.6570875947,0,-0.007181562258,6.152515556,-6.508871056
13.44,-76.07957171,0.01400677536,0.1719587597,0.6562448807,0,-0.007149320482,6.145485147,-6.507771513
13.45,-76.0758492,0.01396300983,0.1729388182,0.655403689,0,-0.007122669054,6.138763028,-6.506654761
13.46,-76.0720724,0.01392288363,0.1739173264,0.654564018,0,-0.007101180765,6.132324162,-6.505521721
13.47,-76.06824413,0.01388613933,0.174894284,0.6537258661,0,-0.007084466025,6.12614559,-6.50437324
13.48,-76.06436699,0.01385253789,0.1758696909,0.6528892315,0,-0.007072169057,6.12020625,-6.503210097
13.49,-76.06044338,0.01382185732,0.176843547,0.6520541126,0,-0.00706396453,6.114486813,-6.502033013
13.5,-76.05647549,0.01379389151,0.1778158524,0.6512205075,0,-0.007059554574,6.108969534,-6.500842648
13.51,-76.05246537,0.01376844907,0.1787866074,0.6503884145,0,-0.007058666136,6.10363812,-6.499639612
13.52,-76.04841489,0.01374535229,0.1797558124,0.6495578318,0,-0.007061048622,6.098477601,-6.498424467
13.53,-76.04432577,0.01372443615,0.1807234677,0.6487287575,0,-0.0070664718,6.093474223,-6.49719773
13.54,-76.0401996,0.01370554745,0.1816895739,0.6479011896,0,-0.007074723925,6.08861534,-6.495959879
13.55,-76.03603785,0.01368854391,0.1826541316,0.6470751263,0,-0.007085610065,6.083889326,-6.494711355
13.56,-76.03184188,0.01367329344,0.1836171416,0.6462505656,0,-0.007098950604,6.079285486,-6.493452564
13.57,-76.02761293,0.01365967339,0.1845786045,0.6454275056,0,-0.007114579888,6.074793978,-6.492183879
13.58,-76.02335216,0.01364756987,0.1855385212,0.6446059443,0,-0.007132345021,6.070405743,-6.490905647
13.59,-76.01906063,0.01363687715,0.1864968926,0.6437858796,0,-0.007152104774,6.066112439,-6.489618188
13.6,-76.01473931,0.01362749703,0.1874537197,0.6429673097,0,-0.007173728598,6.061906385,-6.488321794
13.61,-76.01038913,0.01361933836,0.1884090035,0.6421502324,0,-0.007197095739,6.057780502,-6.48701674
13.62,-76.00601092,0.01361231649,0.1893627449,0.6413346457,0,-0.007222094434,6.053728265,-6.485703275
13.63,-76.00160544,0.01360635282,0.1903149452,0.6405205477,0,-0.007248621179,6.049743659,-6.484381631
13.64,-75.99717341,0.01360137439,0.1912656053,0.6397079361,0,-0.007276580072,6.045821138,-6.483052024
13.65,-75.9927155,0.01359731343,0.1922147266,0.638896809,0,-0.007305882207,6.041955584,-6.48171465
13.66,-75.98823231,0.01359410703,0.1931623102,0.6380871643,0,-0.007336445129,6.038142273,-6.480369692
13.67,-75.9837244,0.01359169677,0.1941083573,0.6372789999,0,-0.007368192332,6.034376847,-6.479017321
13.68,-75.9791923,0.01359002841,0.1950528692,0.6364723137,0,-0.007401052807,6.03065528,-6.47765769
13.69,-75.97463649,0.0135890516,0.1959958472,0.6356671036,0,-0.007434960621,6.026973854,-6.476290946
13.7,-75.9700574,0.01358871957,0.1969372926,0.6348633675,0,-0.007469854537,6.023329132,-6.474917221
13.71,-75.96545546,0.01358898889,0.1978772068,0.6340611034,0,-0.007505677664,6.019717941,-6.473536638
13.72,-75.96083104,0.01358981926,0.1988155911,0.6332603091,0,-0.007542377135,6.016137344,-6.472149311
13.73,-75.95618448,0.01359117324,0.1997524469,0.6324609825,0,-0.007579903816,6.012584627,-6.470755345
13.74,-75.95151613,0.01359301607,0.2006877756,0.6316631215,0,-0.007618212028,6.009057279,-6.469354838
13.75,-75.94682626,0.01359531548,0.2016215786,0.6308667239,0,-0.007657259304,6.005552977,-6.467947879
13.76,-75.94211517,0.0135980415,0.2025538573,0.6300717878,0,-0.007697006156,6.00206957,-6.466534552
13.77,-75.93738311,0.01360116632,0.2034846132,0.6292783109,0,-0.007737415861,5.998605068,-6.465114932
13.78,-75.9326303,0.01360466409,0.2044138477,0.6284862912,0,-0.007778454268,5.995157627,-6.463689091
13.79,-75.92785698,0.01360851083,0.2053415623,0.6276957265,0,-0.007820089619,5.991725539,-6.462257093
13.8,-75.92306333,0.01361268426,0.2062677585,0.6269066147,0,-0.007862292374,5.988307223,-6.460819
13.81,-75.91824956,0.01361716372,0.2071924377,0.6261189537,0,-0.007905035066,5.984901212,-6.459374867
13.82,-75.91341581,0.01362192999,0.2081156015,0.6253327414,0,-0.007948292151,5.981506148,-6.457924744
13.83,-75.90856227,0.01362696525,0.2090372514,0.6245479757,0,-0.007992039876,5.978120769,-6.456468681
13.84,-75.90368906,0.01363225294,0.2099573888,0.6237646544,0,-0.008036256159,5.974743909,-6.455006719
13.85,-75.89879633,0.01363777771,0.2108760153,0.6229827755,0,-0.008080920474,5.971374482,-6.453538899
13.86,-75.89388419,0.01364352528,0.2117931325,0.6222023368,0,-0.008126013741,5.968011483,-6.452065258
13.87,-75.88895277,0.0136494824,0.2127087417,0.6214233362,0,-0.008171518233,5.964653979,-6.450585831
13.88,-75.88400216,0.01365563678,0.2136228447,0.6206457717,0,-0.008217417483,5.961301104,-6.449100648
13.89,-75.87903246,0.013661977,0.2145354428,0.619869641,0,-0.008263696197,5.957952053,-6.447609738
13.9,-75.87404376,0.01366849245,0.2154465377,0.6190949422,0,-0.008310340178,5.954606081,-6.446113128
13.91,-75.86903614,0.01367517331,0.216356131,0.6183216731,0,-0.008357336249,5.951262493,-6.444610842
13.92,-75.86400967,0.01368201043,0.2172642241,0.6175498316,0,-0.008404672191,5.947920645,-6.443102901
13.93,-75.85896442,0.01368899533,0.2181708185,0.6167794157,0,-0.008452336672,5.94457994,-6.441589327
13.94,-75.85390046,0.01369612015,0.219075916,0.6160104231,0,-0.008500319191,5.941239823,-6.440070137
13.95,-75.84881783,0.01370337758,0.219979518,0.615242852,0,-0.008548610026,5.937899775,-6.438545348
13.96,-75.84371659,0.01371076084,0.220881626,0.6144767,0,-0.008597200176,5.934559318,-6.437014976
13.97,-75.83859678,0.01371826363,0.2217822417,0.6137119652,0,-0.008646081321,5.931218006,-6.435479035
13.98,-75.83345846,0.01372588012,0.2226813667,0.6129486455,0,-0.00869524577,5.927875425,-6.433937538
13.99,-75.82830165,0.01373360489,0.2235790024,0.6121867388,0,-0.008744686424,5.924531189,-6.432390495
14,-75.82312639,0.0137414329,0.2244751504,0.6114262431,0,-0.008794396737,5.921184941,-6.430837917
14.01,-75.81793271,0.01374935949,0.2253698123,0.6106671562,0,-0.008844370676,5.917836347,-6.429279813
14.02,-75.81272064,0.01375738034,0.2262629898,0.6099094761,0,-0.008894602694,5.9144851,-6.427716193
14.03,-75.80749021,0.01376549143,0.2271546842,0.6091532007,0,-0.008945087692,5.91113091,-6.426147062
14.04,-75.80224142,0.01377368903,0.2280448973,0.608398328,0,-0.008995820994,5.907773512,-6.424572427
14.05,-75.79697432,0.01378196969,0.2289336305,0.6076448559,0,-0.009046798316,5.904412658,-6.422992295
14.06,-75.7916889,0.01379033021,0.2298208856,0.6068927823,0,-0.009098015746,5.901048116,-6.42140667
14.07,-75.78638519,0.01379876761,0.2307066639,0.6061421052,0,-0.009149469713,5.897679674,-6.419815557
14.08,-75.7810632,0.01380727915,0.2315909671,0.6053928226,0,-0.009201156972,5.894307131,-6.418218959
14.09,-75.77572293,0.01381586227,0.2324737968,0.6046449324,0,-0.009253074577,5.890930304,-6.41661688
14.1,-75.77036441,0.01382451461,0.2333551544,0.6038984325,0,-0.009305219865,5.887549021,-6.415009322
14.11,-75.76498762,0.01383323398,0.2342350417,0.603153321,0,-0.00935759044,5.884163123,-6.413396287
14.12,-75.75959259,0.01384201834,0.2351134602,0.6024095958,0,-0.009410184149,5.880772464,-6.411777778
14.13,-75.75417932,0.01385086583,0.2359904113,0.6016672548,0,-0.009462999073,5.877376905,-6.410153795
14.14,-75.7487478,0.01385977469,0.2368658968,0.600926296,0,-0.009516033511,5.873976321,-6.408524339
14.15,-75.74329804,0.01386874332,0.2377399181,0.6001867175,0,-0.009569285963,5.870570595,-6.406889411
14.16,-75.73783003,0.01387777023,0.2386124768,0.5994485172,0,-0.009622755121,5.867159618,-6.40524901
14.17,-75.73234379,0.01388685404,0.2394835745,0.598711693,0,-0.009676439855,5.863743289,-6.403603138
14.18,-75.72683931,0.01389599348,0.2403532128,0.597976243,0,-0.0097303392,5.860321517,-6.401951792
14.19,-75.72131658,0.01390518736,0.2412213931,0.5972421651,0,-0.009784452351,5.856894215,-6.400294974
14.2,-75.7157756,0.01391443461,0.2420881171,0.5965094574,0,-0.009838778648,5.853461306,-6.398632681
14.21,-75.71021637,0.01392373421,0.2429533864,0.5957781179,0,-0.009893317569,5.850022716,-6.396964912
14.22,-75.70463889,0.01393308524,0.2438172024,0.5950481445,0,-0.009948068722,5.846578379,-6.395291667
14.23,-75.69904314,0.01394248685,0.2446795667,0.5943195352,0,-0.01000303184,5.843128234,-6.393612943
14.24,-75.69342913,0.01395193824,0.245540481,0.5935922881,0,-0.01005820675,5.839672224,-6.39192874
14.25,-75.68779685,0.0139614387,0.2463999467,0.5928664013,0,-0.01011359342,5.836210299,-6.390239054
14.26,-75.68214628,0.01397098755,0.2472579654,0.5921418726,0,-0.0101691919,5.832742412,-6.388543885
14.27,-75.67647743,0.01398058418,0.2481145386,0.5914187001,0,-0.01022500232,5.829268521,-6.38684323
14.28,-75.67079029,0.01399022803,0.248969668,0.5906968819,0,-0.01028102492,5.825788586,-6.385137086
14.29,-75.66508484,0.01399991858,0.2498233549,0.5899764159,0,-0.01033726002,5.822302574,-6.383425452
14.3,-75.65936108,0.01400965535,0.2506756011,0.5892573003,0,-0.01039370802,5.818810453,-6.381708324
14.31,-75.653619,0.01401943791,0.2515264081,0.588539533,0,-0.01045036937,5.815312195,-6.379985701
14.32,-75.6478586,0.01402926587,0.2523757773,0.5878231121,0,-0.01050724463,5.811807776,-6.37825758
14.33,-75.64207986,0.01403913886,0.2532237103,0.5871080357,0,-0.0105643344,5.808297173,-6.376523958
14.34,-75.63628278,0.01404905655,0.2540702088,0.5863943017,0,-0.01062163934,5.804780368,-6.374784833
14.35,-75.63046734,0.01405901865,0.2549152741,0.5856819082,0,-0.01067916018,5.801257343,-6.373040201
14.36,-75.62463353,0.01406902487,0.2557589079,0.5849708534,0,-0.0107368977,5.797728084,-6.37129006
14.37,-75.61878135,0.01407907499,0.2566011117,0.5842611352,0,-0.01079485273,5.794192581,-6.369534406
14.38,-75.61291079,0.01408916876,0.257441887,0.5835527517,0,-0.01085302615,5.790650822,-6.367773238
14.39,-75.60702184,0.014099306,0.2582812353,0.5828457009,0,-0.01091141889,5.7871028,-6.366006553
14.4,-75.60111449,0.01410948653,0.2591191583,0.5821399811,0,-0.01097003192,5.78354851,-6.364234346
14.41,-75.59518872,0.01411971018,0.2599556574,0.5814355901,0,-0.01102886626,5.779987948,-6.362456617
14.42,-75.58924453,0.01412997682,0.2607907341,0.5807325262,0,-0.01108792295,5.77642111,-6.36067336
14.43,-75.58328192,0.01414028632,0.26162439,0.5800307873,0,-0.01114720309,5.772847998,-6.358884575
14.44,-75.57730086,0.01415063858,0.2624566266,0.5793303716,0,-0.01120670781,5.769268611,-6.357090257
14.45,-75.57130134,0.01416103349,0.2632874455,0.5786312772,0,-0.01126643827,5.765682951,-6.355290403
14.46,-75.56528337,0.01417147098,0.2641168481,0.5779335021,0,-0.01132639565,5.762091024,-6.353485012
14.47,-75.55924693,0.01418195098,0.264944836,0.5772370444,0,-0.01138658118,5.758492833,-6.35167408
14.48,-75.55319201,0.01419247343,0.2657714107,0.5765419024,0,-0.01144699612,5.754888385,-6.349857604
14.49,-75.54711861,0.01420303829,0.2665965737,0.5758480739,0,-0.01150764174,5.751277687,-6.348035582
14.5,-75.5410267,0.01421364552,0.2674203266,0.5751555573,0,-0.01156851935,5.747660748,-6.34620801
14.51,-75.53491629,0.0142242951,0.2682426708,0.5744643505,0,-0.01162963029,5.744037577,-6.344374886
14.52,-75.52878736,0.014234987,0.2690636079,0.5737744517,0,-0.0116909759,5.740408185,-6.342536208
14.53,-75.5226399,0.01424572122,0.2698831393,0.573085859,0,-0.01175255758,5.736772584,-6.340691971
14.54,-75.51647392,0.01425649776,0.2707012667,0.5723985705,0,-0.01181437672,5.733130786,-6.338842175
14.55,-75.51028939,0.01426731662,0.2715179914,0.5717125844,0,-0.01187643475,5.729482804,-6.336986816
14.56,-75.50408631,0.01427817782,0.2723333151,0.5710278988,0,-0.01193873311,5.725828653,-6.335125892
14.57,-75.49786466,0.01428908136,0.2731472392,0.5703445118,0,-0.01200127327,5.722168346,-6.333259399
14.58,-75.49162446,0.01430002728,0.2739597652,0.5696624216,0,-0.01206405672,5.718501901,-6.331387337
14.59,-75.48536567,0.0143110156,0.2747708947,0.5689816262,0,-0.01212708495,5.714829334,-6.329509702
14.6,-75.4790883,0.01432204636,0.2755806291,0.568302124,0,-0.01219035949,5.71115066,-6.327626491
14.61,-75.47279235,0.01433311959,0.2763889699,0.5676239129,0,-0.01225388188,5.707465899,-6.325737704
14.62,-75.46647779,0.01434423533,0.2771959187,0.5669469911,0,-0.01231765367,5.703775069,-6.323843336
14.63,-75.46014462,0.01435539364,0.2780014768,0.5662713569,0,-0.01238167644,5.700078188,-6.321943387
14.64,-75.45379285,0.01436659456,0.278805646,0.5655970083,0,-0.01244595177,5.696375277,-6.320037854
14.65,-75.44742245,0.01437783815,0.2796084275,0.5649239435,0,-0.01251048127,5.692666354,-6.318126736
14.66,-75.44103343,0.01438912446,0.280409823,0.5642521607,0,-0.01257526655,5.688951442,-6.316210029
14.67,-75.43462577,0.01440045354,0.2812098339,0.5635816581,0,-0.01264030926,5.68523056,-6.314287732
14.68,-75.42819948,0.01441182547,0.2820084616,0.5629124338,0,-0.01270561104,5.681503731,-6.312359843
14.69,-75.42175454,0.01442324031,0.2828057078,0.562244486,0,-0.01277117355,5.677770977,-6.310426361
14.7,-75.41529094,0.01443469811,0.2836015739,0.5615778129,0,-0.01283699846,5.67403232,-6.308487283
14.71,-75.40880869,0.01444619896,0.2843960613,0.5609124127,0,-0.01290308748,5.670287783,-6.306542608
14.72,-75.40230778,0.01445774292,0.2851891716,0.5602482836,0,-0.01296944229,5.66653739,-6.304592335
14.73,-75.39578821,0.01446933007,0.2859809062,0.5595854237,0,-0.01303606463,5.662781165,-6.302636462
14.74,-75.38924996,0.01448096048,0.2867712666,0.5589238312,0,-0.01310295621,5.659019132,-6.300674987
14.75,-75.38269303,0.01449263422,0.2875602544,0.5582635044,0,-0.01317011878,5.655251315,-6.298707908
14.76,-75.37611742,0.01450435137,0.2883478709,0.5576044414,0,-0.0132375541,5.651477739,-6.296735226
14.77,-75.36952313,0.01451611202,0.2891341177,0.5569466405,0,-0.01330526392,5.647698431,-6.294756938
14.78,-75.36291014,0.01452791623,0.2899189962,0.5562900998,0,-0.01337325004,5.643913415,-6.292773043
14.79,-75.35627847,0.0145397641,0.2907025079,0.5556348176,0,-0.01344151424,5.640122718,-6.29078354
14.8,-75.34962809,0.01455165571,0.2914846543,0.5549807921,0,-0.01351005832,5.636326366,-6.288788428
14.81,-75.34295902,0.01456359113,0.2922654369,0.5543280215,0,-0.01357888409,5.632524385,-6.286787707
14.82,-75.33627125,0.01457557046,0.293044857,0.5536765041,0,-0.0136479934,5.628716804,-6.284781375
14.83,-75.32956477,0.01458759377,0.2938229163,0.5530262379,0,-0.01371738806,5.624903648,-6.282769431
14.84,-75.32283959,0.01459966116,0.2945996162,0.5523772214,0,-0.01378706994,5.621084946,-6.280751876
14.85,-75.31609569,0.01461177271,0.2953749581,0.5517294526,0,-0.0138570409,5.617260726,-6.278728707
14.86,-75.30933308,0.01462392851,0.2961489435,0.55108293,0,-0.0139273028,5.613431016,-6.276699925
14.87,-75.30255177,0.01463612864,0.2969215739,0.5504376516,0,-0.01399785753,5.609595844,-6.27466553
14.88,-75.29575173,0.01464837319,0.2976928507,0.5497936157,0,-0.01406870699,5.605755239,-6.27262552
14.89,-75.28893299,0.01466066226,0.2984627754,0.5491508206,0,-0.01413985307,5.601909231,-6.270579896
14.9,-75.28209552,0.01467299593,0.2992313494,0.5485092645,0,-0.01421129771,5.598057847,-6.268528657
14.91,-75.27523934,0.0146853743,0.2999985743,0.5478689458,0,-0.01428304282,5.594201118,-6.266471803
14.92,-75.26836445,0.01469779744,0.3007644514,0.5472298625,0,-0.01435509036,5.590339074,-6.264409334
14.93,-75.26147084,0.01471026546,0.3015289822,0.546592013,0,-0.01442744225,5.586471745,-6.262341251
14.94,-75.25455851,0.01472277844,0.3022921683,0.5459553956,0,-0.01450010048,5.58259916,-6.260267553
14.95,-75.24762747,0.01473533647,0.303054011,0.5453200086,0,-0.01457306701,5.578721351,-6.25818824
14.96,-75.24067771,0.01474793966,0.3038145117,0.5446858501,0,-0.01464634382,5.574838347,-6.256103313
14.97,-75.23370924,0.01476058807,0.304573672,0.5440529184,0,-0.01471993292,5.57095018,-6.254012772
14.98,-75.22672206,0.01477328182,0.3053314933,0.5434212119,0,-0.0147938363,5.567056882,-6.251916618
14.99,-75.21971617,0.01478602099,0.3060879771,0.5427907288,0,-0.01486805598,5.563158482,-6.249814851
15,-75.21269157,0.01479880567,0.3068431247,0.5421614675,0,-0.01494259399,5.559255013,-6.247707472
15.01,-75.20564827,0.01481163596,0.3075969377,0.5415334261,0,-0.01501745236,5.555346507,-6.245594481
15.02,-75.19858627,0.01482451194,0.3083494175,0.5409066029,0,-0.01509263316,5.551432996,-6.24347588
15.03,-75.19150556,0.01483743372,0.3091005655,0.5402809964,0,-0.01516813843,5.547514511,-6.241351668
15.04,-75.18440616,0.01485040137,0.3098503832,0.5396566047,0,-0.01524397025,5.543591085,-6.239221848
15.05,-75.17728807,0.014863415,0.3105988719,0.5390334261,0,-0.01532013071,5.539662751,-6.23708642
15.06,-75.17015129,0.0148764747,0.3113460333,0.538411459,0,-0.01539662188,5.535729541,-6.234945386
15.07,-75.16299582,0.01488958056,0.3120918686,0.5377907017,0,-0.01547344589,5.531791488,-6.232798746
15.08,-75.15582167,0.01490273267,0.3128363794,0.5371711524,0,-0.01555060484,5.527848626,-6.230646502
15.09,-75.14862885,0.01491593112,0.313579567,0.5365528096,0,-0.01562810087,5.523900987,-6.228488655
15.1,-75.14141736,0.01492917601,0.314321433,0.5359356714,0,-0.0157059361,5.519948606,-6.226325208
15.11,-75.1341872,0.01494246743,0.3150619787,0.5353197362,0,-0.01578411269,5.515991515,-6.224156161
15.12,-75.12693839,0.01495580547,0.3158012056,0.5347050024,0,-0.0158626328,5.512029749,-6.221981516
15.13,-75.11967092,0.01496919022,0.3165391151,0.5340914682,0,-0.0159414986,5.508063341,-6.219801275
15.14,-75.1123848,0.01498262178,0.3172757086,0.533479132,0,-0.01602071227,5.504092326,-6.21761544
15.15,-75.10508004,0.01499610024,0.3180109876,0.5328679921,0,-0.016100276,5.500116738,-6.215424013
15.16,-75.09775665,0.01500962569,0.3187449535,0.5322580468,0,-0.01618019201,5.496136611,-6.213226995
15.17,-75.09041463,0.01502319822,0.3194776077,0.5316492946,0,-0.01626046249,5.492151981,-6.21102439
15.18,-75.083054,0.01503681792,0.3202089517,0.5310417336,0,-0.0163410897,5.488162882,-6.208816199
15.19,-75.07567475,0.01505048489,0.3209389869,0.5304353623,0,-0.01642207585,5.484169348,-6.206602424
15.2,-75.0682769,0.01506419921,0.3216677147,0.5298301791,0,-0.01650342321,5.480171416,-6.204383069
15.21,-75.06086045,0.01507796098,0.3223951365,0.5292261821,0,-0.01658513403,5.47616912,-6.202158135
15.22,-75.05342542,0.01509177029,0.3231212538,0.5286233699,0,-0.01666721058,5.472162496,-6.199927625
15.23,-75.0459718,0.01510562723,0.323846068,0.5280217408,0,-0.01674965516,5.468151579,-6.197691541
15.24,-75.03849963,0.0151195319,0.3245695804,0.527421293,0,-0.01683247006,5.464136405,-6.195449888
15.25,-75.03100889,0.01513348437,0.3252917926,0.526822025,0,-0.01691565758,5.46011701,-6.193202667
15.26,-75.0234996,0.01514748475,0.3260127059,0.5262239352,0,-0.01699922004,5.456093431,-6.190949881
15.27,-75.01597178,0.01516153312,0.3267323218,0.5256270219,0,-0.01708315977,5.452065702,-6.188691534
15.28,-75.00842543,0.01517562957,0.3274506417,0.5250312834,0,-0.01716747913,5.448033861,-6.186427628
15.29,-75.00086056,0.0151897742,0.3281676669,0.5244367182,0,-0.01725218045,5.443997944,-6.184158167
15.3,-74.99327718,0.01520396709,0.328883399,0.5238433246,0,-0.01733726612,5.439957987,-6.181883155
15.31,-74.98567531,0.01521820833,0.3295978392,0.523251101,0,-0.01742273849,5.435914027,-6.179602594
15.32,-74.97805496,0.01523249801,0.3303109891,0.5226600458,0,-0.01750859997,5.431866102,-6.177316488
15.33,-74.97041614,0.01524683623,0.33102285,0.5220701573,0,-0.01759485296,5.427814247,-6.175024841
15.34,-74.96275886,0.01526122306,0.3317334234,0.521481434,0,-0.01768149987,5.423758501,-6.172727657
15.35,-74.95508313,0.01527565861,0.3324427107,0.5208938742,0,-0.01776854312,5.4196989,-6.170424939
15.36,-74.94738897,0.01529014295,0.3331507132,0.5203074764,0,-0.01785598515,5.415635483,-6.168116691
15.37,-74.93967639,0.01530467619,0.3338574324,0.5197222389,0,-0.01794382841,5.411568285,-6.165802917
15.38,-74.9319454,0.01531925839,0.3345628696,0.5191381601,0,-0.01803207536,5.407497345,-6.163483621
15.39,-74.92419603,0.01533388966,0.3352670264,0.5185552384,0,-0.01812072848,5.403422701,-6.161158808
15.4,-74.91642827,0.01534857008,0.3359699041,0.5179734723,0,-0.01820979026,5.399344391,-6.158828482
15.41,-74.90864215,0.01536329973,0.336671504,0.5173928601,0,-0.01829926318,5.395262452,-6.156492646
15.42,-74.90083769,0.01537807871,0.3373718277,0.5168134002,0,-0.01838914976,5.391176922,-6.154151306
15.43,-74.89301489,0.01539290711,0.3380708765,0.5162350911,0,-0.01847945252,5.387087841,-6.151804467
15.44,-74.88517377,0.015407785,0.3387686517,0.5156579312,0,-0.018570174,5.382995246,-6.149452131
15.45,-74.87731435,0.01542271247,0.3394651549,0.5150819188,0,-0.01866131675,5.378899175,-6.147094306
15.46,-74.86943665,0.01543768962,0.3401603874,0.5145070525,0,-0.01875288331,5.374799668,-6.144730994
15.47,-74.86154067,0.01545271653,0.3408543506,0.5139333306,0,-0.01884487628,5.370696763,-6.142362202
15.48,-74.85362645,0.01546779328,0.3415470458,0.5133607515,0,-0.01893729822,5.366590498,-6.139987934
15.49,-74.84569398,0.01548291996,0.3422384746,0.5127893137,0,-0.01903015174,5.362480913,-6.137608195
15.5,-74.8377433,0.01549809665,0.3429286383,0.5122190157,0,-0.01912343944,5.358368047,-6.135222991
15.51,-74.82977442,0.01551332344,0.3436175382,0.5116498558,0,-0.01921716396,5.354251938,-6.132832327
15.52,-74.82178736,0.01552860041,0.3443051759,0.5110818325,0,-0.01931132792,5.350132626,-6.130436208
15.53,-74.81378213,0.01554392765,0.3449915525,0.5105149442,0,-0.01940593397,5.346010151,-6.128034639
15.54,-74.80575876,0.01555930525,0.3456766697,0.5099491894,0,-0.01950098478,5.341884551,-6.125627627
15.55,-74.79771726,0.01557473328,0.3463605287,0.5093845666,0,-0.01959648301,5.337755867,-6.123215177
15.56,-74.78965765,0.01559021183,0.347043131,0.5088210741,0,-0.01969243135,5.333624137,-6.120797294
15.57,-74.78157995,0.01560574098,0.3477244779,0.5082587104,0,-0.01978883251,5.329489402,-6.118373985
15.58,-74.77348419,0.01562132081,0.3484045708,0.5076974739,0,-0.01988568918,5.325351702,-6.115945256
15.59,-74.76537037,0.01563695142,0.3490834111,0.5071373632,0,-0.01998300411,5.321211075,-6.113511112
15.6,-74.75723853,0.01565263287,0.3497610002,0.5065783767,0,-0.02008078002,5.317067563,-6.11107156
15.61,-74.74908868,0.01566836526,0.3504373395,0.5060205129,0,-0.02017901967,5.312921205,-6.108626605
15.62,-74.74092085,0.01568414866,0.3511124304,0.5054637701,0,-0.02027772583,5.308772042,-6.106176255
15.63,-74.73273505,0.01569998315,0.3517862742,0.5049081469,0,-0.02037690126,5.304620113,-6.103720516
15.64,-74.72453131,0.01571586883,0.3524588724,0.5043536418,0,-0.02047654876,5.30046546,-6.101259394
15.65,-74.71630965,0.01573180576,0.3531302263,0.5038002532,0,-0.02057667114,5.296308122,-6.098792895
15.66,-74.70807009,0.01574779402,0.3538003372,0.5032479795,0,-0.02067727121,5.29214814,-6.096321027
15.67,-74.69981265,0.01576383371,0.3544692067,0.5026968194,0,-0.0207783518,5.287985555,-6.093843796
15.68,-74.69153737,0.01577992489,0.355136836,0.5021467711,0,-0.02087991575,5.283820407,-6.09136121
15.69,-74.68324425,0.01579606765,0.3558032265,0.5015978334,0,-0.02098196593,5.279652737,-6.088873274
15.7,-74.67493332,0.01581226207,0.3564683797,0.5010500045,0,-0.02108450521,5.275482587,-6.086379997
15.71,-74.66660462,0.01582850822,0.3571322969,0.500503283,0,-0.02118753646,5.271309996,-6.083881385
15.72,-74.65825815,0.01584480619,0.3577949794,0.4999576674,0,-0.02129106259,5.267135006,-6.081377446
15.73,-74.64989396,0.01586115605,0.3584564287,0.4994131562,0,-0.02139508651,5.262957658,-6.078868187
15.74,-74.64151205,0.01587755788,0.3591166461,0.4988697479,0,-0.02149961114,5.258777993,-6.076353615
15.75,-74.63311246,0.01589401176,0.359775633,0.498327441,0,-0.02160463943,5.254596052,-6.073833738
15.76,-74.62469521,0.01591051776,0.3604333907,0.4977862339,0,-0.02171017432,5.250411877,-6.071308564
15.77,-74.61626033,0.01592707596,0.3610899208,0.4972461252,0,-0.02181621878,5.246225509,-6.068778099
15.78,-74.60780784,0.01594368644,0.3617452244,0.4967071134,0,-0.0219227758,5.242036989,-6.066242353
15.79,-74.59933778,0.01596034928,0.362399303,0.496169197,0,-0.02202984836,5.23784636,-6.063701333
15.8,-74.59085016,0.01597706454,0.363052158,0.4956323744,0,-0.02213743948,5.233653661,-6.061155047
15.81,-74.58234501,0.01599383232,0.3637037907,0.4950966443,0,-0.02224555217,5.229458935,-6.058603503
15.82,-74.57382236,0.01601065267,0.3643542025,0.4945620051,0,-0.02235418948,5.225262225,-6.056046709
15.83,-74.56528225,0.01602752568,0.3650033947,0.4940284553,0,-0.02246335445,5.22106357,-6.053484674
15.84,-74.55672468,0.01604445141,0.3656513688,0.4934959935,0,-0.02257305015,5.216863014,-6.050917405
15.85,-74.54814971,0.01606142995,0.3662981261,0.4929646182,0,-0.02268327965,5.212660597,-6.048344912
15.86,-74.53955734,0.01607846137,0.366943668,0.4924343279,0,-0.02279404605,5.208456363,-6.045767202
15.87,-74.53094762,0.01609554574,0.3675879958,0.4919051211,0,-0.02290535245,5.204250353,-6.043184285
15.88,-74.52232057,0.01611268313,0.3682311109,0.4913769964,0,-0.02301720198,5.200042608,-6.04059617
15.89,-74.51367621,0.01612987362,0.3688730146,0.4908499523,0,-0.02312959777,5.195833171,-6.038002864
15.9,-74.50501459,0.01614711727,0.3695137084,0.4903239873,0,-0.02324254297,5.191622085,-6.035404377
15.91,-74.49633573,0.01616441417,0.3701531935,0.4897990999,0,-0.02335604075,5.18740939,-6.032800718
15.92,-74.48763965,0.01618176437,0.3707914714,0.4892752888,0,-0.02347009427,5.183195131,-6.030191896
15.93,-74.4789264,0.01619916796,0.3714285435,0.4887525524,0,-0.02358470674,5.178979347,-6.02757792
15.94,-74.470196,0.016216625,0.3720644109,0.4882308893,0,-0.02369988137,5.174762083,-6.024958799
15.95,-74.46144848,0.01623413557,0.3726990753,0.487710298,0,-0.02381562137,5.17054338,-6.022334543
15.96,-74.45268387,0.01625169972,0.3733325377,0.487190777,0,-0.02393192998,5.166323281,-6.019705162
15.97,-74.44390221,0.01626931754,0.3739647998,0.486672325,0,-0.02404881045,5.162101829,-6.017070664
15.98,-74.43510353,0.01628698909,0.3745958627,0.4861549405,0,-0.02416626605,5.157879064,-6.014431059
15.99,-74.42628786,0.01630471444,0.3752257279,0.485638622,0,-0.02428430005,5.153655031,-6.011786357
16,-74.41745523,0.01632249366,0.3758543968,0.4851233681,0,-0.02440291576,5.149429772,-6.009136568
16.01,-74.40860567,0.01634032681,0.3764818706,0.4846091774,0,-0.02452211648,5.145203328,-6.006481702
16.02,-74.39973923,0.01635821396,0.3771081507,0.4840960483,0,-0.02464190554,5.140975744,-6.003821769
16.03,-74.39085593,0.01637615519,0.3777332385,0.4835839796,0,-0.02476228628,5.136747061,-6.001156778
16.04,-74.3819558,0.01639415055,0.3783571353,0.4830729696,0,-0.02488326204,5.132517323,-5.99848674
16.05,-74.37303888,0.01641220012,0.3789798426,0.4825630171,0,-0.02500483621,5.128286571,-5.995811665
16.06,-74.36410521,0.01643030395,0.3796013615,0.4820541205,0,-0.02512701217,5.124054849,-5.993131564
16.07,-74.35515482,0.01644846212,0.3802216936,0.4815462785,0,-0.0252497933,5.119822199,-5.990446447
16.08,-74.34618774,0.01646667468,0.3808408401,0.4810394896,0,-0.02537318304,5.115588664,-5.987756323
16.09,-74.33720402,0.01648494171,0.3814588024,0.4805337524,0,-0.0254971848,5.111354287,-5.985061205
16.1,-74.32820367,0.01650326327,0.3820755818,0.4800290655,0,-0.02562180204,5.107119111,-5.982361102
16.11,-74.31918675,0.01652163941,0.3826911797,0.4795254274,0,-0.02574703821,5.102883179,-5.979656026
16.12,-74.31015329,0.01654007022,0.3833055975,0.4790228368,0,-0.02587289679,5.098646533,-5.976945987
16.13,-74.30110332,0.01655855573,0.3839188364,0.4785212922,0,-0.02599938126,5.094409217,-5.974230995
16.14,-74.29203688,0.01657709603,0.3845308979,0.4780207922,0,-0.02612649514,5.090171273,-5.971511063
16.15,-74.282954,0.01659569117,0.3851417833,0.4775213354,0,-0.02625424194,5.085932744,-5.968786201
16.16,-74.27385474,0.01661434121,0.3857514938,0.4770229204,0,-0.02638262521,5.081693673,-5.966056421
16.17,-74.26473911,0.01663304621,0.386360031,0.4765255458,0,-0.02651164848,5.077454103,-5.963321733
16.18,-74.25560716,0.01665180623,0.3869673961,0.4760292102,0,-0.02664131533,5.073214078,-5.960582149
16.19,-74.24645893,0.01667062134,0.3875735904,0.4755339121,0,-0.02677162934,5.068973639,-5.95783768
16.2,-74.23729446,0.0166894916,0.3881786153,0.4750396502,0,-0.02690259411,5.064732831,-5.955088339
16.21,-74.22811379,0.01670841705,0.3887824722,0.4745464231,0,-0.02703421325,5.060491695,-5.952334136
16.22,-74.21891694,0.01672739777,0.3893851624,0.4740542294,0,-0.02716649039,5.056250276,-5.949575083
16.23,-74.20970397,0.01674643381,0.3899866872,0.4735630677,0,-0.02729942918,5.052008615,-5.946811192
16.24,-74.20047492,0.01676552522,0.3905870479,0.4730729366,0,-0.02743303327,5.047766757,-5.944042475
16.25,-74.19122981,0.01678467207,0.391186246,0.4725838347,0,-0.02756730634,5.043524743,-5.941268943
16.26,-74.1819687,0.01680387441,0.3917842827,0.4720957606,0,-0.02770225208,5.039282618,-5.93849061
16.27,-74.17269162,0.0168231323,0.3923811594,0.471608713,0,-0.0278378742,5.035040423,-5.935707486
16.28,-74.16339861,0.01684244579,0.3929768774,0.4711226904,0,-0.02797417642,5.030798203,-5.932919584
16.29,-74.15408972,0.01686181494,0.3935714381,0.4706376915,0,-0.02811116248,5.026556,-5.930126917
16.3,-74.14476499,0.0168812398,0.3941648428,0.4701537148,0,-0.02824883613,5.022313857,-5.927329496
16.31,-74.13542445,0.01690072044,0.3947570928,0.4696707591,0,-0.02838720115,5.018071816,-5.924527334
16.32,-74.12606815,0.01692025689,0.3953481895,0.4691888229,0,-0.02852626132,5.013829922,-5.921720444
16.33,-74.11669612,0.01693984922,0.3959381342,0.4687079049,0,-0.02866602044,5.009588217,-5.918908837
16.34,-74.10730843,0.01695949748,0.3965269282,0.4682280037,0,-0.02880648233,5.005346744,-5.916092528
16.35,-74.09790509,0.01697920173,0.3971145729,0.4677491178,0,-0.02894765082,5.001105545,-5.913271528
16.36,-74.08848617,0.016998962,0.3977010696,0.4672712461,0,-0.02908952977,4.996864665,-5.910445851
16.37,-74.07905169,0.01701877837,0.3982864197,0.466794387,0,-0.02923212303,4.992624145,-5.907615508
16.38,-74.06960171,0.01703865086,0.3988706244,0.4663185393,0,-0.0293754345,4.988384029,-5.904780514
16.39,-74.06013627,0.01705857955,0.3994536852,0.4658437015,0,-0.02951946806,4.98414436,-5.901940881
16.4,-74.05065541,0.01707856447,0.4000356032,0.4653698723,0,-0.02966422764,4.97990518,-5.899096622
16.41,-74.04115917,0.01709860568,0.40061638,0.4648970503,0,-0.02980971716,4.975666533,-5.896247751
16.42,-74.0316476,0.01711870323,0.4011960167,0.4644252343,0,-0.02995594056,4.97142846,-5.893394281
16.43,-74.02212075,0.01713885716,0.4017745148,0.4639544227,0,-0.03010290182,4.967191006,-5.890536225
16.44,-74.01257866,0.01715906752,0.4023518755,0.4634846144,0,-0.03025060491,4.962954213,-5.887673597
16.45,-74.00302137,0.01717933436,0.4029281002,0.4630158078,0,-0.03039905382,4.958718123,-5.88480641
16.46,-73.99344892,0.01719965773,0.4035031902,0.4625480018,0,-0.03054825256,4.954482779,-5.881934677
16.47,-73.98386138,0.01722003767,0.4040771468,0.4620811948,0,-0.03069820517,4.950248225,-5.879058413
16.48,-73.97425877,0.01724047423,0.4046499714,0.4616153857,0,-0.03084891568,4.946014502,-5.876177632
16.49,-73.96464115,0.01726096746,0.4052216653,0.461150573,0,-0.03100038816,4.941781654,-5.873292346
16.5,-73.95500857,0.01728151739,0.4057922298,0.4606867553,0,-0.03115262668,4.937549723,-5.87040257
16.51,-73.94536106,0.01730212408,0.4063616663,0.4602239315,0,-0.03130563534,4.933318752,-5.867508318
16.52,-73.93569868,0.01732278757,0.406929976,0.4597621001,0,-0.03145941824,4.929088783,-5.864609603
16.53,-73.92602147,0.0173435079,0.4074971603,0.4593012597,0,-0.0316139795,4.924859859,-5.861706441
16.54,-73.91632948,0.01736428511,0.4080632205,0.4588414091,0,-0.03176932328,4.920632022,-5.858798845
16.55,-73.90662276,0.01738511926,0.4086281579,0.4583825469,0,-0.03192545372,4.916405315,-5.855886829
16.56,-73.89690136,0.01740601037,0.4091919739,0.4579246718,0,-0.03208237501,4.91217978,-5.852970408
16.57,-73.88716532,0.01742695848,0.4097546697,0.4574677824,0,-0.03224009133,4.907955459,-5.850049596
16.58,-73.87741469,0.01744796366,0.4103162468,0.4570118775,0,-0.0323986069,4.903732396,-5.847124407
16.59,-73.86764952,0.01746902592,0.4108767064,0.4565569556,0,-0.03255792593,4.899510632,-5.844194857
16.6,-73.85786986,0.01749014531,0.4114360498,0.4561030156,0,-0.03271805266,4.89529021,-5.841260959
16.61,-73.84807576,0.01751132187,0.4119942783,0.455650056,0,-0.03287899136,4.891071171,-5.838322729
16.62,-73.83826727,0.01753255564,0.4125513933,0.4551980755,0,-0.0330407463,4.886853558,-5.835380181
16.63,-73.82844443,0.01755384665,0.4131073962,0.4547470728,0,-0.03320332176,4.882637413,-5.83243333
16.64,-73.8186073,0.01757519495,0.4136622881,0.4542970467,0,-0.03336672206,4.878422779,-5.82948219
16.65,-73.80875593,0.01759660057,0.4142160704,0.4538479957,0,-0.03353095152,4.874209697,-5.826526778
16.66,-73.79889036,0.01761806354,0.4147687445,0.4533999185,0,-0.03369601448,4.869998209,-5.823567107
16.67,-73.78901064,0.01763958391,0.4153203117,0.452952814,0,-0.03386191529,4.865788357,-5.820603193
16.68,-73.77911684,0.0176611617,0.4158707732,0.4525066806,0,-0.03402865833,4.861580183,-5.817635052
16.69,-73.76920899,0.01768279696,0.4164201304,0.4520615172,0,-0.03419624799,4.857373729,-5.814662697
16.7,-73.75928715,0.01770448971,0.4169683846,0.4516173225,0,-0.03436468868,4.853169037,-5.811686145
16.71,-73.74935137,0.01772624,0.4175155371,0.451174095,0,-0.03453398482,4.848966148,-5.808705412
16.72,-73.7394017,0.01774804784,0.4180615892,0.4507318336,0,-0.03470414084,4.844765104,-5.805720511
16.73,-73.7294382,0.01776991328,0.4186065423,0.4502905369,0,-0.03487516122,4.840565947,-5.80273146
16.74,-73.71946091,0.01779183635,0.4191503976,0.4498502036,0,-0.03504705041,4.836368718,-5.799738272
16.75,-73.70946988,0.01781381708,0.4196931565,0.4494108324,0,-0.03521981292,4.832173459,-5.796740965
16.76,-73.69946518,0.01783585549,0.4202348202,0.448972422,0,-0.03539345325,4.827980211,-5.793739554
16.77,-73.68944685,0.01785795163,0.4207753901,0.4485349711,0,-0.03556797591,4.823789015,-5.790734054
16.78,-73.67941494,0.01788010551,0.4213148675,0.4480984785,0,-0.03574338547,4.819599913,-5.787724481
16.79,-73.6693695,0.01790231717,0.4218532538,0.4476629428,0,-0.03591968646,4.815412947,-5.784710851
16.8,-73.6593106,0.01792458663,0.4223905501,0.4472283627,0,-0.03609688347,4.811228156,-5.781693181
16.81,-73.64923828,0.01794691393,0.4229267578,0.446794737,0,-0.03627498108,4.807045583,-5.778671485
16.82,-73.6391526,0.01796929909,0.4234618783,0.4463620643,0,-0.03645398391,4.802865268,-5.775645781
16.83,-73.62905361,0.01799174214,0.4239959128,0.4459303434,0,-0.03663389658,4.798687253,-5.772616083
16.84,-73.61894137,0.0180142431,0.4245288626,0.445499573,0,-0.03681472373,4.794511578,-5.76958241
16.85,-73.60881592,0.018036802,0.4250607291,0.4450697518,0,-0.03699647001,4.790338284,-5.766544776
16.86,-73.59867732,0.01805941886,0.4255915135,0.4446408786,0,-0.03717914011,4.786167412,-5.763503197
16.87,-73.58852564,0.01808209371,0.4261212172,0.444212952,0,-0.03736273872,4.781999003,-5.760457691
16.88,-73.57836091,0.01810482657,0.4266498414,0.4437859707,0,-0.03754727054,4.777833096,-5.757408274
16.89,-73.56818321,0.01812761746,0.4271773875,0.4433599335,0,-0.0377327403,4.773669734,-5.754354962
16.9,-73.55799257,0.01815046641,0.4277038567,0.4429348392,0,-0.03791915275,4.769508955,-5.751297772
16.91,-73.54778907,0.01817337344,0.4282292504,0.4425106863,0,-0.03810651263,4.765350802,-5.74823672
16.92,-73.53757274,0.01819633857,0.4287535699,0.4420874738,0,-0.03829482473,4.761195313,-5.745171823
16.93,-73.52734366,0.01821936182,0.4292768164,0.4416652002,0,-0.03848409384,4.757042529,-5.742103098
16.94,-73.51710187,0.01824244321,0.4297989913,0.4412438643,0,-0.03867432477,4.752892491,-5.739030561
16.95,-73.50684743,0.01826558276,0.4303200959,0.4408234649,0,-0.03886552235,4.748745237,-5.735954229
16.96,-73.4965804,0.01828878049,0.4308401314,0.4404040007,0,-0.03905769142,4.74460081,-5.732874119
16.97,-73.48630083,0.01831203641,0.4313590992,0.4399854704,0,-0.03925083683,4.740459247,-5.729790248
16.98,-73.47600878,0.01833535055,0.4318770006,0.4395678728,0,-0.03944496347,4.73632059,-5.726702634
16.99,-73.46570431,0.01835872292,0.4323938368,0.4391512065,0,-0.03964007623,4.732184877,-5.723611292
17,-73.45538747,0.01838215353,0.4329096092,0.4387354704,0,-0.03983618002,4.728052149,-5.720516241
17.01,-73.44505832,0.01840564241,0.433424319,0.4383206631,0,-0.04003327977,4.723922444,-5.717417496
17.02,-73.43471692,0.01842918957,0.4339379676,0.4379067835,0,-0.04023138041,4.719795804,-5.714315076
17.03,-73.42436333,0.01845279502,0.4344505563,0.4374938302,0,-0.04043048692,4.715672266,-5.711208998
17.04,-73.4139976,0.01847645877,0.4349620863,0.437081802,0,-0.04063060426,4.71155187,-5.708099279
17.05,-73.40361979,0.01850018085,0.4354725589,0.4366706976,0,-0.04083173743,4.707434656,-5.704985936
17.06,-73.39322995,0.01852396125,0.4359819755,0.4362605158,0,-0.04103389145,4.703320662,-5.701868986
17.07,-73.38282816,0.0185478,0.4364903372,0.4358512554,0,-0.04123707134,4.699209928,-5.698748448
17.08,-73.37241446,0.01857169711,0.4369976456,0.435442915,0,-0.04144128214,4.695102492,-5.695624339
17.09,-73.36198892,0.01859565258,0.4375039017,0.4350354935,0,-0.04164652891,4.690998393,-5.692496675
17.1,-73.35155159,0.01861966643,0.4380091069,0.4346289896,0,-0.04185281674,4.686897671,-5.689365476
17.11,-73.34110252,0.01864373866,0.4385132625,0.434223402,0,-0.04206015071,4.682800363,-5.686230757
17.12,-73.33064179,0.01866786928,0.4390163698,0.4338187295,0,-0.04226853594,4.678706508,-5.683092538
17.13,-73.32016945,0.01869205831,0.4395184301,0.4334149708,0,-0.04247797755,4.674616145,-5.679950836
17.14,-73.30968556,0.01871630575,0.4400194446,0.4330121248,0,-0.04268848069,4.670529312,-5.676805668
17.15,-73.29919018,0.0187406116,0.4405194147,0.4326101901,0,-0.04290005052,4.666446048,-5.673657053
17.16,-73.28868336,0.01876497587,0.4410183416,0.4322091656,0,-0.04311269221,4.66236639,-5.670505008
17.17,-73.27816517,0.01878939858,0.4415162267,0.4318090499,0,-0.04332641096,4.658290376,-5.667349551
17.18,-73.26763567,0.01881387971,0.4420130712,0.4314098419,0,-0.04354121197,4.654218044,-5.6641907
17.19,-73.25709491,0.01883841928,0.4425088764,0.4310115403,0,-0.04375710049,4.650149433,-5.661028474
17.2,-73.24654297,0.0188630173,0.4430036436,0.4306141439,0,-0.04397408173,4.64608458,-5.65786289
17.21,-73.23597989,0.01888767375,0.443497374,0.4302176514,0,-0.04419216098,4.642023523,-5.654693966
17.22,-73.22540573,0.01891238865,0.443990069,0.4298220617,0,-0.0444113435,4.637966299,-5.65152172
17.23,-73.21482057,0.018937162,0.4444817299,0.4294273734,0,-0.04463163458,4.633912945,-5.648346171
17.24,-73.20422446,0.0189619938,0.4449723579,0.4290335854,0,-0.04485303954,4.6298635,-5.645167337
17.25,-73.19361745,0.01898688405,0.4454619543,0.4286406964,0,-0.04507556369,4.625817999,-5.641985236
17.26,-73.18299962,0.01901183274,0.4459505204,0.4282487052,0,-0.04529921239,4.621776481,-5.638799886
17.27,-73.17237102,0.01903683988,0.4464380575,0.4278576106,0,-0.04552399098,4.617738982,-5.635611306
17.28,-73.16173171,0.01906190547,0.4469245668,0.4274674113,0,-0.04574990484,4.613705539,-5.632419514
17.29,-73.15108176,0.0190870295,0.4474100497,0.4270781062,0,-0.04597695936,4.60967619,-5.629224529
17.3,-73.14042123,0.01911221197,0.4478945074,0.4266896939,0,-0.04620515994,4.605650969,-5.626026369
17.31,-73.12975017,0.01913745288,0.4483779412,0.4263021734,0,-0.04643451202,4.601629915,-5.622825052
17.32,-73.11906866,0.01916275222,0.4488603524,0.4259155433,0,-0.04666502102,4.597613063,-5.619620597
17.33,-73.10837674,0.01918810998,0.4493417423,0.4255298024,0,-0.04689669241,4.593600451,-5.616413023
17.34,-73.09767449,0.01921352617,0.4498221121,0.4251449495,0,-0.04712953164,4.589592113,-5.613202348
17.35,-73.08696197,0.01923900078,0.4503014631,0.4247609835,0,-0.04736354422,4.585588087,-5.60998859
17.36,-73.07623923,0.01926453379,0.4507797966,0.424377903,0,-0.04759873563,4.581588407,-5.60677177
17.37,-73.06550635,0.0192901252,0.4512571139,0.4239957069,0,-0.0478351114,4.577593111,-5.603551904
17.38,-73.05476337,0.01931577501,0.4517334162,0.423614394,0,-0.04807267707,4.573602234,-5.600329012
17.39,-73.04401038,0.0193414832,0.4522087049,0.423233963,0,-0.04831143818,4.569615811,-5.597103114
17.4,-73.03324742,0.01936724976,0.4526829811,0.4228544128,0,-0.04855140031,4.565633878,-5.593874226
17.41,-73.02247456,0.01939307469,0.4531562462,0.4224757421,0,-0.04879256902,4.56165647,-5.590642369
17.42,-73.01169187,0.01941895796,0.4536285015,0.4220979497,0,-0.04903494992,4.557683623,-5.587407562
17.43,-73.00089941,0.01944489958,0.4540997482,0.4217210344,0,-0.04927854863,4.553715371,-5.584169822
17.44,-72.99009723,0.01947089953,0.4545699875,0.4213449951,0,-0.04952337076,4.549751751,-5.58092917
17.45,-72.97928541,0.01949695779,0.4550392209,0.4209698304,0,-0.04976942198,4.545792796,-5.577685624
17.46,-72.96846401,0.01952307436,0.4555074495,0.4205955393,0,-0.05001670792,4.541838541,-5.574439203
17.47,-72.95763309,0.01954924921,0.4559746745,0.4202221204,0,-0.05026523428,4.537889022,-5.571189926
17.48,-72.94679271,0.01957548233,0.4564408974,0.4198495726,0,-0.05051500674,4.533944272,-5.567937812
17.49,-72.93594294,0.01960177371,0.4569061193,0.4194778947,0,-0.05076603101,4.530004327,-5.564682881
17.5,-72.92508384,0.01962812332,0.4573703415,0.4191070856,0,-0.05101831282,4.526069219,-5.561425151
17.51,-72.91421547,0.01965453117,0.4578335653,0.4187371439,0,-0.05127185788,4.522138985,-5.558164642
17.52,-72.90333791,0.01968099721,0.458295792,0.4183680685,0,-0.05152667197,4.518213657,-5.554901373
17.53,-72.89245121,0.01970752144,0.4587570227,0.4179998582,0,-0.05178276085,4.514293269,-5.551635362
17.54,-72.88155543,0.01973410384,0.4592172589,0.4176325118,0,-0.0520401303,4.510377856,-5.54836663
17.55,-72.87065065,0.01976074438,0.4596765017,0.4172660281,0,-0.05229878611,4.506467451,-5.545095195
17.56,-72.85973692,0.01978744306,0.4601347524,0.4169004059,0,-0.05255873411,4.502562087,-5.541821077
17.57,-72.84881432,0.01981419983,0.4605920123,0.4165356441,0,-0.05281998011,4.498661798,-5.538544295
17.58,-72.8378829,0.01984101469,0.4610482826,0.4161717414,0,-0.05308252996,4.494766618,-5.535264869
17.59,-72.82694272,0.01986788761,0.4615035647,0.4158086966,0,-0.05334638953,4.490876578,-5.531982817
17.6,-72.81599386,0.01989481857,0.4619578597,0.4154465086,0,-0.05361156467,4.486991714,-5.528698159
17.61,-72.80503638,0.01992180754,0.462411169,0.4150851761,0,-0.05387806129,4.483112056,-5.525410915
17.62,-72.79407035,0.0199488545,0.4628634938,0.4147246981,0,-0.05414588527,4.479237638,-5.522121104
17.63,-72.78309582,0.01997595942,0.4633148353,0.4143650732,0,-0.05441504254,4.475368493,-5.518828746
17.64,-72.77211286,0.02000312228,0.4637651948,0.4140063003,0,-0.05468553903,4.471504653,-5.515533859
17.65,-72.76112155,0.02003034304,0.4642145737,0.4136483783,0,-0.05495738068,4.46764615,-5.512236464
17.66,-72.75012193,0.02005762169,0.464662973,0.4132913059,0,-0.05523057346,4.463793018,-5.50893658
17.67,-72.73911409,0.0200849582,0.4651103942,0.4129350819,0,-0.05550512333,4.459945287,-5.505634226
17.68,-72.72809807,0.02011235253,0.4655568384,0.4125797053,0,-0.05578103629,4.456102989,-5.502329422
17.69,-72.71707396,0.02013980465,0.4660023069,0.4122251747,0,-0.05605831834,4.452266158,-5.499022187
17.7,-72.70604181,0.02016731454,0.466446801,0.411871489,0,-0.05633697549,4.448434823,-5.495712542
17.71,-72.69500169,0.02019488217,0.466890322,0.4115186471,0,-0.05661701378,4.444609017,-5.492400506
17.72,-72.68395366,0.02022250749,0.467332871,0.4111666477,0,-0.05689843925,4.440788772,-5.489086098
17.73,-72.67289779,0.02025019049,0.4677744493,0.4108154898,0,-0.05718125796,4.436974118,-5.485769338
17.74,-72.66183415,0.02027793113,0.4682150583,0.410465172,0,-0.05746547598,4.433165087,-5.482450245
17.75,-72.6507628,0.02030572936,0.4686546991,0.4101156933,0,-0.0577510994,4.42936171,-5.47912884
17.76,-72.63968381,0.02033358517,0.469093373,0.4097670524,0,-0.05803813432,4.425564017,-5.475805143
17.77,-72.62859724,0.02036149851,0.4695310812,0.4094192482,0,-0.05832658686,4.421772039,-5.472479171
17.78,-72.61750316,0.02038946935,0.4699678251,0.4090722796,0,-0.05861646313,4.417985807,-5.469150947
17.79,-72.60640163,0.02041749765,0.4704036058,0.4087261452,0,-0.05890776929,4.414205352,-5.465820488
17.8,-72.59529272,0.02044558337,0.4708384247,0.4083808441,0,-0.05920051149,4.410430703,-5.462487816
17.81,-72.5841765,0.02047372648,0.4712722828,0.408036375,0,-0.05949469588,4.406661891,-5.459152949
17.82,-72.57305303,0.02050192693,0.4717051816,0.4076927367,0,-0.05979032867,4.402898947,-5.455815908
17.83,-72.56192237,0.0205301847,0.4721371223,0.4073499281,0,-0.06008741602,4.399141898,-5.452476712
17.84,-72.5507846,0.02055849973,0.472568106,0.4070079479,0,-0.06038596417,4.395390777,-5.449135381
17.85,-72.53963978,0.02058687198,0.4729981342,0.4066667952,0,-0.06068597932,4.391645612,-5.445791935
17.86,-72.52848798,0.02061530143,0.4734272079,0.4063264686,0,-0.0609874677,4.387906432,-5.442446394
17.87,-72.51732926,0.02064378801,0.4738553284,0.405986967,0,-0.06129043557,4.384173268,-5.439098777
17.88,-72.50616368,0.0206723317,0.4742824971,0.4056482893,0,-0.06159488918,4.380446147,-5.435749105
17.89,-72.49499132,0.02070093244,0.4747087151,0.4053104342,0,-0.0619008348,4.3767251,-5.432397397
17.9,-72.48381224,0.02072959019,0.4751339837,0.4049734007,0,-0.06220827872,4.373010156,-5.429043673
17.91,-72.47262651,0.02075830491,0.4755583041,0.4046371876,0,-0.06251722722,4.369301342,-5.425687953
17.92,-72.46143419,0.02078707655,0.4759816776,0.4043017936,0,-0.06282768663,4.365598688,-5.422330256
17.93,-72.45023535,0.02081590507,0.4764041054,0.4039672177,0,-0.06313966325,4.361902222,-5.418970604
17.94,-72.43903005,0.02084479041,0.4768255887,0.4036334588,0,-0.06345316343,4.358211973,-5.415609015
17.95,-72.42781836,0.02087373254,0.4772461289,0.4033005155,0,-0.0637681935,4.354527968,-5.412245509
17.96,-72.41660036,0.02090273139,0.4776657271,0.4029683868,0,-0.06408475983,4.350850236,-5.408880107
17.97,-72.40537609,0.02093178693,0.4780843845,0.4026370716,0,-0.06440286877,4.347178805,-5.405512828
17.98,-72.39414564,0.02096089909,0.4785021025,0.4023065686,0,-0.06472252671,4.343513702,-5.402143692
17.99,-72.38290907,0.02099006784,0.4789188823,0.4019768767,0,-0.06504374005,4.339854955,-5.39877272
18,-72.37166643,0.02101929312,0.479334725,0.4016479948,0,-0.06536651518,4.336202592,-5.39539993
18.01,-72.36041781,0.02104857488,0.479749632,0.4013199218,0,-0.06569085852,4.33255664,-5.392025343
18.02,-72.34916326,0.02107791306,0.4801636044,0.4009926563,0,-0.06601677649,4.328917126,-5.388648979
18.03,-72.33790286,0.02110730762,0.4805766436,0.4006661974,0,-0.06634427554,4.325284077,-5.385270858
18.04,-72.32663666,0.02113675849,0.4809887506,0.4003405439,0,-0.0666733621,4.32165752,-5.381890999
18.05,-72.31536475,0.02116626562,0.4813999269,0.4000156946,0,-0.06700404264,4.318037482,-5.378509424
18.06,-72.30408717,0.02119582896,0.4818101736,0.3996916483,0,-0.06733632364,4.31442399,-5.37512615
18.07,-72.292804,0.02122544845,0.4822194919,0.399368404,0,-0.06767021156,4.310817069,-5.371741199
18.08,-72.2815153,0.02125512403,0.4826278831,0.3990459604,0,-0.0680057129,4.307216747,-5.368354591
18.09,-72.27022115,0.02128485565,0.4830353484,0.3987243165,0,-0.06834283417,4.303623049,-5.364966345
18.1,-72.2589216,0.02131464325,0.4834418891,0.3984034711,0,-0.06868158187,4.300036002,-5.361576481
18.11,-72.24761673,0.02134448676,0.4838475063,0.398083423,0,-0.06902196253,4.296455631,-5.358185019
18.12,-72.2363066,0.02137438613,0.4842522013,0.3977641711,0,-0.06936398268,4.292881963,-5.354791979
18.13,-72.22499127,0.0214043413,0.4846559754,0.3974457142,0,-0.06970764886,4.289315022,-5.351397381
18.14,-72.21367082,0.02143435221,0.4850588297,0.3971280513,0,-0.07005296764,4.285754834,-5.348001246
18.15,-72.20234531,0.02146441879,0.4854607655,0.3968111812,0,-0.07039994556,4.282201425,-5.344603592
18.16,-72.1910148,0.02149454099,0.4858617841,0.3964951027,0,-0.0707485892,4.27865482,-5.34120444
18.17,-72.17967936,0.02152471873,0.4862618866,0.3961798147,0,-0.07109890515,4.275115043,-5.337803809
18.18,-72.16833907,0.02155495196,0.4866610742,0.395865316,0,-0.07145089999,4.27158212,-5.33440172
18.19,-72.15699398,0.0215852406,0.4870593483,0.3955516056,0,-0.07180458033,4.268056076,-5.330998193
18.2,-72.14564416,0.0216155846,0.4874567099,0.3952386822,0,-0.07215995277,4.264536934,-5.327593247
18.21,-72.13428967,0.02164598389,0.4878531604,0.3949265448,0,-0.07251702394,4.261024719,-5.324186902
18.22,-72.12293059,0.0216764384,0.488248701,0.3946151922,0,-0.07287580047,4.257519456,-5.320779178
18.23,-72.11156698,0.02170694807,0.4886433329,0.3943046233,0,-0.07323628899,4.254021169,-5.317370095
18.24,-72.10019891,0.02173751282,0.4890370573,0.393994837,0,-0.07359849614,4.250529881,-5.313959673
18.25,-72.08882644,0.02176813259,0.4894298754,0.393685832,0,-0.07396242858,4.247045617,-5.310547932
18.26,-72.07744964,0.0217988073,0.4898217885,0.3933776074,0,-0.07432809298,4.2435684,-5.307134892
18.27,-72.06606857,0.02182953689,0.4902127978,0.3930701619,0,-0.07469549601,4.240098254,-5.303720571
18.28,-72.0546833,0.02186032129,0.4906029045,0.3927634944,0,-0.07506464434,4.236635203,-5.300304991
18.29,-72.0432939,0.02189116042,0.4909921098,0.3924576037,0,-0.07543554466,4.233179268,-5.296888171
18.3,-72.03190044,0.02192205422,0.4913804149,0.3921524889,0,-0.07580820367,4.229730474,-5.293470131
18.31,-72.02050297,0.0219530026,0.4917678211,0.3918481487,0,-0.07618262807,4.226288844,-5.290050891
18.32,-72.00910157,0.0219840055,0.4921543295,0.3915445819,0,-0.07655882457,4.2228544,-5.28663047
18.33,-71.99769629,0.02201506283,0.4925399414,0.3912417876,0,-0.07693679989,4.219427165,-5.283208888
18.34,-71.98628722,0.02204617454,0.4929246581,0.3909397645,0,-0.07731656076,4.216007161,-5.279786165
18.35,-71.9748744,0.02207734053,0.4933084806,0.3906385115,0,-0.0776981139,4.212594412,-5.276362321
18.36,-71.96345792,0.02210856074,0.4936914103,0.3903380275,0,-0.07808146607,4.209188938,-5.272937376
18.37,-71.95203783,0.02213983508,0.4940734483,0.3900383114,0,-0.07846662399,4.205790763,-5.269511348
18.38,-71.9406142,0.02217116348,0.4944545959,0.389739362,0,-0.07885359443,4.202399907,-5.266084259
18.39,-71.92918709,0.02220254586,0.4948348542,0.3894411783,0,-0.07924238416,4.199016394,-5.262656127
18.4,-71.91775658,0.02223398214,0.4952142245,0.389143759,0,-0.07963299992,4.195640244,-5.259226973
18.41,-71.90632272,0.02226547224,0.495592708,0.3888471032,0,-0.08002544851,4.192271479,-5.255796815
18.42,-71.89488558,0.02229701608,0.4959703059,0.3885512096,0,-0.08041973669,4.18891012,-5.252365675
18.43,-71.88344523,0.02232861357,0.4963470195,0.3882560771,0,-0.08081587125,4.185556189,-5.24893357
18.44,-71.87200174,0.02236026465,0.4967228498,0.3879617047,0,-0.08121385899,4.182209706,-5.245500522
18.45,-71.86055516,0.02239196921,0.4970977981,0.3876680911,0,-0.0816137067,4.178870693,-5.242066549
18.46,-71.84910557,0.02242372719,0.4974718657,0.3873752353,0,-0.08201542118,4.17553917,-5.238631671
18.47,-71.83765303,0.02245553849,0.4978450538,0.3870831362,0,-0.08241900924,4.172215157,-5.235195908
18.48,-71.8261976,0.02248740304,0.4982173634,0.3867917927,0,-0.0828244777,4.168898676,-5.231759279
18.49,-71.81473935,0.02251932074,0.498588796,0.3865012035,0,-0.08323183337,4.165589747,-5.228321804
18.5,-71.80327834,0.02255129151,0.4989593525,0.3862113677,0,-0.08364108307,4.162288389,-5.224883502
18.51,-71.79181464,0.02258331526,0.4993290344,0.3859222841,0,-0.08405223364,4.158994624,-5.221444393
18.52,-71.78034832,0.02261539191,0.4996978427,0.3856339515,0,-0.0844652919,4.155708469,-5.218004496
18.53,-71.76887944,0.02264752137,0.5000657786,0.385346369,0,-0.0848802647,4.152429947,-5.214563832
18.54,-71.75740806,0.02267970355,0.5004328434,0.3850595353,0,-0.08529715887,4.149159075,-5.211122418
18.55,-71.74593425,0.02271193835,0.5007990383,0.3847734493,0,-0.08571598126,4.145895873,-5.207680275
18.56,-71.73445807,0.0227442257,0.5011643644,0.38448811,0,-0.08613673872,4.142640361,-5.204237422
18.57,-71.7229796,0.02277656549,0.5015288231,0.3842035161,0,-0.0865594381,4.139392558,-5.200793879
18.58,-71.71149888,0.02280895765,0.5018924153,0.3839196667,0,-0.08698408627,4.136152483,-5.197349664
18.59,-71.70001599,0.02284140206,0.5022551424,0.3836365606,0,-0.08741069007,4.132920155,-5.193904798
18.6,-71.688531,0.02287389865,0.5026170056,0.3833541967,0,-0.08783925638,4.129695592,-5.190459299
18.61,-71.67704395,0.02290644732,0.5029780061,0.3830725738,0,-0.08826979207,4.126478812,-5.187013186
18.62,-71.66555493,0.02293904797,0.5033381449,0.382791691,0,-0.08870230399,4.123269836,-5.18356648
18.63,-71.654064,0.02297170052,0.5036974235,0.382511547,0,-0.08913679903,4.12006868,-5.180119199
18.64,-71.64257121,0.02300440486,0.5040558428,0.3822321407,0,-0.08957328406,4.116875362,-5.176671362
18.65,-71.63107663,0.02303716089,0.5044134042,0.3819534711,0,-0.09001176596,4.113689902,-5.17322299
18.66,-71.61958033,0.02306996853,0.5047701088,0.3816755371,0,-0.0904522516,4.110512316,-5.1697741
18.67,-71.60808237,0.02310282768,0.5051259578,0.3813983374,0,-0.09089474788,4.107342622,-5.166324712
18.68,-71.59658282,0.02313573823,0.5054809525,0.3811218712,0,-0.09133926167,4.104180838,-5.162874845
18.69,-71.58508173,0.02316870009,0.5058350939,0.3808461371,0,-0.09178579986,4.101026982,-5.159424519
18.7,-71.57357917,0.02320171315,0.5061883833,0.3805711342,0,-0.09223436934,4.09788107,-5.155973751
18.71,-71.56207521,0.02323477733,0.5065408219,0.3802968613,0,-0.092684977,4.094743119,-5.152522563
18.72,-71.5505699,0.02326789251,0.5068924109,0.3800233173,0,-0.09313762973,4.091613148,-5.149070971
18.73,-71.53906332,0.02330105861,0.5072431514,0.3797505012,0,-0.09359233441,4.088491172,-5.145618996
18.74,-71.52755552,0.0233342755,0.5075930446,0.3794784117,0,-0.09404909795,4.085377208,-5.142166657
18.75,-71.51604657,0.0233675431,0.5079420918,0.3792070479,0,-0.09450792722,4.082271273,-5.138713971
18.76,-71.50453653,0.0234008613,0.5082902941,0.3789364086,0,-0.09496882914,4.079173383,-5.135260959
18.77,-71.49302546,0.02343423,0.5086376527,0.3786664927,0,-0.09543181059,4.076083554,-5.131807639
18.78,-71.48151343,0.02346764908,0.5089841687,0.3783972992,0,-0.09589687846,4.073001803,-5.12835403
18.79,-71.4700005,0.02350111845,0.5093298434,0.3781288269,0,-0.09636403965,4.069928146,-5.124900151
18.8,-71.45848673,0.02353463801,0.509674678,0.3778610747,0,-0.09683330105,4.066862597,-5.12144602
18.81,-71.44697219,0.02356820763,0.5100186736,0.3775940415,0,-0.09730466955,4.063805175,-5.117991657
18.82,-71.43545693,0.02360182723,0.5103618313,0.3773277262,0,-0.09777815205,4.060755892,-5.114537079
18.83,-71.42394102,0.02363549668,0.5107041525,0.3770621278,0,-0.09825375544,4.057714766,-5.111082307
18.84,-71.41242453,0.02366921588,0.5110456383,0.3767972452,0,-0.09873148661,4.054681811,-5.107627358
18.85,-71.4009075,0.02370298473,0.5113862897,0.3765330772,0,-0.09921135245,4.051657043,-5.104172251
18.86,-71.38939002,0.02373680311,0.5117261082,0.3762696227,0,-0.09969335984,4.048640477,-5.100717005
18.87,-71.37787213,0.02377067091,0.5120650947,0.3760068807,0,-0.1001775157,4.045632126,-5.097261638
18.88,-71.3663539,0.02380458803,0.5124032504,0.3757448501,0,-0.1006638268,4.042632007,-5.093806169
18.89,-71.35483539,0.02383855434,0.5127405767,0.3754835297,0,-0.1011523002,4.039640134,-5.090350616
18.9,-71.34331666,0.02387256975,0.5130770745,0.3752229185,0,-0.1016429427,4.036656521,-5.086894998
18.91,-71.33179778,0.02390663413,0.5134127452,0.3749630154,0,-0.1021357611,4.033681182,-5.083439334
18.92,-71.3202788,0.02394074737,0.5137475898,0.3747038193,0,-0.1026307624,4.030714132,-5.079983641
18.93,-71.30875979,0.02397490937,0.5140816096,0.3744453292,0,-0.1031279533,4.027755385,-5.076527938
18.94,-71.29724081,0.02400911999,0.5144148057,0.3741875438,0,-0.1036273409,4.024804954,-5.073072244
18.95,-71.28572192,0.02404337914,0.5147471793,0.3739304622,0,-0.1041289319,4.021862854,-5.069616576
18.96,-71.27420318,0.02407768669,0.5150787316,0.3736740832,0,-0.1046327333,4.018929097,-5.066160954
18.97,-71.26268465,0.02411204253,0.5154094637,0.3734184058,0,-0.1051387518,4.016003699,-5.062705395
18.98,-71.25116639,0.02414644654,0.5157393768,0.3731634288,0,-0.1056469943,4.013086671,-5.059249917
18.99,-71.23964847,0.02418089861,0.516068472,0.3729091512,0,-0.1061574677,4.010178027,-5.05579454
19,-71.22813093,0.02421539861,0.5163967506,0.3726555719,0,-0.1066701789,4.00727778,-5.05233928
19.01,-71.21661385,0.02424994643,0.5167242137,0.3724026899,0,-0.1071851346,4.004385943,-5.048884155
19.02,-71.20509728,0.02428454195,0.5170508624,0.3721505039,0,-0.1077023417,4.00150253,-5.045429185
19.03,-71.19358129,0.02431918504,0.517376698,0.371899013,0,-0.1082218071,3.998627551,-5.041974388
19.04,-71.18206593,0.02435387559,0.5177017216,0.3716482161,0,-0.1087435376,3.995761021,-5.03851978
19.05,-71.17055127,0.02438861348,0.5180259344,0.371398112,0,-0.1092675399,3.992902952,-5.03506538
19.06,-71.15903735,0.02442339859,0.5183493374,0.3711486997,0,-0.109793821,3.990053355,-5.031611206
19.07,-71.14752425,0.02445823079,0.518671932,0.3708999781,0,-0.1103223876,3.987212243,-5.028157276
19.08,-71.13601202,0.02449310996,0.5189937192,0.3706519461,0,-0.1108532465,3.984379629,-5.024703607
19.09,-71.12450073,0.02452803597,0.5193147002,0.3704046027,0,-0.1113864046,3.981555523,-5.021250218
19.1,-71.11299042,0.02456300871,0.5196348762,0.3701579468,0,-0.1119218685,3.978739937,-5.017797127
19.11,-71.10148117,0.02459802805,0.5199542483,0.3699119772,0,-0.1124596453,3.975932884,-5.01434435
19.12,-71.08997302,0.02463309386,0.5202728176,0.3696666929,0,-0.1129997415,3.973134375,-5.010891906
19.13,-71.07846604,0.02466820602,0.5205905855,0.3694220929,0,-0.1135421639,3.97034442,-5.007439812
19.14,-71.06696029,0.02470336441,0.5209075529,0.369178176,0,-0.1140869194,3.967563032,-5.003988086
19.15,-71.05545582,0.02473856889,0.5212237211,0.3689349412,0,-0.1146340148,3.964790221,-5.000536746
19.16,-71.0439527,0.02477381933,0.5215390912,0.3686923873,0,-0.1151834566,3.962025999,-4.997085809
19.17,-71.03245097,0.02480911562,0.5218536643,0.3684505134,0,-0.1157352518,3.959270375,-4.993635292
19.18,-71.02095071,0.02484445762,0.5221674417,0.3682093183,0,-0.116289407,3.956523362,-4.990185214
19.19,-71.00945197,0.0248798452,0.5224804244,0.367968801,0,-0.1168459289,3.953784969,-4.986735591
19.2,-70.9979548,0.02491527824,0.5227926137,0.3677289603,0,-0.1174048244,3.951055206,-4.98328644
19.21,-70.98645927,0.0249507566,0.5231040106,0.3674897953,0,-0.1179661,3.948334085,-4.97983778
19.22,-70.97496542,0.02498628015,0.5234146164,0.3672513048,0,-0.1185297625,3.945621615,-4.976389627
19.23,-70.96347333,0.02502184877,0.5237244321,0.3670134877,0,-0.1190958186,3.942917807,-4.972941999
19.24,-70.95198304,0.02505746231,0.524033459,0.3667763431,0,-0.119664275,3.94022267,-4.969494913
19.25,-70.94049462,0.02509312065,0.5243416981,0.3665398698,0,-0.1202351383,3.937536213,-4.966048386
19.26,-70.92900812,0.02512882366,0.5246491506,0.3663040667,0,-0.1208084152,3.934858448,-4.962602435
19.27,-70.91752359,0.0251645712,0.5249558177,0.3660689327,0,-0.1213841124,3.932189383,-4.959157077
19.28,-70.9060411,0.02520036314,0.5252617006,0.3658344669,0,-0.1219622365,3.929529028,-4.955712329
19.29,-70.8945607,0.02523619934,0.5255668002,0.3656006681,0,-0.1225427941,3.926877392,-4.952268209
19.3,-70.88308244,0.02527207967,0.5258711179,0.3653675353,0,-0.1231257919,3.924234484,-4.948824733
19.31,-70.8716064,0.02530800399,0.5261746547,0.3651350673,0,-0.1237112365,3.921600314,-4.945381919
19.32,-70.86013261,0.02534397217,0.5264774118,0.3649032632,0,-0.1242991344,3.918974889,-4.941939782
19.33,-70.84866113,0.02537998407,0.5267793904,0.3646721218,0,-0.1248894923,3.91635822,-4.93849834
19.34,-70.83719203,0.02541603956,0.5270805915,0.3644416421,0,-0.1254823168,3.913750315,-4.93505761
19.35,-70.82572536,0.02545213849,0.5273810163,0.3642118231,0,-0.1260776144,3.911151181,-4.931617608
19.36,-70.81426117,0.02548828072,0.527680666,0.3639826635,0,-0.1266753916,3.908560829,-4.928178351
19.37,-70.80279952,0.02552446613,0.5279795416,0.3637541625,0,-0.1272756551,3.905979265,-4.924739856
19.38,-70.79134046,0.02556069457,0.5282776444,0.3635263189,0,-0.1278784113,3.903406498,-4.921302139
19.39,-70.77988406,0.0255969659,0.5285749754,0.3632991316,0,-0.1284836668,3.900842537,-4.917865217
19.4,-70.76843036,0.02563327998,0.5288715359,0.3630725996,0,-0.129091428,3.898287389,-4.914429107
19.41,-70.75697941,0.02566963667,0.5291673269,0.3628467218,0,-0.1297017015,3.895741062,-4.910993824
19.42,-70.74553128,0.02570603583,0.5294623495,0.3626214972,0,-0.1303144937,3.893203564,-4.907559385
19.43,-70.73408602,0.02574247732,0.529756605,0.3623969247,0,-0.1309298111,3.890674901,-4.904125807
19.44,-70.72264369,0.02577896099,0.5300500944,0.3621730032,0,-0.1315476601,3.888155083,-4.900693107
19.45,-70.71120433,0.0258154867,0.5303428189,0.3619497317,0,-0.1321680473,3.885644116,-4.897261299
19.46,-70.699768,0.02585205432,0.5306347795,0.3617271091,0,-0.1327909789,3.883142007,-4.893830401
19.47,-70.68833476,0.02588866369,0.5309259776,0.3615051343,0,-0.1334164614,3.880648764,-4.890400428
19.48,-70.67690466,0.02592531468,0.531216414,0.3612838064,0,-0.1340445013,3.878164393,-4.886971397
19.49,-70.66547775,0.02596200713,0.5315060901,0.3610631241,0,-0.1346751048,3.875688901,-4.883543324
19.5,-70.65405408,0.0259987409,0.5317950069,0.3608430865,0,-0.1353082784,3.873222295,-4.880116225
19.51,-70.64263372,0.02603551585,0.5320831655,0.3606236926,0,-0.1359440284,3.870764582,-4.876690116
19.52,-70.63121671,0.02607233184,0.5323705672,0.3604049411,0,-0.1365823611,3.868315769,-4.873265013
19.53,-70.61980311,0.0261091887,0.5326572129,0.3601868312,0,-0.1372232828,3.865875861,-4.869840932
19.54,-70.60839296,0.02614608631,0.5329431038,0.3599693617,0,-0.1378667999,3.863444864,-4.866417888
19.55,-70.59698633,0.0261830245,0.5332282412,0.3597525315,0,-0.1385129186,3.861022786,-4.862995898
19.56,-70.58558326,0.02622000314,0.5335126259,0.3595363397,0,-0.1391616452,3.858609632,-4.859574977
19.57,-70.57418381,0.02625702208,0.5337962593,0.3593207851,0,-0.1398129859,3.856205409,-4.856155142
19.58,-70.56278802,0.02629408116,0.5340791424,0.3591058668,0,-0.140466947,3.853810121,-4.852736406
19.59,-70.55139596,0.02633118023,0.5343612764,0.3588915836,0,-0.1411235347,3.851423774,-4.849318787
19.6,-70.54000767,0.02636831916,0.5346426623,0.3586779345,0,-0.1417827552,3.849046376,-4.8459023
19.61,-70.5286232,0.02640549778,0.5349233014,0.3584649184,0,-0.1424446146,3.846677929,-4.842486961
19.62,-70.51724261,0.02644271594,0.5352031946,0.3582525343,0,-0.1431091192,3.844318441,-4.839072784
19.63,-70.50586595,0.0264799735,0.5354823431,0.3580407812,0,-0.143776275,3.841967917,-4.835659785
19.64,-70.49449327,0.02651727031,0.5357607481,0.3578296579,0,-0.1444460882,3.839626361,-4.83224798
19.65,-70.48312461,0.0265546062,0.5360384106,0.3576191635,0,-0.1451185649,3.837293778,-4.828837384
19.66,-70.47176004,0.02659198104,0.5363153319,0.3574092969,0,-0.1457937112,3.834970174,-4.825428012
19.67,-70.4603996,0.02662939466,0.5365915129,0.3572000569,0,-0.1464715332,3.832655554,-4.82201988
19.68,-70.44904334,0.02666684692,0.5368669548,0.3569914427,0,-0.1471520368,3.830349922,-4.818613002
19.69,-70.43769131,0.02670433766,0.5371416587,0.3567834531,0,-0.1478352282,3.828053282,-4.815207394
19.7,-70.42634357,0.02674186672,0.5374156258,0.356576087,0,-0.1485211134,3.82576564,-4.811803071
19.71,-70.41500016,0.02677943396,0.5376888571,0.3563693435,0,-0.1492096982,3.823486999,-4.808400048
19.72,-70.40366113,0.02681703921,0.5379613538,0.3561632215,0,-0.1499009888,3.821217364,-4.804998339
19.73,-70.39232654,0.02685468232,0.5382331169,0.3559577199,0,-0.150594991,3.81895674,-4.801597961
19.74,-70.38099642,0.02689236314,0.5385041476,0.3557528377,0,-0.1512917108,3.816705129,-4.798198927
19.75,-70.36967084,0.02693008151,0.538774447,0.3555485739,0,-0.151991154,3.814462537,-4.794801253
19.76,-70.35834984,0.02696783727,0.5390440161,0.3553449273,0,-0.1526933267,3.812228966,-4.791404953
19.77,-70.34703347,0.02700563027,0.5393128562,0.355141897,0,-0.1533982345,3.810004422,-4.788010042
19.78,-70.33572178,0.02704346035,0.5395809683,0.3549394819,0,-0.1541058834,3.807788906,-4.784616534
19.79,-70.32441482,0.02708132735,0.5398483535,0.3547376809,0,-0.1548162792,3.805582424,-4.781224445
19.8,-70.31311263,0.02711923111,0.5401150129,0.354536493,0,-0.1555294277,3.803384978,-4.777833789
19.81,-70.30181527,0.02715717147,0.5403809476,0.3543359173,0,-0.1562453346,3.801196572,-4.774444581
19.82,-70.29052278,0.02719514828,0.5406461588,0.3541359525,0,-0.1569640058,3.799017209,-4.771056834
19.83,-70.27923521,0.02723316138,0.5409106475,0.3539365978,0,-0.1576854469,3.796846892,-4.767670564
19.84,-70.26795261,0.0272712106,0.5411744148,0.3537378519,0,-0.1584096636,3.794685624,-4.764285784
19.85,-70.25667503,0.02730929579,0.5414374618,0.353539714,0,-0.1591366617,3.792533408,-4.76090251
19.86,-70.24540251,0.02734741679,0.5416997897,0.3533421829,0,-0.1598664467,3.790390247,-4.757520754
19.87,-70.23413511,0.02738557343,0.5419613995,0.3531452577,0,-0.1605990243,3.788256143,-4.754140533
19.88,-70.22287286,0.02742376555,0.5422222923,0.3529489372,0,-0.1613344002,3.7861311,-4.750761859
19.89,-70.21161582,0.027461993,0.5424824693,0.3527532205,0,-0.1620725799,3.78401512,-4.747384746
19.9,-70.20036403,0.02750025561,0.5427419315,0.3525581065,0,-0.162813569,3.781908204,-4.74400921
19.91,-70.18911755,0.02753855321,0.54300068,0.3523635942,0,-0.1635573729,3.779810356,-4.740635264
19.92,-70.1778764,0.02757688566,0.5432587159,0.3521696824,0,-0.1643039973,3.777721578,-4.737262921
19.93,-70.16664065,0.02761525277,0.5435160403,0.3519763703,0,-0.1650534476,3.775641872,-4.733892196
19.94,-70.15541034,0.02765365439,0.5437726543,0.3517836567,0,-0.1658057293,3.77357124,-4.730523103
19.95,-70.14418552,0.02769209036,0.544028559,0.3515915406,0,-0.1665608477,3.771509683,-4.727155655
19.96,-70.13296622,0.02773056051,0.5442837555,0.351400021,0,-0.1673188084,3.769457204,-4.723789867
19.97,-70.1217525,0.02776906467,0.5445382449,0.3512090969,0,-0.1680796166,3.767413804,-4.720425751
19.98,-70.11054441,0.02780760269,0.5447920283,0.3510187671,0,-0.1688432778,3.765379485,-4.717063322
19.99,-70.09934198,0.02784617439,0.5450451067,0.3508290308,0,-0.1696097972,3.763354249,-4.713702593
20,-70.08814526,0.02788477962,0.5452974813,0.3506398868,0,-0.1703791803,3.761338097,-4.710343578
20.01,-70.0769543,0.0279234182,0.5455491531,0.350451334,0,-0.1711514321,3.75933103,-4.706986289
20.02,-70.06576914,0.02796208997,0.5458001232,0.3502633716,0,-0.1719265581,3.75733305,-4.703630742
20.03,-70.05458983,0.02800079476,0.5460503927,0.3500759984,0,-0.1727045634,3.755344158,-4.700276948
20.04,-70.04341641,0.02803953241,0.5462999628,0.3498892135,0,-0.1734854531,3.753364354,-4.696924922
20.05,-70.03224892,0.02807830275,0.5465488344,0.3497030157,0,-0.1742692326,3.75139364,-4.693574677
20.06,-70.02108742,0.0281171056,0.5467970087,0.349517404,0,-0.1750559068,3.749432017,-4.690226225
20.07,-70.00993193,0.02815594082,0.5470444867,0.3493323775,0,-0.1758454809,3.747479485,-4.68687958
20.08,-69.99878252,0.02819480821,0.5472912696,0.3491479351,0,-0.1766379601,3.745536046,-4.683534756
20.09,-69.98763922,0.02823370763,0.5475373584,0.3489640758,0,-0.1774333492,3.743601699,-4.680191765
20.1,-69.97650207,0.02827263889,0.5477827542,0.3487807984,0,-0.1782316534,3.741676445,-4.67685062
20.11,-69.96537111,0.02831160183,0.548027458,0.3485981021,0,-0.1790328776,3.739760286,-4.673511334
20.12,-69.9542464,0.02835059628,0.5482714711,0.3484159858,0,-0.1798370268,3.73785322,-4.67017392
20.13,-69.94312797,0.02838962208,0.5485147943,0.3482344485,0,-0.1806441059,3.735955248,-4.666838392
20.14,-69.93201587,0.02842867904,0.5487574289,0.348053489,0,-0.1814541199,3.734066371,-4.663504761
20.15,-69.92091014,0.028467767,0.5489993759,0.3478731065,0,-0.1822670735,3.732186589,-4.660173041
20.16,-69.90981081,0.0285068858,0.5492406363,0.3476932999,0,-0.1830829717,3.730315901,-4.656843244
20.17,-69.89871794,0.02854603525,0.5494812113,0.3475140681,0,-0.1839018192,3.728454307,-4.653515383
20.18,-69.88763157,0.02858521519,0.5497211018,0.3473354101,0,-0.1847236208,3.726601808,-4.650189471
20.19,-69.87655173,0.02862442544,0.5499603091,0.347157325,0,-0.1855483812,3.724758402,-4.64686552
20.2,-69.86547847,0.02866366584,0.5501988342,0.3469798116,0,-0.1863761052,3.72292409,-4.643543542
20.21,-69.85441184,0.02870293622,0.5504366781,0.3468028691,0,-0.1872067975,3.721098871,-4.640223551
20.22,-69.84335186,0.02874223639,0.5506738418,0.3466264962,0,-0.1880404626,3.719282745,-4.636905558
20.23,-69.83229858,0.02878156619,0.5509103266,0.3464506921,0,-0.1888771053,3.71747571,-4.633589575
20.24,-69.82125205,0.02882092545,0.5511461334,0.3462754557,0,-0.18971673,3.715677766,-4.630275616
20.25,-69.81021231,0.02886031399,0.5513812634,0.346100786,0,-0.1905593413,3.713888913,-4.626963692
20.26,-69.79917938,0.02889973163,0.5516157175,0.3459266819,0,-0.1914049439,3.712109149,-4.623653815
20.27,-69.78815333,0.02893917822,0.5518494969,0.3457531425,0,-0.192253542,3.710338474,-4.620345998
20.28,-69.77713418,0.02897865356,0.5520826026,0.3455801667,0,-0.1931051403,3.708576886,-4.617040253
20.29,-69.76612197,0.02901815749,0.5523150357,0.3454077535,0,-0.193959743,3.706824385,-4.613736591
20.3,-69.75511675,0.02905768984,0.5525467972,0.345235902,0,-0.1948173546,3.705080968,-4.610435025
20.31,-69.74411856,0.02909725042,0.5527778883,0.345064611,0,-0.1956779795,3.703346636,-4.607135567
20.32,-69.73312743,0.02913683907,0.5530083099,0.3448938795,0,-0.1965416219,3.701621385,-4.603838228
20.33,-69.7221434,0.02917645561,0.5532380632,0.3447237066,0,-0.1974082862,3.699905216,-4.60054302
20.34,-69.71116652,0.02921609986,0.5534671492,0.3445540913,0,-0.1982779765,3.698198125,-4.597249955
20.35,-69.70019682,0.02925577164,0.553695569,0.3443850325,0,-0.1991506971,3.696500113,-4.593959045
20.36,-69.68923434,0.02929547079,0.5539233236,0.3442165291,0,-0.2000264521,3.694811177,-4.590670301
20.37,-69.67827912,0.02933519713,0.5541504141,0.3440485803,0,-0.2009052458,3.693131314,-4.587383735
20.38,-69.6673312,0.02937495047,0.5543768415,0.3438811849,0,-0.2017870822,3.691460525,-4.584099359
20.39,-69.65639061,0.02941473065,0.5546026069,0.3437143421,0,-0.2026719653,3.689798805,-4.580817183
20.4,-69.6454574,0.02945453749,0.5548277114,0.3435480506,0,-0.2035598992,3.688146154,-4.577537221
20.41,-69.6345316,0.0294943708,0.5550521561,0.3433823097,0,-0.204450888,3.686502569,-4.574259481
20.42,-69.62361326,0.02953423042,0.5552759419,0.3432171181,0,-0.2053449355,3.684868048,-4.570983978
20.43,-69.6127024,0.02957411616,0.5554990699,0.343052475,0,-0.2062420456,3.683242589,-4.56771072
20.44,-69.60179907,0.02961402785,0.5557215412,0.3428883793,0,-0.2071422223,3.68162619,-4.56443972
20.45,-69.5909033,0.02965396531,0.5559433568,0.34272483,0,-0.2080454695,3.680018847,-4.561170989
20.46,-69.58001513,0.02969392836,0.5561645179,0.3425618262,0,-0.2089517908,3.678420559,-4.557904538
20.47,-69.56913459,0.02973391682,0.5563850254,0.3423993667,0,-0.2098611901,3.676831323,-4.554640378
20.48,-69.55826173,0.02977393052,0.5566048803,0.3422374506,0,-0.2107736712,3.675251136,-4.55137852
20.49,-69.54739659,0.02981396928,0.5568240839,0.3420760769,0,-0.2116892377,3.673679996,-4.548118976
20.5,-69.53653918,0.02985403291,0.557042637,0.3419152446,0,-0.2126078932,3.6721179,-4.544861755
20.51,-69.52568956,0.02989412125,0.5572605407,0.3417549527,0,-0.2135296415,3.670564845,-4.541606869
20.52,-69.51484776,0.0299342341,0.5574777962,0.3415952001,0,-0.214454486,3.669020828,-4.538354328
20.53,-69.50401381,0.02997437129,0.5576944044,0.3414359859,0,-0.2153824304,3.667485845,-4.535104144
20.54,-69.49318776,0.03001453265,0.5579103663,0.3412773091,0,-0.2163134781,3.665959895,-4.531856328
20.55,-69.48236963,0.03005471798,0.5581256831,0.3411191686,0,-0.2172476326,3.664442973,-4.528610888
20.56,-69.47155946,0.03009492712,0.5583403558,0.3409615635,0,-0.2181848972,3.662935077,-4.525367838
20.57,-69.46075729,0.03013515988,0.5585543854,0.3408044928,0,-0.2191252755,3.661436203,-4.522127186
20.58,-69.44996315,0.03017541608,0.5587677729,0.3406479554,0,-0.2200687708,3.659946348,-4.518888944
20.59,-69.43917707,0.03021569554,0.5589805195,0.3404919504,0,-0.2210153862,3.658465508,-4.515653121
20.6,-69.4283991,0.03025599807,0.5591926261,0.3403364768,0,-0.2219651252,3.65699368,-4.512419729
20.61,-69.41762926,0.03029632351,0.5594040938,0.3401815335,0,-0.222917991,3.65553086,-4.509188778
20.62,-69.40686759,0.03033667167,0.5596149236,0.3400271196,0,-0.2238739866,3.654077044,-4.505960277
20.63,-69.39611413,0.03037704236,0.5598251166,0.339873234,0,-0.2248331153,3.65263223,-4.502734238
20.64,-69.3853689,0.03041743541,0.5600346738,0.3397198759,0,-0.2257953802,3.651196412,-4.49951067
20.65,-69.37463194,0.03045785063,0.5602435962,0.3395670441,0,-0.2267607842,3.649769588,-4.496289583
20.66,-69.36390329,0.03049828785,0.5604518849,0.3394147377,0,-0.2277293305,3.648351753,-4.493070988
20.67,-69.35318298,0.03053874688,0.5606595409,0.3392629557,0,-0.2287010221,3.646942903,-4.489854895
20.68,-69.34247105,0.03057922753,0.5608665653,0.339111697,0,-0.2296758617,3.645543034,-4.486641314
20.69,-69.33176751,0.03061972964,0.561072959,0.3389609608,0,-0.2306538525,3.644152142,-4.483430254
20.7,-69.32107242,0.030660253,0.5612787232,0.338810746,0,-0.2316349971,3.642770223,-4.480221725
20.71,-69.31038579,0.03070079746,0.5614838588,0.3386610516,0,-0.2326192984,3.641397272,-4.477015738
20.72,-69.29970767,0.03074136281,0.5616883669,0.3385118766,0,-0.2336067591,3.640033286,-4.473812302
20.73,-69.28903809,0.03078194888,0.5618922486,0.3383632201,0,-0.234597382,3.638678259,-4.470611427
20.74,-69.27837707,0.03082255548,0.5620955047,0.338215081,0,-0.2355911698,3.637332187,-4.467413122
20.75,-69.26772466,0.03086318244,0.5622981365,0.3380674583,0,-0.2365881251,3.635995066,-4.464217397
20.76,-69.25708087,0.03090382957,0.5625001449,0.3379203511,0,-0.2375882505,3.634666892,-4.461024262
20.77,-69.24644576,0.03094449669,0.5627015308,0.3377737584,0,-0.2385915485,3.633347658,-4.457833727
20.78,-69.23581933,0.0309851836,0.5629022955,0.3376276792,0,-0.2395980217,3.632037361,-4.4546458
20.79,-69.22520164,0.03102589014,0.5631024398,0.3374821125,0,-0.2406076724,3.630735996,-4.451460491
20.8,-69.2145927,0.03106661611,0.5633019649,0.3373370573,0,-0.2416205032,3.629443558,-4.44827781
20.81,-69.20399255,0.03110736134,0.5635008717,0.3371925126,0,-0.2426365163,3.628160042,-4.445097766
20.82,-69.19340122,0.03114812564,0.5636991613,0.3370484774,0,-0.2436557141,3.626885443,-4.441920367
20.83,-69.18281875,0.03118890882,0.5638968346,0.3369049509,0,-0.244678099,3.625619756,-4.438745625
20.84,-69.17224516,0.03122971071,0.5640938928,0.3367619319,0,-0.245703673,3.624362976,-4.435573547
20.85,-69.16168047,0.03127053111,0.5642903368,0.3366194195,0,-0.2467324385,3.623115098,-4.432404142
20.86,-69.15112474,0.03131136985,0.5644861676,0.3364774127,0,-0.2477643976,3.621876116,-4.429237421
20.87,-69.14057797,0.03135222673,0.5646813863,0.3363359105,0,-0.2487995523,3.620646025,-4.426073391
20.88,-69.13004021,0.03139310159,0.5648759939,0.336194912,0,-0.2498379048,3.61942482,-4.422912062
20.89,-69.11951148,0.03143399422,0.5650699915,0.3360544161,0,-0.2508794569,3.618212495,-4.419753443
20.9,-69.10899181,0.03147490445,0.5652633799,0.3359144219,0,-0.2519242108,3.617009045,-4.416597543
20.91,-69.09848123,0.03151583209,0.5654561604,0.3357749285,0,-0.2529721683,3.615814464,-4.41344437
20.92,-69.08797978,0.03155677696,0.5656483337,0.3356359347,0,-0.2540233312,3.614628747,-4.410293933
20.93,-69.07748747,0.03159773887,0.5658399011,0.3354974397,0,-0.2550777015,3.613451888,-4.407146242
20.94,-69.06700435,0.03163871765,0.5660308635,0.3353594425,0,-0.2561352808,3.612283882,-4.404001304
20.95,-69.05653043,0.03167971309,0.5662212218,0.3352219421,0,-0.257196071,3.611124721,-4.400859128
20.96,-69.04606575,0.03172072502,0.5664109772,0.3350849375,0,-0.2582600737,3.609974402,-4.397719724
20.97,-69.03561033,0.03176175326,0.5666001307,0.3349484278,0,-0.2593272904,3.608832917,-4.394583099
20.98,-69.02516421,0.03180279762,0.5667886832,0.3348124119,0,-0.2603977229,3.607700261,-4.391449262
20.99,-69.0147274,0.03184385791,0.5669766357,0.3346768889,0,-0.2614713727,3.606576428,-4.388318221
21,-69.00429995,0.03188493394,0.5671639893,0.3345418578,0,-0.2625482412,3.605461411,-4.385189986
21.01,-68.99388188,0.03192602554,0.567350745,0.3344073177,0,-0.2636283299,3.604355205,-4.382064563
21.02,-68.98347321,0.03196713252,0.5675369038,0.3342732676,0,-0.2647116402,3.603257804,-4.378941962
21.03,-68.97307397,0.03200825469,0.5677224667,0.3341397065,0,-0.2657981735,3.6021692,-4.375822191
21.04,-68.96268419,0.03204939187,0.5679074347,0.3340066334,0,-0.266887931,3.601089389,-4.372705258
21.05,-68.9523039,0.03209054387,0.5680918089,0.3338740473,0,-0.267980914,3.600018362,-4.369591171
21.06,-68.94193313,0.0321317105,0.5682755901,0.3337419474,0,-0.2690771236,3.598956115,-4.366479938
21.07,-68.93157189,0.03217289158,0.5684587795,0.3336103326,0,-0.2701765612,3.597902641,-4.363371568
21.08,-68.92122023,0.03221408693,0.568641378,0.333479202,0,-0.2712792277,3.596857932,-4.360266068
21.09,-68.91087816,0.03225529636,0.5688233866,0.3333485546,0,-0.2723851242,3.595821983,-4.357163447
21.1,-68.9005457,0.03229651968,0.5690048063,0.3332183894,0,-0.2734942517,3.594794787,-4.354063711
21.11,-68.8902229,0.03233775671,0.5691856383,0.3330887054,0,-0.2746066112,3.593776337,-4.35096687
21.12,-68.87990977,0.03237900726,0.5693658833,0.3329595018,0,-0.2757222035,3.592766626,-4.347872931
21.13,-68.86960634,0.03242027114,0.5695455425,0.3328307774,0,-0.2768410296,3.591765648,-4.344781902
21.14,-68.85931263,0.03246154818,0.5697246168,0.3327025315,0,-0.2779630903,3.590773396,-4.34169379
21.15,-68.84902868,0.03250283818,0.5699031073,0.332574763,0,-0.2790883862,3.589789863,-4.338608603
21.16,-68.8387545,0.03254414095,0.5700810149,0.3324474709,0,-0.2802169182,3.588815041,-4.33552635
21.17,-68.82849012,0.03258545632,0.5702583406,0.3323206543,0,-0.2813486868,3.587848925,-4.332447036
21.18,-68.81823557,0.0326267841,0.5704350855,0.3321943122,0,-0.2824836927,3.586891506,-4.329370671
21.19,-68.80799087,0.03266812409,0.5706112505,0.3320684437,0,-0.2836219364,3.585942778,-4.326297262
21.2,-68.79775605,0.03270947612,0.5707868366,0.3319430477,0,-0.2847634184,3.585002734,-4.323226815
21.21,-68.78753113,0.03275084,0.5709618448,0.3318181235,0,-0.2859081392,3.584071366,-4.320159339
21.22,-68.77731614,0.03279221553,0.5711362762,0.3316936699,0,-0.2870560992,3.583148667,-4.317094841
21.23,-68.76711109,0.03283360255,0.5713101316,0.331569686,0,-0.2882072987,3.58223463,-4.314033328
21.24,-68.75691603,0.03287500085,0.5714834122,0.3314461709,0,-0.2893617381,3.581329247,-4.310974808
21.25,-68.74673096,0.03291641026,0.5716561188,0.3313231236,0,-0.2905194175,3.580432512,-4.307919287
21.26,-68.73655591,0.03295783058,0.5718282526,0.3312005432,0,-0.2916803372,3.579544416,-4.304866773
21.27,-68.72639091,0.03299926164,0.5719998144,0.3310784287,0,-0.2928444974,3.578664952,-4.301817273
21.28,-68.71623598,0.03304070324,0.5721708052,0.3309567792,0,-0.294011898,3.577794112,-4.298770794
21.29,-68.70609115,0.0330821552,0.5723412261,0.3308355936,0,-0.2951825392,3.57693189,-4.295727344
21.3,-68.69595643,0.03312361733,0.572511078,0.3307148711,0,-0.2963564209,3.576078277,-4.292686929
21.31,-68.68583185,0.03316508945,0.572680362,0.3305946107,0,-0.2975335431,3.575233265,-4.289649556
21.32,-68.67571744,0.03320657137,0.572849079,0.3304748115,0,-0.2987139056,3.574396847,-4.286615232
21.33,-68.66561321,0.03324806291,0.5730172299,0.3303554724,0,-0.2998975083,3.573569015,-4.283583964
21.34,-68.6555192,0.03328956387,0.5731848158,0.3302365926,0,-0.301084351,3.572749761,-4.280555759
21.35,-68.64543541,0.03333107407,0.5733518377,0.3301181711,0,-0.3022744333,3.571939077,-4.277530624
21.36,-68.63536189,0.03337259333,0.5735182966,0.3300002069,0,-0.303467755,3.571136955,-4.274508566
21.37,-68.62529863,0.03341412146,0.5736841933,0.3298826991,0,-0.3046643157,3.570343388,-4.27148959
21.38,-68.61524568,0.03345565828,0.573849529,0.3297656468,0,-0.3058641149,3.569558367,-4.268473705
21.39,-68.60520305,0.03349720359,0.5740143046,0.329649049,0,-0.3070671522,3.568781884,-4.265460916
21.4,-68.59517077,0.03353875722,0.574178521,0.3295329048,0,-0.3082734269,3.568013931,-4.26245123
21.41,-68.58514885,0.03358031897,0.5743421793,0.3294172132,0,-0.3094829386,3.5672545,-4.259444654
21.42,-68.57513731,0.03362188865,0.5745052804,0.3293019733,0,-0.3106956865,3.566503583,-4.256441194
21.43,-68.56513619,0.0336634661,0.5746678254,0.3291871841,0,-0.3119116699,3.565761171,-4.253440856
21.44,-68.55514549,0.03370505111,0.5748298151,0.3290728447,0,-0.3131308882,3.565027256,-4.250443648
21.45,-68.54516525,0.0337466435,0.5749912506,0.3289589541,0,-0.3143533404,3.564301829,-4.247449575
21.46,-68.53519548,0.03378824309,0.5751521328,0.3288455115,0,-0.3155790257,3.563584883,-4.244458643
21.47,-68.5252362,0.03382984969,0.5753124627,0.3287325158,0,-0.3168079432,3.562876409,-4.24147086
21.48,-68.51528744,0.03387146311,0.5754722413,0.3286199662,0,-0.318040092,3.562176398,-4.238486231
21.49,-68.50534921,0.03391308317,0.5756314696,0.3285078617,0,-0.3192754709,3.561484841,-4.235504762
21.5,-68.49542154,0.03395470969,0.5757901484,0.3283962013,0,-0.3205140789,3.560801731,-4.232526461
21.51,-68.48550444,0.03399634247,0.5759482789,0.3282849842,0,-0.3217559149,3.560127059,-4.229551332
21.52,-68.47559794,0.03403798133,0.576105862,0.3281742093,0,-0.3230009777,3.559460815,-4.226579382
21.53,-68.46570205,0.03407962609,0.5762628986,0.3280638758,0,-0.3242492659,3.558802992,-4.223610616
21.54,-68.45581681,0.03412127656,0.5764193898,0.3279539827,0,-0.3255007784,3.558153579,-4.220645042
21.55,-68.44594222,0.03416293255,0.5765753364,0.3278445291,0,-0.3267555137,3.55751257,-4.217682665
21.56,-68.4360783,0.03420459388,0.5767307395,0.327735514,0,-0.3280134705,3.556879954,-4.21472349
21.57,-68.42622508,0.03424626037,0.5768856,0.3276269365,0,-0.3292746472,3.556255724,-4.211767525
21.58,-68.41638258,0.03428793182,0.5770399188,0.3275187958,0,-0.3305390424,3.555639869,-4.208814774
21.59,-68.40655081,0.03432960806,0.5771936971,0.3274110908,0,-0.3318066544,3.555032381,-4.205865243
21.6,-68.3967298,0.03437128889,0.5773469356,0.3273038206,0,-0.3330774816,3.554433251,-4.202918939
21.61,-68.38691955,0.03441297414,0.5774996355,0.3271969843,0,-0.3343515224,3.55384247,-4.199975866
21.62,-68.3771201,0.03445466361,0.5776517976,0.327090581,0,-0.3356287749,3.55326003,-4.197036031
21.63,-68.36733146,0.03449635712,0.5778034228,0.3269846097,0,-0.3369092374,3.552685919,-4.194099439
21.64,-68.35755365,0.03453805449,0.5779545123,0.3268790695,0,-0.338192908,3.552120131,-4.191166096
21.65,-68.34778669,0.03457975554,0.5781050669,0.3267739595,0,-0.3394797848,3.551562654,-4.188236008
21.66,-68.3380306,0.03462146007,0.5782550876,0.3266692788,0,-0.3407698658,3.551013481,-4.185309179
21.67,-68.32828539,0.0346631679,0.5784045754,0.3265650264,0,-0.342063149,3.550472601,-4.182385616
21.68,-68.31855108,0.03470487885,0.5785535311,0.3264612015,0,-0.3433596323,3.549940006,-4.179465324
21.69,-68.30882769,0.03474659273,0.5787019559,0.326357803,0,-0.3446593135,3.549415686,-4.176548308
21.7,-68.29911525,0.03478830935,0.5788498505,0.3262548301,0,-0.3459621905,3.548899632,-4.173634574
21.71,-68.28941376,0.03483002855,0.5789972161,0.3261522819,0,-0.347268261,3.548391833,-4.170724127
21.72,-68.27972324,0.03487175012,0.5791440535,0.3260501573,0,-0.3485775226,3.547892282,-4.167816973
21.73,-68.27004372,0.03491347388,0.5792903637,0.3259484556,0,-0.3498899731,3.547400967,-4.164913116
21.74,-68.26037521,0.03495519965,0.5794361477,0.3258471758,0,-0.3512056099,3.546917881,-4.162012562
21.75,-68.25071772,0.03499692725,0.5795814064,0.3257463169,0,-0.3525244307,3.546443012,-4.159115316
21.76,-68.24107128,0.03503865649,0.5797261407,0.3256458781,0,-0.3538464328,3.545976351,-4.156221383
21.77,-68.2314359,0.03508038718,0.5798703517,0.3255458585,0,-0.3551716136,3.545517889,-4.153330769
21.78,-68.22181159,0.03512211915,0.5800140402,0.325446257,0,-0.3564999705,3.545067616,-4.150443478
21.79,-68.21219838,0.03516385221,0.5801572072,0.3253470729,0,-0.3578315008,3.544625523,-4.147559515
21.8,-68.20259629,0.03520558617,0.5802998537,0.3252483052,0,-0.3591662018,3.544191598,-4.144678886
21.81,-68.19300532,0.03524732085,0.5804419807,0.3251499529,0,-0.3605040704,3.543765833,-4.141801596
21.82,-68.1834255,0.03528905607,0.580583589,0.3250520152,0,-0.361845104,3.543348217,-4.138927649
21.83,-68.17385683,0.03533079164,0.5807246796,0.3249544912,0,-0.3631892996,3.542938742,-4.13605705
21.84,-68.16429935,0.03537252738,0.5808652535,0.3248573799,0,-0.364536654,3.542537396,-4.133189805
21.85,-68.15475306,0.03541426311,0.5810053117,0.3247606804,0,-0.3658871644,3.542144169,-4.130325918
21.86,-68.14521798,0.03545599864,0.5811448549,0.3246643919,0,-0.3672408275,3.541759053,-4.127465393
21.87,-68.13569412,0.03549773379,0.5812838843,0.3245685134,0,-0.3685976402,3.541382036,-4.124608236
21.88,-68.12618151,0.03553946838,0.5814224007,0.324473044,0,-0.3699575993,3.541013108,-4.121754452
21.89,-68.11668015,0.03558120222,0.5815604052,0.3243779828,0,-0.3713207014,3.54065226,-4.118904044
21.9,-68.10719006,0.03562293512,0.5816978985,0.3242833289,0,-0.3726869433,3.540299481,-4.116057018
21.91,-68.09771126,0.03566466692,0.5818348818,0.3241890814,0,-0.3740563214,3.539954761,-4.113213379
21.92,-68.08824377,0.03570639742,0.5819713559,0.3240952393,0,-0.3754288324,3.53961809,-4.11037313
21.93,-68.07878759,0.03574812644,0.5821073217,0.3240018019,0,-0.3768044727,3.539289458,-4.107536277
21.94,-68.06934275,0.0357898538,0.5822427803,0.3239087681,0,-0.3781832387,3.538968853,-4.104702824
21.95,-68.05990925,0.03583157932,0.5823777325,0.3238161371,0,-0.3795651268,3.538656266,-4.101872775
21.96,-68.05048712,0.03587330281,0.5825121792,0.323723908,0,-0.3809501333,3.538351687,-4.099046136
21.97,-68.04107636,0.03591502409,0.5826461215,0.3236320799,0,-0.3823382544,3.538055105,-4.096222909
21.98,-68.031677,0.03595674298,0.5827795603,0.3235406518,0,-0.3837294863,3.537766509,-4.093403101
21.99,-68.02228905,0.03599845929,0.5829124965,0.3234496229,0,-0.3851238252,3.537485889,-4.090586714
22,-68.01291251,0.03604017286,0.583044931,0.3233589923,0,-0.386521267,3.537213235,-4.087773754
22.01,-68.00354742,0.03608188348,0.5831768648,0.3232687591,0,-0.3879218079,3.536948535,-4.084964225
22.02,-67.99419377,0.03612359098,0.5833082987,0.3231789224,0,-0.3893254437,3.53669178,-4.082158131
22.03,-67.98485159,0.03616529519,0.5834392339,0.3230894812,0,-0.3907321703,3.536442959,-4.079355476
22.04,-67.97552088,0.03620699591,0.5835696711,0.3230004348,0,-0.3921419836,3.53620206,-4.076556264
22.05,-67.96620167,0.03624869297,0.5836996113,0.3229117821,0,-0.3935548794,3.535969074,-4.0737605
22.06,-67.95689396,0.03629038618,0.5838290554,0.3228235224,0,-0.3949708532,3.53574399,-4.070968188
22.07,-67.94759777,0.03633207537,0.5839580044,0.3227356547,0,-0.3963899009,3.535526796,-4.068179331
22.08,-67.93831311,0.03637376035,0.5840864592,0.3226481781,0,-0.397812018,3.535317482,-4.065393934
22.09,-67.92904,0.03641544094,0.5842144208,0.3225610917,0,-0.3992372,3.535116037,-4.062612001
22.1,-67.91977846,0.03645711696,0.58434189,0.3224743947,0,-0.4006654424,3.534922451,-4.059833537
22.11,-67.91052848,0.03649878823,0.5844688677,0.3223880862,0,-0.4020967407,3.534736712,-4.057058544
22.12,-67.90129009,0.03654045456,0.5845953551,0.3223021652,0,-0.4035310901,3.534558809,-4.054287026
22.13,-67.8920633,0.03658211579,0.5847213528,0.3222166309,0,-0.404968486,3.534388732,-4.051518989
22.14,-67.88284812,0.03662377172,0.5848468619,0.3221314824,0,-0.4064089236,3.534226469,-4.048754435
22.15,-67.87364456,0.03666542218,0.5849718833,0.3220467188,0,-0.4078523981,3.53407201,-4.045993369
22.16,-67.86445265,0.03670706699,0.585096418,0.3219623393,0,-0.4092989046,3.533925343,-4.043235794
22.17,-67.85527238,0.03674870597,0.5852204668,0.3218783428,0,-0.4107484381,3.533786457,-4.040481714
22.18,-67.84610378,0.03679033893,0.5853440306,0.3217947287,0,-0.4122009938,3.533655341,-4.037731133
22.19,-67.83694685,0.0368319657,0.5854671105,0.3217114959,0,-0.4136565665,3.533531984,-4.034984055
22.2,-67.82780161,0.03687358609,0.5855897072,0.3216286436,0,-0.415115151,3.533416375,-4.032240483
22.21,-67.81866807,0.03691519993,0.5857118218,0.3215461709,0,-0.4165767423,3.533308502,-4.02950042
22.22,-67.80954624,0.03695680705,0.5858334552,0.321464077,0,-0.418041335,3.533208355,-4.026763872
22.23,-67.80043613,0.03699840725,0.5859546082,0.3213823609,0,-0.419508924,3.533115921,-4.02403084
22.24,-67.79133777,0.03704000036,0.5860752819,0.3213010218,0,-0.4209795037,3.53303119,-4.02130133
22.25,-67.78225115,0.0370815862,0.586195477,0.3212200588,0,-0.4224530689,3.53295415,-4.018575344
22.26,-67.77317629,0.03712316459,0.5863151946,0.3211394711,0,-0.423929614,3.53288479,-4.015852886
22.27,-67.7641132,0.03716473535,0.5864344355,0.3210592577,0,-0.4254091335,3.532823098,-4.013133959
22.28,-67.75506189,0.03720629831,0.5865532007,0.3209794177,0,-0.4268916218,3.532769063,-4.010418567
22.29,-67.74602238,0.03724785328,0.5866714911,0.3208999504,0,-0.4283770733,3.532722673,-4.007706713
22.3,-67.73699467,0.03728940009,0.5867893076,0.3208208548,0,-0.4298654822,3.532683917,-4.004998401
22.31,-67.72797878,0.03733093856,0.5869066511,0.3207421301,0,-0.4313568428,3.532652784,-4.002293634
22.32,-67.71897472,0.03737246851,0.5870235225,0.3206637753,0,-0.4328511492,3.532629261,-3.999592416
22.33,-67.7099825,0.03741398976,0.5871399228,0.3205857897,0,-0.4343483955,3.532613338,-3.99689475
22.34,-67.70100213,0.03745550213,0.5872558528,0.3205081723,0,-0.4358485758,3.532605002,-3.994200638
22.35,-67.69203362,0.03749700545,0.5873713135,0.3204309223,0,-0.4373516841,3.532604241,-3.991510085
22.36,-67.68307698,0.03753849954,0.5874863058,0.3203540388,0,-0.4388577143,3.532611045,-3.988823094
22.37,-67.67413223,0.03757998422,0.5876008305,0.3202775209,0,-0.4403666602,3.532625401,-3.986139668
22.38,-67.66519937,0.03762145931,0.5877148887,0.3202013679,0,-0.4418785157,3.532647298,-3.98345981
22.39,-67.65627841,0.03766292464,0.5878284812,0.3201255787,0,-0.4433932746,3.532676723,-3.980783523
22.4,-67.64736937,0.03770438003,0.5879416088,0.3200501526,0,-0.4449109304,3.532713665,-3.97811081
22.41,-67.63847225,0.0377458253,0.5880542726,0.3199750887,0,-0.4464314769,3.532758113,-3.975441675
22.42,-67.62958707,0.03778726028,0.5881664735,0.3199003862,0,-0.4479549076,3.532810053,-3.972776121
22.43,-67.62071384,0.03782868478,0.5882782123,0.319826044,0,-0.449481216,3.532869475,-3.970114151
22.44,-67.61185256,0.03787009864,0.5883894899,0.3197520615,0,-0.4510103956,3.532936366,-3.967455767
22.45,-67.60300324,0.03791150167,0.5885003072,0.3196784378,0,-0.4525424397,3.533010714,-3.964800973
22.46,-67.59416591,0.0379528937,0.5886106652,0.3196051719,0,-0.4540773418,3.533092508,-3.962149772
22.47,-67.58534055,0.03799427456,0.5887205648,0.319532263,0,-0.4556150949,3.533181734,-3.959502166
22.48,-67.5765272,0.03803564406,0.5888300069,0.3194597103,0,-0.4571556925,3.533278382,-3.956858159
22.49,-67.56772585,0.03807700203,0.5889389922,0.319387513,0,-0.4586991275,3.533382439,-3.954217754
22.5,-67.55893651,0.0381183483,0.5890475219,0.31931567,0,-0.4602453932,3.533493893,-3.951580954
22.51,-67.5501592,0.03815968269,0.5891555967,0.3192441807,0,-0.4617944825,3.533612732,-3.948947761
22.52,-67.54139393,0.03820100503,0.5892632176,0.3191730442,0,-0.4633463884,3.533738943,-3.946318178
22.53,-67.53264069,0.03824231513,0.5893703855,0.3191022595,0,-0.4649011038,3.533872514,-3.943692208
22.54,-67.52389951,0.03828361282,0.5894771012,0.3190318259,0,-0.4664586216,3.534013434,-3.941069854
22.55,-67.51517039,0.03832489794,0.5895833657,0.3189617425,0,-0.4680189345,3.534161689,-3.938451118
22.56,-67.50645335,0.0383661703,0.5896891798,0.3188920084,0,-0.4695820354,3.534317267,-3.935836004
22.57,-67.49774838,0.03840742973,0.5897945445,0.3188226228,0,-0.4711479168,3.534480157,-3.933224515
22.58,-67.48905551,0.03844867605,0.5898994607,0.3187535849,0,-0.4727165714,3.534650346,-3.930616652
22.59,-67.48037473,0.03848990909,0.5900039292,0.3186848937,0,-0.4742879917,3.534827821,-3.928012418
22.6,-67.47170606,0.03853112868,0.5901079509,0.3186165486,0,-0.4758621703,3.535012569,-3.925411817
22.61,-67.4630495,0.03857233464,0.5902115268,0.3185485485,0,-0.4774390995,3.535204579,-3.922814851
22.62,-67.45440507,0.0386135268,0.5903146577,0.3184808927,0,-0.4790187718,3.535403839,-3.920221522
22.63,-67.44577278,0.03865470499,0.5904173445,0.3184135803,0,-0.4806011794,3.535610334,-3.917631833
22.64,-67.43715262,0.03869586902,0.5905195882,0.3183466105,0,-0.4821863146,3.535824054,-3.915045787
22.65,-67.42854462,0.03873701873,0.5906213896,0.3182799824,0,-0.4837741696,3.536044984,-3.912463385
22.66,-67.41994877,0.03877815394,0.5907227496,0.3182136952,0,-0.4853647366,3.536273114,-3.909884632
22.67,-67.4113651,0.03881927448,0.590823669,0.318147748,0,-0.4869580076,3.536508429,-3.907309529
22.68,-67.40279359,0.03886038018,0.5909241489,0.3180821401,0,-0.4885539746,3.536750918,-3.904738078
22.69,-67.39423428,0.03890147087,0.59102419,0.3180168705,0,-0.4901526296,3.537000567,-3.902170283
22.7,-67.38568715,0.03894254636,0.5911237932,0.3179519385,0,-0.4917539645,3.537257365,-3.899606145
22.71,-67.37715222,0.03898360649,0.5912229596,0.3178873432,0,-0.4933579711,3.537521298,-3.897045667
22.72,-67.36862951,0.03902465109,0.5913216898,0.3178230837,0,-0.4949646412,3.537792353,-3.894488852
22.73,-67.360119,0.03906567998,0.5914199849,0.3177591593,0,-0.4965739666,3.538070517,-3.891935701
22.74,-67.35162073,0.039106693,0.5915178457,0.3176955691,0,-0.4981859389,3.538355779,-3.889386218
22.75,-67.34313468,0.03914768996,0.591615273,0.3176323122,0,-0.4998005496,3.538648124,-3.886840403
22.76,-67.33466087,0.0391886707,0.5917122679,0.3175693878,0,-0.5014177904,3.538947541,-3.884298261
22.77,-67.32619931,0.03922963505,0.5918088311,0.3175067952,0,-0.5030376527,3.539254016,-3.881759793
22.78,-67.31775,0.03927058282,0.5919049635,0.3174445334,0,-0.5046601279,3.539567535,-3.879225001
22.79,-67.30931296,0.03931151387,0.5920006661,0.3173826016,0,-0.5062852075,3.539888087,-3.876693888
22.8,-67.30088819,0.039352428,0.5920959397,0.3173209991,0,-0.5079128827,3.540215658,-3.874166456
22.81,-67.29247569,0.03939332505,0.5921907852,0.3172597249,0,-0.5095431447,3.540550236,-3.871642707
22.82,-67.28407548,0.03943420485,0.5922852034,0.3171987783,0,-0.5111759848,3.540891806,-3.869122643
22.83,-67.27568756,0.03947506723,0.5923791953,0.3171381584,0,-0.5128113941,3.541240356,-3.866606267
22.84,-67.26731193,0.03951591201,0.5924727617,0.3170778644,0,-0.5144493637,3.541595873,-3.86409358
22.85,-67.25894862,0.03955673904,0.5925659035,0.3170178955,0,-0.5160898845,3.541958344,-3.861584585
22.86,-67.25059761,0.03959754813,0.5926586216,0.3169582508,0,-0.5177329475,3.542327755,-3.859079284
22.87,-67.24225893,0.03963833911,0.5927509169,0.3168989296,0,-0.5193785437,3.542704094,-3.856577679
22.88,-67.23393257,0.03967911182,0.5928427902,0.3168399309,0,-0.5210266638,3.543087346,-3.854079772
22.89,-67.22561855,0.03971986609,0.5929342424,0.3167812541,0,-0.5226772986,3.5434775,-3.851585565
22.9,-67.21731687,0.03976060174,0.5930252744,0.3167228982,0,-0.5243304388,3.543874541,-3.84909506
22.91,-67.20902753,0.03980131861,0.5931158871,0.3166648625,0,-0.5259860752,3.544278456,-3.84660826
22.92,-67.20075055,0.03984201652,0.5932060813,0.3166071461,0,-0.5276441983,3.544689232,-3.844125166
22.93,-67.19248593,0.03988269531,0.5932958579,0.3165497482,0,-0.5293047986,3.545106856,-3.84164578
22.94,-67.18423368,0.03992335482,0.5933852179,0.316492668,0,-0.5309678667,3.545531313,-3.839170104
22.95,-67.1759938,0.03996399486,0.5934741619,0.3164359047,0,-0.532633393,3.545962591,-3.836698141
22.96,-67.1677663,0.04000461527,0.593562691,0.3163794575,0,-0.5343013677,3.546400677,-3.834229891
22.97,-67.15955119,0.04004521588,0.593650806,0.3163233255,0,-0.5359717813,3.546845556,-3.831765358
22.98,-67.15134847,0.04008579652,0.5937385078,0.3162675079,0,-0.537644624,3.547297215,-3.829304542
22.99,-67.14315816,0.04012635703,0.5938257972,0.316212004,0,-0.539319886,3.547755641,-3.826847447
23,-67.13498024,0.04016689724,0.5939126752,0.3161568129,0,-0.5409975575,3.54822082,-3.824394073
23.01,-67.12681474,0.04020741697,0.5939991425,0.3161019338,0,-0.5426776284,3.548692739,-3.821944422
23.02,-67.11866166,0.04024791607,0.5940852,0.3160473659,0,-0.5443600888,3.549171383,-3.819498498
23.03,-67.110521,0.04028839436,0.5941708487,0.3159931084,0,-0.5460449287,3.549656739,-3.8170563
23.04,-67.10239277,0.04032885167,0.5942560893,0.3159391605,0,-0.547732138,3.550148794,-3.814617831
23.05,-67.09427698,0.04036928784,0.5943409228,0.3158855214,0,-0.5494217066,3.550647534,-3.812183093
23.06,-67.08617363,0.04040970269,0.59442535,0.3158321902,0,-0.5511136242,3.551152945,-3.809752088
23.07,-67.07808272,0.04045009607,0.5945093718,0.3157791662,0,-0.5528078805,3.551665013,-3.807324817
23.08,-67.07000428,0.04049046781,0.594592989,0.3157264485,0,-0.5545044652,3.552183724,-3.804901283
23.09,-67.06193829,0.04053081774,0.5946762026,0.3156740364,0,-0.556203368,3.552709065,-3.802481486
23.1,-67.05388476,0.04057114568,0.5947590132,0.3156219291,0,-0.5579045784,3.553241022,-3.800065428
23.11,-67.04584371,0.04061145149,0.594841422,0.3155701258,0,-0.5596080859,3.553779581,-3.797653112
23.12,-67.03781513,0.04065173498,0.5949234296,0.3155186255,0,-0.56131388,3.554324728,-3.795244539
23.13,-67.02979904,0.04069199599,0.5950050369,0.3154674277,0,-0.56302195,3.554876449,-3.792839711
23.14,-67.02179543,0.04073223436,0.5950862449,0.3154165314,0,-0.5647322853,3.55543473,-3.790438629
23.15,-67.01380431,0.04077244992,0.5951670543,0.3153659359,0,-0.5664448751,3.555999558,-3.788041294
23.16,-67.0058257,0.04081264251,0.5952474661,0.3153156403,0,-0.5681597086,3.556570917,-3.785647709
23.17,-66.99785959,0.04085281195,0.5953274811,0.3152656439,0,-0.5698767751,3.557148794,-3.783257876
23.18,-66.98990598,0.04089295809,0.5954071001,0.3152159459,0,-0.5715960637,3.557733176,-3.780871795
23.19,-66.98196489,0.04093308075,0.595486324,0.3151665454,0,-0.5733175632,3.558324047,-3.778489468
23.2,-66.97403632,0.04097317978,0.5955651536,0.3151174418,0,-0.5750412629,3.558921395,-3.776110897
23.21,-66.96612028,0.041013255,0.5956435899,0.3150686341,0,-0.5767671515,3.559525203,-3.773736084
23.22,-66.95821677,0.04105330626,0.5957216337,0.3150201217,0,-0.578495218,3.56013546,-3.77136503
23.23,-66.95032579,0.04109333339,0.5957992858,0.3149719037,0,-0.5802254512,3.560752149,-3.768997736
23.24,-66.94244735,0.04113333622,0.595876547,0.3149239793,0,-0.5819578399,3.561375257,-3.766634204
23.25,-66.93458145,0.04117331458,0.5959534183,0.3148763477,0,-0.5836923727,3.562004771,-3.764274436
23.26,-66.92672811,0.04121326833,0.5960299005,0.3148290082,0,-0.5854290383,3.562640674,-3.761918432
23.27,-66.91888732,0.04125319728,0.5961059944,0.3147819599,0,-0.5871678253,3.563282954,-3.759566195
23.28,-66.91105909,0.04129310128,0.596181701,0.3147352022,0,-0.5889087223,3.563931595,-3.757217726
23.29,-66.90324342,0.04133298016,0.5962570209,0.3146887341,0,-0.5906517177,3.564586584,-3.754873027
23.3,-66.89544033,0.04137283376,0.5963319552,0.3146425549,0,-0.5923968,3.565247906,-3.752532098
23.31,-66.8876498,0.04141266192,0.5964065046,0.3145966639,0,-0.5941439576,3.565915546,-3.750194941
23.32,-66.87987186,0.04145246446,0.5964806699,0.3145510602,0,-0.5958931786,3.566589491,-3.747861558
23.33,-66.8721065,0.04149224124,0.5965544522,0.3145057431,0,-0.5976444515,3.567269724,-3.74553195
23.34,-66.86435373,0.04153199208,0.5966278521,0.3144607117,0,-0.5993977645,3.567956233,-3.743206119
23.35,-66.85661355,0.04157171683,0.5967008705,0.3144159654,0,-0.6011531056,3.568649003,-3.740884065
23.36,-66.84888597,0.04161141531,0.5967735084,0.3143715033,0,-0.6029104629,3.569348018,-3.73856579
23.37,-66.84117099,0.04165108737,0.5968457664,0.3143273246,0,-0.6046698246,3.570053265,-3.736251296
23.38,-66.83346861,0.04169073285,0.5969176455,0.3142834287,0,-0.6064311786,3.570764729,-3.733940583
23.39,-66.82577885,0.04173035158,0.5969891466,0.3142398146,0,-0.6081945128,3.571482394,-3.731633654
23.4,-66.8181017,0.04176994339,0.5970602704,0.3141964816,0,-0.6099598152,3.572206247,-3.729330509
23.41,-66.81043717,0.04180950814,0.5971310178,0.314153429,0,-0.6117270734,3.572936273,-3.72703115
23.42,-66.80278526,0.04184904565,0.5972013897,0.314110656,0,-0.6134962754,3.573672457,-3.724735578
23.43,-66.79514598,0.04188855577,0.5972713869,0.3140681617,0,-0.6152674088,3.574414783,-3.722443794
23.44,-66.78751933,0.04192803833,0.5973410102,0.3140259455,0,-0.6170404612,3.575163238,-3.7201558
23.45,-66.77990532,0.04196749317,0.5974102605,0.3139840066,0,-0.6188154204,3.575917807,-3.717871596
23.46,-66.77230395,0.04200692013,0.5974791386,0.3139423442,0,-0.6205922737,3.576678474,-3.715591185
23.47,-66.76471522,0.04204631905,0.5975476454,0.3139009575,0,-0.6223710088,3.577445225,-3.713314567
23.48,-66.75713914,0.04208568977,0.5976157816,0.3138598457,0,-0.6241516131,3.578218045,-3.711041743
23.49,-66.74957572,0.04212503212,0.5976835482,0.3138190082,0,-0.6259340739,3.578996919,-3.708772715
23.5,-66.74202495,0.04216434595,0.597750946,0.313778444,0,-0.6277183786,3.579781832,-3.706507484
23.51,-66.73448684,0.0422036311,0.5978179758,0.3137381526,0,-0.6295045145,3.580572769,-3.704246052
23.52,-66.72696139,0.0422428874,0.5978846384,0.313698133,0,-0.6312924688,3.581369715,-3.701988418
23.53,-66.71944862,0.0422821147,0.5979509348,0.3136583846,0,-0.6330822287,3.582172655,-3.699734585
23.54,-66.71194851,0.04232131284,0.5980168656,0.3136189065,0,-0.6348737813,3.582981574,-3.697484554
23.55,-66.70446108,0.04236048164,0.5980824318,0.313579698,0,-0.6366671136,3.583796456,-3.695238325
23.56,-66.69698633,0.04239962097,0.5981476342,0.3135407585,0,-0.6384622128,3.584617287,-3.6929959
23.57,-66.68952427,0.04243873065,0.5982124737,0.3135020869,0,-0.6402590657,3.585444052,-3.69075728
23.58,-66.68207489,0.04247781052,0.598276951,0.3134636828,0,-0.6420576593,3.586276735,-3.688522467
23.59,-66.6746382,0.04251686044,0.598341067,0.3134255452,0,-0.6438579804,3.587115321,-3.68629146
23.6,-66.66721421,0.04255588023,0.5984048225,0.3133876734,0,-0.6456600158,3.587959795,-3.684064262
23.61,-66.65980291,0.04259486974,0.5984682184,0.3133500667,0,-0.6474637524,3.588810141,-3.681840874
23.62,-66.65240432,0.0426338288,0.5985312555,0.3133127243,0,-0.6492691767,3.589666344,-3.679621296
23.63,-66.64501843,0.04267275727,0.5985939346,0.3132756455,0,-0.6510762754,3.59052839,-3.677405529
23.64,-66.63764525,0.04271165499,0.5986562566,0.3132388295,0,-0.6528850352,3.591396262,-3.675193576
23.65,-66.63028479,0.04275052178,0.5987182222,0.3132022755,0,-0.6546954426,3.592269945,-3.672985436
23.66,-66.62293703,0.04278935751,0.5987798324,0.3131659828,0,-0.656507484,3.593149424,-3.67078111
23.67,-66.615602,0.04282816199,0.5988410879,0.3131299507,0,-0.658321146,3.594034684,-3.668580601
23.68,-66.60827969,0.04286693509,0.5989019895,0.3130941784,0,-0.6601364149,3.594925708,-3.666383908
23.69,-66.60097011,0.04290567664,0.5989625382,0.3130586651,0,-0.661953277,3.595822481,-3.664191034
23.7,-66.59367326,0.04294438649,0.5990227347,0.3130234101,0,-0.6637717187,3.596724989,-3.662001978
23.71,-66.58638914,0.04298306447,0.5990825798,0.3129884127,0,-0.6655917262,3.597633215,-3.659816742
23.72,-66.57911775,0.04302171043,0.5991420744,0.3129536721,0,-0.6674132856,3.598547143,-3.657635326
23.73,-66.57185911,0.04306032421,0.5992012193,0.3129191876,0,-0.6692363831,3.599466758,-3.655457733
23.74,-66.56461321,0.04309890565,0.5992600154,0.3128849584,0,-0.6710610048,3.600392045,-3.653283963
23.75,-66.55738005,0.04313745461,0.5993184634,0.3128509838,0,-0.6728871368,3.601322988,-3.651114016
23.76,-66.55015965,0.04317597091,0.5993765641,0.312817263,0,-0.6747147649,3.602259571,-3.648947894
23.77,-66.54295199,0.04321445441,0.5994343185,0.3127837954,0,-0.6765438752,3.603201778,-3.646785598
23.78,-66.53575709,0.04325290494,0.5994917273,0.31275058,0,-0.6783744536,3.604149594,-3.644627128
23.79,-66.52857495,0.04329132236,0.5995487913,0.3127176164,0,-0.6802064858,3.605103002,-3.642472486
23.8,-66.52140558,0.0433297065,0.5996055114,0.3126849035,0,-0.6820399577,3.606061988,-3.640321673
23.81,-66.51424896,0.04336805721,0.5996618884,0.3126524409,0,-0.6838748549,3.607026535,-3.638174689
23.82,-66.50710512,0.04340637433,0.599717923,0.3126202276,0,-0.6857111633,3.607996627,-3.636031535
23.83,-66.49997404,0.04344465771,0.5997736162,0.312588263,0,-0.6875488683,3.608972248,-3.633892212
23.84,-66.49285574,0.04348290719,0.5998289687,0.3125565464,0,-0.6893879557,3.609953383,-3.631756722
23.85,-66.48575022,0.04352112261,0.5998839814,0.312525077,0,-0.6912284109,3.610940016,-3.629625065
23.86,-66.47865747,0.04355930383,0.5999386551,0.312493854,0,-0.6930702194,3.61193213,-3.627497242
23.87,-66.47157751,0.04359745068,0.5999929906,0.3124628767,0,-0.6949133668,3.61292971,-3.625373253
23.88,-66.46451034,0.04363556301,0.6000469886,0.3124321445,0,-0.6967578383,3.613932739,-3.623253101
23.89,-66.45745595,0.04367364066,0.6001006501,0.3124016566,0,-0.6986036193,3.614941202,-3.621136784
23.9,-66.45041435,0.04371168349,0.6001539759,0.3123714122,0,-0.7004506952,3.615955082,-3.619024306
23.91,-66.44338555,0.04374969133,0.6002069667,0.3123414106,0,-0.7022990511,3.616974363,-3.616915665
23.92,-66.43636955,0.04378766403,0.6002596233,0.3123116511,0,-0.7041486723,3.617999029,-3.614810864
23.93,-66.42936634,0.04382560143,0.6003119467,0.312282133,0,-0.7059995439,3.619029065,-3.612709902
23.94,-66.42237594,0.0438635034,0.6003639375,0.3122528555,0,-0.7078516511,3.620064453,-3.610612782
23.95,-66.41539834,0.04390136975,0.6004155967,0.3122238179,0,-0.7097049789,3.621105177,-3.608519503
23.96,-66.40843355,0.04393920036,0.600466925,0.3121950195,0,-0.7115595122,3.622151222,-3.606430066
23.97,-66.40148158,0.04397699505,0.6005179232,0.3121664596,0,-0.7134152362,3.62320257,-3.604344473
23.98,-66.39454241,0.04401475368,0.6005685922,0.3121381375,0,-0.7152721356,3.624259206,-3.602262724
23.99,-66.38761606,0.04405247609,0.6006189327,0.3121100523,0,-0.7171301954,3.625321113,-3.600184819
24,-66.38070253,0.04409016214,0.6006689456,0.3120822035,0,-0.7189894004,3.626388275,-3.59811076
24.01,-66.37380183,0.04412781166,0.6007186317,0.3120545902,0,-0.7208497354,3.627460676,-3.596040548
24.02,-66.36691394,0.0441654245,0.6007679918,0.3120272119,0,-0.722711185,3.628538298,-3.593974183
24.03,-66.36003889,0.04420300052,0.6008170266,0.3120000676,0,-0.7245737341,3.629621126,-3.591911666
24.04,-66.35317666,0.04424053955,0.6008657371,0.3119731568,0,-0.7264373672,3.630709143,-3.589852998
24.05,-66.34632726,0.04427804145,0.600914124,0.3119464787,0,-0.7283020689,3.631802333,-3.587798179
24.06,-66.3394907,0.04431550606,0.600962188,0.3119200327,0,-0.7301678239,3.632900678,-3.58574721
24.07,-66.33266698,0.04435293323,0.6010099302,0.3118938179,0,-0.7320346165,3.634004163,-3.583700093
24.08,-66.32585609,0.04439032281,0.6010573511,0.3118678336,0,-0.7339024312,3.635112771,-3.581656827
24.09,-66.31905805,0.04442767465,0.6011044517,0.3118420793,0,-0.7357712525,3.636226484,-3.579617414
24.1,-66.31227285,0.04446498859,0.6011512327,0.3118165541,0,-0.7376410648,3.637345287,-3.577581855
24.11,-66.3055005,0.04450226449,0.6011976949,0.3117912573,0,-0.7395118523,3.638469163,-3.575550149
24.12,-66.29874099,0.04453950218,0.6012438392,0.3117661882,0,-0.7413835994,3.639598095,-3.573522298
24.13,-66.29199434,0.04457670153,0.6012896664,0.3117413462,0,-0.7432562902,3.640732066,-3.571498302
24.14,-66.28526054,0.04461386237,0.6013351772,0.3117167305,0,-0.7451299091,3.641871059,-3.569478163
24.15,-66.2785396,0.04465098456,0.6013803724,0.3116923404,0,-0.74700444,3.643015059,-3.56746188
24.16,-66.27183152,0.04468806795,0.6014252529,0.3116681752,0,-0.7488798673,3.644164046,-3.565449456
24.17,-66.2651363,0.04472511238,0.6014698195,0.3116442342,0,-0.7507561748,3.645318006,-3.563440889
24.18,-66.25845394,0.04476211771,0.6015140729,0.3116205167,0,-0.7526333466,3.646476921,-3.561436181
24.19,-66.25178445,0.04479908378,0.601558014,0.311597022,0,-0.7545113667,3.647640774,-3.559435334
24.2,-66.24512782,0.04483601044,0.6016016435,0.3115737493,0,-0.7563902191,3.648809548,-3.557438346
24.21,-66.23848407,0.04487289755,0.6016449623,0.3115506981,0,-0.7582698876,3.649983226,-3.55544522
24.22,-66.23185318,0.04490974495,0.6016879711,0.3115278675,0,-0.7601503561,3.651161791,-3.553455955
24.23,-66.22523518,0.04494655249,0.6017306708,0.3115052569,0,-0.7620316084,3.652345227,-3.551470553
24.24,-66.21863005,0.04498332003,0.6017730621,0.3114828656,0,-0.7639136283,3.653533515,-3.549489014
24.25,-66.21203779,0.04502004741,0.6018151459,0.3114606929,0,-0.7657963994,3.654726639,-3.547511338
24.26,-66.20545842,0.04505673448,0.6018569229,0.3114387381,0,-0.7676799055,3.655924582,-3.545537527
24.27,-66.19889194,0.0450933811,0.6018983939,0.3114170004,0,-0.7695641302,3.657127327,-3.543567581
24.28,-66.19233834,0.04512998711,0.6019395598,0.3113954793,0,-0.7714490571,3.658334856,-3.541601501
24.29,-66.18579762,0.04516655237,0.6019804213,0.311374174,0,-0.7733346698,3.659547152,-3.539639287
24.3,-66.1792698,0.04520307672,0.6020209792,0.3113530838,0,-0.7752209518,3.660764198,-3.537680941
24.31,-66.17275487,0.04523956002,0.6020612343,0.311332208,0,-0.7771078866,3.661985976,-3.535726461
24.32,-66.16625284,0.04527600212,0.6021011874,0.3113115459,0,-0.7789954575,3.66321247,-3.533775851
24.33,-66.1597637,0.04531240288,0.6021408393,0.3112910969,0,-0.7808836481,3.664443662,-3.531829109
24.34,-66.15328745,0.04534876213,0.6021801908,0.3112708602,0,-0.7827724416,3.665679534,-3.529886236
24.35,-66.14682411,0.04538507974,0.6022192427,0.3112508351,0,-0.7846618214,3.66692007,-3.527947234
24.36,-66.14037367,0.04542135556,0.6022579958,0.3112310211,0,-0.7865517708,3.668165252,-3.526012102
24.37,-66.13393614,0.04545758943,0.6022964508,0.3112114173,0,-0.788442273,3.669415061,-3.524080842
24.38,-66.12751151,0.04549378121,0.6023346085,0.3111920231,0,-0.7903333112,3.670669482,-3.522153454
24.39,-66.1210998,0.04552993076,0.6023724698,0.3111728378,0,-0.7922248686,3.671928496,-3.520229939
24.4,-66.11470099,0.04556603792,0.6024100354,0.3111538607,0,-0.7941169283,3.673192086,-3.518310297
24.41,-66.10831509,0.04560210255,0.6024473062,0.3111350912,0,-0.7960094734,3.674460234,-3.516394528
24.42,-66.10194211,0.0456381245,0.6024842828,0.3111165285,0,-0.7979024869,3.675732922,-3.514482634
24.43,-66.09558205,0.04567410362,0.6025209661,0.311098172,0,-0.7997959518,3.677010134,-3.512574615
24.44,-66.08923491,0.04571003977,0.602557357,0.311080021,0,-0.8016898512,3.678291851,-3.510670472
24.45,-66.08290068,0.0457459328,0.602593456,0.3110620748,0,-0.8035841679,3.679578055,-3.508770205
24.46,-66.07657938,0.04578178256,0.6026292641,0.3110443328,0,-0.8054788849,3.680868729,-3.506873814
24.47,-66.070271,0.04581758891,0.6026647821,0.3110267942,0,-0.807373985,3.682163856,-3.504981301
24.48,-66.06397555,0.04585335169,0.6027000106,0.3110094584,0,-0.809269451,3.683463417,-3.503092666
24.49,-66.05769303,0.04588907078,0.6027349506,0.3109923247,0,-0.8111652658,3.684767394,-3.501207909
24.5,-66.05142344,0.04592474601,0.6027696027,0.3109753924,0,-0.813061412,3.68607577,-3.499327031
24.51,-66.04516678,0.04596037724,0.6028039678,0.3109586608,0,-0.8149578725,3.687388527,-3.497450033
24.52,-66.03892305,0.04599596433,0.6028380467,0.3109421294,0,-0.8168546298,3.688705647,-3.495576915
24.53,-66.03269226,0.04603150712,0.6028718401,0.3109257973,0,-0.8187516667,3.690027112,-3.493707678
24.54,-66.02647441,0.04606700549,0.6029053488,0.310909664,0,-0.8206489657,3.691352905,-3.491842322
24.55,-66.02026949,0.04610245927,0.6029385736,0.3108937287,0,-0.8225465094,3.692683006,-3.489980848
24.56,-66.01407752,0.04613786833,0.6029715153,0.3108779908,0,-0.8244442804,3.694017398,-3.488123256
24.57,-66.00789849,0.04617323252,0.6030041746,0.3108624496,0,-0.8263422612,3.695356064,-3.486269547
24.58,-66.00173241,0.0462085517,0.6030365523,0.3108471045,0,-0.8282404342,3.696698984,-3.484419722
24.59,-65.99557927,0.04624382571,0.6030686493,0.3108319548,0,-0.8301387818,3.698046141,-3.48257378
24.6,-65.98943908,0.04627905443,0.6031004663,0.3108169997,0,-0.8320372866,3.699397517,-3.480731723
24.61,-65.98331184,0.04631423769,0.603132004,0.3108022387,0,-0.8339359308,3.700753094,-3.478893552
24.62,-65.97719755,0.04634937536,0.6031632632,0.3107876712,0,-0.8358346968,3.702112853,-3.477059265
24.63,-65.97109622,0.04638446729,0.6031942448,0.3107732963,0,-0.8377335669,3.703476776,-3.475228865
24.64,-65.96500784,0.04641951335,0.6032249495,0.3107591134,0,-0.8396325234,3.704844845,-3.473402352
24.65,-65.95893242,0.04645451338,0.6032553781,0.310745122,0,-0.8415315485,3.706217042,-3.471579725
24.66,-65.95286995,0.04648946724,0.6032855313,0.3107313213,0,-0.8434306245,3.707593349,-3.469760986
24.67,-65.94682045,0.04652437479,0.6033154099,0.3107177107,0,-0.8453297334,3.708973746,-3.467946136
24.68,-65.94078391,0.04655923589,0.6033450147,0.3107042894,0,-0.8472288575,3.710358216,-3.466135174
24.69,-65.93476034,0.04659405039,0.6033743465,0.310691057,0,-0.8491279789,3.71174674,-3.464328101
24.7,-65.92874973,0.04662881815,0.603403406,0.3106780126,0,-0.8510270796,3.7131393,-3.462524918
24.71,-65.92275208,0.04666353903,0.6034321941,0.3106651556,0,-0.8529261417,3.714535878,-3.460725625
24.72,-65.91676741,0.04669821288,0.6034607114,0.3106524854,0,-0.8548251472,3.715936455,-3.458930223
24.73,-65.91079571,0.04673283956,0.6034889588,0.3106400014,0,-0.8567240781,3.717341012,-3.457138712
24.74,-65.90483697,0.04676741894,0.6035169371,0.3106277028,0,-0.8586229164,3.718749531,-3.455351092
24.75,-65.89889122,0.04680195086,0.6035446469,0.310615589,0,-0.860521644,3.720161993,-3.453567365
24.76,-65.89295843,0.04683643518,0.6035720891,0.3106036594,0,-0.8624202429,3.72157838,-3.45178753
24.77,-65.88703863,0.04687087177,0.6035992645,0.3105919132,0,-0.8643186948,3.722998673,-3.450011589
24.78,-65.8811318,0.04690526048,0.6036261737,0.31058035,0,-0.8662169816,3.724422854,-3.448239541
24.79,-65.87523796,0.04693960118,0.6036528177,0.3105689689,0,-0.8681150852,3.725850904,-3.446471387
24.8,-65.86935709,0.04697389371,0.603679197,0.3105577694,0,-0.8700129874,3.727282803,-3.444707128
24.81,-65.86348921,0.04700813794,0.6037053126,0.3105467508,0,-0.8719106698,3.728718534,-3.442946763
24.82,-65.85763431,0.04704233373,0.6037311652,0.3105359124,0,-0.8738081143,3.730158078,-3.441190294
24.83,-65.8517924,0.04707648093,0.6037567555,0.3105252537,0,-0.8757053025,3.731601416,-3.439437721
24.84,-65.84596348,0.04711057941,0.6037820844,0.3105147739,0,-0.8776022161,3.733048528,-3.437689045
24.85,-65.84014755,0.04714462903,0.6038071525,0.3105044725,0,-0.8794988368,3.734499397,-3.435944265
24.86,-65.83434461,0.04717862964,0.6038319607,0.3104943487,0,-0.8813951461,3.735954003,-3.434203383
24.87,-65.82855466,0.0472125811,0.6038565096,0.3104844019,0,-0.8832911258,3.737412327,-3.432466398
24.88,-65.82277771,0.04724648328,0.6038808002,0.3104746315,0,-0.8851867574,3.73887435,-3.430733312
24.89,-65.81701375,0.04728033604,0.6039048331,0.3104650369,0,-0.8870820223,3.740340055,-3.429004124
24.9,-65.81126278,0.04731413923,0.6039286091,0.3104556174,0,-0.8889769022,3.74180942,-3.427278835
24.91,-65.80552482,0.04734789272,0.6039521289,0.3104463723,0,-0.8908713785,3.743282428,-3.425557446
24.92,-65.79979986,0.04738159636,0.6039753934,0.310437301,0,-0.8927654327,3.74475906,-3.423839957
24.93,-65.79408789,0.04741525003,0.6039984032,0.310428403,0,-0.8946590463,3.746239296,-3.422126368
24.94,-65.78838893,0.04744885357,0.6040211592,0.3104196775,0,-0.8965522006,3.747723117,-3.42041668
24.95,-65.78270298,0.04748240685,0.6040436621,0.3104111238,0,-0.8984448772,3.749210504,-3.418710894
24.96,-65.77703003,0.04751590973,0.6040659127,0.3104027415,0,-0.9003370573,3.750701438,-3.417009009
24.97,-65.77137009,0.04754936208,0.6040879117,0.3103945298,0,-0.9022287223,3.7521959,-3.415311026
24.98,-65.76572315,0.04758276375,0.6041096599,0.3103864881,0,-0.9041198535,3.75369387,-3.413616946
24.99,-65.76008923,0.04761611461,0.604131158,0.3103786158,0,-0.9060104323,3.75519533,-3.411926769
25,-65.75446832,0.04764941451,0.6041524069,0.3103709122,0,-0.9079004399,3.756700259,-3.410240495
25.01,-65.74886042,0.04768266333,0.6041734072,0.3103633767,0,-0.9097898576,3.75820864,-3.408558125
25.02,-65.74326553,0.04771586092,0.6041941597,0.3103560087,0,-0.9116786667,3.759720451,-3.406879659
25.03,-65.73768366,0.04774900715,0.6042146652,0.3103488075,0,-0.9135668484,3.761235675,-3.405205098
25.04,-65.73211481,0.04778210188,0.6042349244,0.3103417726,0,-0.9154543838,3.762754292,-3.403534442
25.05,-65.72655897,0.04781514497,0.6042549381,0.3103349032,0,-0.9173412541,3.764276281,-3.401867691
25.06,-65.72101615,0.04784813629,0.604274707,0.3103281988,0,-0.9192274406,3.765801625,-3.400204846
25.07,-65.71548636,0.04788107569,0.604294232,0.3103216588,0,-0.9211129243,3.767330302,-3.398545907
25.08,-65.70996958,0.04791396305,0.6043135136,0.3103152824,0,-0.9229976864,3.768862295,-3.396890875
25.09,-65.70446583,0.04794679823,0.6043325528,0.3103090691,0,-0.924881708,3.770397583,-3.395239749
25.1,-65.69897511,0.04797958108,0.6043513503,0.3103030183,0,-0.9267649701,3.771936146,-3.393592532
25.11,-65.6934974,0.04801231148,0.6043699067,0.3102971293,0,-0.9286474538,3.773477966,-3.391949221
25.12,-65.68803273,0.04804498929,0.6043882229,0.3102914015,0,-0.9305291402,3.775023022,-3.390309819
25.13,-65.68258109,0.04807761438,0.6044062996,0.3102858343,0,-0.9324100103,3.776571296,-3.388674326
25.14,-65.67714247,0.0481101866,0.6044241376,0.3102804271,0,-0.9342900451,3.778122766,-3.387042741
25.15,-65.67171689,0.04814270582,0.6044417376,0.3102751792,0,-0.9361692256,3.779677414,-3.385415066
25.16,-65.66630433,0.04817517192,0.6044591003,0.3102700901,0,-0.9380475327,3.781235221,-3.3837913
25.17,-65.66090481,0.04820758474,0.6044762266,0.310265159,0,-0.9399249475,3.782796165,-3.382171444
25.18,-65.65551833,0.04823994417,0.6044931171,0.3102603855,0,-0.9418014509,3.784360227,-3.380555499
25.19,-65.65014488,0.04827225006,0.6045097727,0.3102557688,0,-0.9436770238,3.785927389,-3.378943464
25.2,-65.64478447,0.04830450229,0.6045261939,0.3102513084,0,-0.9455516471,3.787497629,-3.37733534
25.21,-65.63943709,0.04833670071,0.6045423817,0.3102470037,0,-0.9474253017,3.789070928,-3.375731128
25.22,-65.63410276,0.04836884519,0.6045583368,0.3102428539,0,-0.9492979685,3.790647266,-3.374130828
25.23,-65.62878146,0.0484009356,0.6045740598,0.3102388586,0,-0.9511696283,3.792226623,-3.372534439
25.24,-65.62347321,0.04843297181,0.6045895516,0.3102350172,0,-0.9530402621,3.793808979,-3.370941963
25.25,-65.618178,0.04846495369,0.6046048129,0.3102313289,0,-0.9549098507,3.795394315,-3.3693534
25.26,-65.61289583,0.0484968811,0.6046198444,0.3102277931,0,-0.9567783748,3.79698261,-3.367768749
25.27,-65.60762671,0.0485287539,0.6046346469,0.3102244094,0,-0.9586458153,3.798573844,-3.366188013
25.28,-65.60237063,0.04856057197,0.6046492211,0.310221177,0,-0.9605121531,3.800167998,-3.36461119
25.29,-65.5971276,0.04859233517,0.6046635678,0.3102180954,0,-0.9623773688,3.80176505,-3.363038281
25.3,-65.59189762,0.04862404338,0.6046776877,0.310215164,0,-0.9642414433,3.803364982,-3.361469286
25.31,-65.58668069,0.04865569645,0.6046915815,0.310212382,0,-0.9661043573,3.804967773,-3.359904206
25.32,-65.58147681,0.04868729426,0.6047052501,0.3102097491,0,-0.9679660916,3.806573403,-3.358343042
25.33,-65.57628597,0.04871883668,0.6047186941,0.3102072644,0,-0.9698266269,3.808181852,-3.356785792
25.34,-65.57110819,0.04875032358,0.6047319142,0.3102049275,0,-0.971685944,3.809793099,-3.355232458
25.35,-65.56594347,0.04878175482,0.6047449113,0.3102027377,0,-0.9735440236,3.811407124,-3.35368304
25.36,-65.5607918,0.04881313027,0.604757686,0.3102006944,0,-0.9754008464,3.813023908,-3.352137539
25.37,-65.55565318,0.04884444981,0.6047702391,0.3101987971,0,-0.9772563931,3.814643429,-3.350595954
25.38,-65.55052762,0.0488757133,0.6047825714,0.3101970451,0,-0.9791106444,3.816265669,-3.349058285
25.39,-65.54541511,0.04890692062,0.6047946835,0.3101954378,0,-0.980963581,3.817890605,-3.347524534
25.4,-65.54031567,0.04893807163,0.6048065763,0.3101939746,0,-0.9828151835,3.819518218,-3.3459947
25.41,-65.53522928,0.0489691662,0.6048182503,0.310192655,0,-0.9846654327,3.821148488,-3.344468784
25.42,-65.53015595,0.0490002042,0.6048297065,0.3101914783,0,-0.9865143092,3.822781394,-3.342946786
25.43,-65.52509569,0.04903118552,0.6048409455,0.3101904439,0,-0.9883617937,3.824416916,-3.341428706
25.44,-65.52004848,0.04906211,0.6048519681,0.3101895512,0,-0.9902078667,3.826055033,-3.339914545
25.45,-65.51501434,0.04909297754,0.6048627749,0.3101887997,0,-0.9920525091,3.827695725,-3.338404302
25.46,-65.50999326,0.04912378799,0.6048733668,0.3101881888,0,-0.9938957013,3.829338972,-3.336897978
25.47,-65.50498525,0.04915454124,0.6048837445,0.3101877177,0,-0.995737424,3.830984752,-3.335395574
25.48,-65.4999903,0.04918523715,0.6048939086,0.3101873861,0,-0.9975776579,3.832633046,-3.333897089
25.49,-65.49500841,0.04921587559,0.60490386,0.3101871932,0,-0.9994163836,3.834283833,-3.332402524
25.5,-65.49003959,0.04924645644,0.6049135994,0.3101871385,0,-1.001253582,3.835937091,-3.330911878
25.51,-65.48508384,0.04927697957,0.6049231274,0.3101872214,0,-1.003089233,3.837592802,-3.329425153
25.52,-65.48014116,0.04930744486,0.6049324449,0.3101874413,0,-1.004923317,3.839250944,-3.327942349
25.53,-65.47521155,0.04933785217,0.6049415525,0.3101877976,0,-1.006755816,3.840911496,-3.326463465
25.54,-65.47029501,0.04936820138,0.604950451,0.3101882898,0,-1.00858671,3.842574437,-3.324988502
25.55,-65.46539154,0.04939849237,0.6049591411,0.3101889172,0,-1.010415979,3.844239748,-3.323517461
25.56,-65.46050113,0.049428725,0.6049676236,0.3101896792,0,-1.012243605,3.845907407,-3.32205034
25.57,-65.4556238,0.04945889916,0.6049758992,0.3101905753,0,-1.014069566,3.847577393,-3.320587141
25.58,-65.45075955,0.04948901471,0.6049839686,0.3101916049,0,-1.015893846,3.849249687,-3.319127864
25.59,-65.44590836,0.04951907154,0.6049918325,0.3101927674,0,-1.017716423,3.850924266,-3.317672509
25.6,-65.44107026,0.04954906951,0.6049994917,0.3101940622,0,-1.019537278,3.852601111,-3.316221077
25.61,-65.43624522,0.0495790085,0.6050069469,0.3101954887,0,-1.021356393,3.8542802,-3.314773566
25.62,-65.43143326,0.04960888838,0.6050141988,0.3101970464,0,-1.023173747,3.855961512,-3.313329978
25.63,-65.42663438,0.04963870905,0.6050212481,0.3101987347,0,-1.024989321,3.857645027,-3.311890313
25.64,-65.42184857,0.04966847035,0.6050280956,0.310200553,0,-1.026803096,3.859330724,-3.31045457
25.65,-65.41707584,0.04969817219,0.6050347421,0.3102025007,0,-1.028615053,3.861018582,-3.309022751
25.66,-65.41231618,0.04972781442,0.6050411881,0.3102045772,0,-1.030425172,3.86270858,-3.307594855
25.67,-65.40756961,0.04975739694,0.6050474345,0.310206782,0,-1.032233433,3.864400696,-3.306170883
25.68,-65.40283611,0.0497869196,0.6050534819,0.3102091145,0,-1.034039818,3.866094911,-3.304750834
25.69,-65.39811569,0.0498163823,0.6050593312,0.3102115742,0,-1.035844306,3.867791203,-3.303334708
25.7,-65.39340836,0.04984578492,0.6050649829,0.3102141603,0,-1.03764688,3.86948955,-3.301922507
25.71,-65.3887141,0.04987512731,0.6050704379,0.3102168724,0,-1.039447518,3.871189932,-3.300514229
25.72,-65.38403292,0.04990440938,0.6050756969,0.31021971,0,-1.041246202,3.872892329,-3.299109876
25.73,-65.37936482,0.04993363099,0.6050807605,0.3102226723,0,-1.043042913,3.874596718,-3.297709447
25.74,-65.37470981,0.04996279202,0.6050856296,0.3102257589,0,-1.04483763,3.876303078,-3.296312942
25.75,-65.37006787,0.04999189236,0.6050903047,0.3102289692,0,-1.046630335,3.878011389,-3.294920362
25.76,-65.36543902,0.05002093187,0.6050947868,0.3102323026,0,-1.048421009,3.87972163,-3.293531706
25.77,-65.36082325,0.05004991045,0.6050990763,0.3102357586,0,-1.050209632,3.881433778,-3.292146975
25.78,-65.35622056,0.05007882797,0.6051031742,0.3102393365,0,-1.051996184,3.883147814,-3.290766169
25.79,-65.35163096,0.05010768431,0.605107081,0.3102430358,0,-1.053780647,3.884863716,-3.289389288
25.8,-65.34705444,0.05013647935,0.6051107976,0.310246856,0,-1.055563001,3.886581462,-3.288016332
25.81,-65.342491,0.05016521297,0.6051143246,0.3102507965,0,-1.057343226,3.888301031,-3.286647301
25.82,-65.33794065,0.05019388506,0.6051176627,0.3102548567,0,-1.059121305,3.890022403,-3.285282195
25.83,-65.33340338,0.05022249549,0.6051208127,0.310259036,0,-1.060897216,3.891745555,-3.283921014
25.84,-65.3288792,0.05025104415,0.6051237753,0.310263334,0,-1.062670941,3.893470466,-3.282563759
25.85,-65.3243681,0.05027953091,0.6051265512,0.3102677499,0,-1.064442461,3.895197116,-3.281210429
25.86,-65.31987008,0.05030795567,0.6051291411,0.3102722834,0,-1.066211756,3.896925483,-3.279861024
25.87,-65.31538515,0.0503363183,0.6051315457,0.3102769337,0,-1.067978808,3.898655545,-3.278515545
25.88,-65.31091331,0.05036461868,0.6051337657,0.3102817004,0,-1.069743596,3.900387282,-3.277173992
25.89,-65.30645454,0.0503928567,0.6051358019,0.3102865829,0,-1.071506102,3.902120671,-3.275836363
25.9,-65.30200887,0.05042103225,0.605137655,0.3102915806,0,-1.073266306,3.903855691,-3.274502661
25.91,-65.29757628,0.0504491452,0.6051393256,0.310296693,0,-1.07502419,3.905592321,-3.273172884
25.92,-65.29315677,0.05047719544,0.6051408145,0.3103019195,0,-1.076779734,3.90733054,-3.271847032
25.93,-65.28875035,0.05050518285,0.6051421224,0.3103072596,0,-1.078532919,3.909070325,-3.270525106
25.94,-65.28435702,0.05053310732,0.60514325,0.3103127127,0,-1.080283726,3.910811656,-3.269207106
25.95,-65.27997677,0.05056096874,0.6051441981,0.3103182783,0,-1.082032136,3.912554511,-3.267893031
25.96,-65.27560961,0.05058876699,0.6051449672,0.3103239558,0,-1.083778129,3.914298869,-3.266582882
25.97,-65.27125553,0.05061650195,0.6051455582,0.3103297446,0,-1.085521686,3.916044707,-3.265276658
25.98,-65.26691453,0.05064417351,0.6051459717,0.3103356442,0,-1.087262789,3.917792005,-3.26397436
25.99,-65.26258663,0.05067178156,0.6051462085,0.3103416541,0,-1.089001419,3.919540741,-3.262675988
26,-65.2582718,0.05069932598,0.6051462692,0.3103477737,0,-1.090737556,3.921290893,-3.26138154
26.01,-65.25397006,0.05072680667,0.6051461546,0.3103540024,0,-1.09247118,3.923042439,-3.260091018
26.02,-65.24968141,0.0507542235,0.6051458654,0.3103603397,0,-1.094202275,3.924795359,-3.258804422
26.03,-65.24540583,0.05078157637,0.6051454022,0.3103667852,0,-1.095930819,3.92654963,-3.25752175
26.04,-65.24114335,0.05080886516,0.6051447658,0.3103733381,0,-1.097656795,3.928305231,-3.256243004
26.05,-65.23689394,0.05083608977,0.6051439569,0.310379998,0,-1.099380183,3.93006214,-3.254968183
26.06,-65.23265762,0.05086325007,0.6051429761,0.3103867643,0,-1.101100965,3.931820336,-3.253697287
26.07,-65.22843438,0.05089034597,0.6051418243,0.3103936365,0,-1.102819121,3.933579796,-3.252430315
26.08,-65.22422423,0.05091737734,0.605140502,0.310400614,0,-1.104534633,3.9353405,-3.251167269
26.09,-65.22002716,0.05094434409,0.6051390101,0.3104076964,0,-1.106247481,3.937102424,-3.249908147
26.1,-65.21584317,0.05097124609,0.6051373491,0.310414883,0,-1.107957648,3.938865549,-3.24865295
26.11,-65.21167226,0.05099808324,0.6051355198,0.3104221733,0,-1.109665113,3.940629852,-3.247401677
26.12,-65.20751443,0.05102485544,0.605133523,0.3104295668,0,-1.111369859,3.94239531,-3.246154328
26.13,-65.20336968,0.05105156256,0.6051313592,0.3104370629,0,-1.113071867,3.944161904,-3.244910903
26.14,-65.19923801,0.05107820451,0.6051290292,0.3104446611,0,-1.114771117,3.945929609,-3.243671403
26.15,-65.19511942,0.05110478118,0.6051265337,0.3104523609,0,-1.116467591,3.947698406,-3.242435826
26.16,-65.19101391,0.05113129245,0.6051238734,0.3104601617,0,-1.118161271,3.949468272,-3.241204172
26.17,-65.18692148,0.05115773822,0.605121049,0.310468063,0,-1.119852137,3.951239185,-3.239976443
26.18,-65.18284212,0.05118411838,0.6051180611,0.3104760643,0,-1.121540171,3.953011124,-3.238752636
26.19,-65.17877584,0.05121043283,0.6051149106,0.310484165,0,-1.123225355,3.954784066,-3.237532752
26.2,-65.17472264,0.05123668146,0.605111598,0.3104923645,0,-1.12490767,3.95655799,-3.236316792
26.21,-65.17068251,0.05126286417,0.6051081241,0.3105006625,0,-1.126587097,3.958332874,-3.235104754
26.22,-65.16665546,0.05128898084,0.6051044896,0.3105090582,0,-1.128263618,3.960108696,-3.233896638
26.23,-65.16264148,0.05131503138,0.6051006951,0.3105175513,0,-1.129937214,3.961885434,-3.232692444
26.24,-65.15864057,0.05134101568,0.6050967414,0.3105261411,0,-1.131607866,3.963663067,-3.231492172
26.25,-65.15465274,0.05136693363,0.6050926291,0.3105348272,0,-1.133275558,3.965441572,-3.230295822
26.26,-65.15067798,0.05139278513,0.605088359,0.3105436089,0,-1.134940269,3.967220927,-3.229103393
26.27,-65.14671629,0.05141857008,0.6050839317,0.3105524859,0,-1.136601981,3.969001111,-3.227914886
26.28,-65.14276766,0.05144428838,0.6050793479,0.3105614575,0,-1.138260677,3.970782101,-3.226730299
26.29,-65.13883211,0.05146993991,0.6050746084,0.3105705233,0,-1.139916337,3.972563877,-3.225549632
26.3,-65.13490962,0.05149552459,0.6050697137,0.3105796826,0,-1.141568945,3.974346415,-3.224372886
26.31,-65.1310002,0.0515210423,0.6050646646,0.3105889351,0,-1.14321848,3.976129694,-3.22320006
26.32,-65.12710384,0.05154649295,0.6050594619,0.31059828,0,-1.144864926,3.977913692,-3.222031153
26.33,-65.12322055,0.05157187643,0.6050541061,0.3106077171,0,-1.146508263,3.979698386,-3.220866165
26.34,-65.11935032,0.05159719265,0.6050485979,0.3106172456,0,-1.148148475,3.981483756,-3.219705097
26.35,-65.11549315,0.0516224415,0.6050429381,0.3106268652,0,-1.149785542,3.983269778,-3.218547946
26.36,-65.11164905,0.05164762289,0.6050371274,0.3106365752,0,-1.151419446,3.985056432,-3.217394714
26.37,-65.107818,0.05167273671,0.6050311663,0.3106463752,0,-1.15305017,3.986843694,-3.2162454
26.38,-65.10400001,0.05169778286,0.6050250557,0.3106562646,0,-1.154677696,3.988631544,-3.215100003
26.39,-65.10019508,0.05172276125,0.6050187961,0.3106662429,0,-1.156302005,3.990419958,-3.213958523
26.4,-65.0964032,0.05174767179,0.6050123883,0.3106763097,0,-1.15792308,3.992208915,-3.212820959
26.41,-65.09262437,0.05177251436,0.605005833,0.3106864643,0,-1.159540902,3.993998393,-3.211687312
26.42,-65.0888586,0.05179728888,0.6049991308,0.3106967063,0,-1.161155454,3.995788371,-3.21055758
26.43,-65.08510588,0.05182199524,0.6049922825,0.3107070352,0,-1.162766719,3.997578824,-3.209431764
26.44,-65.08136621,0.05184663336,0.6049852886,0.3107174504,0,-1.164374677,3.999369733,-3.208309862
26.45,-65.07763958,0.05187120313,0.60497815,0.3107279515,0,-1.165979312,4.001161075,-3.207191875
26.46,-65.073926,0.05189570446,0.6049708672,0.3107385379,0,-1.167580606,4.002952827,-3.206077801
26.47,-65.07022547,0.05192013725,0.6049634409,0.3107492091,0,-1.169178541,4.004744968,-3.204967641
26.48,-65.06653798,0.05194450141,0.6049558719,0.3107599646,0,-1.1707731,4.006537475,-3.203861394
26.49,-65.06286353,0.05196879685,0.6049481608,0.3107708039,0,-1.172364264,4.008330327,-3.202759059
26.5,-65.05920212,0.05199302347,0.6049403083,0.3107817265,0,-1.173952018,4.010123502,-3.201660636
26.51,-65.05555375,0.05201718118,0.604932315,0.3107927319,0,-1.175536342,4.011916977,-3.200566124
26.52,-65.05191841,0.05204126989,0.6049241816,0.3108038195,0,-1.177117219,4.01371073,-3.199475523
26.53,-65.0482961,0.0520652895,0.6049159089,0.3108149889,0,-1.178694633,4.01550474,-3.198388831
26.54,-65.04468683,0.05208923992,0.6049074975,0.3108262396,0,-1.180268565,4.017298984,-3.19730605
26.55,-65.04109059,0.05211312106,0.604898948,0.310837571,0,-1.181838999,4.01909344,-3.196227177
26.56,-65.03750738,0.05213693283,0.6048902612,0.3108489827,0,-1.183405917,4.020888086,-3.195152213
26.57,-65.03393719,0.05216067514,0.6048814377,0.3108604742,0,-1.184969303,4.022682901,-3.194081157
26.58,-65.03038003,0.0521843479,0.6048724782,0.3108720449,0,-1.186529138,4.024477861,-3.193014008
26.59,-65.02683588,0.05220795102,0.6048633833,0.3108836943,0,-1.188085405,4.026272945,-3.191950765
26.6,-65.02330476,0.05223148441,0.6048541538,0.310895422,0,-1.189638089,4.028068131,-3.190891428
26.61,-65.01978666,0.05225494798,0.6048447903,0.3109072275,0,-1.191187171,4.029863396,-3.189835997
26.62,-65.01628156,0.05227834165,0.6048352934,0.3109191102,0,-1.192732634,4.03165872,-3.188784469
26.63,-65.01278949,0.05230166532,0.6048256639,0.3109310697,0,-1.194274462,4.033454079,-3.187736846
26.64,-65.00931042,0.05232491892,0.6048159024,0.3109431054,0,-1.195812638,4.035249451,-3.186693126
26.65,-65.00584436,0.05234810234,0.6048060096,0.3109552169,0,-1.197347146,4.037044815,-3.185653308
26.66,-65.00239131,0.05237121552,0.6047959862,0.3109674037,0,-1.198877967,4.038840148,-3.184617392
26.67,-64.99895125,0.05239425835,0.6047858327,0.3109796652,0,-1.200405086,4.040635428,-3.183585376
26.68,-64.9955242,0.05241723077,0.60477555,0.3109920011,0,-1.201928485,4.042430634,-3.182557261
26.69,-64.99211015,0.05244013267,0.6047651386,0.3110044107,0,-1.203448149,4.044225743,-3.181533045
26.7,-64.98870909,0.05246296399,0.6047545992,0.3110168936,0,-1.204964061,4.046020733,-3.180512728
26.71,-64.98532103,0.05248572463,0.6047439325,0.3110294494,0,-1.206476204,4.047815582,-3.179496309
26.72,-64.98194595,0.05250841451,0.6047331391,0.3110420774,0,-1.207984561,4.049610268,-3.178483786
26.73,-64.97858387,0.05253103355,0.6047222198,0.3110547773,0,-1.209489117,4.051404769,-3.17747516
26.74,-64.97523476,0.05255358167,0.6047111751,0.3110675486,0,-1.210989855,4.053199063,-3.176470429
26.75,-64.97189864,0.05257605879,0.6047000058,0.3110803906,0,-1.212486758,4.054993128,-3.175469592
26.76,-64.9685755,0.05259846482,0.6046887124,0.3110933031,0,-1.213979811,4.056786942,-3.174472649
26.77,-64.96526533,0.05262079969,0.6046772958,0.3111062855,0,-1.215468997,4.058580483,-3.173479599
26.78,-64.96196813,0.05264306331,0.6046657564,0.3111193372,0,-1.2169543,4.060373728,-3.17249044
26.79,-64.95868391,0.05266525561,0.604654095,0.3111324579,0,-1.218435705,4.062166656,-3.171505173
26.8,-64.95541265,0.05268737651,0.6046423123,0.311145647,0,-1.219913194,4.063959245,-3.170523795
26.81,-64.95215435,0.05270942593,0.6046304089,0.311158904,0,-1.221386753,4.065751473,-3.169546306
26.82,-64.94890902,0.05273140379,0.6046183854,0.3111722285,0,-1.222856364,4.067543318,-3.168572705
26.83,-64.94567664,0.05275331002,0.6046062425,0.31118562,0,-1.224322014,4.069334757,-3.167602991
26.84,-64.94245721,0.05277514453,0.6045939809,0.311199078,0,-1.225783684,4.07112577,-3.166637163
26.85,-64.93925073,0.05279690726,0.6045816012,0.3112126021,0,-1.227241361,4.072916333,-3.16567522
26.86,-64.9360572,0.05281859813,0.6045691041,0.3112261917,0,-1.228695029,4.074706425,-3.164717161
26.87,-64.93287662,0.05284021706,0.6045564902,0.3112398464,0,-1.230144671,4.076496024,-3.163762985
26.88,-64.92970897,0.05286176398,0.6045437602,0.3112535656,0,-1.231590272,4.078285108,-3.162812691
26.89,-64.92655426,0.05288323881,0.6045309147,0.311267349,0,-1.233031817,4.080073655,-3.161866278
26.9,-64.92341248,0.05290464148,0.6045179545,0.3112811961,0,-1.23446929,4.081861644,-3.160923744
26.91,-64.92028363,0.05292597193,0.6045048801,0.3112951063,0,-1.235902677,4.083649051,-3.159985089
26.92,-64.9171677,0.05294723007,0.6044916921,0.3113090792,0,-1.237331961,4.085435856,-3.159050311
26.93,-64.9140647,0.05296841584,0.6044783913,0.3113231144,0,-1.238757128,4.087222037,-3.15811941
26.94,-64.91097461,0.05298952917,0.6044649783,0.3113372113,0,-1.240178162,4.089007571,-3.157192384
26.95,-64.90789744,0.05301056998,0.6044514538,0.3113513695,0,-1.241595049,4.090792436,-3.156269232
26.96,-64.90483318,0.0530315382,0.6044378183,0.3113655886,0,-1.243007773,4.092576612,-3.155349953
26.97,-64.90178182,0.05305243378,0.6044240726,0.3113798679,0,-1.24441632,4.094360076,-3.154434545
26.98,-64.89874336,0.05307325663,0.6044102173,0.3113942072,0,-1.245820675,4.096142806,-3.153523007
26.99,-64.8957178,0.0530940067,0.6043962529,0.3114086059,0,-1.247220822,4.09792478,-3.152615339
27,-64.89270513,0.0531146839,0.6043821803,0.3114230635,0,-1.248616748,4.099705977,-3.151711539
27.01,-64.88970535,0.05313528819,0.604368,0.3114375797,0,-1.250008437,4.101486374,-3.150811605
27.02,-64.88671845,0.05315581949,0.6043537126,0.3114521538,0,-1.251395874,4.103265951,-3.149915536
27.03,-64.88374444,0.05317627773,0.6043393189,0.3114667855,0,-1.252779047,4.105044685,-3.149023332
27.04,-64.8807833,0.05319666285,0.6043248194,0.3114814743,0,-1.254157939,4.106822554,-3.14813499
27.05,-64.87783503,0.0532169748,0.6043102147,0.3114962198,0,-1.255532537,4.108599538,-3.147250509
27.06,-64.87489963,0.05323721349,0.6042955057,0.3115110214,0,-1.256902826,4.110375613,-3.146369888
27.07,-64.87197709,0.05325737888,0.6042806927,0.3115258787,0,-1.258268792,4.112150759,-3.145493126
27.08,-64.8690674,0.0532774709,0.6042657766,0.3115407913,0,-1.259630422,4.113924954,-3.144620221
27.09,-64.86617057,0.05329748948,0.604250758,0.3115557587,0,-1.2609877,4.115698175,-3.143751171
27.1,-64.86328659,0.05331743457,0.6042356374,0.3115707804,0,-1.262340612,4.117470402,-3.142885976
27.11,-64.86041545,0.05333730611,0.6042204155,0.311585856,0,-1.263689146,4.119241613,-3.142024634
27.12,-64.85755714,0.05335710403,0.604205093,0.311600985,0,-1.265033287,4.121011787,-3.141167143
27.13,-64.85471167,0.05337682828,0.6041896705,0.311616167,0,-1.266373021,4.122780901,-3.140313501
27.14,-64.85187903,0.0533964788,0.6041741486,0.3116314016,0,-1.267708335,4.124548933,-3.139463708
27.15,-64.84905921,0.05341605553,0.604158528,0.3116466881,0,-1.269039214,4.126315864,-3.138617762
27.16,-64.8462522,0.05343555842,0.6041428093,0.3116620263,0,-1.270365646,4.12808167,-3.137775661
27.17,-64.84345801,0.0534549874,0.6041269931,0.3116774157,0,-1.271687617,4.129846331,-3.136937404
27.18,-64.84067663,0.05347434243,0.6041110801,0.3116928558,0,-1.273005114,4.131609825,-3.136102989
27.19,-64.83790805,0.05349362344,0.6040950708,0.3117083461,0,-1.274318122,4.133372131,-3.135272414
27.2,-64.83515226,0.05351283039,0.604078966,0.3117238863,0,-1.27562663,4.135133227,-3.134445678
27.21,-64.83240926,0.05353196321,0.6040627663,0.3117394758,0,-1.276930624,4.136893091,-3.133622779
27.22,-64.82967905,0.05355102187,0.6040464722,0.3117551143,0,-1.27823009,4.138651703,-3.132803715
27.23,-64.82696162,0.05357000629,0.6040300844,0.3117708012,0,-1.279525016,4.14040904,-3.131988485
27.24,-64.82425696,0.05358891644,0.6040136035,0.3117865361,0,-1.280815389,4.142165083,-3.131177088
27.25,-64.82156507,0.05360775226,0.6039970303,0.3118023187,0,-1.282101196,4.143919808,-3.13036952
27.26,-64.81888594,0.0536265137,0.6039803651,0.3118181483,0,-1.283382424,4.145673196,-3.129565782
27.27,-64.81621957,0.05364520071,0.6039636089,0.3118340247,0,-1.28465906,4.147425224,-3.12876587
27.28,-64.81356594,0.05366381324,0.603946762,0.3118499473,0,-1.285931093,4.149175872,-3.127969783
27.29,-64.81092506,0.05368235124,0.6039298252,0.3118659158,0,-1.287198509,4.150925118,-3.127177519
27.3,-64.80829692,0.05370081467,0.6039127991,0.3118819296,0,-1.288461296,4.152672941,-3.126389077
27.31,-64.80568151,0.05371920348,0.6038956843,0.3118979884,0,-1.289719442,4.154419319,-3.125604454
27.32,-64.80307883,0.05373751763,0.6038784814,0.3119140916,0,-1.290972935,4.156164233,-3.124823649
27.33,-64.80048886,0.05375575706,0.603861191,0.3119302389,0,-1.292221761,4.15790766,-3.124046659
27.34,-64.79791161,0.05377392173,0.6038438138,0.3119464299,0,-1.29346591,4.15964958,-3.123273484
27.35,-64.79534707,0.05379201161,0.6038263504,0.311962664,0,-1.29470537,4.161389971,-3.12250412
27.36,-64.79279522,0.05381002663,0.6038088014,0.3119789409,0,-1.295940127,4.163128812,-3.121738566
27.37,-64.79025607,0.05382796678,0.6037911674,0.3119952602,0,-1.297170171,4.164866083,-3.12097682
27.38,-64.7877296,0.05384583199,0.603773449,0.3120116213,0,-1.29839549,4.166601763,-3.12021888
27.39,-64.78521581,0.05386362223,0.6037556469,0.3120280238,0,-1.299616072,4.168335829,-3.119464743
27.4,-64.7827147,0.05388133746,0.6037377616,0.3120444674,0,-1.300831906,4.170068263,-3.118714409
27.41,-64.78022625,0.05389897764,0.6037197938,0.3120609516,0,-1.302042979,4.171799042,-3.117967874
27.42,-64.77775046,0.05391654273,0.6037017441,0.312077476,0,-1.303249282,4.173528146,-3.117225137
27.43,-64.77528732,0.05393403269,0.6036836131,0.3120940401,0,-1.304450802,4.175255554,-3.116486196
27.44,-64.77283683,0.05395144749,0.6036654013,0.3121106435,0,-1.305647528,4.176981245,-3.115751048
27.45,-64.77039897,0.05396878709,0.6036471095,0.3121272858,0,-1.306839449,4.178705199,-3.115019691
27.46,-64.76797375,0.05398605144,0.6036287383,0.3121439666,0,-1.308026555,4.180427394,-3.114292124
27.47,-64.76556114,0.05400324053,0.6036102881,0.3121606854,0,-1.309208833,4.182147811,-3.113568343
27.48,-64.76316116,0.0540203543,0.6035917597,0.3121774418,0,-1.310386274,4.183866428,-3.112848347
27.49,-64.76077378,0.05403739274,0.6035731536,0.3121942354,0,-1.311558867,4.185583224,-3.112132133
27.5,-64.758399,0.0540543558,0.6035544705,0.3122110658,0,-1.312726601,4.18729818,-3.111419699
27.51,-64.75603681,0.05407124345,0.603535711,0.3122279325,0,-1.313889465,4.189011275,-3.110711044
27.52,-64.75368721,0.05408805566,0.6035168756,0.3122448352,0,-1.315047449,4.190722487,-3.110006163
27.53,-64.75135019,0.05410479241,0.603497965,0.3122617734,0,-1.316200542,4.192431798,-3.109305056
27.54,-64.74902573,0.05412145365,0.6034789797,0.3122787466,0,-1.317348735,4.194139185,-3.10860772
27.55,-64.74671384,0.05413803937,0.6034599204,0.3122957545,0,-1.318492018,4.19584463,-3.107914152
27.56,-64.7444145,0.05415454953,0.6034407877,0.3123127967,0,-1.319630379,4.19754811,-3.10722435
27.57,-64.7421277,0.05417098411,0.6034215821,0.3123298727,0,-1.320763809,4.199249607,-3.106538311
27.58,-64.73985345,0.05418734307,0.6034023044,0.3123469822,0,-1.321892299,4.2009491,-3.105856034
27.59,-64.73759172,0.0542036264,0.6033829549,0.3123641246,0,-1.323015838,4.202646568,-3.105177515
27.6,-64.73534251,0.05421983406,0.6033635345,0.3123812997,0,-1.324134417,4.204341991,-3.104502752
27.61,-64.73310581,0.05423596604,0.6033440435,0.312398507,0,-1.325248026,4.20603535,-3.103831743
27.62,-64.73088162,0.0542520223,0.6033244828,0.312415746,0,-1.326356655,4.207726623,-3.103164485
27.63,-64.72866992,0.05426800283,0.6033048528,0.3124330164,0,-1.327460296,4.209415792,-3.102500975
27.64,-64.7264707,0.0542839076,0.6032851541,0.3124503177,0,-1.328558939,4.211102835,-3.101841211
27.65,-64.72428397,0.0542997366,0.6032653873,0.3124676496,0,-1.329652574,4.212787733,-3.10118519
27.66,-64.7221097,0.0543154898,0.6032455531,0.3124850117,0,-1.330741193,4.214470466,-3.10053291
27.67,-64.71994789,0.05433116718,0.603225652,0.3125024035,0,-1.331824787,4.216151014,-3.099884367
27.68,-64.71779853,0.05434676872,0.6032056846,0.3125198246,0,-1.332903347,4.217829357,-3.09923956
27.69,-64.71566162,0.05436229441,0.6031856515,0.3125372746,0,-1.333976863,4.219505475,-3.098598485
27.7,-64.71353713,0.05437774423,0.6031655532,0.3125547532,0,-1.335045328,4.221179348,-3.09796114
27.71,-64.71142507,0.05439311816,0.6031453904,0.3125722599,0,-1.336108732,4.222850957,-3.097327522
27.72,-64.70932542,0.05440841618,0.6031251637,0.3125897943,0,-1.337167067,4.224520282,-3.096697627
27.73,-64.70723818,0.05442363828,0.6031048736,0.3126073561,0,-1.338220325,4.226187303,-3.096071454
27.74,-64.70516333,0.05443878445,0.6030845207,0.3126249447,0,-1.339268498,4.227852001,-3.095448999
27.75,-64.70310087,0.05445385467,0.6030641057,0.3126425599,0,-1.340311577,4.229514356,-3.09483026
27.76,-64.70105078,0.05446884894,0.603043629,0.3126602012,0,-1.341349554,4.231174349,-3.094215234
27.77,-64.69901306,0.05448376723,0.6030230913,0.3126778682,0,-1.342382421,4.232831959,-3.093603917
27.78,-64.69698769,0.05449860954,0.6030024931,0.3126955605,0,-1.34341017,4.234487168,-3.092996306
27.79,-64.69497467,0.05451337586,0.602981835,0.3127132778,0,-1.344432794,4.236139956,-3.0923924
27.8,-64.69297398,0.05452806618,0.6029611177,0.3127310196,0,-1.345450285,4.237790304,-3.091792194
27.81,-64.69098562,0.05454268049,0.6029403416,0.3127487856,0,-1.346462635,4.239438192,-3.091195686
27.82,-64.68900957,0.05455721879,0.6029195074,0.3127665753,0,-1.347469837,4.241083602,-3.090602872
27.83,-64.68704583,0.05457168106,0.6028986156,0.3127843884,0,-1.348471883,4.242726514,-3.09001375
27.84,-64.68509439,0.0545860673,0.6028776668,0.3128022245,0,-1.349468767,4.244366909,-3.089428316
27.85,-64.68315523,0.05460037751,0.6028566616,0.3128200832,0,-1.350460481,4.246004768,-3.088846568
27.86,-64.68122834,0.05461461168,0.6028356005,0.312837964,0,-1.351447017,4.247640071,-3.088268502
27.87,-64.67931371,0.05462876982,0.6028144842,0.3128558667,0,-1.35242837,4.249272801,-3.087694114
27.88,-64.67741134,0.05464285191,0.6027933132,0.3128737908,0,-1.353404532,4.250902937,-3.087123402
27.89,-64.67552121,0.05465685795,0.602772088,0.3128917359,0,-1.354375497,4.252530461,-3.086556363
27.9,-64.67364331,0.05467078796,0.6027508092,0.3129097016,0,-1.355341258,4.254155355,-3.085992993
27.91,-64.67177763,0.05468464191,0.6027294775,0.3129276877,0,-1.356301808,4.255777598,-3.085433289
27.92,-64.66992416,0.05469841983,0.6027080933,0.3129456936,0,-1.357257141,4.257397174,-3.084877247
27.93,-64.66808288,0.0547121217,0.6026866572,0.312963719,0,-1.358207251,4.259014062,-3.084324864
27.94,-64.66625379,0.05472574754,0.6026651699,0.3129817636,0,-1.359152132,4.260628245,-3.083776137
27.95,-64.66443688,0.05473929734,0.6026436318,0.3129998269,0,-1.360091778,4.262239703,-3.083231063
27.96,-64.66263212,0.05475277111,0.6026220435,0.3130179086,0,-1.361026181,4.263848419,-3.082689637
27.97,-64.66083952,0.05476616886,0.6026004055,0.3130360082,0,-1.361955338,4.265454373,-3.082151857
27.98,-64.65905906,0.05477949059,0.6025787186,0.3130541255,0,-1.362879242,4.267057548,-3.081617719
27.99,-64.65729073,0.0547927363,0.6025569831,0.31307226,0,-1.363797887,4.268657925,-3.08108722
28,-64.65553452,0.05480590602,0.6025351997,0.3130904114,0,-1.364711268,4.270255486,-3.080560355
28.01,-64.65379041,0.05481899974,0.6025133689,0.3131085792,0,-1.36561938,4.271850212,-3.080037122
28.02,-64.65205839,0.05483201748,0.6024914912,0.3131267632,0,-1.366522217,4.273442085,-3.079517516
28.03,-64.65033845,0.05484495925,0.6024695673,0.3131449629,0,-1.367419774,4.275031088,-3.079001535
28.04,-64.64863058,0.05485782506,0.6024475977,0.3131631779,0,-1.368312046,4.276617202,-3.078489174
28.05,-64.64693476,0.05487061492,0.6024255829,0.313181408,0,-1.369199028,4.278200409,-3.077980429
28.06,-64.64525099,0.05488332884,0.6024035234,0.3131996527,0,-1.370080715,4.279780691,-3.077475298
28.07,-64.64357925,0.05489596685,0.60238142,0.3132179117,0,-1.370957103,4.281358031,-3.076973776
28.08,-64.64191953,0.05490852895,0.602359273,0.3132361846,0,-1.371828186,4.28293241,-3.07647586
28.09,-64.64027182,0.05492101516,0.602337083,0.313254471,0,-1.372693961,4.284503811,-3.075981545
28.1,-64.63863609,0.0549334255,0.6023148506,0.3132727705,0,-1.373554423,4.286072216,-3.075490828
28.11,-64.63701235,0.05494575999,0.6022925763,0.3132910829,0,-1.374409567,4.287637608,-3.075003705
28.12,-64.63540058,0.05495801864,0.6022702607,0.3133094077,0,-1.37525939,4.289199968,-3.074520173
28.13,-64.63380076,0.05497020148,0.6022479043,0.3133277446,0,-1.376103888,4.29075928,-3.074040227
28.14,-64.63221288,0.05498230853,0.6022255077,0.3133460932,0,-1.376943056,4.292315526,-3.073563863
28.15,-64.63063692,0.0549943398,0.6022030714,0.3133644531,0,-1.377776891,4.293868688,-3.073091077
28.16,-64.62907289,0.05500629532,0.6021805959,0.3133828241,0,-1.378605388,4.29541875,-3.072621866
28.17,-64.62752075,0.05501817512,0.6021580818,0.3134012056,0,-1.379428546,4.296965693,-3.072156225
28.18,-64.6259805,0.05502997922,0.6021355297,0.3134195975,0,-1.380246359,4.298509502,-3.07169415
28.19,-64.62445212,0.05504170764,0.6021129399,0.3134379993,0,-1.381058824,4.300050158,-3.071235637
28.2,-64.62293561,0.05505336041,0.6020903132,0.3134564106,0,-1.38186594,4.301587645,-3.070780683
28.21,-64.62143094,0.05506493756,0.60206765,0.3134748312,0,-1.382667701,4.303121945,-3.070329282
28.22,-64.6199381,0.05507643912,0.6020449509,0.3134932607,0,-1.383464105,4.304653042,-3.069881431
28.23,-64.61845708,0.05508786511,0.6020222164,0.3135116986,0,-1.38425515,4.306180919,-3.069437125
28.24,-64.61698787,0.05509921556,0.601999447,0.3135301447,0,-1.385040833,4.307705559,-3.068996361
28.25,-64.61553045,0.05511049051,0.6019766432,0.3135485986,0,-1.38582115,4.309226946,-3.068559134
28.26,-64.6140848,0.05512168999,0.6019538057,0.31356706,0,-1.3865961,4.310745062,-3.06812544
28.27,-64.61265091,0.05513281403,0.6019309348,0.3135855285,0,-1.387365679,4.312259891,-3.067695274
28.28,-64.61122877,0.05514386266,0.6019080312,0.3136040037,0,-1.388129886,4.313771417,-3.067268632
28.29,-64.60981837,0.05515483593,0.6018850954,0.3136224854,0,-1.388888718,4.315279623,-3.06684551
28.3,-64.60841968,0.05516573385,0.6018621279,0.3136409731,0,-1.389642174,4.316784493,-3.066425903
28.31,-64.60703269,0.05517655648,0.6018391292,0.3136594666,0,-1.390390251,4.31828601,-3.066009807
28.32,-64.60565739,0.05518730385,0.6018160999,0.3136779655,0,-1.391132947,4.319784158,-3.065597217
28.33,-64.60429376,0.05519797599,0.6017930404,0.3136964694,0,-1.391870262,4.321278922,-3.065188129
28.34,-64.6029418,0.05520857295,0.6017699513,0.313714978,0,-1.392602192,4.322770285,-3.064782539
28.35,-64.60160147,0.05521909477,0.6017468331,0.313733491,0,-1.393328737,4.324258231,-3.064380441
28.36,-64.60027277,0.05522954148,0.6017236864,0.3137520079,0,-1.394049895,4.325742743,-3.063981832
28.37,-64.59895569,0.05523991314,0.6017005116,0.3137705286,0,-1.394765665,4.327223807,-3.063586706
28.38,-64.5976502,0.05525020978,0.6016773092,0.3137890527,0,-1.395476046,4.328701407,-3.063195059
28.39,-64.59635629,0.05526043144,0.6016540798,0.3138075797,0,-1.396181037,4.330175526,-3.062806886
28.4,-64.59507394,0.05527057818,0.6016308239,0.3138261094,0,-1.396880637,4.331646149,-3.062422183
28.41,-64.59380315,0.05528065004,0.601607542,0.3138446415,0,-1.397574844,4.33311326,-3.062040944
28.42,-64.59254389,0.05529064707,0.6015842346,0.3138631756,0,-1.39826366,4.334576844,-3.061663166
28.43,-64.59129614,0.0553005693,0.6015609023,0.3138817114,0,-1.398947082,4.336036886,-3.061288843
28.44,-64.5900599,0.05531041681,0.6015375454,0.3139002485,0,-1.39962511,4.33749337,-3.06091797
28.45,-64.58883514,0.05532018962,0.6015141646,0.3139187866,0,-1.400297745,4.338946281,-3.060550543
28.46,-64.58762185,0.05532988779,0.6014907604,0.3139373255,0,-1.400964986,4.340395604,-3.060186556
28.47,-64.58642002,0.05533951139,0.6014673332,0.3139558647,0,-1.401626832,4.341841323,-3.059826006
28.48,-64.58522962,0.05534906045,0.6014438835,0.3139744039,0,-1.402283285,4.343283424,-3.059468886
28.49,-64.58405064,0.05535853503,0.6014204119,0.3139929428,0,-1.402934343,4.344721891,-3.059115192
28.5,-64.58288306,0.05536793518,0.6013969188,0.3140114812,0,-1.403580008,4.346156711,-3.058764918
28.51,-64.58172687,0.05537726097,0.6013734049,0.3140300186,0,-1.40422028,4.347587867,-3.058418061
28.52,-64.58058205,0.05538651245,0.6013498704,0.3140485547,0,-1.404855159,4.349015345,-3.058074614
28.53,-64.57944857,0.05539568968,0.601326316,0.3140670893,0,-1.405484646,4.35043913,-3.057734572
28.54,-64.57832644,0.0554047927,0.6013027422,0.314085622,0,-1.406108741,4.351859209,-3.057397931
28.55,-64.57721562,0.0554138216,0.6012791494,0.3141041524,0,-1.406727446,4.353275566,-3.057064686
28.56,-64.5761161,0.05542277641,0.6012555382,0.3141226804,0,-1.407340761,4.354688187,-3.05673483
28.57,-64.57502787,0.05543165722,0.601231909,0.3141412054,0,-1.407948688,4.356097058,-3.05640836
28.58,-64.5739509,0.05544046407,0.6012082623,0.3141597273,0,-1.408551228,4.357502165,-3.056085269
28.59,-64.57288517,0.05544919703,0.6011845986,0.3141782457,0,-1.409148381,4.358903493,-3.055765552
28.6,-64.57183068,0.05545785617,0.6011609184,0.3141967604,0,-1.409740151,4.360301028,-3.055449204
28.61,-64.5707874,0.05546644155,0.6011372223,0.3142152709,0,-1.410326538,4.361694756,-3.05513622
28.62,-64.56975531,0.05547495324,0.6011135106,0.3142337769,0,-1.410907543,4.363084664,-3.054826594
28.63,-64.5687344,0.0554833913,0.6010897838,0.3142522783,0,-1.411483169,4.364470737,-3.054520321
28.64,-64.56772465,0.05549175581,0.6010660425,0.3142707746,0,-1.412053418,4.365852962,-3.054217396
28.65,-64.56672604,0.05550004683,0.6010422872,0.3142892656,0,-1.412618292,4.367231325,-3.053917813
28.66,-64.56573855,0.05550826443,0.6010185182,0.3143077509,0,-1.413177792,4.368605812,-3.053621565
28.67,-64.56476216,0.05551640868,0.6009947361,0.3143262302,0,-1.413731922,4.369976411,-3.053328649
28.68,-64.56379686,0.05552447966,0.6009709415,0.3143447033,0,-1.414280683,4.371343107,-3.053039059
28.69,-64.56284263,0.05553247744,0.6009471346,0.3143631698,0,-1.414824079,4.372705888,-3.052752788
28.7,-64.56189944,0.05554040209,0.6009233161,0.3143816294,0,-1.415362111,4.374064739,-3.052469831
28.71,-64.56096728,0.05554825368,0.6008994864,0.3144000818,0,-1.415894782,4.375419649,-3.052190183
28.72,-64.56004612,0.05555603231,0.6008756459,0.3144185268,0,-1.416422096,4.376770603,-3.051913837
28.73,-64.55913596,0.05556373803,0.6008517952,0.314436964,0,-1.416944056,4.378117589,-3.051640789
28.74,-64.55823677,0.05557137093,0.6008279347,0.3144553931,0,-1.417460664,4.379460595,-3.051371032
28.75,-64.55734853,0.05557893109,0.6008040649,0.3144738138,0,-1.417971923,4.380799606,-3.05110456
28.76,-64.55647123,0.05558641858,0.6007801863,0.3144922258,0,-1.418477838,4.382134611,-3.050841368
28.77,-64.55560484,0.05559383349,0.6007562993,0.3145106289,0,-1.418978411,4.383465597,-3.050581451
28.78,-64.55474934,0.05560117591,0.6007324043,0.3145290227,0,-1.419473647,4.38479255,-3.050324801
28.79,-64.55390471,0.0556084459,0.6007085019,0.314547407,0,-1.419963548,4.38611546,-3.050071413
28.8,-64.55307094,0.05561564356,0.6006845926,0.3145657814,0,-1.420448119,4.387434314,-3.049821282
28.81,-64.552248,0.05562276898,0.6006606767,0.3145841456,0,-1.420927364,4.388749098,-3.049574401
28.82,-64.55143588,0.05562982223,0.6006367547,0.3146024995,0,-1.421401286,4.390059802,-3.049330764
28.83,-64.55063455,0.0556368034,0.6006128272,0.3146208426,0,-1.42186989,4.391366412,-3.049090365
28.84,-64.549844,0.05564371258,0.6005888945,0.3146391747,0,-1.422333181,4.392668918,-3.048853199
28.85,-64.54906419,0.05565054987,0.6005649571,0.3146574955,0,-1.422791162,4.393967306,-3.048619258
28.86,-64.54829513,0.05565731534,0.6005410154,0.3146758047,0,-1.423243838,4.395261566,-3.048388538
28.87,-64.54753677,0.05566400909,0.60051707,0.3146941021,0,-1.423691213,4.396551685,-3.048161032
28.88,-64.54678911,0.05567063122,0.6004931213,0.3147123873,0,-1.424133293,4.397837652,-3.047936733
28.89,-64.54605212,0.05567718181,0.6004691696,0.3147306601,0,-1.424570083,4.399119455,-3.047715635
28.9,-64.54532578,0.05568366095,0.6004452156,0.3147489202,0,-1.425001587,4.400397083,-3.047497733
28.91,-64.54461007,0.05569006875,0.6004212596,0.3147671672,0,-1.42542781,4.401670525,-3.04728302
28.92,-64.54390496,0.05569640529,0.600397302,0.314785401,0,-1.425848758,4.402939769,-3.047071489
28.93,-64.54321045,0.05570267068,0.6003733434,0.3148036213,0,-1.426264435,4.404204804,-3.046863135
28.94,-64.5425265,0.05570886501,0.6003493841,0.3148218277,0,-1.426674849,4.405465619,-3.04665795
28.95,-64.5418531,0.05571498838,0.6003254246,0.31484002,0,-1.427080003,4.406722202,-3.04645593
28.96,-64.54119022,0.05572104088,0.6003014653,0.3148581979,0,-1.427479904,4.407974544,-3.046257066
28.97,-64.54053784,0.05572702263,0.6002775067,0.3148763612,0,-1.427874557,4.409222634,-3.046061353
28.98,-64.53989595,0.05573293371,0.6002535493,0.3148945096,0,-1.428263968,4.41046646,-3.045868784
28.99,-64.53926451,0.05573877424,0.6002295934,0.3149126428,0,-1.428648144,4.411706011,-3.045679353
29,-64.53864351,0.05574454431,0.6002056395,0.3149307604,0,-1.429027091,4.412941279,-3.045493053
29.01,-64.53803292,0.05575024403,0.600181688,0.3149488624,0,-1.429400814,4.414172251,-3.045309877
29.02,-64.53743273,0.0557558735,0.6001577394,0.3149669484,0,-1.42976932,4.415398918,-3.04512982
29.03,-64.53684291,0.05576143283,0.6001337941,0.314985018,0,-1.430132616,4.41662127,-3.044952874
29.04,-64.53626344,0.05576692213,0.6001098524,0.3150030712,0,-1.430490708,4.417839296,-3.044779033
29.05,-64.5356943,0.05577234151,0.600085915,0.3150211075,0,-1.430843602,4.419052986,-3.044608289
29.06,-64.53513546,0.05577769106,0.6000619821,0.3150391268,0,-1.431191307,4.420262331,-3.044440637
29.07,-64.5345869,0.05578297091,0.6000380542,0.3150571287,0,-1.431533828,4.42146732,-3.044276069
29.08,-64.5340486,0.05578818117,0.6000141318,0.3150751131,0,-1.431871172,4.422667944,-3.044114579
29.09,-64.53352053,0.05579332194,0.5999902152,0.3150930796,0,-1.432203347,4.423864194,-3.04395616
29.1,-64.53300268,0.05579839334,0.5999663048,0.315111028,0,-1.432530361,4.425056059,-3.043800805
29.11,-64.53249502,0.05580339548,0.5999424012,0.315128958,0,-1.432852219,4.42624353,-3.043648507
29.12,-64.53199753,0.05580832847,0.5999185047,0.3151468694,0,-1.43316893,4.427426598,-3.043499259
29.13,-64.53151018,0.05581319244,0.5998946157,0.315164762,0,-1.433480502,4.428605254,-3.043353055
29.14,-64.53103296,0.0558179875,0.5998707346,0.3151826354,0,-1.433786942,4.429779488,-3.043209887
29.15,-64.53056583,0.05582271376,0.5998468619,0.3152004894,0,-1.434088257,4.430949291,-3.043069749
29.16,-64.53010878,0.05582737134,0.599822998,0.3152183237,0,-1.434384457,4.432114655,-3.042932633
29.17,-64.52966177,0.05583196037,0.5997991433,0.3152361382,0,-1.434675548,4.43327557,-3.042798532
29.18,-64.5292248,0.05583648096,0.5997752981,0.3152539325,0,-1.434961539,4.434432029,-3.042667439
29.19,-64.52879783,0.05584093324,0.599751463,0.3152717064,0,-1.435242438,4.435584021,-3.042539348
29.2,-64.52838083,0.05584531732,0.5997276382,0.3152894597,0,-1.435518254,4.436731539,-3.04241425
29.21,-64.5279738,0.05584963333,0.5997038243,0.3153071922,0,-1.435788995,4.437874574,-3.04229214
29.22,-64.52757669,0.05585388139,0.5996800216,0.3153249034,0,-1.436054669,4.439013118,-3.042173008
29.23,-64.5271895,0.05585806163,0.5996562305,0.3153425933,0,-1.436315286,4.440147162,-3.04205685
29.24,-64.52681219,0.05586217418,0.5996324514,0.3153602616,0,-1.436570853,4.441276699,-3.041943656
29.25,-64.52644474,0.05586621915,0.5996086848,0.315377908,0,-1.43682138,4.44240172,-3.041833421
29.26,-64.52608712,0.05587019669,0.5995849309,0.3153955323,0,-1.437066876,4.443522218,-3.041726135
29.27,-64.52573931,0.05587410691,0.5995611903,0.3154131343,0,-1.43730735,4.444638184,-3.041621793
29.28,-64.52540129,0.05587794994,0.5995374633,0.3154307137,0,-1.437542811,4.445749611,-3.041520387
29.29,-64.52507303,0.05588172592,0.5995137503,0.3154482703,0,-1.437773268,4.446856491,-3.041421909
29.3,-64.52475451,0.05588543498,0.5994900518,0.3154658038,0,-1.437998731,4.447958816,-3.041326352
29.31,-64.5244457,0.05588907725,0.5994663679,0.315483314,0,-1.43821921,4.44905658,-3.041233709
29.32,-64.52414657,0.05589265286,0.5994426993,0.3155008007,0,-1.438434713,4.450149774,-3.041143972
29.33,-64.52385711,0.05589616195,0.5994190463,0.3155182637,0,-1.438645251,4.451238392,-3.041057133
29.34,-64.52357728,0.05589960464,0.5993954092,0.3155357026,0,-1.438850833,4.452322426,-3.040973185
29.35,-64.52330707,0.05590298109,0.5993717884,0.3155531174,0,-1.439051469,4.45340187,-3.040892121
29.36,-64.52304644,0.05590629142,0.5993481843,0.3155705076,0,-1.43924717,4.454476716,-3.040813933
29.37,-64.52279537,0.05590953577,0.5993245974,0.3155878732,0,-1.439437945,4.455546958,-3.040738612
29.38,-64.52255384,0.05591271428,0.5993010279,0.3156052139,0,-1.439623805,4.456612588,-3.040666152
29.39,-64.52232182,0.05591582708,0.5992774763,0.3156225295,0,-1.43980476,4.457673601,-3.040596545
29.4,-64.52209928,0.05591887433,0.5992539429,0.3156398197,0,-1.43998082,4.45872999,-3.040529784
29.41,-64.5218862,0.05592185616,0.5992304282,0.3156570843,0,-1.440151997,4.459781748,-3.040465859
29.42,-64.52168255,0.05592477271,0.5992069324,0.3156743232,0,-1.440318299,4.460828868,-3.040404764
29.43,-64.5214883,0.05592762413,0.599183456,0.315691536,0,-1.440479739,4.461871346,-3.040346491
29.44,-64.52130344,0.05593041055,0.5991599994,0.3157087225,0,-1.440636327,4.462909174,-3.040291032
29.45,-64.52112793,0.05593313213,0.5991365628,0.3157258826,0,-1.440788074,4.463942348,-3.04023838
29.46,-64.52096175,0.05593578901,0.5991131467,0.315743016,0,-1.440934991,4.464970859,-3.040188525
29.47,-64.52080487,0.05593838133,0.5990897514,0.3157601225,0,-1.441077089,4.465994704,-3.040141461
29.48,-64.52065727,0.05594090925,0.5990663774,0.3157772019,0,-1.441214379,4.467013876,-3.04009718
29.49,-64.52051891,0.0559433729,0.5990430249,0.3157942539,0,-1.441346872,4.46802837,-3.040055672
29.5,-64.52038977,0.05594577245,0.5990196943,0.3158112784,0,-1.441474581,4.46903818,-3.040016932
29.51,-64.52026983,0.05594810804,0.598996386,0.3158282752,0,-1.441597516,4.470043301,-3.03998095
29.52,-64.52015906,0.05595037981,0.5989731004,0.315845244,0,-1.441715689,4.471043728,-3.039947718
29.53,-64.52005743,0.05595258793,0.5989498377,0.3158621846,0,-1.441829112,4.472039455,-3.039917229
29.54,-64.51996491,0.05595473254,0.5989265985,0.3158790968,0,-1.441937796,4.473030477,-3.039889474
29.55,-64.51988148,0.0559568138,0.5989033829,0.3158959804,0,-1.442041753,4.47401679,-3.039864445
29.56,-64.51980712,0.05595883187,0.5988801914,0.3159128352,0,-1.442140996,4.474998388,-3.039842135
29.57,-64.51974178,0.05596078689,0.5988570243,0.3159296611,0,-1.442235536,4.475975267,-3.039822534
29.58,-64.51968545,0.05596267902,0.598833882,0.3159464577,0,-1.442325385,4.476947422,-3.039805635
29.59,-64.5196381,0.05596450842,0.5988107648,0.3159632249,0,-1.442410556,4.477914849,-3.03979143
29.6,-64.5195997,0.05596627524,0.5987876731,0.3159799624,0,-1.442491061,4.478877543,-3.03977991
29.61,-64.51957022,0.05596797966,0.5987646071,0.3159966702,0,-1.442566912,4.4798355,-3.039771067
29.62,-64.51954964,0.05596962181,0.5987415673,0.316013348,0,-1.442638122,4.480788716,-3.039764892
29.63,-64.51953793,0.05597120187,0.598718554,0.3160299955,0,-1.442704704,4.481737186,-3.039761378
29.64,-64.51953505,0.05597271999,0.5986955676,0.3160466126,0,-1.44276667,4.482680906,-3.039760516
29.65,-64.51954099,0.05597417634,0.5986726083,0.3160631991,0,-1.442824032,4.483619874,-3.039762298
29.66,-64.51955571,0.05597557107,0.5986496765,0.3160797548,0,-1.442876804,4.484554084,-3.039766714
29.67,-64.51957919,0.05597690436,0.5986267725,0.3160962796,0,-1.442924999,4.485483533,-3.039773758
29.68,-64.5196114,0.05597817636,0.5986038968,0.3161127731,0,-1.44296863,4.486408217,-3.03978342
29.69,-64.51965231,0.05597938725,0.5985810495,0.3161292353,0,-1.443007709,4.487328134,-3.039795692
29.7,-64.51970189,0.05598053717,0.598558231,0.3161456658,0,-1.44304225,4.488243279,-3.039810566
29.71,-64.51976011,0.05598162631,0.5985354418,0.3161620647,0,-1.443072266,4.48915365,-3.039828032
29.72,-64.51982694,0.05598265483,0.598512682,0.3161784315,0,-1.443097771,4.490059243,-3.039848083
29.73,-64.51990237,0.05598362289,0.598489952,0.3161947663,0,-1.443118778,4.490960055,-3.03987071
29.74,-64.51998635,0.05598453067,0.5984672522,0.3162110687,0,-1.443135301,4.491856084,-3.039895904
29.75,-64.52007885,0.05598537834,0.5984445829,0.3162273386,0,-1.443147352,4.492747325,-3.039923656
29.76,-64.52017986,0.05598616606,0.5984219443,0.3162435759,0,-1.443154946,4.493633777,-3.039953959
29.77,-64.52028934,0.055986894,0.5983993369,0.3162597803,0,-1.443158097,4.494515438,-3.039986803
29.78,-64.52040726,0.05598756234,0.5983767608,0.3162759516,0,-1.443156818,4.495392303,-3.040022179
29.79,-64.5205336,0.05598817126,0.5983542166,0.3162920897,0,-1.443151124,4.496264372,-3.040060079
29.8,-64.52066832,0.05598872091,0.5983317043,0.3163081944,0,-1.443141027,4.497131641,-3.040100495
29.81,-64.52081139,0.05598921149,0.5983092245,0.3163242655,0,-1.443126543,4.497994109,-3.040143417
29.82,-64.52096279,0.05598964315,0.5982867773,0.3163403028,0,-1.443107686,4.498851773,-3.040188837
29.83,-64.52112249,0.05599001608,0.5982643631,0.3163563062,0,-1.44308447,4.499704632,-3.040236746
29.84,-64.52129045,0.05599033046,0.5982419822,0.3163722755,0,-1.443056908,4.500552683,-3.040287135
29.85,-64.52146665,0.05599058646,0.5982196349,0.3163882105,0,-1.443025016,4.501395925,-3.040339995
29.86,-64.52165106,0.05599078425,0.5981973215,0.3164041111,0,-1.442988808,4.502234355,-3.040395317
29.87,-64.52184364,0.05599092402,0.5981750423,0.316419977,0,-1.442948298,4.503067973,-3.040453093
29.88,-64.52204438,0.05599100595,0.5981527977,0.3164358082,0,-1.442903502,4.503896777,-3.040513314
29.89,-64.52225323,0.05599103022,0.5981305878,0.3164516043,0,-1.442854433,4.504720765,-3.04057597
29.9,-64.52247018,0.055990997,0.5981084131,0.3164673654,0,-1.442801106,4.505539937,-3.040641053
29.91,-64.52269518,0.05599090648,0.5980862738,0.3164830912,0,-1.442743537,4.50635429,-3.040708554
29.92,-64.52292821,0.05599075883,0.5980641702,0.3164987815,0,-1.44268174,4.507163825,-3.040778463
29.93,-64.52316924,0.05599055425,0.5980421025,0.3165144362,0,-1.442615731,4.507968539,-3.040850772
29.94,-64.52341824,0.05599029292,0.5980200712,0.3165300551,0,-1.442545523,4.508768433,-3.040925472
29.95,-64.52367518,0.05598997502,0.5979980765,0.316545638,0,-1.442471133,4.509563505,-3.041002554
29.96,-64.52394003,0.05598960073,0.5979761186,0.3165611849,0,-1.442392575,4.510353755,-3.041082008
29.97,-64.52421275,0.05598917024,0.5979541979,0.3165766955,0,-1.442309865,4.511139183,-3.041163826
29.98,-64.52449333,0.05598868373,0.5979323146,0.3165921696,0,-1.442223018,4.511919787,-3.041247998
29.99,-64.52478172,0.0559881414,0.597910469,0.3166076072,0,-1.44213205,4.512695568,-3.041334515
30,-64.5250779,0.05598754343,0.5978886615,0.3166230081,0,-1.442036975,4.513466524,-3.041423369
30.01,-64.52538183,0.05598689001,0.5978668922,0.3166383721,0,-1.44193781,4.514232657,-3.04151455
30.02,-64.52569349,0.05598618132,0.5978451615,0.316653699,0,-1.44183457,4.514993967,-3.041608048
30.03,-64.52601285,0.05598541756,0.5978234697,0.3166689888,0,-1.44172727,4.515750452,-3.041703855
30.04,-64.52633987,0.05598459892,0.597801817,0.3166842412,0,-1.441615927,4.516502114,-3.041801961
30.05,-64.52667452,0.05598372558,0.5977802037,0.3166994561,0,-1.441500556,4.517248952,-3.041902357
30.06,-64.52701678,0.05598279775,0.59775863,0.3167146334,0,-1.441381173,4.517990968,-3.042005034
30.07,-64.52736661,0.0559818156,0.5977370963,0.3167297729,0,-1.441257793,4.518728161,-3.042109982
30.08,-64.52772398,0.05598077934,0.5977156028,0.3167448745,0,-1.441130433,4.519460532,-3.042217193
30.09,-64.52808886,0.05597968915,0.5976941497,0.316759938,0,-1.440999109,4.520188082,-3.042326657
30.1,-64.52846121,0.05597854524,0.5976727374,0.3167749633,0,-1.440863837,4.520910812,-3.042438364
30.11,-64.52884102,0.05597734778,0.5976513661,0.3167899502,0,-1.440724632,4.521628722,-3.042552305
30.12,-64.52922824,0.05597609699,0.5976300361,0.3168048986,0,-1.440581512,4.522341814,-3.042668471
30.13,-64.52962284,0.05597479306,0.5976087476,0.3168198084,0,-1.440434492,4.523050089,-3.042786853
30.14,-64.5300248,0.05597343617,0.5975875009,0.3168346794,0,-1.440283589,4.523753548,-3.042907441
30.15,-64.53043408,0.05597202653,0.5975662962,0.3168495115,0,-1.440128819,4.524452192,-3.043030225
30.16,-64.53085065,0.05597056434,0.5975451339,0.3168643045,0,-1.439970198,4.525146022,-3.043155196
30.17,-64.53127449,0.0559690498,0.597524014,0.3168790583,0,-1.439807744,4.525835041,-3.043282346
30.18,-64.53170554,0.05596748309,0.597502937,0.3168937729,0,-1.439641471,4.526519249,-3.043411663
30.19,-64.5321438,0.05596586443,0.5974819031,0.3169084479,0,-1.439471398,4.527198649,-3.043543139
30.2,-64.53258921,0.05596419401,0.5974609125,0.3169230834,0,-1.43929754,4.527873243,-3.043676764
30.21,-64.53304177,0.05596247203,0.5974399654,0.3169376792,0,-1.439119915,4.528543032,-3.04381253
30.22,-64.53350142,0.05596069869,0.5974190621,0.3169522351,0,-1.438938538,4.529208018,-3.043950425
30.23,-64.53396814,0.0559588742,0.5973982029,0.316966751,0,-1.438753428,4.529868203,-3.044090441
30.24,-64.53444189,0.05595699876,0.597377388,0.3169812268,0,-1.4385646,4.53052359,-3.044232568
30.25,-64.53492265,0.05595507256,0.5973566176,0.3169956624,0,-1.438372071,4.531174181,-3.044376796
30.26,-64.53541039,0.05595309581,0.5973358919,0.3170100577,0,-1.438175859,4.531819979,-3.044523116
30.27,-64.53590506,0.05595106872,0.5973152113,0.3170244125,0,-1.437975981,4.532460985,-3.044671519
30.28,-64.53640665,0.05594899149,0.5972945759,0.3170387266,0,-1.437772453,4.533097203,-3.044821994
30.29,-64.53691511,0.05594686432,0.597273986,0.3170530001,0,-1.437565292,4.533728635,-3.044974532
30.3,-64.53743041,0.05594468742,0.5972534419,0.3170672327,0,-1.437354516,4.534355284,-3.045129124
30.31,-64.53795253,0.05594246099,0.5972329436,0.3170814243,0,-1.437140142,4.534977154,-3.045285759
30.32,-64.53848143,0.05594018524,0.5972124916,0.3170955749,0,-1.436922187,4.535594246,-3.045444428
30.33,-64.53901707,0.05593786039,0.5971920859,0.3171096843,0,-1.436700668,4.536206564,-3.045605121
30.34,-64.53955943,0.05593548662,0.5971717269,0.3171237523,0,-1.436475602,4.536814112,-3.045767829
30.35,-64.54010847,0.05593306416,0.5971514147,0.317137779,0,-1.436247008,4.537416893,-3.045932542
30.36,-64.54066417,0.05593059321,0.5971311496,0.3171517641,0,-1.436014901,4.538014909,-3.04609925
30.37,-64.54122648,0.05592807397,0.5971109318,0.3171657075,0,-1.435779301,4.538608165,-3.046267943
30.38,-64.54179537,0.05592550666,0.5970907615,0.3171796092,0,-1.435540223,4.539196665,-3.046438612
30.39,-64.54237082,0.05592289149,0.5970706389,0.317193469,0,-1.435297686,4.539780411,-3.046611247
30.4,-64.54295279,0.05592022867,0.5970505643,0.3172072869,0,-1.435051707,4.540359408,-3.046785838
30.41,-64.54354125,0.0559175184,0.5970305379,0.3172210626,0,-1.434802304,4.54093366,-3.046962375
30.42,-64.54413616,0.0559147609,0.5970105598,0.3172347962,0,-1.434549494,4.54150317,-3.047140849
30.43,-64.5447375,0.05591195638,0.5969906304,0.3172484874,0,-1.434293295,4.542067943,-3.047321249
30.44,-64.54534522,0.05590910505,0.5969707497,0.3172621363,0,-1.434033725,4.542627982,-3.047503566
30.45,-64.5459593,0.05590620712,0.5969509181,0.3172757426,0,-1.433770801,4.543183293,-3.04768779
30.46,-64.5465797,0.05590326281,0.5969311356,0.3172893064,0,-1.433504541,4.543733879,-3.047873911
30.47,-64.5472064,0.05590027233,0.5969114026,0.3173028274,0,-1.433234963,4.544279746,-3.048061919
30.48,-64.54783935,0.05589723588,0.5968917192,0.3173163056,0,-1.432962085,4.544820896,-3.048251805
30.49,-64.54847853,0.0558941537,0.5968720857,0.3173297409,0,-1.432685924,4.545357336,-3.048443558
30.5,-64.54912389,0.05589102598,0.5968525021,0.3173431332,0,-1.432406498,4.54588907,-3.048637168
30.51,-64.54977542,0.05588785294,0.5968329688,0.3173564824,0,-1.432123826,4.546416103,-3.048832627
30.52,-64.55043308,0.05588463481,0.5968134859,0.3173697884,0,-1.431837925,4.546938439,-3.049029923
30.53,-64.55109682,0.05588137179,0.5967940537,0.3173830512,0,-1.431548814,4.547456084,-3.049229047
30.54,-64.55176663,0.0558780641,0.5967746722,0.3173962705,0,-1.431256509,4.547969043,-3.049429989
30.55,-64.55244246,0.05587471195,0.5967553417,0.3174094464,0,-1.43096103,4.54847732,-3.049632739
30.56,-64.55312429,0.05587131557,0.5967360625,0.3174225787,0,-1.430662394,4.548980923,-3.049837287
30.57,-64.55381208,0.05586787516,0.5967168346,0.3174356673,0,-1.430360619,4.549479854,-3.050043623
30.58,-64.55450579,0.05586439095,0.5966976583,0.3174487123,0,-1.430055724,4.549974121,-3.050251737
30.59,-64.5552054,0.05586086316,0.5966785337,0.3174617133,0,-1.429747726,4.550463729,-3.05046162
30.6,-64.55591087,0.055857292,0.5966594611,0.3174746705,0,-1.429436644,4.550948683,-3.05067326
30.61,-64.55662216,0.05585367768,0.5966404406,0.3174875837,0,-1.429122496,4.55142899,-3.050886649
30.62,-64.55733925,0.05585002044,0.5966214724,0.3175004528,0,-1.428805301,4.551904654,-3.051101776
30.63,-64.5580621,0.05584632048,0.5966025567,0.3175132777,0,-1.428485075,4.552375683,-3.051318631
30.64,-64.55879068,0.05584257802,0.5965836936,0.3175260583,0,-1.428161838,4.552842081,-3.051537205
30.65,-64.55952495,0.05583879329,0.5965648834,0.3175387947,0,-1.427835608,4.553303856,-3.051757486
30.66,-64.56026489,0.05583496651,0.5965461261,0.3175514866,0,-1.427506403,4.553761013,-3.051979466
30.67,-64.56101045,0.05583109789,0.5965274221,0.3175641341,0,-1.427174241,4.554213558,-3.052203134
30.68,-64.5617616,0.05582718765,0.5965087714,0.317576737,0,-1.426839141,4.554661498,-3.05242848
30.69,-64.56251831,0.05582323602,0.5964901742,0.3175892952,0,-1.426501121,4.55510484,-3.052655494
30.7,-64.56328055,0.05581924322,0.5964716307,0.3176018088,0,-1.4261602,4.55554359,-3.052884166
30.71,-64.56404829,0.05581520946,0.596453141,0.3176142775,0,-1.425816395,4.555977754,-3.053114486
30.72,-64.56482148,0.05581113497,0.5964347054,0.3176267014,0,-1.425469726,4.55640734,-3.053346443
30.73,-64.5656001,0.05580701998,0.5964163239,0.3176390803,0,-1.42512021,4.556832354,-3.053580029
30.74,-64.56638411,0.05580286469,0.5963979968,0.3176514143,0,-1.424767866,4.557252803,-3.053815233
30.75,-64.56717348,0.05579866934,0.5963797241,0.3176637032,0,-1.424412713,4.557668693,-3.054052044
30.76,-64.56796818,0.05579443415,0.5963615061,0.3176759469,0,-1.424054768,4.558080033,-3.054290453
30.77,-64.56876817,0.05579015933,0.596343343,0.3176881455,0,-1.423694051,4.558486829,-3.05453045
30.78,-64.56957341,0.05578584512,0.5963252348,0.3177002987,0,-1.42333058,4.558889089,-3.054772024
30.79,-64.57038388,0.05578149173,0.5963071817,0.3177124067,0,-1.422964372,4.559286819,-3.055015165
30.8,-64.57119955,0.05577709939,0.5962891839,0.3177244692,0,-1.422595448,4.559680028,-3.055259864
30.81,-64.57202037,0.05577266832,0.5962712415,0.3177364863,0,-1.422223825,4.560068722,-3.05550611
30.82,-64.57284631,0.05576819874,0.5962533547,0.3177484578,0,-1.421849522,4.560452909,-3.055753893
30.83,-64.57367735,0.05576369089,0.5962355235,0.3177603837,0,-1.421472557,4.560832597,-3.056003204
30.84,-64.57451344,0.05575914498,0.5962177483,0.317772264,0,-1.421092948,4.561207793,-3.056254031
30.85,-64.57535455,0.05575456123,0.596200029,0.3177840986,0,-1.420710715,4.561578506,-3.056506365
30.86,-64.57620065,0.05574993988,0.5961823659,0.3177958875,0,-1.420325876,4.561944743,-3.056760196
30.87,-64.57705171,0.05574528115,0.5961647591,0.3178076305,0,-1.41993845,4.562306513,-3.057015514
30.88,-64.57790769,0.05574058525,0.5961472087,0.3178193276,0,-1.419548454,4.562663822,-3.057272308
30.89,-64.57876856,0.05573585242,0.5961297148,0.3178309789,0,-1.419155908,4.56301668,-3.057530569
30.9,-64.57963429,0.05573108288,0.5961122776,0.3178425841,0,-1.41876083,4.563365094,-3.057790286
30.91,-64.58050483,0.05572627686,0.5960948973,0.3178541433,0,-1.418363238,4.563709074,-3.058051449
30.92,-64.58138016,0.05572143458,0.5960775739,0.3178656564,0,-1.417963152,4.564048626,-3.058314049
30.93,-64.58226025,0.05571655627,0.5960603077,0.3178771234,0,-1.417560589,4.56438376,-3.058578075
30.94,-64.58314505,0.05571164214,0.5960430986,0.3178885442,0,-1.417155569,4.564714485,-3.058843516
30.95,-64.58403455,0.05570669244,0.5960259469,0.3178999188,0,-1.41674811,4.565040808,-3.059110364
30.96,-64.58492869,0.05570170738,0.5960088526,0.3179112471,0,-1.416338229,4.565362738,-3.059378607
30.97,-64.58582745,0.05569668719,0.595991816,0.317922529,0,-1.415925947,4.565680285,-3.059648236
30.98,-64.5867308,0.0556916321,0.595974837,0.3179337646,0,-1.415511282,4.565993456,-3.05991924
30.99,-64.5876387,0.05568654233,0.5959579159,0.3179449538,0,-1.415094251,4.566302262,-3.06019161
31,-64.58855112,0.0556814181,0.5959410528,0.3179560966,0,-1.414674875,4.56660671,-3.060465335
31.01,-64.58946802,0.05567625965,0.5959242477,0.3179671928,0,-1.41425317,4.56690681,-3.060740405
31.02,-64.59038937,0.05567106721,0.5959075008,0.3179782425,0,-1.413829156,4.567202571,-3.061016811
31.03,-64.59131514,0.05566584098,0.5958908123,0.3179892457,0,-1.413402851,4.567494003,-3.061294542
31.04,-64.59224529,0.05566058122,0.5958741821,0.3180002022,0,-1.412974274,4.567781114,-3.061573587
31.05,-64.59317979,0.05565528813,0.5958576105,0.3180111121,0,-1.412543444,4.568063913,-3.061853938
31.06,-64.59411861,0.05564996195,0.5958410975,0.3180219753,0,-1.412110378,4.568342411,-3.062135583
31.07,-64.59506171,0.05564460291,0.5958246433,0.3180327917,0,-1.411675096,4.568616617,-3.062418513
31.08,-64.59600906,0.05563921122,0.5958082479,0.3180435614,0,-1.411237615,4.568886539,-3.062702718
31.09,-64.59696062,0.05563378712,0.5957919115,0.3180542844,0,-1.410797955,4.569152189,-3.062988187
31.1,-64.59791637,0.05562833084,0.5957756342,0.3180649605,0,-1.410356134,4.569413575,-3.063274911
31.11,-64.59887626,0.0556228426,0.595759416,0.3180755897,0,-1.40991217,4.569670707,-3.063562879
31.12,-64.59984027,0.05561732262,0.5957432571,0.3180861721,0,-1.409466081,4.569923595,-3.063852081
31.13,-64.60080836,0.05561177114,0.5957271576,0.3180967075,0,-1.409017887,4.57017225,-3.064142508
31.14,-64.6017805,0.05560618838,0.5957111175,0.318107196,0,-1.408567606,4.57041668,-3.064434149
31.15,-64.60275665,0.05560057457,0.595695137,0.3181176376,0,-1.408115255,4.570656897,-3.064726994
31.16,-64.60373678,0.05559492993,0.5956792161,0.3181280321,0,-1.407660854,4.570892909,-3.065021034
31.17,-64.60472086,0.05558925469,0.595663355,0.3181383797,0,-1.407204421,4.571124728,-3.065316257
31.18,-64.60570885,0.05558354908,0.5956475538,0.3181486802,0,-1.406745975,4.571352363,-3.065612655
31.19,-64.60670072,0.05557781333,0.5956318125,0.3181589336,0,-1.406285532,4.571575825,-3.065910216
31.2,-64.60769644,0.05557204766,0.5956161311,0.31816914,0,-1.405823113,4.571795125,-3.066208932
31.21,-64.60869597,0.0555662523,0.5956005099,0.3181792992,0,-1.405358736,4.572010271,-3.066508791
31.22,-64.60969928,0.05556042747,0.5955849489,0.3181894113,0,-1.404892418,4.572221276,-3.066809785
31.23,-64.61070634,0.0555545734,0.5955694482,0.3181994763,0,-1.404424177,4.57242815,-3.067111902
31.24,-64.61171711,0.05554869033,0.5955540078,0.3182094941,0,-1.403954033,4.572630903,-3.067415134
31.25,-64.61273157,0.05554277846,0.5955386279,0.3182194647,0,-1.403482004,4.572829546,-3.06771947
31.26,-64.61374966,0.05553683804,0.5955233085,0.3182293881,0,-1.403008107,4.573024089,-3.068024899
31.27,-64.61477138,0.05553086929,0.5955080496,0.3182392643,0,-1.402532362,4.573214544,-3.068331413
31.28,-64.61579667,0.05552487243,0.5954928515,0.3182490933,0,-1.402054785,4.573400921,-3.068639
31.29,-64.61682551,0.05551884768,0.5954777141,0.3182588751,0,-1.401575396,4.573583232,-3.068947652
31.3,-64.61785786,0.05551279529,0.5954626375,0.3182686096,0,-1.401094213,4.573761487,-3.069257358
31.31,-64.61889369,0.05550671546,0.5954476218,0.3182782968,0,-1.400611253,4.573935697,-3.069568108
31.32,-64.61993298,0.05550060844,0.5954326671,0.3182879368,0,-1.400126535,4.574105874,-3.069879893
31.33,-64.62097567,0.05549447443,0.5954177734,0.3182975294,0,-1.399640077,4.574272028,-3.070192702
31.34,-64.62202175,0.05548831368,0.5954029408,0.3183070748,0,-1.399151897,4.574434171,-3.070506525
31.35,-64.62307118,0.0554821264,0.5953881693,0.3183165729,0,-1.398662012,4.574592314,-3.070821353
31.36,-64.62412392,0.05547591282,0.5953734591,0.3183260237,0,-1.398170442,4.574746469,-3.071137176
31.37,-64.62517994,0.05546967316,0.5953588102,0.3183354272,0,-1.397677204,4.574896647,-3.071453983
31.38,-64.62623922,0.05546340765,0.5953442227,0.3183447834,0,-1.397182316,4.575042858,-3.071771765
31.39,-64.62730171,0.05545711652,0.5953296965,0.3183540922,0,-1.396685796,4.575185116,-3.072090512
31.4,-64.62836738,0.05545079999,0.5953152319,0.3183633537,0,-1.396187662,4.575323431,-3.072410215
31.41,-64.62943621,0.05544445828,0.5953008288,0.318372568,0,-1.395687932,4.575457815,-3.072730862
31.42,-64.63050815,0.05543809162,0.5952864872,0.3183817348,0,-1.395186623,4.57558828,-3.073052445
31.43,-64.63158318,0.05543170024,0.5952722073,0.3183908544,0,-1.394683754,4.575714837,-3.073374954
31.44,-64.63266126,0.05542528435,0.5952579891,0.3183999267,0,-1.394179342,4.575837499,-3.073698379
31.45,-64.63374237,0.05541884418,0.5952438326,0.3184089516,0,-1.393673405,4.575956276,-3.07402271
31.46,-64.63482646,0.05541237996,0.595229738,0.3184179292,0,-1.393165961,4.576071181,-3.074347937
31.47,-64.6359135,0.0554058919,0.5952157051,0.3184268595,0,-1.392657028,4.576182227,-3.07467405
31.48,-64.63700347,0.05539938024,0.5952017342,0.3184357425,0,-1.392146623,4.576289424,-3.07500104
31.49,-64.63809632,0.05539284519,0.5951878252,0.3184445782,0,-1.391634763,4.576392785,-3.075328897
31.5,-64.63919204,0.05538628698,0.5951739782,0.3184533666,0,-1.391121467,4.576492322,-3.075657612
31.51,-64.64029058,0.05537970583,0.5951601932,0.3184621077,0,-1.390606752,4.576588047,-3.075987174
31.52,-64.64139191,0.05537310197,0.5951464703,0.3184708016,0,-1.390090636,4.576679972,-3.076317573
31.53,-64.642496,0.0553664756,0.5951328094,0.3184794482,0,-1.389573136,4.57676811,-3.076648801
31.54,-64.64360282,0.05535982697,0.5951192108,0.3184880475,0,-1.38905427,4.576852473,-3.076980847
31.55,-64.64471234,0.05535315628,0.5951056743,0.3184965996,0,-1.388534054,4.576933073,-3.077313702
31.56,-64.64582452,0.05534646377,0.5950922,0.3185051044,0,-1.388012508,4.577009922,-3.077647356
31.57,-64.64693933,0.05533974965,0.595078788,0.3185135621,0,-1.387489647,4.577083034,-3.077981799
31.58,-64.64805674,0.05533301414,0.5950654382,0.3185219725,0,-1.386965489,4.57715242,-3.078317022
31.59,-64.64917672,0.05532625746,0.5950521508,0.3185303357,0,-1.386440052,4.577218093,-3.078653015
31.6,-64.65029923,0.05531947984,0.5950389257,0.3185386518,0,-1.385913353,4.577280065,-3.078989769
31.61,-64.65142425,0.05531268149,0.595025763,0.3185469207,0,-1.385385409,4.57733835,-3.079327274
31.62,-64.65255173,0.05530586264,0.5950126627,0.3185551425,0,-1.384856237,4.577392959,-3.07966552
31.63,-64.65368166,0.0552990235,0.5949996248,0.3185633171,0,-1.384325854,4.577443906,-3.080004498
31.64,-64.65481399,0.0552921643,0.5949866494,0.3185714446,0,-1.383794279,4.577491204,-3.080344198
31.65,-64.6559487,0.05528528525,0.5949737364,0.3185795251,0,-1.383261526,4.577534864,-3.080684611
31.66,-64.65708576,0.05527838657,0.594960886,0.3185875585,0,-1.382727615,4.5775749,-3.081025727
31.67,-64.65822512,0.05527146848,0.5949480981,0.3185955449,0,-1.382192561,4.577611325,-3.081367537
31.68,-64.65936677,0.0552645312,0.5949353727,0.3186034842,0,-1.381656382,4.577644151,-3.081710031
31.69,-64.66051067,0.05525757495,0.5949227099,0.3186113766,0,-1.381119094,4.577673393,-3.0820532
31.7,-64.66165678,0.05525059994,0.5949101096,0.3186192219,0,-1.380580715,4.577699061,-3.082397035
31.71,-64.66280508,0.05524360639,0.5948975719,0.3186270204,0,-1.380041261,4.577721171,-3.082741525
31.72,-64.66395554,0.05523659452,0.5948850969,0.3186347719,0,-1.379500749,4.577739734,-3.083086662
31.73,-64.66510812,0.05522956454,0.5948726844,0.3186424766,0,-1.378959196,4.577754763,-3.083432436
31.74,-64.66626279,0.05522251668,0.5948603346,0.3186501343,0,-1.378416618,4.577766273,-3.083778838
31.75,-64.66741953,0.05521545114,0.5948480474,0.3186577453,0,-1.377873033,4.577774276,-3.084125858
31.76,-64.66857829,0.05520836814,0.5948358229,0.3186653094,0,-1.377328457,4.577778785,-3.084473487
31.77,-64.66973905,0.0552012679,0.594823661,0.3186728268,0,-1.376782905,4.577779814,-3.084821716
31.78,-64.67090178,0.05519415064,0.5948115618,0.3186802974,0,-1.376236396,4.577777375,-3.085170535
31.79,-64.67206645,0.05518701656,0.5947995252,0.3186877214,0,-1.375688946,4.577771483,-3.085519935
31.8,-64.67323302,0.05517986589,0.5947875513,0.3186950986,0,-1.37514057,4.577762151,-3.085869907
31.81,-64.67440147,0.05517269882,0.5947756401,0.3187024292,0,-1.374591286,4.577749391,-3.086220442
31.82,-64.67557177,0.05516551559,0.5947637915,0.3187097132,0,-1.374041109,4.577733217,-3.08657153
31.83,-64.67674388,0.0551583164,0.5947520056,0.3187169507,0,-1.373490056,4.577713644,-3.086923163
31.84,-64.67791777,0.05515110146,0.5947402824,0.3187241416,0,-1.372938144,4.577690684,-3.08727533
31.85,-64.67909341,0.05514387099,0.5947286218,0.3187312859,0,-1.372385387,4.57766435,-3.087628023
31.86,-64.68027077,0.0551366252,0.5947170239,0.3187383839,0,-1.371831804,4.577634657,-3.087981232
31.87,-64.68144983,0.05512936429,0.5947054887,0.3187454354,0,-1.371277409,4.577601618,-3.088334949
31.88,-64.68263055,0.05512208849,0.5946940161,0.3187524405,0,-1.370722219,4.577565247,-3.088689165
31.89,-64.6838129,0.055114798,0.5946826061,0.3187593993,0,-1.37016625,4.577525557,-3.08904387
31.9,-64.68499685,0.05510749303,0.5946712588,0.3187663118,0,-1.369609517,4.577482561,-3.089399055
31.91,-64.68618237,0.05510017379,0.5946599741,0.318773178,0,-1.369052037,4.577436275,-3.089754711
31.92,-64.68736943,0.05509284049,0.594648752,0.3187799981,0,-1.368493826,4.577386711,-3.090110829
31.93,-64.688558,0.05508549334,0.5946375925,0.3187867719,0,-1.3679349,4.577333883,-3.0904674
31.94,-64.68974805,0.05507813255,0.5946264956,0.3187934996,0,-1.367375273,4.577277804,-3.090824415
31.95,-64.69093955,0.05507075832,0.5946154612,0.3188001812,0,-1.366814962,4.57721849,-3.091181866
31.96,-64.69213247,0.05506337087,0.5946044894,0.3188068168,0,-1.366253983,4.577155953,-3.091539742
31.97,-64.69332679,0.0550559704,0.5945935801,0.3188134064,0,-1.365692351,4.577090208,-3.091898036
31.98,-64.69452246,0.05504855711,0.5945827333,0.31881995,0,-1.365130082,4.577021268,-3.092256738
31.99,-64.69571947,0.05504113122,0.594571949,0.3188264478,0,-1.364567192,4.576949147,-3.09261584
32,-64.69691777,0.05503369293,0.5945612272,0.3188328997,0,-1.364003695,4.57687386,-3.092975332
32.01,-64.69811735,0.05502624244,0.5945505679,0.3188393058,0,-1.363439607,4.576795419,-3.093335206
32.02,-64.69931818,0.05501877996,0.5945399709,0.3188456662,0,-1.362874943,4.57671384,-3.093695453
32.03,-64.70052021,0.0550113057,0.5945294363,0.3188519808,0,-1.36230972,4.576629136,-3.094056063
32.04,-64.70172343,0.05500381985,0.5945189642,0.3188582498,0,-1.361743952,4.576541321,-3.09441703
32.05,-64.70292781,0.05499632263,0.5945085543,0.3188644732,0,-1.361177654,4.57645041,-3.094778343
32.06,-64.70413331,0.05498881423,0.5944982068,0.3188706511,0,-1.360610841,4.576356416,-3.095139993
32.07,-64.70533991,0.05498129485,0.5944879215,0.3188767835,0,-1.360043529,4.576259353,-3.095501973
32.08,-64.70654758,0.05497376471,0.5944776986,0.3188828704,0,-1.359475732,4.576159237,-3.095864274
32.09,-64.70775629,0.05496622399,0.5944675378,0.318888912,0,-1.358907467,4.576056079,-3.096226886
32.1,-64.708966,0.05495867291,0.5944574392,0.3188949082,0,-1.358338746,4.575949896,-3.096589801
32.11,-64.7101767,0.05495111165,0.5944474027,0.3189008592,0,-1.357769586,4.575840701,-3.096953011
32.12,-64.71138836,0.05494354043,0.5944374284,0.318906765,0,-1.357200002,4.575728508,-3.097316507
32.13,-64.71260093,0.05493595944,0.5944275162,0.3189126256,0,-1.356630007,4.575613331,-3.09768028
32.14,-64.71381441,0.05492836888,0.594417666,0.3189184412,0,-1.356059617,4.575495186,-3.098044322
32.15,-64.71502875,0.05492076894,0.5944078778,0.3189242117,0,-1.355488846,4.575374085,-3.098408625
32.16,-64.71624393,0.05491315983,0.5943981515,0.3189299372,0,-1.354917709,4.575250043,-3.098773179
32.17,-64.71745992,0.05490554175,0.5943884872,0.3189356178,0,-1.354346221,4.575123075,-3.099137977
32.18,-64.7186767,0.05489791488,0.5943788847,0.3189412536,0,-1.353774396,4.574993195,-3.09950301
32.19,-64.71989423,0.05489027943,0.5943693441,0.3189468446,0,-1.353202248,4.574860417,-3.099868269
32.2,-64.72111249,0.05488263559,0.5943598653,0.3189523908,0,-1.352629792,4.574724756,-3.100233746
32.21,-64.72233144,0.05487498356,0.5943504482,0.3189578924,0,-1.352057042,4.574586225,-3.100599433
32.22,-64.72355107,0.05486732353,0.5943410928,0.3189633495,0,-1.351484012,4.57444484,-3.100965322
32.23,-64.72477135,0.0548596557,0.5943317991,0.3189687619,0,-1.350910717,4.574300614,-3.101331404
32.24,-64.72599223,0.05485198025,0.5943225669,0.3189741299,0,-1.35033717,4.574153562,-3.10169767
32.25,-64.72721371,0.05484429739,0.5943133963,0.3189794536,0,-1.349763387,4.574003698,-3.102064113
32.26,-64.72843575,0.0548366073,0.5943042872,0.3189847328,0,-1.34918938,4.573851037,-3.102430725
32.27,-64.72965832,0.05482891018,0.5942952395,0.3189899678,0,-1.348615163,4.573695593,-3.102797496
32.28,-64.7308814,0.05482120621,0.5942862532,0.3189951587,0,-1.348040752,4.573537381,-3.103164419
32.29,-64.73210496,0.0548134956,0.5942773283,0.3190003054,0,-1.347466159,4.573376415,-3.103531487
32.3,-64.73332896,0.05480577852,0.5942684646,0.319005408,0,-1.346891398,4.573212709,-3.103898689
32.31,-64.7345534,0.05479805517,0.5942596622,0.3190104666,0,-1.346316483,4.573046278,-3.10426602
32.32,-64.73577823,0.05479032573,0.5942509209,0.3190154814,0,-1.345741428,4.572877136,-3.104633469
32.33,-64.73700343,0.0547825904,0.5942422407,0.3190204523,0,-1.345166246,4.572705299,-3.10500103
32.34,-64.73822898,0.05477484937,0.5942336216,0.3190253794,0,-1.344590952,4.572530779,-3.105368695
32.35,-64.73945485,0.05476710281,0.5942250634,0.3190302628,0,-1.344015557,4.572353593,-3.105736454
32.36,-64.74068101,0.05475935092,0.5942165662,0.3190351026,0,-1.343440076,4.572173754,-3.106104302
32.37,-64.74190743,0.05475159388,0.5942081298,0.3190398988,0,-1.342864522,4.571991276,-3.106472228
32.38,-64.74313409,0.05474383189,0.5941997542,0.3190446515,0,-1.342288909,4.571806175,-3.106840226
32.39,-64.74436096,0.05473606511,0.5941914394,0.3190493609,0,-1.34171325,4.571618465,-3.107208288
32.4,-64.74558802,0.05472829374,0.5941831852,0.3190540269,0,-1.341137557,4.57142816,-3.107576405
32.41,-64.74681523,0.05472051796,0.5941749916,0.3190586497,0,-1.340561844,4.571235275,-3.10794457
32.42,-64.74804259,0.05471273796,0.5941668586,0.3190632293,0,-1.339986125,4.571039824,-3.108312776
32.43,-64.74927004,0.05470495391,0.594158786,0.3190677658,0,-1.339410411,4.570841823,-3.108681013
32.44,-64.75049758,0.05469716599,0.5941507737,0.3190722592,0,-1.338834717,4.570641284,-3.109049275
32.45,-64.75172518,0.0546893744,0.5941428218,0.3190767098,0,-1.338259054,4.570438224,-3.109417554
32.46,-64.75295281,0.0546815793,0.5941349302,0.3190811174,0,-1.337683436,4.570232657,-3.109785843
32.47,-64.75418044,0.05467378089,0.5941270987,0.3190854823,0,-1.337107876,4.570024596,-3.110154132
32.48,-64.75540805,0.05466597933,0.5941193273,0.3190898045,0,-1.336532386,4.569814057,-3.110522416
32.49,-64.75663562,0.05465817481,0.594111616,0.3190940841,0,-1.335956978,4.569601054,-3.110890685
32.5,-64.75786311,0.0546503675,0.5941039646,0.3190983211,0,-1.335381666,4.569385602,-3.111258933
32.51,-64.75909051,0.05464255758,0.594096373,0.3191025157,0,-1.334806462,4.569167716,-3.111627153
32.52,-64.76031778,0.05463474524,0.5940888413,0.3191066679,0,-1.334231379,4.568947409,-3.111995335
32.53,-64.76154491,0.05462693063,0.5940813693,0.3191107778,0,-1.333656428,4.568724696,-3.112363474
32.54,-64.76277187,0.05461911395,0.5940739569,0.3191148455,0,-1.333081622,4.568499592,-3.112731562
32.55,-64.76399863,0.05461129536,0.594066604,0.319118871,0,-1.332506973,4.568272112,-3.11309959
32.56,-64.76522518,0.05460347504,0.5940593107,0.3191228546,0,-1.331932494,4.56804227,-3.113467553
32.57,-64.76645147,0.05459565316,0.5940520767,0.3191267962,0,-1.331358197,4.56781008,-3.113835441
32.58,-64.7676775,0.0545878299,0.594044902,0.3191306959,0,-1.330784093,4.567575558,-3.114203249
32.59,-64.76890323,0.05458000542,0.5940377865,0.3191345538,0,-1.330210195,4.567338716,-3.114570968
32.6,-64.77012864,0.0545721799,0.5940307302,0.31913837,0,-1.329636515,4.567099572,-3.114938592
32.61,-64.77135371,0.05456435351,0.594023733,0.3191421447,0,-1.329063064,4.566858137,-3.115306112
32.62,-64.77257841,0.05455652642,0.5940167947,0.3191458778,0,-1.328489855,4.566614428,-3.115673523
32.63,-64.77380272,0.0545486988,0.5940099152,0.3191495695,0,-1.327916899,4.566368458,-3.116040816
32.64,-64.77502662,0.05454087082,0.5940030946,0.3191532198,0,-1.327344208,4.566120243,-3.116407985
32.65,-64.77625007,0.05453304264,0.5939963327,0.3191568289,0,-1.326771793,4.565869796,-3.116775022
32.66,-64.77747307,0.05452521443,0.5939896293,0.3191603968,0,-1.326199666,4.565617133,-3.117141921
32.67,-64.77869558,0.05451738636,0.5939829845,0.3191639237,0,-1.325627839,4.565362267,-3.117508673
32.68,-64.77991758,0.0545095586,0.5939763981,0.3191674096,0,-1.325056323,4.565105213,-3.117875273
32.69,-64.78113904,0.05450173131,0.5939698701,0.3191708546,0,-1.32448513,4.564845986,-3.118241713
32.7,-64.78235995,0.05449390466,0.5939634002,0.3191742588,0,-1.32391427,4.5645846,-3.118607985
32.71,-64.78358028,0.0544860788,0.5939569885,0.3191776223,0,-1.323343755,4.56432107,-3.118974084
32.72,-64.78480001,0.05447825391,0.5939506349,0.3191809452,0,-1.322773596,4.564055409,-3.119340002
32.73,-64.78601911,0.05447043014,0.5939443392,0.3191842275,0,-1.322203804,4.563787633,-3.119705733
32.74,-64.78723756,0.05446260766,0.5939381014,0.3191874695,0,-1.321634391,4.563517756,-3.120071269
32.75,-64.78845534,0.05445478663,0.5939319213,0.3191906711,0,-1.321065367,4.563245792,-3.120436603
32.76,-64.78967243,0.05444696721,0.5939257988,0.3191938325,0,-1.320496744,4.562971756,-3.120801729
32.77,-64.7908888,0.05443914956,0.593919734,0.3191969537,0,-1.319928532,4.562695662,-3.121166641
32.78,-64.79210443,0.05443133384,0.5939137265,0.3192000349,0,-1.319360741,4.562417525,-3.12153133
32.79,-64.7933193,0.05442352021,0.5939077765,0.3192030761,0,-1.318793383,4.562137358,-3.121895791
32.8,-64.79453339,0.05441570881,0.5939018837,0.3192060775,0,-1.318226469,4.561855177,-3.122260017
32.81,-64.79574667,0.05440789983,0.593896048,0.3192090392,0,-1.317660009,4.561570995,-3.122624001
32.82,-64.79695912,0.0544000934,0.5938902694,0.3192119612,0,-1.317094013,4.561284828,-3.122987737
32.83,-64.79817072,0.05439228968,0.5938845477,0.3192148436,0,-1.316528493,4.560996688,-3.123351217
32.84,-64.79938145,0.05438448883,0.5938788828,0.3192176866,0,-1.315963457,4.560706591,-3.123714436
32.85,-64.80059129,0.05437669101,0.5938732747,0.3192204902,0,-1.315398918,4.560414551,-3.124077387
32.86,-64.80180021,0.05436889636,0.5938677232,0.3192232545,0,-1.314834885,4.560120583,-3.124440064
32.87,-64.8030082,0.05436110504,0.5938622282,0.3192259797,0,-1.314271368,4.5598247,-3.124802459
32.88,-64.80421522,0.0543533172,0.5938567896,0.3192286658,0,-1.313708378,4.559526916,-3.125164567
32.89,-64.80542127,0.054345533,0.5938514073,0.319231313,0,-1.313145924,4.559227247,-3.125526381
32.9,-64.80662631,0.05433775258,0.5938460812,0.3192339213,0,-1.312584018,4.558925706,-3.125887894
32.91,-64.80783034,0.05432997609,0.5938408112,0.3192364908,0,-1.312022668,4.558622307,-3.126249101
32.92,-64.80903332,0.05432220369,0.5938355971,0.3192390217,0,-1.311461884,4.558317065,-3.126609995
32.93,-64.81023523,0.05431443552,0.5938304389,0.3192415141,0,-1.310901677,4.558009994,-3.12697057
32.94,-64.81143607,0.05430667173,0.5938253365,0.3192439679,0,-1.310342056,4.557701107,-3.12733082
32.95,-64.81263579,0.05429891246,0.5938202896,0.3192463835,0,-1.309783032,4.55739042,-3.127690738
32.96,-64.81383439,0.05429115787,0.5938152983,0.3192487608,0,-1.309224612,4.557077947,-3.128050318
32.97,-64.81503185,0.0542834081,0.5938103623,0.3192510999,0,-1.308666809,4.5567637,-3.128409554
32.98,-64.81622813,0.05427566329,0.5938054817,0.319253401,0,-1.30810963,4.556447695,-3.12876844
32.99,-64.81742323,0.05426792358,0.5938006562,0.3192556642,0,-1.307553085,4.556129946,-3.129126969
33,-64.81861712,0.05426018913,0.5937958858,0.3192578895,0,-1.306997184,4.555810467,-3.129485137
33.01,-64.81980979,0.05425246007,0.5937911703,0.3192600771,0,-1.306441936,4.555489271,-3.129842936
33.02,-64.8210012,0.05424473655,0.5937865096,0.3192622271,0,-1.30588735,4.555166373,-3.130200361
33.03,-64.82219135,0.05423701871,0.5937819036,0.3192643396,0,-1.305333436,4.554841786,-3.130557406
33.04,-64.82338022,0.05422930668,0.5937773521,0.3192664147,0,-1.304780203,4.554515526,-3.130914065
33.05,-64.82456777,0.05422160061,0.5937728551,0.3192684524,0,-1.304227659,4.554187605,-3.131270332
33.06,-64.825754,0.05421390064,0.5937684125,0.319270453,0,-1.303675814,4.553858037,-3.131626201
33.07,-64.82693889,0.0542062069,0.5937640241,0.3192724165,0,-1.303124677,4.553526838,-3.131981666
33.08,-64.82812241,0.05419851954,0.5937596897,0.319274343,0,-1.302574257,4.553194019,-3.132336722
33.09,-64.82930454,0.05419083869,0.5937554093,0.3192762327,0,-1.302024562,4.552859596,-3.132691362
33.1,-64.83048527,0.05418316448,0.5937511828,0.3192780856,0,-1.301475602,4.552523582,-3.133045582
33.11,-64.83166458,0.05417549705,0.59374701,0.3192799018,0,-1.300927385,4.552185992,-3.133399375
33.12,-64.83284245,0.05416783654,0.5937428907,0.3192816815,0,-1.300379919,4.551846838,-3.133752736
33.13,-64.83401886,0.05416018308,0.593738825,0.3192834247,0,-1.299833214,4.551506134,-3.134105658
33.14,-64.83519379,0.0541525368,0.5937348126,0.3192851317,0,-1.299287278,4.551163895,-3.134458137
33.15,-64.83636722,0.05414489784,0.5937308534,0.3192868024,0,-1.298742119,4.550820135,-3.134810167
33.16,-64.83753914,0.05413726633,0.5937269472,0.319288437,0,-1.298197745,4.550474866,-3.135161742
33.17,-64.83870953,0.05412964239,0.5937230941,0.3192900356,0,-1.297654166,4.550128102,-3.135512858
33.18,-64.83987836,0.05412202616,0.5937192938,0.3192915983,0,-1.297111389,4.549779858,-3.135863507
33.19,-64.84104562,0.05411441778,0.5937155461,0.3192931253,0,-1.296569423,4.549430147,-3.136213686
33.2,-64.84221129,0.05410681736,0.5937118511,0.3192946166,0,-1.296028276,4.549078982,-3.136563388
33.21,-64.84337536,0.05409922503,0.5937082085,0.3192960723,0,-1.295487955,4.548726378,-3.136912608
33.22,-64.8445378,0.05409164093,0.5937046181,0.3192974926,0,-1.29494847,4.548372347,-3.137261341
33.23,-64.8456986,0.05408406517,0.59370108,0.3192988776,0,-1.294409827,4.548016903,-3.137609581
33.24,-64.84685775,0.0540764979,0.593697594,0.3193002274,0,-1.293872035,4.54766006,-3.137957324
33.25,-64.84801521,0.05406893922,0.5936941598,0.3193015421,0,-1.293335101,4.547301831,-3.138304564
33.26,-64.84917098,0.05406138926,0.5936907774,0.3193028218,0,-1.292799035,4.54694223,-3.138651295
33.27,-64.85032504,0.05405384816,0.5936874467,0.3193040666,0,-1.292263842,4.546581271,-3.138997513
33.28,-64.85147738,0.05404631602,0.5936841675,0.3193052766,0,-1.291729531,4.546218965,-3.139343213
33.29,-64.85262796,0.05403879298,0.5936809396,0.319306452,0,-1.291196109,4.545855328,-3.139688389
33.3,-64.85377679,0.05403127916,0.593677763,0.3193075929,0,-1.290663585,4.545490372,-3.140033036
33.31,-64.85492383,0.05402377466,0.5936746376,0.3193086994,0,-1.290131965,4.545124111,-3.14037715
33.32,-64.85606908,0.05401627963,0.5936715631,0.3193097715,0,-1.289601257,4.544756557,-3.140720725
33.33,-64.85721252,0.05400879417,0.5936685394,0.3193108095,0,-1.289071468,4.544387725,-3.141063756
33.34,-64.85835413,0.0540013184,0.5936655664,0.3193118134,0,-1.288542606,4.544017628,-3.141406238
33.35,-64.85949389,0.05399385244,0.593662644,0.3193127833,0,-1.288014678,4.543646278,-3.141748167
33.36,-64.86063179,0.05398639641,0.593659772,0.3193137194,0,-1.287487691,4.543273689,-3.142089537
33.37,-64.86176781,0.05397895042,0.5936569503,0.3193146218,0,-1.286961652,4.542899874,-3.142430344
33.38,-64.86290194,0.05397151459,0.5936541788,0.3193154906,0,-1.286436568,4.542524846,-3.142770583
33.39,-64.86403416,0.05396408904,0.5936514572,0.3193163259,0,-1.285912447,4.542148619,-3.143110248
33.4,-64.86516446,0.05395667387,0.5936487855,0.3193171278,0,-1.285389294,4.541771205,-3.143449337
33.41,-64.86629281,0.05394926921,0.5936461636,0.3193178964,0,-1.284867118,4.541392618,-3.143787842
33.42,-64.8674192,0.05394187516,0.5936435912,0.3193186319,0,-1.284345925,4.54101287,-3.144125761
33.43,-64.86854363,0.05393449183,0.5936410682,0.3193193344,0,-1.283825721,4.540631974,-3.144463088
33.44,-64.86966606,0.05392711934,0.5936385946,0.319320004,0,-1.283306514,4.540249944,-3.144799818
33.45,-64.87078649,0.0539197578,0.5936361701,0.3193206408,0,-1.282788309,4.539866792,-3.145135948
33.46,-64.87190491,0.05391240731,0.5936337947,0.3193212449,0,-1.282271115,4.539482531,-3.145471472
33.47,-64.87302129,0.05390506799,0.5936314681,0.3193218165,0,-1.281754936,4.539097174,-3.145806386
33.48,-64.87413562,0.05389773994,0.5936291902,0.3193223556,0,-1.281239781,4.538710734,-3.146140686
33.49,-64.87524789,0.05389042327,0.5936269609,0.3193228624,0,-1.280725654,4.538323224,-3.146474366
33.5,-64.87635808,0.05388311809,0.5936247801,0.319323337,0,-1.280212563,4.537934656,-3.146807423
33.51,-64.87746618,0.05387582451,0.5936226475,0.3193237795,0,-1.279700513,4.537545043,-3.147139853
33.52,-64.87857217,0.05386854262,0.5936205631,0.3193241901,0,-1.279189512,4.537154399,-3.14747165
33.53,-64.87967604,0.05386127253,0.5936185267,0.3193245689,0,-1.278679565,4.536762734,-3.147802811
33.54,-64.88077777,0.05385401435,0.5936165382,0.3193249159,0,-1.278170678,4.536370063,-3.148133331
33.55,-64.88187735,0.05384676818,0.5936145973,0.3193252313,0,-1.277662857,4.535976398,-3.148463206
33.56,-64.88297477,0.05383953412,0.593612704,0.3193255152,0,-1.277156109,4.535581751,-3.148792431
33.57,-64.88407001,0.05383231227,0.5936108582,0.3193257678,0,-1.276650439,4.535186135,-3.149121004
33.58,-64.88516306,0.05382510273,0.5936090596,0.3193259891,0,-1.276145854,4.534789562,-3.149448918
33.59,-64.8862539,0.05381790561,0.5936073081,0.3193261793,0,-1.275642358,4.534392045,-3.149776171
33.6,-64.88734253,0.053810721,0.5936056036,0.3193263386,0,-1.275139959,4.533993596,-3.150102758
33.61,-64.88842892,0.05380354901,0.5936039459,0.3193264669,0,-1.274638661,4.533594228,-3.150428675
33.62,-64.88951306,0.05379638972,0.5936023349,0.3193265645,0,-1.27413847,4.533193953,-3.150753918
33.63,-64.89059494,0.05378924323,0.5936007704,0.3193266314,0,-1.273639392,4.532792783,-3.151078483
33.64,-64.89167455,0.05378210965,0.5935992522,0.3193266678,0,-1.273141433,4.532390731,-3.151402366
33.65,-64.89275188,0.05377498907,0.5935977803,0.3193266738,0,-1.272644598,4.531987809,-3.151725563
33.66,-64.8938269,0.05376788158,0.5935963545,0.3193266496,0,-1.272148892,4.531584028,-3.152048071
33.67,-64.89489961,0.05376078728,0.5935949746,0.3193265952,0,-1.271654322,4.531179403,-3.152369884
33.68,-64.89597,0.05375370626,0.5935936404,0.3193265107,0,-1.271160891,4.530773943,-3.152691001
33.69,-64.89703805,0.05374663861,0.5935923519,0.3193263964,0,-1.270668606,4.530367662,-3.153011415
33.7,-64.89810375,0.05373958443,0.5935911088,0.3193262523,0,-1.270177471,4.529960572,-3.153331125
33.71,-64.89916709,0.0537325438,0.5935899111,0.3193260785,0,-1.269687493,4.529552685,-3.153650126
33.72,-64.90022805,0.05372551682,0.5935887585,0.3193258751,0,-1.269198675,4.529144012,-3.153968414
33.73,-64.90128662,0.05371850358,0.5935876509,0.3193256423,0,-1.268711024,4.528734566,-3.154285986
33.74,-64.90234279,0.05371150416,0.5935865881,0.3193253803,0,-1.268224543,4.528324358,-3.154602838
33.75,-64.90339656,0.05370451865,0.59358557,0.319325089,0,-1.267739239,4.527913401,-3.154918967
33.76,-64.90444789,0.05369754715,0.5935845965,0.3193247687,0,-1.267255115,4.527501706,-3.155234368
33.77,-64.9054968,0.05369058974,0.5935836674,0.3193244195,0,-1.266772178,4.527089286,-3.155549039
33.78,-64.90654325,0.0536836465,0.5935827825,0.3193240415,0,-1.266290431,4.526676151,-3.155862976
33.79,-64.90758725,0.05367671752,0.5935819417,0.3193236347,0,-1.265809879,4.526262315,-3.156176174
33.8,-64.90862877,0.05366980289,0.5935811448,0.3193231994,0,-1.265330528,4.525847787,-3.156488632
33.81,-64.90966782,0.05366290269,0.5935803917,0.3193227357,0,-1.264852381,4.525432581,-3.156800345
33.82,-64.91070437,0.053656017,0.5935796822,0.3193222436,0,-1.264375443,4.525016708,-3.15711131
33.83,-64.91173841,0.0536491459,0.5935790162,0.3193217234,0,-1.26389972,4.524600179,-3.157421524
33.84,-64.91276994,0.05364228948,0.5935783934,0.3193211751,0,-1.263425214,4.524183006,-3.157730983
33.85,-64.91379894,0.05363544782,0.5935778139,0.3193205988,0,-1.262951932,4.5237652,-3.158039683
33.86,-64.91482541,0.053628621,0.5935772772,0.3193199947,0,-1.262479876,4.523346773,-3.158347623
33.87,-64.91584933,0.0536218091,0.5935767835,0.3193193629,0,-1.262009052,4.522927737,-3.158654798
33.88,-64.91687068,0.0536150122,0.5935763324,0.3193187036,0,-1.261539463,4.522508102,-3.158961205
33.89,-64.91788947,0.05360823037,0.5935759238,0.3193180167,0,-1.261071115,4.522087881,-3.159266842
33.9,-64.91890568,0.0536014637,0.5935755575,0.3193173026,0,-1.26060401,4.521667084,-3.159571704
33.91,-64.9199193,0.05359471226,0.5935752335,0.3193165612,0,-1.260138154,4.521245723,-3.159875789
33.92,-64.92093031,0.05358797612,0.5935749515,0.3193157928,0,-1.25967355,4.520823808,-3.160179093
33.93,-64.92193872,0.05358125537,0.5935747114,0.3193149973,0,-1.259210202,4.520401353,-3.160481615
33.94,-64.9229445,0.05357455008,0.593574513,0.3193141751,0,-1.258748115,4.519978366,-3.16078335
33.95,-64.92394765,0.05356786032,0.5935743562,0.3193133261,0,-1.258287292,4.51955486,-3.161084295
33.96,-64.92494816,0.05356118616,0.5935742408,0.3193124506,0,-1.257827737,4.519130846,-3.161384448
33.97,-64.92594602,0.05355452769,0.5935741666,0.3193115486,0,-1.257369453,4.518706335,-3.161683806
33.98,-64.92694122,0.05354788496,0.5935741336,0.3193106202,0,-1.256912446,4.518281337,-3.161982366
33.99,-64.92793375,0.05354125806,0.5935741414,0.3193096657,0,-1.256456717,4.517855865,-3.162280124
34,-64.9289236,0.05353464705,0.5935741901,0.319308685,0,-1.256002272,4.517429927,-3.162577079
34.01,-64.92991076,0.053528052,0.5935742793,0.3193076784,0,-1.255549113,4.517003537,-3.162873227
34.02,-64.93089522,0.05352147299,0.593574409,0.3193066459,0,-1.255097245,4.516576704,-3.163168565
34.03,-64.93187697,0.05351491007,0.5935745789,0.3193055877,0,-1.25464667,4.516149439,-3.163463091
34.04,-64.93285601,0.05350836333,0.593574789,0.319304504,0,-1.254197393,4.515721753,-3.163756802
34.05,-64.93383232,0.05350183282,0.5935750391,0.3193033947,0,-1.253749416,4.515293657,-3.164049696
34.06,-64.9348059,0.05349531862,0.593575329,0.3193022601,0,-1.253302743,4.514865161,-3.164341769
34.07,-64.93577673,0.05348882078,0.5935756585,0.3193011003,0,-1.252857378,4.514436277,-3.164633019
34.08,-64.93674481,0.05348233938,0.5935760275,0.3192999154,0,-1.252413323,4.514007014,-3.164923443
34.09,-64.93771013,0.05347587448,0.5935764358,0.3192987055,0,-1.251970582,4.513577384,-3.165213039
34.1,-64.93867268,0.05346942615,0.5935768833,0.3192974707,0,-1.251529158,4.513147396,-3.165501805
34.11,-64.93963246,0.05346299444,0.5935773698,0.3192962112,0,-1.251089054,4.512717062,-3.165789737
34.12,-64.94058945,0.05345657941,0.5935778951,0.3192949272,0,-1.250650273,4.512286392,-3.166076834
34.13,-64.94154364,0.05345018114,0.5935784591,0.3192936186,0,-1.250212819,4.511855396,-3.166363092
34.14,-64.94249503,0.05344379969,0.5935790617,0.3192922857,0,-1.249776694,4.511424085,-3.16664851
34.15,-64.94344362,0.0534374351,0.5935797025,0.3192909286,0,-1.249341901,4.510992468,-3.166933085
34.16,-64.94438938,0.05343108745,0.5935803816,0.3192895473,0,-1.248908444,4.510560557,-3.167216814
34.17,-64.94533232,0.05342475679,0.5935810987,0.3192881421,0,-1.248476324,4.510128362,-3.167499696
34.18,-64.94627242,0.05341844319,0.5935818536,0.3192867131,0,-1.248045546,4.509695892,-3.167781727
34.19,-64.94720969,0.05341214669,0.5935826463,0.3192852602,0,-1.24761611,4.509263158,-3.168062907
34.2,-64.9481441,0.05340586736,0.5935834765,0.3192837838,0,-1.247188022,4.50883017,-3.168343231
34.21,-64.94907566,0.05339960525,0.593584344,0.3192822839,0,-1.246761282,4.508396938,-3.168622699
34.22,-64.95000436,0.05339336042,0.5935852488,0.3192807607,0,-1.246335894,4.507963472,-3.168901308
34.23,-64.95093019,0.05338713292,0.5935861906,0.3192792142,0,-1.24591186,4.507529782,-3.169179056
34.24,-64.95185314,0.05338092282,0.5935871693,0.3192776446,0,-1.245489182,4.507095879,-3.169455941
34.25,-64.9527732,0.05337473015,0.5935881848,0.319276052,0,-1.245067864,4.506661772,-3.16973196
34.26,-64.95369037,0.05336855499,0.5935892368,0.3192744365,0,-1.244647908,4.50622747,-3.170007112
34.27,-64.95460465,0.05336239737,0.5935903252,0.3192727983,0,-1.244229316,4.505792984,-3.170281394
34.28,-64.95551602,0.05335625736,0.5935914498,0.3192711375,0,-1.24381209,4.505358324,-3.170554805
34.29,-64.95642447,0.053350135,0.5935926105,0.3192694542,0,-1.243396233,4.504923499,-3.170827342
34.3,-64.95733001,0.05334403034,0.5935938071,0.3192677485,0,-1.242981748,4.504488519,-3.171099004
34.31,-64.95823263,0.05333794344,0.5935950395,0.3192660206,0,-1.242568635,4.504053394,-3.171369788
34.32,-64.95913231,0.05333187435,0.5935963074,0.3192642705,0,-1.242156898,4.503618133,-3.171639693
34.33,-64.96002906,0.0533258231,0.5935976108,0.3192624985,0,-1.241746539,4.503182746,-3.171908717
34.34,-64.96092286,0.05331978976,0.5935989494,0.3192607045,0,-1.241337559,4.502747242,-3.172176857
34.35,-64.96181371,0.05331377437,0.5936003231,0.3192588889,0,-1.240929962,4.502311632,-3.172444113
34.36,-64.96270161,0.05330777697,0.5936017317,0.3192570516,0,-1.240523748,4.501875923,-3.172710482
34.37,-64.96358654,0.05330179761,0.5936031751,0.3192551928,0,-1.24011892,4.501440127,-3.172975962
34.38,-64.96446851,0.05329583635,0.5936046531,0.3192533126,0,-1.239715479,4.501004252,-3.173240553
34.39,-64.9653475,0.05328989322,0.5936061655,0.3192514111,0,-1.239313429,4.500568307,-3.173504251
34.4,-64.96622352,0.05328396826,0.5936077122,0.3192494886,0,-1.23891277,4.500132302,-3.173767056
34.41,-64.96709655,0.05327806153,0.593609293,0.319247545,0,-1.238513504,4.499696246,-3.174028966
34.42,-64.96796659,0.05327217307,0.5936109077,0.3192455805,0,-1.238115633,4.499260149,-3.174289978
34.43,-64.96883364,0.05326630291,0.5936125562,0.3192435952,0,-1.237719159,4.498824019,-3.174550092
34.44,-64.96969769,0.05326045111,0.5936142383,0.3192415894,0,-1.237324084,4.498387865,-3.174809306
34.45,-64.97055873,0.05325461769,0.5936159539,0.3192395629,0,-1.236930409,4.497951697,-3.175067619
34.46,-64.97141676,0.05324880272,0.5936177027,0.3192375161,0,-1.236538135,4.497515524,-3.175325028
34.47,-64.97227177,0.05324300621,0.5936194847,0.3192354491,0,-1.236147265,4.497079354,-3.175581532
34.48,-64.97312377,0.05323722822,0.5936212996,0.3192333618,0,-1.2357578,4.496643197,-3.175837131
34.49,-64.97397274,0.05323146878,0.5936231474,0.3192312546,0,-1.235369741,4.496207062,-3.176091821
34.5,-64.97481868,0.05322572793,0.5936250277,0.3192291274,0,-1.234983091,4.495770957,-3.176345603
34.51,-64.97566158,0.05322000571,0.5936269405,0.3192269804,0,-1.234597849,4.495334891,-3.176598474
34.52,-64.97650145,0.05321430215,0.5936288857,0.3192248138,0,-1.234214018,4.494898874,-3.176850434
34.53,-64.97733827,0.0532086173,0.5936308629,0.3192226276,0,-1.233831599,4.494462913,-3.177101481
34.54,-64.97817204,0.05320295119,0.5936328721,0.319220422,0,-1.233450593,4.494027017,-3.177351613
34.55,-64.97900276,0.05319730386,0.5936349132,0.3192181971,0,-1.233071002,4.493591196,-3.177600829
34.56,-64.97983043,0.05319167533,0.5936369859,0.3192159531,0,-1.232692826,4.493155457,-3.177849128
34.57,-64.98065503,0.05318606565,0.59363909,0.3192136899,0,-1.232316068,4.49271981,-3.17809651
34.58,-64.98147657,0.05318047485,0.5936412255,0.3192114079,0,-1.231940727,4.492284262,-3.178342971
34.59,-64.98229504,0.05317490295,0.5936433922,0.319209107,0,-1.231566806,4.491848823,-3.178588513
34.6,-64.98311044,0.05316935,0.5936455898,0.3192067874,0,-1.231194305,4.4914135,-3.178833132
34.61,-64.98392276,0.05316381603,0.5936478182,0.3192044493,0,-1.230823225,4.490978303,-3.179076829
34.62,-64.984732,0.05315830107,0.5936500774,0.3192020927,0,-1.230453567,4.490543239,-3.179319601
34.63,-64.98553816,0.05315280514,0.593652367,0.3191997178,0,-1.230085333,4.490108317,-3.179561449
34.64,-64.98634123,0.05314732828,0.5936546869,0.3191973247,0,-1.229718522,4.489673546,-3.17980237
34.65,-64.98714121,0.05314187053,0.593657037,0.3191949134,0,-1.229353137,4.489238932,-3.180042364
34.66,-64.9879381,0.0531364319,0.5936594172,0.3191924843,0,-1.228989178,4.488804485,-3.18028143
34.67,-64.98873189,0.05313101242,0.5936618272,0.3191900372,0,-1.228626645,4.488370213,-3.180519567
34.68,-64.98952258,0.05312561213,0.5936642668,0.3191875725,0,-1.22826554,4.487936123,-3.180756774
34.69,-64.99031017,0.05312023106,0.593666736,0.3191850901,0,-1.227905863,4.487502225,-3.18099305
34.7,-64.99109465,0.05311486922,0.5936692345,0.3191825902,0,-1.227547615,4.487068525,-3.181228394
34.71,-64.99187602,0.05310952665,0.5936717623,0.319180073,0,-1.227190797,4.486635032,-3.181462805
34.72,-64.99265427,0.05310420337,0.593674319,0.3191775385,0,-1.226835409,4.486201754,-3.181696282
34.73,-64.99342942,0.05309889941,0.5936769046,0.3191749869,0,-1.226481452,4.485768699,-3.181928825
34.74,-64.99420144,0.05309361479,0.593679519,0.3191724183,0,-1.226128926,4.485335874,-3.182160432
34.75,-64.99497034,0.05308834954,0.5936821618,0.3191698328,0,-1.225777832,4.484903287,-3.182391103
34.76,-64.99573613,0.05308310367,0.5936848331,0.3191672305,0,-1.225428171,4.484470947,-3.182620838
34.77,-64.99649878,0.05307787722,0.5936875326,0.3191646116,0,-1.225079942,4.48403886,-3.182849635
34.78,-64.99725831,0.05307267021,0.5936902601,0.3191619761,0,-1.224733147,4.483607035,-3.183077493
34.79,-64.99801471,0.05306748265,0.5936930155,0.3191593242,0,-1.224387786,4.483175479,-3.183304413
34.8,-64.99876798,0.05306231457,0.5936957987,0.319156656,0,-1.224043858,4.4827442,-3.183530393
34.81,-64.99951811,0.053057166,0.5936986094,0.3191539717,0,-1.223701365,4.482313205,-3.183755433
34.82,-65.0002651,0.05305203694,0.5937014475,0.3191512712,0,-1.223360307,4.481882502,-3.183979531
34.83,-65.00100896,0.05304692743,0.5937043129,0.3191485548,0,-1.223020684,4.481452098,-3.184202688
34.84,-65.00174968,0.05304183747,0.5937072053,0.3191458226,0,-1.222682496,4.481022001,-3.184424903
34.85,-65.00248725,0.0530367671,0.5937101247,0.3191430747,0,-1.222345744,4.480592218,-3.184646176
34.86,-65.00322168,0.05303171632,0.5937130708,0.3191403112,0,-1.222010427,4.480162757,-3.184866505
34.87,-65.00395297,0.05302668516,0.5937160435,0.3191375322,0,-1.221676546,4.479733624,-3.185085891
34.88,-65.00468111,0.05302167363,0.5937190427,0.3191347379,0,-1.221344101,4.479304827,-3.185304332
34.89,-65.0054061,0.05301668175,0.5937220682,0.3191319283,0,-1.221013092,4.478876374,-3.185521829
34.9,-65.00612793,0.05301170954,0.5937251197,0.3191291036,0,-1.220683518,4.478448271,-3.18573838
34.91,-65.00684662,0.05300675701,0.5937281972,0.3191262639,0,-1.220355381,4.478020526,-3.185953987
34.92,-65.00756216,0.05300182418,0.5937313006,0.3191234093,0,-1.22002868,4.477593145,-3.186168647
34.93,-65.00827454,0.05299691106,0.5937344295,0.3191205399,0,-1.219703414,4.477166136,-3.186382362
34.94,-65.00898376,0.05299201767,0.5937375839,0.3191176559,0,-1.219379585,4.476739506,-3.186595129
34.95,-65.00968983,0.05298714402,0.5937407636,0.3191147573,0,-1.219057191,4.476313261,-3.18680695
34.96,-65.01039275,0.05298229012,0.5937439685,0.3191118442,0,-1.218736232,4.475887409,-3.187017824
34.97,-65.0110925,0.05297745599,0.5937471984,0.3191089169,0,-1.21841671,4.475461957,-3.18722775
34.98,-65.0117891,0.05297264163,0.5937504531,0.3191059754,0,-1.218098622,4.475036911,-3.187436729
34.99,-65.01248253,0.05296784707,0.5937537325,0.3191030198,0,-1.217781969,4.474612278,-3.18764476
35,-65.01317281,0.05296307231,0.5937570364,0.3191000502,0,-1.217466751,4.474188065,-3.187851842
35.01,-65.01385992,0.05295831736,0.5937603647,0.3190970667,0,-1.217152967,4.473764279,-3.188057976
35.02,-65.01454387,0.05295358224,0.5937637171,0.3190940695,0,-1.216840618,4.473340926,-3.188263162
35.03,-65.01522466,0.05294886695,0.5937670936,0.3190910587,0,-1.216529702,4.472918013,-3.188467399
35.04,-65.01590229,0.0529441715,0.593770494,0.3190880344,0,-1.21622022,4.472495547,-3.188670688
35.05,-65.01657676,0.05293949591,0.5937739181,0.3190849967,0,-1.21591217,4.472073534,-3.188873027
35.06,-65.01724806,0.05293484017,0.5937773658,0.3190819456,0,-1.215605553,4.471651981,-3.189074418
35.07,-65.0179162,0.05293020431,0.5937808369,0.3190788815,0,-1.215300369,4.471230894,-3.189274859
35.08,-65.01858117,0.05292558831,0.5937843312,0.3190758042,0,-1.214996615,4.470810279,-3.189474352
35.09,-65.01924298,0.05292099221,0.5937878486,0.319072714,0,-1.214694293,4.470390143,-3.189672895
35.1,-65.01990163,0.05291641599,0.5937913889,0.319069611,0,-1.214393401,4.469970493,-3.189870489
35.11,-65.02055712,0.05291185966,0.5937949521,0.3190664953,0,-1.21409394,4.469551334,-3.190067135
35.12,-65.02120944,0.05290732324,0.5937985378,0.3190633669,0,-1.213795907,4.469132673,-3.190262831
35.13,-65.02185859,0.05290280673,0.593802146,0.319060226,0,-1.213499303,4.468714517,-3.190457578
35.14,-65.02250459,0.05289831012,0.5938057765,0.3190570728,0,-1.213204128,4.468296871,-3.190651377
35.15,-65.02314742,0.05289383343,0.5938094291,0.3190539073,0,-1.212910379,4.467879741,-3.190844226
35.16,-65.02378709,0.05288937666,0.5938131038,0.3190507296,0,-1.212618058,4.467463134,-3.191036128
35.17,-65.0244236,0.05288493982,0.5938168003,0.3190475399,0,-1.212327162,4.467047055,-3.19122708
35.18,-65.02505695,0.0528805229,0.5938205184,0.3190443382,0,-1.212037691,4.466631512,-3.191417084
35.19,-65.02568714,0.0528761259,0.5938242581,0.3190411247,0,-1.211749645,4.466216509,-3.191606141
35.2,-65.02631416,0.05287174884,0.5938280192,0.3190378995,0,-1.211463022,4.465802052,-3.191794249
35.21,-65.02693803,0.05286739171,0.5938318014,0.3190346627,0,-1.211177822,4.465388149,-3.191981409
35.22,-65.02755874,0.05286305451,0.5938356048,0.3190314143,0,-1.210894044,4.464974804,-3.192167622
35.23,-65.02817629,0.05285873725,0.593839429,0.3190281546,0,-1.210611687,4.464562023,-3.192352888
35.24,-65.02879069,0.05285443992,0.593843274,0.3190248836,0,-1.21033075,4.464149812,-3.192537207
35.25,-65.02940193,0.05285016252,0.5938471395,0.3190216014,0,-1.210051232,4.463738177,-3.19272058
35.26,-65.03001002,0.05284590506,0.5938510256,0.3190183082,0,-1.209773132,4.463327123,-3.192903006
35.27,-65.03061495,0.05284166753,0.5938549319,0.319015004,0,-1.209496449,4.462916657,-3.193084486
35.28,-65.03121673,0.05283744993,0.5938588583,0.319011689,0,-1.209221183,4.462506783,-3.19326502
35.29,-65.03181536,0.05283325226,0.5938628047,0.3190083632,0,-1.208947331,4.462097508,-3.193444609
35.3,-65.03241085,0.05282907452,0.593866771,0.3190050268,0,-1.208674894,4.461688837,-3.193623254
35.31,-65.03300318,0.0528249167,0.5938707569,0.3190016799,0,-1.208403869,4.461280776,-3.193800953
35.32,-65.03359236,0.0528207788,0.5938747624,0.3189983226,0,-1.208134257,4.460873329,-3.193977709
35.33,-65.03417841,0.05281666082,0.5938787872,0.3189949549,0,-1.207866055,4.460466503,-3.194153522
35.34,-65.0347613,0.05281256275,0.5938828312,0.3189915771,0,-1.207599262,4.460060303,-3.194328391
35.35,-65.03534106,0.0528084846,0.5938868943,0.3189881892,0,-1.207333878,4.459654734,-3.194502318
35.36,-65.03591768,0.05280442634,0.5938909764,0.3189847913,0,-1.207069901,4.459249802,-3.194675303
35.37,-65.03649115,0.05280038799,0.5938950771,0.3189813835,0,-1.20680733,4.458845511,-3.194847346
35.38,-65.03706149,0.05279636953,0.5938991965,0.3189779659,0,-1.206546164,4.458441867,-3.195018448
35.39,-65.0376287,0.05279237096,0.5939033344,0.3189745387,0,-1.206286401,4.458038876,-3.195188609
35.4,-65.03819277,0.05278839227,0.5939074906,0.3189711019,0,-1.20602804,4.457636542,-3.195357831
35.41,-65.03875371,0.05278443346,0.5939116649,0.3189676557,0,-1.20577108,4.45723487,-3.195526114
35.42,-65.03931152,0.05278049451,0.5939158572,0.3189642001,0,-1.205515519,4.456833866,-3.195693457
35.43,-65.03986621,0.05277657542,0.5939200674,0.3189607353,0,-1.205261356,4.456433535,-3.195859863
35.44,-65.04041777,0.05277267619,0.5939242954,0.3189572613,0,-1.20500859,4.456033881,-3.196025331
35.45,-65.04096621,0.0527687968,0.5939285408,0.3189537783,0,-1.20475722,4.455634911,-3.196189863
35.46,-65.04151153,0.05276493725,0.5939328037,0.3189502863,0,-1.204507243,4.455236627,-3.196353459
35.47,-65.04205373,0.05276109752,0.5939370839,0.3189467855,0,-1.204258659,4.454839037,-3.196516119
35.48,-65.04259281,0.05275727761,0.5939413812,0.318943276,0,-1.204011465,4.454442143,-3.196677844
35.49,-65.04312879,0.05275347751,0.5939456954,0.3189397579,0,-1.203765661,4.454045952,-3.196838636
35.5,-65.04366165,0.0527496972,0.5939500265,0.3189362313,0,-1.203521245,4.453650468,-3.196998495
35.51,-65.0441914,0.05274593668,0.5939543742,0.3189326962,0,-1.203278216,4.453255695,-3.197157421
35.52,-65.04471805,0.05274219593,0.5939587385,0.3189291529,0,-1.203036571,4.452861639,-3.197315415
35.53,-65.0452416,0.05273847495,0.5939631191,0.3189256013,0,-1.20279631,4.452468304,-3.197472479
35.54,-65.04576204,0.05273477372,0.593967516,0.3189220416,0,-1.20255743,4.452075695,-3.197628613
35.55,-65.04627939,0.05273109224,0.593971929,0.3189184739,0,-1.20231993,4.451683816,-3.197783817
35.56,-65.04679364,0.05272743048,0.5939763579,0.3189148983,0,-1.202083809,4.451292672,-3.197938093
35.57,-65.04730481,0.05272378843,0.5939808026,0.3189113149,0,-1.201849065,4.450902267,-3.198091442
35.58,-65.04781288,0.05272016609,0.5939852629,0.3189077238,0,-1.201615695,4.450512607,-3.198243864
35.59,-65.04831787,0.05271656343,0.5939897388,0.3189041251,0,-1.201383699,4.450123694,-3.198395361
35.6,-65.04881977,0.05271298045,0.59399423,0.3189005189,0,-1.201153075,4.449735535,-3.198545932
35.61,-65.0493186,0.05270941713,0.5939987364,0.3188969053,0,-1.200923821,4.449348132,-3.19869558
35.62,-65.04981435,0.05270587346,0.5940032579,0.3188932843,0,-1.200695935,4.448961491,-3.198844305
35.63,-65.05030703,0.05270234942,0.5940077944,0.3188896562,0,-1.200469415,4.448575616,-3.198992108
35.64,-65.05079663,0.05269884499,0.5940123456,0.318886021,0,-1.20024426,4.448190511,-3.19913899
35.65,-65.05128317,0.05269536016,0.5940169114,0.3188823788,0,-1.200020468,4.44780618,-3.199284952
35.66,-65.05176665,0.05269189492,0.5940214918,0.3188787296,0,-1.199798037,4.447422628,-3.199429995
35.67,-65.05224707,0.05268844925,0.5940260865,0.3188750737,0,-1.199576966,4.447039858,-3.19957412
35.68,-65.05272443,0.05268502313,0.5940306954,0.318871411,0,-1.199357251,4.446657875,-3.199717328
35.69,-65.05319873,0.05268161654,0.5940353184,0.3188677418,0,-1.199138892,4.446276683,-3.19985962
35.7,-65.05366999,0.05267822947,0.5940399553,0.318864066,0,-1.198921887,4.445896286,-3.200000997
35.71,-65.0541382,0.0526748619,0.594044606,0.3188603838,0,-1.198706233,4.445516688,-3.200141461
35.72,-65.05460337,0.05267151381,0.5940492703,0.3188566953,0,-1.198491929,4.445137893,-3.200281011
35.73,-65.0550655,0.05266818519,0.5940539482,0.3188530006,0,-1.198278973,4.444759904,-3.200419651
35.74,-65.0555246,0.05266487601,0.5940586394,0.3188492997,0,-1.198067362,4.444382727,-3.20055738
35.75,-65.05598066,0.05266158625,0.5940633438,0.3188455928,0,-1.197857096,4.444006364,-3.200694199
35.76,-65.0564337,0.0526583159,0.5940680614,0.31884188,0,-1.197648171,4.443630819,-3.20083011
35.77,-65.05688372,0.05265506495,0.5940727918,0.3188381613,0,-1.197440586,4.443256097,-3.200965115
35.78,-65.05733071,0.05265183335,0.5940775351,0.3188344369,0,-1.197234338,4.442882201,-3.201099213
35.79,-65.05777469,0.05264862111,0.594082291,0.3188307069,0,-1.197029427,4.442509134,-3.201232407
35.8,-65.05821566,0.05264542819,0.5940870595,0.3188269712,0,-1.196825849,4.442136901,-3.201364697
35.81,-65.05865362,0.05264225458,0.5940918404,0.3188232302,0,-1.196623602,4.441765505,-3.201496085
35.82,-65.05908858,0.05263910025,0.5940966335,0.3188194837,0,-1.196422685,4.44139495,-3.201626573
35.83,-65.05952053,0.05263596519,0.5941014387,0.318815732,0,-1.196223096,4.44102524,-3.20175616
35.84,-65.0599495,0.05263284937,0.5941062559,0.3188119752,0,-1.196024832,4.440656377,-3.201884849
35.85,-65.06037547,0.05262975277,0.594111085,0.3188082132,0,-1.19582789,4.440288365,-3.202012641
35.86,-65.06079845,0.05262667537,0.5941159257,0.3188044462,0,-1.19563227,4.439921209,-3.202139536
35.87,-65.06121846,0.05262361714,0.594120778,0.3188006744,0,-1.195437968,4.439554911,-3.202265537
35.88,-65.06163548,0.05262057807,0.5941256418,0.3187968977,0,-1.195244983,4.439189475,-3.202390645
35.89,-65.06204954,0.05261755812,0.5941305168,0.3187931164,0,-1.195053312,4.438824904,-3.202514861
35.9,-65.06246062,0.05261455728,0.5941354031,0.3187893304,0,-1.194862954,4.438461202,-3.202638186
35.91,-65.06286874,0.05261157552,0.5941403003,0.3187855398,0,-1.194673905,4.438098371,-3.202760622
35.92,-65.0632739,0.05260861282,0.5941452084,0.3187817449,0,-1.194486164,4.437736416,-3.20288217
35.93,-65.0636761,0.05260566915,0.5941501273,0.3187779456,0,-1.194299728,4.437375339,-3.203002831
35.94,-65.06407536,0.0526027445,0.5941550568,0.318774142,0,-1.194114595,4.437015144,-3.203122607
35.95,-65.06447166,0.05259983882,0.5941599969,0.3187703343,0,-1.193930763,4.436655833,-3.203241499
35.96,-65.06486503,0.05259695211,0.5941649472,0.3187665224,0,-1.19374823,4.436297411,-3.203359509
35.97,-65.06525546,0.05259408433,0.5941699078,0.3187627066,0,-1.193566992,4.43593988,-3.203476637
35.98,-65.06564296,0.05259123545,0.5941748785,0.3187588869,0,-1.193387049,4.435583243,-3.203592887
35.99,-65.06602753,0.05258840546,0.5941798592,0.3187550634,0,-1.193208396,4.435227503,-3.203708258
36,-65.06640917,0.05258559433,0.5941848496,0.3187512362,0,-1.193031033,4.434872664,-3.203822752
36.01,-65.06678791,0.05258280202,0.5941898498,0.3187474054,0,-1.192854957,4.434518728,-3.203936372
36.02,-65.06716372,0.05258002852,0.5941948596,0.3187435709,0,-1.192680165,4.434165698,-3.204049117
36.03,-65.06753664,0.05257727379,0.5941998788,0.3187397331,0,-1.192506655,4.433813577,-3.204160991
36.04,-65.06790664,0.05257453781,0.5942049073,0.3187358919,0,-1.192334424,4.433462369,-3.204271993
36.05,-65.06827376,0.05257182055,0.594209945,0.3187320474,0,-1.192163471,4.433112075,-3.204382127
36.06,-65.06863798,0.05256912198,0.5942149917,0.3187281997,0,-1.191993792,4.432762699,-3.204491393
36.07,-65.06899931,0.05256644208,0.5942200473,0.3187243489,0,-1.191825385,4.432414244,-3.204599792
36.08,-65.06935776,0.05256378081,0.5942251118,0.318720495,0,-1.191658247,4.432066712,-3.204707328
36.09,-65.06971333,0.05256113815,0.5942301849,0.3187166383,0,-1.191492377,4.431720106,-3.204814
36.1,-65.07006603,0.05255851407,0.5942352665,0.3187127787,0,-1.191327772,4.431374429,-3.20491981
36.11,-65.07041587,0.05255590854,0.5942403566,0.3187089163,0,-1.191164429,4.431029683,-3.205024761
36.12,-65.07076285,0.05255332153,0.5942454549,0.3187050512,0,-1.191002346,4.430685872,-3.205128854
36.13,-65.07110697,0.05255075301,0.5942505614,0.3187011836,0,-1.190841519,4.430342997,-3.20523209
36.14,-65.07144824,0.05254820295,0.5942556759,0.3186973135,0,-1.190681948,4.430001061,-3.205334471
36.15,-65.07178666,0.05254567132,0.5942607983,0.3186934409,0,-1.190523628,4.429660067,-3.205435998
36.16,-65.07212225,0.05254315809,0.5942659285,0.318689566,0,-1.190366558,4.429320018,-3.205536674
36.17,-65.072455,0.05254066324,0.5942710663,0.3186856888,0,-1.190210734,4.428980915,-3.2056365
36.18,-65.07278492,0.05253818672,0.5942762117,0.3186818095,0,-1.190056155,4.428642762,-3.205735477
36.19,-65.07311202,0.05253572851,0.5942813645,0.318677928,0,-1.189902818,4.42830556,-3.205833607
36.2,-65.07343631,0.05253328858,0.5942865245,0.3186740446,0,-1.18975072,4.427969312,-3.205930892
36.21,-65.07375778,0.05253086689,0.5942916917,0.3186701592,0,-1.189599858,4.427634021,-3.206027334
36.22,-65.07407645,0.05252846342,0.5942968659,0.318666272,0,-1.18945023,4.427299689,-3.206122934
36.23,-65.07439231,0.05252607813,0.5943020471,0.3186623831,0,-1.189301833,4.426966317,-3.206217693
36.24,-65.07470538,0.05252371099,0.594307235,0.3186584924,0,-1.189154665,4.426633909,-3.206311615
36.25,-65.07501567,0.05252136197,0.5943124295,0.3186546002,0,-1.189008723,4.426302467,-3.2064047
36.26,-65.07532317,0.05251903103,0.5943176307,0.3186507064,0,-1.188864003,4.425971992,-3.20649695
36.27,-65.07562789,0.05251671814,0.5943228382,0.3186468112,0,-1.188720505,4.425642488,-3.206588367
36.28,-65.07592984,0.05251442328,0.594328052,0.3186429147,0,-1.188578224,4.425313955,-3.206678952
36.29,-65.07622903,0.0525121464,0.594333272,0.3186390168,0,-1.188437158,4.424986397,-3.206768708
36.3,-65.07652545,0.05250988747,0.5943384981,0.3186351178,0,-1.188297304,4.424659815,-3.206857636
36.31,-65.07681913,0.05250764646,0.5943437301,0.3186312177,0,-1.18815866,4.424334212,-3.206945738
36.32,-65.07711005,0.05250542334,0.5943489679,0.3186273165,0,-1.188021223,4.424009589,-3.207033015
36.33,-65.07739823,0.05250321807,0.5943542114,0.3186234143,0,-1.18788499,4.423685948,-3.20711947
36.34,-65.07768368,0.05250103061,0.5943594605,0.3186195113,0,-1.187749959,4.423363292,-3.207205105
36.35,-65.0779664,0.05249886094,0.5943647151,0.3186156075,0,-1.187616126,4.423041623,-3.20728992
36.36,-65.0782464,0.05249670901,0.594369975,0.3186117029,0,-1.187483489,4.422720941,-3.207373919
36.37,-65.07852367,0.0524945748,0.5943752401,0.3186077977,0,-1.187352045,4.42240125,-3.207457102
36.38,-65.07879824,0.05249245827,0.5943805104,0.3186038919,0,-1.187221791,4.422082551,-3.207539472
36.39,-65.0790701,0.05249035937,0.5943857856,0.3185999857,0,-1.187092725,4.421764846,-3.20762103
36.4,-65.07933926,0.05248827809,0.5943910657,0.318596079,0,-1.186964843,4.421448136,-3.207701779
36.41,-65.07960573,0.05248621437,0.5943963505,0.318592172,0,-1.186838143,4.421132424,-3.20778172
36.42,-65.07986952,0.0524841682,0.59440164,0.3185882647,0,-1.186712622,4.420817711,-3.207860855
36.43,-65.08013062,0.05248213952,0.5944069341,0.3185843572,0,-1.186588278,4.420503999,-3.207939186
36.44,-65.08038905,0.0524801283,0.5944122325,0.3185804496,0,-1.186465106,4.42019129,-3.208016715
36.45,-65.08064481,0.05247813452,0.5944175352,0.3185765419,0,-1.186343105,4.419879585,-3.208093444
36.46,-65.08089791,0.05247615812,0.5944228421,0.3185726343,0,-1.186222271,4.419568885,-3.208169374
36.47,-65.08114836,0.05247419907,0.5944281531,0.3185687268,0,-1.186102603,4.419259194,-3.208244508
36.48,-65.08139616,0.05247225735,0.5944334681,0.3185648195,0,-1.185984096,4.418950511,-3.208318847
36.49,-65.08164131,0.0524703329,0.5944387869,0.3185609124,0,-1.185866747,4.418642839,-3.208392394
36.5,-65.08188383,0.0524684257,0.5944441094,0.3185570057,0,-1.185750555,4.41833618,-3.20846515
36.51,-65.08212372,0.0524665357,0.5944494355,0.3185530994,0,-1.185635516,4.418030534,-3.208537117
36.52,-65.08236099,0.05246466286,0.5944547652,0.3185491935,0,-1.185521628,4.417725903,-3.208608298
36.53,-65.08259565,0.05246280716,0.5944600982,0.3185452882,0,-1.185408886,4.417422289,-3.208678694
36.54,-65.08282769,0.05246096855,0.5944654346,0.3185413835,0,-1.185297289,4.417119693,-3.208748307
36.55,-65.08305713,0.05245914699,0.5944707741,0.3185374795,0,-1.185186833,4.416818116,-3.208817139
36.56,-65.08328397,0.05245734244,0.5944761167,0.3185335763,0,-1.185077516,4.41651756,-3.208885192
36.57,-65.08350823,0.05245555488,0.5944814622,0.3185296739,0,-1.184969334,4.416218026,-3.208952469
36.58,-65.0837299,0.05245378425,0.5944868106,0.3185257724,0,-1.184862284,4.415919516,-3.20901897
36.59,-65.083949,0.05245203052,0.5944921617,0.3185218719,0,-1.184756365,4.41562203,-3.209084699
36.6,-65.08416552,0.05245029365,0.5944975154,0.3185179724,0,-1.184651571,4.415325571,-3.209149657
36.61,-65.08437949,0.0524485736,0.5945028717,0.318514074,0,-1.184547902,4.415030138,-3.209213846
36.62,-65.08459089,0.05244687033,0.5945082304,0.3185101769,0,-1.184445353,4.414735734,-3.209277268
36.63,-65.08479975,0.05244518381,0.5945135914,0.3185062809,0,-1.184343922,4.41444236,-3.209339925
36.64,-65.08500607,0.05244351398,0.5945189545,0.3185023863,0,-1.184243605,4.414150016,-3.20940182
36.65,-65.08520984,0.05244186082,0.5945243198,0.3184984931,0,-1.1841444,4.413858705,-3.209462953
36.66,-65.08541109,0.05244022429,0.5945296871,0.3184946014,0,-1.184046304,4.413568426,-3.209523328
36.67,-65.08560982,0.05243860434,0.5945350562,0.3184907112,0,-1.183949313,4.413279181,-3.209582947
36.68,-65.08580604,0.05243700093,0.5945404271,0.3184868225,0,-1.183853425,4.412990972,-3.209641811
36.69,-65.08599974,0.05243541402,0.5945457997,0.3184829356,0,-1.183758636,4.412703799,-3.209699922
36.7,-65.08619094,0.05243384357,0.5945511739,0.3184790503,0,-1.183664944,4.412417663,-3.209757283
36.71,-65.08637965,0.05243228955,0.5945565495,0.3184751669,0,-1.183572345,4.412132565,-3.209813895
36.72,-65.08656587,0.05243075191,0.5945619265,0.3184712853,0,-1.183480837,4.411848506,-3.209869761
36.73,-65.08674961,0.0524292306,0.5945673047,0.3184674057,0,-1.183390416,4.411565487,-3.209924883
36.74,-65.08693088,0.0524277256,0.5945726841,0.318463528,0,-1.183301079,4.411283509,-3.209979263
36.75,-65.08710968,0.05242623685,0.5945780646,0.3184596524,0,-1.183212824,4.411002573,-3.210032903
36.76,-65.08728602,0.05242476432,0.594583446,0.3184557789,0,-1.183125646,4.41072268,-3.210085805
36.77,-65.0874599,0.05242330797,0.5945888282,0.3184519076,0,-1.183039544,4.41044383,-3.210137971
36.78,-65.08763135,0.05242186774,0.5945942112,0.3184480386,0,-1.182954514,4.410166025,-3.210189404
36.79,-65.08780035,0.05242044361,0.5945995948,0.3184441719,0,-1.182870552,4.409889265,-3.210240105
36.8,-65.08796692,0.05241903553,0.594604979,0.3184403076,0,-1.182787657,4.40961355,-3.210290076
36.81,-65.08813107,0.05241764346,0.5946103636,0.3184364457,0,-1.182705824,4.409338882,-3.21033932
36.82,-65.0882928,0.05241626735,0.5946157486,0.3184325863,0,-1.182625051,4.409065262,-3.210387839
36.83,-65.08845212,0.05241490717,0.5946211338,0.3184287295,0,-1.182545334,4.408792689,-3.210435635
36.84,-65.08860903,0.05241356287,0.5946265191,0.3184248753,0,-1.18246667,4.408521165,-3.21048271
36.85,-65.08876356,0.05241223441,0.5946319045,0.3184210238,0,-1.182389057,4.408250691,-3.210529067
36.86,-65.08891569,0.05241092174,0.5946372899,0.3184171751,0,-1.182312491,4.407981266,-3.210574706
36.87,-65.08906544,0.05240962483,0.5946426751,0.3184133292,0,-1.182236969,4.407712892,-3.210619632
36.88,-65.08921282,0.05240834363,0.5946480601,0.3184094862,0,-1.182162487,4.407445569,-3.210663845
36.89,-65.08935783,0.0524070781,0.5946534447,0.3184056461,0,-1.182089044,4.407179298,-3.210707348
36.9,-65.08950048,0.05240582819,0.5946588289,0.3184018091,0,-1.182016635,4.406914079,-3.210750143
36.91,-65.08964077,0.05240459387,0.5946642126,0.318397975,0,-1.181945257,4.406649912,-3.210792232
36.92,-65.08977873,0.05240337508,0.5946695956,0.3183941441,0,-1.181874908,4.406386799,-3.210833618
36.93,-65.08991434,0.05240217179,0.5946749779,0.3183903164,0,-1.181805584,4.406124739,-3.210874303
36.94,-65.09004763,0.05240098395,0.5946803595,0.318386492,0,-1.181737282,4.405863734,-3.210914288
36.95,-65.09017859,0.05239981152,0.59468574,0.3183826708,0,-1.181669998,4.405603783,-3.210953576
36.96,-65.09030723,0.05239865445,0.5946911196,0.318378853,0,-1.18160373,4.405344887,-3.21099217
36.97,-65.09043357,0.05239751271,0.5946964981,0.3183750386,0,-1.181538475,4.405087046,-3.211030071
36.98,-65.09055761,0.05239638624,0.5947018754,0.3183712277,0,-1.181474229,4.40483026,-3.211067282
36.99,-65.09067935,0.05239527501,0.5947072514,0.3183674203,0,-1.181410989,4.404574531,-3.211103804
37,-65.0907988,0.05239417896,0.5947126261,0.3183636166,0,-1.181348752,4.404319857,-3.211139641
37.01,-65.09091598,0.05239309806,0.5947179993,0.3183598164,0,-1.181287515,4.40406624,-3.211174794
37.02,-65.09103088,0.05239203226,0.5947233709,0.31835602,0,-1.181227274,4.40381368,-3.211209265
37.03,-65.09114352,0.05239098152,0.5947287408,0.3183522273,0,-1.181168027,4.403562177,-3.211243057
37.04,-65.09125391,0.05238994579,0.5947341091,0.3183484385,0,-1.181109769,4.403311731,-3.211276173
37.05,-65.09136204,0.05238892503,0.5947394755,0.3183446535,0,-1.181052499,4.403062343,-3.211308613
37.06,-65.09146794,0.05238791919,0.5947448399,0.3183408725,0,-1.180996213,4.402814012,-3.211340381
37.07,-65.09157159,0.05238692823,0.5947502024,0.3183370954,0,-1.180940907,4.402566739,-3.211371478
37.08,-65.09167303,0.0523859521,0.5947555628,0.3183333224,0,-1.180886578,4.402320524,-3.211401908
37.09,-65.09177224,0.05238499076,0.594760921,0.3183295535,0,-1.180833224,4.402075366,-3.211431671
37.1,-65.09186924,0.05238404416,0.5947662769,0.3183257887,0,-1.18078084,4.401831267,-3.211460771
37.11,-65.09196403,0.05238311227,0.5947716304,0.3183220282,0,-1.180729424,4.401588226,-3.21148921
37.12,-65.09205663,0.05238219502,0.5947769815,0.3183182718,0,-1.180678973,4.401346243,-3.211516989
37.13,-65.09214704,0.05238129238,0.5947823301,0.3183145199,0,-1.180629482,4.401105318,-3.211544112
37.14,-65.09223527,0.05238040431,0.5947876761,0.3183107722,0,-1.18058095,4.400865452,-3.211570581
37.15,-65.09232132,0.05237953076,0.5947930193,0.318307029,0,-1.180533373,4.400626644,-3.211596397
37.16,-65.09240521,0.05237867167,0.5947983598,0.3183032903,0,-1.180486747,4.400388893,-3.211621563
37.17,-65.09248694,0.05237782702,0.5948036973,0.3182995561,0,-1.18044107,4.400152201,-3.211646081
37.18,-65.09256651,0.05237699674,0.5948090319,0.3182958264,0,-1.180396337,4.399916567,-3.211669954
37.19,-65.09264394,0.0523761808,0.5948143635,0.3182921014,0,-1.180352547,4.399681992,-3.211693183
37.2,-65.09271924,0.05237537915,0.5948196919,0.3182883811,0,-1.180309695,4.399448473,-3.211715772
37.21,-65.09279241,0.05237459174,0.5948250171,0.3182846654,0,-1.180267779,4.399216013,-3.211737722
37.22,-65.09286345,0.05237381853,0.594830339,0.3182809546,0,-1.180226794,4.39898461,-3.211759036
37.23,-65.09293238,0.05237305948,0.5948356576,0.3182772486,0,-1.180186739,4.398754265,-3.211779715
37.24,-65.09299921,0.05237231453,0.5948409727,0.3182735475,0,-1.180147609,4.398524977,-3.211799763
37.25,-65.09306394,0.05237158364,0.5948462842,0.3182698513,0,-1.180109402,4.398296745,-3.211819182
37.26,-65.09312658,0.05237086676,0.5948515921,0.3182661601,0,-1.180072113,4.398069571,-3.211837973
37.27,-65.09318713,0.05237016385,0.5948568963,0.3182624739,0,-1.180035741,4.397843453,-3.21185614
37.28,-65.09324561,0.05236947486,0.5948621967,0.3182587928,0,-1.180000281,4.397618391,-3.211873683
37.29,-65.09330202,0.05236879975,0.5948674932,0.3182551168,0,-1.179965731,4.397394386,-3.211890607
37.3,-65.09335637,0.05236813846,0.5948727858,0.318251446,0,-1.179932087,4.397171436,-3.211906912
37.31,-65.09340867,0.05236749096,0.5948780744,0.3182477804,0,-1.179899345,4.396949541,-3.211922602
37.32,-65.09345893,0.0523668572,0.5948833589,0.3182441201,0,-1.179867504,4.396728701,-3.211937679
37.33,-65.09350715,0.05236623712,0.5948886391,0.3182404651,0,-1.179836558,4.396508916,-3.211952144
37.34,-65.09355334,0.05236563068,0.5948939151,0.3182368155,0,-1.179806506,4.396290186,-3.211966001
37.35,-65.0935975,0.05236503784,0.5948991868,0.3182331712,0,-1.179777343,4.396072509,-3.211979251
37.36,-65.09363966,0.05236445856,0.5949044541,0.3182295325,0,-1.179749067,4.395855886,-3.211991897
37.37,-65.0936798,0.05236389277,0.5949097168,0.3182258992,0,-1.179721675,4.395640315,-3.212003941
37.38,-65.09371795,0.05236334044,0.594914975,0.3182222715,0,-1.179695162,4.395425797,-3.212015386
37.39,-65.09375411,0.05236280151,0.5949202286,0.3182186494,0,-1.179669526,4.395212332,-3.212026234
37.4,-65.09378829,0.05236227595,0.5949254774,0.3182150329,0,-1.179644764,4.394999918,-3.212036486
37.41,-65.09382049,0.05236176371,0.5949307214,0.3182114221,0,-1.179620871,4.394788555,-3.212046146
37.42,-65.09385072,0.05236126473,0.5949359605,0.318207817,0,-1.179597846,4.394578243,-3.212055216
37.43,-65.09387899,0.05236077897,0.5949411947,0.3182042178,0,-1.179575684,4.39436898,-3.212063698
37.44,-65.09390532,0.05236030639,0.5949464239,0.3182006243,0,-1.179554383,4.394160768,-3.212071595
37.45,-65.09392969,0.05235984693,0.594951648,0.3181970367,0,-1.179533939,4.393953604,-3.212078908
37.46,-65.09395213,0.05235940056,0.5949568669,0.318193455,0,-1.179514348,4.393747488,-3.21208564
37.47,-65.09397264,0.05235896721,0.5949620806,0.3181898792,0,-1.179495608,4.393542421,-3.212091793
37.48,-65.09399124,0.05235854685,0.5949672889,0.3181863095,0,-1.179477716,4.3933384,-3.212097371
37.49,-65.09400791,0.05235813943,0.5949724919,0.3181827458,0,-1.179460667,4.393135426,-3.212102374
37.5,-65.09402269,0.0523577449,0.5949776894,0.3181791881,0,-1.17944446,4.392933498,-3.212106806
37.51,-65.09403556,0.05235736321,0.5949828814,0.3181756366,0,-1.179429089,4.392732615,-3.212110668
37.52,-65.09404655,0.05235699432,0.5949880678,0.3181720912,0,-1.179414553,4.392532776,-3.212113964
37.53,-65.09405565,0.05235663818,0.5949932485,0.3181685521,0,-1.179400848,4.392333981,-3.212116695
37.54,-65.09406288,0.05235629473,0.5949984234,0.3181650191,0,-1.17938797,4.392136229,-3.212118863
37.55,-65.09406824,0.05235596395,0.5950035926,0.3181614925,0,-1.179375917,4.391939519,-3.212120472
37.56,-65.09407174,0.05235564576,0.5950087559,0.3181579722,0,-1.179364685,4.391743851,-3.212121523
37.57,-65.09407339,0.05235534014,0.5950139132,0.3181544582,0,-1.179354271,4.391549224,-3.212122018
37.58,-65.0940732,0.05235504702,0.5950190645,0.3181509507,0,-1.179344671,4.391355636,-3.212121961
37.59,-65.09407118,0.05235476637,0.5950242097,0.3181474496,0,-1.179335882,4.391163088,-3.212121353
37.6,-65.09406732,0.05235449814,0.5950293488,0.318143955,0,-1.179327902,4.390971578,-3.212120197
37.61,-65.09406165,0.05235424227,0.5950344816,0.3181404669,0,-1.179320726,4.390781106,-3.212118495
37.62,-65.09405416,0.05235399873,0.5950396082,0.3181369854,0,-1.179314351,4.39059167,-3.212116249
37.63,-65.09404487,0.05235376745,0.5950447284,0.3181335105,0,-1.179308775,4.39040327,-3.212113462
37.64,-65.09403379,0.0523535484,0.5950498422,0.3181300422,0,-1.179303994,4.390215905,-3.212110136
37.65,-65.09402091,0.05235334153,0.5950549495,0.3181265806,0,-1.179300004,4.390029574,-3.212106273
37.66,-65.09400626,0.05235314679,0.5950600502,0.3181231257,0,-1.179296802,4.389844276,-3.212101877
37.67,-65.09398983,0.05235296413,0.5950651443,0.3181196775,0,-1.179294386,4.38966001,-3.212096948
37.68,-65.09397163,0.05235279351,0.5950702318,0.3181162362,0,-1.179292751,4.389476775,-3.212091489
37.69,-65.09395168,0.05235263487,0.5950753125,0.3181128017,0,-1.179291895,4.389294571,-3.212085504
37.7,-65.09392998,0.05235248817,0.5950803864,0.318109374,0,-1.179291814,4.389113395,-3.212078993
37.71,-65.09390653,0.05235235336,0.5950854534,0.3181059532,0,-1.179292505,4.388933248,-3.21207196
37.72,-65.09388136,0.05235223039,0.5950905135,0.3181025394,0,-1.179293965,4.388754129,-3.212064407
37.73,-65.09385445,0.05235211922,0.5950955666,0.3180991325,0,-1.17929619,4.388576035,-3.212056335
37.74,-65.09382583,0.05235201979,0.5951006126,0.3180957327,0,-1.179299177,4.388398967,-3.212047749
37.75,-65.09379549,0.05235193207,0.5951056515,0.3180923399,0,-1.179302923,4.388222923,-3.212038648
37.76,-65.09376346,0.05235185599,0.5951106832,0.3180889541,0,-1.179307425,4.388047903,-3.212029037
37.77,-65.09372973,0.05235179152,0.5951157077,0.3180855755,0,-1.179312679,4.387873904,-3.212018918
37.78,-65.09369431,0.0523517386,0.5951207248,0.318082204,0,-1.179318683,4.387700926,-3.212008292
37.79,-65.09365721,0.0523516972,0.5951257347,0.3180788397,0,-1.179325432,4.387528968,-3.211997162
37.8,-65.09361844,0.05235166725,0.595130737,0.3180754826,0,-1.179332924,4.387358029,-3.211985531
37.81,-65.093578,0.05235164871,0.5951357319,0.3180721328,0,-1.179341155,4.387188107,-3.211973401
37.82,-65.09353591,0.05235164154,0.5951407193,0.3180687902,0,-1.179350122,4.387019202,-3.211960773
37.83,-65.09349217,0.05235164569,0.595145699,0.318065455,0,-1.179359822,4.386851312,-3.211947651
37.84,-65.09344679,0.0523516611,0.5951506711,0.318062127,0,-1.179370251,4.386684436,-3.211934037
37.85,-65.09339978,0.05235168773,0.5951556355,0.3180588065,0,-1.179381407,4.386518574,-3.211919933
37.86,-65.09335114,0.05235172554,0.5951605921,0.3180554934,0,-1.179393286,4.386353723,-3.211905341
37.87,-65.09330088,0.05235177447,0.5951655408,0.3180521877,0,-1.179405885,4.386189882,-3.211890264
37.88,-65.09324901,0.05235183448,0.5951704817,0.3180488895,0,-1.1794192,4.386027051,-3.211874704
37.89,-65.09319555,0.05235190551,0.5951754146,0.3180455988,0,-1.179433228,4.385865227,-3.211858664
37.9,-65.09314048,0.05235198753,0.5951803396,0.3180423156,0,-1.179447967,4.385704411,-3.211842145
37.91,-65.09308383,0.05235208048,0.5951852564,0.31803904,0,-1.179463412,4.3855446,-3.21182515
37.92,-65.09302561,0.05235218432,0.5951901652,0.318035772,0,-1.179479561,4.385385793,-3.211807682
37.93,-65.09296581,0.05235229899,0.5951950657,0.3180325116,0,-1.17949641,4.38522799,-3.211789743
37.94,-65.09290445,0.05235242445,0.5951999581,0.3180292589,0,-1.179513957,4.385071188,-3.211771334
37.95,-65.09284153,0.05235256065,0.5952048422,0.3180260138,0,-1.179532197,4.384915386,-3.211752459
37.96,-65.09277706,0.05235270755,0.5952097179,0.3180227765,0,-1.179551128,4.384760583,-3.211733119
37.97,-65.09271106,0.05235286509,0.5952145853,0.3180195469,0,-1.179570746,4.384606778,-3.211713317
37.98,-65.09264352,0.05235303323,0.5952194442,0.3180163251,0,-1.179591048,4.384453969,-3.211693056
37.99,-65.09257446,0.05235321192,0.5952242947,0.318013111,0,-1.179612032,4.384302156,-3.211672337
38,-65.09250388,0.05235340112,0.5952291366,0.3180099049,0,-1.179633693,4.384151335,-3.211651164
38.01,-65.09243179,0.05235360076,0.5952339699,0.3180067065,0,-1.179656028,4.384001507,-3.211629537
38.02,-65.0923582,0.05235381082,0.5952387945,0.3180035161,0,-1.179679035,4.38385267,-3.21160746
38.03,-65.09228312,0.05235403123,0.5952436105,0.3180003335,0,-1.17970271,4.383704822,-3.211584935
38.04,-65.09220655,0.05235426196,0.5952484177,0.3179971589,0,-1.179727049,4.383557962,-3.211561964
38.05,-65.0921285,0.05235450295,0.5952532161,0.3179939923,0,-1.17975205,4.383412088,-3.211538549
38.06,-65.09204898,0.05235475415,0.5952580057,0.3179908337,0,-1.17977771,4.383267199,-3.211514694
38.07,-65.091968,0.05235501552,0.5952627864,0.317987683,0,-1.179804025,4.383123294,-3.211490399
38.08,-65.09188556,0.05235528702,0.5952675581,0.3179845405,0,-1.179830991,4.382980371,-3.211465668
38.09,-65.09180167,0.05235556858,0.5952723208,0.317981406,0,-1.179858607,4.382838429,-3.211440502
38.1,-65.09171635,0.05235586017,0.5952770745,0.3179782796,0,-1.179886868,4.382697465,-3.211414904
38.11,-65.09162959,0.05235616174,0.5952818191,0.3179751613,0,-1.179915771,4.38255748,-3.211388877
38.12,-65.09154141,0.05235647324,0.5952865546,0.3179720512,0,-1.179945314,4.38241847,-3.211362422
38.13,-65.09145181,0.05235679462,0.5952912808,0.3179689492,0,-1.179975492,4.382280435,-3.211335542
38.14,-65.0913608,0.05235712584,0.5952959979,0.3179658554,0,-1.180006303,4.382143373,-3.211308239
38.15,-65.09126839,0.05235746684,0.5953007056,0.3179627699,0,-1.180037744,4.382007282,-3.211280516
38.16,-65.09117458,0.05235781758,0.5953054041,0.3179596926,0,-1.180069812,4.381872161,-3.211252374
38.17,-65.09107939,0.05235817802,0.5953100931,0.3179566235,0,-1.180102502,4.381738008,-3.211223816
38.18,-65.09098282,0.0523585481,0.5953147728,0.3179535628,0,-1.180135813,4.381604822,-3.211194845
38.19,-65.09088487,0.05235892778,0.5953194429,0.3179505104,0,-1.18016974,4.381472601,-3.211165462
38.2,-65.09078557,0.05235931701,0.5953241036,0.3179474663,0,-1.180204281,4.381341344,-3.21113567
38.21,-65.0906849,0.05235971574,0.5953287547,0.3179444306,0,-1.180239433,4.381211048,-3.211105471
38.22,-65.09058289,0.05236012393,0.5953333962,0.3179414032,0,-1.180275192,4.381081713,-3.211074868
38.23,-65.09047954,0.05236054152,0.5953380281,0.3179383843,0,-1.180311555,4.380953336,-3.211043862
38.24,-65.09037485,0.05236096848,0.5953426503,0.3179353738,0,-1.180348519,4.380825916,-3.211012456
38.25,-65.09026884,0.05236140475,0.5953472628,0.3179323718,0,-1.180386081,4.380699452,-3.210980652
38.26,-65.09016151,0.05236185029,0.5953518655,0.3179293782,0,-1.180424237,4.380573941,-3.210948453
38.27,-65.09005287,0.05236230504,0.5953564584,0.3179263931,0,-1.180462986,4.380449382,-3.210915861
38.28,-65.08994292,0.05236276897,0.5953610414,0.3179234165,0,-1.180502322,4.380325773,-3.210882877
38.29,-65.08983168,0.05236324202,0.5953656145,0.3179204485,0,-1.180542244,4.380203113,-3.210849505
38.3,-65.08971915,0.05236372416,0.5953701777,0.317917489,0,-1.180582748,4.380081399,-3.210815746
38.31,-65.08960534,0.05236421532,0.595374731,0.3179145381,0,-1.180623831,4.379960631,-3.210781603
38.32,-65.08949026,0.05236471547,0.5953792742,0.3179115958,0,-1.180665489,4.379840806,-3.210747078
38.33,-65.08937391,0.05236522455,0.5953838073,0.3179086621,0,-1.180707721,4.379721923,-3.210712173
38.34,-65.0892563,0.05236574253,0.5953883304,0.317905737,0,-1.180750521,4.379603979,-3.210676891
38.35,-65.08913744,0.05236626934,0.5953928433,0.3179028206,0,-1.180793889,4.379486974,-3.210641233
38.36,-65.08901734,0.05236680496,0.595397346,0.3178999129,0,-1.180837819,4.379370905,-3.210605203
38.37,-65.088896,0.05236734932,0.5954018385,0.3178970139,0,-1.18088231,4.37925577,-3.210568801
38.38,-65.08877344,0.05236790239,0.5954063208,0.3178941235,0,-1.180927358,4.379141569,-3.210532031
38.39,-65.08864965,0.05236846412,0.5954107927,0.3178912419,0,-1.18097296,4.379028298,-3.210494895
38.4,-65.08852465,0.05236903445,0.5954152544,0.3178883691,0,-1.181019113,4.378915956,-3.210457395
38.41,-65.08839844,0.05236961335,0.5954197057,0.317885505,0,-1.181065813,4.378804542,-3.210419533
38.42,-65.08827104,0.05237020076,0.5954241465,0.3178826497,0,-1.181113058,4.378694053,-3.210381311
38.43,-65.08814244,0.05237079665,0.595428577,0.3178798032,0,-1.181160845,4.378584488,-3.210342731
38.44,-65.08801266,0.05237140095,0.5954329969,0.3178769655,0,-1.18120917,4.378475845,-3.210303797
38.45,-65.0878817,0.05237201364,0.5954374063,0.3178741366,0,-1.18125803,4.378368122,-3.210264509
38.46,-65.08774957,0.05237263465,0.5954418052,0.3178713166,0,-1.181307422,4.378261317,-3.210224871
38.47,-65.08761628,0.05237326395,0.5954461935,0.3178685055,0,-1.181357344,4.378155428,-3.210184884
38.48,-65.08748184,0.05237390149,0.5954505712,0.3178657033,0,-1.181407792,4.378050454,-3.210144551
38.49,-65.08734625,0.05237454722,0.5954549382,0.3178629099,0,-1.181458763,4.377946392,-3.210103874
38.5,-65.08720951,0.0523752011,0.5954592946,0.3178601255,0,-1.181510254,4.377843241,-3.210062854
38.51,-65.08707165,0.05237586307,0.5954636402,0.31785735,0,-1.181562262,4.377740998,-3.210021495
38.52,-65.08693266,0.0523765331,0.5954679751,0.3178545834,0,-1.181614783,4.377639663,-3.209979799
38.53,-65.08679255,0.05237721114,0.5954722991,0.3178518258,0,-1.181667816,4.377539232,-3.209937766
38.54,-65.08665134,0.05237789714,0.5954766124,0.3178490772,0,-1.181721356,4.377439704,-3.209895401
38.55,-65.08650902,0.05237859105,0.5954809148,0.3178463376,0,-1.1817754,4.377341077,-3.209852705
38.56,-65.0863656,0.05237929283,0.5954852063,0.317843607,0,-1.181829947,4.377243349,-3.20980968
38.57,-65.08622109,0.05238000244,0.5954894869,0.3178408854,0,-1.181884991,4.377146519,-3.209766328
38.58,-65.08607551,0.05238071982,0.5954937565,0.3178381728,0,-1.181940532,4.377050583,-3.209722652
38.59,-65.08592884,0.05238144494,0.5954980152,0.3178354693,0,-1.181996565,4.376955541,-3.209678653
38.6,-65.08578111,0.05238217774,0.5955022628,0.3178327748,0,-1.182053087,4.37686139,-3.209634334
38.61,-65.08563233,0.05238291819,0.5955064994,0.3178300894,0,-1.182110096,4.376768128,-3.209589698
38.62,-65.08548248,0.05238366623,0.595510725,0.3178274131,0,-1.182167588,4.376675753,-3.209544745
38.63,-65.0853316,0.05238442182,0.5955149394,0.3178247459,0,-1.18222556,4.376584264,-3.209499479
38.64,-65.08517967,0.05238518491,0.5955191427,0.3178220878,0,-1.18228401,4.376493658,-3.209453901
38.65,-65.08502671,0.05238595546,0.5955233348,0.3178194388,0,-1.182342935,4.376403933,-3.209408014
38.66,-65.08487273,0.05238673343,0.5955275158,0.317816799,0,-1.18240233,4.376315088,-3.20936182
38.67,-65.08471773,0.05238751877,0.5955316855,0.3178141683,0,-1.182462194,4.376227119,-3.20931532
38.68,-65.08456173,0.05238831142,0.5955358439,0.3178115468,0,-1.182522524,4.376140026,-3.209268518
38.69,-65.08440472,0.05238911136,0.5955399911,0.3178089344,0,-1.182583316,4.376053806,-3.209221415
38.7,-65.08424671,0.05238991853,0.595544127,0.3178063312,0,-1.182644567,4.375968457,-3.209174013
38.71,-65.08408772,0.05239073289,0.5955482516,0.3178037373,0,-1.182706274,4.375883977,-3.209126315
38.72,-65.08392774,0.05239155439,0.5955523648,0.3178011525,0,-1.182768435,4.375800364,-3.209078322
38.73,-65.08376679,0.05239238299,0.5955564666,0.3177985769,0,-1.182831047,4.375717616,-3.209030037
38.74,-65.08360487,0.05239321864,0.595560557,0.3177960106,0,-1.182894106,4.37563573,-3.208981462
38.75,-65.083442,0.0523940613,0.5955646359,0.3177934535,0,-1.182957609,4.375554706,-3.208932599
38.76,-65.08327817,0.05239491093,0.5955687034,0.3177909056,0,-1.183021554,4.37547454,-3.20888345
38.77,-65.08311339,0.05239576747,0.5955727595,0.317788367,0,-1.183085938,4.375395231,-3.208834017
38.78,-65.08294767,0.05239663089,0.595576804,0.3177858377,0,-1.183150757,4.375316776,-3.208784302
38.79,-65.08278103,0.05239750114,0.5955808369,0.3177833176,0,-1.183216009,4.375239173,-3.208734308
38.8,-65.08261345,0.05239837817,0.5955848583,0.3177808068,0,-1.183281691,4.375162421,-3.208684036
38.81,-65.08244496,0.05239926194,0.5955888681,0.3177783053,0,-1.1833478,4.375086517,-3.208633489
38.82,-65.08227556,0.05240015242,0.5955928663,0.3177758131,0,-1.183414333,4.375011458,-3.208582668
38.83,-65.08210525,0.05240104954,0.5955968529,0.3177733302,0,-1.183481286,4.374937244,-3.208531576
38.84,-65.08193405,0.05240195327,0.5956008277,0.3177708566,0,-1.183548658,4.374863871,-3.208480215
38.85,-65.08176196,0.05240286357,0.595604791,0.3177683924,0,-1.183616445,4.374791338,-3.208428587
38.86,-65.08158898,0.05240378039,0.5956087425,0.3177659375,0,-1.183684644,4.374719643,-3.208376694
38.87,-65.08141512,0.05240470368,0.5956126823,0.3177634919,0,-1.183753252,4.374648782,-3.208324537
38.88,-65.0812404,0.05240563341,0.5956166103,0.3177610557,0,-1.183822267,4.374578755,-3.20827212
38.89,-65.08106481,0.05240656952,0.5956205266,0.3177586288,0,-1.183891685,4.374509558,-3.208219444
38.9,-65.08088837,0.05240751198,0.595624431,0.3177562113,0,-1.183961504,4.374441191,-3.208166512
38.91,-65.08071108,0.05240846074,0.5956283237,0.3177538031,0,-1.184031721,4.37437365,-3.208113324
38.92,-65.08053295,0.05240941576,0.5956322045,0.3177514044,0,-1.184102333,4.374306933,-3.208059884
38.93,-65.08035398,0.05241037699,0.5956360735,0.317749015,0,-1.184173336,4.374241039,-3.208006193
38.94,-65.08017418,0.05241134439,0.5956399306,0.317746635,0,-1.184244729,4.374175964,-3.207952254
38.95,-65.07999356,0.05241231792,0.5956437758,0.3177442644,0,-1.184316508,4.374111708,-3.207898068
38.96,-65.07981212,0.05241329753,0.5956476091,0.3177419031,0,-1.18438867,4.374048267,-3.207843637
38.97,-65.07962988,0.05241428318,0.5956514305,0.3177395513,0,-1.184461213,4.373985639,-3.207788964
38.98,-65.07944683,0.05241527483,0.5956552399,0.3177372089,0,-1.184534134,4.373923823,-3.20773405
38.99,-65.079263,0.05241627243,0.5956590373,0.317734876,0,-1.18460743,4.373862815,-3.207678899
39,-65.07907837,0.05241727595,0.5956628228,0.3177325524,0,-1.184681097,4.373802614,-3.20762351
39.01,-65.07889296,0.05241828533,0.5956665962,0.3177302383,0,-1.184755134,4.373743218,-3.207567887
39.02,-65.07870677,0.05241930054,0.5956703576,0.3177279335,0,-1.184829537,4.373684624,-3.207512032
39.03,-65.07851982,0.05242032153,0.595674107,0.3177256383,0,-1.184904304,4.37362683,-3.207455946
39.04,-65.07833211,0.05242134825,0.5956778443,0.3177233524,0,-1.184979431,4.373569834,-3.207399632
39.05,-65.07814364,0.05242238068,0.5956815696,0.317721076,0,-1.185054916,4.373513633,-3.207343092
39.06,-65.07795442,0.05242341876,0.5956852827,0.3177188091,0,-1.185130757,4.373458226,-3.207286326
39.07,-65.07776446,0.05242446245,0.5956889838,0.3177165516,0,-1.185206949,4.373403609,-3.207229339
39.08,-65.07757377,0.05242551171,0.5956926727,0.3177143035,0,-1.185283492,4.373349781,-3.207172131
39.09,-65.07738235,0.0524265665,0.5956963494,0.3177120649,0,-1.18536038,4.37329674,-3.207114705
39.1,-65.07719021,0.05242762677,0.595700014,0.3177098358,0,-1.185437613,4.373244483,-3.207057062
39.11,-65.07699735,0.05242869249,0.5957036665,0.3177076161,0,-1.185515187,4.373193008,-3.206999204
39.12,-65.07680378,0.05242976361,0.5957073067,0.3177054059,0,-1.185593099,4.373142312,-3.206941134
39.13,-65.07660951,0.05243084008,0.5957109348,0.3177032052,0,-1.185671347,4.373092394,-3.206882853
39.14,-65.07641455,0.05243192187,0.5957145506,0.3177010139,0,-1.185749928,4.373043251,-3.206824364
39.15,-65.07621889,0.05243300894,0.5957181542,0.3176988321,0,-1.185828838,4.37299488,-3.206765668
39.16,-65.07602256,0.05243410123,0.5957217456,0.3176966598,0,-1.185908077,4.37294728,-3.206706767
39.17,-65.07582554,0.05243519872,0.5957253247,0.3176944969,0,-1.185987639,4.372900448,-3.206647663
39.18,-65.07562786,0.05243630136,0.5957288915,0.3176923436,0,-1.186067524,4.372854382,-3.206588358
39.19,-65.07542952,0.05243740911,0.5957324461,0.3176901997,0,-1.186147727,4.37280908,-3.206528855
39.2,-65.07523051,0.05243852192,0.5957359883,0.3176880652,0,-1.186228247,4.372764538,-3.206469154
39.21,-65.07503086,0.05243963976,0.5957395183,0.3176859403,0,-1.186309081,4.372720756,-3.206409258
39.22,-65.07483056,0.05244076258,0.5957430359,0.3176838248,0,-1.186390225,4.37267773,-3.206349169
39.23,-65.07462963,0.05244189034,0.5957465412,0.3176817189,0,-1.186471678,4.372635458,-3.206288889
39.24,-65.07442806,0.05244302301,0.5957500341,0.3176796224,0,-1.186553436,4.372593938,-3.206228419
39.25,-65.07422587,0.05244416053,0.5957535147,0.3176775353,0,-1.186635497,4.372553168,-3.206167762
39.26,-65.07402306,0.05244530288,0.5957569829,0.3176754578,0,-1.186717858,4.372513145,-3.206106919
39.27,-65.07381964,0.05244645,0.5957604388,0.3176733898,0,-1.186800516,4.372473867,-3.206045893
39.28,-65.07361561,0.05244760187,0.5957638822,0.3176713312,0,-1.186883469,4.372435332,-3.205984684
39.29,-65.07341099,0.05244875842,0.5957673133,0.3176692821,0,-1.186966715,4.372397536,-3.205923296
39.3,-65.07320577,0.05244991964,0.5957707319,0.3176672425,0,-1.187050249,4.372360479,-3.20586173
39.31,-65.07299996,0.05245108547,0.5957741382,0.3176652124,0,-1.187134071,4.372324156,-3.205799988
39.32,-65.07279357,0.05245225588,0.595777532,0.3176631917,0,-1.187218176,4.372288567,-3.205738071
39.33,-65.07258661,0.05245343082,0.5957809134,0.3176611806,0,-1.187302563,4.372253709,-3.205675983
39.34,-65.07237908,0.05245461025,0.5957842823,0.3176591789,0,-1.187387228,4.372219579,-3.205613723
39.35,-65.07217098,0.05245579415,0.5957876388,0.3176571867,0,-1.18747217,4.372186175,-3.205551295
39.36,-65.07196233,0.05245698245,0.5957909828,0.3176552039,0,-1.187557385,4.372153495,-3.2054887
39.37,-65.07175313,0.05245817513,0.5957943143,0.3176532307,0,-1.187642871,4.372121536,-3.20542594
39.38,-65.07154339,0.05245937215,0.5957976334,0.3176512669,0,-1.187728625,4.372090296,-3.205363017
39.39,-65.07133311,0.05246057346,0.5958009399,0.3176493125,0,-1.187814645,4.372059773,-3.205299933
39.4,-65.0711223,0.05246177902,0.595804234,0.3176473677,0,-1.187900927,4.372029963,-3.205236689
39.41,-65.07091096,0.0524629888,0.5958075156,0.3176454323,0,-1.18798747,4.372000866,-3.205173287
39.42,-65.0706991,0.05246420276,0.5958107847,0.3176435063,0,-1.188074271,4.371972478,-3.20510973
39.43,-65.07048673,0.05246542085,0.5958140412,0.3176415898,0,-1.188161327,4.371944796,-3.205046019
39.44,-65.07027385,0.05246664304,0.5958172853,0.3176396828,0,-1.188248636,4.371917819,-3.204982155
39.45,-65.07006047,0.05246786929,0.5958205168,0.3176377852,0,-1.188336194,4.371891545,-3.204918141
39.46,-65.0698466,0.05246909955,0.5958237358,0.3176358971,0,-1.188424,4.37186597,-3.204853979
39.47,-65.06963223,0.0524703338,0.5958269422,0.3176340184,0,-1.188512051,4.371841093,-3.20478967
39.48,-65.06941739,0.05247157199,0.5958301361,0.3176321492,0,-1.188600344,4.37181691,-3.204725216
39.49,-65.06920206,0.05247281408,0.5958333175,0.3176302893,0,-1.188688877,4.37179342,-3.204660619
39.5,-65.06898627,0.05247406003,0.5958364863,0.317628439,0,-1.188777647,4.371770621,-3.20459588
39.51,-65.06877001,0.0524753098,0.5958396425,0.317626598,0,-1.188866652,4.371748509,-3.204531002
39.52,-65.06855329,0.05247656336,0.5958427862,0.3176247665,0,-1.188955888,4.371727082,-3.204465986
39.53,-65.06833611,0.05247782067,0.5958459173,0.3176229444,0,-1.189045355,4.371706338,-3.204400834
39.54,-65.06811849,0.05247908168,0.5958490359,0.3176211317,0,-1.189135048,4.371686275,-3.204335547
39.55,-65.06790043,0.05248034637,0.5958521419,0.3176193285,0,-1.189224966,4.37166689,-3.204270128
39.56,-65.06768193,0.05248161469,0.5958552353,0.3176175346,0,-1.189315106,4.37164818,-3.204204579
39.57,-65.067463,0.0524828866,0.5958583161,0.3176157501,0,-1.189405465,4.371630144,-3.2041389
39.58,-65.06724365,0.05248416207,0.5958613844,0.3176139751,0,-1.189496041,4.371612778,-3.204073094
39.59,-65.06702387,0.05248544105,0.59586444,0.3176122094,0,-1.189586832,4.371596081,-3.204007162
39.6,-65.06680369,0.05248672351,0.5958674831,0.3176104531,0,-1.189677835,4.37158005,-3.203941107
39.61,-65.0665831,0.05248800942,0.5958705136,0.3176087062,0,-1.189769047,4.371564682,-3.20387493
39.62,-65.06636211,0.05248929873,0.5958735315,0.3176069687,0,-1.189860466,4.371549976,-3.203808632
39.63,-65.06614072,0.05249059141,0.5958765368,0.3176052405,0,-1.18995209,4.371535928,-3.203742215
39.64,-65.06591894,0.05249188741,0.5958795295,0.3176035217,0,-1.190043916,4.371522536,-3.203675682
39.65,-65.06569678,0.05249318671,0.5958825096,0.3176018122,0,-1.190135942,4.371509798,-3.203609034
39.66,-65.06547424,0.05249448926,0.5958854771,0.3176001121,0,-1.190228164,4.371497712,-3.203542272
39.67,-65.06525133,0.05249579503,0.595888432,0.3175984214,0,-1.190320582,4.371486274,-3.203475398
39.68,-65.06502805,0.05249710398,0.5958913744,0.31759674,0,-1.190413192,4.371475483,-3.203408414
39.69,-65.06480441,0.05249841607,0.5958943041,0.3175950679,0,-1.190505991,4.371465335,-3.203341322
39.7,-65.06458041,0.05249973127,0.5958972212,0.3175934051,0,-1.190598979,4.37145583,-3.203274123
39.71,-65.06435606,0.05250104954,0.5959001258,0.3175917516,0,-1.190692151,4.371446963,-3.203206819
39.72,-65.06413137,0.05250237084,0.5959030177,0.3175901075,0,-1.190785506,4.371438733,-3.203139411
39.73,-65.06390634,0.05250369514,0.5959058971,0.3175884727,0,-1.190879041,4.371431138,-3.203071902
39.74,-65.06368098,0.05250502239,0.5959087638,0.3175868471,0,-1.190972753,4.371424174,-3.203004293
39.75,-65.06345528,0.05250635257,0.595911618,0.3175852308,0,-1.191066642,4.371417839,-3.202936585
39.76,-65.06322927,0.05250768564,0.5959144595,0.3175836238,0,-1.191160703,4.371412132,-3.202868781
39.77,-65.06300294,0.05250902155,0.5959172885,0.3175820261,0,-1.191254935,4.371407048,-3.202800882
39.78,-65.0627763,0.05251036028,0.5959201049,0.3175804377,0,-1.191349335,4.371402587,-3.202732889
39.79,-65.06254935,0.05251170179,0.5959229087,0.3175788585,0,-1.191443901,4.371398745,-3.202664805
39.8,-65.0623221,0.05251304604,0.5959256999,0.3175772885,0,-1.191538631,4.371395521,-3.20259663
39.81,-65.06209456,0.052514393,0.5959284785,0.3175757278,0,-1.191633521,4.37139291,-3.202528367
39.82,-65.06186672,0.05251574263,0.5959312446,0.3175741763,0,-1.191728571,4.371390913,-3.202460017
39.83,-65.0616386,0.05251709489,0.595933998,0.317572634,0,-1.191823777,4.371389524,-3.202391581
39.84,-65.06141021,0.05251844975,0.5959367389,0.317571101,0,-1.191919137,4.371388743,-3.202323062
39.85,-65.06118154,0.05251980718,0.5959394673,0.3175695771,0,-1.192014649,4.371388567,-3.202254461
39.86,-65.0609526,0.05252116714,0.595942183,0.3175680624,0,-1.192110311,4.371388993,-3.202185779
39.87,-65.0607234,0.05252252959,0.5959448862,0.3175665569,0,-1.19220612,4.371390019,-3.202117019
39.88,-65.06049394,0.05252389449,0.5959475769,0.3175650606,0,-1.192302074,4.371391642,-3.202048181
39.89,-65.06026423,0.05252526183,0.595950255,0.3175635735,0,-1.19239817,4.37139386,-3.201979268
39.9,-65.06003427,0.05252663155,0.5959529205,0.3175620955,0,-1.192494406,4.371396671,-3.20191028
39.91,-65.05980407,0.05252800362,0.5959555735,0.3175606266,0,-1.192590781,4.371400072,-3.20184122
39.92,-65.05957363,0.05252937801,0.595958214,0.3175591669,0,-1.192687291,4.37140406,-3.201772089
39.93,-65.05934296,0.05253075469,0.5959608419,0.3175577163,0,-1.192783935,4.371408633,-3.201702889
39.94,-65.05911207,0.05253213361,0.5959634573,0.3175562748,0,-1.19288071,4.371413789,-3.201633621
39.95,-65.05888095,0.05253351475,0.5959660601,0.3175548424,0,-1.192977614,4.371419525,-3.201564286
39.96,-65.05864962,0.05253489808,0.5959686505,0.3175534191,0,-1.193074644,4.371425839,-3.201494887
39.97,-65.05841808,0.05253628355,0.5959712283,0.3175520049,0,-1.193171799,4.371432728,-3.201425424
39.98,-65.05818633,0.05253767113,0.5959737936,0.3175505998,0,-1.193269077,4.371440189,-3.2013559
39.99,-65.05795439,0.05253906079,0.5959763465,0.3175492037,0,-1.193366474,4.371448221,-3.201286316
40,-65.05772224,0.05254045249,0.5959788868,0.3175478167,0,-1.193463988,4.371456821,-3.201216673
40.01,-65.05748991,0.05254184621,0.5959814146,0.3175464387,0,-1.193561619,4.371465986,-3.201146974
40.02,-65.05725739,0.0525432419,0.59598393,0.3175450698,0,-1.193659362,4.371475714,-3.201077218
40.03,-65.0570247,0.05254463954,0.5959864329,0.3175437098,0,-1.193757217,4.371486003,-3.201007409
40.04,-65.05679182,0.05254603909,0.5959889233,0.3175423589,0,-1.19385518,4.371496849,-3.200937547
40.05,-65.05655878,0.05254744051,0.5959914012,0.3175410169,0,-1.19395325,4.371508251,-3.200867634
40.06,-65.05632557,0.05254884378,0.5959938667,0.317539684,0,-1.194051425,4.371520206,-3.200797672
40.07,-65.0560922,0.05255024886,0.5959963198,0.31753836,0,-1.194149702,4.371532712,-3.200727661
40.08,-65.05585868,0.05255165571,0.5959987604,0.317537045,0,-1.194248079,4.371545766,-3.200657604
40.09,-65.05562501,0.05255306431,0.5960011886,0.3175357389,0,-1.194346554,4.371559365,-3.200587502
40.1,-65.05539119,0.05255447462,0.5960036044,0.3175344417,0,-1.194445125,4.371573508,-3.200517357
40.11,-65.05515723,0.05255588661,0.5960060078,0.3175331535,0,-1.194543789,4.371588191,-3.200447169
40.12,-65.05492314,0.05255730024,0.5960083987,0.3175318741,0,-1.194642545,4.371603413,-3.200376941
40.13,-65.05468891,0.05255871549,0.5960107773,0.3175306037,0,-1.194741391,4.37161917,-3.200306673
40.14,-65.05445456,0.05256013232,0.5960131435,0.3175293422,0,-1.194840323,4.371635461,-3.200236368
40.15,-65.05422009,0.0525615507,0.5960154973,0.3175280895,0,-1.194939341,4.371652282,-3.200166026
40.16,-65.0539855,0.05256297059,0.5960178388,0.3175268457,0,-1.195038442,4.371669633,-3.20009565
40.17,-65.0537508,0.05256439197,0.5960201679,0.3175256107,0,-1.195137623,4.371687509,-3.20002524
40.18,-65.05351599,0.0525658148,0.5960224846,0.3175243846,0,-1.195236884,4.371705908,-3.199954798
40.19,-65.05328109,0.05256723905,0.596024789,0.3175231672,0,-1.195336221,4.371724829,-3.199884326
40.2,-65.05304608,0.05256866469,0.5960270811,0.3175219587,0,-1.195435632,4.371744268,-3.199813824
40.21,-65.05281098,0.05257009168,0.5960293609,0.317520759,0,-1.195535117,4.371764224,-3.199743295
40.22,-65.0525758,0.05257152,0.5960316284,0.3175195681,0,-1.195634671,4.371784693,-3.19967274
40.23,-65.05234053,0.05257294962,0.5960338836,0.3175183859,0,-1.195734294,4.371805673,-3.199602159
40.24,-65.05210518,0.05257438049,0.5960361265,0.3175172125,0,-1.195833983,4.371827162,-3.199531555
40.25,-65.05186976,0.0525758126,0.5960383571,0.3175160478,0,-1.195933737,4.371849158,-3.199460929
40.26,-65.05163428,0.0525772459,0.5960405755,0.3175148918,0,-1.196033552,4.371871657,-3.199390283
40.27,-65.05139872,0.05257868038,0.5960427816,0.3175137445,0,-1.196133428,4.371894658,-3.199319617
40.28,-65.05116311,0.05258011599,0.5960449755,0.317512606,0,-1.196233362,4.371918158,-3.199248933
40.29,-65.05092744,0.05258155271,0.5960471572,0.3175114761,0,-1.196333352,4.371942154,-3.199178232
40.3,-65.05069172,0.0525829905,0.5960493266,0.3175103549,0,-1.196433396,4.371966644,-3.199107517
40.31,-65.05045596,0.05258442934,0.5960514839,0.3175092423,0,-1.196533492,4.371991626,-3.199036787
40.32,-65.05022015,0.05258586919,0.5960536289,0.3175081384,0,-1.196633638,4.372017098,-3.198966045
40.33,-65.04998431,0.05258731003,0.5960557618,0.3175070431,0,-1.196733832,4.372043056,-3.198895292
40.34,-65.04974843,0.05258875182,0.5960578826,0.3175059564,0,-1.196834072,4.372069498,-3.198824529
40.35,-65.04951253,0.05259019454,0.5960599911,0.3175048783,0,-1.196934356,4.372096422,-3.198753758
40.36,-65.0492766,0.05259163815,0.5960620876,0.3175038088,0,-1.197034683,4.372123826,-3.19868298
40.37,-65.04904065,0.05259308262,0.5960641719,0.3175027478,0,-1.197135049,4.372151707,-3.198612195
40.38,-65.04880469,0.05259452793,0.5960662441,0.3175016954,0,-1.197235453,4.372180062,-3.198541407
40.39,-65.04856872,0.05259597404,0.5960683042,0.3175006515,0,-1.197335894,4.37220889,-3.198470615
40.4,-65.04833274,0.05259742092,0.5960703523,0.3174996162,0,-1.197436369,4.372238187,-3.198399822
40.41,-65.04809676,0.05259886855,0.5960723882,0.3174985893,0,-1.197536876,4.372267951,-3.198329027
40.42,-65.04786078,0.05260031689,0.5960744122,0.317497571,0,-1.197637414,4.37229818,-3.198258234
40.43,-65.04762481,0.05260176592,0.596076424,0.3174965611,0,-1.19773798,4.372328872,-3.198187443
40.44,-65.04738885,0.05260321561,0.5960784239,0.3174955596,0,-1.197838572,4.372360024,-3.198116655
40.45,-65.04715291,0.05260466592,0.5960804117,0.3174945666,0,-1.197939189,4.372391633,-3.198045872
40.46,-65.04691698,0.05260611683,0.5960823876,0.3174935821,0,-1.198039829,4.372423697,-3.197975095
40.47,-65.04668108,0.05260756831,0.5960843514,0.3174926059,0,-1.198140489,4.372456214,-3.197904325
40.48,-65.04644521,0.05260902033,0.5960863033,0.3174916381,0,-1.198241168,4.372489182,-3.197833564
40.49,-65.04620937,0.05261047286,0.5960882433,0.3174906787,0,-1.198341865,4.372522597,-3.197762812
40.5,-65.04597357,0.05261192588,0.5960901713,0.3174897277,0,-1.198442576,4.372556458,-3.197692072
40.51,-65.04573781,0.05261337935,0.5960920874,0.317488785,0,-1.1985433,4.372590761,-3.197621344
40.52,-65.0455021,0.05261483324,0.5960939915,0.3174878506,0,-1.198644036,4.372625506,-3.197550629
40.53,-65.04526643,0.05261628753,0.5960958838,0.3174869246,0,-1.198744782,4.372660688,-3.197479929
40.54,-65.04503082,0.0526177422,0.5960977643,0.3174860068,0,-1.198845535,4.372696307,-3.197409245
40.55,-65.04479526,0.0526191972,0.5960996328,0.3174850973,0,-1.198946294,4.372732359,-3.197338579
40.56,-65.04455977,0.05262065252,0.5961014896,0.3174841961,0,-1.199047056,4.372768841,-3.197267931
40.57,-65.04432434,0.05262210812,0.5961033345,0.3174833031,0,-1.199147821,4.372805753,-3.197197302
40.58,-65.04408898,0.05262356398,0.5961051676,0.3174824183,0,-1.199248587,4.37284309,-3.197126695
40.59,-65.0438537,0.05262502007,0.5961069889,0.3174815418,0,-1.19934935,4.372880852,-3.19705611
40.6,-65.04361849,0.05262647636,0.5961087984,0.3174806734,0,-1.199450111,4.372919035,-3.196985548
40.61,-65.04338337,0.05262793283,0.5961105962,0.3174798133,0,-1.199550866,4.372957637,-3.19691501
40.62,-65.04314833,0.05262938945,0.5961123822,0.3174789612,0,-1.199651614,4.372996655,-3.196844499
40.63,-65.04291338,0.05263084618,0.5961141565,0.3174781174,0,-1.199752354,4.373036088,-3.196774014
40.64,-65.04267852,0.05263230301,0.5961159191,0.3174772816,0,-1.199853083,4.373075933,-3.196703557
40.65,-65.04244377,0.05263375991,0.59611767,0.317476454,0,-1.1999538,4.373116187,-3.19663313
40.66,-65.04220911,0.05263521685,0.5961194093,0.3174756344,0,-1.200054502,4.373156848,-3.196562733
40.67,-65.04197456,0.0526366738,0.5961211369,0.3174748229,0,-1.200155189,4.373197914,-3.196492368
40.68,-65.04174012,0.05263813073,0.5961228528,0.3174740195,0,-1.200255859,4.373239382,-3.196422036
40.69,-65.04150579,0.05263958763,0.5961245572,0.3174732241,0,-1.200356509,4.37328125,-3.196351737
40.7,-65.04127158,0.05264104445,0.5961262499,0.3174724367,0,-1.200457138,4.373323515,-3.196281474
40.71,-65.04103749,0.05264250119,0.5961279311,0.3174716573,0,-1.200557744,4.373366176,-3.196211247
40.72,-65.04080353,0.0526439578,0.5961296007,0.3174708859,0,-1.200658326,4.37340923,-3.196141058
40.73,-65.04056969,0.05264541427,0.5961312588,0.3174701225,0,-1.200758881,4.373452674,-3.196070907
40.74,-65.04033598,0.05264687057,0.5961329053,0.317469367,0,-1.200859409,4.373496506,-3.196000795
40.75,-65.04010242,0.05264832667,0.5961345404,0.3174686194,0,-1.200959907,4.373540724,-3.195930725
40.76,-65.03986899,0.05264978255,0.5961361639,0.3174678797,0,-1.201060374,4.373585326,-3.195860696
40.77,-65.0396357,0.05265123818,0.596137776,0.317467148,0,-1.201160807,4.373630308,-3.195790711
40.78,-65.03940256,0.05265269353,0.5961393767,0.3174664241,0,-1.201261206,4.373675669,-3.195720769
40.79,-65.03916958,0.05265414858,0.5961409659,0.317465708,0,-1.201361569,4.373721407,-3.195650873
40.8,-65.03893675,0.05265560331,0.5961425437,0.3174649998,0,-1.201461893,4.373767518,-3.195581024
40.81,-65.03870407,0.05265705768,0.5961441101,0.3174642994,0,-1.201562178,4.373814001,-3.195511221
40.82,-65.03847156,0.05265851168,0.5961456651,0.3174636068,0,-1.201662421,4.373860854,-3.195441468
40.83,-65.03823921,0.05265996528,0.5961472088,0.317462922,0,-1.201762622,4.373908073,-3.195371763
40.84,-65.03800703,0.05266141846,0.5961487412,0.317462245,0,-1.201862777,4.373955657,-3.19530211
40.85,-65.03777503,0.05266287118,0.5961502623,0.3174615757,0,-1.201962887,4.374003603,-3.195232508
40.86,-65.0375432,0.05266432342,0.596151772,0.3174609141,0,-1.202062948,4.37405191,-3.19516296
40.87,-65.03731155,0.05266577517,0.5961532706,0.3174602602,0,-1.20216296,4.374100574,-3.195093465
40.88,-65.03708008,0.05266722639,0.5961547578,0.317459614,0,-1.202262921,4.374149593,-3.195024025
40.89,-65.0368488,0.05266867706,0.5961562339,0.3174589754,0,-1.20236283,4.374198965,-3.194954641
40.9,-65.03661771,0.05267012716,0.5961576987,0.3174583445,0,-1.202462683,4.374248688,-3.194885314
40.91,-65.03638682,0.05267157666,0.5961591523,0.3174577213,0,-1.202562481,4.374298759,-3.194816045
40.92,-65.03615612,0.05267302554,0.5961605948,0.3174571056,0,-1.202662222,4.374349176,-3.194746836
40.93,-65.03592562,0.05267447377,0.5961620262,0.3174564975,0,-1.202761903,4.374399937,-3.194677687
40.94,-65.03569533,0.05267592134,0.5961634464,0.317455897,0,-1.202861523,4.37445104,-3.194608598
40.95,-65.03546524,0.05267736821,0.5961648555,0.3174553041,0,-1.202961082,4.374502481,-3.194539572
40.96,-65.03523537,0.05267881436,0.5961662535,0.3174547186,0,-1.203060576,4.37455426,-3.19447061
40.97,-65.0350057,0.05268025977,0.5961676405,0.3174541407,0,-1.203160006,4.374606373,-3.194401711
40.98,-65.03477626,0.05268170442,0.5961690165,0.3174535703,0,-1.203259368,4.374658818,-3.194332878
40.99,-65.03454704,0.05268314828,0.5961703814,0.3174530073,0,-1.203358662,4.374711593,-3.194264111
41,-65.03431804,0.05268459133,0.5961717353,0.3174524518,0,-1.203457886,4.374764696,-3.194195411
41.01,-65.03408927,0.05268603355,0.5961730783,0.3174519037,0,-1.203557039,4.374818124,-3.19412678
41.02,-65.03386072,0.05268747491,0.5961744103,0.317451363,0,-1.203656119,4.374871875,-3.194058217
41.03,-65.03363242,0.05268891539,0.5961757314,0.3174508297,0,-1.203755124,4.374925948,-3.193989725
41.04,-65.03340435,0.05269035497,0.5961770416,0.3174503038,0,-1.203854053,4.374980338,-3.193921304
41.05,-65.03317652,0.05269179362,0.596178341,0.3174497852,0,-1.203952905,4.375035045,-3.193852955
41.06,-65.03294893,0.05269323132,0.5961796294,0.317449274,0,-1.204051678,4.375090066,-3.19378468
41.07,-65.03272159,0.05269466806,0.5961809071,0.3174487701,0,-1.204150371,4.375145399,-3.193716478
41.08,-65.0324945,0.0526961038,0.5961821739,0.3174482734,0,-1.204248982,4.375201041,-3.193648351
41.09,-65.03226767,0.05269753853,0.5961834299,0.3174477841,0,-1.204347509,4.375256991,-3.193580301
41.1,-65.03204109,0.05269897222,0.5961846752,0.3174473019,0,-1.204445952,4.375313245,-3.193512327
41.11,-65.03181477,0.05270040485,0.5961859097,0.317446827,0,-1.204544308,4.375369803,-3.193444431
41.12,-65.03158871,0.0527018364,0.5961871335,0.3174463594,0,-1.204642577,4.375426661,-3.193376613
41.13,-65.03136292,0.05270326685,0.5961883466,0.3174458989,0,-1.204740756,4.375483817,-3.193308876
41.14,-65.0311374,0.05270469617,0.596189549,0.3174454455,0,-1.204838845,4.375541269,-3.193241219
41.15,-65.03091214,0.05270612435,0.5961907408,0.3174449993,0,-1.204936842,4.375599014,-3.193173643
41.16,-65.03068717,0.05270755136,0.596191922,0.3174445603,0,-1.205034746,4.375657052,-3.19310615
41.17,-65.03046247,0.05270897718,0.5961930925,0.3174441283,0,-1.205132555,4.375715379,-3.193038741
41.18,-65.03023805,0.0527104018,0.5961942525,0.3174437034,0,-1.205230267,4.375773993,-3.192971415
41.19,-65.03001392,0.05271182518,0.5961954019,0.3174432856,0,-1.205327883,4.375832891,-3.192904175
41.2,-65.02979007,0.0527132473,0.5961965408,0.3174428748,0,-1.205425399,4.375892073,-3.19283702
41.21,-65.02956651,0.05271466816,0.5961976692,0.3174424711,0,-1.205522815,4.375951535,-3.192769953
41.22,-65.02934324,0.05271608772,0.5961987871,0.3174420743,0,-1.205620129,4.376011275,-3.192702973
41.23,-65.02912027,0.05271750596,0.5961998946,0.3174416845,0,-1.20571734,4.376071291,-3.192636082
41.24,-65.0288976,0.05271892287,0.5962009916,0.3174413017,0,-1.205814447,4.376131581,-3.192569281
41.25,-65.02867523,0.05272033842,0.5962020782,0.3174409258,0,-1.205911448,4.376192143,-3.19250257
41.26,-65.02845317,0.0527217526,0.5962031544,0.3174405569,0,-1.206008342,4.376252974,-3.19243595
41.27,-65.02823141,0.05272316538,0.5962042203,0.3174401948,0,-1.206105127,4.376314072,-3.192369422
41.28,-65.02800996,0.05272457674,0.5962052758,0.3174398396,0,-1.206201803,4.376375436,-3.192302987
41.29,-65.02778882,0.05272598667,0.596206321,0.3174394912,0,-1.206298367,4.376437062,-3.192236646
41.3,-65.027568,0.05272739513,0.5962073559,0.3174391497,0,-1.20639482,4.37649895,-3.1921704
41.31,-65.0273475,0.05272880212,0.5962083806,0.317438815,0,-1.206491158,4.376561095,-3.192104249
41.32,-65.02712731,0.05273020762,0.596209395,0.3174384871,0,-1.206587381,4.376623497,-3.192038194
41.33,-65.02690746,0.05273161159,0.5962103993,0.3174381659,0,-1.206683489,4.376686154,-3.191972237
41.34,-65.02668792,0.05273301403,0.5962113933,0.3174378515,0,-1.206779478,4.376749062,-3.191906377
41.35,-65.02646872,0.05273441492,0.5962123772,0.3174375438,0,-1.206875349,4.376812221,-3.191840616
41.36,-65.02624985,0.05273581423,0.5962133509,0.3174372428,0,-1.2069711,4.376875627,-3.191774955
41.37,-65.02603131,0.05273721194,0.5962143146,0.3174369485,0,-1.207066729,4.376939278,-3.191709394
41.38,-65.02581311,0.05273860804,0.5962152681,0.3174366609,0,-1.207162235,4.377003174,-3.191643934
41.39,-65.02559525,0.05274000251,0.5962162116,0.3174363799,0,-1.207257618,4.37706731,-3.191578576
41.4,-65.02537774,0.05274139533,0.5962171451,0.3174361055,0,-1.207352875,4.377131686,-3.191513321
41.41,-65.02516056,0.05274278647,0.5962180685,0.3174358377,0,-1.207448006,4.377196299,-3.191448169
41.42,-65.02494374,0.05274417593,0.596218982,0.3174355765,0,-1.20754301,4.377261146,-3.191383122
41.43,-65.02472727,0.05274556368,0.5962198855,0.3174353218,0,-1.207637884,4.377326227,-3.19131818
41.44,-65.02451114,0.0527469497,0.5962207791,0.3174350736,0,-1.207732629,4.377391538,-3.191253343
41.45,-65.02429538,0.05274833398,0.5962216628,0.317434832,0,-1.207827242,4.377457078,-3.191188613
41.46,-65.02407997,0.05274971649,0.5962225366,0.3174345968,0,-1.207921723,4.377522844,-3.191123991
41.47,-65.02386492,0.05275109723,0.5962234006,0.3174343681,0,-1.20801607,4.377588835,-3.191059476
41.48,-65.02365024,0.05275247616,0.5962242547,0.3174341459,0,-1.208110283,4.377655048,-3.190995071
41.49,-65.02343592,0.05275385328,0.5962250991,0.3174339301,0,-1.208204359,4.377721481,-3.190930775
41.5,-65.02322196,0.05275522856,0.5962259336,0.3174337206,0,-1.208298298,4.377788132,-3.190866589
41.51,-65.02300838,0.05275660199,0.5962267585,0.3174335176,0,-1.208392099,4.377854999,-3.190802514
41.52,-65.02279517,0.05275797354,0.5962275736,0.3174333208,0,-1.20848576,4.37792208,-3.190738552
41.53,-65.02258234,0.05275934321,0.596228379,0.3174331305,0,-1.208579281,4.377989373,-3.190674701
41.54,-65.02236988,0.05276071097,0.5962291747,0.3174329464,0,-1.208672659,4.378056876,-3.190610964
41.55,-65.0221578,0.05276207681,0.5962299609,0.3174327686,0,-1.208765895,4.378124586,-3.190547341
41.56,-65.02194611,0.05276344071,0.5962307374,0.3174325971,0,-1.208858987,4.378192502,-3.190483833
41.57,-65.0217348,0.05276480265,0.5962315043,0.3174324318,0,-1.208951933,4.378260621,-3.190420439
41.58,-65.02152387,0.05276616262,0.5962322617,0.3174322728,0,-1.209044733,4.378328942,-3.190357162
41.59,-65.02131334,0.05276752059,0.5962330095,0.3174321199,0,-1.209137386,4.378397463,-3.190294002
41.6,-65.0211032,0.05276887655,0.5962337478,0.3174319732,0,-1.20922989,4.37846618,-3.190230959
41.61,-65.02089345,0.05277023049,0.5962344767,0.3174318327,0,-1.209322244,4.378535093,-3.190168034
41.62,-65.02068409,0.05277158239,0.5962351961,0.3174316983,0,-1.209414448,4.3786042,-3.190105228
41.63,-65.02047514,0.05277293223,0.5962359061,0.31743157,0,-1.209506499,4.378673498,-3.190042542
41.64,-65.02026658,0.05277427999,0.5962366067,0.3174314478,0,-1.209598398,4.378742984,-3.189979975
41.65,-65.02005843,0.05277562567,0.5962372979,0.3174313317,0,-1.209690143,4.378812659,-3.189917529
41.66,-65.01985068,0.05277696923,0.5962379798,0.3174312216,0,-1.209781733,4.378882518,-3.189855205
41.67,-65.01964334,0.05277831067,0.5962386524,0.3174311175,0,-1.209873167,4.378952561,-3.189793003
41.68,-65.01943641,0.05277964997,0.5962393156,0.3174310195,0,-1.209964443,4.379022784,-3.189730924
41.69,-65.01922989,0.05278098711,0.5962399697,0.3174309274,0,-1.210055562,4.379093187,-3.189668968
41.7,-65.01902379,0.05278232209,0.5962406145,0.3174308412,0,-1.210146521,4.379163767,-3.189607136
41.71,-65.0188181,0.05278365487,0.5962412501,0.317430761,0,-1.21023732,4.379234522,-3.189545429
41.72,-65.01861282,0.05278498545,0.5962418765,0.3174306867,0,-1.210327957,4.379305451,-3.189483847
41.73,-65.01840797,0.05278631381,0.5962424938,0.3174306183,0,-1.210418433,4.37937655,-3.189422391
41.74,-65.01820354,0.05278763994,0.596243102,0.3174305557,0,-1.210508745,4.379447819,-3.189361061
41.75,-65.01799953,0.05278896382,0.5962437011,0.317430499,0,-1.210598892,4.379519255,-3.189299859
41.76,-65.01779595,0.05279028544,0.5962442911,0.3174304481,0,-1.210688875,4.379590857,-3.189238785
41.77,-65.01759279,0.05279160477,0.5962448721,0.3174304029,0,-1.210778691,4.379662621,-3.189177838
41.78,-65.01739007,0.05279292181,0.5962454441,0.3174303636,0,-1.21086834,4.379734547,-3.189117021
41.79,-65.01718778,0.05279423654,0.5962460071,0.31743033,0,-1.21095782,4.379806632,-3.189056334
41.8,-65.01698592,0.05279554895,0.5962465611,0.3174303022,0,-1.211047132,4.379878875,-3.188995776
41.81,-65.0167845,0.05279685901,0.5962471063,0.31743028,0,-1.211136273,4.379951273,-3.18893535
41.82,-65.01658351,0.05279816672,0.5962476425,0.3174302635,0,-1.211225243,4.380023825,-3.188875054
41.83,-65.01638297,0.05279947207,0.5962481699,0.3174302527,0,-1.211314041,4.380096528,-3.188814891
41.84,-65.01618287,0.05280077503,0.5962486885,0.3174302475,0,-1.211402665,4.380169381,-3.18875486
41.85,-65.01598321,0.05280207559,0.5962491982,0.3174302479,0,-1.211491116,4.380242382,-3.188694962
41.86,-65.01578399,0.05280337374,0.5962496992,0.317430254,0,-1.211579392,4.380315528,-3.188635198
41.87,-65.01558523,0.05280466947,0.5962501914,0.3174302655,0,-1.211667492,4.380388819,-3.188575568
41.88,-65.01538691,0.05280596275,0.5962506749,0.3174302827,0,-1.211755416,4.380462251,-3.188516073
41.89,-65.01518904,0.05280725358,0.5962511497,0.3174303053,0,-1.211843162,4.380535823,-3.188456713
41.9,-65.01499163,0.05280854195,0.5962516158,0.3174303335,0,-1.211930729,4.380609534,-3.188397489
41.91,-65.01479467,0.05280982783,0.5962520733,0.3174303671,0,-1.212018117,4.38068338,-3.188338401
41.92,-65.01459817,0.05281111122,0.5962525222,0.3174304062,0,-1.212105324,4.380757362,-3.18827945
41.93,-65.01440212,0.0528123921,0.5962529625,0.3174304507,0,-1.212192351,4.380831475,-3.188220637
41.94,-65.01420654,0.05281367046,0.5962533943,0.3174305007,0,-1.212279195,4.380905719,-3.188161961
41.95,-65.01401141,0.05281494628,0.5962538175,0.317430556,0,-1.212365856,4.380980092,-3.188103424
41.96,-65.01381675,0.05281621956,0.5962542323,0.3174306167,0,-1.212452333,4.381054592,-3.188045026
41.97,-65.01362256,0.05281749027,0.5962546386,0.3174306827,0,-1.212538626,4.381129217,-3.187986768
41.98,-65.01342883,0.05281875841,0.5962550364,0.317430754,0,-1.212624733,4.381203964,-3.187928649
41.99,-65.01323557,0.05282002396,0.5962554259,0.3174308307,0,-1.212710654,4.381278833,-3.187870672
42,-65.01304278,0.05282128691,0.596255807,0.3174309126,0,-1.212796388,4.381353822,-3.187812835
42.01,-65.01285046,0.05282254725,0.5962561797,0.3174309997,0,-1.212881934,4.381428928,-3.187755139
42.02,-65.01265862,0.05282380496,0.5962565441,0.3174310921,0,-1.21296729,4.381504149,-3.187697586
42.03,-65.01246725,0.05282506004,0.5962569003,0.3174311897,0,-1.213052458,4.381579485,-3.187640175
42.04,-65.01227636,0.05282631246,0.5962572481,0.3174312924,0,-1.213137434,4.381654932,-3.187582907
42.05,-65.01208594,0.05282756222,0.5962575878,0.3174314004,0,-1.21322222,4.38173049,-3.187525783
42.06,-65.01189601,0.0528288093,0.5962579192,0.3174315134,0,-1.213306813,4.381806156,-3.187468802
42.07,-65.01170655,0.0528300537,0.5962582425,0.3174316316,0,-1.213391213,4.381881929,-3.187411966
42.08,-65.01151758,0.0528312954,0.5962585576,0.3174317549,0,-1.21347542,4.381957807,-3.187355275
42.09,-65.0113291,0.05283253438,0.5962588647,0.3174318832,0,-1.213559432,4.382033787,-3.187298729
42.1,-65.0111411,0.05283377064,0.5962591636,0.3174320165,0,-1.213643249,4.382109869,-3.187242329
42.11,-65.01095358,0.05283500417,0.5962594545,0.3174321549,0,-1.213726871,4.382186049,-3.187186075
42.12,-65.01076656,0.05283623495,0.5962597373,0.3174322983,0,-1.213810295,4.382262328,-3.187129968
42.13,-65.01058002,0.05283746297,0.5962600122,0.3174324467,0,-1.213893522,4.382338702,-3.187074007
42.14,-65.01039398,0.05283868822,0.5962602791,0.3174326,0,-1.213976551,4.38241517,-3.187018195
42.15,-65.01020843,0.05283991069,0.5962605381,0.3174327583,0,-1.214059381,4.382491731,-3.18696253
42.16,-65.01002338,0.05284113037,0.5962607891,0.3174329214,0,-1.214142011,4.382568382,-3.186907014
42.17,-65.00983882,0.05284234724,0.5962610323,0.3174330894,0,-1.21422444,4.382645121,-3.186851646
42.18,-65.00965476,0.0528435613,0.5962612676,0.3174332623,0,-1.214306669,4.382721948,-3.186796428
42.19,-65.0094712,0.05284477253,0.5962614952,0.3174334401,0,-1.214388696,4.38279886,-3.18674136
42.2,-65.00928814,0.05284598092,0.5962617149,0.3174336226,0,-1.21447052,4.382875855,-3.186686441
42.21,-65.00910558,0.05284718647,0.5962619269,0.31743381,0,-1.214552141,4.382952931,-3.186631673
42.22,-65.00892352,0.05284838916,0.5962621311,0.3174340021,0,-1.214633558,4.383030088,-3.186577056
42.23,-65.00874197,0.05284958897,0.5962623276,0.3174341989,0,-1.21471477,4.383107323,-3.18652259
42.24,-65.00856092,0.05285078591,0.5962625165,0.3174344005,0,-1.214795777,4.383184635,-3.186468276
42.25,-65.00838038,0.05285197996,0.5962626977,0.3174346068,0,-1.214876578,4.383262021,-3.186414114
42.26,-65.00820035,0.05285317111,0.5962628714,0.3174348178,0,-1.214957172,4.38333948,-3.186360104
42.27,-65.00802082,0.05285435935,0.5962630374,0.3174350334,0,-1.215037559,4.383417011,-3.186306247
42.28,-65.00784181,0.05285554466,0.5962631959,0.3174352537,0,-1.215117738,4.383494611,-3.186252543
42.29,-65.00766331,0.05285672704,0.5962633469,0.3174354785,0,-1.215197709,4.383572279,-3.186198993
42.3,-65.00748532,0.05285790649,0.5962634904,0.317435708,0,-1.21527747,4.383650013,-3.186145597
42.31,-65.00730785,0.05285908298,0.5962636264,0.317435942,0,-1.215357021,4.383727812,-3.186092355
42.32,-65.00713089,0.05286025651,0.596263755,0.3174361805,0,-1.215436361,4.383805674,-3.186039268
42.33,-65.00695445,0.05286142707,0.5962638762,0.3174364236,0,-1.215515491,4.383883597,-3.185986335
42.34,-65.00677853,0.05286259465,0.59626399,0.3174366712,0,-1.215594409,4.38396158,-3.185933558
42.35,-65.00660312,0.05286375924,0.5962640965,0.3174369232,0,-1.215673114,4.38403962,-3.185880937
42.36,-65.00642824,0.05286492083,0.5962641956,0.3174371797,0,-1.215751606,4.384117717,-3.185828472
42.37,-65.00625388,0.05286607941,0.5962642875,0.3174374407,0,-1.215829885,4.384195868,-3.185776163
42.38,-65.00608004,0.05286723498,0.5962643722,0.317437706,0,-1.215907949,4.384274072,-3.185724011
42.39,-65.00590672,0.05286838751,0.5962644496,0.3174379757,0,-1.215985799,4.384352327,-3.185672016
42.4,-65.00573393,0.05286953702,0.5962645198,0.3174382498,0,-1.216063433,4.384430632,-3.185620178
42.41,-65.00556166,0.05287068347,0.5962645828,0.3174385282,0,-1.216140851,4.384508985,-3.185568498
42.42,-65.00538992,0.05287182687,0.5962646388,0.3174388109,0,-1.216218053,4.384587384,-3.185516976
42.43,-65.00521871,0.05287296721,0.5962646876,0.3174390979,0,-1.216295038,4.384665828,-3.185465612
42.44,-65.00504802,0.05287410448,0.5962647293,0.3174393892,0,-1.216371805,4.384744315,-3.185414407
42.45,-65.00487787,0.05287523867,0.5962647641,0.3174396847,0,-1.216448354,4.384822844,-3.185363361
42.46,-65.00470825,0.05287636977,0.5962647918,0.3174399845,0,-1.216524684,4.384901412,-3.185312474
42.47,-65.00453916,0.05287749777,0.5962648125,0.3174402885,0,-1.216600795,4.384980019,-3.185261747
42.48,-65.0043706,0.05287862266,0.5962648262,0.3174405966,0,-1.216676686,4.385058662,-3.185211179
42.49,-65.00420257,0.05287974445,0.5962648331,0.3174409089,0,-1.216752356,4.38513734,-3.185160772
42.5,-65.00403508,0.05288086311,0.596264833,0.3174412253,0,-1.216827806,4.385216052,-3.185110524
42.51,-65.00386813,0.05288197864,0.5962648261,0.3174415459,0,-1.216903035,4.385294796,-3.185060438
42.52,-65.00370171,0.05288309103,0.5962648124,0.3174418705,0,-1.216978041,4.385373571,-3.185010513
42.53,-65.00353583,0.05288420028,0.5962647918,0.3174421992,0,-1.217052825,4.385452374,-3.184960748
42.54,-65.00337048,0.05288530637,0.5962647645,0.3174425319,0,-1.217127386,4.385531204,-3.184911145
42.55,-65.00320568,0.0528864093,0.5962647304,0.3174428687,0,-1.217201724,4.38561006,-3.184861704
42.56,-65.00304142,0.05288750906,0.5962646897,0.3174432094,0,-1.217275838,4.38568894,-3.184812425
42.57,-65.00287769,0.05288860564,0.5962646422,0.3174435542,0,-1.217349728,4.385767843,-3.184763308
42.58,-65.00271451,0.05288969905,0.5962645881,0.3174439029,0,-1.217423393,4.385846767,-3.184714354
42.59,-65.00255188,0.05289078925,0.5962645274,0.3174442555,0,-1.217496832,4.38592571,-3.184665563
42.6,-65.00238978,0.05289187626,0.59626446,0.317444612,0,-1.217570046,4.386004671,-3.184616934
42.61,-65.00222823,0.05289296007,0.5962643861,0.3174449724,0,-1.217643034,4.386083649,-3.184568469
42.62,-65.00206722,0.05289404066,0.5962643057,0.3174453367,0,-1.217715795,4.386162642,-3.184520167
42.63,-65.00190676,0.05289511803,0.5962642188,0.3174457048,0,-1.217788328,4.386241648,-3.184472029
42.64,-65.00174685,0.05289619217,0.5962641254,0.3174460768,0,-1.217860635,4.386320666,-3.184424055
42.65,-65.00158748,0.05289726308,0.5962640256,0.3174464525,0,-1.217932713,4.386399694,-3.184376245
42.66,-65.00142866,0.05289833075,0.5962639193,0.317446832,0,-1.218004563,4.386478732,-3.184328599
42.67,-65.00127039,0.05289939517,0.5962638067,0.3174472153,0,-1.218076184,4.386557777,-3.184281118
42.68,-65.00111267,0.05290045633,0.5962636877,0.3174476023,0,-1.218147576,4.386636828,-3.184233802
42.69,-65.0009555,0.05290151424,0.5962635624,0.317447993,0,-1.218218738,4.386715883,-3.184186651
42.7,-65.00079888,0.05290256888,0.5962634308,0.3174483874,0,-1.21828967,4.386794942,-3.184139665
42.71,-65.00064282,0.05290362024,0.596263293,0.3174487854,0,-1.218360372,4.386874002,-3.184092845
42.72,-65.0004873,0.05290466832,0.5962631489,0.3174491871,0,-1.218430843,4.386953062,-3.18404619
42.73,-65.00033234,0.05290571312,0.5962629986,0.3174495924,0,-1.218501082,4.387032121,-3.183999701
42.74,-65.00017793,0.05290675463,0.5962628421,0.3174500013,0,-1.21857109,4.387111176,-3.183953378
42.75,-65.00002407,0.05290779283,0.5962626795,0.3174504138,0,-1.218640866,4.387190228,-3.183907222
42.76,-64.99987077,0.05290882774,0.5962625108,0.3174508299,0,-1.21871041,4.387269274,-3.183861231
42.77,-64.99971802,0.05290985933,0.596262336,0.3174512494,0,-1.218779721,4.387348313,-3.183815407
42.78,-64.99956583,0.05291088761,0.5962621551,0.3174516725,0,-1.218848799,4.387427344,-3.18376975
42.79,-64.9994142,0.05291191256,0.5962619682,0.3174520991,0,-1.218917643,4.387506364,-3.18372426
42.8,-64.99926312,0.05291293419,0.5962617754,0.3174525291,0,-1.218986254,4.387585373,-3.183678937
42.81,-64.9991126,0.05291395249,0.5962615765,0.3174529626,0,-1.21905463,4.38766437,-3.183633781
42.82,-64.99896264,0.05291496744,0.5962613718,0.3174533995,0,-1.219122772,4.387743352,-3.183588793
42.83,-64.99881324,0.05291597906,0.5962611611,0.3174538398,0,-1.219190679,4.387822319,-3.183543972
42.84,-64.9986644,0.05291698732,0.5962609446,0.3174542835,0,-1.219258351,4.387901268,-3.183499319
42.85,-64.99851611,0.05291799223,0.5962607222,0.3174547305,0,-1.219325788,4.3879802,-3.183454834
42.86,-64.99836839,0.05291899379,0.596260494,0.3174551808,0,-1.219392989,4.388059111,-3.183410517
42.87,-64.99822122,0.05291999197,0.59626026,0.3174556345,0,-1.219459954,4.388138002,-3.183366367
42.88,-64.99807462,0.05292098679,0.5962600202,0.3174560915,0,-1.219526682,4.38821687,-3.183322387
42.89,-64.99792858,0.05292197824,0.5962597748,0.3174565517,0,-1.219593174,4.388295714,-3.183278574
42.9,-64.9977831,0.0529229663,0.5962595236,0.3174570152,0,-1.219659429,4.388374533,-3.18323493
42.91,-64.99763818,0.05292395099,0.5962592668,0.3174574819,0,-1.219725446,4.388453326,-3.183191455
42.92,-64.99749383,0.05292493228,0.5962590043,0.3174579518,0,-1.219791226,4.38853209,-3.183148149
42.93,-64.99735004,0.05292591018,0.5962587362,0.3174584249,0,-1.219856769,4.388610826,-3.183105012
42.94,-64.99720681,0.05292688468,0.5962584626,0.3174589012,0,-1.219922073,4.388689531,-3.183062043
42.95,-64.99706415,0.05292785579,0.5962581834,0.3174593806,0,-1.219987139,4.388768204,-3.183019244
42.96,-64.99692205,0.05292882348,0.5962578987,0.3174598631,0,-1.220051966,4.388846844,-3.182976614
42.97,-64.99678051,0.05292978777,0.5962576085,0.3174603487,0,-1.220116554,4.388925449,-3.182934154
42.98,-64.99663954,0.05293074864,0.5962573128,0.3174608373,0,-1.220180904,4.389004019,-3.182891863
42.99,-64.99649914,0.05293170609,0.5962570118,0.3174613291,0,-1.220245014,4.389082551,-3.182849741
43,-64.9963593,0.05293266013,0.5962567053,0.3174618238,0,-1.220308884,4.389161045,-3.18280779
43.01,-64.99622003,0.05293361073,0.5962563934,0.3174623216,0,-1.220372515,4.389239499,-3.182766008
43.02,-64.99608132,0.0529345579,0.5962560762,0.3174628224,0,-1.220435905,4.389317913,-3.182724396
43.03,-64.99594318,0.05293550164,0.5962557537,0.3174633261,0,-1.220499055,4.389396284,-3.182682953
43.04,-64.9958056,0.05293644195,0.596255426,0.3174638328,0,-1.220561965,4.389474611,-3.182641681
43.05,-64.9956686,0.05293737881,0.5962550929,0.3174643424,0,-1.220624634,4.389552894,-3.182600579
43.06,-64.99553216,0.05293831222,0.5962547547,0.3174648549,0,-1.220687062,4.38963113,-3.182559647
43.07,-64.99539629,0.05293924219,0.5962544112,0.3174653702,0,-1.22074925,4.389709319,-3.182518886
43.08,-64.99526098,0.05294016871,0.5962540626,0.3174658885,0,-1.220811195,4.38978746,-3.182478294
43.09,-64.99512625,0.05294109177,0.5962537089,0.3174664096,0,-1.2208729,4.389865551,-3.182437874
43.1,-64.99499208,0.05294201137,0.59625335,0.3174669335,0,-1.220934362,4.389943591,-3.182397623
43.11,-64.99485848,0.05294292751,0.5962529861,0.3174674602,0,-1.220995583,4.390021578,-3.182357543
43.12,-64.99472545,0.05294384019,0.5962526171,0.3174679896,0,-1.221056561,4.390099512,-3.182317634
43.13,-64.99459298,0.0529447494,0.5962522432,0.3174685219,0,-1.221117298,4.390177391,-3.182277895
43.14,-64.99446109,0.05294565513,0.5962518642,0.3174690568,0,-1.221177792,4.390255214,-3.182238327
43.15,-64.99432977,0.0529465574,0.5962514803,0.3174695945,0,-1.221238044,4.39033298,-3.18219893
43.16,-64.99419901,0.05294745619,0.5962510914,0.3174701349,0,-1.221298052,4.390410687,-3.182159703
43.17,-64.99406882,0.0529483515,0.5962506976,0.3174706779,0,-1.221357818,4.390488335,-3.182120647
43.18,-64.99393921,0.05294924332,0.596250299,0.3174712236,0,-1.221417341,4.390565922,-3.182081762
43.19,-64.99381016,0.05295013167,0.5962498955,0.3174717719,0,-1.221476621,4.390643447,-3.182043048
43.2,-64.99368168,0.05295101653,0.5962494873,0.3174723229,0,-1.221535658,4.390720909,-3.182004505
43.21,-64.99355378,0.05295189789,0.5962490742,0.3174728764,0,-1.221594451,4.390798307,-3.181966133
43.22,-64.99342644,0.05295277577,0.5962486564,0.3174734325,0,-1.221653001,4.390875639,-3.181927931
43.23,-64.99329967,0.05295365015,0.5962482338,0.3174739911,0,-1.221711307,4.390952904,-3.181889901
43.24,-64.99317347,0.05295452104,0.5962478066,0.3174745523,0,-1.221769369,4.391030102,-3.181852042
43.25,-64.99304784,0.05295538843,0.5962473747,0.3174751159,0,-1.221827188,4.39110723,-3.181814353
43.26,-64.99292279,0.05295625232,0.5962469381,0.3174756821,0,-1.221884762,4.391184289,-3.181776836
43.27,-64.9927983,0.0529571127,0.5962464969,0.3174762507,0,-1.221942092,4.391261276,-3.181739489
43.28,-64.99267438,0.05295796959,0.5962460512,0.3174768217,0,-1.221999178,4.39133819,-3.181702314
43.29,-64.99255103,0.05295882296,0.5962456009,0.3174773952,0,-1.22205602,4.391415031,-3.181665309
43.3,-64.99242825,0.05295967283,0.5962451461,0.3174779711,0,-1.222112618,4.391491798,-3.181628476
43.31,-64.99230605,0.05296051919,0.5962446868,0.3174785494,0,-1.222168971,4.391568489,-3.181591814
43.32,-64.99218441,0.05296136204,0.596244223,0.31747913,0,-1.22222508,4.391645102,-3.181555322
43.33,-64.99206334,0.05296220138,0.5962437548,0.317479713,0,-1.222280944,4.391721638,-3.181519002
43.34,-64.99194284,0.0529630372,0.5962432821,0.3174802983,0,-1.222336563,4.391798095,-3.181482852
43.35,-64.99182291,0.05296386951,0.5962428051,0.3174808859,0,-1.222391938,4.391874471,-3.181446874
43.36,-64.99170355,0.0529646983,0.5962423238,0.3174814758,0,-1.222447067,4.391950766,-3.181411066
43.37,-64.99158477,0.05296552357,0.5962418381,0.3174820679,0,-1.222501953,4.392026979,-3.18137543
43.38,-64.99146655,0.05296634532,0.5962413481,0.3174826623,0,-1.222556593,4.392103108,-3.181339964
43.39,-64.9913489,0.05296716355,0.5962408538,0.3174832589,0,-1.222610988,4.392179153,-3.181304669
43.4,-64.99123182,0.05296797827,0.5962403553,0.3174838577,0,-1.222665138,4.392255112,-3.181269545
43.41,-64.99111531,0.05296878945,0.5962398526,0.3174844587,0,-1.222719044,4.392330984,-3.181234592
43.42,-64.99099936,0.05296959712,0.5962393458,0.3174850618,0,-1.222772704,4.392406769,-3.181199809
43.43,-64.99088399,0.05297040126,0.5962388347,0.3174856671,0,-1.222826119,4.392482465,-3.181165197
43.44,-64.99076919,0.05297120187,0.5962383196,0.3174862745,0,-1.222879289,4.392558071,-3.181130756
43.45,-64.99065495,0.05297199896,0.5962378003,0.317486884,0,-1.222932214,4.392633586,-3.181096485
43.46,-64.99054128,0.05297279253,0.596237277,0.3174874956,0,-1.222984894,4.392709009,-3.181062385
43.47,-64.99042819,0.05297358256,0.5962367496,0.3174881093,0,-1.223037329,4.392784339,-3.181028456
43.48,-64.99031565,0.05297436907,0.5962362182,0.317488725,0,-1.223089519,4.392859576,-3.180994696
43.49,-64.99020369,0.05297515205,0.5962356829,0.3174893427,0,-1.223141463,4.392934717,-3.180961108
43.5,-64.9900923,0.0529759315,0.5962351435,0.3174899624,0,-1.223193163,4.393009763,-3.180927689
43.51,-64.98998147,0.05297670742,0.5962346003,0.3174905841,0,-1.223244617,4.393084711,-3.180894441
43.52,-64.98987121,0.05297747981,0.5962340531,0.3174912078,0,-1.223295827,4.393159562,-3.180861363
43.53,-64.98976152,0.05297824868,0.5962335021,0.3174918334,0,-1.223346791,4.393234313,-3.180828455
43.54,-64.98965239,0.05297901401,0.5962329472,0.317492461,0,-1.223397511,4.393308965,-3.180795718
43.55,-64.98954383,0.05297977581,0.5962323885,0.3174930904,0,-1.223447985,4.393383516,-3.18076315
43.56,-64.98943584,0.05298053409,0.596231826,0.3174937217,0,-1.223498214,4.393457964,-3.180730752
43.57,-64.98932841,0.05298128883,0.5962312598,0.3174943549,0,-1.223548199,4.39353231,-3.180698524
43.58,-64.98922155,0.05298204005,0.5962306898,0.31749499,0,-1.223597938,4.393606552,-3.180666465
43.59,-64.98911526,0.05298278774,0.5962301161,0.3174956269,0,-1.223647433,4.393680689,-3.180634577
43.6,-64.98900952,0.05298353189,0.5962295388,0.3174962656,0,-1.223696683,4.393754721,-3.180602857
43.61,-64.98890436,0.05298427252,0.5962289577,0.317496906,0,-1.223745688,4.393828646,-3.180571308
43.62,-64.98879976,0.05298500962,0.5962283731,0.3174975483,0,-1.223794448,4.393902463,-3.180539927
43.63,-64.98869572,0.05298574319,0.5962277848,0.3174981923,0,-1.223842964,4.393976171,-3.180508716
43.64,-64.98859225,0.05298647324,0.596227193,0.317498838,0,-1.223891236,4.39404977,-3.180477674
43.65,-64.98848934,0.05298719976,0.5962265977,0.3174994854,0,-1.223939263,4.394123259,-3.180446801
43.66,-64.98838699,0.05298792275,0.5962259988,0.3175001346,0,-1.223987045,4.394196636,-3.180416097
43.67,-64.98828521,0.05298864221,0.5962253964,0.3175007854,0,-1.224034583,4.394269901,-3.180385562
43.68,-64.98818399,0.05298935815,0.5962247906,0.3175014379,0,-1.224081877,4.394343053,-3.180355196
43.69,-64.98808333,0.05299007057,0.5962241814,0.317502092,0,-1.224128927,4.39441609,-3.180324998
43.7,-64.98798323,0.05299077946,0.5962235687,0.3175027477,0,-1.224175733,4.394489013,-3.180294969
43.71,-64.98788369,0.05299148484,0.5962229527,0.317503405,0,-1.224222294,4.39456182,-3.180265108
43.72,-64.98778472,0.05299218669,0.5962223333,0.317504064,0,-1.224268612,4.39463451,-3.180235415
43.73,-64.9876863,0.05299288502,0.5962217105,0.3175047244,0,-1.224314687,4.394707082,-3.180205891
43.74,-64.98758845,0.05299357983,0.5962210845,0.3175053864,0,-1.224360517,4.394779536,-3.180176534
43.75,-64.98749115,0.05299427112,0.5962204552,0.31750605,0,-1.224406104,4.39485187,-3.180147346
43.76,-64.98739442,0.0529949589,0.5962198227,0.3175067151,0,-1.224451448,4.394924084,-3.180118325
43.77,-64.98729824,0.05299564316,0.5962191869,0.3175073816,0,-1.224496548,4.394996178,-3.180089471
43.78,-64.98720262,0.0529963239,0.596218548,0.3175080496,0,-1.224541406,4.395068149,-3.180060786
43.79,-64.98710756,0.05299700114,0.5962179059,0.3175087191,0,-1.22458602,4.395139997,-3.180032267
43.8,-64.98701305,0.05299767486,0.5962172606,0.31750939,0,-1.224630391,4.395211722,-3.180003916
43.81,-64.98691911,0.05299834508,0.5962166123,0.3175100623,0,-1.22467452,4.395283322,-3.179975732
43.82,-64.98682571,0.05299901178,0.5962159608,0.317510736,0,-1.224718406,4.395354797,-3.179947714
43.83,-64.98673288,0.05299967498,0.5962153063,0.3175114111,0,-1.224762049,4.395426146,-3.179919864
43.84,-64.9866406,0.05300033467,0.5962146488,0.3175120876,0,-1.22480545,4.395497367,-3.17989218
43.85,-64.98654887,0.05300099087,0.5962139882,0.3175127654,0,-1.224848609,4.395568461,-3.179864662
43.86,-64.9864577,0.05300164356,0.5962133247,0.3175134445,0,-1.224891526,4.395639427,-3.179837311
43.87,-64.98636708,0.05300229275,0.5962126582,0.3175141249,0,-1.224934202,4.395710263,-3.179810125
43.88,-64.98627702,0.05300293844,0.5962119888,0.3175148067,0,-1.224976635,4.395780969,-3.179783106
43.89,-64.98618751,0.05300358064,0.5962113165,0.3175154897,0,-1.225018827,4.395851544,-3.179756253
43.9,-64.98609855,0.05300421934,0.5962106413,0.3175161739,0,-1.225060778,4.395921987,-3.179729565
43.91,-64.98601014,0.05300485456,0.5962099633,0.3175168594,0,-1.225102487,4.395992298,-3.179703043
43.92,-64.98592228,0.05300548628,0.5962092824,0.3175175461,0,-1.225143956,4.396062475,-3.179676685
43.93,-64.98583498,0.05300611452,0.5962085987,0.317518234,0,-1.225185184,4.396132518,-3.179650493
43.94,-64.98574822,0.05300673927,0.5962079123,0.3175189231,0,-1.225226171,4.396202427,-3.179624466
43.95,-64.98566201,0.05300736054,0.5962072231,0.3175196134,0,-1.225266917,4.3962722,-3.179598604
43.96,-64.98557635,0.05300797833,0.5962065313,0.3175203048,0,-1.225307424,4.396341836,-3.179572906
43.97,-64.98549124,0.05300859265,0.5962058367,0.3175209973,0,-1.22534769,4.396411335,-3.179547373
43.98,-64.98540668,0.05300920349,0.5962051394,0.317521691,0,-1.225387717,4.396480697,-3.179522004
43.99,-64.98532266,0.05300981085,0.5962044395,0.3175223857,0,-1.225427504,4.39654992,-3.179496799
44,-64.98523919,0.05301041475,0.596203737,0.3175230815,0,-1.225467052,4.396619004,-3.179471758
44.01,-64.98515627,0.05301101518,0.5962030319,0.3175237784,0,-1.22550636,4.396687947,-3.17944688
44.02,-64.98507389,0.05301161214,0.5962023242,0.3175244763,0,-1.22554543,4.39675675,-3.179422166
44.03,-64.98499205,0.05301220564,0.596201614,0.3175251753,0,-1.225584261,4.396825412,-3.179397615
44.04,-64.98491076,0.05301279569,0.5962009012,0.3175258752,0,-1.225622853,4.396893931,-3.179373227
44.05,-64.98483001,0.05301338227,0.596200186,0.3175265762,0,-1.225661207,4.396962307,-3.179349002
44.06,-64.9847498,0.05301396541,0.5961994683,0.3175272781,0,-1.225699323,4.39703054,-3.179324939
44.07,-64.98467013,0.05301454509,0.5961987482,0.317527981,0,-1.225737201,4.397098628,-3.17930104
44.08,-64.98459101,0.05301512133,0.5961980256,0.3175286849,0,-1.225774841,4.397166572,-3.179277302
44.09,-64.98451242,0.05301569412,0.5961973007,0.3175293896,0,-1.225812244,4.39723437,-3.179253726
44.1,-64.98443437,0.05301626347,0.5961965734,0.3175300953,0,-1.22584941,4.397302021,-3.179230312
44.11,-64.98435687,0.05301682939,0.5961958437,0.3175308018,0,-1.22588634,4.397369526,-3.17920706
44.12,-64.9842799,0.05301739187,0.5961951118,0.3175315093,0,-1.225923032,4.397436883,-3.179183969
44.13,-64.98420346,0.05301795091,0.5961943775,0.3175322176,0,-1.225959489,4.397504091,-3.179161039
44.14,-64.98412757,0.05301850653,0.596193641,0.3175329267,0,-1.225995709,4.397571151,-3.17913827
44.15,-64.98405221,0.05301905873,0.5961929022,0.3175336366,0,-1.226031693,4.397638061,-3.179115662
44.16,-64.98397738,0.0530196075,0.5961921613,0.3175343474,0,-1.226067442,4.39770482,-3.179093214
44.17,-64.98390309,0.05302015286,0.5961914181,0.317535059,0,-1.226102955,4.397771429,-3.179070927
44.18,-64.98382933,0.0530206948,0.5961906728,0.3175357713,0,-1.226138234,4.397837886,-3.179048799
44.19,-64.98375611,0.05302123333,0.5961899253,0.3175364844,0,-1.226173278,4.397904191,-3.179026832
44.2,-64.98368341,0.05302176845,0.5961891757,0.3175371982,0,-1.226208087,4.397970344,-3.179005024
44.21,-64.98361125,0.05302230017,0.596188424,0.3175379128,0,-1.226242662,4.398036343,-3.178983375
44.22,-64.98353962,0.05302282849,0.5961876702,0.317538628,0,-1.226277004,4.398102187,-3.178961886
44.23,-64.98346852,0.05302335342,0.5961869144,0.317539344,0,-1.226311111,4.398167877,-3.178940555
44.24,-64.98339794,0.05302387495,0.5961861566,0.3175400606,0,-1.226344986,4.398233412,-3.178919383
44.25,-64.9833279,0.05302439309,0.5961853967,0.3175407779,0,-1.226378627,4.398298791,-3.178898369
44.26,-64.98325838,0.05302490785,0.5961846349,0.3175414959,0,-1.226412036,4.398364014,-3.178877513
44.27,-64.98318939,0.05302541923,0.5961838712,0.3175422144,0,-1.226445212,4.39842908,-3.178856816
44.28,-64.98312092,0.05302592723,0.5961831055,0.3175429336,0,-1.226478156,4.398493988,-3.178836276
44.29,-64.98305298,0.05302643186,0.5961823379,0.3175436534,0,-1.226510868,4.398558737,-3.178815893
44.3,-64.98298556,0.05302693312,0.5961815684,0.3175443738,0,-1.226543349,4.398623328,-3.178795667
44.31,-64.98291866,0.05302743102,0.5961807971,0.3175450947,0,-1.226575599,4.39868776,-3.178775599
44.32,-64.98285229,0.05302792556,0.5961800239,0.3175458162,0,-1.226607618,4.398752032,-3.178755687
44.33,-64.98278644,0.05302841674,0.596179249,0.3175465382,0,-1.226639406,4.398816143,-3.178735931
44.34,-64.98272111,0.05302890457,0.5961784722,0.3175472607,0,-1.226670964,4.398880094,-3.178716332
44.35,-64.98265629,0.05302938905,0.5961776937,0.3175479838,0,-1.226702293,4.398943883,-3.178696888
44.36,-64.982592,0.05302987019,0.5961769135,0.3175487073,0,-1.226733391,4.39900751,-3.1786776
44.37,-64.98252822,0.05303034799,0.5961761315,0.3175494313,0,-1.226764261,4.399070974,-3.178658467
44.38,-64.98246496,0.05303082245,0.5961753479,0.3175501558,0,-1.226794902,4.399134275,-3.178639489
44.39,-64.98240222,0.05303129359,0.5961745626,0.3175508807,0,-1.226825314,4.399197412,-3.178620666
44.4,-64.98233999,0.0530317614,0.5961737756,0.317551606,0,-1.226855498,4.399260385,-3.178601998
44.41,-64.98227828,0.05303222589,0.596172987,0.3175523317,0,-1.226885454,4.399323194,-3.178583483
44.42,-64.98221708,0.05303268707,0.5961721968,0.3175530579,0,-1.226915182,4.399385837,-3.178565123
44.43,-64.98215639,0.05303314493,0.5961714051,0.3175537844,0,-1.226944684,4.399448315,-3.178546916
44.44,-64.98209621,0.05303359949,0.5961706118,0.3175545113,0,-1.226973958,4.399510626,-3.178528863
44.45,-64.98203654,0.05303405075,0.5961698169,0.3175552385,0,-1.227003006,4.399572771,-3.178510963
44.46,-64.98197739,0.05303449871,0.5961690206,0.3175559661,0,-1.227031828,4.399634748,-3.178493216
44.47,-64.98191874,0.05303494337,0.5961682227,0.317556694,0,-1.227060425,4.399696558,-3.178475621
44.48,-64.9818606,0.05303538475,0.5961674235,0.3175574222,0,-1.227088796,4.399758199,-3.178458179
44.49,-64.98180296,0.05303582285,0.5961666227,0.3175581507,0,-1.227116942,4.399819672,-3.178440888
44.5,-64.98174583,0.05303625767,0.5961658206,0.3175588794,0,-1.227144863,4.399880976,-3.17842375
44.51,-64.98168921,0.05303668922,0.596165017,0.3175596084,0,-1.22717256,4.39994211,-3.178406763
44.52,-64.98163309,0.0530371175,0.5961642121,0.3175603377,0,-1.227200033,4.400003074,-3.178389926
44.53,-64.98157747,0.05303754252,0.5961634058,0.3175610672,0,-1.227227283,4.400063868,-3.178373241
44.54,-64.98152235,0.05303796428,0.5961625982,0.317561797,0,-1.22725431,4.40012449,-3.178356706
44.55,-64.98146774,0.05303838279,0.5961617893,0.3175625269,0,-1.227281114,4.400184942,-3.178340322
44.56,-64.98141362,0.05303879805,0.5961609792,0.317563257,0,-1.227307695,4.400245221,-3.178324087
44.57,-64.98136001,0.05303921007,0.5961601677,0.3175639873,0,-1.227334055,4.400305328,-3.178308002
44.58,-64.98130689,0.05303961886,0.596159355,0.3175647178,0,-1.227360193,4.400365263,-3.178292067
44.59,-64.98125427,0.05304002441,0.5961585411,0.3175654484,0,-1.22738611,4.400425024,-3.17827628
44.6,-64.98120214,0.05304042674,0.596157726,0.3175661791,0,-1.227411806,4.400484612,-3.178260643
44.61,-64.98115051,0.05304082585,0.5961569097,0.31756691,0,-1.227437282,4.400544026,-3.178245153
44.62,-64.98109937,0.05304122174,0.5961560923,0.3175676409,0,-1.227462538,4.400603265,-3.178229812
44.63,-64.98104873,0.05304161443,0.5961552738,0.317568372,0,-1.227487574,4.40066233,-3.178214619
44.64,-64.98099858,0.05304200391,0.5961544541,0.3175691031,0,-1.227512391,4.40072122,-3.178199573
44.65,-64.98094891,0.05304239019,0.5961536333,0.3175698343,0,-1.227536989,4.400779933,-3.178184674
44.66,-64.98089974,0.05304277328,0.5961528115,0.3175705655,0,-1.227561369,4.400838471,-3.178169922
44.67,-64.98085106,0.05304315318,0.5961519886,0.3175712968,0,-1.227585532,4.400896833,-3.178155317
44.68,-64.98080286,0.05304352991,0.5961511648,0.3175720281,0,-1.227609476,4.400955018,-3.178140858
44.69,-64.98075515,0.05304390345,0.5961503399,0.3175727594,0,-1.227633204,4.401013026,-3.178126545
44.7,-64.98070793,0.05304427383,0.596149514,0.3175734907,0,-1.227656715,4.401070856,-3.178112378
44.71,-64.98066118,0.05304464104,0.5961486871,0.317574222,0,-1.227680009,4.401128508,-3.178098355
44.72,-64.98061493,0.05304500509,0.5961478594,0.3175749532,0,-1.227703088,4.401185982,-3.178084478
44.73,-64.98056915,0.053045366,0.5961470307,0.3175756844,0,-1.227725951,4.401243278,-3.178070746
44.74,-64.98052386,0.05304572375,0.5961462011,0.3175764156,0,-1.2277486,4.401300395,-3.178057158
44.75,-64.98047905,0.05304607836,0.5961453706,0.3175771466,0,-1.227771034,4.401357332,-3.178043714
44.76,-64.98043471,0.05304642984,0.5961445393,0.3175778776,0,-1.227793254,4.40141409,-3.178030413
44.77,-64.98039085,0.05304677819,0.5961437071,0.3175786085,0,-1.22781526,4.401470667,-3.178017256
44.78,-64.98034747,0.05304712342,0.5961428742,0.3175793392,0,-1.227837053,4.401527065,-3.178004242
44.79,-64.98030457,0.05304746553,0.5961420404,0.3175800698,0,-1.227858634,4.401583282,-3.177991371
44.8,-64.98026214,0.05304780453,0.5961412058,0.3175808003,0,-1.227880002,4.401639318,-3.177978641
44.81,-64.98022018,0.05304814043,0.5961403706,0.3175815307,0,-1.227901158,4.401695172,-3.177966054
44.82,-64.9801787,0.05304847323,0.5961395345,0.3175822608,0,-1.227922103,4.401750845,-3.177953609
44.83,-64.98013768,0.05304880293,0.5961386978,0.3175829908,0,-1.227942837,4.401806336,-3.177941305
44.84,-64.98009714,0.05304912955,0.5961378603,0.3175837206,0,-1.22796336,4.401861645,-3.177929142
44.85,-64.98005707,0.05304945309,0.5961370222,0.3175844502,0,-1.227983673,4.401916771,-3.17791712
44.86,-64.98001746,0.05304977356,0.5961361835,0.3175851796,0,-1.228003777,4.401971715,-3.177905238
44.87,-64.97997832,0.05305009096,0.5961353441,0.3175859088,0,-1.228023671,4.402026475,-3.177893496
44.88,-64.97993965,0.05305040529,0.5961345041,0.3175866377,0,-1.228043357,4.402081052,-3.177881894
44.89,-64.97990144,0.05305071658,0.5961336635,0.3175873663,0,-1.228062835,4.402135446,-3.177870431
44.9,-64.97986369,0.05305102481,0.5961328223,0.3175880947,0,-1.228082105,4.402189655,-3.177859107
44.91,-64.9798264,0.05305133001,0.5961319806,0.3175888228,0,-1.228101168,4.40224368,-3.177847921
44.92,-64.97978958,0.05305163217,0.5961311383,0.3175895506,0,-1.228120024,4.402297521,-3.177836874
44.93,-64.97975322,0.0530519313,0.5961302955,0.3175902781,0,-1.228138673,4.402351177,-3.177825965
44.94,-64.97971731,0.05305222741,0.5961294523,0.3175910053,0,-1.228157117,4.402404648,-3.177815193
44.95,-64.97968186,0.0530525205,0.5961286085,0.3175917322,0,-1.228175356,4.402457933,-3.177804559
44.96,-64.97964687,0.05305281059,0.5961277643,0.3175924587,0,-1.228193389,4.402511033,-3.177794061
44.97,-64.97961233,0.05305309767,0.5961269197,0.3175931849,0,-1.228211218,4.402563947,-3.1777837
44.98,-64.97957825,0.05305338175,0.5961260746,0.3175939107,0,-1.228228844,4.402616675,-3.177773475
44.99,-64.97954462,0.05305366285,0.5961252292,0.3175946361,0,-1.228246265,4.402669217,-3.177763386
45,-64.97951144,0.05305394097,0.5961243833,0.3175953611,0,-1.228263484,4.402721573,-3.177753433
45.01,-64.97947871,0.05305421611,0.5961235371,0.3175960857,0,-1.228280501,4.402773741,-3.177743614
45.02,-64.97944643,0.05305448828,0.5961226906,0.3175968099,0,-1.228297315,4.402825723,-3.17773393
45.03,-64.9794146,0.05305475749,0.5961218437,0.3175975337,0,-1.228313928,4.402877517,-3.177724381
45.04,-64.97938322,0.05305502374,0.5961209966,0.3175982571,0,-1.22833034,4.402929124,-3.177714965
45.05,-64.97935228,0.05305528705,0.5961201491,0.31759898,0,-1.228346551,4.402980544,-3.177705684
45.06,-64.97932178,0.05305554741,0.5961193014,0.3175997024,0,-1.228362563,4.403031775,-3.177696535
45.07,-64.97929173,0.05305580484,0.5961184534,0.3176004244,0,-1.228378375,4.403082819,-3.177687519
45.08,-64.97926212,0.05305605934,0.5961176052,0.3176011458,0,-1.228393988,4.403133674,-3.177678636
45.09,-64.97923295,0.05305631093,0.5961167568,0.3176018668,0,-1.228409403,4.403184341,-3.177669886
45.1,-64.97920422,0.05305655959,0.5961159082,0.3176025873,0,-1.228424619,4.403234819,-3.177661267
45.11,-64.97917593,0.05305680536,0.5961150594,0.3176033073,0,-1.228439638,4.403285109,-3.177652779
45.12,-64.97914808,0.05305704822,0.5961142105,0.3176040267,0,-1.228454461,4.403335209,-3.177644423
45.13,-64.97912066,0.05305728819,0.5961133614,0.3176047456,0,-1.228469086,4.40338512,-3.177636197
45.14,-64.97909367,0.05305752527,0.5961125122,0.3176054639,0,-1.228483516,4.403434842,-3.177628102
45.15,-64.97906712,0.05305775948,0.5961116629,0.3176061817,0,-1.22849775,4.403484375,-3.177620136
45.16,-64.979041,0.05305799081,0.5961108135,0.3176068989,0,-1.22851179,4.403533717,-3.1776123
45.17,-64.97901531,0.05305821928,0.5961099641,0.3176076155,0,-1.228525635,4.40358287,-3.177604594
45.18,-64.97899005,0.0530584449,0.5961091146,0.3176083315,0,-1.228539286,4.403631833,-3.177597016
45.19,-64.97896522,0.05305866766,0.5961082651,0.3176090469,0,-1.228552744,4.403680606,-3.177589567
45.2,-64.97894082,0.05305888758,0.5961074155,0.3176097617,0,-1.228566009,4.403729188,-3.177582246
45.21,-64.97891684,0.05305910467,0.596106566,0.3176104758,0,-1.228579082,4.40377758,-3.177575052
45.22,-64.97889329,0.05305931893,0.5961057164,0.3176111894,0,-1.228591963,4.403825781,-3.177567986
45.23,-64.97887016,0.05305953037,0.596104867,0.3176119022,0,-1.228604653,4.403873792,-3.177561047
45.24,-64.97884745,0.053059739,0.5961040175,0.3176126144,0,-1.228617152,4.403921612,-3.177554235
45.25,-64.97882516,0.05305994482,0.5961031682,0.317613326,0,-1.22862946,4.40396924,-3.177547548
45.26,-64.97880329,0.05306014784,0.5961023189,0.3176140368,0,-1.22864158,4.404016678,-3.177540988
45.27,-64.97878184,0.05306034807,0.5961014698,0.317614747,0,-1.22865351,4.404063924,-3.177534553
45.28,-64.97876081,0.05306054552,0.5961006207,0.3176154564,0,-1.228665251,4.404110979,-3.177528243
45.29,-64.97874019,0.05306074019,0.5960997718,0.3176161651,0,-1.228676804,4.404157843,-3.177522058
45.3,-64.97871999,0.05306093209,0.5960989231,0.3176168732,0,-1.22868817,4.404204515,-3.177515997
45.31,-64.9787002,0.05306112123,0.5960980745,0.3176175804,0,-1.228699349,4.404250995,-3.17751006
45.32,-64.97868082,0.05306130762,0.5960972262,0.317618287,0,-1.228710342,4.404297283,-3.177504246
45.33,-64.97866185,0.05306149126,0.596096378,0.3176189927,0,-1.228721148,4.40434338,-3.177498556
45.34,-64.97864329,0.05306167217,0.5960955301,0.3176196978,0,-1.228731769,4.404389285,-3.177492988
45.35,-64.97862514,0.05306185034,0.5960946824,0.317620402,0,-1.228742206,4.404434997,-3.177487543
45.36,-64.9786074,0.05306202579,0.596093835,0.3176211054,0,-1.228752458,4.404480517,-3.177482219
45.37,-64.97859006,0.05306219852,0.5960929878,0.3176218081,0,-1.228762526,4.404525846,-3.177477018
45.38,-64.97857312,0.05306236855,0.5960921409,0.3176225099,0,-1.228772411,4.404570981,-3.177471937
45.39,-64.97855659,0.05306253588,0.5960912944,0.317623211,0,-1.228782114,4.404615925,-3.177466977
45.4,-64.97854046,0.05306270051,0.5960904481,0.3176239112,0,-1.228791635,4.404660676,-3.177462138
45.41,-64.97852473,0.05306286246,0.5960896022,0.3176246106,0,-1.228800974,4.404705234,-3.177457419
45.42,-64.9785094,0.05306302173,0.5960887567,0.3176253091,0,-1.228810132,4.4047496,-3.177452819
45.43,-64.97849446,0.05306317833,0.5960879115,0.3176260068,0,-1.228819109,4.404793774,-3.177448338
45.44,-64.97847992,0.05306333227,0.5960870667,0.3176267036,0,-1.228827907,4.404837754,-3.177443977
45.45,-64.97846578,0.05306348355,0.5960862223,0.3176273995,0,-1.228836526,4.404881542,-3.177439733
45.46,-64.97845203,0.05306363219,0.5960853783,0.3176280946,0,-1.228844965,4.404925137,-3.177435608
45.47,-64.97843867,0.0530637782,0.5960845348,0.3176287887,0,-1.228853227,4.404968539,-3.177431601
45.48,-64.9784257,0.05306392157,0.5960836917,0.317629482,0,-1.228861311,4.405011749,-3.17742771
45.49,-64.97841312,0.05306406231,0.5960828491,0.3176301744,0,-1.228869218,4.405054765,-3.177423937
45.5,-64.97840093,0.05306420045,0.596082007,0.3176308658,0,-1.228876948,4.405097589,-3.17742028
45.51,-64.97838913,0.05306433597,0.5960811653,0.3176315563,0,-1.228884502,4.405140219,-3.177416739
45.52,-64.97837771,0.0530644689,0.5960803242,0.3176322459,0,-1.228891881,4.405182657,-3.177413314
45.53,-64.97836668,0.05306459924,0.5960794836,0.3176329345,0,-1.228899086,4.405224902,-3.177410004
45.54,-64.97835603,0.05306472699,0.5960786435,0.3176336222,0,-1.228906116,4.405266953,-3.177406808
45.55,-64.97834576,0.05306485217,0.596077804,0.3176343088,0,-1.228912972,4.405308812,-3.177403728
45.56,-64.97833587,0.05306497478,0.5960769651,0.3176349946,0,-1.228919655,4.405350477,-3.177400761
45.57,-64.97832636,0.05306509483,0.5960761267,0.3176356793,0,-1.228926166,4.40539195,-3.177397908
45.58,-64.97831723,0.05306521233,0.596075289,0.3176363631,0,-1.228932505,4.405433229,-3.177395168
45.59,-64.97830847,0.05306532729,0.5960744518,0.3176370458,0,-1.228938672,4.405474315,-3.177392541
45.6,-64.97830009,0.05306543972,0.5960736153,0.3176377275,0,-1.228944669,4.405515209,-3.177390027
45.61,-64.97829208,0.05306554961,0.5960727795,0.3176384083,0,-1.228950495,4.405555909,-3.177387624
45.62,-64.97828444,0.05306565699,0.5960719443,0.317639088,0,-1.228956152,4.405596416,-3.177385333
45.63,-64.97827718,0.05306576185,0.5960711097,0.3176397666,0,-1.228961639,4.40563673,-3.177383154
45.64,-64.97827028,0.05306586422,0.5960702759,0.3176404442,0,-1.228966958,4.405676851,-3.177381085
45.65,-64.97826375,0.05306596409,0.5960694428,0.3176411208,0,-1.22897211,4.40571678,-3.177379126
45.66,-64.97825759,0.05306606147,0.5960686103,0.3176417963,0,-1.228977093,4.405756515,-3.177377278
45.67,-64.9782518,0.05306615637,0.5960677787,0.3176424707,0,-1.22898191,4.405796058,-3.177375539
45.68,-64.97824636,0.0530662488,0.5960669477,0.3176431441,0,-1.228986561,4.405835407,-3.177373909
45.69,-64.97824129,0.05306633878,0.5960661175,0.3176438164,0,-1.228991046,4.405874564,-3.177372388
45.7,-64.97823659,0.05306642629,0.5960652881,0.3176444875,0,-1.228995366,4.405913528,-3.177370976
45.71,-64.97823224,0.05306651136,0.5960644595,0.3176451576,0,-1.228999522,4.405952299,-3.177369671
45.72,-64.97822825,0.053066594,0.5960636317,0.3176458266,0,-1.229003514,4.405990877,-3.177368474
45.73,-64.97822462,0.0530666742,0.5960628047,0.3176464944,0,-1.229007343,4.406029263,-3.177367385
45.74,-64.97822134,0.05306675199,0.5960619785,0.3176471611,0,-1.229011008,4.406067456,-3.177366402
45.75,-64.97821842,0.05306682736,0.5960611532,0.3176478267,0,-1.229014512,4.406105457,-3.177365525
45.76,-64.97821585,0.05306690033,0.5960603287,0.3176484912,0,-1.229017854,4.406143265,-3.177364754
45.77,-64.97821363,0.0530669709,0.5960595051,0.3176491545,0,-1.229021036,4.406180881,-3.177364089
45.78,-64.97821176,0.05306703908,0.5960586824,0.3176498166,0,-1.229024057,4.406218304,-3.177363528
45.79,-64.97821024,0.05306710488,0.5960578606,0.3176504776,0,-1.229026918,4.406255536,-3.177363073
45.8,-64.97820907,0.05306716831,0.5960570396,0.3176511374,0,-1.22902962,4.406292575,-3.177362721
45.81,-64.97820825,0.05306722938,0.5960562196,0.317651796,0,-1.229032163,4.406329421,-3.177362474
45.82,-64.97820777,0.0530672881,0.5960554006,0.3176524535,0,-1.229034549,4.406366076,-3.17736233
45.83,-64.97820763,0.05306734446,0.5960545825,0.3176531097,0,-1.229036777,4.406402539,-3.177362289
45.84,-64.97820784,0.05306739849,0.5960537653,0.3176537648,0,-1.229038848,4.40643881,-3.177362351
45.85,-64.97820838,0.05306745019,0.5960529492,0.3176544186,0,-1.229040763,4.406474889,-3.177362515
45.86,-64.97820927,0.05306749957,0.596052134,0.3176550712,0,-1.229042522,4.406510777,-3.17736278
45.87,-64.97821049,0.05306754664,0.5960513198,0.3176557226,0,-1.229044127,4.406546473,-3.177363147
45.88,-64.97821205,0.0530675914,0.5960505066,0.3176563727,0,-1.229045577,4.406581977,-3.177363615
45.89,-64.97821395,0.05306763387,0.5960496945,0.3176570217,0,-1.229046873,4.40661729,-3.177364184
45.9,-64.97821618,0.05306767404,0.5960488834,0.3176576693,0,-1.229048016,4.406652412,-3.177364853
45.91,-64.97821874,0.05306771194,0.5960480733,0.3176583158,0,-1.229049006,4.406687342,-3.177365621
45.92,-64.97822163,0.05306774757,0.5960472643,0.3176589609,0,-1.229049844,4.406722082,-3.177366489
45.93,-64.97822485,0.05306778094,0.5960464564,0.3176596048,0,-1.229050531,4.406756631,-3.177367455
45.94,-64.9782284,0.05306781205,0.5960456495,0.3176602474,0,-1.229051067,4.406790988,-3.17736852
45.95,-64.97823228,0.05306784091,0.5960448438,0.3176608888,0,-1.229051453,4.406825155,-3.177369684
45.96,-64.97823648,0.05306786754,0.5960440392,0.3176615288,0,-1.229051689,4.406859132,-3.177370944
45.97,-64.97824101,0.05306789194,0.5960432357,0.3176621676,0,-1.229051775,4.406892918,-3.177372302
45.98,-64.97824586,0.05306791412,0.5960424333,0.317662805,0,-1.229051714,4.406926514,-3.177373757
45.99,-64.97825103,0.05306793409,0.5960416321,0.3176634412,0,-1.229051505,4.406959919,-3.177375309
46,-64.97825652,0.05306795186,0.5960408321,0.317664076,0,-1.229051148,4.406993135,-3.177376956
46.01,-64.97826233,0.05306796743,0.5960400332,0.3176647095,0,-1.229050645,4.407026161,-3.177378699
46.02,-64.97826846,0.05306798082,0.5960392355,0.3176653417,0,-1.229049995,4.407058997,-3.177380537
46.03,-64.9782749,0.05306799203,0.596038439,0.3176659726,0,-1.2290492,4.407091643,-3.177382469
46.04,-64.97828165,0.05306800107,0.5960376437,0.3176666021,0,-1.229048261,4.4071241,-3.177384496
46.05,-64.97828872,0.05306800794,0.5960368496,0.3176672302,0,-1.229047177,4.407156367,-3.177386617
46.06,-64.97829611,0.05306801267,0.5960360567,0.317667857,0,-1.229045949,4.407188446,-3.177388832
46.07,-64.9783038,0.05306801526,0.5960352651,0.3176684825,0,-1.229044579,4.407220335,-3.177391139
46.08,-64.9783118,0.05306801571,0.5960344747,0.3176691066,0,-1.229043066,4.407252036,-3.177393539
46.09,-64.9783201,0.05306801403,0.5960336856,0.3176697293,0,-1.229041411,4.407283548,-3.177396031
46.1,-64.97832872,0.05306801023,0.5960328978,0.3176703506,0,-1.229039615,4.407314871,-3.177398616
46.11,-64.97833764,0.05306800433,0.5960321113,0.3176709706,0,-1.229037678,4.407346006,-3.177401291
46.12,-64.97834686,0.05306799633,0.596031326,0.3176715892,0,-1.229035601,4.407376953,-3.177404058
46.13,-64.97835638,0.05306798623,0.5960305421,0.3176722063,0,-1.229033385,4.407407713,-3.177406915
46.14,-64.97836621,0.05306797405,0.5960297595,0.3176728221,0,-1.22903103,4.407438284,-3.177409862
46.15,-64.97837633,0.0530679598,0.5960289782,0.3176734365,0,-1.229028537,4.407468667,-3.177412899
46.16,-64.97838675,0.05306794348,0.5960281982,0.3176740494,0,-1.229025906,4.407498864,-3.177416025
46.17,-64.97839747,0.0530679251,0.5960274196,0.3176746609,0,-1.229023138,4.407528873,-3.17741924
46.18,-64.97840848,0.05306790467,0.5960266424,0.3176752711,0,-1.229020234,4.407558694,-3.177422544
46.19,-64.97841979,0.05306788221,0.5960258665,0.3176758797,0,-1.229017194,4.40758833,-3.177425936
46.2,-64.97843138,0.05306785771,0.596025092,0.317676487,0,-1.229014019,4.407617778,-3.177429415
46.21,-64.97844327,0.05306783119,0.5960243189,0.3176770928,0,-1.229010709,4.40764704,-3.177432982
46.22,-64.97845545,0.05306780265,0.5960235472,0.3176776971,0,-1.229007266,4.407676116,-3.177436635
46.23,-64.97846792,0.05306777211,0.5960227769,0.3176783,0,-1.229003689,4.407705005,-3.177440375
46.24,-64.97848067,0.05306773957,0.596022008,0.3176789015,0,-1.228999979,4.407733709,-3.177444201
46.25,-64.97849371,0.05306770504,0.5960212406,0.3176795014,0,-1.228996137,4.407762227,-3.177448112
46.26,-64.97850703,0.05306766853,0.5960204746,0.3176801,0,-1.228992163,4.40779056,-3.177452108
46.27,-64.97852063,0.05306763005,0.5960197101,0.317680697,0,-1.228988059,4.407818707,-3.17745619
46.28,-64.97853452,0.05306758961,0.596018947,0.3176812925,0,-1.228983824,4.40784667,-3.177460355
46.29,-64.97854868,0.05306754722,0.5960181854,0.3176818866,0,-1.22897946,4.407874447,-3.177464604
46.3,-64.97856312,0.05306750288,0.5960174253,0.3176824792,0,-1.228974966,4.407902041,-3.177468937
46.31,-64.97857784,0.0530674566,0.5960166666,0.3176830703,0,-1.228970344,4.407929449,-3.177473353
46.32,-64.97859284,0.05306740839,0.5960159095,0.3176836599,0,-1.228965594,4.407956674,-3.177477852
46.33,-64.97860811,0.05306735827,0.5960151539,0.317684248,0,-1.228960717,4.407983715,-3.177482432
46.34,-64.97862365,0.05306730623,0.5960143998,0.3176848346,0,-1.228955713,4.408010572,-3.177487095
46.35,-64.97863946,0.0530672523,0.5960136472,0.3176854196,0,-1.228950582,4.408037246,-3.177491839
46.36,-64.97865555,0.05306719647,0.5960128962,0.3176860032,0,-1.228945327,4.408063736,-3.177496664
46.37,-64.9786719,0.05306713875,0.5960121467,0.3176865852,0,-1.228939947,4.408090044,-3.177501569
46.38,-64.97868852,0.05306707916,0.5960113988,0.3176871657,0,-1.228934442,4.408116169,-3.177506555
46.39,-64.9787054,0.0530670177,0.5960106524,0.3176877446,0,-1.228928814,4.408142112,-3.17751162
46.4,-64.97872255,0.05306695438,0.5960099076,0.3176883221,0,-1.228923062,4.408167872,-3.177516765
46.41,-64.97873996,0.05306688921,0.5960091644,0.317688898,0,-1.228917188,4.408193451,-3.177521988
46.42,-64.97875763,0.0530668222,0.5960084228,0.3176894723,0,-1.228911193,4.408218847,-3.17752729
46.43,-64.97877557,0.05306675336,0.5960076828,0.3176900451,0,-1.228905076,4.408244063,-3.17753267
46.44,-64.97879376,0.05306668269,0.5960069444,0.3176906163,0,-1.228898838,4.408269097,-3.177538128
46.45,-64.97881221,0.05306661021,0.5960062076,0.317691186,0,-1.228892481,4.40829395,-3.177543663
46.46,-64.97883092,0.05306653592,0.5960054725,0.3176917541,0,-1.228886004,4.408318622,-3.177549275
46.47,-64.97884988,0.05306645983,0.596004739,0.3176923206,0,-1.228879408,4.408343115,-3.177554963
46.48,-64.97886909,0.05306638196,0.5960040071,0.3176928856,0,-1.228872694,4.408367427,-3.177560727
46.49,-64.97888856,0.0530663023,0.5960032769,0.317693449,0,-1.228865863,4.408391559,-3.177566567
46.5,-64.97890827,0.05306622087,0.5960025483,0.3176940108,0,-1.228858914,4.408415511,-3.177572481
46.51,-64.97892824,0.05306613768,0.5960018214,0.317694571,0,-1.228851849,4.408439285,-3.177578471
46.52,-64.97894845,0.05306605273,0.5960010962,0.3176951296,0,-1.228844669,4.408462879,-3.177584535
46.53,-64.97896891,0.05306596603,0.5960003727,0.3176956866,0,-1.228837373,4.408486294,-3.177590673
46.54,-64.97898961,0.0530658776,0.5959996509,0.3176962421,0,-1.228829963,4.408509531,-3.177596884
46.55,-64.97901056,0.05306578744,0.5959989308,0.3176967959,0,-1.228822438,4.40853259,-3.177603169
46.56,-64.97903175,0.05306569556,0.5959982124,0.3176973482,0,-1.2288148,4.408555471,-3.177609526
46.57,-64.97905319,0.05306560196,0.5959974957,0.3176978988,0,-1.22880705,4.408578174,-3.177615956
46.58,-64.97907486,0.05306550667,0.5959967807,0.3176984478,0,-1.228799187,4.4086007,-3.177622457
46.59,-64.97909677,0.05306540968,0.5959960675,0.3176989952,0,-1.228791213,4.408623049,-3.17762903
46.6,-64.97911891,0.053065311,0.595995356,0.317699541,0,-1.228783128,4.408645221,-3.177635674
46.61,-64.97914129,0.05306521065,0.5959946462,0.3177000851,0,-1.228774933,4.408667217,-3.177642388
46.62,-64.97916391,0.05306510862,0.5959939383,0.3177006276,0,-1.228766627,4.408689036,-3.177649173
46.63,-64.97918676,0.05306500494,0.595993232,0.3177011685,0,-1.228758213,4.40871068,-3.177656028
46.64,-64.97920984,0.05306489961,0.5959925276,0.3177017078,0,-1.22874969,4.408732148,-3.177662952
46.65,-64.97923315,0.05306479263,0.5959918249,0.3177022454,0,-1.228741059,4.408753441,-3.177669945
46.66,-64.97925669,0.05306468402,0.5959911241,0.3177027814,0,-1.228732321,4.408774559,-3.177677006
46.67,-64.97928045,0.05306457379,0.595990425,0.3177033157,0,-1.228723476,4.408795502,-3.177684136
46.68,-64.97930444,0.05306446194,0.5959897277,0.3177038484,0,-1.228714525,4.408816271,-3.177691333
46.69,-64.97932866,0.05306434848,0.5959890322,0.3177043794,0,-1.228705469,4.408836866,-3.177698598
46.7,-64.9793531,0.05306423342,0.5959883386,0.3177049088,0,-1.228696307,4.408857287,-3.17770593
46.71,-64.97937776,0.05306411677,0.5959876467,0.3177054365,0,-1.228687041,4.408877535,-3.177713328
46.72,-64.97940264,0.05306399853,0.5959869567,0.3177059625,0,-1.228677672,4.40889761,-3.177720793
46.73,-64.97942774,0.05306387873,0.5959862685,0.3177064869,0,-1.228668199,4.408917512,-3.177728323
46.74,-64.97945306,0.05306375735,0.5959855822,0.3177070097,0,-1.228658624,4.408937242,-3.177735919
46.75,-64.9794786,0.05306363442,0.5959848977,0.3177075307,0,-1.228648947,4.408956799,-3.177743579
46.76,-64.97950435,0.05306350995,0.5959842151,0.3177080501,0,-1.228639168,4.408976185,-3.177751304
46.77,-64.97953031,0.05306338393,0.5959835344,0.3177085678,0,-1.228629289,4.4089954,-3.177759093
46.78,-64.97955649,0.05306325638,0.5959828555,0.3177090838,0,-1.228619309,4.409014443,-3.177766946
46.79,-64.97958287,0.05306312731,0.5959821785,0.3177095982,0,-1.22860923,4.409033315,-3.177774862
46.8,-64.97960947,0.05306299673,0.5959815033,0.3177101108,0,-1.228599052,4.409052017,-3.177782841
46.81,-64.97963628,0.05306286464,0.5959808301,0.3177106218,0,-1.228588776,4.409070549,-3.177790883
46.82,-64.97966329,0.05306273106,0.5959801588,0.3177111311,0,-1.228578402,4.409088912,-3.177798986
46.83,-64.97969051,0.05306259598,0.5959794893,0.3177116386,0,-1.22856793,4.409107104,-3.177807152
46.84,-64.97971793,0.05306245943,0.5959788218,0.3177121445,0,-1.228557362,4.409125128,-3.177815378
46.85,-64.97974555,0.05306232141,0.5959781562,0.3177126487,0,-1.228546698,4.409142983,-3.177823666
46.86,-64.97977338,0.05306218192,0.5959774925,0.3177131512,0,-1.228535939,4.409160669,-3.177832014
46.87,-64.97980141,0.05306204098,0.5959768307,0.317713652,0,-1.228525085,4.409178188,-3.177840422
46.88,-64.97982963,0.05306189859,0.5959761709,0.3177141511,0,-1.228514136,4.409195539,-3.17784889
46.89,-64.97985806,0.05306175477,0.595975513,0.3177146484,0,-1.228503094,4.409212722,-3.177857417
46.9,-64.97988668,0.05306160952,0.595974857,0.3177151441,0,-1.228491959,4.409229738,-3.177866003
46.91,-64.97991549,0.05306146284,0.595974203,0.317715638,0,-1.228480732,4.409246588,-3.177874648
46.92,-64.9799445,0.05306131476,0.5959735509,0.3177161303,0,-1.228469412,4.409263272,-3.17788335
46.93,-64.9799737,0.05306116527,0.5959729008,0.3177166208,0,-1.228458002,4.409279789,-3.177892111
46.94,-64.98000309,0.05306101439,0.5959722527,0.3177171096,0,-1.2284465,4.409296141,-3.177900928
46.95,-64.98003268,0.05306086212,0.5959716066,0.3177175966,0,-1.228434909,4.409312328,-3.177909803
46.96,-64.98006245,0.05306070848,0.5959709624,0.317718082,0,-1.228423227,4.40932835,-3.177918734
46.97,-64.9800924,0.05306055346,0.5959703202,0.3177185656,0,-1.228411457,4.409344207,-3.177927721
46.98,-64.98012255,0.05306039708,0.59596968,0.3177190475,0,-1.228399599,4.409359901,-3.177936764
46.99,-64.98015287,0.05306023936,0.5959690418,0.3177195277,0,-1.228387653,4.40937543,-3.177945862
47,-64.98018338,0.05306008028,0.5959684056,0.3177200061,0,-1.22837562,4.409390797,-3.177955015
47.01,-64.98021408,0.05305991987,0.5959677714,0.3177204828,0,-1.2283635,4.409406,-3.177964223
47.02,-64.98024495,0.05305975814,0.5959671392,0.3177209577,0,-1.228351294,4.40942104,-3.177973485
47.03,-64.980276,0.05305959508,0.595966509,0.3177214309,0,-1.228339002,4.409435919,-3.1779828
47.04,-64.98030723,0.05305943072,0.5959658808,0.3177219024,0,-1.228326626,4.409450635,-3.177992169
47.05,-64.98033864,0.05305926505,0.5959652547,0.3177223721,0,-1.228314165,4.40946519,-3.178001591
47.06,-64.98037022,0.05305909809,0.5959646305,0.3177228401,0,-1.228301621,4.409479584,-3.178011066
47.07,-64.98040197,0.05305892984,0.5959640085,0.3177233064,0,-1.228288994,4.409493817,-3.178020592
47.08,-64.9804339,0.05305876032,0.5959633884,0.3177237709,0,-1.228276284,4.409507889,-3.178030171
47.09,-64.980466,0.05305858952,0.5959627704,0.3177242336,0,-1.228263492,4.409521802,-3.178039801
47.1,-64.98049827,0.05305841747,0.5959621545,0.3177246946,0,-1.228250618,4.409535555,-3.178049482
47.11,-64.98053071,0.05305824416,0.5959615406,0.3177251539,0,-1.228237664,4.409549149,-3.178059214
47.12,-64.98056332,0.05305806962,0.5959609287,0.3177256114,0,-1.228224629,4.409562584,-3.178068995
47.13,-64.98059609,0.05305789383,0.5959603189,0.3177260671,0,-1.228211515,4.40957586,-3.178078827
47.14,-64.98062903,0.05305771682,0.5959597112,0.3177265211,0,-1.228198322,4.409588979,-3.178088708
47.15,-64.98066213,0.05305753859,0.5959591055,0.3177269733,0,-1.22818505,4.40960194,-3.178098639
47.16,-64.98069539,0.05305735915,0.595958502,0.3177274238,0,-1.2281717,4.409614743,-3.178108618
47.17,-64.98072882,0.0530571785,0.5959579005,0.3177278725,0,-1.228158273,4.40962739,-3.178118645
47.18,-64.9807624,0.05305699666,0.5959573011,0.3177283194,0,-1.228144769,4.40963988,-3.17812872
47.19,-64.98079614,0.05305681364,0.5959567037,0.3177287646,0,-1.228131189,4.409652215,-3.178138843
47.2,-64.98083004,0.05305662944,0.5959561085,0.317729208,0,-1.228117533,4.409664393,-3.178149013
47.21,-64.9808641,0.05305644406,0.5959555153,0.3177296496,0,-1.228103802,4.409676416,-3.17815923
47.22,-64.98089831,0.05305625753,0.5959549243,0.3177300895,0,-1.228089996,4.409688285,-3.178169494
47.23,-64.98093268,0.05305606985,0.5959543353,0.3177305276,0,-1.228076117,4.409699999,-3.178179803
47.24,-64.98096719,0.05305588101,0.5959537485,0.317730964,0,-1.228062164,4.409711558,-3.178190158
47.25,-64.98100186,0.05305569105,0.5959531638,0.3177313986,0,-1.228048138,4.409722964,-3.178200558
47.26,-64.98103668,0.05305549995,0.5959525812,0.3177318314,0,-1.228034039,4.409734217,-3.178211003
47.27,-64.98107164,0.05305530773,0.5959520007,0.3177322624,0,-1.22801987,4.409745317,-3.178221493
47.28,-64.98110676,0.0530551144,0.5959514223,0.3177326917,0,-1.228005628,4.409756265,-3.178232027
47.29,-64.98114202,0.05305491997,0.595950846,0.3177331191,0,-1.227991317,4.409767061,-3.178242605
47.3,-64.98117742,0.05305472444,0.5959502719,0.3177335449,0,-1.227976935,4.409777704,-3.178253226
47.31,-64.98121297,0.05305452782,0.5959496999,0.3177339688,0,-1.227962483,4.409788197,-3.17826389
47.32,-64.98124866,0.05305433012,0.59594913,0.317734391,0,-1.227947963,4.409798539,-3.178274597
47.33,-64.98128449,0.05305413135,0.5959485623,0.3177348114,0,-1.227933374,4.409808731,-3.178285346
47.34,-64.98132046,0.05305393152,0.5959479967,0.31773523,0,-1.227918718,4.409818772,-3.178296137
47.35,-64.98135656,0.05305373063,0.5959474333,0.3177356468,0,-1.227903994,4.409828664,-3.178306969
47.36,-64.98139281,0.05305352869,0.595946872,0.3177360618,0,-1.227889203,4.409838407,-3.178317843
47.37,-64.98142919,0.05305332572,0.5959463129,0.3177364751,0,-1.227874347,4.409848002,-3.178328757
47.38,-64.98146571,0.05305312171,0.5959457559,0.3177368866,0,-1.227859424,4.409857448,-3.178339712
47.39,-64.98150236,0.05305291668,0.595945201,0.3177372963,0,-1.227844437,4.409866746,-3.178350707
47.4,-64.98153914,0.05305271063,0.5959446484,0.3177377043,0,-1.227829385,4.409875896,-3.178361741
47.41,-64.98157605,0.05305250358,0.5959440979,0.3177381104,0,-1.227814269,4.4098849,-3.178372815
47.42,-64.98161309,0.05305229552,0.5959435495,0.3177385148,0,-1.227799089,4.409893757,-3.178383928
47.43,-64.98165027,0.05305208647,0.5959430033,0.3177389174,0,-1.227783847,4.409902468,-3.17839508
47.44,-64.98168756,0.05305187644,0.5959424593,0.3177393182,0,-1.227768542,4.409911033,-3.178406269
47.45,-64.98172499,0.05305166544,0.5959419175,0.3177397172,0,-1.227753176,4.409919453,-3.178417497
47.46,-64.98176254,0.05305145346,0.5959413778,0.3177401145,0,-1.227737748,4.409927728,-3.178428762
47.47,-64.98180021,0.05305124053,0.5959408404,0.3177405099,0,-1.22772226,4.409935859,-3.178440064
47.48,-64.98183801,0.05305102664,0.5959403051,0.3177409036,0,-1.227706711,4.409943845,-3.178451403
47.49,-64.98187593,0.05305081181,0.5959397719,0.3177412955,0,-1.227691103,4.409951688,-3.178462778
47.5,-64.98191397,0.05305059604,0.595939241,0.3177416856,0,-1.227675436,4.409959388,-3.17847419
47.51,-64.98195212,0.05305037935,0.5959387123,0.3177420739,0,-1.22765971,4.409966945,-3.178485637
47.52,-64.9819904,0.05305016173,0.5959381857,0.3177424605,0,-1.227643926,4.40997436,-3.178497119
47.53,-64.98202879,0.0530499432,0.5959376613,0.3177428452,0,-1.227628085,4.409981633,-3.178508636
47.54,-64.98206729,0.05304972376,0.5959371392,0.3177432282,0,-1.227612186,4.409988764,-3.178520188
47.55,-64.98210592,0.05304950343,0.5959366192,0.3177436094,0,-1.227596231,4.409995755,-3.178531775
47.56,-64.98214465,0.05304928221,0.5959361014,0.3177439888,0,-1.227580221,4.410002605,-3.178543395
47.57,-64.9821835,0.0530490601,0.5959355859,0.3177443665,0,-1.227564155,4.410009315,-3.178555049
47.58,-64.98222245,0.05304883712,0.5959350725,0.3177447423,0,-1.227548034,4.410015885,-3.178566735
47.59,-64.98226152,0.05304861328,0.5959345613,0.3177451164,0,-1.227531859,4.410022317,-3.178578455
47.6,-64.98230069,0.05304838857,0.5959340524,0.3177454886,0,-1.22751563,4.410028609,-3.178590207
47.61,-64.98233997,0.05304816302,0.5959335456,0.3177458591,0,-1.227499348,4.410034763,-3.178601992
47.62,-64.98237936,0.05304793662,0.5959330411,0.3177462279,0,-1.227483013,4.410040779,-3.178613808
47.63,-64.98241885,0.05304770939,0.5959325388,0.3177465948,0,-1.227466626,4.410046658,-3.178625655
47.64,-64.98245845,0.05304748132,0.5959320387,0.3177469599,0,-1.227450188,4.4100524,-3.178637534
47.65,-64.98249814,0.05304725244,0.5959315408,0.3177473233,0,-1.227433698,4.410058005,-3.178649443
47.66,-64.98253794,0.05304702275,0.5959310451,0.3177476849,0,-1.227417157,4.410063474,-3.178661383
47.67,-64.98257784,0.05304679225,0.5959305516,0.3177480447,0,-1.227400567,4.410068808,-3.178673353
47.68,-64.98261784,0.05304656095,0.5959300604,0.3177484027,0,-1.227383927,4.410074006,-3.178685352
47.69,-64.98265794,0.05304632886,0.5959295714,0.317748759,0,-1.227367238,4.41007907,-3.178697381
47.7,-64.98269813,0.05304609599,0.5959290846,0.3177491135,0,-1.2273505,4.410083999,-3.178709439
47.71,-64.98273842,0.05304586234,0.5959286,0.3177494662,0,-1.227333714,4.410088794,-3.178721525
47.72,-64.9827788,0.05304562793,0.5959281177,0.3177498171,0,-1.227316881,4.410093456,-3.17873364
47.73,-64.98281928,0.05304539276,0.5959276375,0.3177501662,0,-1.227300001,4.410097986,-3.178745783
47.74,-64.98285984,0.05304515683,0.5959271597,0.3177505136,0,-1.227283074,4.410102382,-3.178757953
47.75,-64.9829005,0.05304492016,0.595926684,0.3177508592,0,-1.227266101,4.410106647,-3.178770151
47.76,-64.98294125,0.05304468276,0.5959262106,0.317751203,0,-1.227249083,4.41011078,-3.178782375
47.77,-64.98298209,0.05304444462,0.5959257394,0.317751545,0,-1.22723202,4.410114782,-3.178794627
47.78,-64.98302301,0.05304420576,0.5959252704,0.3177518853,0,-1.227214912,4.410118653,-3.178806904
47.79,-64.98306402,0.05304396619,0.5959248036,0.3177522238,0,-1.227197761,4.410122394,-3.178819207
47.8,-64.98310512,0.0530437259,0.5959243391,0.3177525605,0,-1.227180566,4.410126006,-3.178831536
47.81,-64.9831463,0.05304348492,0.5959238769,0.3177528955,0,-1.227163328,4.410129488,-3.178843891
47.82,-64.98318757,0.05304324325,0.5959234168,0.3177532286,0,-1.227146047,4.410132841,-3.17885627
47.83,-64.98322891,0.05304300088,0.595922959,0.31775356,0,-1.227128725,4.410136066,-3.178868674
47.84,-64.98327034,0.05304275784,0.5959225035,0.3177538897,0,-1.227111361,4.410139163,-3.178881102
47.85,-64.98331185,0.05304251413,0.5959220502,0.3177542176,0,-1.227093956,4.410142132,-3.178893554
47.86,-64.98335343,0.05304226976,0.5959215991,0.3177545437,0,-1.227076511,4.410144975,-3.178906029
47.87,-64.98339509,0.05304202473,0.5959211502,0.317754868,0,-1.227059026,4.410147691,-3.178918528
47.88,-64.98343683,0.05304177905,0.5959207036,0.3177551906,0,-1.227041502,4.410150281,-3.17893105
47.89,-64.98347865,0.05304153273,0.5959202593,0.3177555114,0,-1.227023938,4.410152745,-3.178943595
47.9,-64.98352054,0.05304128577,0.5959198171,0.3177558305,0,-1.227006336,4.410155084,-3.178956161
47.91,-64.9835625,0.05304103819,0.5959193773,0.3177561478,0,-1.226988696,4.410157299,-3.17896875
47.92,-64.98360453,0.05304078999,0.5959189396,0.3177564633,0,-1.226971019,4.410159389,-3.17898136
47.93,-64.98364664,0.05304054117,0.5959185042,0.3177567771,0,-1.226953305,4.410161355,-3.178993992
47.94,-64.98368882,0.05304029175,0.5959180711,0.3177570891,0,-1.226935554,4.410163199,-3.179006645
47.95,-64.98373106,0.05304004173,0.5959176401,0.3177573994,0,-1.226917767,4.410164919,-3.179019318
47.96,-64.98377337,0.05303979111,0.5959172115,0.3177577079,0,-1.226899944,4.410166517,-3.179032011
47.97,-64.98381575,0.05303953992,0.595916785,0.3177580146,0,-1.226882087,4.410167993,-3.179044725
47.98,-64.98385819,0.05303928814,0.5959163608,0.3177583196,0,-1.226864195,4.410169348,-3.179057458
47.99,-64.9839007,0.0530390358,0.5959159389,0.3177586229,0,-1.226846268,4.410170582,-3.179070211
48,-64.98394328,0.05303878289,0.5959155192,0.3177589244,0,-1.226828309,4.410171695,-3.179082983
48.01,-64.98398591,0.05303852943,0.5959151017,0.3177592242,0,-1.226810316,4.410172688,-3.179095773
48.02,-64.98402861,0.05303827541,0.5959146865,0.3177595222,0,-1.22679229,4.410173562,-3.179108582
48.03,-64.98407137,0.05303802086,0.5959142735,0.3177598184,0,-1.226774232,4.410174317,-3.17912141
48.04,-64.98411418,0.05303776577,0.5959138628,0.317760113,0,-1.226756143,4.410174953,-3.179134254
48.05,-64.98415706,0.05303751015,0.5959134543,0.3177604057,0,-1.226738022,4.410175471,-3.179147117
48.06,-64.98419999,0.05303725401,0.595913048,0.3177606968,0,-1.226719871,4.410175871,-3.179159996
48.07,-64.98424298,0.05303699735,0.595912644,0.3177609861,0,-1.226701689,4.410176154,-3.179172893
48.08,-64.98428602,0.05303674019,0.5959122422,0.3177612737,0,-1.226683478,4.41017632,-3.179185806
48.09,-64.98432912,0.05303648253,0.5959118427,0.3177615595,0,-1.226665237,4.41017637,-3.179198735
48.1,-64.98437227,0.05303622437,0.5959114454,0.3177618436,0,-1.226646967,4.410176305,-3.17921168
48.11,-64.98441547,0.05303596573,0.5959110504,0.317762126,0,-1.226628669,4.410176124,-3.179224641
48.12,-64.98445872,0.05303570661,0.5959106576,0.3177624066,0,-1.226610342,4.410175828,-3.179237617
48.13,-64.98450203,0.05303544701,0.595910267,0.3177626855,0,-1.226591989,4.410175417,-3.179250608
48.14,-64.98454538,0.05303518695,0.5959098786,0.3177629627,0,-1.226573608,4.410174893,-3.179263614
48.15,-64.98458878,0.05303492643,0.5959094925,0.3177632382,0,-1.226555201,4.410174256,-3.179276634
48.16,-64.98463223,0.05303466546,0.5959091087,0.3177635119,0,-1.226536767,4.410173505,-3.179289668
48.17,-64.98467572,0.05303440404,0.595908727,0.3177637839,0,-1.226518308,4.410172642,-3.179302716
48.18,-64.98471926,0.05303414218,0.5959083477,0.3177640542,0,-1.226499824,4.410171667,-3.179315778
48.19,-64.98476284,0.05303387989,0.5959079705,0.3177643228,0,-1.226481315,4.41017058,-3.179328852
48.2,-64.98480647,0.05303361717,0.5959075956,0.3177645897,0,-1.226462782,4.410169382,-3.17934194
48.21,-64.98485013,0.05303335403,0.5959072229,0.3177648548,0,-1.226444224,4.410168074,-3.17935504
48.22,-64.98489384,0.05303309049,0.5959068524,0.3177651183,0,-1.226425644,4.410166656,-3.179368153
48.23,-64.98493759,0.05303282653,0.5959064842,0.31776538,0,-1.22640704,4.410165128,-3.179381277
48.24,-64.98498138,0.05303256218,0.5959061182,0.31776564,0,-1.226388414,4.41016349,-3.179394413
48.25,-64.9850252,0.05303229743,0.5959057544,0.3177658983,0,-1.226369766,4.410161745,-3.179407561
48.26,-64.98506907,0.0530320323,0.5959053929,0.3177661549,0,-1.226351096,4.41015989,-3.17942072
48.27,-64.98511296,0.05303176679,0.5959050335,0.3177664099,0,-1.226332406,4.410157929,-3.179433889
48.28,-64.9851569,0.0530315009,0.5959046764,0.3177666631,0,-1.226313694,4.410155859,-3.17944707
48.29,-64.98520087,0.05303123465,0.5959043216,0.3177669146,0,-1.226294962,4.410153683,-3.17946026
48.3,-64.98524487,0.05303096804,0.5959039689,0.3177671644,0,-1.22627621,4.410151401,-3.17947346
48.31,-64.9852889,0.05303070107,0.5959036185,0.3177674125,0,-1.226257439,4.410149013,-3.17948667
48.32,-64.98533297,0.05303043376,0.5959032703,0.317767659,0,-1.226238649,4.410146519,-3.17949989
48.33,-64.98537706,0.05303016611,0.5959029243,0.3177679037,0,-1.22621984,4.410143921,-3.179513118
48.34,-64.98542118,0.05302989812,0.5959025805,0.3177681468,0,-1.226201014,4.410141218,-3.179526355
48.35,-64.98546534,0.05302962981,0.595902239,0.3177683882,0,-1.226182169,4.410138411,-3.179539601
48.36,-64.98550952,0.05302936117,0.5959018996,0.3177686279,0,-1.226163308,4.410135501,-3.179552855
48.37,-64.98555372,0.05302909222,0.5959015625,0.3177688659,0,-1.226144429,4.410132488,-3.179566117
48.38,-64.98559796,0.05302882296,0.5959012276,0.3177691023,0,-1.226125534,4.410129372,-3.179579387
48.39,-64.98564221,0.0530285534,0.5959008949,0.3177693369,0,-1.226106623,4.410126154,-3.179592664
48.4,-64.98568649,0.05302828354,0.5959005644,0.3177695699,0,-1.226087697,4.410122835,-3.179605948
48.41,-64.9857308,0.05302801339,0.5959002361,0.3177698013,0,-1.226068755,4.410119414,-3.179619239
48.42,-64.98577512,0.05302774296,0.59589991,0.3177700309,0,-1.226049799,4.410115893,-3.179632536
48.43,-64.98581947,0.05302747225,0.5958995862,0.3177702589,0,-1.226030829,4.410112272,-3.17964584
48.44,-64.98586383,0.05302720127,0.5958992645,0.3177704853,0,-1.226011844,4.410108551,-3.17965915
48.45,-64.98590822,0.05302693003,0.595898945,0.3177707099,0,-1.225992846,4.410104731,-3.179672465
48.46,-64.98595262,0.05302665853,0.5958986277,0.317770933,0,-1.225973836,4.410100812,-3.179685786
48.47,-64.98599704,0.05302638677,0.5958983126,0.3177711543,0,-1.225954812,4.410096795,-3.179699112
48.48,-64.98604148,0.05302611477,0.5958979997,0.317771374,0,-1.225935777,4.41009268,-3.179712443
48.49,-64.98608593,0.05302584253,0.595897689,0.3177715921,0,-1.225916729,4.410088468,-3.179725779
48.5,-64.9861304,0.05302557006,0.5958973805,0.3177718085,0,-1.22589767,4.410084159,-3.179739119
48.51,-64.98617488,0.05302529735,0.5958970742,0.3177720233,0,-1.225878601,4.410079754,-3.179752463
48.52,-64.98621937,0.05302502443,0.5958967701,0.3177722364,0,-1.22585952,4.410075253,-3.179765811
48.53,-64.98626387,0.05302475129,0.5958964681,0.3177724479,0,-1.22584043,4.410070656,-3.179779162
48.54,-64.98630839,0.05302447794,0.5958961684,0.3177726578,0,-1.22582133,4.410065965,-3.179792517
48.55,-64.98635292,0.05302420438,0.5958958708,0.317772866,0,-1.22580222,4.410061179,-3.179805875
48.56,-64.98639745,0.05302393063,0.5958955754,0.3177730726,0,-1.225783102,4.410056299,-3.179819236
48.57,-64.986442,0.05302365668,0.5958952821,0.3177732776,0,-1.225763975,4.410051326,-3.179832599
48.58,-64.98648655,0.05302338255,0.5958949911,0.3177734809,0,-1.22574484,4.410046259,-3.179845964
48.59,-64.9865311,0.05302310824,0.5958947022,0.3177736826,0,-1.225725697,4.4100411,-3.179859331
48.6,-64.98657567,0.05302283376,0.5958944155,0.3177738827,0,-1.225706546,4.410035849,-3.1798727
48.61,-64.98662024,0.05302255911,0.5958941309,0.3177740812,0,-1.225687389,4.410030507,-3.179886071
48.62,-64.98666481,0.05302228429,0.5958938485,0.3177742781,0,-1.225668225,4.410025073,-3.179899443
48.63,-64.98670938,0.05302200932,0.5958935683,0.3177744733,0,-1.225649056,4.410019549,-3.179912815
48.64,-64.98675396,0.0530217342,0.5958932902,0.317774667,0,-1.22562988,4.410013934,-3.179926189
48.65,-64.98679854,0.05302145893,0.5958930143,0.317774859,0,-1.225610699,4.41000823,-3.179939562
48.66,-64.98684312,0.05302118352,0.5958927406,0.3177750495,0,-1.225591512,4.410002436,-3.179952936
48.67,-64.9868877,0.05302090798,0.595892469,0.3177752383,0,-1.225572322,4.409996554,-3.17996631
48.68,-64.98693228,0.05302063232,0.5958921995,0.3177754256,0,-1.225553127,4.409990583,-3.179979684
48.69,-64.98697686,0.05302035653,0.5958919322,0.3177756112,0,-1.225533928,4.409984525,-3.179993057
48.7,-64.98702143,0.05302008062,0.595891667,0.3177757953,0,-1.225514725,4.409978379,-3.180006429
48.71,-64.987066,0.0530198046,0.595891404,0.3177759778,0,-1.22549552,4.409972147,-3.1800198
48.72,-64.98711057,0.05301952848,0.5958911431,0.3177761587,0,-1.225476312,4.409965828,-3.18003317
48.73,-64.98715513,0.05301925226,0.5958908844,0.317776338,0,-1.225457101,4.409959423,-3.180046538
48.74,-64.98719968,0.05301897595,0.5958906278,0.3177765157,0,-1.225437889,4.409952932,-3.180059904
48.75,-64.98724423,0.05301869955,0.5958903733,0.3177766918,0,-1.225418675,4.409946357,-3.180073269
48.76,-64.98728877,0.05301842306,0.5958901209,0.3177768664,0,-1.225399459,4.409939697,-3.180086631
48.77,-64.9873333,0.0530181465,0.5958898707,0.3177770394,0,-1.225380243,4.409932953,-3.18009999
48.78,-64.98737782,0.05301786987,0.5958896226,0.3177772109,0,-1.225361027,4.409926125,-3.180113347
48.79,-64.98742234,0.05301759317,0.5958893766,0.3177773808,0,-1.22534181,4.409919215,-3.180126701
48.8,-64.98746684,0.05301731641,0.5958891327,0.3177775491,0,-1.225322593,4.409912222,-3.180140051
48.81,-64.98751133,0.05301703959,0.5958888909,0.3177777159,0,-1.225303377,4.409905146,-3.180153398
48.82,-64.9875558,0.05301676273,0.5958886513,0.3177778811,0,-1.225284162,4.409897989,-3.180166741
48.83,-64.98760027,0.05301648582,0.5958884138,0.3177780447,0,-1.225264949,4.40989075,-3.180180081
48.84,-64.98764472,0.05301620888,0.5958881783,0.3177782069,0,-1.225245737,4.409883431,-3.180193416
48.85,-64.98768915,0.0530159319,0.595887945,0.3177783674,0,-1.225226527,4.409876032,-3.180206746
48.86,-64.98773357,0.05301565489,0.5958877137,0.3177785265,0,-1.225207319,4.409868552,-3.180220072
48.87,-64.98777798,0.05301537786,0.5958874846,0.317778684,0,-1.225188115,4.409860994,-3.180233393
48.88,-64.98782236,0.05301510081,0.5958872575,0.3177788399,0,-1.225168913,4.409853356,-3.180246709
48.89,-64.98786673,0.05301482375,0.5958870326,0.3177789943,0,-1.225149715,4.40984564,-3.180260019
48.9,-64.98791108,0.05301454668,0.5958868097,0.3177791472,0,-1.225130521,4.409837846,-3.180273324
48.91,-64.98795541,0.05301426961,0.5958865889,0.3177792986,0,-1.225111331,4.409829974,-3.180286623
48.92,-64.98799972,0.05301399255,0.5958863702,0.3177794485,0,-1.225092145,4.409822026,-3.180299916
48.93,-64.98804401,0.05301371549,0.5958861535,0.3177795968,0,-1.225072964,4.409814,-3.180313203
48.94,-64.98808828,0.05301343845,0.595885939,0.3177797437,0,-1.225053789,4.409805899,-3.180326483
48.95,-64.98813252,0.05301316143,0.5958857265,0.317779889,0,-1.225034619,4.409797722,-3.180339757
48.96,-64.98817674,0.05301288443,0.595885516,0.3177800328,0,-1.225015455,4.40978947,-3.180353023
48.97,-64.98822094,0.05301260747,0.5958853077,0.3177801751,0,-1.224996297,4.409781143,-3.180366283
48.98,-64.98826512,0.05301233053,0.5958851014,0.3177803159,0,-1.224977146,4.409772742,-3.180379535
48.99,-64.98830926,0.05301205364,0.5958848971,0.3177804552,0,-1.224958001,4.409764267,-3.180392779
49,-64.98835338,0.05301177679,0.5958846949,0.317780593,0,-1.224938864,4.409755719,-3.180406015
49.01,-64.98839748,0.05301149999,0.5958844947,0.3177807293,0,-1.224919735,4.409747097,-3.180419244
49.02,-64.98844155,0.05301122325,0.5958842966,0.3177808642,0,-1.224900613,4.409738404,-3.180432464
49.03,-64.98848559,0.05301094656,0.5958841005,0.3177809975,0,-1.2248815,4.409729638,-3.180445676
49.04,-64.9885296,0.05301066994,0.5958839065,0.3177811294,0,-1.224862395,4.409720801,-3.180458879
49.05,-64.98857358,0.0530103934,0.5958837145,0.3177812598,0,-1.224843299,4.409711893,-3.180472073
49.06,-64.98861753,0.05301011692,0.5958835245,0.3177813888,0,-1.224824212,4.409702914,-3.180485258
49.07,-64.98866144,0.05300984053,0.5958833366,0.3177815162,0,-1.224805135,4.409693865,-3.180498433
49.08,-64.98870533,0.05300956422,0.5958831507,0.3177816422,0,-1.224786068,4.409684747,-3.180511599
49.09,-64.98874919,0.05300928799,0.5958829668,0.3177817667,0,-1.224767011,4.409675559,-3.180524756
49.1,-64.98879301,0.05300901187,0.5958827849,0.3177818898,0,-1.224747964,4.409666302,-3.180537902
49.11,-64.98883679,0.05300873584,0.595882605,0.3177820114,0,-1.224728929,4.409656977,-3.180551038
49.12,-64.98888055,0.05300845992,0.5958824272,0.3177821316,0,-1.224709904,4.409647584,-3.180564164
49.13,-64.98892426,0.0530081841,0.5958822513,0.3177822503,0,-1.224690891,4.409638124,-3.180577279
49.14,-64.98896795,0.0530079084,0.5958820774,0.3177823676,0,-1.22467189,4.409628597,-3.180590384
49.15,-64.98901159,0.05300763282,0.5958819056,0.3177824835,0,-1.224652901,4.409619003,-3.180603477
49.16,-64.9890552,0.05300735736,0.5958817357,0.3177825979,0,-1.224633924,4.409609344,-3.180616559
49.17,-64.98909877,0.05300708202,0.5958815678,0.3177827108,0,-1.22461496,4.409599619,-3.18062963
49.18,-64.9891423,0.05300680682,0.5958814019,0.3177828224,0,-1.224596009,4.409589828,-3.18064269
49.19,-64.98918579,0.05300653176,0.595881238,0.3177829325,0,-1.224577071,4.409579973,-3.180655737
49.2,-64.98922924,0.05300625684,0.5958810761,0.3177830412,0,-1.224558147,4.409570054,-3.180668773
49.21,-64.98927265,0.05300598206,0.5958809161,0.3177831485,0,-1.224539237,4.40956007,-3.180681796
49.22,-64.98931602,0.05300570744,0.5958807581,0.3177832544,0,-1.224520341,4.409550024,-3.180694807
49.23,-64.98935935,0.05300543297,0.5958806021,0.3177833588,0,-1.22450146,4.409539915,-3.180707805
49.24,-64.98940264,0.05300515866,0.595880448,0.3177834619,0,-1.224482594,4.409529743,-3.180720791
49.25,-64.98944588,0.05300488451,0.5958802959,0.3177835635,0,-1.224463742,4.409519509,-3.180733763
49.26,-64.98948907,0.05300461054,0.5958801458,0.3177836638,0,-1.224444907,4.409509213,-3.180746722
49.27,-64.98953223,0.05300433673,0.5958799976,0.3177837626,0,-1.224426087,4.409498857,-3.180759669
49.28,-64.98957534,0.05300406311,0.5958798513,0.3177838601,0,-1.224407282,4.40948844,-3.180772601
49.29,-64.9896184,0.05300378966,0.595879707,0.3177839561,0,-1.224388495,4.409477962,-3.18078552
49.3,-64.98966142,0.05300351641,0.5958795646,0.3177840508,0,-1.224369724,4.409467425,-3.180798425
49.31,-64.98970438,0.05300324334,0.5958794241,0.3177841442,0,-1.224350969,4.409456829,-3.180811315
49.32,-64.98974731,0.05300297047,0.5958792856,0.3177842361,0,-1.224332232,4.409446173,-3.180824192
49.33,-64.98979018,0.0530026978,0.595879149,0.3177843267,0,-1.224313513,4.409435459,-3.180837054
49.34,-64.989833,0.05300242534,0.5958790143,0.3177844159,0,-1.224294811,4.409424687,-3.180849901
49.35,-64.98987578,0.05300215308,0.5958788816,0.3177845037,0,-1.224276127,4.409413858,-3.180862734
49.36,-64.9899185,0.05300188104,0.5958787507,0.3177845902,0,-1.224257462,4.409402971,-3.180875551
49.37,-64.98996118,0.05300160921,0.5958786218,0.3177846753,0,-1.224238815,4.409392028,-3.180888353
49.38,-64.9900038,0.0530013376,0.5958784947,0.317784759,0,-1.224220187,4.409381028,-3.18090114
49.39,-64.99004637,0.05300106622,0.5958783696,0.3177848415,0,-1.224201579,4.409369973,-3.180913911
49.4,-64.99008889,0.05300079507,0.5958782463,0.3177849225,0,-1.224182989,4.409358862,-3.180926667
49.41,-64.99013136,0.05300052416,0.595878125,0.3177850023,0,-1.22416442,4.409347697,-3.180939407
49.42,-64.99017377,0.05300025348,0.5958780055,0.3177850807,0,-1.22414587,4.409336476,-3.18095213
49.43,-64.99021612,0.05299998304,0.5958778879,0.3177851577,0,-1.224127341,4.409325202,-3.180964837
49.44,-64.99025843,0.05299971285,0.5958777722,0.3177852335,0,-1.224108832,4.409313874,-3.180977528
49.45,-64.99030067,0.05299944291,0.5958776583,0.3177853079,0,-1.224090344,4.409302493,-3.180990202
49.46,-64.99034287,0.05299917323,0.5958775463,0.317785381,0,-1.224071877,4.409291059,-3.18100286
49.47,-64.990385,0.0529989038,0.5958774362,0.3177854527,0,-1.224053431,4.409279573,-3.1810155
49.48,-64.99042708,0.05299863464,0.5958773279,0.3177855232,0,-1.224035007,4.409268034,-3.181028124
49.49,-64.9904691,0.05299836574,0.5958772215,0.3177855923,0,-1.224016605,4.409256445,-3.18104073
49.5,-64.99051106,0.05299809711,0.595877117,0.3177856602,0,-1.223998225,4.409244804,-3.181053318
49.51,-64.99055296,0.05299782876,0.5958770142,0.3177857267,0,-1.223979867,4.409233113,-3.181065889
49.52,-64.99059481,0.05299756069,0.5958769134,0.317785792,0,-1.223961532,4.409221371,-3.181078442
49.53,-64.99063659,0.0529972929,0.5958768143,0.3177858559,0,-1.22394322,4.40920958,-3.181090978
49.54,-64.99067832,0.05299702539,0.5958767171,0.3177859186,0,-1.22392493,4.409197739,-3.181103495
49.55,-64.99071998,0.05299675818,0.5958766217,0.31778598,0,-1.223906665,4.409185849,-3.181115993
49.56,-64.99076158,0.05299649126,0.5958765281,0.3177860401,0,-1.223888423,4.409173911,-3.181128474
49.57,-64.99080312,0.05299622464,0.5958764364,0.3177860989,0,-1.223870204,4.409161925,-3.181140935
49.58,-64.99084459,0.05299595831,0.5958763465,0.3177861565,0,-1.22385201,4.409149891,-3.181153378
49.59,-64.99088601,0.0529956923,0.5958762583,0.3177862128,0,-1.223833841,4.40913781,-3.181165802
49.6,-64.99092736,0.05299542659,0.595876172,0.3177862678,0,-1.223815696,4.409125682,-3.181178207
49.61,-64.99096864,0.0529951612,0.5958760875,0.3177863215,0,-1.223797576,4.409113508,-3.181190593
49.62,-64.99100986,0.05299489613,0.5958760047,0.317786374,0,-1.223779481,4.409101287,-3.181202959
49.63,-64.99105102,0.05299463137,0.5958759238,0.3177864253,0,-1.223761411,4.409089022,-3.181215306
49.64,-64.99109211,0.05299436694,0.5958758446,0.3177864753,0,-1.223743367,4.409076711,-3.181227633
49.65,-64.99113313,0.05299410284,0.5958757672,0.3177865241,0,-1.223725349,4.409064355,-3.18123994
49.66,-64.99117409,0.05299383907,0.5958756916,0.3177865716,0,-1.223707357,4.409051955,-3.181252227
49.67,-64.99121498,0.05299357563,0.5958756178,0.3177866179,0,-1.223689391,4.409039511,-3.181264494
49.68,-64.9912558,0.05299331253,0.5958755457,0.3177866629,0,-1.223671451,4.409027024,-3.181276741
49.69,-64.99129656,0.05299304978,0.5958754754,0.3177867068,0,-1.223653539,4.409014493,-3.181288967
49.7,-64.99133724,0.05299278737,0.5958754068,0.3177867494,0,-1.223635653,4.40900192,-3.181301173
49.71,-64.99137786,0.05299252531,0.59587534,0.3177867908,0,-1.223617795,4.408989305,-3.181313358
49.72,-64.99141841,0.0529922636,0.5958752749,0.317786831,0,-1.223599964,4.408976648,-3.181325522
49.73,-64.99145888,0.05299200225,0.5958752116,0.3177868699,0,-1.223582161,4.408963949,-3.181337665
49.74,-64.99149929,0.05299174126,0.59587515,0.3177869077,0,-1.223564386,4.40895121,-3.181349787
49.75,-64.99153962,0.05299148064,0.5958750901,0.3177869442,0,-1.223546639,4.40893843,-3.181361887
49.76,-64.99157989,0.05299122038,0.595875032,0.3177869796,0,-1.22352892,4.408925609,-3.181373966
49.77,-64.99162008,0.05299096049,0.5958749755,0.3177870138,0,-1.22351123,4.408912749,-3.181386023
49.78,-64.9916602,0.05299070097,0.5958749208,0.3177870467,0,-1.223493569,4.40889985,-3.181398059
49.79,-64.99170024,0.05299044184,0.5958748678,0.3177870785,0,-1.223475937,4.408886911,-3.181410073
49.8,-64.99174021,0.05299018308,0.5958748165,0.3177871092,0,-1.223458334,4.408873934,-3.181422064
49.81,-64.99178011,0.05298992471,0.5958747669,0.3177871386,0,-1.22344076,4.408860919,-3.181434034
49.82,-64.99181994,0.05298966672,0.595874719,0.3177871669,0,-1.223423216,4.408847866,-3.181445981
49.83,-64.99185969,0.05298940912,0.5958746728,0.317787194,0,-1.223405702,4.408834776,-3.181457906
49.84,-64.99189936,0.05298915192,0.5958746283,0.3177872199,0,-1.223388219,4.408821648,-3.181469808
49.85,-64.99193896,0.05298889512,0.5958745854,0.3177872447,0,-1.223370765,4.408808485,-3.181481687
49.86,-64.99197848,0.05298863871,0.5958745443,0.3177872683,0,-1.223353342,4.408795285,-3.181493544
49.87,-64.99201793,0.05298838271,0.5958745048,0.3177872908,0,-1.22333595,4.408782049,-3.181505378
49.88,-64.99205729,0.05298812711,0.5958744669,0.3177873121,0,-1.223318588,4.408768778,-3.181517188
49.89,-64.99209659,0.05298787193,0.5958744307,0.3177873323,0,-1.223301258,4.408755471,-3.181528976
49.9,-64.9921358,0.05298761716,0.5958743962,0.3177873513,0,-1.223283959,4.408742131,-3.18154074
49.91,-64.99217493,0.0529873628,0.5958743633,0.3177873692,0,-1.223266691,4.408728756,-3.18155248
49.92,-64.99221399,0.05298710886,0.5958743321,0.317787386,0,-1.223249456,4.408715347,-3.181564197
49.93,-64.99225297,0.05298685535,0.5958743025,0.3177874016,0,-1.223232252,4.408701905,-3.18157589
49.94,-64.99229187,0.05298660226,0.5958742745,0.3177874162,0,-1.22321508,4.40868843,-3.18158756
49.95,-64.99233068,0.0529863496,0.5958742482,0.3177874296,0,-1.223197941,4.408674922,-3.181599205
49.96,-64.99236942,0.05298609737,0.5958742235,0.3177874419,0,-1.223180834,4.408661382,-3.181610826
49.97,-64.99240808,0.05298584557,0.5958742004,0.3177874531,0,-1.22316376,4.40864781,-3.181622423
49.98,-64.99244665,0.05298559422,0.5958741789,0.3177874632,0,-1.223146718,4.408634207,-3.181633996
49.99,-64.99248515,0.0529853433,0.595874159,0.3177874722,0,-1.22312971,4.408620573,-3.181645544
50,-64.99252356,0.05298509282,0.5958741408,0.3177874801,0,-1.223112735,4.408606907,-3.181657068
50.01,-64.99256189,0.0529848428,0.5958741241,0.3177874869,0,-1.223095794,4.408593212,-3.181668567
50.02,-64.99260014,0.05298459322,0.595874109,0.3177874926,0,-1.223078886,4.408579487,-3.181680041
50.03,-64.9926383,0.05298434409,0.5958740955,0.3177874972,0,-1.223062012,4.408565732,-3.18169149
50.04,-64.99267638,0.05298409542,0.5958740836,0.3177875008,0,-1.223045172,4.408551948,-3.181702914
50.05,-64.99271438,0.05298384721,0.5958740732,0.3177875033,0,-1.223028366,4.408538135,-3.181714313
50.06,-64.99275229,0.05298359945,0.5958740645,0.3177875047,0,-1.223011595,4.408524294,-3.181725687
50.07,-64.99279012,0.05298335216,0.5958740573,0.317787505,0,-1.222994858,4.408510425,-3.181737035
50.08,-64.99282786,0.05298310534,0.5958740516,0.3177875043,0,-1.222978156,4.408496528,-3.181748358
50.09,-64.99286552,0.05298285898,0.5958740475,0.3177875025,0,-1.222961489,4.408482604,-3.181759655
50.1,-64.99290309,0.0529826131,0.595874045,0.3177874997,0,-1.222944857,4.408468653,-3.181770927
50.11,-64.99294058,0.05298236769,0.595874044,0.3177874959,0,-1.22292826,4.408454675,-3.181782173
50.12,-64.99297797,0.05298212276,0.5958740445,0.3177874909,0,-1.222911698,4.408440671,-3.181793392
50.13,-64.99301529,0.05298187831,0.5958740466,0.317787485,0,-1.222895172,4.408426642,-3.181804586
50.14,-64.99305251,0.05298163434,0.5958740502,0.317787478,0,-1.222878682,4.408412587,-3.181815754
50.15,-64.99308965,0.05298139086,0.5958740553,0.31778747,0,-1.222862228,4.408398507,-3.181826895
50.16,-64.9931267,0.05298114786,0.5958740619,0.317787461,0,-1.22284581,4.408384402,-3.18183801
50.17,-64.99316366,0.05298090535,0.5958740701,0.3177874509,0,-1.222829428,4.408370273,-3.181849098
50.18,-64.99320053,0.05298066334,0.5958740798,0.3177874398,0,-1.222813083,4.408356121,-3.18186016
50.19,-64.99323732,0.05298042182,0.5958740909,0.3177874277,0,-1.222796774,4.408341944,-3.181871196
50.2,-64.99327401,0.0529801808,0.5958741036,0.3177874146,0,-1.222780502,4.408327744,-3.181882204
50.21,-64.99331062,0.05297994028,0.5958741177,0.3177874005,0,-1.222764266,4.408313522,-3.181893186
50.22,-64.99334713,0.05297970027,0.5958741333,0.3177873854,0,-1.222748068,4.408299277,-3.18190414
50.23,-64.99338356,0.05297946075,0.5958741504,0.3177873693,0,-1.222731907,4.40828501,-3.181915068
50.24,-64.9934199,0.05297922175,0.595874169,0.3177873522,0,-1.222715784,4.408270721,-3.181925969
50.25,-64.99345614,0.05297898326,0.595874189,0.3177873342,0,-1.222699698,4.408256411,-3.181936842
50.26,-64.99349229,0.05297874528,0.5958742105,0.3177873151,0,-1.222683649,4.408242079,-3.181947688
50.27,-64.99352835,0.05297850782,0.5958742335,0.3177872951,0,-1.222667639,4.408227727,-3.181958506
50.28,-64.99356432,0.05297827087,0.5958742579,0.3177872741,0,-1.222651666,4.408213355,-3.181969297
50.29,-64.9936002,0.05297803444,0.5958742838,0.3177872521,0,-1.222635732,4.408198963,-3.181980061
50.3,-64.99363599,0.05297779854,0.5958743111,0.3177872291,0,-1.222619836,4.408184551,-3.181990796
50.31,-64.99367168,0.05297756316,0.5958743398,0.3177872052,0,-1.222603978,4.40817012,-3.182001504
50.32,-64.99370728,0.05297732831,0.59587437,0.3177871804,0,-1.222588159,4.40815567,-3.182012184
50.33,-64.99374279,0.05297709398,0.5958744016,0.3177871545,0,-1.222572378,4.408141201,-3.182022836
50.34,-64.9937782,0.05297686019,0.5958744346,0.3177871278,0,-1.222556637,4.408126714,-3.18203346
50.35,-64.99381352,0.05297662693,0.595874469,0.3177871001,0,-1.222540934,4.408112209,-3.182044056
50.36,-64.99384874,0.05297639421,0.5958745048,0.3177870714,0,-1.222525271,4.408097687,-3.182054623
50.37,-64.99388387,0.05297616203,0.5958745421,0.3177870419,0,-1.222509646,4.408083148,-3.182065162
50.38,-64.99391891,0.05297593039,0.5958745807,0.3177870114,0,-1.222494062,4.408068591,-3.182075673
50.39,-64.99395385,0.05297569929,0.5958746207,0.3177869799,0,-1.222478516,4.408054019,-3.182086156
50.4,-64.9939887,0.05297546873,0.5958746621,0.3177869476,0,-1.222463011,4.40803943,-3.182096609
50.41,-64.99402345,0.05297523872,0.5958747049,0.3177869143,0,-1.222447545,4.408024825,-3.182107034
50.42,-64.9940581,0.05297500926,0.5958747491,0.3177868801,0,-1.222432119,4.408010205,-3.182117431
50.43,-64.99409266,0.05297478035,0.5958747946,0.317786845,0,-1.222416733,4.40799557,-3.182127798
50.44,-64.99412712,0.052974552,0.5958748415,0.317786809,0,-1.222401388,4.40798092,-3.182138137
50.45,-64.99416149,0.0529743242,0.5958748897,0.3177867721,0,-1.222386083,4.407966255,-3.182148447
50.46,-64.99419576,0.05297409696,0.5958749393,0.3177867343,0,-1.222370818,4.407951577,-3.182158727
50.47,-64.99422993,0.05297387027,0.5958749903,0.3177866957,0,-1.222355593,4.407936884,-3.182168979
50.48,-64.994264,0.05297364415,0.5958750426,0.3177866561,0,-1.22234041,4.407922178,-3.182179201
50.49,-64.99429798,0.05297341859,0.5958750962,0.3177866156,0,-1.222325267,4.40790746,-3.182189394
50.5,-64.99433186,0.0529731936,0.5958751512,0.3177865743,0,-1.222310165,4.407892728,-3.182199558
50.51,-64.99436564,0.05297296917,0.5958752074,0.3177865321,0,-1.222295105,4.407877984,-3.182209692
50.52,-64.99439932,0.05297274532,0.595875265,0.317786489,0,-1.222280085,4.407863228,-3.182219797
50.53,-64.99443291,0.05297252203,0.5958753239,0.3177864451,0,-1.222265107,4.40784846,-3.182229872
50.54,-64.99446639,0.05297229932,0.5958753842,0.3177864003,0,-1.22225017,4.40783368,-3.182239918
50.55,-64.99449978,0.05297207718,0.5958754457,0.3177863547,0,-1.222235275,4.40781889,-3.182249934
50.56,-64.99453307,0.05297185562,0.5958755085,0.3177863082,0,-1.222220421,4.407804088,-3.18225992
50.57,-64.99456625,0.05297163464,0.5958755726,0.3177862608,0,-1.222205609,4.407789276,-3.182269876
50.58,-64.99459934,0.05297141424,0.595875638,0.3177862126,0,-1.222190839,4.407774454,-3.182279803
50.59,-64.99463233,0.05297119442,0.5958757047,0.3177861636,0,-1.222176111,4.407759622,-3.182289699
50.6,-64.99466522,0.05297097518,0.5958757726,0.3177861137,0,-1.222161425,4.407744781,-3.182299566
50.61,-64.99469801,0.05297075653,0.5958758418,0.317786063,0,-1.222146781,4.407729931,-3.182309402
50.62,-64.99473069,0.05297053847,0.5958759123,0.3177860115,0,-1.22213218,4.407715071,-3.182319208
50.63,-64.99476328,0.05297032099,0.595875984,0.3177859592,0,-1.222117621,4.407700203,-3.182328984
50.64,-64.99479577,0.05297010411,0.595876057,0.317785906,0,-1.222103104,4.407685327,-3.18233873
50.65,-64.99482815,0.05296988782,0.5958761312,0.317785852,0,-1.22208863,4.407670443,-3.182348445
50.66,-64.99486043,0.05296967213,0.5958762067,0.3177857973,0,-1.222074199,4.407655551,-3.18235813
50.67,-64.99489261,0.05296945703,0.5958762834,0.3177857417,0,-1.22205981,4.407640652,-3.182367784
50.68,-64.99492469,0.05296924252,0.5958763613,0.3177856853,0,-1.222045465,4.407625746,-3.182377408
50.69,-64.99495667,0.05296902862,0.5958764405,0.3177856281,0,-1.222031162,4.407610833,-3.182387001
50.7,-64.99498855,0.05296881532,0.5958765209,0.3177855701,0,-1.222016903,4.407595914,-3.182396564
50.71,-64.99502032,0.05296860262,0.5958766024,0.3177855114,0,-1.222002687,4.407580989,-3.182406096
50.72,-64.99505199,0.05296839052,0.5958766852,0.3177854519,0,-1.221988514,4.407566058,-3.182415597
50.73,-64.99508356,0.05296817903,0.5958767692,0.3177853915,0,-1.221974384,4.407551122,-3.182425068
50.74,-64.99511502,0.05296796815,0.5958768544,0.3177853304,0,-1.221960298,4.407536181,-3.182434507
50.75,-64.99514639,0.05296775787,0.5958769408,0.3177852686,0,-1.221946255,4.407521234,-3.182443916
50.76,-64.99517765,0.05296754821,0.5958770284,0.317785206,0,-1.221932256,4.407506283,-3.182453294
50.77,-64.9952088,0.05296733916,0.5958771171,0.3177851426,0,-1.221918301,4.407491328,-3.18246264
50.78,-64.99523985,0.05296713072,0.595877207,0.3177850784,0,-1.22190439,4.407476369,-3.182471956
50.79,-64.9952708,0.05296692289,0.5958772981,0.3177850135,0,-1.221890523,4.407461407,-3.18248124
50.8,-64.99530165,0.05296671568,0.5958773903,0.3177849479,0,-1.221876699,4.407446441,-3.182490494
50.81,-64.99533239,0.05296650909,0.5958774837,0.3177848815,0,-1.22186292,4.407431472,-3.182499716
50.82,-64.99536302,0.05296630311,0.5958775783,0.3177848144,0,-1.221849185,4.4074165,-3.182508907
50.83,-64.99539355,0.05296609776,0.595877674,0.3177847465,0,-1.221835494,4.407401526,-3.182518066
50.84,-64.99542398,0.05296589302,0.5958777708,0.3177846779,0,-1.221821847,4.40738655,-3.182527195
50.85,-64.9954543,0.05296568891,0.5958778687,0.3177846086,0,-1.221808245,4.407371572,-3.182536291
50.86,-64.99548452,0.05296548543,0.5958779678,0.3177845386,0,-1.221794687,4.407356592,-3.182545357
50.87,-64.99551464,0.05296528257,0.595878068,0.3177844678,0,-1.221781174,4.407341611,-3.182554391
50.88,-64.99554464,0.05296508033,0.5958781694,0.3177843964,0,-1.221767705,4.407326629,-3.182563393
50.89,-64.99557455,0.05296487873,0.5958782718,0.3177843242,0,-1.221754282,4.407311646,-3.182572364
50.9,-64.99560434,0.05296467775,0.5958783754,0.3177842513,0,-1.221740902,4.407296663,-3.182581303
50.91,-64.99563404,0.0529644774,0.59587848,0.3177841777,0,-1.221727568,4.40728168,-3.182590211
50.92,-64.99566362,0.05296427769,0.5958785857,0.3177841034,0,-1.221714279,4.407266697,-3.182599086
50.93,-64.9956931,0.0529640786,0.5958786926,0.3177840285,0,-1.221701035,4.407251714,-3.182607931
50.94,-64.99572248,0.05296388015,0.5958788005,0.3177839528,0,-1.221687835,4.407236732,-3.182616743
50.95,-64.99575174,0.05296368234,0.5958789095,0.3177838764,0,-1.221674681,4.407221751,-3.182625523
50.96,-64.99578091,0.05296348516,0.5958790195,0.3177837994,0,-1.221661572,4.407206772,-3.182634272
50.97,-64.99580996,0.05296328862,0.5958791306,0.3177837217,0,-1.221648509,4.407191794,-3.182642989
50.98,-64.99583891,0.05296309272,0.5958792428,0.3177836433,0,-1.22163549,4.407176817,-3.182651674
50.99,-64.99586776,0.05296289746,0.5958793561,0.3177835643,0,-1.221622517,4.407161843,-3.182660327
51,-64.99589649,0.05296270284,0.5958794703,0.3177834846,0,-1.22160959,4.407146871,-3.182668948
51.01,-64.99592512,0.05296250886,0.5958795857,0.3177834042,0,-1.221596708,4.407131902,-3.182677537
51.02,-64.99595365,0.05296231552,0.595879702,0.3177833232,0,-1.221583871,4.407116936,-3.182686094
51.03,-64.99598206,0.05296212283,0.5958798194,0.3177832416,0,-1.22157108,4.407101973,-3.182694619
51.04,-64.99601037,0.05296193078,0.5958799379,0.3177831592,0,-1.221558335,4.407087014,-3.182703112
51.05,-64.99603857,0.05296173938,0.5958800573,0.3177830763,0,-1.221545636,4.407072058,-3.182711572
51.06,-64.99606667,0.05296154863,0.5958801778,0.3177829927,0,-1.221532982,4.407057106,-3.182720001
51.07,-64.99609466,0.05296135852,0.5958802992,0.3177829085,0,-1.221520374,4.407042159,-3.182728397
51.08,-64.99612254,0.05296116906,0.5958804217,0.3177828236,0,-1.221507812,4.407027216,-3.182736761
51.09,-64.99615031,0.05296098025,0.5958805452,0.3177827381,0,-1.221495296,4.407012278,-3.182745093
51.1,-64.99617797,0.05296079209,0.5958806696,0.317782652,0,-1.221482826,4.406997345,-3.182753392
51.11,-64.99620553,0.05296060459,0.5958807951,0.3177825653,0,-1.221470402,4.406982417,-3.182761659
51.12,-64.99623298,0.05296041773,0.5958809215,0.317782478,0,-1.221458024,4.406967495,-3.182769894
51.13,-64.99626032,0.05296023153,0.5958810489,0.31778239,0,-1.221445692,4.406952579,-3.182778097
51.14,-64.99628756,0.05296004599,0.5958811773,0.3177823015,0,-1.221433407,4.406937669,-3.182786267
51.15,-64.99631468,0.05295986109,0.5958813067,0.3177822123,0,-1.221421168,4.406922765,-3.182794405
51.16,-64.9963417,0.05295967686,0.595881437,0.3177821226,0,-1.221408974,4.406907868,-3.18280251
51.17,-64.99636861,0.05295949328,0.5958815682,0.3177820323,0,-1.221396828,4.406892978,-3.182810583
51.18,-64.99639541,0.05295931036,0.5958817004,0.3177819414,0,-1.221384727,4.406878095,-3.182818624
51.19,-64.99642211,0.0529591281,0.5958818336,0.3177818498,0,-1.221372673,4.406863219,-3.182826632
51.2,-64.99644869,0.05295894649,0.5958819677,0.3177817578,0,-1.221360666,4.406848351,-3.182834607
51.21,-64.99647517,0.05295876555,0.5958821027,0.3177816651,0,-1.221348705,4.406833491,-3.18284255
51.22,-64.99650154,0.05295858526,0.5958822386,0.3177815719,0,-1.22133679,4.406818639,-3.182850461
51.23,-64.99652779,0.05295840564,0.5958823755,0.3177814781,0,-1.221324922,4.406803795,-3.182858338
51.24,-64.99655395,0.05295822668,0.5958825133,0.3177813837,0,-1.221313101,4.40678896,-3.182866184
51.25,-64.99657999,0.05295804838,0.595882652,0.3177812888,0,-1.221301326,4.406774134,-3.182873996
51.26,-64.99660592,0.05295787075,0.5958827916,0.3177811933,0,-1.221289598,4.406759317,-3.182881777
51.27,-64.99663175,0.05295769377,0.5958829321,0.3177810973,0,-1.221277916,4.406744509,-3.182889524
51.28,-64.99665746,0.05295751747,0.5958830734,0.3177810007,0,-1.221266282,4.406729711,-3.182897239
51.29,-64.99668307,0.05295734183,0.5958832157,0.3177809036,0,-1.221254694,4.406714923,-3.182904921
51.3,-64.99670857,0.05295716685,0.5958833589,0.3177808059,0,-1.221243153,4.406700145,-3.182912571
51.31,-64.99673396,0.05295699254,0.5958835029,0.3177807077,0,-1.221231658,4.406685377,-3.182920188
51.32,-64.99675924,0.0529568189,0.5958836478,0.317780609,0,-1.221220211,4.40667062,-3.182927772
51.33,-64.99678441,0.05295664592,0.5958837936,0.3177805098,0,-1.22120881,4.406655874,-3.182935324
51.34,-64.99680947,0.05295647362,0.5958839402,0.31778041,0,-1.221197456,4.406641138,-3.182942842
51.35,-64.99683443,0.05295630198,0.5958840877,0.3177803097,0,-1.221186149,4.406626414,-3.182950329
51.36,-64.99685927,0.05295613101,0.595884236,0.3177802089,0,-1.22117489,4.406611702,-3.182957782
51.37,-64.99688401,0.05295596071,0.5958843852,0.3177801076,0,-1.221163677,4.406597001,-3.182965203
51.38,-64.99690864,0.05295579108,0.5958845352,0.3177800057,0,-1.221152511,4.406582312,-3.182972591
51.39,-64.99693315,0.05295562212,0.595884686,0.3177799034,0,-1.221141392,4.406567635,-3.182979946
51.4,-64.99695756,0.05295545384,0.5958848377,0.3177798006,0,-1.22113032,4.406552971,-3.182987269
51.41,-64.99698186,0.05295528622,0.5958849902,0.3177796973,0,-1.221119295,4.406538319,-3.182994558
51.42,-64.99700605,0.05295511928,0.5958851435,0.3177795935,0,-1.221108317,4.406523681,-3.183001815
51.43,-64.99703013,0.052954953,0.5958852976,0.3177794892,0,-1.221097386,4.406509055,-3.18300904
51.44,-64.9970541,0.0529547874,0.5958854526,0.3177793844,0,-1.221086503,4.406494443,-3.183016231
51.45,-64.99707797,0.05295462248,0.5958856083,0.3177792791,0,-1.221075666,4.406479844,-3.18302339
51.46,-64.99710172,0.05295445823,0.5958857648,0.3177791734,0,-1.221064876,4.406465259,-3.183030516
51.47,-64.99712536,0.05295429465,0.5958859221,0.3177790672,0,-1.221054134,4.406450688,-3.183037609
51.48,-64.9971489,0.05295413174,0.5958860802,0.3177789605,0,-1.221043439,4.406436131,-3.18304467
51.49,-64.99717232,0.05295396951,0.5958862391,0.3177788534,0,-1.221032791,4.406421589,-3.183051697
51.5,-64.99719564,0.05295380796,0.5958863987,0.3177787458,0,-1.22102219,4.406407061,-3.183058692
51.51,-64.99721885,0.05295364708,0.5958865591,0.3177786377,0,-1.221011637,4.406392548,-3.183065654
51.52,-64.99724195,0.05295348688,0.5958867203,0.3177785292,0,-1.22100113,4.40637805,-3.183072584
51.53,-64.99726493,0.05295332735,0.5958868822,0.3177784203,0,-1.220990671,4.406363568,-3.18307948
51.54,-64.99728781,0.0529531685,0.5958870449,0.3177783109,0,-1.220980259,4.406349101,-3.183086344
51.55,-64.99731058,0.05295301032,0.5958872083,0.317778201,0,-1.220969894,4.40633465,-3.183093175
51.56,-64.99733325,0.05295285282,0.5958873725,0.3177780908,0,-1.220959576,4.406320214,-3.183099974
51.57,-64.9973558,0.052952696,0.5958875374,0.31777798,0,-1.220949306,4.406305795,-3.183106739
51.58,-64.99737824,0.05295253985,0.595887703,0.3177778689,0,-1.220939082,4.406291392,-3.183113472
51.59,-64.99740057,0.05295238438,0.5958878694,0.3177777574,0,-1.220928906,4.406277006,-3.183120172
51.6,-64.9974228,0.05295222959,0.5958880365,0.3177776454,0,-1.220918778,4.406262636,-3.18312684
51.61,-64.99744491,0.05295207548,0.5958882043,0.317777533,0,-1.220908696,4.406248284,-3.183133474
51.62,-64.99746692,0.05295192204,0.5958883728,0.3177774202,0,-1.220898662,4.406233948,-3.183140076
51.63,-64.99748882,0.05295176928,0.595888542,0.317777307,0,-1.220888674,4.40621963,-3.183146646
51.64,-64.99751061,0.0529516172,0.5958887119,0.3177771933,0,-1.220878735,4.406205329,-3.183153182
51.65,-64.99753229,0.0529514658,0.5958888825,0.3177770793,0,-1.220868842,4.406191046,-3.183159686
51.66,-64.99755386,0.05295131508,0.5958890537,0.3177769649,0,-1.220858996,4.406176781,-3.183166157
51.67,-64.99757532,0.05295116503,0.5958892257,0.3177768501,0,-1.220849198,4.406162535,-3.183172596
51.68,-64.99759667,0.05295101566,0.5958893983,0.3177767349,0,-1.220839447,4.406148306,-3.183179002
51.69,-64.99761792,0.05295086697,0.5958895716,0.3177766193,0,-1.220829743,4.406134096,-3.183185375
51.7,-64.99763905,0.05295071896,0.5958897456,0.3177765033,0,-1.220820086,4.406119905,-3.183191716
51.71,-64.99766008,0.05295057163,0.5958899203,0.3177763869,0,-1.220810477,4.406105733,-3.183198024
51.72,-64.997681,0.05295042498,0.5958900956,0.3177762702,0,-1.220800914,4.40609158,-3.183204299
51.73,-64.99770181,0.052950279,0.5958902715,0.3177761531,0,-1.220791399,4.406077446,-3.183210542
51.74,-64.99772251,0.0529501337,0.5958904481,0.3177760356,0,-1.220781931,4.406063332,-3.183216752
51.75,-64.9977431,0.05294998908,0.5958906253,0.3177759178,0,-1.22077251,4.406049237,-3.18322293
51.76,-64.99776358,0.05294984514,0.5958908032,0.3177757996,0,-1.220763136,4.406035162,-3.183229075
51.77,-64.99778396,0.05294970188,0.5958909817,0.3177756811,0,-1.220753809,4.406021108,-3.183235188
51.78,-64.99780423,0.0529495593,0.5958911608,0.3177755622,0,-1.22074453,4.406007073,-3.183241268
51.79,-64.99782438,0.05294941739,0.5958913405,0.3177754429,0,-1.220735297,4.405993059,-3.183247315
51.8,-64.99784443,0.05294927617,0.5958915209,0.3177753233,0,-1.220726111,4.405979066,-3.18325333
51.81,-64.99786438,0.05294913562,0.5958917018,0.3177752034,0,-1.220716973,4.405965093,-3.183259313
51.82,-64.99788421,0.05294899575,0.5958918834,0.3177750831,0,-1.220707881,4.405951141,-3.183265263
51.83,-64.99790394,0.05294885655,0.5958920656,0.3177749625,0,-1.220698837,4.405937211,-3.183271181
51.84,-64.99792355,0.05294871804,0.5958922483,0.3177748415,0,-1.220689839,4.405923301,-3.183277066
51.85,-64.99794306,0.0529485802,0.5958924317,0.3177747203,0,-1.220680889,4.405909414,-3.183282919
51.86,-64.99796247,0.05294844304,0.5958926156,0.3177745987,0,-1.220671985,4.405895548,-3.18328874
51.87,-64.99798176,0.05294830655,0.5958928001,0.3177744767,0,-1.220663129,4.405881703,-3.183294528
51.88,-64.99800095,0.05294817075,0.5958929852,0.3177743545,0,-1.220654319,4.405867881,-3.183300284
51.89,-64.99802003,0.05294803562,0.5958931708,0.317774232,0,-1.220645556,4.405854081,-3.183306008
51.9,-64.998039,0.05294790117,0.5958933571,0.3177741091,0,-1.22063684,4.405840304,-3.183311699
51.91,-64.99805786,0.05294776739,0.5958935438,0.317773986,0,-1.220628171,4.405826548,-3.183317359
51.92,-64.99807662,0.05294763429,0.5958937312,0.3177738625,0,-1.220619548,4.405812816,-3.183322985
51.93,-64.99809527,0.05294750187,0.595893919,0.3177737387,0,-1.220610973,4.405799106,-3.18332858
51.94,-64.99811381,0.05294737012,0.5958941074,0.3177736147,0,-1.220602444,4.40578542,-3.183334143
51.95,-64.99813224,0.05294723905,0.5958942964,0.3177734903,0,-1.220593962,4.405771757,-3.183339673
51.96,-64.99815057,0.05294710865,0.5958944859,0.3177733657,0,-1.220585526,4.405758117,-3.183345172
51.97,-64.99816879,0.05294697893,0.5958946759,0.3177732408,0,-1.220577137,4.4057445,-3.183350638
51.98,-64.99818691,0.05294684988,0.5958948664,0.3177731156,0,-1.220568795,4.405730908,-3.183356072
51.99,-64.99820491,0.05294672151,0.5958950575,0.3177729901,0,-1.2205605,4.405717339,-3.183361474
52,-64.99822281,0.05294659381,0.595895249,0.3177728643,0,-1.220552251,4.405703794,-3.183366844
52.01,-64.99824061,0.05294646678,0.5958954411,0.3177727383,0,-1.220544048,4.405690273,-3.183372182
52.02,-64.99825829,0.05294634043,0.5958956337,0.317772612,0,-1.220535892,4.405676777,-3.183377488
52.03,-64.99827588,0.05294621475,0.5958958268,0.3177724855,0,-1.220527783,4.405663305,-3.183382763
52.04,-64.99829335,0.05294608974,0.5958960203,0.3177723587,0,-1.22051972,4.405649858,-3.183388005
52.05,-64.99831072,0.05294596541,0.5958962144,0.3177722316,0,-1.220511703,4.405636435,-3.183393215
52.06,-64.99832798,0.05294584175,0.5958964089,0.3177721043,0,-1.220503732,4.405623038,-3.183398394
52.07,-64.99834514,0.05294571876,0.5958966039,0.3177719767,0,-1.220495808,4.405609665,-3.183403541
52.08,-64.99836219,0.05294559644,0.5958967994,0.3177718489,0,-1.220487931,4.405596318,-3.183408656
52.09,-64.99837913,0.05294547479,0.5958969954,0.3177717208,0,-1.220480099,4.405582996,-3.183413739
52.1,-64.99839597,0.05294535381,0.5958971918,0.3177715925,0,-1.220472314,4.4055697,-3.183418791
52.11,-64.9984127,0.0529452335,0.5958973887,0.317771464,0,-1.220464575,4.405556429,-3.183423811
52.12,-64.99842933,0.05294511386,0.595897586,0.3177713352,0,-1.220456882,4.405543185,-3.183428799
52.13,-64.99844585,0.05294499489,0.5958977838,0.3177712062,0,-1.220449235,4.405529966,-3.183433756
52.14,-64.99846227,0.05294487659,0.595897982,0.317771077,0,-1.220441634,4.405516774,-3.183438681
52.15,-64.99847858,0.05294475895,0.5958981807,0.3177709475,0,-1.220434079,4.405503607,-3.183443575
52.16,-64.99849479,0.05294464198,0.5958983798,0.3177708179,0,-1.22042657,4.405490467,-3.183448437
52.17,-64.99851089,0.05294452568,0.5958985793,0.317770688,0,-1.220419108,4.405477354,-3.183453267
52.18,-64.99852689,0.05294441005,0.5958987792,0.3177705579,0,-1.22041169,4.405464267,-3.183458067
52.19,-64.99854278,0.05294429508,0.5958989796,0.3177704276,0,-1.220404319,4.405451208,-3.183462835
52.2,-64.99855857,0.05294418078,0.5958991804,0.3177702971,0,-1.220396994,4.405438175,-3.183467571
52.21,-64.99857425,0.05294406714,0.5958993816,0.3177701664,0,-1.220389714,4.405425169,-3.183472276
52.22,-64.99858983,0.05294395417,0.5958995832,0.3177700355,0,-1.22038248,4.405412191,-3.18347695
52.23,-64.99860531,0.05294384186,0.5958997852,0.3177699044,0,-1.220375291,4.40539924,-3.183481593
52.24,-64.99862068,0.05294373021,0.5958999876,0.3177697731,0,-1.220368148,4.405386316,-3.183486204
52.25,-64.99863595,0.05294361923,0.5959001904,0.3177696416,0,-1.220361051,4.40537342,-3.183490785
52.26,-64.99865111,0.0529435089,0.5959003935,0.3177695099,0,-1.220353999,4.405360552,-3.183495334
52.27,-64.99866617,0.05294339924,0.5959005971,0.317769378,0,-1.220346993,4.405347712,-3.183499852
52.28,-64.99868113,0.05294329024,0.595900801,0.317769246,0,-1.220340032,4.4053349,-3.183504339
52.29,-64.99869598,0.0529431819,0.5959010053,0.3177691138,0,-1.220333116,4.405322116,-3.183508795
52.3,-64.99871073,0.05294307422,0.59590121,0.3177689814,0,-1.220326246,4.40530936,-3.18351322
52.31,-64.99872538,0.0529429672,0.5959014151,0.3177688489,0,-1.220319421,4.405296633,-3.183517614
52.32,-64.99873993,0.05294286084,0.5959016205,0.3177687161,0,-1.220312641,4.405283934,-3.183521978
52.33,-64.99875437,0.05294275513,0.5959018262,0.3177685832,0,-1.220305906,4.405271264,-3.18352631
52.34,-64.99876871,0.05294265008,0.5959020323,0.3177684502,0,-1.220299216,4.405258623,-3.183530612
52.35,-64.99878294,0.05294254569,0.5959022387,0.317768317,0,-1.220292571,4.40524601,-3.183534883
52.36,-64.99879708,0.05294244195,0.5959024455,0.3177681836,0,-1.220285971,4.405233427,-3.183539123
52.37,-64.99881111,0.05294233886,0.5959026526,0.3177680501,0,-1.220279416,4.405220873,-3.183543333
52.38,-64.99882504,0.05294223643,0.5959028601,0.3177679165,0,-1.220272906,4.405208348,-3.183547512
52.39,-64.99883887,0.05294213466,0.5959030679,0.3177677827,0,-1.220266441,4.405195853,-3.183551661
52.4,-64.9988526,0.05294203353,0.595903276,0.3177676487,0,-1.22026002,4.405183387,-3.183555779
52.41,-64.99886622,0.05294193306,0.5959034844,0.3177675146,0,-1.220253644,4.40517095,-3.183559866
52.42,-64.99887974,0.05294183324,0.5959036931,0.3177673804,0,-1.220247313,4.405158544,-3.183563923
52.43,-64.99889317,0.05294173407,0.5959039021,0.3177672461,0,-1.220241026,4.405146167,-3.18356795
52.44,-64.99890649,0.05294163555,0.5959041115,0.3177671116,0,-1.220234784,4.40513382,-3.183571947
52.45,-64.99891971,0.05294153767,0.5959043211,0.317766977,0,-1.220228586,4.405121504,-3.183575913
52.46,-64.99893283,0.05294144045,0.595904531,0.3177668423,0,-1.220222432,4.405109217,-3.183579849
52.47,-64.99894585,0.05294134387,0.5959047413,0.3177667074,0,-1.220216323,4.405096961,-3.183583754
52.48,-64.99895877,0.05294124794,0.5959049518,0.3177665724,0,-1.220210258,4.405084735,-3.18358763
52.49,-64.99897158,0.05294115265,0.5959051626,0.3177664374,0,-1.220204237,4.40507254,-3.183591475
52.5,-64.9989843,0.05294105801,0.5959053736,0.3177663022,0,-1.22019826,4.405060375,-3.183595291
52.51,-64.99899692,0.05294096402,0.595905585,0.3177661669,0,-1.220192327,4.405048241,-3.183599076
52.52,-64.99900944,0.05294087066,0.5959057966,0.3177660315,0,-1.220186438,4.405036138,-3.183602832
52.53,-64.99902186,0.05294077795,0.5959060084,0.317765896,0,-1.220180593,4.405024066,-3.183606558
52.54,-64.99903418,0.05294068588,0.5959062206,0.3177657604,0,-1.220174792,4.405012025,-3.183610253
52.55,-64.9990464,0.05294059445,0.595906433,0.3177656247,0,-1.220169035,4.405000015,-3.18361392
52.56,-64.99905852,0.05294050366,0.5959066456,0.3177654889,0,-1.220163321,4.404988037,-3.183617556
52.57,-64.99907054,0.0529404135,0.5959068585,0.317765353,0,-1.220157651,4.404976089,-3.183621163
52.58,-64.99908247,0.05294032399,0.5959070716,0.317765217,0,-1.220152025,4.404964173,-3.18362474
52.59,-64.99909429,0.05294023511,0.5959072849,0.317765081,0,-1.220146442,4.404952289,-3.183628287
52.6,-64.99910602,0.05294014687,0.5959074985,0.3177649448,0,-1.220140902,4.404940436,-3.183631805
52.61,-64.99911764,0.05294005926,0.5959077123,0.3177648086,0,-1.220135406,4.404928615,-3.183635293
52.62,-64.99912917,0.05293997229,0.5959079264,0.3177646723,0,-1.220129953,4.404916826,-3.183638752
52.63,-64.99914061,0.05293988595,0.5959081407,0.317764536,0,-1.220124544,4.404905069,-3.183642182
52.64,-64.99915194,0.05293980024,0.5959083551,0.3177643996,0,-1.220119177,4.404893344,-3.183645582
52.65,-64.99916318,0.05293971517,0.5959085698,0.3177642631,0,-1.220113854,4.40488165,-3.183648954
52.66,-64.99917432,0.05293963072,0.5959087847,0.3177641265,0,-1.220108573,4.40486999,-3.183652296
52.67,-64.99918536,0.05293954691,0.5959089998,0.3177639899,0,-1.220103335,4.404858361,-3.183655608
52.68,-64.99919631,0.05293946372,0.5959092151,0.3177638532,0,-1.220098141,4.404846765,-3.183658892
52.69,-64.99920716,0.05293938116,0.5959094306,0.3177637165,0,-1.220092989,4.404835201,-3.183662147
52.7,-64.99921791,0.05293929922,0.5959096463,0.3177635797,0,-1.220087879,4.40482367,-3.183665373
52.71,-64.99922856,0.05293921791,0.5959098622,0.3177634428,0,-1.220082813,4.404812171,-3.183668569
52.72,-64.99923912,0.05293913723,0.5959100782,0.3177633059,0,-1.220077788,4.404800705,-3.183671737
52.73,-64.99924959,0.05293905717,0.5959102944,0.317763169,0,-1.220072807,4.404789272,-3.183674876
52.74,-64.99925996,0.05293897773,0.5959105109,0.317763032,0,-1.220067867,4.404777872,-3.183677987
52.75,-64.99927023,0.05293889891,0.5959107274,0.317762895,0,-1.22006297,4.404766505,-3.183681069
52.76,-64.99928041,0.05293882072,0.5959109442,0.317762758,0,-1.220058116,4.40475517,-3.183684122
52.77,-64.99929049,0.05293874314,0.5959111611,0.3177626209,0,-1.220053303,4.404743869,-3.183687146
52.78,-64.99930047,0.05293866618,0.5959113781,0.3177624838,0,-1.220048532,4.404732601,-3.183690142
52.79,-64.99931037,0.05293858984,0.5959115953,0.3177623467,0,-1.220043804,4.404721367,-3.18369311
52.8,-64.99932016,0.05293851411,0.5959118127,0.3177622095,0,-1.220039117,4.404710166,-3.183696049
52.81,-64.99932987,0.052938439,0.5959120302,0.3177620723,0,-1.220034472,4.404698998,-3.18369896
52.82,-64.99933947,0.0529383645,0.5959122478,0.3177619351,0,-1.220029869,4.404687864,-3.183701842
52.83,-64.99934899,0.05293829062,0.5959124656,0.3177617979,0,-1.220025308,4.404676763,-3.183704697
52.84,-64.99935841,0.05293821734,0.5959126835,0.3177616607,0,-1.220020788,4.404665696,-3.183707523
52.85,-64.99936774,0.05293814468,0.5959129016,0.3177615234,0,-1.220016309,4.404654663,-3.183710321
52.86,-64.99937697,0.05293807263,0.5959131198,0.3177613861,0,-1.220011872,4.404643663,-3.183713091
52.87,-64.99938611,0.05293800119,0.595913338,0.3177612489,0,-1.220007477,4.404632698,-3.183715833
52.88,-64.99939516,0.05293793035,0.5959135565,0.3177611116,0,-1.220003122,4.404621766,-3.183718547
52.89,-64.99940411,0.05293786012,0.595913775,0.3177609743,0,-1.219998809,4.404610869,-3.183721234
52.9,-64.99941297,0.05293779049,0.5959139936,0.3177608371,0,-1.219994537,4.404600005,-3.183723892
52.91,-64.99942174,0.05293772147,0.5959142123,0.3177606998,0,-1.219990306,4.404589176,-3.183726523
52.92,-64.99943042,0.05293765305,0.5959144312,0.3177605626,0,-1.219986116,4.404578381,-3.183729127
52.93,-64.99943901,0.05293758523,0.5959146501,0.3177604253,0,-1.219981966,4.40456762,-3.183731702
52.94,-64.9994475,0.05293751802,0.5959148691,0.3177602881,0,-1.219977858,4.404556893,-3.18373425
52.95,-64.9994559,0.0529374514,0.5959150883,0.3177601509,0,-1.21997379,4.404546201,-3.183736771
52.96,-64.99946421,0.05293738538,0.5959153075,0.3177600136,0,-1.219969762,4.404535544,-3.183739264
52.97,-64.99947243,0.05293731996,0.5959155267,0.3177598765,0,-1.219965775,4.404524921,-3.18374173
52.98,-64.99948056,0.05293725513,0.5959157461,0.3177597393,0,-1.219961829,4.404514332,-3.183744169
52.99,-64.9994886,0.0529371909,0.5959159655,0.3177596022,0,-1.219957922,4.404503778,-3.18374658
53,-64.99949655,0.05293712726,0.5959161851,0.317759465,0,-1.219954056,4.404493259,-3.183748964
53.01,-64.99950441,0.05293706421,0.5959164046,0.317759328,0,-1.21995023,4.404482775,-3.183751322
53.02,-64.99951217,0.05293700176,0.5959166243,0.3177591909,0,-1.219946444,4.404472325,-3.183753652
53.03,-64.99951985,0.05293693989,0.595916844,0.3177590539,0,-1.219942698,4.404461911,-3.183755955
53.04,-64.99952744,0.05293687861,0.5959170637,0.3177589169,0,-1.219938992,4.404451531,-3.183758231
53.05,-64.99953494,0.05293681792,0.5959172835,0.31775878,0,-1.219935326,4.404441187,-3.183760481
53.06,-64.99954235,0.05293675782,0.5959175034,0.3177586431,0,-1.219931699,4.404430877,-3.183762704
53.07,-64.99954967,0.0529366983,0.5959177233,0.3177585062,0,-1.219928112,4.404420603,-3.1837649
53.08,-64.9995569,0.05293663936,0.5959179432,0.3177583694,0,-1.219924564,4.404410363,-3.183767069
53.09,-64.99956404,0.052936581,0.5959181632,0.3177582326,0,-1.219921056,4.404400159,-3.183769212
53.1,-64.99957109,0.05293652323,0.5959183832,0.3177580959,0,-1.219917587,4.40438999,-3.183771328
53.11,-64.99957806,0.05293646604,0.5959186032,0.3177579593,0,-1.219914157,4.404379857,-3.183773419
53.12,-64.99958494,0.05293640942,0.5959188233,0.3177578227,0,-1.219910767,4.404369758,-3.183775482
53.13,-64.99959173,0.05293635338,0.5959190434,0.3177576861,0,-1.219907415,4.404359696,-3.18377752
53.14,-64.99959844,0.05293629792,0.5959192635,0.3177575497,0,-1.219904103,4.404349668,-3.183779531
53.15,-64.99960505,0.05293624303,0.5959194836,0.3177574132,0,-1.219900829,4.404339676,-3.183781516
53.16,-64.99961158,0.05293618872,0.5959197037,0.3177572769,0,-1.219897594,4.40432972,-3.183783475
53.17,-64.99961803,0.05293613498,0.5959199239,0.3177571406,0,-1.219894397,4.404319799,-3.183785408
53.18,-64.99962438,0.05293608181,0.595920144,0.3177570044,0,-1.219891239,4.404309914,-3.183787315
53.19,-64.99963065,0.0529360292,0.5959203641,0.3177568682,0,-1.21988812,4.404300065,-3.183789196
53.2,-64.99963684,0.05293597717,0.5959205843,0.3177567322,0,-1.219885039,4.404290251,-3.183791051
53.21,-64.99964294,0.0529359257,0.5959208044,0.3177565962,0,-1.219881996,4.404280473,-3.183792881
53.22,-64.99964895,0.0529358748,0.5959210245,0.3177564603,0,-1.219878991,4.404270731,-3.183794685
53.23,-64.99965488,0.05293582446,0.5959212447,0.3177563244,0,-1.219876025,4.404261024,-3.183796463
53.24,-64.99966072,0.05293577468,0.5959214647,0.3177561887,0,-1.219873096,4.404251354,-3.183798216
53.25,-64.99966648,0.05293572547,0.5959216848,0.317756053,0,-1.219870205,4.404241719,-3.183799944
53.26,-64.99967215,0.05293567682,0.5959219049,0.3177559175,0,-1.219867352,4.404232121,-3.183801646
53.27,-64.99967774,0.05293562872,0.5959221249,0.317755782,0,-1.219864537,4.404222558,-3.183803322
53.28,-64.99968325,0.05293558118,0.5959223449,0.3177556466,0,-1.219861759,4.404213031,-3.183804974
53.29,-64.99968867,0.0529355342,0.5959225648,0.3177555113,0,-1.219859019,4.404203541,-3.1838066
53.3,-64.999694,0.05293548777,0.5959227848,0.3177553761,0,-1.219856316,4.404194086,-3.183808201
53.31,-64.99969926,0.0529354419,0.5959230046,0.317755241,0,-1.219853651,4.404184668,-3.183809778
53.32,-64.99970443,0.05293539658,0.5959232245,0.317755106,0,-1.219851022,4.404175286,-3.183811329
53.33,-64.99970952,0.0529353518,0.5959234443,0.3177549711,0,-1.219848431,4.404165939,-3.183812855
53.34,-64.99971452,0.05293530758,0.595923664,0.3177548363,0,-1.219845877,4.40415663,-3.183814357
53.35,-64.99971945,0.0529352639,0.5959238837,0.3177547016,0,-1.219843359,4.404147356,-3.183815834
53.36,-64.99972429,0.05293522078,0.5959241033,0.317754567,0,-1.219840878,4.404138118,-3.183817286
53.37,-64.99972904,0.05293517819,0.5959243229,0.3177544326,0,-1.219838434,4.404128917,-3.183818713
53.38,-64.99973372,0.05293513615,0.5959245424,0.3177542982,0,-1.219836027,4.404119753,-3.183820116
53.39,-64.99973832,0.05293509465,0.5959247618,0.317754164,0,-1.219833656,4.404110624,-3.183821495
53.4,-64.99974283,0.05293505369,0.5959249812,0.3177540299,0,-1.219831321,4.404101532,-3.183822849
53.41,-64.99974726,0.05293501327,0.5959252005,0.3177538959,0,-1.219829023,4.404092476,-3.183824179
53.42,-64.99975162,0.05293497339,0.5959254197,0.317753762,0,-1.219826761,4.404083457,-3.183825485
53.43,-64.99975589,0.05293493405,0.5959256388,0.3177536283,0,-1.219824535,4.404074474,-3.183826767
53.44,-64.99976008,0.05293489524,0.5959258579,0.3177534947,0,-1.219822345,4.404065528,-3.183828024
53.45,-64.99976419,0.05293485696,0.5959260768,0.3177533612,0,-1.21982019,4.404056618,-3.183829257
53.46,-64.99976822,0.05293481922,0.5959262957,0.3177532278,0,-1.219818072,4.404047745,-3.183830467
53.47,-64.99977218,0.052934782,0.5959265145,0.3177530946,0,-1.219815989,4.404038908,-3.183831653
53.48,-64.99977605,0.05293474532,0.5959267332,0.3177529615,0,-1.219813941,4.404030108,-3.183832815
53.49,-64.99977984,0.05293470916,0.5959269517,0.3177528285,0,-1.21981193,4.404021344,-3.183833953
53.5,-64.99978356,0.05293467353,0.5959271702,0.3177526957,0,-1.219809953,4.404012617,-3.183835067
53.51,-64.99978719,0.05293463843,0.5959273886,0.317752563,0,-1.219808012,4.404003926,-3.183836158
53.52,-64.99979075,0.05293460384,0.5959276069,0.3177524305,0,-1.219806105,4.403995272,-3.183837226
53.53,-64.99979423,0.05293456978,0.595927825,0.3177522981,0,-1.219804234,4.403986655,-3.18383827
53.54,-64.99979764,0.05293453624,0.5959280431,0.3177521658,0,-1.219802398,4.403978074,-3.183839291
53.55,-64.99980096,0.05293450322,0.595928261,0.3177520337,0,-1.219800596,4.40396953,-3.183840288
53.56,-64.99980421,0.05293447072,0.5959284788,0.3177519017,0,-1.21979883,4.403961023,-3.183841263
53.57,-64.99980738,0.05293443873,0.5959286965,0.3177517699,0,-1.219797098,4.403952552,-3.183842214
53.58,-64.99981047,0.05293440725,0.595928914,0.3177516383,0,-1.2197954,4.403944118,-3.183843142
53.59,-64.99981349,0.05293437629,0.5959291314,0.3177515068,0,-1.219793737,4.403935721,-3.183844048
53.6,-64.99981643,0.05293434584,0.5959293487,0.3177513755,0,-1.219792108,4.40392736,-3.18384493
53.61,-64.9998193,0.0529343159,0.5959295659,0.3177512443,0,-1.219790513,4.403919036,-3.18384579
53.62,-64.99982209,0.05293428647,0.5959297829,0.3177511133,0,-1.219788952,4.403910749,-3.183846626
53.63,-64.9998248,0.05293425755,0.5959299998,0.3177509824,0,-1.219787425,4.403902499,-3.183847441
53.64,-64.99982744,0.05293422913,0.5959302165,0.3177508517,0,-1.219785932,4.403894285,-3.183848232
53.65,-64.99983,0.05293420122,0.5959304331,0.3177507212,0,-1.219784473,4.403886108,-3.183849001
53.66,-64.99983249,0.0529341738,0.5959306495,0.3177505908,0,-1.219783047,4.403877968,-3.183849748
53.67,-64.99983491,0.05293414689,0.5959308658,0.3177504606,0,-1.219781655,4.403869864,-3.183850472
53.68,-64.99983725,0.05293412048,0.5959310819,0.3177503306,0,-1.219780296,4.403861798,-3.183851174
53.69,-64.99983951,0.05293409457,0.5959312978,0.3177502008,0,-1.219778971,4.403853768,-3.183851854
53.7,-64.99984171,0.05293406915,0.5959315136,0.3177500711,0,-1.219777679,4.403845775,-3.183852512
53.71,-64.99984383,0.05293404423,0.5959317293,0.3177499416,0,-1.21977642,4.403837819,-3.183853148
53.72,-64.99984587,0.0529340198,0.5959319447,0.3177498123,0,-1.219775194,4.403829899,-3.183853762
53.73,-64.99984785,0.05293399586,0.59593216,0.3177496832,0,-1.219774,4.403822016,-3.183854354
53.74,-64.99984975,0.05293397241,0.5959323752,0.3177495542,0,-1.21977284,4.40381417,-3.183854924
53.75,-64.99985157,0.05293394945,0.5959325901,0.3177494255,0,-1.219771712,4.403806361,-3.183855472
53.76,-64.99985333,0.05293392698,0.5959328049,0.3177492969,0,-1.219770617,4.403798589,-3.183855999
53.77,-64.99985501,0.05293390499,0.5959330195,0.3177491685,0,-1.219769554,4.403790853,-3.183856504
53.78,-64.99985663,0.05293388349,0.5959332339,0.3177490403,0,-1.219768524,4.403783154,-3.183856988
53.79,-64.99985817,0.05293386247,0.5959334481,0.3177489123,0,-1.219767525,4.403775492,-3.18385745
53.8,-64.99985964,0.05293384193,0.5959336621,0.3177487845,0,-1.219766559,4.403767867,-3.183857891
53.81,-64.99986103,0.05293382187,0.5959338759,0.3177486568,0,-1.219765625,4.403760278,-3.18385831
53.82,-64.99986236,0.05293380229,0.5959340896,0.3177485294,0,-1.219764722,4.403752726,-3.183858709
53.83,-64.99986362,0.05293378318,0.595934303,0.3177484022,0,-1.219763852,4.403745211,-3.183859086
53.84,-64.99986481,0.05293376455,0.5959345163,0.3177482751,0,-1.219763013,4.403737733,-3.183859442
53.85,-64.99986593,0.05293374639,0.5959347293,0.3177481483,0,-1.219762205,4.403730291,-3.183859778
53.86,-64.99986697,0.0529337287,0.5959349421,0.3177480217,0,-1.21976143,4.403722886,-3.183860092
53.87,-64.99986795,0.05293371149,0.5959351547,0.3177478952,0,-1.219760685,4.403715518,-3.183860386
53.88,-64.99986886,0.05293369474,0.5959353672,0.317747769,0,-1.219759971,4.403708186,-3.183860659
53.89,-64.9998697,0.05293367845,0.5959355794,0.317747643,0,-1.219759289,4.403700892,-3.183860911
53.9,-64.99987048,0.05293366264,0.5959357913,0.3177475172,0,-1.219758638,4.403693633,-3.183861143
53.91,-64.99987118,0.05293364728,0.5959360031,0.3177473916,0,-1.219758017,4.403686412,-3.183861355
53.92,-64.99987182,0.05293363239,0.5959362147,0.3177472662,0,-1.219757428,4.403679227,-3.183861545
53.93,-64.99987239,0.05293361796,0.595936426,0.317747141,0,-1.219756869,4.403672079,-3.183861716
53.94,-64.99987289,0.05293360399,0.5959366371,0.317747016,0,-1.21975634,4.403664968,-3.183861866
53.95,-64.99987332,0.05293359047,0.5959368479,0.3177468913,0,-1.219755842,4.403657893,-3.183861997
53.96,-64.99987369,0.05293357742,0.5959370586,0.3177467668,0,-1.219755374,4.403650855,-3.183862107
53.97,-64.99987399,0.05293356481,0.595937269,0.3177466424,0,-1.219754937,4.403643853,-3.183862197
53.98,-64.99987422,0.05293355266,0.5959374791,0.3177465184,0,-1.219754529,4.403636888,-3.183862267
53.99,-64.99987439,0.05293354095,0.5959376891,0.3177463945,0,-1.219754152,4.403629959,-3.183862318
54,-64.99987449,0.0529335297,0.5959378987,0.3177462708,0,-1.219753804,4.403623067,-3.183862348
54.01,-64.99987453,0.0529335189,0.5959381082,0.3177461474,0,-1.219753486,4.403616212,-3.183862359
54.02,-64.9998745,0.05293350854,0.5959383174,0.3177460242,0,-1.219753198,4.403609393,-3.18386235
54.03,-64.99987441,0.05293349862,0.5959385263,0.3177459012,0,-1.219752939,4.40360261,-3.183862322
54.04,-64.99987425,0.05293348915,0.595938735,0.3177457785,0,-1.21975271,4.403595864,-3.183862274
54.05,-64.99987402,0.05293348012,0.5959389435,0.317745656,0,-1.21975251,4.403589155,-3.183862207
54.06,-64.99987374,0.05293347153,0.5959391517,0.3177455337,0,-1.219752339,4.403582482,-3.183862121
54.07,-64.99987339,0.05293346337,0.5959393596,0.3177454117,0,-1.219752197,4.403575845,-3.183862016
54.08,-64.99987297,0.05293345565,0.5959395673,0.3177452898,0,-1.219752084,4.403569245,-3.183861891
54.09,-64.99987249,0.05293344837,0.5959397747,0.3177451683,0,-1.219752,4.403562681,-3.183861747
54.1,-64.99987195,0.05293344152,0.5959399818,0.3177450469,0,-1.219751945,4.403556153,-3.183861585
54.11,-64.99987134,0.0529334351,0.5959401887,0.3177449258,0,-1.219751918,4.403549662,-3.183861403
54.12,-64.99987068,0.05293342911,0.5959403953,0.317744805,0,-1.21975192,4.403543207,-3.183861203
54.13,-64.99986995,0.05293342355,0.5959406017,0.3177446843,0,-1.21975195,4.403536788,-3.183860984
54.14,-64.99986915,0.05293341842,0.5959408077,0.3177445639,0,-1.219752009,4.403530405,-3.183860746
54.15,-64.9998683,0.05293341371,0.5959410135,0.3177444438,0,-1.219752095,4.403524059,-3.183860489
54.16,-64.99986738,0.05293340943,0.595941219,0.3177443239,0,-1.21975221,4.403517749,-3.183860215
54.17,-64.9998664,0.05293340556,0.5959414243,0.3177442043,0,-1.219752352,4.403511475,-3.183859921
54.18,-64.99986537,0.05293340212,0.5959416292,0.3177440849,0,-1.219752523,4.403505237,-3.18385961
54.19,-64.99986427,0.05293339909,0.5959418339,0.3177439657,0,-1.219752721,4.403499036,-3.18385928
54.2,-64.99986311,0.05293339648,0.5959420383,0.3177438468,0,-1.219752947,4.40349287,-3.183858932
54.21,-64.99986189,0.05293339429,0.5959422424,0.3177437282,0,-1.2197532,4.40348674,-3.183858566
54.22,-64.99986061,0.05293339251,0.5959424462,0.3177436098,0,-1.21975348,4.403480647,-3.183858182
54.23,-64.99985927,0.05293339114,0.5959426497,0.3177434916,0,-1.219753788,4.403474589,-3.18385778
54.24,-64.99985787,0.05293339018,0.5959428529,0.3177433737,0,-1.219754123,4.403468568,-3.18385736
54.25,-64.99985641,0.05293338963,0.5959430558,0.3177432561,0,-1.219754485,4.403462582,-3.183856923
54.26,-64.99985489,0.05293338949,0.5959432584,0.3177431387,0,-1.219754873,4.403456632,-3.183856467
54.27,-64.99985331,0.05293338975,0.5959434607,0.3177430216,0,-1.219755289,4.403450718,-3.183855994
54.28,-64.99985168,0.05293339042,0.5959436627,0.3177429047,0,-1.219755731,4.40344484,-3.183855504
54.29,-64.99984999,0.05293339149,0.5959438645,0.3177427881,0,-1.2197562,4.403438998,-3.183854996
54.3,-64.99984824,0.05293339296,0.5959440659,0.3177426718,0,-1.219756695,4.403433191,-3.183854471
54.31,-64.99984643,0.05293339482,0.5959442669,0.3177425557,0,-1.219757216,4.40342742,-3.183853928
54.32,-64.99984456,0.05293339709,0.5959444677,0.3177424399,0,-1.219757764,4.403421685,-3.183853368
54.33,-64.99984264,0.05293339975,0.5959446682,0.3177423244,0,-1.219758338,4.403415986,-3.183852792
54.34,-64.99984066,0.0529334028,0.5959448683,0.3177422091,0,-1.219758938,4.403410322,-3.183852198
54.35,-64.99983862,0.05293340625,0.5959450682,0.3177420941,0,-1.219759563,4.403404694,-3.183851587
54.36,-64.99983653,0.05293341008,0.5959452677,0.3177419793,0,-1.219760215,4.403399101,-3.183850959
54.37,-64.99983438,0.05293341431,0.5959454669,0.3177418649,0,-1.219760891,4.403393543,-3.183850314
54.38,-64.99983218,0.05293341892,0.5959456657,0.3177417507,0,-1.219761594,4.403388022,-3.183849653
54.39,-64.99982992,0.05293342392,0.5959458643,0.3177416367,0,-1.219762322,4.403382535,-3.183848975
54.4,-64.9998276,0.0529334293,0.5959460625,0.3177415231,0,-1.219763075,4.403377084,-3.18384828
54.41,-64.99982523,0.05293343506,0.5959462604,0.3177414097,0,-1.219763853,4.403371669,-3.183847569
54.42,-64.99982281,0.0529334412,0.595946458,0.3177412966,0,-1.219764657,4.403366288,-3.183846842
54.43,-64.99982033,0.05293344773,0.5959466552,0.3177411837,0,-1.219765485,4.403360943,-3.183846098
54.44,-64.99981779,0.05293345463,0.5959468521,0.3177410712,0,-1.219766338,4.403355633,-3.183845338
54.45,-64.99981521,0.0529334619,0.5959470486,0.3177409589,0,-1.219767216,4.403350359,-3.183844562
54.46,-64.99981257,0.05293346955,0.5959472448,0.3177408469,0,-1.219768118,4.403345119,-3.18384377
54.47,-64.99980987,0.05293347757,0.5959474407,0.3177407352,0,-1.219769045,4.403339915,-3.183842961
54.48,-64.99980712,0.05293348597,0.5959476363,0.3177406237,0,-1.219769996,4.403334745,-3.183842137
54.49,-64.99980432,0.05293349473,0.5959478314,0.3177405126,0,-1.219770972,4.403329611,-3.183841297
54.5,-64.99980147,0.05293350386,0.5959480263,0.3177404017,0,-1.219771972,4.403324512,-3.183840441
54.51,-64.99979857,0.05293351335,0.5959482208,0.3177402911,0,-1.219772995,4.403319447,-3.18383957
54.52,-64.99979561,0.05293352321,0.5959484149,0.3177401808,0,-1.219774043,4.403314418,-3.183838682
54.53,-64.9997926,0.05293353343,0.5959486087,0.3177400708,0,-1.219775114,4.403309423,-3.18383778
54.54,-64.99978954,0.05293354401,0.5959488022,0.317739961,0,-1.219776209,4.403304463,-3.183836862
54.55,-64.99978643,0.05293355495,0.5959489953,0.3177398516,0,-1.219777327,4.403299538,-3.183835928
54.56,-64.99978326,0.05293356625,0.595949188,0.3177397424,0,-1.219778469,4.403294647,-3.183834979
54.57,-64.99978005,0.0529335779,0.5959493804,0.3177396336,0,-1.219779635,4.403289791,-3.183834015
54.58,-64.99977679,0.05293358991,0.5959495724,0.317739525,0,-1.219780823,4.40328497,-3.183833036
54.59,-64.99977347,0.05293360227,0.5959497641,0.3177394167,0,-1.219782035,4.403280183,-3.183832042
54.6,-64.99977011,0.05293361498,0.5959499554,0.3177393087,0,-1.219783269,4.403275431,-3.183831033
54.61,-64.9997667,0.05293362804,0.5959501463,0.317739201,0,-1.219784527,4.403270713,-3.183830009
54.62,-64.99976323,0.05293364144,0.5959503369,0.3177390936,0,-1.219785807,4.403266029,-3.18382897
54.63,-64.99975972,0.0529336552,0.5959505271,0.3177389865,0,-1.21978711,4.40326138,-3.183827916
54.64,-64.99975616,0.05293366929,0.595950717,0.3177388796,0,-1.219788435,4.403256765,-3.183826848
54.65,-64.99975255,0.05293368373,0.5959509064,0.3177387731,0,-1.219789783,4.403252185,-3.183825765
54.66,-64.99974889,0.05293369851,0.5959510955,0.3177386669,0,-1.219791153,4.403247638,-3.183824668
54.67,-64.99974519,0.05293371363,0.5959512842,0.317738561,0,-1.219792545,4.403243126,-3.183823556
54.68,-64.99974143,0.05293372909,0.5959514726,0.3177384553,0,-1.219793959,4.403238648,-3.18382243
54.69,-64.99973763,0.05293374488,0.5959516606,0.31773835,0,-1.219795395,4.403234204,-3.18382129
54.7,-64.99973378,0.05293376101,0.5959518482,0.317738245,0,-1.219796853,4.403229794,-3.183820135
54.71,-64.99972989,0.05293377747,0.5959520354,0.3177381402,0,-1.219798333,4.403225417,-3.183818967
54.72,-64.99972595,0.05293379426,0.5959522222,0.3177380358,0,-1.219799834,4.403221075,-3.183817784
54.73,-64.99972196,0.05293381137,0.5959524087,0.3177379317,0,-1.219801357,4.403216767,-3.183816587
54.74,-64.99971792,0.05293382882,0.5959525947,0.3177378278,0,-1.219802901,4.403212492,-3.183815377
54.75,-64.99971384,0.05293384659,0.5959527804,0.3177377243,0,-1.219804467,4.403208251,-3.183814153
54.76,-64.99970972,0.05293386469,0.5959529657,0.3177376211,0,-1.219806053,4.403204043,-3.183812915
54.77,-64.99970554,0.05293388311,0.5959531506,0.3177375182,0,-1.219807661,4.403199869,-3.183811663
54.78,-64.99970133,0.05293390185,0.5959533352,0.3177374156,0,-1.219809289,4.403195729,-3.183810398
54.79,-64.99969707,0.05293392091,0.5959535193,0.3177373133,0,-1.219810939,4.403191622,-3.18380912
54.8,-64.99969276,0.05293394029,0.595953703,0.3177372113,0,-1.219812609,4.403187549,-3.183807828
54.81,-64.99968841,0.05293395998,0.5959538864,0.3177371096,0,-1.219814299,4.403183509,-3.183806522
54.82,-64.99968401,0.05293397999,0.5959540693,0.3177370082,0,-1.21981601,4.403179502,-3.183805204
54.83,-64.99967957,0.05293400031,0.5959542519,0.3177369072,0,-1.219817742,4.403175529,-3.183803872
54.84,-64.99967509,0.05293402094,0.595954434,0.3177368064,0,-1.219819493,4.403171588,-3.183802527
54.85,-64.99967056,0.05293404188,0.5959546158,0.317736706,0,-1.219821265,4.403167681,-3.183801169
54.86,-64.999666,0.05293406313,0.5959547972,0.3177366058,0,-1.219823057,4.403163807,-3.183799799
54.87,-64.99966138,0.05293408469,0.5959549781,0.317736506,0,-1.219824868,4.403159966,-3.183798415
54.88,-64.99965673,0.05293410655,0.5959551587,0.3177364065,0,-1.2198267,4.403156158,-3.183797019
54.89,-64.99965203,0.05293412871,0.5959553388,0.3177363073,0,-1.219828551,4.403152383,-3.18379561
54.9,-64.99964729,0.05293415117,0.5959555186,0.3177362084,0,-1.219830422,4.40314864,-3.183794188
54.91,-64.99964251,0.05293417393,0.5959556979,0.3177361099,0,-1.219832312,4.403144931,-3.183792754
54.92,-64.99963769,0.052934197,0.5959558769,0.3177360116,0,-1.219834221,4.403141254,-3.183791307
54.93,-64.99963283,0.05293422035,0.5959560554,0.3177359137,0,-1.21983615,4.403137609,-3.183789848
54.94,-64.99962792,0.05293424401,0.5959562335,0.317735816,0,-1.219838097,4.403133998,-3.183788377
54.95,-64.99962298,0.05293426795,0.5959564112,0.3177357187,0,-1.219840064,4.403130418,-3.183786894
54.96,-64.99961799,0.05293429219,0.5959565885,0.3177356218,0,-1.21984205,4.403126872,-3.183785398
54.97,-64.99961297,0.05293431671,0.5959567654,0.3177355251,0,-1.219844054,4.403123357,-3.18378389
54.98,-64.9996079,0.05293434153,0.5959569418,0.3177354287,0,-1.219846077,4.403119875,-3.18378237
54.99,-64.9996028,0.05293436663,0.5959571179,0.3177353327,0,-1.219848118,4.403116425,-3.183780839
55,-64.99959765,0.05293439201,0.5959572935,0.317735237,0,-1.219850178,4.403113008,-3.183779295
55.01,-64.99959247,0.05293441768,0.5959574687,0.3177351416,0,-1.219852257,4.403109622,-3.18377774
55.02,-64.99958724,0.05293444363,0.5959576435,0.3177350465,0,-1.219854353,4.403106269,-3.183776173
55.03,-64.99958198,0.05293446987,0.5959578179,0.3177349518,0,-1.219856468,4.403102947,-3.183774594
55.04,-64.99957668,0.05293449637,0.5959579918,0.3177348574,0,-1.2198586,4.403099658,-3.183773004
55.05,-64.99957134,0.05293452316,0.5959581654,0.3177347633,0,-1.21986075,4.4030964,-3.183771403
55.06,-64.99956597,0.05293455022,0.5959583385,0.3177346695,0,-1.219862919,4.403093175,-3.18376979
55.07,-64.99956055,0.05293457756,0.5959585112,0.317734576,0,-1.219865104,4.40308998,-3.183768166
55.08,-64.9995551,0.05293460516,0.5959586834,0.3177344829,0,-1.219867308,4.403086818,-3.18376653
55.09,-64.99954961,0.05293463304,0.5959588552,0.3177343901,0,-1.219869528,4.403083687,-3.183764884
55.1,-64.99954409,0.05293466119,0.5959590266,0.3177342976,0,-1.219871767,4.403080588,-3.183763226
55.11,-64.99953852,0.0529346896,0.5959591976,0.3177342054,0,-1.219874022,4.40307752,-3.183761557
55.12,-64.99953292,0.05293471828,0.5959593682,0.3177341136,0,-1.219876294,4.403074483,-3.183759877
55.13,-64.99952729,0.05293474722,0.5959595383,0.3177340221,0,-1.219878583,4.403071478,-3.183758187
55.14,-64.99952162,0.05293477642,0.595959708,0.3177339309,0,-1.21988089,4.403068504,-3.183756486
55.15,-64.99951591,0.05293480589,0.5959598772,0.31773384,0,-1.219883213,4.403065562,-3.183754774
55.16,-64.99951017,0.05293483561,0.595960046,0.3177337495,0,-1.219885552,4.40306265,-3.183753051
55.17,-64.99950439,0.05293486559,0.5959602144,0.3177336593,0,-1.219887908,4.40305977,-3.183751318
55.18,-64.99949858,0.05293489583,0.5959603823,0.3177335694,0,-1.219890281,4.40305692,-3.183749575
55.19,-64.99949274,0.05293492632,0.5959605498,0.3177334798,0,-1.21989267,4.403054101,-3.183747821
55.2,-64.99948685,0.05293495706,0.5959607169,0.3177333906,0,-1.219895075,4.403051313,-3.183746056
55.21,-64.99948094,0.05293498806,0.5959608836,0.3177333017,0,-1.219897496,4.403048556,-3.183744282
55.22,-64.99947499,0.0529350193,0.5959610497,0.3177332132,0,-1.219899933,4.40304583,-3.183742497
55.23,-64.99946901,0.0529350508,0.5959612155,0.3177331249,0,-1.219902386,4.403043134,-3.183740702
55.24,-64.99946299,0.05293508253,0.5959613808,0.317733037,0,-1.219904855,4.403040469,-3.183738897
55.25,-64.99945694,0.05293511452,0.5959615457,0.3177329494,0,-1.21990734,4.403037834,-3.183737082
55.26,-64.99945086,0.05293514674,0.5959617101,0.3177328622,0,-1.21990984,4.403035229,-3.183735258
55.27,-64.99944474,0.05293517921,0.5959618741,0.3177327753,0,-1.219912355,4.403032655,-3.183733423
55.28,-64.9994386,0.05293521192,0.5959620376,0.3177326887,0,-1.219914886,4.403030111,-3.183731579
55.29,-64.99943242,0.05293524487,0.5959622007,0.3177326024,0,-1.219917432,4.403027598,-3.183729725
55.3,-64.99942621,0.05293527805,0.5959623634,0.3177325165,0,-1.219919993,4.403025114,-3.183727862
55.31,-64.99941996,0.05293531147,0.5959625256,0.3177324309,0,-1.219922569,4.403022661,-3.183725989
55.32,-64.99941369,0.05293534512,0.5959626873,0.3177323457,0,-1.219925161,4.403020237,-3.183724106
55.33,-64.99940738,0.052935379,0.5959628487,0.3177322608,0,-1.219927766,4.403017843,-3.183722215
55.34,-64.99940104,0.05293541311,0.5959630095,0.3177321762,0,-1.219930387,4.403015479,-3.183720313
55.35,-64.99939468,0.05293544746,0.5959631699,0.3177320919,0,-1.219933022,4.403013145,-3.183718403
55.36,-64.99938828,0.05293548203,0.5959633299,0.317732008,0,-1.219935672,4.40301084,-3.183716484
55.37,-64.99938185,0.05293551682,0.5959634894,0.3177319244,0,-1.219938336,4.403008566,-3.183714555
55.38,-64.99937539,0.05293555184,0.5959636485,0.3177318411,0,-1.219941014,4.40300632,-3.183712618
55.39,-64.99936891,0.05293558709,0.5959638071,0.3177317582,0,-1.219943707,4.403004104,-3.183710672
55.4,-64.99936239,0.05293562255,0.5959639652,0.3177316756,0,-1.219946413,4.403001917,-3.183708716
55.41,-64.99935584,0.05293565823,0.5959641229,0.3177315934,0,-1.219949133,4.40299976,-3.183706752
55.42,-64.99934927,0.05293569413,0.5959642802,0.3177315114,0,-1.219951868,4.402997631,-3.18370478
55.43,-64.99934266,0.05293573025,0.595964437,0.3177314299,0,-1.219954616,4.402995532,-3.183702798
55.44,-64.99933603,0.05293576658,0.5959645933,0.3177313486,0,-1.219957377,4.402993462,-3.183700808
55.45,-64.99932937,0.05293580313,0.5959647492,0.3177312677,0,-1.219960152,4.402991421,-3.18369881
55.46,-64.99932268,0.05293583988,0.5959649046,0.3177311871,0,-1.219962941,4.402989409,-3.183696803
55.47,-64.99931596,0.05293587685,0.5959650595,0.3177311069,0,-1.219965743,4.402987425,-3.183694788
55.48,-64.99930921,0.05293591403,0.5959652141,0.317731027,0,-1.219968558,4.402985471,-3.183692764
55.49,-64.99930244,0.05293595141,0.5959653681,0.3177309474,0,-1.219971386,4.402983544,-3.183690733
55.5,-64.99929564,0.052935989,0.5959655217,0.3177308681,0,-1.219974227,4.402981647,-3.183688693
55.51,-64.99928882,0.05293602679,0.5959656748,0.3177307892,0,-1.219977081,4.402979778,-3.183686645
55.52,-64.99928196,0.05293606479,0.5959658275,0.3177307107,0,-1.219979948,4.402977937,-3.183684589
55.53,-64.99927509,0.05293610298,0.5959659797,0.3177306325,0,-1.219982827,4.402976125,-3.183682526
55.54,-64.99926818,0.05293614138,0.5959661314,0.3177305546,0,-1.219985719,4.402974341,-3.183680454
55.55,-64.99926125,0.05293617997,0.5959662827,0.317730477,0,-1.219988624,4.402972585,-3.183678375
55.56,-64.99925429,0.05293621876,0.5959664335,0.3177303998,0,-1.21999154,4.402970857,-3.183676288
55.57,-64.99924731,0.05293625775,0.5959665839,0.3177303229,0,-1.21999447,4.402969157,-3.183674193
55.58,-64.9992403,0.05293629693,0.5959667338,0.3177302464,0,-1.219997411,4.402967485,-3.183672091
55.59,-64.99923327,0.0529363363,0.5959668832,0.3177301702,0,-1.220000364,4.402965841,-3.183669981
55.6,-64.99922621,0.05293637586,0.5959670322,0.3177300943,0,-1.220003329,4.402964225,-3.183667864
55.61,-64.99921913,0.05293641561,0.5959671807,0.3177300188,0,-1.220006307,4.402962637,-3.183665739
55.62,-64.99921202,0.05293645554,0.5959673287,0.3177299436,0,-1.220009295,4.402961076,-3.183663607
55.63,-64.99920489,0.05293649567,0.5959674763,0.3177298687,0,-1.220012296,4.402959542,-3.183661468
55.64,-64.99919774,0.05293653597,0.5959676234,0.3177297942,0,-1.220015308,4.402958036,-3.183659322
55.65,-64.99919056,0.05293657646,0.59596777,0.31772972,0,-1.220018332,4.402956558,-3.183657169
55.66,-64.99918336,0.05293661713,0.5959679162,0.3177296461,0,-1.220021366,4.402955106,-3.183655008
55.67,-64.99917614,0.05293665799,0.5959680619,0.3177295726,0,-1.220024412,4.402953682,-3.183652841
55.68,-64.99916889,0.05293669901,0.5959682071,0.3177294995,0,-1.22002747,4.402952285,-3.183650667
55.69,-64.99916162,0.05293674022,0.5959683519,0.3177294266,0,-1.220030538,4.402950915,-3.183648486
55.7,-64.99915433,0.0529367816,0.5959684962,0.3177293541,0,-1.220033617,4.402949572,-3.183646298
55.71,-64.99914701,0.05293682316,0.59596864,0.317729282,0,-1.220036707,4.402948256,-3.183644104
55.72,-64.99913968,0.05293686489,0.5959687834,0.3177292101,0,-1.220039808,4.402946966,-3.183641903
55.73,-64.99913232,0.05293690678,0.5959689263,0.3177291387,0,-1.220042919,4.402945703,-3.183639695
55.74,-64.99912494,0.05293694885,0.5959690687,0.3177290675,0,-1.220046041,4.402944467,-3.183637481
55.75,-64.99911754,0.05293699109,0.5959692106,0.3177289967,0,-1.220049173,4.402943258,-3.183635261
55.76,-64.99911011,0.05293703349,0.5959693521,0.3177289262,0,-1.220052316,4.402942075,-3.183633034
55.77,-64.99910267,0.05293707606,0.5959694931,0.3177288561,0,-1.220055469,4.402940918,-3.183630801
55.78,-64.99909521,0.05293711879,0.5959696336,0.3177287863,0,-1.220058632,4.402939787,-3.183628562
55.79,-64.99908772,0.05293716168,0.5959697737,0.3177287168,0,-1.220061805,4.402938683,-3.183626317
55.8,-64.99908022,0.05293720474,0.5959699133,0.3177286477,0,-1.220064988,4.402937605,-3.183624066
55.81,-64.99907269,0.05293724795,0.5959700524,0.3177285789,0,-1.220068181,4.402936553,-3.183621808
55.82,-64.99906515,0.05293729132,0.595970191,0.3177285105,0,-1.220071383,4.402935526,-3.183619545
55.83,-64.99905759,0.05293733485,0.5959703292,0.3177284424,0,-1.220074596,4.402934526,-3.183617276
55.84,-64.99905,0.05293737853,0.5959704669,0.3177283746,0,-1.220077817,4.402933551,-3.183615001
55.85,-64.9990424,0.05293742237,0.5959706041,0.3177283072,0,-1.220081049,4.402932603,-3.18361272
55.86,-64.99903478,0.05293746635,0.5959707409,0.3177282401,0,-1.220084289,4.402931679,-3.183610434
55.87,-64.99902714,0.05293751049,0.5959708772,0.3177281733,0,-1.220087539,4.402930781,-3.183608142
55.88,-64.99901948,0.05293755478,0.595971013,0.3177281069,0,-1.220090798,4.402929909,-3.183605845
55.89,-64.99901181,0.05293759921,0.5959711483,0.3177280408,0,-1.220094066,4.402929062,-3.183603542
55.9,-64.99900411,0.05293764379,0.5959712832,0.317727975,0,-1.220097343,4.40292824,-3.183601233
55.91,-64.9989964,0.05293768852,0.5959714176,0.3177279096,0,-1.220100629,4.402927444,-3.18359892
55.92,-64.99898867,0.05293773339,0.5959715515,0.3177278445,0,-1.220103923,4.402926672,-3.183596601
55.93,-64.99898092,0.0529377784,0.5959716849,0.3177277798,0,-1.220107226,4.402925926,-3.183594277
55.94,-64.99897316,0.05293782355,0.5959718179,0.3177277154,0,-1.220110538,4.402925204,-3.183591947
55.95,-64.99896538,0.05293786884,0.5959719503,0.3177276513,0,-1.220113858,4.402924507,-3.183589613
55.96,-64.99895758,0.05293791427,0.5959720823,0.3177275876,0,-1.220117187,4.402923835,-3.183587274
55.97,-64.99894976,0.05293795984,0.5959722139,0.3177275242,0,-1.220120524,4.402923188,-3.183584929
55.98,-64.99894193,0.05293800554,0.5959723449,0.3177274611,0,-1.220123869,4.402922565,-3.18358258
55.99,-64.99893409,0.05293805137,0.5959724755,0.3177273984,0,-1.220127222,4.402921967,-3.183580226
56,-64.99892622,0.05293809734,0.5959726056,0.317727336,0,-1.220130583,4.402921393,-3.183577867
56.01,-64.99891835,0.05293814343,0.5959727353,0.3177272739,0,-1.220133953,4.402920843,-3.183575504
56.02,-64.99891045,0.05293818966,0.5959728644,0.3177272122,0,-1.22013733,4.402920318,-3.183573136
56.03,-64.99890254,0.05293823601,0.5959729931,0.3177271508,0,-1.220140714,4.402919817,-3.183570763
56.04,-64.99889462,0.05293828249,0.5959731213,0.3177270898,0,-1.220144106,4.40291934,-3.183568386
56.05,-64.99888668,0.0529383291,0.595973249,0.317727029,0,-1.220147506,4.402918886,-3.183566004
56.06,-64.99887873,0.05293837583,0.5959733763,0.3177269686,0,-1.220150914,4.402918457,-3.183563618
56.07,-64.99887076,0.05293842268,0.595973503,0.3177269086,0,-1.220154328,4.402918052,-3.183561227
56.08,-64.99886278,0.05293846965,0.5959736293,0.3177268489,0,-1.22015775,4.40291767,-3.183558833
56.09,-64.99885478,0.05293851674,0.5959737552,0.3177267895,0,-1.220161179,4.402917311,-3.183556434
56.1,-64.99884677,0.05293856395,0.5959738805,0.3177267304,0,-1.220164615,4.402916977,-3.183554031
56.11,-64.99883875,0.05293861128,0.5959740054,0.3177266717,0,-1.220168058,4.402916665,-3.183551624
56.12,-64.99883071,0.05293865872,0.5959741298,0.3177266133,0,-1.220171508,4.402916377,-3.183549213
56.13,-64.99882266,0.05293870628,0.5959742537,0.3177265553,0,-1.220174965,4.402916113,-3.183546798
56.14,-64.9988146,0.05293875395,0.5959743771,0.3177264975,0,-1.220178428,4.402915871,-3.183544379
56.15,-64.99880652,0.05293880173,0.5959745001,0.3177264402,0,-1.220181898,4.402915653,-3.183541956
56.16,-64.99879843,0.05293884963,0.5959746226,0.3177263831,0,-1.220185375,4.402915457,-3.18353953
56.17,-64.99879033,0.05293889763,0.5959747446,0.3177263264,0,-1.220188858,4.402915285,-3.1835371
56.18,-64.99878222,0.05293894574,0.5959748661,0.31772627,0,-1.220192347,4.402915135,-3.183534666
56.19,-64.99877409,0.05293899395,0.5959749872,0.3177262139,0,-1.220195843,4.402915008,-3.183532228
56.2,-64.99876596,0.05293904227,0.5959751078,0.3177261582,0,-1.220199344,4.402914903,-3.183529788
56.21,-64.99875781,0.05293909069,0.5959752279,0.3177261028,0,-1.220202852,4.402914822,-3.183527343
56.22,-64.99874965,0.05293913922,0.5959753475,0.3177260477,0,-1.220206366,4.402914762,-3.183524895
56.23,-64.99874148,0.05293918785,0.5959754667,0.3177259929,0,-1.220209886,4.402914725,-3.183522444
56.24,-64.9987333,0.05293923657,0.5959755854,0.3177259385,0,-1.220213411,4.40291471,-3.18351999
56.25,-64.99872511,0.0529392854,0.5959757036,0.3177258844,0,-1.220216942,4.402914718,-3.183517532
56.26,-64.9987169,0.05293933432,0.5959758213,0.3177258307,0,-1.220220479,4.402914747,-3.183515071
56.27,-64.99870869,0.05293938334,0.5959759386,0.3177257773,0,-1.220224022,4.402914799,-3.183512607
56.28,-64.99870047,0.05293943245,0.5959760554,0.3177257242,0,-1.22022757,4.402914873,-3.18351014
56.29,-64.99869223,0.05293948165,0.5959761717,0.3177256714,0,-1.220231123,4.402914968,-3.18350767
56.3,-64.99868399,0.05293953095,0.5959762875,0.3177256189,0,-1.220234681,4.402915085,-3.183505197
56.31,-64.99867574,0.05293958033,0.5959764029,0.3177255668,0,-1.220238245,4.402915224,-3.183502721
56.32,-64.99866748,0.05293962981,0.5959765178,0.317725515,0,-1.220241814,4.402915384,-3.183500243
56.33,-64.9986592,0.05293967937,0.5959766322,0.3177254636,0,-1.220245387,4.402915566,-3.183497761
56.34,-64.99865092,0.05293972902,0.5959767461,0.3177254124,0,-1.220248966,4.402915769,-3.183495277
56.35,-64.99864264,0.05293977876,0.5959768596,0.3177253616,0,-1.22025255,4.402915994,-3.183492791
56.36,-64.99863434,0.05293982858,0.5959769726,0.3177253111,0,-1.220256138,4.402916239,-3.183490301
56.37,-64.99862603,0.05293987848,0.5959770851,0.317725261,0,-1.220259731,4.402916506,-3.183487809
56.38,-64.99861772,0.05293992846,0.5959771971,0.3177252111,0,-1.220263328,4.402916794,-3.183485315
56.39,-64.99860939,0.05293997853,0.5959773087,0.3177251616,0,-1.22026693,4.402917103,-3.183482818
56.4,-64.99860106,0.05294002867,0.5959774198,0.3177251124,0,-1.220270537,4.402917433,-3.183480319
56.41,-64.99859273,0.05294007889,0.5959775304,0.3177250636,0,-1.220274148,4.402917783,-3.183477818
56.42,-64.99858438,0.05294012919,0.5959776406,0.317725015,0,-1.220277763,4.402918154,-3.183475314
56.43,-64.99857603,0.05294017956,0.5959777502,0.3177249668,0,-1.220281382,4.402918546,-3.183472808
56.44,-64.99856767,0.05294023001,0.5959778595,0.3177249189,0,-1.220285005,4.402918958,-3.1834703
56.45,-64.9985593,0.05294028053,0.5959779682,0.3177248713,0,-1.220288633,4.402919391,-3.18346779
56.46,-64.99855093,0.05294033112,0.5959780765,0.3177248241,0,-1.220292264,4.402919843,-3.183465278
56.47,-64.99854255,0.05294038178,0.5959781843,0.3177247772,0,-1.220295899,4.402920317,-3.183462764
56.48,-64.99853416,0.05294043251,0.5959782916,0.3177247306,0,-1.220299538,4.40292081,-3.183460248
56.49,-64.99852577,0.05294048331,0.5959783984,0.3177246843,0,-1.22030318,4.402921323,-3.18345773
56.5,-64.99851737,0.05294053417,0.5959785048,0.3177246383,0,-1.220306826,4.402921856,-3.183455211
56.51,-64.99850896,0.0529405851,0.5959786107,0.3177245927,0,-1.220310476,4.40292241,-3.183452689
56.52,-64.99850055,0.0529406361,0.5959787162,0.3177245473,0,-1.220314129,4.402922983,-3.183450166
56.53,-64.99849214,0.05294068715,0.5959788212,0.3177245023,0,-1.220317785,4.402923575,-3.183447641
56.54,-64.99848372,0.05294073827,0.5959789257,0.3177244576,0,-1.220321445,4.402924187,-3.183445115
56.55,-64.99847529,0.05294078945,0.5959790297,0.3177244133,0,-1.220325107,4.402924819,-3.183442587
56.56,-64.99846686,0.05294084069,0.5959791333,0.3177243692,0,-1.220328773,4.40292547,-3.183440058
56.57,-64.99845842,0.05294089199,0.5959792364,0.3177243255,0,-1.220332442,4.402926141,-3.183437527
56.58,-64.99844998,0.05294094334,0.595979339,0.317724282,0,-1.220336114,4.40292683,-3.183434995
56.59,-64.99844154,0.05294099475,0.5959794412,0.3177242389,0,-1.220339789,4.402927539,-3.183432461
56.6,-64.99843309,0.05294104621,0.5959795429,0.3177241962,0,-1.220343466,4.402928267,-3.183429927
56.61,-64.99842464,0.05294109773,0.5959796441,0.3177241537,0,-1.220347146,4.402929014,-3.183427391
56.62,-64.99841618,0.0529411493,0.5959797449,0.3177241115,0,-1.220350829,4.40292978,-3.183424853
56.63,-64.99840772,0.05294120092,0.5959798452,0.3177240697,0,-1.220354514,4.402930564,-3.183422315
56.64,-64.99839925,0.05294125259,0.5959799451,0.3177240282,0,-1.220358202,4.402931367,-3.183419776
56.65,-64.99839079,0.05294130431,0.5959800444,0.3177239869,0,-1.220361892,4.402932189,-3.183417236
56.66,-64.99838231,0.05294135607,0.5959801433,0.317723946,0,-1.220365585,4.40293303,-3.183414694
56.67,-64.99837384,0.05294140789,0.5959802418,0.3177239054,0,-1.22036928,4.402933888,-3.183412152
56.68,-64.99836536,0.05294145974,0.5959803398,0.3177238652,0,-1.220372976,4.402934766,-3.183409609
56.69,-64.99835688,0.05294151165,0.5959804373,0.3177238252,0,-1.220376675,4.402935661,-3.183407065
56.7,-64.9983484,0.05294156359,0.5959805344,0.3177237855,0,-1.220380376,4.402936574,-3.183404521
56.71,-64.99833992,0.05294161558,0.595980631,0.3177237462,0,-1.220384079,4.402937506,-3.183401975
56.72,-64.99833143,0.0529416676,0.5959807271,0.3177237072,0,-1.220387784,4.402938456,-3.183399429
56.73,-64.99832294,0.05294171967,0.5959808228,0.3177236684,0,-1.22039149,4.402939423,-3.183396883
56.74,-64.99831445,0.05294177177,0.595980918,0.31772363,0,-1.220395198,4.402940408,-3.183394336
56.75,-64.99830596,0.05294182392,0.5959810127,0.3177235919,0,-1.220398908,4.402941411,-3.183391788
56.76,-64.99829747,0.05294187609,0.595981107,0.3177235541,0,-1.22040262,4.402942432,-3.18338924
56.77,-64.99828897,0.05294192831,0.5959812009,0.3177235166,0,-1.220406332,4.40294347,-3.183386691
56.78,-64.99828048,0.05294198055,0.5959812942,0.3177234794,0,-1.220410047,4.402944526,-3.183384143
56.79,-64.99827198,0.05294203283,0.5959813872,0.3177234425,0,-1.220413762,4.402945599,-3.183381593
56.8,-64.99826348,0.05294208515,0.5959814796,0.317723406,0,-1.220417479,4.402946689,-3.183379044
56.81,-64.99825498,0.05294213749,0.5959815716,0.3177233697,0,-1.220421197,4.402947796,-3.183376494
56.82,-64.99824648,0.05294218986,0.5959816632,0.3177233337,0,-1.220424916,4.402948921,-3.183373945
56.83,-64.99823798,0.05294224226,0.5959817542,0.3177232981,0,-1.220428636,4.402950062,-3.183371395
56.84,-64.99822948,0.05294229468,0.5959818449,0.3177232627,0,-1.220432357,4.402951221,-3.183368845
56.85,-64.99822098,0.05294234714,0.5959819351,0.3177232277,0,-1.220436079,4.402952396,-3.183366295
56.86,-64.99821248,0.05294239961,0.5959820248,0.3177231929,0,-1.220439802,4.402953588,-3.183363745
56.87,-64.99820398,0.05294245212,0.5959821141,0.3177231585,0,-1.220443525,4.402954796,-3.183361195
56.88,-64.99819549,0.05294250464,0.5959822029,0.3177231243,0,-1.220447249,4.402956021,-3.183358646
56.89,-64.99818699,0.05294255719,0.5959822912,0.3177230905,0,-1.220450974,4.402957263,-3.183356096
56.9,-64.99817849,0.05294260975,0.5959823791,0.3177230569,0,-1.220454699,4.402958521,-3.183353547
56.91,-64.99816999,0.05294266234,0.5959824666,0.3177230237,0,-1.220458425,4.402959795,-3.183350998
56.92,-64.9981615,0.05294271495,0.5959825536,0.3177229907,0,-1.220462151,4.402961085,-3.183348449
56.93,-64.998153,0.05294276757,0.5959826402,0.3177229581,0,-1.220465877,4.402962392,-3.183345901
56.94,-64.99814451,0.05294282021,0.5959827263,0.3177229257,0,-1.220469604,4.402963715,-3.183343353
56.95,-64.99813602,0.05294287286,0.5959828119,0.3177228937,0,-1.22047333,4.402965053,-3.183340805
56.96,-64.99812753,0.05294292553,0.5959828971,0.3177228619,0,-1.220477057,4.402966407,-3.183338258
56.97,-64.99811904,0.05294297821,0.5959829819,0.3177228305,0,-1.220480784,4.402967777,-3.183335712
56.98,-64.99811055,0.05294303091,0.5959830662,0.3177227993,0,-1.220484511,4.402969163,-3.183333166
56.99,-64.99810207,0.05294308362,0.5959831501,0.3177227684,0,-1.220488238,4.402970564,-3.183330621
57,-64.99809359,0.05294313633,0.5959832335,0.3177227379,0,-1.220491965,4.402971981,-3.183328076
57.01,-64.99808511,0.05294318906,0.5959833165,0.3177227076,0,-1.220495691,4.402973413,-3.183325532
57.02,-64.99807663,0.05294324179,0.595983399,0.3177226776,0,-1.220499417,4.402974861,-3.183322989
57.03,-64.99806816,0.05294329453,0.5959834811,0.3177226479,0,-1.220503143,4.402976324,-3.183320447
57.04,-64.99805969,0.05294334728,0.5959835627,0.3177226185,0,-1.220506868,4.402977801,-3.183317906
57.05,-64.99805122,0.05294340003,0.5959836439,0.3177225894,0,-1.220510592,4.402979294,-3.183315365
57.06,-64.99804275,0.05294345279,0.5959837246,0.3177225606,0,-1.220514317,4.402980802,-3.183312826
57.07,-64.99803429,0.05294350555,0.5959838049,0.317722532,0,-1.22051804,4.402982325,-3.183310287
57.08,-64.99802583,0.05294355831,0.5959838848,0.3177225038,0,-1.220521763,4.402983862,-3.18330775
57.09,-64.99801738,0.05294361107,0.5959839642,0.3177224758,0,-1.220525485,4.402985415,-3.183305213
57.1,-64.99800893,0.05294366383,0.5959840432,0.3177224482,0,-1.220529206,4.402986981,-3.183302678
57.11,-64.99800048,0.0529437166,0.5959841218,0.3177224208,0,-1.220532926,4.402988563,-3.183300144
57.12,-64.99799204,0.05294376936,0.5959841999,0.3177223937,0,-1.220536645,4.402990158,-3.183297611
57.13,-64.9979836,0.05294382211,0.5959842775,0.3177223669,0,-1.220540364,4.402991768,-3.183295079
57.14,-64.99797516,0.05294387487,0.5959843548,0.3177223404,0,-1.220544081,4.402993393,-3.183292549
57.15,-64.99796673,0.05294392762,0.5959844316,0.3177223142,0,-1.220547797,4.402995031,-3.18329002
57.16,-64.99795831,0.05294398036,0.5959845079,0.3177222882,0,-1.220551511,4.402996684,-3.183287492
57.17,-64.99794989,0.05294403309,0.5959845839,0.3177222625,0,-1.220555225,4.402998351,-3.183284966
57.18,-64.99794147,0.05294408582,0.5959846593,0.3177222372,0,-1.220558937,4.403000031,-3.183282441
57.19,-64.99793306,0.05294413854,0.5959847344,0.3177222121,0,-1.220562647,4.403001725,-3.183279918
57.2,-64.99792465,0.05294419125,0.595984809,0.3177221872,0,-1.220566357,4.403003433,-3.183277396
57.21,-64.99791625,0.05294424395,0.5959848832,0.3177221627,0,-1.220570064,4.403005155,-3.183274876
57.22,-64.99790786,0.05294429664,0.595984957,0.3177221385,0,-1.22057377,4.40300689,-3.183272358
57.23,-64.99789947,0.05294434932,0.5959850303,0.3177221145,0,-1.220577475,4.403008639,-3.183269841
57.24,-64.99789108,0.05294440198,0.5959851032,0.3177220908,0,-1.220581177,4.403010401,-3.183267325
57.25,-64.99788271,0.05294445463,0.5959851757,0.3177220674,0,-1.220584878,4.403012177,-3.183264812
57.26,-64.99787433,0.05294450726,0.5959852477,0.3177220442,0,-1.220588577,4.403013965,-3.1832623
57.27,-64.99786597,0.05294455988,0.5959853193,0.3177220214,0,-1.220592274,4.403015767,-3.183259791
57.28,-64.99785761,0.05294461248,0.5959853905,0.3177219988,0,-1.220595969,4.403017582,-3.183257283
57.29,-64.99784926,0.05294466506,0.5959854613,0.3177219765,0,-1.220599662,4.40301941,-3.183254777
57.3,-64.99784091,0.05294471763,0.5959855316,0.3177219544,0,-1.220603353,4.40302125,-3.183252272
57.31,-64.99783257,0.05294477017,0.5959856015,0.3177219327,0,-1.220607041,4.403023104,-3.18324977
57.32,-64.99782423,0.05294482269,0.595985671,0.3177219112,0,-1.220610728,4.40302497,-3.18324727
57.33,-64.99781591,0.0529448752,0.59598574,0.31772189,0,-1.220614412,4.403026848,-3.183244772
57.34,-64.99780759,0.05294492768,0.5959858087,0.317721869,0,-1.220618094,4.40302874,-3.183242276
57.35,-64.99779927,0.05294498013,0.5959858769,0.3177218483,0,-1.220621774,4.403030643,-3.183239782
57.36,-64.99779097,0.05294503256,0.5959859447,0.3177218279,0,-1.220625451,4.403032559,-3.183237291
57.37,-64.99778267,0.05294508497,0.595986012,0.3177218078,0,-1.220629125,4.403034488,-3.183234801
57.38,-64.99777438,0.05294513735,0.595986079,0.317721788,0,-1.220632797,4.403036428,-3.183232314
57.39,-64.9977661,0.0529451897,0.5959861455,0.3177217684,0,-1.220636466,4.403038381,-3.183229829
57.4,-64.99775782,0.05294524203,0.5959862116,0.317721749,0,-1.220640133,4.403040346,-3.183227347
57.41,-64.99774955,0.05294529433,0.5959862773,0.31772173,0,-1.220643797,4.403042322,-3.183224866
57.42,-64.9977413,0.05294534659,0.5959863426,0.3177217112,0,-1.220647458,4.403044311,-3.183222389
57.43,-64.99773304,0.05294539883,0.5959864075,0.3177216927,0,-1.220651116,4.403046311,-3.183219913
57.44,-64.9977248,0.05294545104,0.5959864719,0.3177216744,0,-1.220654772,4.403048323,-3.18321744
57.45,-64.99771657,0.05294550321,0.595986536,0.3177216564,0,-1.220658424,4.403050346,-3.18321497
57.46,-64.99770834,0.05294555535,0.5959865996,0.3177216387,0,-1.220662074,4.403052381,-3.183212502
57.47,-64.99770012,0.05294560746,0.5959866628,0.3177216212,0,-1.22066572,4.403054427,-3.183210037
57.48,-64.99769191,0.05294565954,0.5959867256,0.317721604,0,-1.220669363,4.403056485,-3.183207574
57.49,-64.99768371,0.05294571157,0.595986788,0.3177215871,0,-1.220673003,4.403058554,-3.183205114
57.5,-64.99767552,0.05294576358,0.59598685,0.3177215704,0,-1.22067664,4.403060634,-3.183202657
57.51,-64.99766734,0.05294581554,0.5959869116,0.317721554,0,-1.220680273,4.403062726,-3.183200202
57.52,-64.99765917,0.05294586747,0.5959869727,0.3177215378,0,-1.220683903,4.403064828,-3.18319775
57.53,-64.997651,0.05294591935,0.5959870335,0.3177215219,0,-1.22068753,4.403066941,-3.183195301
57.54,-64.99764285,0.0529459712,0.5959870939,0.3177215063,0,-1.220691153,4.403069065,-3.183192855
57.55,-64.99763471,0.05294602301,0.5959871538,0.3177214909,0,-1.220694773,4.4030712,-3.183190412
57.56,-64.99762657,0.05294607478,0.5959872133,0.3177214757,0,-1.220698389,4.403073346,-3.183187971
57.57,-64.99761844,0.0529461265,0.5959872725,0.3177214609,0,-1.220702002,4.403075502,-3.183185533
57.58,-64.99761033,0.05294617819,0.5959873312,0.3177214462,0,-1.22070561,4.403077668,-3.183183099
57.59,-64.99760222,0.05294622983,0.5959873895,0.3177214319,0,-1.220709216,4.403079845,-3.183180667
57.6,-64.99759413,0.05294628142,0.5959874475,0.3177214178,0,-1.220712817,4.403082033,-3.183178239
57.61,-64.99758604,0.05294633297,0.595987505,0.3177214039,0,-1.220716414,4.40308423,-3.183175813
57.62,-64.99757797,0.05294638447,0.5959875622,0.3177213903,0,-1.220720008,4.403086438,-3.183173391
57.63,-64.9975699,0.05294643593,0.5959876189,0.3177213769,0,-1.220723598,4.403088656,-3.183170971
57.64,-64.99756185,0.05294648734,0.5959876752,0.3177213638,0,-1.220727184,4.403090884,-3.183168555
57.65,-64.99755381,0.0529465387,0.5959877312,0.317721351,0,-1.220730765,4.403093122,-3.183166142
57.66,-64.99754578,0.05294659002,0.5959877867,0.3177213384,0,-1.220734343,4.40309537,-3.183163733
57.67,-64.99753775,0.05294664128,0.5959878419,0.317721326,0,-1.220737917,4.403097628,-3.183161326
57.68,-64.99752974,0.05294669249,0.5959878966,0.3177213139,0,-1.220741486,4.403099895,-3.183158923
57.69,-64.99752174,0.05294674365,0.595987951,0.317721302,0,-1.220745051,4.403102172,-3.183156523
57.7,-64.99751375,0.05294679476,0.595988005,0.3177212904,0,-1.220748612,4.403104458,-3.183154126
57.71,-64.99750578,0.05294684582,0.5959880585,0.317721279,0,-1.220752169,4.403106754,-3.183151733
57.72,-64.99749781,0.05294689682,0.5959881117,0.3177212679,0,-1.220755721,4.403109059,-3.183149344
57.73,-64.99748986,0.05294694777,0.5959881645,0.317721257,0,-1.220759269,4.403111374,-3.183146957
57.74,-64.99748191,0.05294699866,0.595988217,0.3177212464,0,-1.220762812,4.403113698,-3.183144574
57.75,-64.99747398,0.0529470495,0.595988269,0.317721236,0,-1.220766351,4.40311603,-3.183142195
57.76,-64.99746606,0.05294710028,0.5959883206,0.3177212258,0,-1.220769885,4.403118372,-3.183139819
57.77,-64.99745816,0.05294715101,0.5959883719,0.3177212159,0,-1.220773415,4.403120723,-3.183137447
57.78,-64.99745026,0.05294720168,0.5959884228,0.3177212062,0,-1.22077694,4.403123083,-3.183135079
57.79,-64.99744238,0.05294725228,0.5959884732,0.3177211968,0,-1.22078046,4.403125452,-3.183132714
57.8,-64.99743451,0.05294730283,0.5959885233,0.3177211876,0,-1.220783976,4.403127829,-3.183130352
57.81,-64.99742665,0.05294735332,0.5959885731,0.3177211786,0,-1.220787486,4.403130215,-3.183127995
57.82,-64.9974188,0.05294740375,0.5959886224,0.3177211699,0,-1.220790992,4.40313261,-3.183125641
57.83,-64.99741097,0.05294745412,0.5959886714,0.3177211614,0,-1.220794493,4.403135013,-3.18312329
57.84,-64.99740315,0.05294750442,0.59598872,0.3177211531,0,-1.220797989,4.403137424,-3.183120944
57.85,-64.99739534,0.05294755467,0.5959887682,0.3177211451,0,-1.220801481,4.403139844,-3.183118601
57.86,-64.99738754,0.05294760485,0.595988816,0.3177211373,0,-1.220804967,4.403142272,-3.183116263
57.87,-64.99737976,0.05294765496,0.5959888634,0.3177211298,0,-1.220808448,4.403144709,-3.183113928
57.88,-64.99737199,0.05294770501,0.5959889105,0.3177211224,0,-1.220811924,4.403147153,-3.183111597
57.89,-64.99736423,0.05294775499,0.5959889572,0.3177211153,0,-1.220815395,4.403149606,-3.183109269
57.9,-64.99735649,0.05294780491,0.5959890036,0.3177211085,0,-1.22081886,4.403152066,-3.183106946
57.91,-64.99734876,0.05294785477,0.5959890495,0.3177211018,0,-1.220822321,4.403154534,-3.183104627
57.92,-64.99734104,0.05294790455,0.5959890951,0.3177210954,0,-1.220825776,4.40315701,-3.183102312
57.93,-64.99733334,0.05294795427,0.5959891403,0.3177210893,0,-1.220829225,4.403159494,-3.183100001
57.94,-64.99732564,0.05294800391,0.5959891852,0.3177210833,0,-1.22083267,4.403161986,-3.183097693
57.95,-64.99731797,0.05294805349,0.5959892297,0.3177210776,0,-1.220836109,4.403164485,-3.18309539
57.96,-64.9973103,0.052948103,0.5959892738,0.3177210721,0,-1.220839542,4.403166991,-3.183093091
57.97,-64.99730265,0.05294815244,0.5959893175,0.3177210668,0,-1.22084297,4.403169505,-3.183090796
57.98,-64.99729502,0.0529482018,0.5959893609,0.3177210618,0,-1.220846393,4.403172026,-3.183088506
57.99,-64.9972874,0.0529482511,0.5959894039,0.3177210569,0,-1.22084981,4.403174555,-3.183086219
58,-64.99727979,0.05294830032,0.5959894466,0.3177210523,0,-1.220853221,4.40317709,-3.183083937
58.01,-64.9972722,0.05294834947,0.5959894889,0.3177210479,0,-1.220856627,4.403179633,-3.183081659
58.02,-64.99726462,0.05294839854,0.5959895308,0.3177210438,0,-1.220860027,4.403182183,-3.183079385
58.03,-64.99725705,0.05294844754,0.5959895724,0.3177210398,0,-1.220863421,4.40318474,-3.183077115
58.04,-64.9972495,0.05294849646,0.5959896136,0.3177210361,0,-1.22086681,4.403187304,-3.18307485
58.05,-64.99724196,0.05294854531,0.5959896545,0.3177210326,0,-1.220870193,4.403189874,-3.183072589
58.06,-64.99723444,0.05294859409,0.595989695,0.3177210293,0,-1.220873569,4.403192451,-3.183070333
58.07,-64.99722694,0.05294864278,0.5959897351,0.3177210263,0,-1.22087694,4.403195035,-3.183068081
58.08,-64.99721944,0.0529486914,0.5959897749,0.3177210234,0,-1.220880305,4.403197626,-3.183065833
58.09,-64.99721197,0.05294873994,0.5959898143,0.3177210208,0,-1.220883665,4.403200223,-3.18306359
58.1,-64.9972045,0.0529487884,0.5959898534,0.3177210184,0,-1.220887018,4.403202826,-3.183061351
58.11,-64.99719705,0.05294883678,0.5959898922,0.3177210161,0,-1.220890365,4.403205436,-3.183059116
58.12,-64.99718962,0.05294888508,0.5959899305,0.3177210141,0,-1.220893706,4.403208052,-3.183056886
58.13,-64.9971822,0.05294893331,0.5959899686,0.3177210124,0,-1.22089704,4.403210674,-3.183054661
58.14,-64.9971748,0.05294898145,0.5959900062,0.3177210108,0,-1.220900369,4.403213303,-3.18305244
58.15,-64.99716741,0.05294902951,0.5959900436,0.3177210094,0,-1.220903692,4.403215937,-3.183050224
58.16,-64.99716004,0.05294907748,0.5959900806,0.3177210083,0,-1.220907008,4.403218577,-3.183048012
58.17,-64.99715268,0.05294912538,0.5959901172,0.3177210073,0,-1.220910318,4.403221224,-3.183045805
58.18,-64.99714534,0.05294917319,0.5959901535,0.3177210066,0,-1.220913622,4.403223876,-3.183043603
58.19,-64.99713802,0.05294922091,0.5959901895,0.3177210061,0,-1.220916919,4.403226534,-3.183041405
58.2,-64.99713071,0.05294926856,0.5959902251,0.3177210057,0,-1.22092021,4.403229198,-3.183039212
58.21,-64.99712341,0.05294931611,0.5959902603,0.3177210056,0,-1.220923495,4.403231867,-3.183037024
58.22,-64.99711613,0.05294936359,0.5959902953,0.3177210057,0,-1.220926773,4.403234542,-3.18303484
58.23,-64.99710887,0.05294941097,0.5959903298,0.317721006,0,-1.220930044,4.403237222,-3.183032662
58.24,-64.99710163,0.05294945827,0.5959903641,0.3177210065,0,-1.22093331,4.403239908,-3.183030488
58.25,-64.99709439,0.05294950548,0.595990398,0.3177210072,0,-1.220936568,4.403242599,-3.183028318
58.26,-64.99708718,0.05294955261,0.5959904316,0.3177210081,0,-1.22093982,4.403245296,-3.183026154
58.27,-64.99707998,0.05294959964,0.5959904648,0.3177210092,0,-1.220943066,4.403247997,-3.183023994
58.28,-64.9970728,0.05294964659,0.5959904977,0.3177210105,0,-1.220946304,4.403250704,-3.183021839
58.29,-64.99706563,0.05294969345,0.5959905303,0.317721012,0,-1.220949537,4.403253416,-3.18301969
58.3,-64.99705848,0.05294974022,0.5959905625,0.3177210137,0,-1.220952762,4.403256133,-3.183017545
58.31,-64.99705135,0.0529497869,0.5959905945,0.3177210155,0,-1.220955981,4.403258855,-3.183015405
58.32,-64.99704423,0.05294983349,0.595990626,0.3177210176,0,-1.220959193,4.403261581,-3.183013269
58.33,-64.99703713,0.05294987998,0.5959906573,0.3177210199,0,-1.220962398,4.403264312,-3.183011139
58.34,-64.99703005,0.05294992639,0.5959906882,0.3177210224,0,-1.220965596,4.403267048,-3.183009014
58.35,-64.99702298,0.0529499727,0.5959907188,0.3177210251,0,-1.220968787,4.403269789,-3.183006894
58.36,-64.99701593,0.05295001892,0.5959907491,0.3177210279,0,-1.220971972,4.403272534,-3.183004779
58.37,-64.9970089,0.05295006504,0.595990779,0.317721031,0,-1.220975149,4.403275284,-3.183002669
58.38,-64.99700188,0.05295011108,0.5959908087,0.3177210342,0,-1.22097832,4.403278038,-3.183000564
58.39,-64.99699488,0.05295015702,0.595990838,0.3177210377,0,-1.220981484,4.403280797,-3.182998464
58.4,-64.9969879,0.05295020286,0.5959908669,0.3177210413,0,-1.22098464,4.40328356,-3.182996369
58.41,-64.99698093,0.05295024861,0.5959908956,0.3177210451,0,-1.22098779,4.403286327,-3.182994279
58.42,-64.99697398,0.05295029426,0.5959909239,0.3177210491,0,-1.220990932,4.403289098,-3.182992194
58.43,-64.99696705,0.05295033982,0.595990952,0.3177210533,0,-1.220994067,4.403291873,-3.182990115
58.44,-64.99696013,0.05295038528,0.5959909797,0.3177210577,0,-1.220997196,4.403294653,-3.18298804
58.45,-64.99695324,0.05295043064,0.5959910071,0.3177210623,0,-1.221000317,4.403297436,-3.182985971
58.46,-64.99694636,0.05295047591,0.5959910341,0.317721067,0,-1.22100343,4.403300223,-3.182983907
58.47,-64.9969395,0.05295052107,0.5959910609,0.3177210719,0,-1.221006537,4.403303014,-3.182981849
58.48,-64.99693265,0.05295056614,0.5959910873,0.3177210771,0,-1.221009636,4.403305809,-3.182979795
58.49,-64.99692582,0.05295061111,0.5959911135,0.3177210824,0,-1.221012728,4.403308607,-3.182977747
58.5,-64.99691901,0.05295065599,0.5959911393,0.3177210878,0,-1.221015813,4.403311409,-3.182975704
58.51,-64.99691222,0.05295070076,0.5959911648,0.3177210935,0,-1.22101889,4.403314215,-3.182973666
58.52,-64.99690545,0.05295074543,0.59599119,0.3177210993,0,-1.22102196,4.403317024,-3.182971634
58.53,-64.99689869,0.05295079,0.5959912149,0.3177211054,0,-1.221025023,4.403319837,-3.182969607
58.54,-64.99689195,0.05295083447,0.5959912395,0.3177211116,0,-1.221028078,4.403322652,-3.182967585
58.55,-64.99688523,0.05295087884,0.5959912638,0.3177211179,0,-1.221031126,4.403325472,-3.182965569
58.56,-64.99687853,0.0529509231,0.5959912878,0.3177211245,0,-1.221034166,4.403328294,-3.182963558
58.57,-64.99687184,0.05295096727,0.5959913115,0.3177211312,0,-1.221037199,4.40333112,-3.182961552
58.58,-64.99686517,0.05295101133,0.5959913349,0.3177211381,0,-1.221040224,4.403333948,-3.182959552
58.59,-64.99685852,0.05295105529,0.5959913579,0.3177211452,0,-1.221043242,4.40333678,-3.182957557
58.6,-64.99685189,0.05295109914,0.5959913807,0.3177211525,0,-1.221046252,4.403339614,-3.182955568
58.61,-64.99684528,0.05295114289,0.5959914032,0.3177211599,0,-1.221049255,4.403342452,-3.182953584
58.62,-64.99683868,0.05295118654,0.5959914254,0.3177211675,0,-1.22105225,4.403345292,-3.182951605
58.63,-64.99683211,0.05295123008,0.5959914473,0.3177211752,0,-1.221055237,4.403348135,-3.182949633
58.64,-64.99682555,0.05295127352,0.5959914689,0.3177211832,0,-1.221058216,4.403350981,-3.182947665
58.65,-64.99681901,0.05295131685,0.5959914902,0.3177211913,0,-1.221061188,4.40335383,-3.182945703
58.66,-64.99681249,0.05295136008,0.5959915112,0.3177211996,0,-1.221064152,4.403356681,-3.182943747
58.67,-64.99680599,0.0529514032,0.5959915319,0.317721208,0,-1.221067109,4.403359534,-3.182941796
58.68,-64.9967995,0.05295144621,0.5959915523,0.3177212166,0,-1.221070058,4.40336239,-3.18293985
58.69,-64.99679304,0.05295148912,0.5959915724,0.3177212254,0,-1.221072998,4.403365249,-3.182937911
58.7,-64.99678659,0.05295153191,0.5959915923,0.3177212343,0,-1.221075931,4.403368109,-3.182935977
58.71,-64.99678016,0.05295157461,0.5959916118,0.3177212434,0,-1.221078857,4.403370972,-3.182934048
58.72,-64.99677375,0.05295161719,0.5959916311,0.3177212527,0,-1.221081774,4.403373838,-3.182932125
58.73,-64.99676736,0.05295165966,0.5959916501,0.3177212621,0,-1.221084683,4.403376705,-3.182930208
58.74,-64.99676099,0.05295170203,0.5959916688,0.3177212717,0,-1.221087585,4.403379574,-3.182928296
58.75,-64.99675463,0.05295174428,0.5959916872,0.3177212815,0,-1.221090479,4.403382446,-3.18292639
58.76,-64.9967483,0.05295178643,0.5959917054,0.3177212914,0,-1.221093364,4.403385319,-3.182924489
58.77,-64.99674198,0.05295182847,0.5959917232,0.3177213014,0,-1.221096242,4.403388195,-3.182922595
58.78,-64.99673568,0.0529518704,0.5959917408,0.3177213117,0,-1.221099112,4.403391072,-3.182920705
58.79,-64.99672941,0.05295191221,0.5959917581,0.3177213221,0,-1.221101973,4.403393951,-3.182918822
58.8,-64.99672315,0.05295195392,0.5959917751,0.3177213326,0,-1.221104827,4.403396831,-3.182916944
58.81,-64.99671691,0.05295199551,0.5959917918,0.3177213433,0,-1.221107673,4.403399714,-3.182915072
58.82,-64.99671069,0.05295203699,0.5959918083,0.3177213542,0,-1.22111051,4.403402597,-3.182913206
58.83,-64.99670449,0.05295207836,0.5959918245,0.3177213652,0,-1.22111334,4.403405483,-3.182911346
58.84,-64.9966983,0.05295211962,0.5959918404,0.3177213763,0,-1.221116161,4.40340837,-3.182909491
58.85,-64.99669214,0.05295216077,0.5959918561,0.3177213877,0,-1.221118974,4.403411258,-3.182907642
58.86,-64.996686,0.0529522018,0.5959918714,0.3177213991,0,-1.221121779,4.403414148,-3.182905799
58.87,-64.99667987,0.05295224272,0.5959918865,0.3177214107,0,-1.221124576,4.403417039,-3.182903961
58.88,-64.99667377,0.05295228353,0.5959919014,0.3177214225,0,-1.221127365,4.403419931,-3.18290213
58.89,-64.99666768,0.05295232422,0.595991916,0.3177214344,0,-1.221130145,4.403422824,-3.182900304
58.9,-64.99666161,0.0529523648,0.5959919303,0.3177214465,0,-1.221132918,4.403425719,-3.182898484
58.91,-64.99665557,0.05295240527,0.5959919443,0.3177214587,0,-1.221135682,4.403428614,-3.18289667
58.92,-64.99664954,0.05295244562,0.5959919581,0.3177214711,0,-1.221138437,4.403431511,-3.182894862
58.93,-64.99664353,0.05295248585,0.5959919716,0.3177214836,0,-1.221141185,4.403434408,-3.182893059
58.94,-64.99663754,0.05295252597,0.5959919848,0.3177214962,0,-1.221143924,4.403437307,-3.182891263
58.95,-64.99663157,0.05295256598,0.5959919978,0.317721509,0,-1.221146655,4.403440206,-3.182889472
58.96,-64.99662562,0.05295260587,0.5959920105,0.317721522,0,-1.221149378,4.403443106,-3.182887687
58.97,-64.99661969,0.05295264564,0.595992023,0.3177215351,0,-1.221152092,4.403446007,-3.182885908
58.98,-64.99661378,0.0529526853,0.5959920352,0.3177215483,0,-1.221154798,4.403448908,-3.182884135
58.99,-64.99660789,0.05295272484,0.5959920472,0.3177215617,0,-1.221157495,4.40345181,-3.182882368
59,-64.99660202,0.05295276426,0.5959920589,0.3177215752,0,-1.221160184,4.403454713,-3.182880607
59.01,-64.99659617,0.05295280357,0.5959920703,0.3177215888,0,-1.221162865,4.403457616,-3.182878852
59.02,-64.99659034,0.05295284275,0.5959920815,0.3177216026,0,-1.221165537,4.403460519,-3.182877102
59.03,-64.99658453,0.05295288183,0.5959920925,0.3177216165,0,-1.221168201,4.403463423,-3.182875359
59.04,-64.99657874,0.05295292078,0.5959921031,0.3177216306,0,-1.221170856,4.403466327,-3.182873621
59.05,-64.99657297,0.05295295961,0.5959921136,0.3177216448,0,-1.221173503,4.403469232,-3.18287189
59.06,-64.99656722,0.05295299833,0.5959921238,0.3177216591,0,-1.221176141,4.403472136,-3.182870165
59.07,-64.99656148,0.05295303693,0.5959921337,0.3177216736,0,-1.221178771,4.403475041,-3.182868445
59.08,-64.99655577,0.05295307541,0.5959921434,0.3177216882,0,-1.221181393,4.403477946,-3.182866731
59.09,-64.99655008,0.05295311377,0.5959921529,0.3177217029,0,-1.221184005,4.403480851,-3.182865024
59.1,-64.99654441,0.05295315201,0.5959921621,0.3177217178,0,-1.22118661,4.403483756,-3.182863322
59.11,-64.99653876,0.05295319013,0.595992171,0.3177217328,0,-1.221189206,4.403486661,-3.182861627
59.12,-64.99653312,0.05295322813,0.5959921798,0.3177217479,0,-1.221191793,4.403489566,-3.182859937
59.13,-64.99652751,0.05295326601,0.5959921882,0.3177217632,0,-1.221194371,4.403492471,-3.182858254
59.14,-64.99652192,0.05295330377,0.5959921965,0.3177217786,0,-1.221196941,4.403495375,-3.182856576
59.15,-64.99651635,0.05295334141,0.5959922045,0.3177217941,0,-1.221199503,4.40349828,-3.182854905
59.16,-64.9965108,0.05295337893,0.5959922122,0.3177218097,0,-1.221202055,4.403501183,-3.18285324
59.17,-64.99650527,0.05295341633,0.5959922198,0.3177218255,0,-1.2212046,4.403504087,-3.18285158
59.18,-64.99649976,0.05295345361,0.5959922271,0.3177218414,0,-1.221207135,4.40350699,-3.182849927
59.19,-64.99649427,0.05295349076,0.5959922341,0.3177218574,0,-1.221209662,4.403509893,-3.18284828
59.2,-64.9964888,0.0529535278,0.5959922409,0.3177218736,0,-1.22121218,4.403512795,-3.182846639
59.21,-64.99648335,0.05295356471,0.5959922475,0.3177218899,0,-1.22121469,4.403515696,-3.182845004
59.22,-64.99647792,0.0529536015,0.5959922539,0.3177219063,0,-1.22121719,4.403518597,-3.182843375
59.23,-64.99647251,0.05295363817,0.59599226,0.3177219228,0,-1.221219682,4.403521497,-3.182841752
59.24,-64.99646712,0.05295367472,0.5959922659,0.3177219394,0,-1.221222166,4.403524397,-3.182840135
59.25,-64.99646175,0.05295371114,0.5959922716,0.3177219562,0,-1.22122464,4.403527296,-3.182838525
59.26,-64.9964564,0.05295374744,0.5959922771,0.3177219731,0,-1.221227106,4.403530193,-3.18283692
59.27,-64.99645107,0.05295378362,0.5959922823,0.3177219901,0,-1.221229564,4.40353309,-3.182835322
59.28,-64.99644576,0.05295381968,0.5959922873,0.3177220072,0,-1.221232012,4.403535986,-3.182833729
59.29,-64.99644048,0.05295385561,0.5959922921,0.3177220244,0,-1.221234452,4.403538881,-3.182832143
59.3,-64.99643521,0.05295389142,0.5959922966,0.3177220418,0,-1.221236882,4.403541775,-3.182830563
59.31,-64.99642996,0.0529539271,0.5959923009,0.3177220592,0,-1.221239305,4.403544668,-3.182828989
59.32,-64.99642474,0.05295396266,0.595992305,0.3177220768,0,-1.221241718,4.40354756,-3.182827421
59.33,-64.99641953,0.0529539981,0.5959923089,0.3177220945,0,-1.221244122,4.403550451,-3.18282586
59.34,-64.99641435,0.05295403341,0.5959923126,0.3177221123,0,-1.221246518,4.40355334,-3.182824304
59.35,-64.99640918,0.0529540686,0.5959923161,0.3177221302,0,-1.221248905,4.403556228,-3.182822755
59.36,-64.99640404,0.05295410367,0.5959923193,0.3177221483,0,-1.221251283,4.403559115,-3.182821211
59.37,-64.99639891,0.05295413861,0.5959923223,0.3177221664,0,-1.221253652,4.403562001,-3.182819674
59.38,-64.99639381,0.05295417342,0.5959923252,0.3177221846,0,-1.221256013,4.403564885,-3.182818143
59.39,-64.99638873,0.05295420811,0.5959923278,0.317722203,0,-1.221258364,4.403567767,-3.182816619
59.4,-64.99638367,0.05295424268,0.5959923301,0.3177222215,0,-1.221260707,4.403570648,-3.1828151
59.41,-64.99637863,0.05295427712,0.5959923323,0.3177222401,0,-1.22126304,4.403573527,-3.182813588
59.42,-64.99637361,0.05295431143,0.5959923343,0.3177222587,0,-1.221265365,4.403576405,-3.182812082
59.43,-64.99636861,0.05295434562,0.5959923361,0.3177222775,0,-1.221267681,4.403579281,-3.182810582
59.44,-64.99636363,0.05295437969,0.5959923376,0.3177222964,0,-1.221269989,4.403582156,-3.182809088
59.45,-64.99635867,0.05295441363,0.595992339,0.3177223154,0,-1.221272287,4.403585029,-3.1828076
59.46,-64.99635373,0.05295444744,0.5959923401,0.3177223345,0,-1.221274576,4.4035879,-3.182806119
59.47,-64.99634881,0.05295448113,0.5959923411,0.3177223538,0,-1.221276857,4.403590769,-3.182804643
59.48,-64.99634391,0.05295451469,0.5959923418,0.3177223731,0,-1.221279128,4.403593636,-3.182803174
59.49,-64.99633904,0.05295454812,0.5959923423,0.3177223925,0,-1.221281391,4.403596501,-3.182801711
59.5,-64.99633418,0.05295458143,0.5959923427,0.317722412,0,-1.221283644,4.403599364,-3.182800255
59.51,-64.99632935,0.05295461461,0.5959923428,0.3177224316,0,-1.221285889,4.403602225,-3.182798804
59.52,-64.99632453,0.05295464767,0.5959923428,0.3177224513,0,-1.221288125,4.403605085,-3.18279736
59.53,-64.99631974,0.0529546806,0.5959923425,0.3177224711,0,-1.221290352,4.403607942,-3.182795922
59.54,-64.99631497,0.0529547134,0.595992342,0.3177224911,0,-1.22129257,4.403610797,-3.18279449
59.55,-64.99631021,0.05295474607,0.5959923414,0.3177225111,0,-1.221294779,4.403613649,-3.182793064
59.56,-64.99630548,0.05295477862,0.5959923406,0.3177225312,0,-1.221296979,4.4036165,-3.182791645
59.57,-64.99630077,0.05295481104,0.5959923395,0.3177225514,0,-1.22129917,4.403619348,-3.182790231
59.58,-64.99629608,0.05295484334,0.5959923383,0.3177225717,0,-1.221301352,4.403622194,-3.182788824
59.59,-64.99629141,0.0529548755,0.5959923369,0.3177225921,0,-1.221303525,4.403625037,-3.182787423
59.6,-64.99628676,0.05295490754,0.5959923353,0.3177226125,0,-1.221305689,4.403627878,-3.182786029
59.61,-64.99628213,0.05295493946,0.5959923335,0.3177226331,0,-1.221307844,4.403630717,-3.18278464
59.62,-64.99627753,0.05295497124,0.5959923315,0.3177226538,0,-1.221309991,4.403633553,-3.182783258
59.63,-64.99627294,0.0529550029,0.5959923293,0.3177226745,0,-1.221312128,4.403636386,-3.182781882
59.64,-64.99626837,0.05295503443,0.595992327,0.3177226954,0,-1.221314256,4.403639217,-3.182780512
59.65,-64.99626383,0.05295506583,0.5959923244,0.3177227163,0,-1.221316375,4.403642045,-3.182779149
59.66,-64.99625931,0.05295509711,0.5959923217,0.3177227374,0,-1.221318486,4.403644871,-3.182777792
59.67,-64.9962548,0.05295512825,0.5959923188,0.3177227585,0,-1.221320587,4.403647694,-3.18277644
59.68,-64.99625032,0.05295515927,0.5959923157,0.3177227797,0,-1.221322679,4.403650514,-3.182775096
59.69,-64.99624586,0.05295519016,0.5959923125,0.317722801,0,-1.221324762,4.403653331,-3.182773757
59.7,-64.99624141,0.05295522093,0.595992309,0.3177228223,0,-1.221326837,4.403656146,-3.182772424
59.71,-64.99623699,0.05295525156,0.5959923054,0.3177228438,0,-1.221328902,4.403658957,-3.182771098
59.72,-64.99623259,0.05295528207,0.5959923016,0.3177228653,0,-1.221330958,4.403661766,-3.182769778
59.73,-64.99622821,0.05295531245,0.5959922976,0.317722887,0,-1.221333005,4.403664572,-3.182768464
59.74,-64.99622386,0.0529553427,0.5959922935,0.3177229087,0,-1.221335044,4.403667374,-3.182767157
59.75,-64.99621952,0.05295537282,0.5959922892,0.3177229305,0,-1.221337073,4.403670174,-3.182765855
59.76,-64.9962152,0.05295540281,0.5959922847,0.3177229524,0,-1.221339093,4.403672971,-3.18276456
59.77,-64.9962109,0.05295543268,0.59599228,0.3177229743,0,-1.221341104,4.403675764,-3.182763271
59.78,-64.99620663,0.05295546242,0.5959922752,0.3177229964,0,-1.221343107,4.403678554,-3.182761989
59.79,-64.99620237,0.05295549202,0.5959922702,0.3177230185,0,-1.2213451,4.403681341,-3.182760712
59.8,-64.99619814,0.0529555215,0.595992265,0.3177230407,0,-1.221347084,4.403684125,-3.182759442
59.81,-64.99619393,0.05295555086,0.5959922596,0.3177230629,0,-1.221349059,4.403686906,-3.182758178
59.82,-64.99618973,0.05295558008,0.5959922541,0.3177230853,0,-1.221351025,4.403689683,-3.18275692
59.83,-64.99618556,0.05295560917,0.5959922485,0.3177231077,0,-1.221352982,4.403692457,-3.182755668
59.84,-64.99618141,0.05295563814,0.5959922426,0.3177231302,0,-1.221354931,4.403695228,-3.182754423
59.85,-64.99617728,0.05295566698,0.5959922366,0.3177231528,0,-1.22135687,4.403697995,-3.182753183
59.86,-64.99617317,0.05295569569,0.5959922305,0.3177231754,0,-1.2213588,4.403700758,-3.18275195
59.87,-64.99616908,0.05295572427,0.5959922241,0.3177231982,0,-1.221360721,4.403703519,-3.182750723
59.88,-64.99616501,0.05295575272,0.5959922177,0.317723221,0,-1.221362633,4.403706275,-3.182749503
59.89,-64.99616096,0.05295578104,0.595992211,0.3177232438,0,-1.221364536,4.403709028,-3.182748288
59.9,-64.99615693,0.05295580924,0.5959922042,0.3177232668,0,-1.22136643,4.403711778,-3.18274708
59.91,-64.99615293,0.0529558373,0.5959921973,0.3177232898,0,-1.221368315,4.403714523,-3.182745878
59.92,-64.99614894,0.05295586524,0.5959921901,0.3177233129,0,-1.221370191,4.403717266,-3.182744682
59.93,-64.99614497,0.05295589305,0.5959921829,0.317723336,0,-1.221372059,4.403720004,-3.182743492
59.94,-64.99614103,0.05295592073,0.5959921755,0.3177233592,0,-1.221373917,4.403722739,-3.182742309
59.95,-64.9961371,0.05295594828,0.5959921679,0.3177233825,0,-1.221375766,4.403725469,-3.182741131
59.96,-64.9961332,0.0529559757,0.5959921602,0.3177234059,0,-1.221377606,4.403728196,-3.18273996
59.97,-64.99612932,0.05295600299,0.5959921523,0.3177234293,0,-1.221379437,4.40373092,-3.182738795
59.98,-64.99612545,0.05295603016,0.5959921442,0.3177234528,0,-1.221381259,4.403733639,-3.182737636
59.99,-64.99612161,0.0529560572,0.5959921361,0.3177234763,0,-1.221383072,4.403736354,-3.182736484
60,-64.99611779,0.0529560841,0.5959921277,0.3177235,0,-1.221384876,4.403739065,-3.182735337
