t_ms,V_mV,m,h,n,Iinj_uAcm2,INa_uAcm2,IK_uAcm2,IL_uAcm2
0,-65,0.05293248526,0.5961207535,0.3176769141,0,-1.220057176,4.399733467,-3.1839
0.01,-64.9999579,0.05293249073,0.5961207526,0.3176769147,0,-1.220057107,4.399748934,-3.183887371
0.02,-64.99991609,0.05293250681,0.5961207501,0.3176769164,0,-1.22005777,4.399764364,-3.183874826
0.03,-64.99987454,0.05293253299,0.5961207458,0.3176769194,0,-1.22005913,4.399779761,-3.183862361
0.04,-64.99983325,0.05293256877,0.5961207398,0.3176769234,0,-1.220061154,4.399795125,-3.183849975
0.05,-64.99979221,0.05293261369,0.5961207321,0.3176769287,0,-1.220063809,4.39981046,-3.183837664
0.06,-64.99975143,0.05293266732,0.5961207228,0.3176769351,0,-1.220067066,4.399825768,-3.183825428
0.07,-64.99971088,0.05293272922,0.5961207118,0.3176769426,0,-1.220070894,4.399841051,-3.183813263
0.08,-64.99967056,0.05293279901,0.5961206991,0.3176769512,0,-1.220075265,4.39985631,-3.183801169
0.09,-64.99963047,0.05293287628,0.5961206848,0.3176769609,0,-1.220080154,4.399871548,-3.183789142
0.1,-64.99959061,0.05293296067,0.5961206689,0.3176769718,0,-1.220085534,4.399886766,-3.183777182
0.11,-64.99955095,0.05293305184,0.5961206514,0.3176769837,0,-1.220091382,4.399901965,-3.183765286
0.12,-64.99951151,0.05293314944,0.5961206323,0.3176769967,0,-1.220097673,4.399917148,-3.183753453
0.13,-64.99947227,0.05293325316,0.5961206116,0.3176770108,0,-1.220104387,4.399932316,-3.183741681
0.14,-64.99943323,0.0529333627,0.5961205893,0.317677026,0,-1.220111501,4.39994747,-3.18372997
0.15,-64.99939439,0.05293347775,0.5961205654,0.3176770422,0,-1.220118996,4.399962611,-3.183718317
0.16,-64.99935574,0.05293359805,0.59612054,0.3176770595,0,-1.220126853,4.399977741,-3.183706721
0.17,-64.99931727,0.05293372332,0.596120513,0.3176770779,0,-1.220135052,4.39999286,-3.183695182
0.18,-64.99927899,0.05293385332,0.5961204845,0.3176770972,0,-1.220143577,4.400007971,-3.183683697
0.19,-64.99924088,0.05293398781,0.5961204544,0.3176771177,0,-1.220152411,4.400023073,-3.183672265
0.2,-64.99920296,0.05293412654,0.5961204228,0.3176771391,0,-1.220161538,4.400038168,-3.183660887
0.21,-64.9991652,0.0529342693,0.5961203897,0.3176771616,0,-1.220170941,4.400053257,-3.183649559
0.22,-64.99912761,0.05293441588,0.5961203551,0.3176771851,0,-1.220180608,4.40006834,-3.183638283
0.23,-64.99909019,0.05293456609,0.596120319,0.3176772096,0,-1.220190524,4.400083418,-3.183627056
0.24,-64.99905293,0.05293471971,0.5961202814,0.3176772351,0,-1.220200676,4.400098493,-3.183615878
0.25,-64.99901582,0.05293487659,0.5961202423,0.3176772616,0,-1.22021105,4.400113564,-3.183604747
0.26,-64.99897888,0.05293503653,0.5961202018,0.3176772891,0,-1.220221636,4.400128632,-3.183593664
0.27,-64.99894209,0.05293519937,0.5961201598,0.3176773175,0,-1.220232421,4.400143698,-3.183582627
0.28,-64.99890545,0.05293536496,0.5961201163,0.317677347,0,-1.220243394,4.400158763,-3.183571636
0.29,-64.99886896,0.05293553313,0.5961200714,0.3176773774,0,-1.220254545,4.400173827,-3.183560689
0.3,-64.99883262,0.05293570375,0.596120025,0.3176774088,0,-1.220265864,4.40018889,-3.183549787
0.31,-64.99879643,0.05293587667,0.5961199772,0.3176774411,0,-1.22027734,4.400203953,-3.183538928
0.32,-64.99876038,0.05293605177,0.596119928,0.3176774744,0,-1.220288966,4.400219016,-3.183528113
0.33,-64.99872447,0.05293622892,0.5961198773,0.3176775087,0,-1.220300732,4.40023408,-3.18351734
0.34,-64.9986887,0.05293640798,0.5961198253,0.3176775439,0,-1.22031263,4.400249145,-3.183506609
0.35,-64.99865306,0.05293658886,0.5961197718,0.31767758,0,-1.220324651,4.400264211,-3.183495919
0.36,-64.99861757,0.05293677144,0.5961197169,0.3176776171,0,-1.220336789,4.400279279,-3.18348527
0.37,-64.99858221,0.05293695562,0.5961196607,0.317677655,0,-1.220349036,4.400294348,-3.183474662
0.38,-64.99854698,0.05293714128,0.5961196031,0.317677694,0,-1.220361385,4.400309419,-3.183464094
0.39,-64.99851189,0.05293732835,0.5961195441,0.3176777338,0,-1.220373829,4.400324493,-3.183453566
0.4,-64.99847692,0.05293751672,0.5961194837,0.3176777745,0,-1.220386362,4.400339569,-3.183443077
0.41,-64.99844209,0.05293770631,0.5961194219,0.3176778161,0,-1.220398978,4.400354648,-3.183432626
0.42,-64.99840738,0.05293789703,0.5961193589,0.3176778587,0,-1.220411671,4.400369729,-3.183422215
0.43,-64.9983728,0.05293808881,0.5961192944,0.3176779021,0,-1.220424436,4.400384813,-3.183411841
0.44,-64.99833835,0.05293828157,0.5961192286,0.3176779464,0,-1.220437267,4.400399901,-3.183401506
0.45,-64.99830403,0.05293847523,0.5961191615,0.3176779916,0,-1.220450159,4.400414991,-3.183391208
0.46,-64.99826983,0.05293866973,0.5961190931,0.3176780377,0,-1.220463108,4.400430084,-3.183380948
0.47,-64.99823575,0.052938865,0.5961190233,0.3176780846,0,-1.220476109,4.40044518,-3.183370724
0.48,-64.99820179,0.05293906097,0.5961189522,0.3176781325,0,-1.220489157,4.400460279,-3.183360538
0.49,-64.99816796,0.05293925759,0.5961188798,0.3176781811,0,-1.220502249,4.400475381,-3.183350388
0.5,-64.99813425,0.05293945479,0.5961188062,0.3176782307,0,-1.22051538,4.400490487,-3.183340274
0.51,-64.99810065,0.05293965253,0.5961187312,0.3176782811,0,-1.220528546,4.400505596,-3.183330196
0.52,-64.99806718,0.05293985075,0.5961186549,0.3176783323,0,-1.220541745,4.400520707,-3.183320155
0.53,-64.99803383,0.05294004939,0.5961185773,0.3176783844,0,-1.220554971,4.400535822,-3.183310149
0.54,-64.9980006,0.05294024841,0.5961184985,0.3176784373,0,-1.220568223,4.40055094,-3.183300179
0.55,-64.99796748,0.05294044777,0.5961184184,0.3176784911,0,-1.220581496,4.40056606,-3.183290244
0.56,-64.99793448,0.05294064741,0.5961183371,0.3176785457,0,-1.220594788,4.400581184,-3.183280345
0.57,-64.9979016,0.05294084731,0.5961182544,0.3176786011,0,-1.220608096,4.40059631,-3.183270481
0.58,-64.99786884,0.0529410474,0.5961181706,0.3176786573,0,-1.220621417,4.400611439,-3.183260651
0.59,-64.99783619,0.05294124767,0.5961180855,0.3176787144,0,-1.220634749,4.40062657,-3.183250857
0.6,-64.99780366,0.05294144807,0.5961179991,0.3176787722,0,-1.220648088,4.400641704,-3.183241097
0.61,-64.99777124,0.05294164856,0.5961179115,0.3176788309,0,-1.220661433,4.40065684,-3.183231372
0.62,-64.99773894,0.05294184912,0.5961178227,0.3176788903,0,-1.22067478,4.400671979,-3.183221681
0.63,-64.99770675,0.0529420497,0.5961177327,0.3176789506,0,-1.220688129,4.400687119,-3.183212025
0.64,-64.99767468,0.05294225029,0.5961176415,0.3176790116,0,-1.220701477,4.400702261,-3.183202403
0.65,-64.99764272,0.05294245084,0.596117549,0.3176790735,0,-1.220714821,4.400717406,-3.183192815
0.66,-64.99761087,0.05294265134,0.5961174554,0.3176791361,0,-1.22072816,4.400732551,-3.183183262
0.67,-64.99757914,0.05294285175,0.5961173605,0.3176791995,0,-1.220741492,4.400747699,-3.183173742
0.68,-64.99754752,0.05294305206,0.5961172645,0.3176792636,0,-1.220754815,4.400762847,-3.183164256
0.69,-64.99751602,0.05294325222,0.5961171673,0.3176793286,0,-1.220768128,4.400777997,-3.183154805
0.7,-64.99748462,0.05294345223,0.5961170689,0.3176793943,0,-1.220781428,4.400793148,-3.183145387
0.71,-64.99745334,0.05294365205,0.5961169693,0.3176794607,0,-1.220794715,4.400808299,-3.183136003
0.72,-64.99742217,0.05294385168,0.5961168686,0.3176795279,0,-1.220807987,4.400823451,-3.183126652
0.73,-64.99739112,0.05294405108,0.5961167667,0.3176795959,0,-1.220821243,4.400838604,-3.183117336
0.74,-64.99736017,0.05294425023,0.5961166637,0.3176796646,0,-1.22083448,4.400853757,-3.183108052
0.75,-64.99732934,0.05294444913,0.5961165595,0.317679734,0,-1.220847698,4.400868909,-3.183098803
0.76,-64.99729862,0.05294464774,0.5961164542,0.3176798042,0,-1.220860896,4.400884062,-3.183089587
0.77,-64.99726801,0.05294484606,0.5961163477,0.3176798751,0,-1.220874072,4.400899214,-3.183080404
0.78,-64.99723752,0.05294504406,0.5961162401,0.3176799468,0,-1.220887225,4.400914366,-3.183071255
0.79,-64.99720713,0.05294524173,0.5961161314,0.3176800191,0,-1.220900355,4.400929517,-3.18306214
0.8,-64.99717686,0.05294543906,0.5961160216,0.3176800922,0,-1.22091346,4.400944667,-3.183053057
0.81,-64.99714669,0.05294563603,0.5961159106,0.317680166,0,-1.220926538,4.400959815,-3.183044008
0.82,-64.99711664,0.05294583263,0.5961157986,0.3176802405,0,-1.220939591,4.400974963,-3.183034993
0.83,-64.9970867,0.05294602884,0.5961156854,0.3176803157,0,-1.220952615,4.400990108,-3.183026011
0.84,-64.99705687,0.05294622465,0.5961155712,0.3176803916,0,-1.220965611,4.401005252,-3.183017062
0.85,-64.99702715,0.05294642005,0.5961154559,0.3176804682,0,-1.220978577,4.401020394,-3.183008146
0.86,-64.99699755,0.05294661503,0.5961153395,0.3176805455,0,-1.220991513,4.401035533,-3.182999264
0.87,-64.99696805,0.05294680958,0.596115222,0.3176806235,0,-1.221004419,4.40105067,-3.182990415
0.88,-64.99693866,0.05294700368,0.5961151034,0.3176807022,0,-1.221017292,4.401065804,-3.182981599
0.89,-64.99690939,0.05294719732,0.5961149838,0.3176807815,0,-1.221030134,4.401080936,-3.182972816
0.9,-64.99688022,0.05294739051,0.5961148631,0.3176808615,0,-1.221042942,4.401096064,-3.182964067
0.91,-64.99685117,0.05294758321,0.5961147414,0.3176809422,0,-1.221055717,4.401111188,-3.182955351
0.92,-64.99682223,0.05294777544,0.5961146186,0.3176810236,0,-1.221068457,4.401126309,-3.182946668
0.93,-64.99679339,0.05294796718,0.5961144948,0.3176811056,0,-1.221081162,4.401141426,-3.182938018
0.94,-64.99676467,0.05294815841,0.5961143699,0.3176811883,0,-1.221093832,4.401156539,-3.182929401
0.95,-64.99673606,0.05294834914,0.596114244,0.3176812716,0,-1.221106466,4.401171648,-3.182920818
0.96,-64.99670756,0.05294853935,0.5961141171,0.3176813556,0,-1.221119064,4.401186752,-3.182912267
0.97,-64.99667917,0.05294872904,0.5961139892,0.3176814402,0,-1.221131625,4.401201851,-3.18290375
0.98,-64.99665089,0.05294891821,0.5961138602,0.3176815255,0,-1.221144148,4.401216945,-3.182895266
0.99,-64.99662272,0.05294910683,0.5961137303,0.3176816114,0,-1.221156634,4.401232034,-3.182886815
1,-64.99659466,0.05294929492,0.5961135993,0.3176816979,0,-1.221169081,4.401247117,-3.182878398
1.01,-64.99656671,0.05294948245,0.5961134674,0.3176817851,0,-1.221181489,4.401262195,-3.182870013
1.02,-64.99653887,0.05294966944,0.5961133344,0.3176818728,0,-1.221193858,4.401277267,-3.182861662
1.03,-64.99651115,0.05294985586,0.5961132005,0.3176819612,0,-1.221206188,4.401292332,-3.182853344
1.04,-64.99648353,0.05295004172,0.5961130656,0.3176820502,0,-1.221218478,4.401307391,-3.182845059
1.05,-64.99645602,0.05295022701,0.5961129297,0.3176821399,0,-1.221230728,4.401322443,-3.182836807
1.06,-64.99642863,0.05295041172,0.5961127929,0.3176822301,0,-1.221242937,4.401337489,-3.182828588
1.07,-64.99640134,0.05295059585,0.5961126551,0.3176823209,0,-1.221255106,4.401352527,-3.182820402
1.08,-64.99637417,0.0529507794,0.5961125163,0.3176824123,0,-1.221267233,4.401367558,-3.18281225
1.09,-64.9963471,0.05295096236,0.5961123766,0.3176825044,0,-1.221279319,4.401382581,-3.182804131
1.1,-64.99632015,0.05295114473,0.5961122359,0.317682597,0,-1.221291363,4.401397596,-3.182796045
1.11,-64.99629331,0.0529513265,0.5961120943,0.3176826902,0,-1.221303365,4.401412603,-3.182787992
1.12,-64.99626657,0.05295150767,0.5961119518,0.3176827839,0,-1.221315325,4.401427602,-3.182779972
1.13,-64.99623995,0.05295168824,0.5961118083,0.3176828783,0,-1.221327243,4.401442592,-3.182771986
1.14,-64.99621344,0.05295186819,0.596111664,0.3176829732,0,-1.221339118,4.401457574,-3.182764033
1.15,-64.99618704,0.05295204754,0.5961115187,0.3176830687,0,-1.22135095,4.401472546,-3.182756112
1.16,-64.99616075,0.05295222627,0.5961113725,0.3176831648,0,-1.221362738,4.40148751,-3.182748225
1.17,-64.99613457,0.05295240439,0.5961112253,0.3176832614,0,-1.221374484,4.401502463,-3.182740372
1.18,-64.9961085,0.05295258188,0.5961110773,0.3176833586,0,-1.221386186,4.401517407,-3.182732551
1.19,-64.99608255,0.05295275875,0.5961109284,0.3176834563,0,-1.221397844,4.401532342,-3.182724764
1.2,-64.9960567,0.05295293499,0.5961107786,0.3176835546,0,-1.221409458,4.401547265,-3.182717009
1.21,-64.99603096,0.05295311061,0.596110628,0.3176836534,0,-1.221421028,4.401562179,-3.182709288
1.22,-64.99600534,0.05295328559,0.5961104764,0.3176837527,0,-1.221432554,4.401577082,-3.182701601
1.23,-64.99597982,0.05295345994,0.596110324,0.3176838526,0,-1.221444035,4.401591974,-3.182693946
1.24,-64.99595442,0.05295363365,0.5961101707,0.317683953,0,-1.221455472,4.401606855,-3.182686325
1.25,-64.99592912,0.05295380673,0.5961100165,0.317684054,0,-1.221466864,4.401621724,-3.182678736
1.26,-64.99590394,0.05295397916,0.5961098615,0.3176841555,0,-1.221478212,4.401636582,-3.182671181
1.27,-64.99587887,0.05295415095,0.5961097057,0.3176842575,0,-1.221489514,4.401651428,-3.18266366
1.28,-64.9958539,0.0529543221,0.596109549,0.31768436,0,-1.221500771,4.401666262,-3.182656171
1.29,-64.99582905,0.0529544926,0.5961093914,0.317684463,0,-1.221511983,4.401681084,-3.182648715
1.3,-64.99580431,0.05295466245,0.596109233,0.3176845665,0,-1.22152315,4.401695894,-3.182641293
1.31,-64.99577968,0.05295483165,0.5961090738,0.3176846705,0,-1.221534271,4.401710691,-3.182633904
1.32,-64.99575516,0.0529550002,0.5961089138,0.3176847751,0,-1.221545347,4.401725475,-3.182626548
1.33,-64.99573075,0.0529551681,0.596108753,0.3176848801,0,-1.221556377,4.401740246,-3.182619226
1.34,-64.99570645,0.05295533534,0.5961085913,0.3176849856,0,-1.221567361,4.401755003,-3.182611936
1.35,-64.99568227,0.05295550192,0.5961084289,0.3176850916,0,-1.2215783,4.401769747,-3.18260468
1.36,-64.99565819,0.05295566785,0.5961082656,0.3176851981,0,-1.221589192,4.401784478,-3.182597457
1.37,-64.99563422,0.05295583312,0.5961081016,0.317685305,0,-1.221600039,4.401799194,-3.182590267
1.38,-64.99561037,0.05295599773,0.5961079367,0.3176854125,0,-1.221610839,4.401813896,-3.18258311
1.39,-64.99558662,0.05295616167,0.5961077711,0.3176855204,0,-1.221621593,4.401828584,-3.182575987
1.4,-64.99556299,0.05295632495,0.5961076047,0.3176856288,0,-1.221632301,4.401843257,-3.182568896
1.41,-64.99553946,0.05295648757,0.5961074375,0.3176857376,0,-1.221642963,4.401857915,-3.182561839
1.42,-64.99551605,0.05295664953,0.5961072696,0.3176858469,0,-1.221653579,4.401872558,-3.182554815
1.43,-64.99549275,0.05295681082,0.5961071009,0.3176859567,0,-1.221664147,4.401887186,-3.182547824
1.44,-64.99546955,0.05295697144,0.5961069314,0.3176860669,0,-1.22167467,4.401901798,-3.182540866
1.45,-64.99544647,0.05295713139,0.5961067612,0.3176861775,0,-1.221685146,4.401916395,-3.182533941
1.46,-64.9954235,0.05295729067,0.5961065902,0.3176862886,0,-1.221695575,4.401930976,-3.18252705
1.47,-64.99540064,0.05295744929,0.5961064185,0.3176864001,0,-1.221705958,4.401945541,-3.182520192
1.48,-64.99537789,0.05295760723,0.5961062461,0.3176865121,0,-1.221716294,4.401960089,-3.182513366
1.49,-64.99535525,0.05295776451,0.596106073,0.3176866245,0,-1.221726583,4.401974621,-3.182506574
1.5,-64.99533272,0.05295792111,0.5961058991,0.3176867373,0,-1.221736826,4.401989136,-3.182499815
1.51,-64.9953103,0.05295807704,0.5961057245,0.3176868506,0,-1.221747022,4.402003634,-3.182493089
1.52,-64.99528799,0.05295823229,0.5961055492,0.3176869643,0,-1.221757171,4.402018116,-3.182486396
1.53,-64.99526579,0.05295838687,0.5961053731,0.3176870784,0,-1.221767273,4.402032579,-3.182479736
1.54,-64.9952437,0.05295854078,0.5961051964,0.3176871929,0,-1.221777328,4.402047026,-3.18247311
1.55,-64.99522172,0.05295869401,0.596105019,0.3176873078,0,-1.221787336,4.402061454,-3.182466516
1.56,-64.99519985,0.05295884657,0.5961048409,0.3176874231,0,-1.221797297,4.402075865,-3.182459955
1.57,-64.99517809,0.05295899845,0.5961046621,0.3176875388,0,-1.221807212,4.402090258,-3.182453428
1.58,-64.99515644,0.05295914965,0.5961044826,0.3176876549,0,-1.221817079,4.402104632,-3.182446933
1.59,-64.9951349,0.05295930018,0.5961043024,0.3176877714,0,-1.221826899,4.402118988,-3.182440471
1.6,-64.99511348,0.05295945003,0.5961041216,0.3176878883,0,-1.221836673,4.402133325,-3.182434043
1.61,-64.99509216,0.0529595992,0.5961039401,0.3176880056,0,-1.221846399,4.402147643,-3.182427647
1.62,-64.99507095,0.0529597477,0.5961037579,0.3176881233,0,-1.221856078,4.402161942,-3.182421284
1.63,-64.99504985,0.05295989551,0.5961035751,0.3176882413,0,-1.22186571,4.402176222,-3.182414954
1.64,-64.99502886,0.05296004265,0.5961033917,0.3176883597,0,-1.221875295,4.402190482,-3.182408658
1.65,-64.99500798,0.05296018911,0.5961032076,0.3176884785,0,-1.221884833,4.402204723,-3.182402394
1.66,-64.99498721,0.05296033489,0.5961030228,0.3176885977,0,-1.221894324,4.402218943,-3.182396162
1.67,-64.99496655,0.05296047999,0.5961028375,0.3176887172,0,-1.221903768,4.402233144,-3.182389964
1.68,-64.994946,0.05296062441,0.5961026515,0.317688837,0,-1.221913164,4.402247325,-3.182383799
1.69,-64.99492555,0.05296076815,0.5961024648,0.3176889573,0,-1.221922514,4.402261485,-3.182377666
1.7,-64.99490522,0.05296091121,0.5961022776,0.3176890779,0,-1.221931816,4.402275625,-3.182371567
1.71,-64.994885,0.0529610536,0.5961020897,0.3176891988,0,-1.221941072,4.402289743,-3.1823655
1.72,-64.99486489,0.0529611953,0.5961019013,0.3176893201,0,-1.22195028,4.402303841,-3.182359466
1.73,-64.99484488,0.05296133632,0.5961017122,0.3176894417,0,-1.221959441,4.402317918,-3.182353464
1.74,-64.99482499,0.05296147666,0.5961015225,0.3176895636,0,-1.221968555,4.402331973,-3.182347496
1.75,-64.9948052,0.05296161632,0.5961013323,0.3176896859,0,-1.221977622,4.402346007,-3.18234156
1.76,-64.99478552,0.0529617553,0.5961011414,0.3176898085,0,-1.221986642,4.40236002,-3.182335657
1.77,-64.99476595,0.05296189361,0.59610095,0.3176899315,0,-1.221995614,4.40237401,-3.182329786
1.78,-64.99474649,0.05296203123,0.596100758,0.3176900547,0,-1.22200454,4.402387978,-3.182323948
1.79,-64.99472714,0.05296216817,0.5961005655,0.3176901783,0,-1.222013419,4.402401925,-3.182318143
1.8,-64.9947079,0.05296230443,0.5961003723,0.3176903022,0,-1.22202225,4.402415849,-3.182312371
1.81,-64.99468877,0.05296244001,0.5961001786,0.3176904264,0,-1.222031035,4.40242975,-3.182306631
1.82,-64.99466974,0.05296257491,0.5960999844,0.317690551,0,-1.222039772,4.402443629,-3.182300923
1.83,-64.99465083,0.05296270913,0.5960997896,0.3176906758,0,-1.222048463,4.402457484,-3.182295248
1.84,-64.99463202,0.05296284268,0.5960995942,0.3176908009,0,-1.222057107,4.402471317,-3.182289606
1.85,-64.99461332,0.05296297554,0.5960993983,0.3176909263,0,-1.222065703,4.402485127,-3.182283996
1.86,-64.99459473,0.05296310772,0.5960992019,0.317691052,0,-1.222074253,4.402498913,-3.182278418
1.87,-64.99457624,0.05296323923,0.5960990049,0.317691178,0,-1.222082756,4.402512675,-3.182272873
1.88,-64.99455787,0.05296337005,0.5960988075,0.3176913043,0,-1.222091212,4.402526414,-3.182267361
1.89,-64.9945396,0.0529635002,0.5960986095,0.3176914309,0,-1.222099621,4.402540129,-3.18226188
1.9,-64.99452144,0.05296362967,0.5960984109,0.3176915577,0,-1.222107983,4.40255382,-3.182256432
1.91,-64.99450339,0.05296375845,0.5960982119,0.3176916849,0,-1.222116298,4.402567487,-3.182251017
1.92,-64.99448544,0.05296388657,0.5960980124,0.3176918123,0,-1.222124567,4.40258113,-3.182245633
1.93,-64.99446761,0.052964014,0.5960978123,0.3176919399,0,-1.222132789,4.402594748,-3.182240282
1.94,-64.99444988,0.05296414076,0.5960976118,0.3176920679,0,-1.222140964,4.402608341,-3.182234963
1.95,-64.99443226,0.05296426684,0.5960974108,0.3176921961,0,-1.222149092,4.402621909,-3.182229677
1.96,-64.99441474,0.05296439224,0.5960972093,0.3176923245,0,-1.222157174,4.402635453,-3.182224422
1.97,-64.99439733,0.05296451696,0.5960970073,0.3176924532,0,-1.222165209,4.402648971,-3.1822192
1.98,-64.99438003,0.05296464101,0.5960968048,0.3176925822,0,-1.222173198,4.402662464,-3.18221401
1.99,-64.99436284,0.05296476439,0.5960966019,0.3176927114,0,-1.222181139,4.402675932,-3.182208851
2,-64.99434575,0.05296488709,0.5960963985,0.3176928408,0,-1.222189035,4.402689374,-3.182203725
2.01,-64.99432877,0.05296500911,0.5960961947,0.3176929705,0,-1.222196884,4.402702791,-3.182198631
2.02,-64.9943119,0.05296513046,0.5960959903,0.3176931005,0,-1.222204686,4.402716181,-3.182193569
2.03,-64.99429513,0.05296525113,0.5960957856,0.3176932306,0,-1.222212442,4.402729545,-3.182188539
2.04,-64.99427847,0.05296537113,0.5960955804,0.317693361,0,-1.222220151,4.402742884,-3.18218354
2.05,-64.99426191,0.05296549046,0.5960953747,0.3176934917,0,-1.222227814,4.402756196,-3.182178574
2.06,-64.99424546,0.05296560912,0.5960951686,0.3176936225,0,-1.222235431,4.402769481,-3.182173639
2.07,-64.99422912,0.0529657271,0.5960949621,0.3176937536,0,-1.222243002,4.40278274,-3.182168736
2.08,-64.99421288,0.05296584441,0.5960947552,0.3176938848,0,-1.222250526,4.402795972,-3.182163865
2.09,-64.99419675,0.05296596104,0.5960945478,0.3176940163,0,-1.222258004,4.402809177,-3.182159026
2.1,-64.99418073,0.05296607701,0.59609434,0.3176941481,0,-1.222265436,4.402822355,-3.182154218
2.11,-64.99416481,0.05296619231,0.5960941318,0.31769428,0,-1.222272822,4.402835506,-3.182149442
2.12,-64.99414899,0.05296630693,0.5960939232,0.3176944121,0,-1.222280161,4.40284863,-3.182144697
2.13,-64.99413328,0.05296642089,0.5960937142,0.3176945444,0,-1.222287455,4.402861726,-3.182139985
2.14,-64.99411768,0.05296653418,0.5960935048,0.3176946769,0,-1.222294703,4.402874795,-3.182135303
2.15,-64.99410218,0.0529666468,0.596093295,0.3176948096,0,-1.222301904,4.402887836,-3.182130653
2.16,-64.99408678,0.05296675875,0.5960930848,0.3176949425,0,-1.22230906,4.402900849,-3.182126035
2.17,-64.99407149,0.05296687003,0.5960928743,0.3176950756,0,-1.22231617,4.402913834,-3.182121448
2.18,-64.99405631,0.05296698065,0.5960926633,0.3176952089,0,-1.222323234,4.402926791,-3.182116892
2.19,-64.99404123,0.0529670906,0.596092452,0.3176953423,0,-1.222330253,4.40293972,-3.182112368
2.2,-64.99402625,0.05296719989,0.5960922403,0.317695476,0,-1.222337226,4.40295262,-3.182107875
2.21,-64.99401138,0.05296730851,0.5960920283,0.3176956098,0,-1.222344153,4.402965492,-3.182103413
2.22,-64.99399661,0.05296741646,0.5960918159,0.3176957437,0,-1.222351034,4.402978335,-3.182098982
2.23,-64.99398194,0.05296752376,0.5960916031,0.3176958779,0,-1.22235787,4.402991149,-3.182094583
2.24,-64.99396738,0.05296763039,0.59609139,0.3176960122,0,-1.222364661,4.403003935,-3.182090214
2.25,-64.99395292,0.05296773635,0.5960911765,0.3176961467,0,-1.222371406,4.403016691,-3.182085877
2.26,-64.99393857,0.05296784166,0.5960909627,0.3176962813,0,-1.222378105,4.403029419,-3.182081571
2.27,-64.99392432,0.0529679463,0.5960907486,0.3176964161,0,-1.22238476,4.403042117,-3.182077296
2.28,-64.99391017,0.05296805029,0.5960905341,0.317696551,0,-1.222391369,4.403054785,-3.182073051
2.29,-64.99389613,0.05296815361,0.5960903193,0.3176966861,0,-1.222397932,4.403067425,-3.182068838
2.3,-64.99388218,0.05296825628,0.5960901042,0.3176968213,0,-1.222404451,4.403080034,-3.182064655
2.31,-64.99386834,0.05296835829,0.5960898888,0.3176969567,0,-1.222410925,4.403092614,-3.182060503
2.32,-64.99385461,0.05296845964,0.596089673,0.3176970922,0,-1.222417353,4.403105164,-3.182056382
2.33,-64.99384097,0.05296856033,0.596089457,0.3176972278,0,-1.222423736,4.403117684,-3.182052292
2.34,-64.99382744,0.05296866037,0.5960892406,0.3176973636,0,-1.222430075,4.403130174,-3.182048232
2.35,-64.99381401,0.05296875975,0.596089024,0.3176974995,0,-1.222436369,4.403142634,-3.182044203
2.36,-64.99380068,0.05296885848,0.596088807,0.3176976355,0,-1.222442618,4.403155063,-3.182040204
2.37,-64.99378745,0.05296895655,0.5960885898,0.3176977717,0,-1.222448822,4.403167462,-3.182036236
2.38,-64.99377433,0.05296905398,0.5960883722,0.3176979079,0,-1.222454981,4.403179831,-3.182032299
2.39,-64.99376131,0.05296915075,0.5960881544,0.3176980443,0,-1.222461096,4.403192168,-3.182028392
2.4,-64.99374838,0.05296924686,0.5960879363,0.3176981808,0,-1.222467166,4.403204475,-3.182024515
2.41,-64.99373556,0.05296934233,0.596087718,0.3176983175,0,-1.222473192,4.403216751,-3.182020668
2.42,-64.99372284,0.05296943715,0.5960874993,0.3176984542,0,-1.222479173,4.403228997,-3.182016852
2.43,-64.99371022,0.05296953132,0.5960872804,0.317698591,0,-1.22248511,4.403241211,-3.182013066
2.44,-64.9936977,0.05296962484,0.5960870613,0.317698728,0,-1.222491003,4.403253394,-3.18200931
2.45,-64.99368528,0.05296971772,0.5960868419,0.317698865,0,-1.222496851,4.403265545,-3.182005585
2.46,-64.99367296,0.05296980995,0.5960866222,0.3176990021,0,-1.222502656,4.403277666,-3.182001889
2.47,-64.99366074,0.05296990153,0.5960864023,0.3176991393,0,-1.222508416,4.403289754,-3.181998223
2.48,-64.99364863,0.05296999247,0.5960861822,0.3176992766,0,-1.222514132,4.403301811,-3.181994588
2.49,-64.99363661,0.05297008276,0.5960859618,0.317699414,0,-1.222519804,4.403313837,-3.181990982
2.5,-64.99362469,0.05297017242,0.5960857412,0.3176995515,0,-1.222525432,4.403325831,-3.181987406
2.51,-64.99361287,0.05297026143,0.5960855203,0.3176996891,0,-1.222531016,4.403337792,-3.18198386
2.52,-64.99360115,0.0529703498,0.5960852992,0.3176998267,0,-1.222536557,4.403349722,-3.181980344
2.53,-64.99358952,0.05297043753,0.5960850779,0.3176999645,0,-1.222542054,4.40336162,-3.181976857
2.54,-64.993578,0.05297052462,0.5960848564,0.3177001022,0,-1.222547507,4.403373485,-3.1819734
2.55,-64.99356657,0.05297061107,0.5960846347,0.3177002401,0,-1.222552917,4.403385319,-3.181969972
2.56,-64.99355525,0.05297069689,0.5960844128,0.317700378,0,-1.222558283,4.403397119,-3.181966574
2.57,-64.99354402,0.05297078207,0.5960841907,0.317700516,0,-1.222563606,4.403408888,-3.181963206
2.58,-64.99353289,0.05297086661,0.5960839684,0.3177006541,0,-1.222568886,4.403420624,-3.181959867
2.59,-64.99352186,0.05297095052,0.5960837458,0.3177007922,0,-1.222574122,4.403432327,-3.181956557
2.6,-64.99351092,0.0529710338,0.5960835231,0.3177009304,0,-1.222579315,4.403443997,-3.181953277
2.61,-64.99350008,0.05297111644,0.5960833002,0.3177010686,0,-1.222584465,4.403455635,-3.181950025
2.62,-64.99348934,0.05297119846,0.5960830772,0.3177012068,0,-1.222589572,4.40346724,-3.181946803
2.63,-64.9934787,0.05297127984,0.5960828539,0.3177013452,0,-1.222594636,4.403478812,-3.181943611
2.64,-64.99346816,0.05297136059,0.5960826305,0.3177014835,0,-1.222599657,4.40349035,-3.181940447
2.65,-64.99345771,0.05297144072,0.5960824069,0.3177016219,0,-1.222604636,4.403501856,-3.181937312
2.66,-64.99344735,0.05297152022,0.5960821832,0.3177017604,0,-1.222609571,4.403513328,-3.181934206
2.67,-64.9934371,0.05297159909,0.5960819592,0.3177018988,0,-1.222614464,4.403524767,-3.181931129
2.68,-64.99342694,0.05297167734,0.5960817352,0.3177020373,0,-1.222619315,4.403536173,-3.181928081
2.69,-64.99341687,0.05297175496,0.5960815109,0.3177021759,0,-1.222624122,4.403547545,-3.181925062
2.7,-64.9934069,0.05297183196,0.5960812866,0.3177023144,0,-1.222628888,4.403558883,-3.181922071
2.71,-64.99339703,0.05297190834,0.596081062,0.317702453,0,-1.222633611,4.403570188,-3.18191911
2.72,-64.99338725,0.0529719841,0.5960808374,0.3177025917,0,-1.222638292,4.403581459,-3.181916176
2.73,-64.99337757,0.05297205924,0.5960806126,0.3177027303,0,-1.222642931,4.403592697,-3.181913271
2.74,-64.99336798,0.05297213376,0.5960803877,0.3177028689,0,-1.222647527,4.4036039,-3.181910395
2.75,-64.99335849,0.05297220766,0.5960801626,0.3177030076,0,-1.222652082,4.403615069,-3.181907547
2.76,-64.99334909,0.05297228094,0.5960799374,0.3177031463,0,-1.222656595,4.403626205,-3.181904728
2.77,-64.99333979,0.05297235361,0.5960797121,0.3177032849,0,-1.222661066,4.403637306,-3.181901937
2.78,-64.99333058,0.05297242567,0.5960794867,0.3177034236,0,-1.222665495,4.403648373,-3.181899174
2.79,-64.99332146,0.05297249711,0.5960792612,0.3177035623,0,-1.222669882,4.403659406,-3.181896439
2.8,-64.99331244,0.05297256794,0.5960790356,0.317703701,0,-1.222674228,4.403670405,-3.181893732
2.81,-64.99330351,0.05297263816,0.5960788098,0.3177038397,0,-1.222678532,4.403681369,-3.181891053
2.82,-64.99329468,0.05297270777,0.596078584,0.3177039784,0,-1.222682795,4.403692299,-3.181888403
2.83,-64.99328593,0.05297277677,0.5960783581,0.3177041171,0,-1.222687017,4.403703194,-3.18188578
2.84,-64.99327728,0.05297284517,0.5960781321,0.3177042557,0,-1.222691197,4.403714055,-3.181883185
2.85,-64.99326873,0.05297291296,0.596077906,0.3177043944,0,-1.222695336,4.403724881,-3.181880618
2.86,-64.99326026,0.05297298014,0.5960776798,0.317704533,0,-1.222699434,4.403735672,-3.181878079
2.87,-64.99325189,0.05297304672,0.5960774535,0.3177046716,0,-1.222703491,4.403746429,-3.181875567
2.88,-64.99324361,0.05297311269,0.5960772271,0.3177048102,0,-1.222707507,4.403757151,-3.181873083
2.89,-64.99323542,0.05297317807,0.5960770007,0.3177049488,0,-1.222711483,4.403767838,-3.181870626
2.9,-64.99322732,0.05297324284,0.5960767742,0.3177050874,0,-1.222715417,4.403778489,-3.181868197
2.91,-64.99321932,0.05297330702,0.5960765477,0.3177052259,0,-1.222719311,4.403789106,-3.181865796
2.92,-64.9932114,0.0529733706,0.5960763211,0.3177053644,0,-1.222723165,4.403799688,-3.181863421
2.93,-64.99320358,0.05297343358,0.5960760944,0.3177055029,0,-1.222726978,4.403810235,-3.181861074
2.94,-64.99319585,0.05297349596,0.5960758677,0.3177056413,0,-1.22273075,4.403820746,-3.181858754
2.95,-64.99318821,0.05297355775,0.5960756409,0.3177057797,0,-1.222734483,4.403831222,-3.181856462
2.96,-64.99318065,0.05297361895,0.5960754141,0.317705918,0,-1.222738175,4.403841663,-3.181854196
2.97,-64.99317319,0.05297367956,0.5960751872,0.3177060563,0,-1.222741827,4.403852068,-3.181851957
2.98,-64.99316582,0.05297373957,0.5960749603,0.3177061946,0,-1.222745439,4.403862438,-3.181849746
2.99,-64.99315854,0.052973799,0.5960747333,0.3177063328,0,-1.222749011,4.403872773,-3.181847561
3,-64.99315134,0.05297385784,0.5960745064,0.317706471,0,-1.222752543,4.403883072,-3.181845403
3.01,-64.99314424,0.05297391609,0.5960742794,0.3177066091,0,-1.222756036,4.403893336,-3.181843272
3.02,-64.99313722,0.05297397375,0.5960740524,0.3177067472,0,-1.222759489,4.403903563,-3.181841167
3.03,-64.9931303,0.05297403084,0.5960738253,0.3177068852,0,-1.222762902,4.403913756,-3.181839089
3.04,-64.99312346,0.05297408734,0.5960735983,0.3177070231,0,-1.222766276,4.403923912,-3.181837037
3.05,-64.99311671,0.05297414325,0.5960733712,0.317707161,0,-1.22276961,4.403934033,-3.181835013
3.06,-64.99311005,0.05297419859,0.5960731441,0.3177072988,0,-1.222772906,4.403944118,-3.181833014
3.07,-64.99310347,0.05297425335,0.5960729171,0.3177074365,0,-1.222776162,4.403954167,-3.181831042
3.08,-64.99309699,0.05297430753,0.59607269,0.3177075742,0,-1.222779379,4.40396418,-3.181829096
3.09,-64.99309059,0.05297436113,0.5960724629,0.3177077118,0,-1.222782557,4.403974157,-3.181827176
3.1,-64.99308427,0.05297441416,0.5960722358,0.3177078494,0,-1.222785696,4.403984098,-3.181825282
3.11,-64.99307805,0.05297446662,0.5960720088,0.3177079868,0,-1.222788797,4.403994003,-3.181823415
3.12,-64.99307191,0.0529745185,0.5960717817,0.3177081242,0,-1.222791858,4.404003872,-3.181821573
3.13,-64.99306586,0.05297456981,0.5960715547,0.3177082615,0,-1.222794882,4.404013705,-3.181819757
3.14,-64.99305989,0.05297462055,0.5960713276,0.3177083987,0,-1.222797866,4.404023502,-3.181817967
3.15,-64.99305401,0.05297467073,0.5960711007,0.3177085358,0,-1.222800812,4.404033262,-3.181816203
3.16,-64.99304822,0.05297472034,0.5960708737,0.3177086729,0,-1.22280372,4.404042986,-3.181814465
3.17,-64.99304251,0.05297476938,0.5960706468,0.3177088098,0,-1.22280659,4.404052674,-3.181812752
3.18,-64.99303688,0.05297481785,0.5960704198,0.3177089467,0,-1.222809422,4.404062326,-3.181811065
3.19,-64.99303134,0.05297486577,0.596070193,0.3177090835,0,-1.222812215,4.404071941,-3.181809403
3.2,-64.99302589,0.05297491312,0.5960699662,0.3177092202,0,-1.222814971,4.40408152,-3.181807767
3.21,-64.99302052,0.05297495991,0.5960697394,0.3177093567,0,-1.222817689,4.404091063,-3.181806156
3.22,-64.99301523,0.05297500614,0.5960695126,0.3177094932,0,-1.222820369,4.404100569,-3.18180457
3.23,-64.99301003,0.05297505182,0.596069286,0.3177096296,0,-1.222823012,4.404110038,-3.181803009
3.24,-64.99300491,0.05297509694,0.5960690593,0.3177097658,0,-1.222825617,4.404119471,-3.181801474
3.25,-64.99299988,0.0529751415,0.5960688328,0.317709902,0,-1.222828185,4.404128868,-3.181799964
3.26,-64.99299493,0.05297518551,0.5960686063,0.3177100381,0,-1.222830715,4.404138228,-3.181798478
3.27,-64.99299006,0.05297522897,0.5960683798,0.317710174,0,-1.222833209,4.404147551,-3.181797018
3.28,-64.99298527,0.05297527188,0.5960681534,0.3177103098,0,-1.222835665,4.404156838,-3.181795582
3.29,-64.99298057,0.05297531424,0.5960679271,0.3177104455,0,-1.222838084,4.404166088,-3.181794171
3.3,-64.99297595,0.05297535606,0.5960677009,0.3177105811,0,-1.222840466,4.404175301,-3.181792785
3.31,-64.99297141,0.05297539732,0.5960674747,0.3177107166,0,-1.222842812,4.404184478,-3.181791424
3.32,-64.99296696,0.05297543804,0.5960672487,0.317710852,0,-1.22284512,4.404193618,-3.181790087
3.33,-64.99296258,0.05297547822,0.5960670227,0.3177109872,0,-1.222847392,4.404202721,-3.181788774
3.34,-64.99295829,0.05297551786,0.5960667968,0.3177111223,0,-1.222849628,4.404211787,-3.181787486
3.35,-64.99295407,0.05297555696,0.596066571,0.3177112573,0,-1.222851827,4.404220816,-3.181786222
3.36,-64.99294994,0.05297559551,0.5960663452,0.3177113921,0,-1.222853991,4.404229809,-3.181784982
3.37,-64.99294589,0.05297563353,0.5960661196,0.3177115268,0,-1.222856117,4.404238765,-3.181783767
3.38,-64.99294192,0.05297567101,0.5960658941,0.3177116614,0,-1.222858208,4.404247684,-3.181782576
3.39,-64.99293803,0.05297570796,0.5960656687,0.3177117958,0,-1.222860263,4.404256566,-3.181781408
3.4,-64.99293422,0.05297574438,0.5960654434,0.3177119301,0,-1.222862282,4.404265411,-3.181780265
3.41,-64.99293049,0.05297578026,0.5960652182,0.3177120643,0,-1.222864265,4.404274219,-3.181779146
3.42,-64.99292683,0.05297581562,0.5960649931,0.3177121983,0,-1.222866213,4.40428299,-3.18177805
3.43,-64.99292326,0.05297585044,0.5960647681,0.3177123322,0,-1.222868125,4.404291724,-3.181776978
3.44,-64.99291977,0.05297588474,0.5960645432,0.3177124659,0,-1.222870002,4.404300422,-3.18177593
3.45,-64.99291635,0.05297591851,0.5960643185,0.3177125995,0,-1.222871843,4.404309082,-3.181774905
3.46,-64.99291301,0.05297595176,0.5960640939,0.317712733,0,-1.222873649,4.404317705,-3.181773904
3.47,-64.99290975,0.05297598448,0.5960638694,0.3177128662,0,-1.22287542,4.404326291,-3.181772926
3.48,-64.99290657,0.05297601668,0.5960636451,0.3177129994,0,-1.222877156,4.40433484,-3.181771971
3.49,-64.99290347,0.05297604837,0.5960634209,0.3177131323,0,-1.222878857,4.404343353,-3.18177104
3.5,-64.99290044,0.05297607953,0.5960631968,0.3177132652,0,-1.222880523,4.404351828,-3.181770132
3.51,-64.99289749,0.05297611018,0.5960629728,0.3177133978,0,-1.222882155,4.404360265,-3.181769247
3.52,-64.99289462,0.05297614031,0.596062749,0.3177135303,0,-1.222883752,4.404368666,-3.181768385
3.53,-64.99289182,0.05297616993,0.5960625254,0.3177136626,0,-1.222885315,4.40437703,-3.181767546
3.54,-64.9928891,0.05297619904,0.5960623019,0.3177137948,0,-1.222886843,4.404385357,-3.18176673
3.55,-64.99288646,0.05297622763,0.5960620786,0.3177139268,0,-1.222888337,4.404393646,-3.181765937
3.56,-64.99288389,0.05297625572,0.5960618554,0.3177140586,0,-1.222889796,4.404401899,-3.181765166
3.57,-64.99288139,0.0529762833,0.5960616323,0.3177141903,0,-1.222891222,4.404410114,-3.181764418
3.58,-64.99287898,0.05297631037,0.5960614095,0.3177143218,0,-1.222892614,4.404418292,-3.181763693
3.59,-64.99287663,0.05297633694,0.5960611868,0.3177144531,0,-1.222893972,4.404426433,-3.18176299
3.6,-64.99287437,0.052976363,0.5960609642,0.3177145843,0,-1.222895296,4.404434537,-3.18176231
3.61,-64.99287217,0.05297638856,0.5960607418,0.3177147152,0,-1.222896587,4.404442604,-3.181761652
3.62,-64.99287005,0.05297641363,0.5960605196,0.317714846,0,-1.222897844,4.404450633,-3.181761016
3.63,-64.99286801,0.05297643819,0.5960602976,0.3177149766,0,-1.222899068,4.404458626,-3.181760402
3.64,-64.99286604,0.05297646226,0.5960600758,0.317715107,0,-1.222900259,4.404466581,-3.181759811
3.65,-64.99286414,0.05297648583,0.5960598541,0.3177152373,0,-1.222901416,4.404474499,-3.181759242
3.66,-64.99286231,0.05297650891,0.5960596326,0.3177153673,0,-1.22290254,4.40448238,-3.181758694
3.67,-64.99286056,0.05297653149,0.5960594113,0.3177154972,0,-1.222903632,4.404490224,-3.181758168
3.68,-64.99285888,0.05297655359,0.5960591902,0.3177156268,0,-1.222904691,4.404498031,-3.181757665
3.69,-64.99285727,0.05297657519,0.5960589693,0.3177157563,0,-1.222905716,4.4045058,-3.181757182
3.7,-64.99285574,0.05297659631,0.5960587486,0.3177158856,0,-1.22290671,4.404513532,-3.181756722
3.71,-64.99285428,0.05297661694,0.5960585281,0.3177160147,0,-1.222907671,4.404521228,-3.181756283
3.72,-64.99285289,0.05297663709,0.5960583078,0.3177161436,0,-1.222908599,4.404528886,-3.181755866
3.73,-64.99285156,0.05297665676,0.5960580876,0.3177162723,0,-1.222909495,4.404536507,-3.181755469
3.74,-64.99285032,0.05297667594,0.5960578677,0.3177164008,0,-1.222910359,4.40454409,-3.181755095
3.75,-64.99284914,0.05297669464,0.596057648,0.3177165291,0,-1.222911191,4.404551637,-3.181754741
3.76,-64.99284803,0.05297671287,0.5960574285,0.3177166572,0,-1.222911991,4.404559147,-3.181754409
3.77,-64.99284699,0.05297673062,0.5960572093,0.3177167851,0,-1.222912759,4.404566619,-3.181754098
3.78,-64.99284603,0.05297674789,0.5960569902,0.3177169128,0,-1.222913496,4.404574055,-3.181753808
3.79,-64.99284513,0.05297676469,0.5960567713,0.3177170402,0,-1.222914201,4.404581453,-3.181753538
3.8,-64.9928443,0.05297678102,0.5960565527,0.3177171675,0,-1.222914874,4.404588814,-3.18175329
3.81,-64.99284354,0.05297679688,0.5960563343,0.3177172946,0,-1.222915516,4.404596138,-3.181753062
3.82,-64.99284285,0.05297681227,0.5960561162,0.3177174214,0,-1.222916127,4.404603425,-3.181752855
3.83,-64.99284223,0.05297682719,0.5960558982,0.3177175481,0,-1.222916707,4.404610675,-3.181752669
3.84,-64.99284168,0.05297684165,0.5960556805,0.3177176745,0,-1.222917255,4.404617888,-3.181752503
3.85,-64.99284119,0.05297685564,0.596055463,0.3177178007,0,-1.222917773,4.404625064,-3.181752357
3.86,-64.99284077,0.05297686917,0.5960552458,0.3177179267,0,-1.22291826,4.404632203,-3.181752232
3.87,-64.99284043,0.05297688224,0.5960550288,0.3177180524,0,-1.222918716,4.404639305,-3.181752128
3.88,-64.99284014,0.05297689485,0.596054812,0.317718178,0,-1.222919142,4.40464637,-3.181752043
3.89,-64.99283993,0.05297690701,0.5960545955,0.3177183033,0,-1.222919537,4.404653398,-3.181751979
3.9,-64.99283978,0.05297691871,0.5960543792,0.3177184284,0,-1.222919902,4.404660389,-3.181751934
3.91,-64.9928397,0.05297692995,0.5960541632,0.3177185532,0,-1.222920237,4.404667344,-3.18175191
3.92,-64.99283969,0.05297694074,0.5960539475,0.3177186779,0,-1.222920541,4.404674261,-3.181751906
3.93,-64.99283974,0.05297695108,0.5960537319,0.3177188023,0,-1.222920816,4.404681141,-3.181751921
3.94,-64.99283985,0.05297696098,0.5960535167,0.3177189265,0,-1.22292106,4.404687985,-3.181751956
3.95,-64.99284004,0.05297697042,0.5960533017,0.3177190504,0,-1.222921275,4.404694791,-3.181752011
3.96,-64.99284028,0.05297697942,0.5960530869,0.3177191741,0,-1.22292146,4.404701561,-3.181752085
3.97,-64.9928406,0.05297698797,0.5960528725,0.3177192976,0,-1.222921616,4.404708294,-3.181752179
3.98,-64.99284097,0.05297699608,0.5960526583,0.3177194209,0,-1.222921742,4.40471499,-3.181752292
3.99,-64.99284141,0.05297700375,0.5960524443,0.3177195439,0,-1.222921839,4.404721649,-3.181752424
4,-64.99284192,0.05297701098,0.5960522307,0.3177196666,0,-1.222921907,4.404728272,-3.181752576
4.01,-64.99284249,0.05297701777,0.5960520173,0.3177197892,0,-1.222921945,4.404734858,-3.181752747
4.02,-64.99284312,0.05297702413,0.5960518041,0.3177199115,0,-1.222921955,4.404741407,-3.181752937
4.03,-64.99284382,0.05297703005,0.5960515913,0.3177200335,0,-1.222921936,4.40474792,-3.181753146
4.04,-64.99284458,0.05297703554,0.5960513787,0.3177201553,0,-1.222921888,4.404754395,-3.181753374
4.05,-64.9928454,0.0529770406,0.5960511664,0.3177202769,0,-1.222921811,4.404760835,-3.181753621
4.06,-64.99284629,0.05297704523,0.5960509545,0.3177203982,0,-1.222921706,4.404767237,-3.181753887
4.07,-64.99284724,0.05297704943,0.5960507427,0.3177205193,0,-1.222921573,4.404773603,-3.181754171
4.08,-64.99284825,0.0529770532,0.5960505313,0.3177206401,0,-1.222921411,4.404779933,-3.181754474
4.09,-64.99284932,0.05297705655,0.5960503202,0.3177207606,0,-1.222921221,4.404786226,-3.181754795
4.1,-64.99285045,0.05297705947,0.5960501093,0.3177208809,0,-1.222921003,4.404792482,-3.181755135
4.11,-64.99285164,0.05297706198,0.5960498988,0.317721001,0,-1.222920757,4.404798702,-3.181755493
4.12,-64.9928529,0.05297706406,0.5960496886,0.3177211208,0,-1.222920484,4.404804885,-3.18175587
4.13,-64.99285421,0.05297706573,0.5960494786,0.3177212404,0,-1.222920182,4.404811033,-3.181756264
4.14,-64.99285559,0.05297706698,0.596049269,0.3177213597,0,-1.222919853,4.404817143,-3.181756677
4.15,-64.99285703,0.05297706781,0.5960490596,0.3177214787,0,-1.222919497,4.404823218,-3.181757108
4.16,-64.99285852,0.05297706823,0.5960488506,0.3177215975,0,-1.222919113,4.404829256,-3.181757557
4.17,-64.99286008,0.05297706825,0.5960486419,0.317721716,0,-1.222918702,4.404835257,-3.181758023
4.18,-64.99286169,0.05297706785,0.5960484334,0.3177218342,0,-1.222918264,4.404841223,-3.181758508
4.19,-64.99286337,0.05297706704,0.5960482253,0.3177219522,0,-1.222917799,4.404847152,-3.18175901
4.2,-64.9928651,0.05297706582,0.5960480175,0.31772207,0,-1.222917307,4.404853045,-3.18175953
4.21,-64.99286689,0.0529770642,0.5960478101,0.3177221874,0,-1.222916788,4.404858902,-3.181760067
4.22,-64.99286874,0.05297706218,0.5960476029,0.3177223046,0,-1.222916243,4.404864723,-3.181760622
4.23,-64.99287065,0.05297705976,0.5960473961,0.3177224216,0,-1.222915671,4.404870508,-3.181761194
4.24,-64.99287261,0.05297705694,0.5960471896,0.3177225382,0,-1.222915073,4.404876257,-3.181761784
4.25,-64.99287464,0.05297705371,0.5960469834,0.3177226546,0,-1.222914448,4.404881969,-3.181762391
4.26,-64.99287672,0.0529770501,0.5960467775,0.3177227708,0,-1.222913797,4.404887646,-3.181763015
4.27,-64.99287885,0.05297704608,0.596046572,0.3177228866,0,-1.22291312,4.404893287,-3.181763656
4.28,-64.99288105,0.05297704168,0.5960463668,0.3177230022,0,-1.222912417,4.404898892,-3.181764314
4.29,-64.9928833,0.05297703688,0.5960461619,0.3177231175,0,-1.222911689,4.404904461,-3.181764989
4.3,-64.9928856,0.05297703169,0.5960459574,0.3177232325,0,-1.222910934,4.404909994,-3.181765681
4.31,-64.99288796,0.05297702611,0.5960457532,0.3177233473,0,-1.222910154,4.404915491,-3.181766389
4.32,-64.99289038,0.05297702015,0.5960455493,0.3177234617,0,-1.222909349,4.404920953,-3.181767114
4.33,-64.99289285,0.0529770138,0.5960453458,0.3177235759,0,-1.222908518,4.404926379,-3.181767856
4.34,-64.99289538,0.05297700707,0.5960451426,0.3177236899,0,-1.222907662,4.404931769,-3.181768614
4.35,-64.99289796,0.05297699996,0.5960449397,0.3177238035,0,-1.222906781,4.404937124,-3.181769389
4.36,-64.9929006,0.05297699247,0.5960447372,0.3177239169,0,-1.222905875,4.404942443,-3.18177018
4.37,-64.99290329,0.0529769846,0.5960445351,0.3177240299,0,-1.222904943,4.404947726,-3.181770987
4.38,-64.99290604,0.05297697635,0.5960443333,0.3177241427,0,-1.222903987,4.404952974,-3.181771811
4.39,-64.99290883,0.05297696773,0.5960441318,0.3177242552,0,-1.222903007,4.404958187,-3.18177265
4.4,-64.99291169,0.05297695874,0.5960439307,0.3177243675,0,-1.222902002,4.404963364,-3.181773506
4.41,-64.99291459,0.05297694937,0.59604373,0.3177244794,0,-1.222900972,4.404968506,-3.181774377
4.42,-64.99291755,0.05297693963,0.5960435296,0.317724591,0,-1.222899918,4.404973613,-3.181775265
4.43,-64.99292056,0.05297692953,0.5960433296,0.3177247024,0,-1.22289884,4.404978684,-3.181776168
4.44,-64.99292362,0.05297691906,0.5960431299,0.3177248135,0,-1.222897738,4.40498372,-3.181777087
4.45,-64.99292674,0.05297690822,0.5960429306,0.3177249243,0,-1.222896612,4.404988721,-3.181778021
4.46,-64.9929299,0.05297689703,0.5960427317,0.3177250348,0,-1.222895462,4.404993687,-3.181778971
4.47,-64.99293312,0.05297688547,0.5960425331,0.317725145,0,-1.222894288,4.404998617,-3.181779937
4.48,-64.99293639,0.05297687355,0.5960423349,0.3177252549,0,-1.222893091,4.405003513,-3.181780918
4.49,-64.99293971,0.05297686127,0.596042137,0.3177253645,0,-1.22289187,4.405008374,-3.181781914
4.5,-64.99294308,0.05297684863,0.5960419395,0.3177254738,0,-1.222890626,4.405013199,-3.181782925
4.51,-64.99294651,0.05297683565,0.5960417424,0.3177255828,0,-1.222889358,4.40501799,-3.181783952
4.52,-64.99294998,0.0529768223,0.5960415457,0.3177256916,0,-1.222888067,4.405022746,-3.181784993
4.53,-64.9929535,0.05297680861,0.5960413493,0.3177258,0,-1.222886754,4.405027467,-3.18178605
4.54,-64.99295707,0.05297679457,0.5960411533,0.3177259081,0,-1.222885417,4.405032154,-3.181787121
4.55,-64.99296069,0.05297678018,0.5960409577,0.3177260159,0,-1.222884058,4.405036806,-3.181788207
4.56,-64.99296436,0.05297676544,0.5960407625,0.3177261235,0,-1.222882676,4.405041423,-3.181789308
4.57,-64.99296808,0.05297675036,0.5960405677,0.3177262307,0,-1.222881271,4.405046005,-3.181790424
4.58,-64.99297185,0.05297673493,0.5960403732,0.3177263376,0,-1.222879844,4.405050553,-3.181791554
4.59,-64.99297566,0.05297671916,0.5960401791,0.3177264443,0,-1.222878394,4.405055067,-3.181792699
4.6,-64.99297953,0.05297670306,0.5960399854,0.3177265506,0,-1.222876923,4.405059546,-3.181793858
4.61,-64.99298344,0.05297668661,0.5960397921,0.3177266566,0,-1.222875429,4.405063991,-3.181795031
4.62,-64.9929874,0.05297666983,0.5960395992,0.3177267623,0,-1.222873913,4.405068401,-3.181796219
4.63,-64.9929914,0.05297665272,0.5960394067,0.3177268678,0,-1.222872376,4.405072777,-3.181797421
4.64,-64.99299546,0.05297663527,0.5960392145,0.3177269729,0,-1.222870816,4.405077119,-3.181798637
4.65,-64.99299956,0.05297661749,0.5960390228,0.3177270777,0,-1.222869235,4.405081427,-3.181799867
4.66,-64.9930037,0.05297659938,0.5960388315,0.3177271822,0,-1.222867633,4.405085701,-3.181801111
4.67,-64.9930079,0.05297658094,0.5960386405,0.3177272864,0,-1.222866009,4.405089941,-3.181802369
4.68,-64.99301213,0.05297656218,0.5960384499,0.3177273902,0,-1.222864363,4.405094146,-3.18180364
4.69,-64.99301642,0.05297654309,0.5960382598,0.3177274938,0,-1.222862697,4.405098318,-3.181804925
4.7,-64.99302075,0.05297652368,0.59603807,0.3177275971,0,-1.222861009,4.405102456,-3.181806224
4.71,-64.99302512,0.05297650395,0.5960378807,0.3177277,0,-1.222859301,4.40510656,-3.181807537
4.72,-64.99302954,0.05297648389,0.5960376917,0.3177278026,0,-1.222857572,4.40511063,-3.181808863
4.73,-64.99303401,0.05297646352,0.5960375032,0.317727905,0,-1.222855822,4.405114667,-3.181810202
4.74,-64.99303852,0.05297644284,0.596037315,0.317728007,0,-1.222854051,4.40511867,-3.181811555
4.75,-64.99304307,0.05297642184,0.5960371273,0.3177281087,0,-1.22285226,4.405122639,-3.18181292
4.76,-64.99304766,0.05297640052,0.5960369399,0.31772821,0,-1.222850449,4.405126575,-3.181814299
4.77,-64.9930523,0.05297637889,0.596036753,0.3177283111,0,-1.222848617,4.405130478,-3.181815691
4.78,-64.99305699,0.05297635696,0.5960365665,0.3177284118,0,-1.222846765,4.405134347,-3.181817096
4.79,-64.99306171,0.05297633472,0.5960363804,0.3177285123,0,-1.222844893,4.405138183,-3.181818514
4.8,-64.99306648,0.05297631217,0.5960361947,0.3177286124,0,-1.222843001,4.405141985,-3.181819945
4.81,-64.99307129,0.05297628931,0.5960360095,0.3177287122,0,-1.22284109,4.405145755,-3.181821388
4.82,-64.99307615,0.05297626615,0.5960358246,0.3177288117,0,-1.222839158,4.405149491,-3.181822845
4.83,-64.99308104,0.05297624269,0.5960356402,0.3177289108,0,-1.222837208,4.405153194,-3.181824313
4.84,-64.99308598,0.05297621893,0.5960354562,0.3177290097,0,-1.222835237,4.405156864,-3.181825795
4.85,-64.99309096,0.05297619488,0.5960352726,0.3177291082,0,-1.222833248,4.405160501,-3.181827288
4.86,-64.99309598,0.05297617052,0.5960350894,0.3177292064,0,-1.222831239,4.405164105,-3.181828794
4.87,-64.99310104,0.05297614588,0.5960349066,0.3177293043,0,-1.222829211,4.405167676,-3.181830313
4.88,-64.99310614,0.05297612093,0.5960347243,0.3177294018,0,-1.222827164,4.405171215,-3.181831843
4.89,-64.99311129,0.0529760957,0.5960345424,0.3177294991,0,-1.222825098,4.405174721,-3.181833386
4.9,-64.99311647,0.05297607018,0.5960343609,0.317729596,0,-1.222823013,4.405178194,-3.181834941
4.91,-64.99312169,0.05297604437,0.5960341798,0.3177296926,0,-1.22282091,4.405181635,-3.181836507
4.92,-64.99312695,0.05297601827,0.5960339992,0.3177297888,0,-1.222818788,4.405185043,-3.181838086
4.93,-64.99313225,0.05297599189,0.596033819,0.3177298848,0,-1.222816648,4.405188418,-3.181839676
4.94,-64.99313759,0.05297596522,0.5960336392,0.3177299804,0,-1.22281449,4.405191762,-3.181841278
4.95,-64.99314297,0.05297593828,0.5960334599,0.3177300757,0,-1.222812313,4.405195073,-3.181842892
4.96,-64.99314839,0.05297591105,0.596033281,0.3177301706,0,-1.222810118,4.405198352,-3.181844518
4.97,-64.99315385,0.05297588354,0.5960331025,0.3177302653,0,-1.222807905,4.405201598,-3.181846154
4.98,-64.99315934,0.05297585576,0.5960329245,0.3177303596,0,-1.222805675,4.405204813,-3.181847803
4.99,-64.99316487,0.0529758277,0.5960327469,0.3177304536,0,-1.222803426,4.405207995,-3.181849462
5,-64.98145169,0.05297579937,0.5960325697,0.3177305472,7.03125,-1.222676547,4.409510663,-3.178335508
5.01,-64.91145872,0.05298791114,0.5960304709,0.3177319538,7.03125,-1.222766254,4.435269074,-3.157337615
5.02,-64.84192531,0.05301755365,0.5960255007,0.3177353204,7.03125,-1.224068172,4.460969849,-3.136477592
5.03,-64.77283772,0.05306390823,0.5960176727,0.3177406354,7.03125,-1.226527253,4.486619251,-3.115751317
5.04,-64.70418285,0.05312620012,0.5960069998,0.3177478873,7.03125,-1.230093499,4.512223298,-3.095154854
5.05,-64.63594813,0.05320369592,0.5959934949,0.3177570652,7.03125,-1.234721472,4.537787786,-3.07468444
5.06,-64.56812156,0.05329570128,0.5959771699,0.3177681583,7.03125,-1.240369862,4.563318303,-3.054336469
5.07,-64.50069161,0.05340155866,0.5959580368,0.317781156,7.03125,-1.247001099,4.588820252,-3.034107482
5.08,-64.43364717,0.05352064526,0.5959361068,0.3177960481,7.03125,-1.254581004,4.614298858,-3.013994152
5.09,-64.36697759,0.05365237108,0.5959113909,0.3178128247,7.03125,-1.263078481,4.63975919,-2.993993276
5.1,-64.30067255,0.05379617712,0.5958838998,0.317831476,7.03125,-1.27246524,4.665206169,-2.974101764
5.11,-64.23472211,0.05395153362,0.5958536436,0.3178519924,7.03125,-1.282715546,4.69064458,-2.954316632
5.12,-64.16911664,0.05411793851,0.5958206323,0.3178743648,7.03125,-1.293805996,4.716079084,-2.934634991
5.13,-64.10384681,0.05429491589,0.5957848753,0.317898584,7.03125,-1.305715321,4.741514227,-2.915054042
5.14,-64.03890356,0.05448201457,0.595746382,0.3179246412,7.03125,-1.318424202,4.76695445,-2.895571068
5.15,-63.9742781,0.05467880682,0.5957051611,0.3179525278,7.03125,-1.33191511,4.792404096,-2.87618343
5.16,-63.90996186,0.05488488703,0.5956612212,0.3179822353,7.03125,-1.346172157,4.817867418,-2.856888557
5.17,-63.84594649,0.05509987062,0.5956145706,0.3180137555,7.03125,-1.36118097,4.843348586,-2.837683946
5.18,-63.78222385,0.05532339286,0.5955652173,0.3180470804,7.03125,-1.376928563,4.868851696,-2.818567154
5.19,-63.71878598,0.05555510787,0.5955131688,0.3180822021,7.03125,-1.39340324,4.894380771,-2.799535795
5.2,-63.65562512,0.05579468764,0.5954584327,0.318119113,7.03125,-1.410594489,4.919939773,-2.780587535
5.21,-63.59273363,0.05604182108,0.5954010159,0.3181578057,7.03125,-1.4284929,4.945532604,-2.761720088
5.22,-63.53010404,0.05629621316,0.5953409253,0.3181982727,7.03125,-1.447090083,4.971163111,-2.742931213
5.23,-63.46772904,0.05655758412,0.5952781673,0.3182405071,7.03125,-1.4663786,4.996835094,-2.724218712
5.24,-63.40560142,0.05682566865,0.5952127483,0.3182845019,7.03125,-1.486351893,5.022552307,-2.705580426
5.25,-63.3437141,0.05710021519,0.5951446742,0.3183302503,7.03125,-1.507004233,5.048318464,-2.68701423
5.26,-63.28206012,0.05738098523,0.5950739508,0.3183777457,7.03125,-1.528330662,5.074137244,-2.668518035
5.27,-63.2206326,0.05766775267,0.5950005834,0.3184269819,7.03125,-1.550326948,5.10001229,-2.65008978
5.28,-63.15942479,0.05796030321,0.5949245773,0.3184779524,7.03125,-1.572989538,5.125947219,-2.631727436
5.29,-63.09842999,0.05825843377,0.5948459373,0.3185306513,7.03125,-1.596315521,5.151945619,-2.613428998
5.3,-63.03764162,0.05856195193,0.5947646683,0.3185850726,7.03125,-1.620302593,5.178011059,-2.595192487
5.31,-62.97705315,0.05887067545,0.5946807744,0.3186412106,7.03125,-1.64494902,5.204147086,-2.577015945
5.32,-62.91665812,0.05918443174,0.59459426,0.3186990598,7.03125,-1.670253617,5.230357229,-2.558897437
5.33,-62.85645015,0.05950305744,0.5945051289,0.3187586147,7.03125,-1.696215714,5.256645008,-2.540835046
5.34,-62.79642291,0.05982639797,0.5944133847,0.3188198701,7.03125,-1.722835136,5.283013926,-2.522826872
5.35,-62.73657011,0.06015430712,0.5943190309,0.3188828209,7.03125,-1.75011218,5.309467483,-2.504871032
5.36,-62.67688552,0.06048664667,0.5942220705,0.3189474622,7.03125,-1.7780476,5.336009169,-2.486965657
5.37,-62.61736297,0.060823286,0.5941225064,0.3190137892,7.03125,-1.806642583,5.362642472,-2.469108891
5.38,-62.5579963,0.0611641018,0.5940203413,0.3190817974,7.03125,-1.835898741,5.389370881,-2.451298891
5.39,-62.49877941,0.06150897769,0.5939155774,0.3191514823,7.03125,-1.86581809,5.416197883,-2.433533822
5.4,-62.4397062,0.06185780393,0.593808217,0.3192228396,7.03125,-1.896403045,5.44312697,-2.41581186
5.41,-62.38077063,0.06221047712,0.5936982618,0.3192958653,7.03125,-1.927656406,5.470161641,-2.39813119
5.42,-62.32196667,0.06256689996,0.5935857135,0.3193705555,7.03125,-1.959581346,5.497305402,-2.380490002
5.43,-62.26328831,0.06292698095,0.5934705734,0.3194469063,7.03125,-1.99218141,5.52456177,-2.362886494
5.44,-62.20472956,0.06329063416,0.5933528425,0.3195249141,7.03125,-2.025460501,5.551934273,-2.345318867
5.45,-62.14628442,0.063657779,0.5932325217,0.3196045756,7.03125,-2.05942288,5.579426456,-2.327785326
5.46,-62.08794693,0.06402833998,0.5931096114,0.3196858874,7.03125,-2.094073155,5.607041879,-2.310284079
5.47,-62.02971112,0.06440224655,0.5929841121,0.3197688464,7.03125,-2.129416285,5.634784121,-2.292813337
5.48,-61.97157103,0.06477943284,0.5928560236,0.3198534497,7.03125,-2.16545757,5.662656784,-2.27537131
5.49,-61.91352069,0.06515983754,0.5927253458,0.3199396944,7.03125,-2.202202654,5.69066349,-2.257956208
5.5,-61.85555414,0.06554340368,0.592592078,0.3200275781,7.03125,-2.239657521,5.718807889,-2.240566241
5.51,-61.79766538,0.06593007849,0.5924562195,0.3201170983,7.03125,-2.277828496,5.747093656,-2.223199615
5.52,-61.73984845,0.0663198132,0.5923177692,0.3202082527,7.03125,-2.316722243,5.775524497,-2.205854535
5.53,-61.68209733,0.06671256299,0.5921767258,0.3203010391,7.03125,-2.35634577,5.80410415,-2.1885292
5.54,-61.62440602,0.06710828673,0.5920330874,0.3203954559,7.03125,-2.396706427,5.832836385,-2.171221807
5.55,-61.56676848,0.06750694695,0.5918868523,0.320491501,7.03125,-2.43781191,5.861725009,-2.153930545
5.56,-61.50917865,0.06790850966,0.5917380182,0.3205891731,7.03125,-2.479670265,5.890773868,-2.136653596
5.57,-61.45163045,0.06831294427,0.5915865826,0.3206884708,7.03125,-2.522289889,5.919986846,-2.119389135
5.58,-61.39411777,0.06872022345,0.5914325425,0.3207893928,7.03125,-2.565679536,5.949367871,-2.10213533
5.59,-61.33663446,0.06913032303,0.591275895,0.3208919381,7.03125,-2.609848323,5.978920917,-2.084890337
5.6,-61.27917435,0.06954322197,0.5911166365,0.3209961059,7.03125,-2.654805732,6.008650003,-2.067652304
5.61,-61.22173122,0.06995890216,0.5909547634,0.3211018956,7.03125,-2.70056162,6.038559199,-2.050419366
5.62,-61.16429882,0.07037734843,0.5907902714,0.3212093067,7.03125,-2.747126223,6.068652626,-2.033189646
5.63,-61.10687085,0.07079854843,0.5906231563,0.321318339,7.03125,-2.794510163,6.098934461,-2.015961254
5.64,-61.04944096,0.07122249258,0.5904534133,0.3214289924,7.03125,-2.842724458,6.129408936,-1.998732287
5.65,-60.99200275,0.07164917396,0.5902810375,0.321541267,7.03125,-2.891780529,6.160080344,-1.981500825
5.66,-60.93454978,0.07207858829,0.5901060233,0.3216551632,7.03125,-2.94169021,6.190953039,-1.964264933
5.67,-60.87707553,0.07251073388,0.589928365,0.3217706814,7.03125,-2.992465754,6.222031441,-1.947022659
5.68,-60.81957344,0.07294561152,0.5897480567,0.3218878226,7.03125,-3.044119849,6.253320036,-1.929772031
5.69,-60.76203687,0.07338322447,0.5895650918,0.3220065875,7.03125,-3.096665625,6.284823383,-1.912511061
5.7,-60.70445913,0.07382357845,0.5893794636,0.3221269774,7.03125,-3.150116666,6.316546112,-1.895237738
5.71,-60.64683343,0.07426668151,0.5891911648,0.3222489937,7.03125,-3.204487022,6.34849293,-1.87795003
5.72,-60.58915295,0.07471254407,0.589000188,0.3223726379,7.03125,-3.259791224,6.380668624,-1.860645885
5.73,-60.53141074,0.07516117887,0.5888065252,0.3224979118,7.03125,-3.316044293,6.413078062,-1.843323223
5.74,-60.47359981,0.0756126009,0.5886101681,0.3226248176,7.03125,-3.373261761,6.445726199,-1.825979943
5.75,-60.41571305,0.07606682744,0.588411108,0.3227533574,7.03125,-3.431459679,6.478618079,-1.808613916
5.76,-60.35774329,0.07652387799,0.5882093358,0.3228835338,7.03125,-3.490654635,6.511758839,-1.791222987
5.77,-60.29968323,0.07698377426,0.5880048419,0.3230153495,7.03125,-3.550863775,6.545153711,-1.77380497
5.78,-60.24152551,0.07744654016,0.5877976163,0.3231488075,7.03125,-3.612104811,6.578808026,-1.756357653
5.79,-60.18326263,0.07791220181,0.5875876487,0.323283911,7.03125,-3.674396051,6.612727222,-1.73887879
5.8,-60.12488701,0.07838078749,0.5873749282,0.3234206636,7.03125,-3.737756405,6.646916842,-1.721366103
5.81,-60.06639093,0.07885232766,0.5871594436,0.3235590689,7.03125,-3.802205417,6.68138254,-1.70381728
5.82,-60.00776658,0.07932685495,0.586941183,0.3236991309,7.03125,-3.867763276,6.716130088,-1.686229973
5.83,-59.949006,0.07980440418,0.5867201342,0.323840854,7.03125,-3.934450846,6.751165376,-1.6686018
5.84,-59.89010112,0.08028501232,0.5864962845,0.3239842425,7.03125,-4.002289682,6.786494419,-1.650930336
5.85,-59.83104373,0.08076871854,0.5862696208,0.3241293015,7.03125,-4.07130206,6.822123364,-1.633213118
5.86,-59.77182548,0.08125556422,0.5860401292,0.3242760359,7.03125,-4.141510996,6.858058487,-1.615447643
5.87,-59.71243787,0.08174559292,0.5858077955,0.324424451,7.03125,-4.212940278,6.894306208,-1.59763136
5.88,-59.65287226,0.08223885044,0.5855726049,0.3245745527,7.03125,-4.28561449,6.930873088,-1.579761678
5.89,-59.59311985,0.08273538482,0.5853345421,0.3247263469,7.03125,-4.359559043,6.967765839,-1.561835954
5.9,-59.53317166,0.08323524637,0.5850935912,0.3248798398,7.03125,-4.434800201,7.004991328,-1.543851498
5.91,-59.47301856,0.0837384877,0.5848497357,0.325035038,7.03125,-4.51136512,7.042556584,-1.525805569
5.92,-59.41265124,0.08424516372,0.5846029586,0.3251919485,7.03125,-4.589281871,7.0804688,-1.507695373
5.93,-59.3520602,0.08475533172,0.5843532421,0.3253505785,7.03125,-4.668579487,7.118735347,-1.489518059
5.94,-59.29123573,0.08526905135,0.584100568,0.3255109356,7.03125,-4.749287986,7.157363771,-1.47127072
5.95,-59.23016797,0.08578638471,0.5838449174,0.3256730277,7.03125,-4.831438421,7.196361809,-1.45295039
5.96,-59.16884679,0.08630739636,0.5835862705,0.3258368631,7.03125,-4.915062911,7.235737389,-1.434554038
5.97,-59.1072619,0.08683215337,0.5833246072,0.3260024504,7.03125,-5.000194688,7.27549864,-1.41607857
5.98,-59.04540275,0.08736072539,0.5830599065,0.3261697988,7.03125,-5.086868139,7.315653901,-1.397520825
5.99,-58.98325857,0.08789318467,0.5827921466,0.3263389174,7.03125,-5.17511885,7.356211727,-1.378877571
6,-58.92081834,0.08842960614,0.5825213051,0.3265098163,7.03125,-5.26498366,7.397180899,-1.360145503
6.01,-58.91649043,0.08896218861,0.582248658,0.3266817095,0,-5.357963579,7.414544899,-1.35884713
6.02,-58.92306424,0.08947572243,0.5819767675,0.3268530261,0,-5.449069978,7.427409282,-1.360819273
6.03,-58.92885055,0.08997106601,0.5817055873,0.3270237948,0,-5.537783853,7.440561203,-1.362555166
6.04,-58.93387818,0.09044904199,0.5814350733,0.3271940429,0,-5.624155904,7.453993113,-1.364063455
6.05,-58.93817529,0.09091043947,0.5811651834,0.3273637969,0,-5.708239714,7.467697557,-1.365352588
6.06,-58.94176932,0.09135601508,0.5808958766,0.3275330821,0,-5.79009123,7.48166719,-1.366430795
6.07,-58.94468698,0.09178649407,0.580627114,0.327701923,0,-5.869768305,7.495894793,-1.367306093
6.08,-58.94695426,0.09220257142,0.580358858,0.3278703429,0,-5.947330268,7.510373282,-1.367986278
6.09,-58.9485964,0.09260491282,0.5800910726,0.3280383644,0,-6.022837547,7.525095718,-1.36847892
6.1,-58.94963788,0.09299415581,0.5798237233,0.328206009,0,-6.096351319,7.540055318,-1.368791364
6.11,-58.95010243,0.09337091072,0.5795567769,0.3283732974,0,-6.167933205,7.555245458,-1.36893073
6.12,-58.95001304,0.09373576169,0.5792902016,0.3285402496,0,-6.237644989,7.570659683,-1.368903913
6.13,-58.94939193,0.09408926766,0.579023967,0.3287068846,0,-6.305548375,7.586291707,-1.36871758
6.14,-58.9482606,0.09443196333,0.5787580439,0.3288732206,0,-6.371704768,7.602135419,-1.368378179
6.15,-58.94663978,0.09476436006,0.5784924043,0.3290392753,0,-6.436175079,7.618184887,-1.367891934
6.16,-58.94454951,0.09508694679,0.5782270214,0.3292050653,0,-6.499019562,7.634434354,-1.367264852
6.17,-58.9420091,0.09540019095,0.5779618695,0.3293706069,0,-6.560297664,7.650878243,-1.366502729
6.18,-58.93903715,0.09570453925,0.577696924,0.3295359153,0,-6.620067902,7.667511156,-1.365611145
6.19,-58.9356516,0.09600041859,0.5774321615,0.3297010053,0,-6.678387752,7.684327874,-1.364595479
6.2,-58.93186968,0.09628823678,0.5771675594,0.3298658911,0,-6.735313559,7.701323353,-1.363460905
6.21,-58.927708,0.09656838341,0.5769030961,0.3300305862,0,-6.790900464,7.718492726,-1.362212399
6.22,-58.92318249,0.09684123053,0.576638751,0.3301951036,0,-6.845202338,7.735831298,-1.360854747
6.23,-58.91830849,0.09710713341,0.5763745044,0.3303594556,0,-6.898271734,7.753334544,-1.359392546
6.24,-58.9131007,0.09736643126,0.5761103374,0.3305236541,0,-6.950159848,7.77099811,-1.35783021
6.25,-58.90757326,0.09761944788,0.5758462318,0.3306877105,0,-7.000916493,7.788817803,-1.356171977
6.26,-58.90173971,0.09786649234,0.5755821705,0.3308516356,0,-7.050590072,7.806789594,-1.354421913
6.27,-58.89561305,0.0981078596,0.5753181368,0.3310154398,0,-7.099227575,7.824909611,-1.352583915
6.28,-58.88920573,0.09834383112,0.5750541151,0.331179133,0,-7.146874568,7.843174136,-1.35066172
6.29,-58.8825297,0.09857467544,0.57479009,0.3313427248,0,-7.193575196,7.861579603,-1.34865891
6.3,-58.87559637,0.09880064878,0.5745260473,0.3315062242,0,-7.239372192,7.880122592,-1.346578911
6.31,-58.8684167,0.09902199553,0.5742619729,0.33166964,0,-7.284306884,7.898799827,-1.344425009
6.32,-58.86100114,0.09923894882,0.5739978538,0.3318329805,0,-7.328419217,7.91760817,-1.342200343
6.33,-58.85335973,0.099451731,0.5737336773,0.3319962535,0,-7.371747766,7.936544618,-1.33990792
6.34,-58.84550204,0.09966055409,0.5734694312,0.3321594668,0,-7.414329763,7.955606301,-1.337550613
6.35,-58.83743724,0.09986562032,0.573205104,0.3323226277,0,-7.456201119,7.974790475,-1.335131171
6.36,-58.82917406,0.1000671225,0.5729406846,0.332485743,0,-7.497396454,7.994094518,-1.332652217
6.37,-58.82072087,0.1002652445,0.5726761624,0.3326488195,0,-7.537949123,8.013515931,-1.330116262
6.38,-58.81208567,0.1004601615,0.5724115274,0.3328118635,0,-7.577891249,8.033052327,-1.327525701
6.39,-58.80327606,0.1006520408,0.5721467697,0.3329748811,0,-7.617253753,8.052701434,-1.324882819
6.4,-58.79429933,0.1008410416,0.5718818801,0.3331378782,0,-7.656066388,8.072461086,-1.3221898
6.41,-58.78516242,0.1010273158,0.5716168498,0.3333008604,0,-7.694357771,8.092329223,-1.319448726
6.42,-58.77587194,0.1012110083,0.5713516702,0.333463833,0,-7.732155415,8.112303885,-1.316661583
6.43,-58.76643421,0.101392257,0.5710863333,0.3336268012,0,-7.769485767,8.132383209,-1.313830264
6.44,-58.75685524,0.1015711935,0.5708208311,0.3337897698,0,-7.806374239,8.152565429,-1.310956573
6.45,-58.74714077,0.1017479433,0.5705551564,0.3339527435,0,-7.842845243,8.172848866,-1.30804223
6.46,-58.73729625,0.1019226259,0.5702893019,0.3341157269,0,-7.878922224,8.193231933,-1.305088874
6.47,-58.72732687,0.1020953554,0.5700232608,0.3342787243,0,-7.914627692,8.213713123,-1.302098062
6.48,-58.7172376,0.1022662403,0.5697570265,0.3344417397,0,-7.94998326,8.234291013,-1.29907128
6.49,-58.70703313,0.1024353843,0.5694905927,0.3346047772,0,-7.98500967,8.254964258,-1.29600994
6.5,-58.69671795,0.1026028861,0.5692239534,0.3347678406,0,-8.019726829,8.27573159,-1.292915385
6.51,-58.6862963,0.1027688398,0.5689571029,0.3349309335,0,-8.05415384,8.296591811,-1.289788891
6.52,-58.67577225,0.1029333354,0.5686900355,0.3350940594,0,-8.088309032,8.317543797,-1.286631674
6.53,-58.66514961,0.1030964582,0.568422746,0.3352572217,0,-8.12220999,8.338586488,-1.283444884
6.54,-58.65443206,0.1032582899,0.5681552292,0.3354204236,0,-8.155873583,8.359718892,-1.280229619
6.55,-58.64362305,0.1034189085,0.5678874801,0.3355836682,0,-8.189315996,8.380940078,-1.276986916
6.56,-58.63272587,0.103578388,0.5676194942,0.3357469585,0,-8.222552754,8.402249178,-1.273717762
6.57,-58.62174364,0.1037367993,0.5673512667,0.3359102973,0,-8.255598752,8.423645379,-1.270423091
6.58,-58.6106793,0.1038942099,0.5670827934,0.3360736876,0,-8.288468278,8.445127927,-1.26710379
6.59,-58.59953566,0.1040506842,0.5668140699,0.3362371318,0,-8.321175042,8.466696121,-1.263760698
6.6,-58.58831537,0.1042062838,0.5665450923,0.3364006326,0,-8.353732196,8.488349311,-1.26039461
6.61,-58.57702092,0.1043610672,0.5662758566,0.3365641924,0,-8.386152362,8.510086901,-1.257006277
6.62,-58.5656547,0.1045150906,0.5660063591,0.3367278137,0,-8.418447655,8.531908339,-1.25359641
6.63,-58.55421893,0.1046684072,0.565736596,0.3368914987,0,-8.450629702,8.553813124,-1.25016568
6.64,-58.54271574,0.1048210682,0.5654665639,0.3370552497,0,-8.482709663,8.575800796,-1.246714721
6.65,-58.53114711,0.1049731222,0.5651962593,0.3372190688,0,-8.514698258,8.597870941,-1.243244132
6.66,-58.51951492,0.1051246159,0.5649256789,0.3373829581,0,-8.546605781,8.620023187,-1.239754475
6.67,-58.50782094,0.1052755937,0.5646548196,0.3375469196,0,-8.578442119,8.642257203,-1.236246281
6.68,-58.49606683,0.1054260981,0.5643836781,0.3377109554,0,-8.610216777,8.664572694,-1.232720049
6.69,-58.48425416,0.1055761697,0.5641122515,0.3378750672,0,-8.641938887,8.686969407,-1.229176247
6.7,-58.47238439,0.1057258474,0.563840537,0.338039257,0,-8.673617232,8.709447123,-1.225615316
6.71,-58.46045889,0.1058751683,0.5635685315,0.3382035266,0,-8.70526026,8.732005658,-1.222037668
6.72,-58.44847896,0.106024168,0.5632962323,0.3383678776,0,-8.7368761,8.754644865,-1.218443687
6.73,-58.43644578,0.1061728805,0.5630236368,0.3385323119,0,-8.768472577,8.777364626,-1.214833734
6.74,-58.42436048,0.1063213384,0.5627507423,0.338696831,0,-8.800057227,8.800164859,-1.211208145
6.75,-58.4122241,0.1064695728,0.5624775463,0.3388614366,0,-8.831637311,8.823045512,-1.207567231
6.76,-58.40003761,0.1066176138,0.5622040461,0.3390261303,0,-8.863219831,8.846006561,-1.203911284
6.77,-58.3878019,0.10676549,0.5619302394,0.3391909136,0,-8.894811538,8.869048013,-1.20024057
6.78,-58.37551779,0.1069132288,0.5616561237,0.3393557881,0,-8.926418947,8.892169903,-1.196555338
6.79,-58.36318605,0.1070608566,0.5613816966,0.3395207552,0,-8.958048353,8.915372295,-1.192855816
6.8,-58.35080738,0.1072083989,0.5611069559,0.3396858165,0,-8.989705836,8.938655277,-1.189142213
6.81,-58.3383824,0.1073558799,0.5608318992,0.3398509733,0,-9.021397274,8.962018966,-1.18541472
6.82,-58.3259117,0.1075033231,0.5605565242,0.340016227,0,-9.053128358,8.985463502,-1.18167351
6.83,-58.3133958,0.1076507509,0.5602808289,0.3401815792,0,-9.084904596,9.008989052,-1.17791874
6.84,-58.30083516,0.107798185,0.5600048108,0.340347031,0,-9.116731326,9.032595805,-1.174150549
6.85,-58.28823021,0.1079456463,0.559728468,0.340512584,0,-9.148613726,9.056283975,-1.170369062
6.86,-58.2755813,0.108093155,0.5594517982,0.3406782395,0,-9.180556822,9.080053799,-1.16657439
6.87,-58.26288876,0.1082407302,0.5591747993,0.3408439987,0,-9.212565496,9.103905537,-1.162766627
6.88,-58.25015285,0.108388391,0.5588974693,0.341009863,0,-9.244644495,9.127839469,-1.158945855
6.89,-58.23737381,0.1085361552,0.5586198059,0.3411758338,0,-9.276798439,9.1518559,-1.155112142
6.9,-58.22455181,0.1086840404,0.5583418072,0.3413419123,0,-9.309031829,9.175955153,-1.151265543
6.91,-58.211687,0.1088320635,0.558063471,0.3415080998,0,-9.341349054,9.200137575,-1.147406101
6.92,-58.19877949,0.1089802409,0.5577847953,0.3416743976,0,-9.373754398,9.224403531,-1.143533846
6.93,-58.18582932,0.1091285885,0.5575057781,0.341840807,0,-9.406252047,9.248753407,-1.139648797
6.94,-58.17283654,0.1092771218,0.5572264172,0.3420073292,0,-9.438846096,9.273187611,-1.135750962
6.95,-58.15980113,0.1094258556,0.5569467107,0.3421739656,0,-9.471540554,9.297706567,-1.131840338
6.96,-58.14672303,0.1095748047,0.5566666564,0.3423407174,0,-9.50433935,9.322310722,-1.12791691
6.97,-58.13360218,0.1097239831,0.5563862524,0.342507586,0,-9.537246342,9.34700054,-1.123980655
6.98,-58.12043846,0.1098734046,0.5561054965,0.3426745725,0,-9.570265318,9.371776505,-1.120031538
6.99,-58.10723172,0.1100230828,0.5558243867,0.3428416782,0,-9.603400006,9.39663912,-1.116069516
7,-58.09398179,0.1101730308,0.5555429209,0.3430089045,0,-9.636654073,9.421588906,-1.112094537
7.01,-58.08068845,0.1103232615,0.5552610971,0.3431762527,0,-9.670031137,9.446626405,-1.108106536
7.02,-58.06735148,0.1104737874,0.5549789131,0.343343724,0,-9.703534769,9.471752173,-1.104105444
7.03,-58.0539706,0.110624621,0.5546963668,0.3435113197,0,-9.737168495,9.496966789,-1.10009118
7.04,-58.04054552,0.1107757743,0.5544134561,0.3436790412,0,-9.770935803,9.522270849,-1.096063656
7.05,-58.02707591,0.1109272592,0.5541301788,0.3438468897,0,-9.80484015,9.547664965,-1.092022774
7.06,-58.01356144,0.1110790874,0.5538465328,0.3440148667,0,-9.838884961,9.573149771,-1.087968431
7.07,-58.00000171,0.1112312705,0.553562516,0.3441829734,0,-9.873073636,9.598725917,-1.083900514
7.08,-57.98639633,0.1113838197,0.553278126,0.3443512111,0,-9.907409552,9.624394071,-1.0798189
7.09,-57.97274488,0.1115367463,0.5529933608,0.3445195814,0,-9.941896072,9.650154922,-1.075723463
7.1,-57.95904689,0.1116900613,0.5527082179,0.3446880855,0,-9.97653654,9.676009175,-1.071614066
7.11,-57.94530189,0.1118437757,0.5524226953,0.3448567248,0,-10.01133429,9.701957554,-1.067490566
7.12,-57.93150937,0.1119979003,0.5521367905,0.3450255007,0,-10.04629266,9.728000802,-1.063352811
7.13,-57.91766881,0.112152446,0.5518505012,0.3451944147,0,-10.08141497,9.754139681,-1.059200644
7.14,-57.90377966,0.1123074232,0.5515638251,0.3453634682,0,-10.11670455,9.780374971,-1.055033899
7.15,-57.88984135,0.1124628427,0.5512767598,0.3455326627,0,-10.15216472,9.80670747,-1.050852404
7.16,-57.87585327,0.112618715,0.5509893028,0.3457019996,0,-10.18779882,9.833137998,-1.04665598
7.17,-57.8618148,0.1127750506,0.5507014517,0.3458714804,0,-10.22361019,9.859667392,-1.04244444
7.18,-57.8477253,0.1129318599,0.5504132041,0.3460411066,0,-10.25960219,9.886296509,-1.038217591
7.19,-57.83358411,0.1130891535,0.5501245573,0.3462108798,0,-10.2957782,9.913026225,-1.033975233
7.2,-57.81939053,0.1132469417,0.5498355088,0.3463808016,0,-10.3321416,9.939857437,-1.029717158
7.21,-57.80514384,0.113405235,0.5495460561,0.3465508735,0,-10.3686958,9.966791062,-1.025443152
7.22,-57.79084332,0.1135640438,0.5492561964,0.3467210971,0,-10.40544424,9.993828036,-1.021152996
7.23,-57.7764882,0.1137233786,0.5489659271,0.346891474,0,-10.44239038,10.02096932,-1.01684646
7.24,-57.7620777,0.1138832498,0.5486752454,0.3470620059,0,-10.47953771,10.04821588,-1.012523311
7.25,-57.74761103,0.1140436681,0.5483841486,0.3472326945,0,-10.51688976,10.07556873,-1.008183308
7.26,-57.73308734,0.114204644,0.5480926338,0.3474035414,0,-10.55445008,10.10302889,-1.003826201
7.27,-57.71850579,0.114366188,0.5478006983,0.3475745484,0,-10.59222227,10.13059739,-0.9994517372
7.28,-57.70386551,0.114528311,0.5475083389,0.3477457173,0,-10.63020997,10.1582753,-0.9950596532
7.29,-57.6891656,0.1146910236,0.5472155529,0.3479170498,0,-10.66841686,10.18606372,-0.9906496804
7.3,-57.67440514,0.1148543367,0.5469223371,0.3480885478,0,-10.70684665,10.21396374,-0.9862215431
7.31,-57.65958319,0.1150182613,0.5466286885,0.348260213,0,-10.74550314,10.24197651,-0.9817749582
7.32,-57.64469879,0.1151828082,0.546334604,0.3484320474,0,-10.78439013,10.27010317,-0.9773096357
7.33,-57.62975093,0.1153479888,0.5460400804,0.3486040529,0,-10.8235115,10.29834492,-0.9728252784
7.34,-57.61473861,0.1155138142,0.5457451144,0.3487762313,0,-10.86287119,10.32670295,-0.9683215819
7.35,-57.59966078,0.1156802957,0.5454497028,0.3489485848,0,-10.9024732,10.3551785,-0.9637982343
7.36,-57.58451639,0.1158474448,0.5451538422,0.3491211152,0,-10.94232156,10.38377282,-0.9592549167
7.37,-57.56930434,0.1160152732,0.5448575292,0.3492938246,0,-10.98242041,10.4124872,-0.9546913023
7.38,-57.55402352,0.1161837927,0.5445607602,0.3494667151,0,-11.02277391,10.44132293,-0.950107057
7.39,-57.5386728,0.116353015,0.5442635318,0.3496397889,0,-11.06338633,10.47028137,-0.9455018388
7.4,-57.52325099,0.1165229523,0.5439658404,0.349813048,0,-11.10426199,10.49936386,-0.9408752983
7.41,-57.50775693,0.1166936168,0.5436676822,0.3499864946,0,-11.14540529,10.5285718,-0.9362270777
7.42,-57.49218937,0.1168650208,0.5433690536,0.350160131,0,-11.1868207,10.55790661,-0.9315568117
7.43,-57.47654709,0.117037177,0.5430699506,0.3503339594,0,-11.22851279,10.58736973,-0.9268641264
7.44,-57.4608288,0.1172100981,0.5427703694,0.3505079822,0,-11.27048619,10.61696265,-0.9221486399
7.45,-57.44503321,0.117383797,0.5424703061,0.3506822017,0,-11.31274562,10.64668688,-0.9174099618
7.46,-57.42915898,0.1175582869,0.5421697566,0.3508566202,0,-11.35529591,10.67654394,-0.9126476932
7.47,-57.41320475,0.1177335811,0.5418687167,0.3510312403,0,-11.39814196,10.70653542,-0.9078614265
7.48,-57.39716915,0.1179096931,0.5415671824,0.3512060643,0,-11.44128876,10.73666292,-0.9030507451
7.49,-57.38105075,0.1180866369,0.5412651493,0.3513810949,0,-11.48474144,10.76692807,-0.8982152236
7.5,-57.36484809,0.1182644262,0.5409626129,0.3515563346,0,-11.52850517,10.79733255,-0.8933544272
7.51,-57.34855971,0.1184430755,0.540659569,0.3517317861,0,-11.57258527,10.82787806,-0.8884679117
7.52,-57.33218408,0.1186225992,0.540356013,0.3519074519,0,-11.61698715,10.85856635,-0.8835552236
7.53,-57.31571966,0.118803012,0.5400519402,0.3520833348,0,-11.66171635,10.88939918,-0.8786158994
7.54,-57.29916489,0.118984329,0.539747346,0.3522594376,0,-11.70677848,10.92037838,-0.8736494658
7.55,-57.28251813,0.1191665653,0.5394422254,0.3524357632,0,-11.75217932,10.95150581,-0.8686554392
7.56,-57.26577775,0.1193497367,0.5391365737,0.3526123143,0,-11.79792475,10.98278334,-0.8636333257
7.57,-57.24894207,0.1195338587,0.5388303859,0.352789094,0,-11.84402076,11.01421291,-0.8585826208
7.58,-57.23200936,0.1197189477,0.5385236567,0.3529661051,0,-11.89047348,11.04579651,-0.8535028093
7.59,-57.21497788,0.11990502,0.5382163811,0.3531433508,0,-11.9372892,11.07753613,-0.8483933648
7.6,-57.19784583,0.1200920923,0.5379085538,0.3533208342,0,-11.98447431,11.10943384,-0.8432537496
7.61,-57.18061138,0.1202801817,0.5376001692,0.3534985585,0,-12.03203535,11.14149174,-0.8380834144
7.62,-57.16327266,0.1204693055,0.537291222,0.3536765267,0,-12.07997901,11.17371198,-0.8328817984
7.63,-57.14582776,0.1206594816,0.5369817065,0.3538547424,0,-12.12831215,11.20609675,-0.8276483284
7.64,-57.12827473,0.1208507278,0.5366716169,0.3540332087,0,-12.17704173,11.23864828,-0.8223824188
7.65,-57.11061157,0.1210430627,0.5363609473,0.3542119291,0,-12.22617493,11.27136888,-0.8170834716
7.66,-57.09283625,0.1212365049,0.5360496919,0.3543909072,0,-12.27571906,11.30426087,-0.8117508758
7.67,-57.07494669,0.1214310737,0.5357378445,0.3545701463,0,-12.3256816,11.33732664,-0.8063840069
7.68,-57.05694076,0.1216267887,0.5354253989,0.3547496503,0,-12.3760702,11.37056864,-0.8009822271
7.69,-57.03881628,0.1218236696,0.5351123488,0.3549294227,0,-12.42689271,11.40398936,-0.7955448845
7.7,-57.02057104,0.1220217369,0.5347986875,0.3551094674,0,-12.47815713,11.43759135,-0.7900713133
7.71,-57.00220278,0.1222210113,0.5344844087,0.3552897882,0,-12.52987169,11.47137722,-0.7845608327
7.72,-56.98370916,0.122421514,0.5341695054,0.3554703889,0,-12.58204478,11.50534963,-0.7790127471
7.73,-56.96508782,0.1226232666,0.5338539708,0.3556512736,0,-12.634685,11.53951131,-0.7734263458
7.74,-56.94633634,0.1228262912,0.5335377979,0.3558324464,0,-12.68780117,11.57386503,-0.767800902
7.75,-56.92745224,0.1230306103,0.5332209795,0.3560139115,0,-12.7414023,11.60841365,-0.7621356733
7.76,-56.908433,0.123236247,0.5329035083,0.356195673,0,-12.79549764,11.64316007,-0.7564299002
7.77,-56.88927602,0.1234432247,0.5325853768,0.3563777353,0,-12.85009666,11.67810728,-0.7506828069
7.78,-56.86997867,0.1236515675,0.5322665773,0.3565601028,0,-12.90520905,11.71325832,-0.7448935997
7.79,-56.85053822,0.1238612999,0.531947102,0.35674278,0,-12.96084475,11.74861629,-0.7390614675
7.8,-56.83095194,0.124072447,0.531626943,0.3569257716,0,-13.01701394,11.7841844,-0.7331855806
7.81,-56.81121697,0.1242850343,0.5313060922,0.3571090821,0,-13.07372707,11.81996589,-0.7272650908
7.82,-56.79133044,0.124499088,0.5309845412,0.3572927165,0,-13.13099484,11.85596411,-0.7212991305
7.83,-56.77128937,0.1247146349,0.5306622816,0.3574766795,0,-13.18882822,11.89218245,-0.7152868125
7.84,-56.75109076,0.1249317022,0.5303393046,0.3576609762,0,-13.24723846,11.92862443,-0.7092272291
7.85,-56.73073151,0.1251503179,0.5300156015,0.3578456117,0,-13.30623709,11.9652936,-0.7031194519
7.86,-56.71020844,0.1253705107,0.5296911632,0.3580305911,0,-13.36583595,12.00219362,-0.6969625312
7.87,-56.68951832,0.1255923095,0.5293659805,0.3582159198,0,-13.42604718,12.03932824,-0.6907554951
7.88,-56.66865783,0.1258157444,0.5290400439,0.3584016032,0,-13.48688323,12.0767013,-0.6844973493
7.89,-56.64762359,0.1260408459,0.5287133438,0.3585876467,0,-13.54835686,12.11431671,-0.6781870763
7.9,-56.62641212,0.1262676451,0.5283858704,0.3587740561,0,-13.61048121,12.1521785,-0.6718236348
7.91,-56.60501986,0.1264961741,0.5280576135,0.3589608372,0,-13.67326972,12.19029078,-0.6654059588
7.92,-56.58344319,0.1267264654,0.5277285629,0.3591479957,0,-13.73673621,12.22865776,-0.6589329574
7.93,-56.56167838,0.1269585526,0.5273987081,0.3593355377,0,-13.80089486,12.26728376,-0.6524035137
7.94,-56.53972161,0.1271924698,0.5270680383,0.3595234694,0,-13.86576023,12.30617321,-0.6458164841
7.95,-56.51756899,0.127428252,0.5267365426,0.359711797,0,-13.93134727,12.34533063,-0.6391706978
7.96,-56.49521652,0.1276659351,0.5264042097,0.359900527,0,-13.99767134,12.38476068,-0.6324649557
7.97,-56.4726601,0.1279055557,0.5260710282,0.3600896658,0,-14.06474823,12.4244681,-0.6256980298
7.98,-56.44989554,0.1281471514,0.5257369862,0.3602792202,0,-14.13259413,12.46445778,-0.6188686625
7.99,-56.42691855,0.1283907606,0.5254020719,0.360469197,0,-14.2012257,12.50473471,-0.6119755651
8,-56.40372473,0.1286364226,0.5250662728,0.3606596032,0,-14.27066006,12.54530402,-0.6050174178
8.01,-56.38030956,0.1288841778,0.5247295766,0.3608504458,0,-14.3409148,12.58617096,-0.597992868
8.02,-56.35666843,0.1291340673,0.5243919703,0.3610417323,0,-14.412008,12.62734093,-0.5909005299
8.03,-56.33279661,0.1293861336,0.5240534409,0.3612334701,0,-14.48395825,12.66881944,-0.5837389832
8.04,-56.30868924,0.1296404198,0.5237139748,0.3614256667,0,-14.55678467,12.71061216,-0.5765067719
8.05,-56.28434135,0.1298969703,0.5233735584,0.36161833,0,-14.63050694,12.75272492,-0.5692024038
8.06,-56.25974783,0.1301558306,0.5230321775,0.3618114679,0,-14.70514526,12.79516367,-0.561824349
8.07,-56.23490346,0.1304170473,0.5226898179,0.3620050886,0,-14.78072046,12.83793453,-0.5543710387
8.08,-56.20980288,0.130680668,0.5223464647,0.3621992004,0,-14.85725394,12.88104379,-0.5468408642
8.09,-56.18444059,0.1309467418,0.522002103,0.3623938118,0,-14.93476773,12.92449789,-0.5392321757
8.1,-56.15881094,0.1312153188,0.5216567173,0.3625889315,0,-15.01328452,12.96830345,-0.5315432808
8.11,-56.13290814,0.1314864503,0.5213102917,0.3627845684,0,-15.09282765,13.01246727,-0.5237724435
8.12,-56.10672627,0.1317601892,0.5209628102,0.3629807317,0,-15.17342117,13.05699632,-0.5159178825
8.13,-56.08025923,0.1320365895,0.5206142562,0.3631774306,0,-15.25508982,13.10189776,-0.5079777699
8.14,-56.05350077,0.1323157067,0.5202646128,0.3633746747,0,-15.33785912,13.14717896,-0.49995023
8.15,-56.02644446,0.1325975977,0.5199138625,0.3635724737,0,-15.42175533,13.19284748,-0.4918333374
8.16,-55.99908372,0.1328823208,0.5195619877,0.3637708377,0,-15.50680552,13.23891107,-0.4836251153
8.17,-55.97141178,0.1331699359,0.5192089701,0.3639697768,0,-15.59303758,13.28537773,-0.4753235346
8.18,-55.9434217,0.1334605046,0.518854791,0.3641693015,0,-15.68048026,13.33225565,-0.4669265112
8.19,-55.91510635,0.1337540898,0.5184994314,0.3643694226,0,-15.7691632,13.37955327,-0.4584319049
8.2,-55.88645839,0.1340507563,0.5181428717,0.3645701509,0,-15.85911697,13.42727925,-0.4498375175
8.21,-55.8574703,0.1343505706,0.5177850918,0.3647714977,0,-15.95037308,13.47544251,-0.4411410905
8.22,-55.82813435,0.134653601,0.5174260711,0.3649734746,0,-16.04296405,13.52405221,-0.4323403036
8.23,-55.79844257,0.1349599176,0.5170657886,0.3651760932,0,-16.13692342,13.57311778,-0.423432772
8.24,-55.76838682,0.1352695923,0.5167042226,0.3653793657,0,-16.2322858,13.62264891,-0.4144160449
8.25,-55.73795868,0.1355826991,0.516341351,0.3655833044,0,-16.32908693,13.6726556,-0.4052876029
8.26,-55.70714952,0.135899314,0.515977151,0.3657879219,0,-16.42736368,13.72314809,-0.3960448558
8.27,-55.67595047,0.1362195151,0.5156115994,0.3659932312,0,-16.52715413,13.77413698,-0.38668514
8.28,-55.64435239,0.1365433825,0.5152446722,0.3661992457,0,-16.62849762,13.82563313,-0.377205716
8.29,-55.61234589,0.1368709988,0.5148763448,0.3664059789,0,-16.73143477,13.87764775,-0.3676037661
8.3,-55.5799213,0.1372024488,0.5145065921,0.3666134448,0,-16.83600755,13.93019238,-0.3578763912
8.31,-55.54706869,0.1375378196,0.5141353883,0.3668216578,0,-16.94225934,13.9832789,-0.3480206081
8.32,-55.51377782,0.1378772008,0.5137627069,0.3670306324,0,-17.05023499,14.03691956,-0.3380333467
8.33,-55.48003816,0.1382206848,0.5133885206,0.3672403838,0,-17.15998083,14.09112697,-0.3279114467
8.34,-55.44583885,0.1385683662,0.5130128015,0.3674509274,0,-17.27154481,14.14591414,-0.3176516544
8.35,-55.41116873,0.1389203428,0.5126355209,0.367662279,0,-17.38497652,14.20129446,-0.3072506194
8.36,-55.3760163,0.1392767148,0.5122566493,0.367874455,0,-17.50032725,14.25728177,-0.296704891
8.37,-55.34036972,0.1396375858,0.5118761564,0.3680874718,0,-17.61765008,14.3138903,-0.2860109146
8.38,-55.30421676,0.1400030621,0.5114940112,0.3683013468,0,-17.73699997,14.37113476,-0.2751650277
8.39,-55.26754485,0.1403732532,0.5111101817,0.3685160974,0,-17.85843379,14.42903031,-0.2641634561
8.4,-55.23034103,0.140748272,0.510724635,0.3687317416,0,-17.98201046,14.48759261,-0.2530023096
8.41,-55.19259193,0.1411282347,0.5103373374,0.368948298,0,-18.107791,14.54683779,-0.2416775778
8.42,-55.15428375,0.1415132609,0.5099482542,0.3691657856,0,-18.23583864,14.60678254,-0.2301851252
8.43,-55.11540229,0.141903474,0.5095573496,0.3693842239,0,-18.3662189,14.66744408,-0.2185206867
8.44,-55.07593288,0.1422990011,0.509164587,0.369603633,0,-18.4989997,14.72884017,-0.2066798626
8.45,-55.03586038,0.1426999732,0.5087699287,0.3698240334,0,-18.63425149,14.79098919,-0.1946581133
8.46,-54.99516918,0.1431065255,0.5083733357,0.3700454463,0,-18.7720473,14.85391012,-0.1824507537
8.47,-54.95384316,0.1435187971,0.5079747681,0.3702678936,0,-18.91246292,14.91762258,-0.170052948
8.48,-54.91186568,0.1439369317,0.5075741848,0.3704913975,0,-19.055577,14.98214684,-0.1574597029
8.49,-54.86921954,0.1443610775,0.5071715433,0.3707159811,0,-19.20147119,15.04750388,-0.1446658621
8.5,-54.825887,0.1447913875,0.5067668001,0.370941668,0,-19.35023025,15.11371537,-0.1316660994
8.51,-54.78184971,0.1452280195,0.5063599103,0.3711684825,0,-19.50194222,15.18080376,-0.1184549118
8.52,-54.73708871,0.1456711363,0.5059508275,0.3713964497,0,-19.65669859,15.24879226,-0.1050266121
8.53,-54.69158441,0.1461209061,0.5055395041,0.3716255953,0,-19.8145944,15.31770491,-0.09137532196
8.54,-54.64531654,0.1465775027,0.5051258909,0.3718559458,0,-19.97572848,15.3875666,-0.07749496323
8.55,-54.59826417,0.1470411055,0.5047099373,0.3720875285,0,-20.14020361,15.45840308,-0.06337925009
8.56,-54.5504056,0.1475118998,0.504291591,0.3723203715,0,-20.30812666,15.53024105,-0.0490216801
8.57,-54.50171842,0.1479900772,0.5038707983,0.3725545036,0,-20.47960887,15.60310818,-0.03441552507
8.58,-54.4521794,0.1484758358,0.5034475034,0.3727899547,0,-20.65476601,15.67703314,-0.0195538214
8.59,-54.40176453,0.1489693802,0.5030216491,0.3730267555,0,-20.83371861,15.75204565,-0.004429359921
8.6,-54.35044892,0.1494709223,0.5025931762,0.3732649375,0,-21.01659223,15.82817655,0.01096532478
8.61,-54.29820678,0.149980681,0.5021620235,0.3735045334,0,-21.20351767,15.90545782,0.02663796557
8.62,-54.24501142,0.1504988829,0.5017281281,0.3737455768,0,-21.39463127,15.98392264,0.04259657459
8.63,-54.19083515,0.1510257628,0.5012914246,0.3739881023,0,-21.59007515,16.06360549,0.05884945568
8.64,-54.13564927,0.1515615632,0.5008518459,0.3742321456,0,-21.78999757,16.14454213,0.0754052175
8.65,-54.07942404,0.1521065358,0.5004093223,0.3744777437,0,-21.9945532,16.22676972,0.09227278729
8.66,-54.02212858,0.1526609408,0.4999637818,0.3747249345,0,-22.20390347,16.31032688,0.1094614255
8.67,-53.96373086,0.1532250482,0.4995151501,0.3749737573,0,-22.41821693,16.39525375,0.1269807409
8.68,-53.90419764,0.1537991376,0.4990633502,0.3752242527,0,-22.63766964,16.48159206,0.144840707
8.69,-53.8434944,0.1543834989,0.4986083025,0.3754764626,0,-22.86244555,16.56938522,0.1630516792
8.7,-53.78158529,0.1549784326,0.4981499246,0.3757304301,0,-23.09273693,16.65867838,0.1816244124
8.71,-53.71843307,0.1555842505,0.4976881312,0.3759862001,0,-23.32874486,16.74951855,0.2005700804
8.72,-53.65399901,0.1562012762,0.4972228338,0.3762438186,0,-23.57067967,16.84195469,0.2199002958
8.73,-53.58824289,0.1568298453,0.496753941,0.3765033335,0,-23.8187615,16.93603777,0.2396271317
8.74,-53.52112286,0.1574703064,0.4962813578,0.3767647941,0,-24.07322082,17.03182091,0.2597631434
8.75,-53.45259536,0.1581230215,0.4958049858,0.3770282516,0,-24.334299,17.1293595,0.2803213931
8.76,-53.38261509,0.1587883667,0.4953247231,0.3772937588,0,-24.60224899,17.22871129,0.3013154745
8.77,-53.31113487,0.1594667326,0.4948404637,0.3775613705,0,-24.87733595,17.32993651,0.3227595397
8.78,-53.23810557,0.1601585255,0.4943520979,0.3778311433,0,-25.15983794,17.43309804,0.3446683275
8.79,-53.16347602,0.1608641677,0.4938595115,0.3781031359,0,-25.45004674,17.53826152,0.3670571935
8.8,-53.08719286,0.1615840986,0.4933625861,0.3783774093,0,-25.7482686,17.64549554,0.3899421416
8.81,-53.00920047,0.1623187753,0.4928611986,0.3786540263,0,-26.05482516,17.75487173,0.4133398583
8.82,-52.92944084,0.1630686738,0.492355221,0.3789330524,0,-26.37005434,17.866465,0.437267748
8.83,-52.84785343,0.1638342895,0.4918445202,0.3792145555,0,-26.69431135,17.9803537,0.4617439715
8.84,-52.76437505,0.1646161387,0.4913289579,0.3794986057,0,-27.02796974,18.09661982,0.4867874862
8.85,-52.6789397,0.1654147591,0.4908083899,0.3797852763,0,-27.37142258,18.21534916,0.5124180897
8.86,-52.59147845,0.1662307115,0.4902826662,0.3800746429,0,-27.72508362,18.33663161,0.5386564649
8.87,-52.50191923,0.1670645805,0.4897516306,0.3803667844,0,-28.08938866,18.46056136,0.5655242296
8.88,-52.41018671,0.1679169761,0.4892151202,0.3806617826,0,-28.46479692,18.58723714,0.5930439879
8.89,-52.31620205,0.168788535,0.4886729652,0.3809597225,0,-28.85179258,18.71676254,0.6212393858
8.9,-52.21988276,0.1696799217,0.4881249886,0.3812606927,0,-29.25088638,18.84924623,0.6501351705
8.91,-52.12114249,0.1705918304,0.4875710053,0.3815647852,0,-29.66261737,18.98480234,0.6797572533
8.92,-52.01989074,0.1715249866,0.4870108226,0.3818720958,0,-30.08755481,19.12355077,0.710132777
8.93,-51.91603271,0.1724801484,0.4864442386,0.3821827243,0,-30.5263002,19.26561752,0.7412901877
8.94,-51.80946896,0.1734581088,0.4858710427,0.3824967746,0,-30.97948942,19.41113514,0.7732593121
8.95,-51.7000952,0.1744596976,0.4852910144,0.3828143551,0,-31.44779512,19.56024309,0.8060714396
8.96,-51.58780197,0.1754857831,0.4847039232,0.3831355788,0,-31.93192927,19.71308821,0.83975941
8.97,-51.47247431,0.1765372747,0.4841095276,0.3834605634,0,-32.43264584,19.86982521,0.8743577085
8.98,-51.35399145,0.1776151251,0.4835075748,0.3837894319,0,-32.95074383,20.03061717,0.9099025661
8.99,-51.23222644,0.1787203329,0.4828977998,0.3841223128,0,-33.48707044,20.1956361,0.9464320687
9,-51.10704576,0.1798539454,0.4822799245,0.3844593403,0,-34.0425245,20.36506357,0.9839862725
9.01,-50.9783089,0.181017061,0.4816536573,0.3848006545,0,-34.61806029,20.53909134,1.02260733
9.02,-50.84586793,0.1822108331,0.481018692,0.3851464022,0,-35.21469152,20.71792205,1.062339622
9.03,-50.70956698,0.1834364725,0.4803747069,0.3854967369,0,-35.83349578,20.90177002,1.103229905
9.04,-50.56924179,0.1846952519,0.4797213639,0.3858518192,0,-36.47561931,21.09086205,1.145327463
9.05,-50.42471908,0.1859885088,0.479058307,0.3862118174,0,-37.14228212,21.28543833,1.188684277
9.06,-50.27581599,0.1873176502,0.4783851619,0.386576908,0,-37.83478367,21.48575338,1.233355203
9.07,-50.12233944,0.1886841567,0.4777015341,0.386947276,0,-38.55450896,21.69207715,1.279398168
9.08,-49.96408542,0.1900895872,0.4770070078,0.3873231156,0,-39.30293516,21.90469613,1.326874375
9.09,-49.80083822,0.191535584,0.4763011445,0.3877046306,0,-40.08163883,22.12391461,1.375848533
9.1,-49.63236967,0.1930238782,0.4755834814,0.3880920354,0,-40.8923038,22.35005601,1.426389098
9.11,-49.45843821,0.1945562955,0.4748535295,0.3884855551,0,-41.73672972,22.58346441,1.478568537
9.12,-49.27878796,0.1961347627,0.4741107721,0.3888854266,0,-42.6168414,22.82450612,1.532463612
9.13,-49.0931477,0.1977613139,0.4733546626,0.3892918994,0,-43.53469898,23.07357143,1.588155689
9.14,-48.90122977,0.1994380984,0.4725846225,0.3897052363,0,-44.49250904,23.33107656,1.645731069
9.15,-48.70272883,0.201167388,0.4718000389,0.3901257143,0,-45.49263671,23.59746576,1.705281351
9.16,-48.49732058,0.2029515858,0.4710002621,0.3905536255,0,-46.5376189,23.8732136,1.766903825
9.17,-48.28466036,0.2047932353,0.4701846028,0.3909892786,0,-47.63017876,24.15882749,1.830701891
9.18,-48.06438159,0.20669503,0.4693523294,0.3914329994,0,-48.77324147,24.45485048,1.896785524
9.19,-47.83609409,0.2086598241,0.4685026644,0.3918851324,0,-49.9699515,24.76186424,1.965271772
9.2,-47.59938234,0.2106906441,0.4676347814,0.3923460424,0,-51.22369146,25.08049247,2.036285298
9.21,-47.35380342,0.2127907011,0.4667478008,0.3928161152,0,-52.53810277,25.41140455,2.109958974
9.22,-47.09888495,0.2149634041,0.4658407864,0.3932957601,0,-53.91710821,25.75531959,2.186434515
9.23,-46.83412272,0.2172123746,0.4649127405,0.393785411,0,-55.36493654,26.11301088,2.265863183
9.24,-46.55897819,0.2195414623,0.4639625995,0.3942855282,0,-56.88614951,26.4853109,2.348406542
9.25,-46.27287573,0.2219547619,0.4629892287,0.3947966011,0,-58.48567128,26.87311669,2.434237281
9.26,-45.97519961,0.2244566313,0.4619914168,0.3953191498,0,-60.16882063,27.27739594,2.523540117
9.27,-45.66529078,0.2270517116,0.4609678701,0.3958537278,0,-61.94134598,27.69919362,2.616512765
9.28,-45.34244332,0.2297449486,0.4599172062,0.3964009245,0,-63.80946374,28.13963946,2.713367004
9.29,-45.00590056,0.2325416154,0.4588379473,0.3969613682,0,-65.77989989,28.5999561,2.814329833
9.3,-44.65485092,0.2354473378,0.4577285132,0.3975357292,0,-67.8599353,29.08146824,2.919644725
9.31,-44.28842337,0.2384681212,0.4565872136,0.3981247233,0,-70.05745479,29.58561277,3.029572989
9.32,-43.90568247,0.2416103794,0.4554122408,0.3987291151,0,-72.38100029,30.11395007,3.14439526
9.33,-43.50562301,0.2448809659,0.454201661,0.3993497229,0,-74.83982808,30.66817655,3.264413098
9.34,-43.08716424,0.2482872077,0.4529534068,0.3999874225,0,-77.44397033,31.25013864,3.389950729
9.35,-42.64914356,0.251836941,0.4516652684,0.4006431521,0,-80.20430084,31.86184836,3.521356933
9.36,-42.19030978,0.2555385497,0.450334886,0.4013179179,0,-83.13260484,32.50550075,3.659007066
9.37,-41.70931585,0.2594010065,0.448959742,0.4020127998,0,-86.24165259,33.18349321,3.803305246
9.38,-41.20471102,0.2634339165,0.4475371547,0.4027289574,0,-89.54527613,33.8984472,3.954686695
9.39,-40.67493255,0.2676475628,0.4460642728,0.4034676372,0,-93.0584483,34.65323231,4.113620236
9.4,-40.11829684,0.2720529548,0.4445380724,0.4042301798,0,-96.79736272,35.4509933,4.280610949
9.41,-39.53299012,0.2766618781,0.4429553563,0.4050180281,0,-100.7795128,36.29518005,4.456202965
9.42,-38.91705867,0.2814869457,0.4413127577,0.4058327357,0,-105.0237673,37.18958112,4.640982399
9.43,-38.26839875,0.2865416503,0.4396067488,0.4066759765,0,-109.5504382,38.13836102,4.835580374
9.44,-37.58474628,0.2918404156,0.4378336559,0.4075495547,0,-114.3813373,39.14610161,5.040676117
9.45,-36.86366652,0.2973986458,0.4359896829,0.4084554152,0,-119.5398139,40.21784816,5.257000045
9.46,-36.10254406,0.3032327722,0.4340709457,0.4093956552,0,-125.050766,41.35916016,5.485336782
9.47,-35.29857339,0.3093602922,0.4320735186,0.4103725359,0,-130.9406135,42.57616747,5.726527982
9.48,-34.4487506,0.3157998001,0.4299934965,0.4113884948,0,-137.2372207,43.87563188,5.981474821
9.49,-33.54986685,0.3225710033,0.4278270737,0.4124461581,0,-143.9697489,45.26501437,6.251139945
9.5,-32.59850453,0.3296947196,0.4255706432,0.4135483538,0,-151.1684175,46.75254792,6.536548641
9.51,-31.59103704,0.3371928496,0.4232209146,0.4146981238,0,-158.8641451,48.34731569,6.838788889
9.52,-30.52363378,0.3450883139,0.4207750546,0.4158987355,0,-167.0880358,50.0593338,7.159009867
9.53,-29.39227203,0.3534049478,0.4182308437,0.4171536926,0,-175.8706672,51.89963765,7.498418391
9.54,-28.19275795,0.3621673395,0.4155868476,0.4184667437,0,-185.2411296,53.88036963,7.858272614
9.55,-26.92075952,0.3714005993,0.4128425943,0.4198418874,0,-195.225754,56.01486549,8.239872144
9.56,-25.57185469,0.3811300438,0.4099987443,0.4212833751,0,-205.8464624,58.31773494,8.644543593
9.57,-24.14159889,0.3913807783,0.4070572412,0.4227957066,0,-217.1186631,60.80493056,9.073620332
9.58,-22.62561648,0.4021771599,0.4040214226,0.42438362,0,-229.0486203,63.49379699,9.528415055
9.59,-21.01972142,0.4135421241,0.4008960756,0.4260520729,0,-241.6302358,66.40308959,10.01018358
9.6,-19.32007279,0.4254963616,0.3976874184,0.4278062115,0,-254.8412109,69.552949,10.52007816
9.61,-17.5233707,0.4380573368,0.394402999,0.4296513285,0,-268.6386175,72.9648148,11.05908879
9.62,-15.62709698,0.451238148,0.3910515072,0.4315928031,0,-282.9539937,76.66125837,11.6279709
9.63,-13.62980345,0.4650462455,0.3876425076,0.4336360255,0,-297.6882201,80.66571281,12.22715897
9.64,-11.53144646,0.4794820381,0.3841861135,0.4357862995,0,-312.7066102,85.00207677,12.85666606
9.65,-9.333761217,0.4945374449,0.380692629,0.4380487252,0,-327.8348627,89.69417112,13.51597163
9.66,-7.040661206,0.5101944695,0.3771721917,0.4404280597,0,-342.8567486,94.76503283,14.20390164
9.67,-4.658638682,0.526423904,0.3736344484,0.4429285578,0,-357.514592,100.2360415,14.9185084
9.68,-2.197130918,0.5431842845,0.3700882908,0.4455537957,0,-371.5136816,106.1258905,15.65696072
9.69,0.3311935981,0.5604212369,0.3665416681,0.4483064837,0,-384.531635,112.4494392,16.41545808
9.7,2.910282798,0.5780673447,0.3630014818,0.451188277,0,-396.2333588,119.216508,17.18918484
9.71,5.520738502,0.5960426531,0.3594735584,0.4541995948,0,-406.2915426,126.4307099,17.97232155
9.72,8.140093166,0.6142558816,0.3559626868,0.4573394624,0,-414.4116448,134.0884373,18.75812795
9.73,10.74335792,0.63260636,0.3524727036,0.4606053906,0,-420.3591892,142.1781363,19.53910738
9.74,13.30384526,0.6509866323,0.3490066068,0.463993307,0,-423.9861448,150.6799989,20.30725358
9.75,15.79423252,0.6692855973,0.3455666819,0.4674975508,0,-425.2525105,159.5661788,21.05436976
9.76,18.18779265,0.68739199,0.3421546281,0.4711109407,0,-424.2392737,168.8015837,21.7724378
9.77,20.45968394,0.7051979577,0.3387716732,0.4748249149,0,-421.1498113,178.3452289,22.45400518
9.78,22.5881702,0.7226024662,0.3354186756,0.4786297407,0,-416.2984855,188.1520599,23.09255106
9.79,24.55564241,0.7395142854,0.3320962086,0.4825147788,0,-410.0873354,198.1750779,23.68279272
9.8,26.34933491,0.7558543487,0.3288046282,0.4864687853,0,-402.9738592,208.3675578,24.22090047
9.81,27.96166996,0.771557353,0.3255441277,0.4904802285,0,-395.4343914,218.6851307,24.70460099
9.82,29.39021547,0.7865725503,0.3223147781,0.4945375983,0,-387.9281318,229.0875306,25.13316464
9.83,30.63729108,0.8008637629,0.3191165602,0.4986296879,0,-380.8663771,239.539859,25.50728733
9.84,31.70929852,0.8144087239,0.3159493876,0.5027458315,0,-374.5901707,250.0132971,25.82888955
9.85,32.61587512,0.8271978907,0.3128131245,0.5068760886,0,-369.3578217,260.4852722,26.10086254
9.86,33.36897498,0.8392328995,0.3097075981,0.5110113711,0,-365.3420194,270.9391518,26.3267925
9.87,33.98197058,0.8505248245,0.3066326089,0.5151435145,0,-362.6349458,281.3635785,26.51069117
9.88,34.46884638,0.8610923884,0.3035879374,0.5192653011,0,-361.2590403,291.751581,26.65675391
9.89,34.84352958,0.8709602376,0.3005733494,0.5233704421,0,-361.1809019,302.0995873,26.76915888
9.9,35.11937764,0.8801573612,0.2975886,0.5274535296,0,-362.3260908,312.4064491,26.85191329
9.91,35.30882166,0.8887157042,0.2946334368,0.5315099681,0,-364.5931223,322.6725542,26.9087465
9.92,35.42315,0.8966689925,0.2917076019,0.5355358947,0,-367.8655622,332.8990768,26.943045
9.93,35.47240803,0.9040517728,0.2888108338,0.5395280936,0,-372.0216944,343.0873842,26.95782241
9.94,35.46538734,0.9108986517,0.2859428689,0.5434839122,0,-376.9416754,353.2386008,26.9557162
9.95,35.40967819,0.9172437129,0.2831034423,0.5474011811,0,-382.5123822,363.3533143,26.93900346
9.96,35.31176249,0.9231200864,0.2802922887,0.551278142,0,-388.6303246,373.4314028,26.90962875
9.97,35.17712901,0.9285596448,0.277509143,0.5551133819,0,-395.2030494,383.4719562,26.8692387
9.98,35.01039678,0.9335928001,0.2747537409,0.5589057775,0,-402.1494497,393.4732681,26.81921903
9.99,34.81543715,0.9382483818,0.2720258196,0.5626544463,0,-409.399341,403.4328772,26.76073114
10,34.5954882,0.9425535758,0.2693251172,0.5663587064,0,-416.8925928,413.3476394,26.69474646
10.01,34.35325811,0.9465339096,0.266651374,0.570018042,0,-424.5780342,423.2138164,26.62207743
10.02,34.09101578,0.950213271,0.2640043322,0.5736320753,0,-432.4122864,433.0271716,26.54340473
10.03,33.81066874,0.9536139513,0.2613837358,0.5772005437,0,-440.3586226,442.7830656,26.45930062
10.04,33.51382886,0.9567567048,0.2587893312,0.5807232804,0,-448.3859144,452.4765465,26.37024866
10.05,33.20186704,0.9596608181,0.2562208672,0.5842001989,0,-456.4676952,462.1024331,26.27666011
10.06,32.87595824,0.9623441866,0.2536780947,0.5876312806,0,-464.5813513,471.6553882,26.17888747
10.07,32.53711828,0.9648233937,0.2511607674,0.5910165641,0,-472.7074372,481.1299842,26.07723548
10.08,32.18623356,0.9671137907,0.248668641,0.594356137,0,-480.8291067,490.5207587,25.97197007
10.09,31.82408517,0.9692295755,0.2462014741,0.5976501289,0,-488.9316458,499.8222621,25.86332555
10.1,31.45136816,0.9711838697,0.2437590276,0.6008987052,0,-497.0020932,509.0290978,25.75151045
10.11,31.06870701,0.9729887924,0.2413410649,0.6041020629,0,-505.0289349,518.1359562,25.6367121
10.12,30.67666799,0.9746555305,0.2389473522,0.6072604263,0,-513.0018588,527.1376418,25.5191004
10.13,30.27576914,0.976194406,0.236577658,0.6103740436,0,-520.9115598,536.0290969,25.39883074
10.14,29.86648811,0.9776149388,0.2342317534,0.6134431838,0,-528.7495844,544.8054199,25.27604643
10.15,29.44926853,0.9789259055,0.2319094122,0.616468135,0,-536.5082072,553.4618805,25.15088056
10.16,29.02452514,0.9801353956,0.2296104105,0.6194492013,0,-544.1803328,561.9939317,25.02345754
10.17,28.59264783,0.9812508625,0.2273345272,0.6223867016,0,-551.759418,570.3972193,24.89389435
10.18,28.15400496,0.9822791721,0.2250815437,0.6252809678,0,-559.2394092,578.6675892,24.76230149
10.19,27.70894605,0.9832266472,0.2228512437,0.6281323431,0,-566.6146926,586.8010924,24.62878382
10.2,27.25780392,0.9840991092,0.2206434139,0.630941181,0,-573.8800536,594.7939891,24.49344118
10.21,26.80089646,0.9849019166,0.2184578431,0.6337078442,0,-581.0306444,602.642751,24.35636894
10.22,26.33852811,0.9856400006,0.2162943228,0.6364327033,0,-588.0619563,610.3440621,24.21765843
10.23,25.87099101,0.986317898,0.2141526471,0.6391161358,0,-594.9697979,617.8948193,24.0773973
10.24,25.398566,0.9869397818,0.2120326126,0.6417585257,0,-601.7502759,625.2921311,23.9356698
10.25,24.92152346,0.9875094891,0.2099340182,0.6443602621,0,-608.399779,632.5333166,23.79255704
10.26,24.44012397,0.9880305473,0.2078566657,0.6469217389,0,-614.9149637,639.6159026,23.64813719
10.27,23.95461889,0.9885061976,0.205800359,0.6494433538,0,-621.2927425,646.5376215,23.50248567
10.28,23.46525086,0.9889394177,0.2037649049,0.6519255079,0,-627.530272,653.2964074,23.35567526
10.29,22.97225424,0.9893329415,0.2017501123,0.6543686052,0,-633.6249439,659.8903925,23.20777627
10.3,22.47585543,0.9896892783,0.1997557929,0.6567730517,0,-639.574375,666.317903,23.05885663
10.31,21.97627321,0.9900107295,0.1977817607,0.6591392551,0,-645.3763987,672.5774547,22.90898196
10.32,21.47371901,0.990299405,0.1958278323,0.6614676245,0,-651.0290573,678.6677478,22.7582157
10.33,20.96839719,0.9905572377,0.1938938268,0.6637585695,0,-656.5305937,684.5876625,22.60661916
10.34,20.4605052,0.9907859965,0.1919795658,0.6660125003,0,-661.8794446,690.336253,22.45425156
10.35,19.95023384,0.9909872991,0.1900848731,0.668229827,0,-667.0742327,695.9127431,22.30117015
10.36,19.43776741,0.9911626231,0.1882095754,0.6704109593,0,-672.1137602,701.3165198,22.14743022
10.37,18.92328388,0.9913133168,0.1863535016,0.6725563061,0,-676.9970017,706.5471282,21.99308516
10.38,18.40695507,0.9914406082,0.1845164832,0.6746662754,0,-681.723098,711.6042656,21.83818652
10.39,17.88894681,0.9915456143,0.182698354,0.6767412739,0,-686.2913491,716.487776,21.68278404
10.4,17.36941904,0.9916293491,0.1808989506,0.6787817064,0,-690.7012081,721.1976442,21.52692571
10.41,16.84852598,0.9916927308,0.1791181117,0.6807879762,0,-694.952275,725.7339899,21.37065779
10.42,16.32641624,0.991736589,0.1773556787,0.6827604842,0,-699.0442905,730.0970622,21.21402487
10.43,15.803233,0.9917616707,0.1756114956,0.6846996293,0,-702.97713,734.2872339,21.0570699
10.44,15.27911405,0.9917686462,0.1738854085,0.6866058075,0,-706.7507975,738.3049957,20.89983422
10.45,14.75419201,0.9917581142,0.1721772662,0.6884794124,0,-710.36542,742.1509507,20.7423576
10.46,14.22859436,0.9917306069,0.1704869201,0.6903208344,0,-713.8212418,745.8258087,20.58467831
10.47,13.70244363,0.9916865944,0.1688142239,0.6921304611,0,-717.118619,749.3303813,20.42683309
10.48,13.17585747,0.9916264886,0.1671590338,0.6939086767,0,-720.2580136,752.6655756,20.26885724
10.49,12.64894878,0.991550647,0.1655212086,0.6956558622,0,-723.2399887,755.8323902,20.11078464
10.5,12.12182585,0.9914593763,0.1639006094,0.697372395,0,-726.0652032,758.8319088,19.95264776
10.51,11.59459242,0.9913529354,0.1622971,0.6990586489,0,-728.7344064,761.6652964,19.79447773
10.52,11.06734783,0.9912315383,0.1607105465,0.7007149941,0,-731.2484334,764.3337936,19.63630435
10.53,10.54018714,0.9910953567,0.1591408177,0.7023417969,0,-733.6081999,766.838712,19.47815614
10.54,10.01320118,0.9909445226,0.1575877847,0.7039394198,0,-735.8146979,769.1814298,19.32006035
10.55,9.486476738,0.9907791302,0.1560513213,0.7055082211,0,-737.868991,771.3633875,19.16204302
10.56,8.96009661,0.9905992381,0.1545313035,0.7070485553,0,-739.7722099,773.3860829,19.00412898
10.57,8.434139725,0.9904048711,0.1530276103,0.7085607729,0,-741.5255482,775.2510676,18.84634192
10.58,7.908681249,0.990196022,0.1515401226,0.7100452198,0,-743.1302581,776.9599423,18.68870437
10.59,7.383792689,0.9899726528,0.1500687244,0.7115022382,0,-744.5876467,778.5143538,18.53123781
10.6,6.859541992,0.9897346965,0.1486133018,0.7129321656,0,-745.8990719,779.91599,18.3739626
10.61,6.33599365,0.9894820581,0.1471737437,0.7143353357,0,-747.0659386,781.1665776,18.21689809
10.62,5.813208793,0.9892146157,0.1457499412,0.7157120775,0,-748.0896953,782.2678775,18.06006264
10.63,5.291245293,0.988932222,0.1443417883,0.7170627158,0,-748.9718305,783.2216821,17.90347359
10.64,4.770157857,0.9886347044,0.1429491813,0.7183875711,0,-749.7138695,784.029812,17.74714736
10.65,4.24999812,0.9883218668,0.141572019,0.7196869595,0,-750.3173707,784.6941126,17.59109944
10.66,3.730814742,0.9879934897,0.1402102029,0.7209611927,0,-750.7839235,785.2164517,17.43534442
10.67,3.212653494,0.9876493311,0.1388636368,0.7222105782,0,-751.1151442,785.5987161,17.27989605
10.68,2.695557352,0.9872891271,0.1375322273,0.7234354188,0,-751.3126739,785.8428095,17.12476721
10.69,2.17956658,0.9869125927,0.1362158834,0.7246360134,0,-751.3781757,785.9506494,16.96996997
10.7,1.664718817,0.9865194216,0.1349145164,0.725812656,0,-751.3133319,785.9241652,16.81551565
10.71,1.151049163,0.9861092876,0.1336280406,0.7269656368,0,-751.1198414,785.7652953,16.66141475
10.72,0.6385902539,0.9856818441,0.1323563723,0.7280952412,0,-750.7994178,785.4759857,16.50767708
10.73,0.1273723479,0.9852367249,0.1310994308,0.7292017506,0,-750.3537866,785.0581868,16.3543117
10.74,-0.3825766028,0.9847735445,0.1298571376,0.7302854421,0,-749.7846833,784.5138526,16.20132702
10.75,-0.8912308752,0.9842918979,0.1286294168,0.7313465882,0,-749.0938513,783.8449379,16.04873074
10.76,-1.398566903,0.9837913614,0.1274161949,0.7323854576,0,-748.2830398,783.0533971,15.89652993
10.77,-1.904563208,0.9832714924,0.1262174011,0.7334023146,0,-747.354002,782.1411822,15.74473104
10.78,-2.409200329,0.9827318297,0.125032967,0.7343974192,0,-746.3084931,781.1102412,15.5933399
10.79,-2.912460761,0.9821718933,0.1238628264,0.7353710274,0,-745.1482689,779.9625169,15.44236177
10.8,-3.414328892,0.9815911849,0.122706916,0.736323391,0,-743.8750838,778.6999452,15.29180133
10.81,-3.914790937,0.9809891876,0.1215651747,0.7372547579,0,-742.4906893,777.3244535,15.14166272
10.82,-4.413834889,0.9803653663,0.1204375438,0.7381653716,0,-740.9968325,775.8379601,14.99194953
10.83,-4.911450459,0.9797191673,0.119323967,0.7390554719,0,-739.3952545,774.2423724,14.84266486
10.84,-5.407629028,0.9790500185,0.1182243904,0.7399252946,0,-737.6876893,772.539586,14.69381129
10.85,-5.902363593,0.9783573293,0.1171387627,0.7407750713,0,-735.875862,770.7314835,14.54539092
10.86,-6.395648727,0.9776404906,0.1160670345,0.74160503,0,-733.9614877,768.8199336,14.39740538
10.87,-6.887480532,0.9768988747,0.1150091591,0.7424153948,0,-731.9462703,766.80679,14.24985584
10.88,-7.377856601,0.9761318351,0.1139650919,0.7432063858,0,-729.8319011,764.6938904,14.10274302
10.89,-7.866775983,0.9753387067,0.1129347905,0.7439782195,0,-727.6200574,762.4830558,13.9560672
10.9,-8.354239148,0.9745188052,0.1119182148,0.7447311085,0,-725.3124019,760.1760894,13.80982826
10.91,-8.840247955,0.9736714276,0.1109153269,0.745465262,0,-722.9105808,757.774776,13.66402561
10.92,-9.324805634,0.9727958514,0.109926091,0.7461808853,0,-720.4162232,755.2808809,13.51865831
10.93,-9.807916755,0.9718913349,0.1089504734,0.7468781801,0,-717.8309395,752.6961494,13.37372497
10.94,-10.28958721,0.9709571168,0.1079884424,0.7475573447,0,-715.1563209,750.0223059,13.22922384
10.95,-10.76982421,0.9699924164,0.1070399684,0.7482185736,0,-712.3939375,747.2610532,13.08515274
10.96,-11.24863626,0.9689964328,0.1061050237,0.748862058,0,-709.5453376,744.4140717,12.94150912
10.97,-11.72603316,0.967968345,0.1051835824,0.7494879857,0,-706.6120466,741.4830186,12.79829005
10.98,-12.20202598,0.9669073121,0.1042756207,0.7500965409,0,-703.5955657,738.4695274,12.65549221
10.99,-12.67662711,0.9658124723,0.1033811164,0.7506879046,0,-700.4973707,735.3752068,12.51311187
11,-13.14985021,0.9646829432,0.102500049,0.7512622543,0,-697.3189109,732.2016405,12.37114494
11.01,-13.62171028,0.9635178216,0.1016323998,0.7518197642,0,-694.061608,728.9503858,12.22958692
11.02,-14.0922236,0.9623161828,0.1007781516,0.7523606054,0,-690.7268546,725.6229734,12.08843292
11.03,-14.56140783,0.9610770807,0.09993728866,0.7528849456,0,-687.3160133,722.2209063,11.94767765
11.04,-15.02928196,0.9597995475,0.09910979687,0.7533929492,0,-683.8304152,718.7456592,11.80731541
11.05,-15.4958664,0.9584825933,0.09829566338,0.7538847777,0,-680.2713585,715.1986774,11.66734008
11.06,-15.96118298,0.9571252058,0.09749487669,0.7543605892,0,-676.6401074,711.5813763,11.52774511
11.07,-16.42525499,0.9557263499,0.09670742652,0.7548205388,0,-672.9378906,707.8951402,11.3885235
11.08,-16.88810724,0.9542849676,0.09593330376,0.7552647783,0,-669.1659,704.1413219,11.24966783
11.09,-17.34976608,0.9527999772,0.09517250038,0.7556934566,0,-665.325289,700.3212411,11.11117018
11.1,-17.8102595,0.9512702736,0.09442500933,0.7561067195,0,-661.4171714,696.4361841,10.97302215
11.11,-18.26961713,0.9496947271,0.09369082451,0.7565047096,0,-657.4426195,692.4874023,10.83521486
11.12,-18.72787037,0.9480721834,0.09296994063,0.7568875667,0,-653.4026629,688.4761114,10.69773889
11.13,-19.18505239,0.9464014632,0.09226235321,0.7572554274,0,-649.2982865,684.4034906,10.56058428
11.14,-19.64119827,0.9446813614,0.0915680584,0.7576084252,0,-645.1304293,680.2706809,10.42374052
11.15,-20.09634501,0.9429106466,0.09088705302,0.7579466908,0,-640.8999825,676.0787846,10.2871965
11.16,-20.55053168,0.941088061,0.0902193344,0.7582703517,0,-636.607788,671.8288635,10.1509405
11.17,-21.00379947,0.9392123191,0.08956490033,0.7585795325,0,-632.2546364,667.5219384,10.01496016
11.18,-21.4561918,0.9372821074,0.08892374901,0.7588743547,0,-627.8412655,663.1589874,9.879242461
11.19,-21.9077544,0.9352960836,0.088295879,0.7591549369,0,-623.3683587,658.7409447,9.74377368
11.2,-22.35853544,0.933252876,0.08768128908,0.7594213945,0,-618.8365426,654.2686994,9.608539367
11.21,-22.80858562,0.9311510825,0.08707997829,0.75967384,0,-614.2463862,649.7430944,9.473524315
11.22,-23.25795827,0.9289892696,0.08649194582,0.7599123828,0,-609.5983981,645.1649246,9.33871252
11.23,-23.70670949,0.9267659718,0.08591719099,0.7601371292,0,-604.8930254,640.5349359,9.204087152
11.24,-24.15489828,0.9244796902,0.08535571318,0.7603481823,0,-600.1306516,635.8538236,9.069630517
11.25,-24.6025866,0.9221288919,0.08480751184,0.7605456423,0,-595.3115951,631.1222312,8.935324019
11.26,-25.04983958,0.9197120082,0.08427258644,0.760729606,0,-590.4361072,626.3407492,8.801148125
11.27,-25.4967256,0.9172274338,0.08375093644,0.7609001673,0,-585.5043704,621.509913,8.66708232
11.28,-25.94331642,0.9146735252,0.08324256131,0.7610574166,0,-580.5164969,616.6302025,8.533105075
11.29,-26.38968733,0.9120485996,0.08274746049,0.7612014412,0,-575.4725269,611.7020398,8.399193802
11.3,-26.83591729,0.9093509329,0.08226563344,0.761332325,0,-570.3724268,606.7257884,8.265324813
11.31,-27.28208907,0.9065787582,0.08179707962,0.7614501487,0,-565.216088,601.7017519,8.131473279
11.32,-27.72828937,0.9037302645,0.08134179854,0.7615549894,0,-560.0033254,596.6301724,7.997613188
11.33,-28.17460898,0.9008035941,0.08089978978,0.7616469209,0,-554.7338759,591.5112293,7.863717305
11.34,-28.62114291,0.8977968411,0.08047105304,0.7617260136,0,-549.4073972,586.3450383,7.729757127
11.35,-29.06799053,0.8947080492,0.08005558819,0.761792334,0,-544.023467,581.1316502,7.59570284
11.36,-29.51525573,0.8915352094,0.07965339534,0.7618459452,0,-538.5815816,575.8710495,7.461523281
11.37,-29.96304701,0.8882762577,0.0792644749,0.7618869068,0,-533.0811554,570.5631541,7.327185896
11.38,-30.41147768,0.8849290728,0.07888882772,0.7619152744,0,-527.5215203,565.2078137,7.192656697
11.39,-30.86066591,0.8814914729,0.07852645509,0.7619310998,0,-521.901925,559.8048093,7.057900226
11.4,-31.31073495,0.8779612139,0.07817735892,0.761934431,0,-516.2215352,554.3538527,6.922879515
11.41,-31.76181316,0.8743359857,0.07784154185,0.7619253121,0,-510.4794334,548.8545858,6.787556051
11.42,-32.21403419,0.8706134096,0.07751900733,0.7619037832,0,-504.6746197,543.3065805,6.651889743
11.43,-32.66753704,0.8667910354,0.0772097598,0.7618698802,0,-498.806012,537.709338,6.515838888
11.44,-33.12246618,0.8628663377,0.0769138048,0.7618236349,0,-492.8724479,532.0622897,6.379360146
11.45,-33.57897162,0.8588367129,0.07663114914,0.761765075,0,-486.8726856,526.3647965,6.242408515
11.46,-34.03720898,0.854699476,0.07636180107,0.7616942238,0,-480.8054065,520.6161503,6.104937307
11.47,-34.49733953,0.8504518564,0.07610577045,0.7616111001,0,-474.6692175,514.8155742,5.96689814
11.48,-34.95953026,0.8460909955,0.0758630689,0.7615157187,0,-468.4626547,508.9622241,5.828240923
11.49,-35.42395381,0.841613942,0.07563371002,0.7614080896,0,-462.1841871,503.0551898,5.688913856
11.5,-35.89078854,0.8370176491,0.07541770958,0.7612882183,0,-455.8322217,497.0934974,5.548863439
11.51,-36.3602184,0.8322989706,0.07521508574,0.7611561059,0,-449.4051091,491.0761117,5.40803448
11.52,-36.83243291,0.8274546578,0.07502585922,0.7610117487,0,-442.9011502,485.001939,5.266370128
11.53,-37.30762698,0.8224813555,0.0748500536,0.7608551384,0,-436.3186046,478.8698306,5.123811907
11.54,-37.78600077,0.8173755998,0.07468769548,0.7606862621,0,-429.6556993,472.6785873,4.98029977
11.55,-38.26775946,0.8121338141,0.07453881476,0.7605051021,0,-422.9106395,466.4269642,4.835772163
11.56,-38.75311294,0.8067523072,0.0744034449,0.760311636,0,-416.0816211,460.1136764,4.690166117
11.57,-39.24227551,0.801227271,0.07428162317,0.7601058368,0,-409.1668446,453.7374059,4.543417348
11.58,-39.73546537,0.7955547784,0.07417339095,0.7598876727,0,-402.1645309,447.2968088,4.39546039
11.59,-40.23290416,0.7897307827,0.07407879397,0.7596571075,0,-395.0729402,440.7905245,4.246228752
11.6,-40.73481633,0.783751117,0.07399788267,0.7594141002,0,-387.8903919,434.2171858,4.095655102
11.61,-41.24142839,0.7776114948,0.0739307125,0.7591586056,0,-380.6152883,427.5754297,3.943671483
11.62,-41.75296808,0.7713075118,0.07387734423,0.7588905739,0,-373.2461407,420.8639109,3.790209575
11.63,-42.26966337,0.7648346487,0.07383784431,0.7586099512,0,-365.7815989,414.081316,3.635200988
11.64,-42.79174131,0.758188276,0.07381228527,0.7583166797,0,-358.2204838,407.2263796,3.478577607
11.65,-43.31942672,0.7513636601,0.07380074606,0.7580106976,0,-350.561824,400.2979028,3.320271985
11.66,-43.85294068,0.7443559718,0.07380331248,0.7576919397,0,-342.8048962,393.2947736,3.160217795
11.67,-44.39249885,0.7371602968,0.0738200776,0.7573603374,0,-334.9492699,386.2159892,2.998350346
11.68,-44.93830949,0.72977165,0.07385114221,0.7570158194,0,-326.9948561,379.0606812,2.834607153
11.69,-45.49057133,0.7221849914,0.07389661529,0.7566583118,0,-318.9419611,371.8281431,2.668928602
11.7,-46.0494711,0.7143952472,0.07395661447,0.7562877384,0,-310.7913447,364.5178608,2.501258671
11.71,-46.61518083,0.7063973338,0.07403126657,0.7559040219,0,-302.544283,357.1295456,2.331545752
11.72,-47.18785482,0.6981861873,0.07412070808,0.7555070837,0,-294.202636,349.6631704,2.159743555
11.73,-47.76762632,0.6897567978,0.07422508572,0.755096845,0,-285.7689196,342.1190087,1.985812104
11.74,-48.35460389,0.6811042493,0.07434455692,0.7546732273,0,-277.2463815,334.4976769,1.809718833
11.75,-48.94886739,0.6722237668,0.07447929039,0.7542361535,0,-268.639081,326.8001793,1.631439784
11.76,-49.55046367,0.6631107693,0.07462946657,0.7537855483,0,-259.9519707,319.0279557,1.450960899
11.77,-50.15940196,0.6537609317,0.07479527813,0.7533213397,0,-251.1909809,311.1829326,1.268279412
11.78,-50.77564888,0.6441702539,0.07497693037,0.7528434594,0,-242.3631031,303.267575,1.083405335
11.79,-51.39912324,0.63433514,0.07517464158,0.7523518447,0,-233.4764727,295.2849416,0.8963630268
11.8,-52.02969055,0.6242524855,0.07538864326,0.7518464387,0,-224.5404474,287.23874,0.7071928342
11.81,-52.66715737,0.6139197753,0.07561918025,0.7513271927,0,-215.5656794,279.1333824,0.5159527899
11.82,-53.31126554,0.6033351907,0.07586651067,0.7507940665,0,-206.564178,270.9740407,0.3227203384
11.83,-53.96168645,0.5924977272,0.0761309057,0.7502470305,0,-197.5493589,262.7666996,0.1275940663
11.84,-54.61801535,0.5814073208,0.07641264903,0.7496860669,0,-188.5360772,254.5182054,-0.06930460384
11.85,-55.279766,0.5700649834,0.07671203613,0.7491111712,0,-179.5406373,246.2363104,-0.2678297986
11.86,-55.9463657,0.5584729461,0.07702937306,0.7485223538,0,-170.5807783,237.9297094,-0.4678097099
11.87,-56.61715101,0.5466348073,0.07736497501,0.7479196413,0,-161.6756276,229.6080666,-0.6690453038
11.88,-57.29136429,0.534555685,0.07771916429,0.7473030785,0,-152.8456185,221.2820307,-0.8713092865
11.89,-57.96815134,0.5222423688,0.07809226793,0.7466727296,0,-144.1123682,212.9632356,-1.074345403
11.9,-58.64656049,0.5097034686,0.07848461467,0.7460286794,0,-135.4985119,204.6642831,-1.277868147
11.91,-59.32554318,0.4969495548,0.07889653148,0.7453710352,0,-127.0274904,196.3987076,-1.481562953
11.92,-60.00395654,0.483993285,0.07932833946,0.7446999275,0,-118.7232903,188.1809168,-1.685086961
11.93,-60.68056806,0.4708495112,0.0797803492,0.7440155116,0,-110.610137,180.0261104,-1.888070417
11.94,-61.35406255,0.45753536,0.0802528556,0.7433179679,0,-102.7121447,171.9501719,-2.090118765
11.95,-62.02305161,0.4440702805,0.08074613222,0.7426075031,0,-95.05292824,163.9695351,-2.290815484
11.96,-62.68608562,0.4304760515,0.08126042522,0.7418843502,0,-87.65518612,156.1010251,-2.489725687
11.97,-63.34166823,0.416776742,0.08179594701,0.7411487689,0,-80.54026563,148.3616739,-2.686400469
11.98,-63.98827324,0.4029986199,0.08235286977,0.7404010455,0,-73.72772531,140.7685149,-2.880381971
11.99,-64.6243636,0.3891700033,0.08293131898,0.739641492,0,-67.23491041,133.338359,-3.07120908
12,-65.24841216,0.3753210535,0.08353136718,0.7388704459,0,-61.07655971,126.0875581,-3.258423648
12.01,-65.85892361,0.3614835071,0.0841530282,0.7380882683,0,-55.26446184,119.0317619,-3.441577084
12.02,-66.45445709,0.3476903528,0.08479625197,0.7372953428,0,-49.80717846,112.1856754,-3.620237126
12.03,-67.03364863,0.3339754556,0.0854609203,0.7364920739,0,-44.7098496,105.5628251,-3.793994589
12.04,-67.59523288,0.3203731376,0.08614684363,0.735678884,0,-39.97409275,99.17534273,-3.962469864
12.05,-68.13806311,0.3069177271,0.08685375912,0.734856212,0,-35.59800275,93.03377273,-4.125318932
12.06,-68.66112892,0.2936430885,0.08758133004,0.7340245097,0,-31.57625409,87.14691282,-4.282238676
12.07,-69.16357103,0.280582148,0.08832914663,0.7331842395,0,-27.90030154,81.52169213,-4.432971308
12.08,-69.64469244,0.2677664311,0.08909672842,0.7323358713,0,-24.55866933,76.16309203,-4.577307733
12.09,-70.10396586,0.2552256281,0.08988352794,0.7314798794,0,-21.53731442,71.07411191,-4.715089759
12.1,-70.54103695,0.2429872008,0.09068893577,0.7306167393,0,-18.82004548,66.25578036,-4.846211086
12.11,-70.95572359,0.231076044,0.09151228672,0.7297469251,0,-16.38897712,61.70721018,-4.970617078
12.12,-71.34801127,0.2195142115,0.09235286694,0.7288709064,0,-14.2249981,57.42569355,-5.088303381
12.13,-71.71804493,0.2083207128,0.09320992179,0.7279891454,0,-12.3082332,53.40683225,-5.199313478
12.14,-72.06611779,0.1975113838,0.09408266405,0.7271020948,0,-10.61848066,49.64469661,-5.303735338
12.15,-72.39265778,0.1870988319,0.09497028245,0.7262101954,0,-9.135610387,46.13200592,-5.401697335
12.16,-72.69821206,0.1770924505,0.09587195008,0.7253138743,0,-7.839911928,42.86032292,-5.493363617
12.17,-72.98343042,0.1674984989,0.09678683254,0.7244135429,0,-6.712385397,39.82025515,-5.578929127
12.18,-73.24904821,0.1583202378,0.09771409563,0.7235095961,0,-5.734972468,37.00165636,-5.658614464
12.19,-73.49586916,0.1495581117,0.0986529124,0.7226024109,0,-4.890727974,34.393822,-5.732660748
12.2,-73.72474884,0.1412099681,0.09960246954,0.7216923457,0,-4.163935546,31.98567405,-5.801324651
12.21,-73.93657897,0.1332713025,0.1005619728,0.7207797401,0,-3.540172805,29.76593116,-5.864873692
12.22,-74.13227307,0.12573552,0.1015306519,0.7198649144,0,-3.006332942,27.72326164,-5.92358192
12.23,-74.31275338,0.1185942049,0.102507764,0.7189481697,0,-2.550610218,25.84641751,-5.977726015
12.24,-74.47893957,0.1118373888,0.1034925972,0.7180297883,0,-2.162456936,24.12434908,-6.027581871
12.25,-74.63173888,0.1054538129,0.1044844722,0.7171100337,0,-1.832519124,22.54630006,-6.073421664
12.26,-74.772038,0.09943117718,0.1054827445,0.7161891515,0,-1.552557448,21.10188408,-6.1155114
12.27,-74.90069642,0.09375637352,0.1064868046,0.71526737,0,-1.315359007,19.78114381,-6.154108926
12.28,-75.01854124,0.0884157004,0.1074960791,0.7143449007,0,-1.114644742,18.5745942,-6.189462372
12.29,-75.12636328,0.08339505646,0.1085100296,0.7134219392,0,-0.9449762019,17.47325173,-6.221808983
12.3,-75.22491435,0.07868011303,0.1095281531,0.712498666,0,-0.8016645501,16.46865142,-6.251374304
12.31,-75.31490555,0.07425646521,0.1105499805,0.7115752475,0,-0.680683876,15.55285346,-6.278371664
12.32,-75.39700641,0.07010976234,0.1115750757,0.7106518367,0,-0.5785902217,14.71844118,-6.303001924
12.33,-75.47184479,0.06622581874,0.1126030341,0.7097285741,0,-0.4924471524,13.95851212,-6.325453438
12.34,-75.54000731,0.06259070603,0.1136334814,0.7088055884,0,-0.4197582683,13.26666352,-6.345902193
12.35,-75.60204029,0.05919082879,0.1146660719,0.7078829976,0,-0.3584067154,12.63697364,-6.364512088
12.36,-75.6584511,0.05601298486,0.1157004867,0.7069609097,0,-0.3066015055,12.06398005,-6.381435331
12.37,-75.70970968,0.05304441221,0.1167364325,0.7060394232,0,-0.2628302875,11.54265585,-6.396812903
12.38,-75.75625031,0.05027282386,0.1177736393,0.7051186281,0,-0.225818107,11.06838457,-6.410775092
12.39,-75.79847353,0.04768643245,0.1188118595,0.7041986066,0,-0.1944916269,10.6369346,-6.423442059
12.4,-75.83674809,0.04527396589,0.1198508661,0.7032794335,0,-0.1679482671,10.24443342,-6.434924427
12.41,-75.87141291,0.04302467548,0.1208904508,0.7023611768,0,-0.1454297173,9.887342329,-6.445323872
12.42,-75.90277908,0.04092833768,0.1219304232,0.7014438985,0,-0.1262993053,9.562431764,-6.454733723
12.43,-75.93113178,0.03897525063,0.1229706091,0.700527655,0,-0.1100227325,9.266757621,-6.463239535
12.44,-75.95673218,0.0371562264,0.1240108493,0.6996124976,0,-0.09615173248,8.997638633,-6.470919655
12.45,-75.97981921,0.03546257976,0.1250509982,0.6986984726,0,-0.08431024794,8.752634977,-6.477845764
12.46,-76.00061129,0.03388611437,0.1260909231,0.6977856224,0,-0.07418276889,8.529528149,-6.484083387
12.47,-76.01930795,0.03241910681,0.1271305028,0.6968739852,0,-0.06550451516,8.326302141,-6.489692384
12.48,-76.03609135,0.03105428909,0.1281696266,0.6959635957,0,-0.05805318699,8.141125925,-6.494727404
12.49,-76.05112772,0.02978483025,0.1292081939,0.6950544854,0,-0.05164204422,7.972337201,-6.499238317
12.5,-76.0645687,0.02860431708,0.1302461126,0.6941466827,0,-0.04611410763,7.818427395,-6.503270611
12.51,-76.07655254,0.02750673464,0.131283299,0.6932402134,0,-0.04133730564,7.67802783,-6.506865761
12.52,-76.08720527,0.02648644667,0.1323196768,0.6923351008,0,-0.03720041564,7.549897031,-6.51006158
12.53,-76.09664175,0.02553817603,0.1333551764,0.6914313658,0,-0.03360967194,7.432909085,-6.512892526
12.54,-76.10496668,0.02465698559,0.1343897346,0.6905290274,0,-0.03048593209,7.326042997,-6.515390003
12.55,-76.11227541,0.02383825937,0.1354232936,0.6896281028,0,-0.02776231016,7.228372968,-6.517582624
12.56,-76.11865486,0.02307768439,0.1364558009,0.6887286073,0,-0.02538220035,7.139059538,-6.519496458
12.57,-76.1241842,0.02237123298,0.1374872088,0.6878305548,0,-0.02329762624,7.057341515,-6.521155259
12.58,-76.12893557,0.02171514588,0.1385174737,0.6869339578,0,-0.0214678619,6.982528641,-6.52258067
12.59,-76.1329747,0.02110591594,0.139546556,0.6860388273,0,-0.01985827951,6.913994928,-6.523792409
12.6,-76.13636149,0.02054027262,0.1405744198,0.6851451734,0,-0.01843938598,6.851172607,-6.524808448
12.61,-76.13915055,0.0200151672,0.1416010322,0.684253005,0,-0.01718601689,6.793546638,-6.525645165
12.62,-76.14139162,0.01952775875,0.1426263634,0.68336233,0,-0.01607666181,6.740649742,-6.526317487
12.63,-76.14313009,0.0190754008,0.1436503864,0.6824731554,0,-0.01509289891,6.692057885,-6.526839026
12.64,-76.1444073,0.01865562878,0.1446730765,0.6815854876,0,-0.01421892086,6.647386206,-6.527222189
12.65,-76.14526099,0.01826614809,0.1456944113,0.6806993321,0,-0.01344113681,6.606285314,-6.527478296
12.66,-76.14572556,0.01790482297,0.1467143705,0.6798146937,0,-0.01274783793,6.568437946,-6.527617669
12.67,-76.14583242,0.01756966587,0.1477329356,0.6789315765,0,-0.01212891598,6.533555944,-6.527649727
12.68,-76.14561022,0.0172588276,0.1487500899,0.6780499844,0,-0.01157562628,6.501377509,-6.527583067
12.69,-76.14508512,0.01697058803,0.1497658183,0.6771699205,0,-0.0110803877,6.471664733,-6.527425537
12.7,-76.144281,0.01670334731,0.1507801068,0.6762913875,0,-0.01063661384,6.444201353,-6.527184301
12.71,-76.14321967,0.01645561772,0.1517929431,0.6754143876,0,-0.01023857011,6.418790724,-6.526865902
12.72,-76.14192107,0.01622601602,0.1528043158,0.6745389228,0,-0.009881252757,6.395253988,-6.526476321
12.73,-76.1404034,0.01601325626,0.1538142147,0.6736649945,0,-0.009560286235,6.373428415,-6.526021021
12.74,-76.13868331,0.0158161431,0.1548226307,0.6727926042,0,-0.009271835958,6.3531659,-6.525504994
12.75,-76.13677603,0.01563356555,0.1558295555,0.6719217525,0,-0.0090125341,6.334331611,-6.524932809
12.76,-76.13469547,0.01546449109,0.1568349814,0.6710524403,0,-0.008779416331,6.316802754,-6.524308642
12.77,-76.13245438,0.01530796028,0.1578389018,0.670184668,0,-0.008569867816,6.300467463,-6.523636315
12.78,-76.13006441,0.01516308158,0.1588413107,0.6693184356,0,-0.008381577031,6.285223799,-6.522919324
12.79,-76.12753624,0.0150290267,0.1598422027,0.6684537433,0,-0.008212496202,6.270978831,-6.522160873
12.8,-76.12487964,0.01490502608,0.1608415728,0.6675905908,0,-0.008060807364,6.257647814,-6.521363892
12.81,-76.12210356,0.01479036483,0.1618394169,0.6667289777,0,-0.007924893184,6.245153445,-6.520531068
12.82,-76.1192162,0.0146843789,0.162835731,0.6658689036,0,-0.007803311844,6.233425179,-6.519664861
12.83,-76.1162251,0.01458645141,0.1638305119,0.6650103676,0,-0.007694775371,6.222398624,-6.518767529
12.84,-76.11313713,0.01449600944,0.1648237565,0.6641533692,0,-0.007598130922,6.212014975,-6.517841139
12.85,-76.10995863,0.01441252084,0.1658154622,0.6632979072,0,-0.007512344576,6.202220519,-6.516887588
12.86,-76.10669539,0.01433549138,0.1668056269,0.6624439807,0,-0.007436487285,6.192966171,-6.515908618
12.87,-76.10335275,0.01426446207,0.1677942485,0.6615915886,0,-0.007369722673,6.184207064,-6.514905825
12.88,-76.09993558,0.01419900665,0.1687813254,0.6607407297,0,-0.007311296411,6.17590217,-6.513880675
12.89,-76.09644838,0.01413872927,0.1697668562,0.6598914025,0,-0.00726052696,6.168013957,-6.512834515
12.9,-76.09289528,0.01408326233,0.1707508398,0.6590436058,0,-0.007216797484,6.160508084,-6.511768583
12.91,-76.08928005,0.0140322645,0.1717332752,0.6581973381,0,-0.007179548773,6.153353114,-6.510684015
12.92,-76.08560618,0.01398541879,0.1727141616,0.6573525979,0,-0.007148273045,6.146520259,-6.509581854
12.93,-76.08187687,0.01394243089,0.1736934987,0.6565093836,0,-0.007122508491,6.13998315,-6.508463062
12.94,-76.07809507,0.01390302749,0.174671286,0.6556676935,0,-0.00710183449,6.133717625,-6.507328522
12.95,-76.07426348,0.01386695484,0.1756475232,0.6548275261,0,-0.007085867381,6.127701535,-6.506179045
12.96,-76.0703846,0.01383397732,0.1766222103,0.6539888795,0,-0.007074256735,6.121914568,-6.50501538
12.97,-76.06646072,0.01380387614,0.1775953475,0.6531517521,0,-0.007066682052,6.116338094,-6.503838215
12.98,-76.06249394,0.01377644817,0.1785669348,0.652316142,0,-0.007062849837,6.110955019,-6.502648182
12.99,-76.05848622,0.01375150482,0.1795369726,0.6514820473,0,-0.007062491005,6.10574965,-6.501445865
13,-76.05443934,0.01372887096,0.1805054613,0.6506494663,0,-0.007065358564,6.100707578,-6.500231801
13.01,-76.05035495,0.01370838401,0.1814724014,0.649818397,0,-0.007071225563,6.095815567,-6.499006486
13.02,-76.04623458,0.01368989301,0.1824377935,0.6489888375,0,-0.007079883248,6.091061456,-6.497770374
13.03,-76.04207962,0.01367325781,0.1834016382,0.6481607859,0,-0.007091139418,6.086434067,-6.496523887
13.04,-76.03789137,0.01365834826,0.1843639363,0.6473342402,0,-0.007104816955,6.081923121,-6.495267412
13.05,-76.03367102,0.01364504356,0.1853246887,0.6465091984,0,-0.007120752494,6.077519163,-6.494001307
13.06,-76.02941967,0.01363323152,0.1862838961,0.6456856585,0,-0.00713879524,6.073213497,-6.4927259
13.07,-76.02513832,0.01362280801,0.1872415596,0.6448636185,0,-0.007158805891,6.068998115,-6.491441497
13.08,-76.02082792,0.01361367632,0.18819768,0.6440430764,0,-0.007180655674,6.064865647,-6.490148377
13.09,-76.01648933,0.01360574669,0.1891522585,0.6432240302,0,-0.007204225471,6.060809303,-6.488846799
13.1,-76.01212334,0.01359893574,0.1901052961,0.6424064777,0,-0.007229405028,6.05682283,-6.487537003
13.11,-76.00773069,0.01359316611,0.191056794,0.641590417,0,-0.007256092235,6.052900464,-6.486219208
13.12,-76.00331206,0.01358836594,0.1920067532,0.6407758459,0,-0.007284192478,6.049036889,-6.484893619
13.13,-75.99886808,0.01358446852,0.1929551751,0.6399627624,0,-0.007313618044,6.045227207,-6.483560423
13.14,-75.99439931,0.01358141191,0.1939020608,0.6391511643,0,-0.007344287584,6.041466897,-6.482219794
13.15,-75.9899063,0.01357913861,0.1948474116,0.6383410496,0,-0.007376125617,6.037751787,-6.480871891
13.16,-75.98538954,0.01357759523,0.1957912288,0.6375324162,0,-0.007409062086,6.034078028,-6.479516863
13.17,-75.98084949,0.01357673221,0.1967335136,0.636725262,0,-0.007443031943,6.030442064,-6.478154847
13.18,-75.97628656,0.01357650351,0.1976742675,0.6359195848,0,-0.007477974774,6.026840613,-6.476785969
13.19,-75.97170115,0.01357686642,0.1986134918,0.6351153826,0,-0.007513834453,6.02327064,-6.475410345
13.2,-75.96709361,0.01357778126,0.1995511878,0.6343126532,0,-0.007550558828,6.019729344,-6.474028082
13.21,-75.96246427,0.01357921119,0.200487357,0.6335113945,0,-0.007588099427,6.016214132,-6.472639281
13.22,-75.95781344,0.01358112202,0.2014220007,0.6327116044,0,-0.007626411194,6.012722607,-6.471244032
13.23,-75.9531414,0.01358348199,0.2023551204,0.6319132808,0,-0.007665452238,6.009252555,-6.469842421
13.24,-75.94844842,0.01358626164,0.2032867175,0.6311164216,0,-0.007705183612,6.005801925,-6.468434525
13.25,-75.94373472,0.01358943358,0.2042167935,0.6303210245,0,-0.007745569097,6.002368819,-6.467020417
13.26,-75.93900054,0.01359297241,0.2051453499,0.6295270875,0,-0.007786575015,5.998951479,-6.465600163
13.27,-75.93424608,0.01359685454,0.206072388,0.6287346086,0,-0.007828170046,5.995548281,-6.464173825
13.28,-75.92947153,0.01360105806,0.2069979095,0.6279435854,0,-0.007870325065,5.992157718,-6.462741459
13.29,-75.92467706,0.01360556264,0.2079219158,0.627154016,0,-0.007913012988,5.988778394,-6.461303117
13.3,-75.91986283,0.0136103494,0.2088444084,0.6263658982,0,-0.007956208632,5.985409016,-6.459858848
13.31,-75.91502898,0.01361540081,0.2097653887,0.6255792298,0,-0.007999888583,5.982048386,-6.458408695
13.32,-75.91017567,0.01362070059,0.2106848584,0.6247940088,0,-0.008044031074,5.978695393,-6.4569527
13.33,-75.905303,0.01362623364,0.211602819,0.624010233,0,-0.008088615875,5.975349006,-6.455490899
13.34,-75.90041109,0.01363198594,0.212519272,0.6232279003,0,-0.008133624184,5.97200827,-6.454023328
13.35,-75.89550006,0.01363794446,0.2134342188,0.6224470087,0,-0.008179038534,5.9686723,-6.452550017
13.36,-75.89056999,0.01364409712,0.2143476611,0.6216675559,0,-0.0082248427,5.965340272,-6.451070996
13.37,-75.88562097,0.01365043269,0.2152596004,0.6208895399,0,-0.008271021617,5.962011423,-6.449586292
13.38,-75.8806531,0.01365694077,0.2161700383,0.6201129585,0,-0.008317561301,5.958685046,-6.448095929
13.39,-75.87566643,0.01366361168,0.2170789762,0.6193378097,0,-0.008364448776,5.955360483,-6.446599929
13.4,-75.87066104,0.01367043645,0.2179864158,0.6185640913,0,-0.00841167201,5.952037123,-6.445098312
13.41,-75.86563699,0.01367740674,0.2188923586,0.6177918013,0,-0.008459219846,5.9487144,-6.443591097
13.42,-75.86059434,0.01368451484,0.2197968061,0.6170209375,0,-0.008507081949,5.945391787,-6.442078302
13.43,-75.85553313,0.01369175356,0.22069976,0.6162514979,0,-0.008555248751,5.942068796,-6.44055994
13.44,-75.85045343,0.01369911625,0.2216012218,0.6154834803,0,-0.008603711396,5.938744973,-6.439036028
13.45,-75.84535525,0.01370659671,0.222501193,0.6147168827,0,-0.008652461698,5.935419895,-6.437506576
13.46,-75.84023865,0.01371418924,0.2233996752,0.6139517029,0,-0.008701492095,5.932093172,-6.435971596
13.47,-75.83510367,0.01372188849,0.22429667,0.6131879389,0,-0.008750795605,5.928764438,-6.4344311
13.48,-75.82995032,0.01372968953,0.2251921789,0.6124255887,0,-0.008800365794,5.925433356,-6.432885095
13.49,-75.82477863,0.01373758779,0.2260862035,0.61166465,0,-0.008850196734,5.922099612,-6.43133359
13.5,-75.81958864,0.01374557902,0.2269787455,0.6109051209,0,-0.008900282974,5.918762914,-6.429776592
13.51,-75.81438036,0.01375365927,0.2278698062,0.6101469993,0,-0.008950619508,5.915422991,-6.428214108
13.52,-75.80915381,0.0137618249,0.2287593874,0.6093902831,0,-0.009001201744,5.912079592,-6.426646143
13.53,-75.80390901,0.01377007251,0.2296474906,0.6086349702,0,-0.009052025479,5.908732481,-6.425072703
13.54,-75.79864597,0.01377839897,0.2305341173,0.6078810586,0,-0.009103086875,5.905381444,-6.423493791
13.55,-75.7933647,0.01378680135,0.2314192691,0.6071285463,0,-0.009154382431,5.902026276,-6.421909411
13.56,-75.78806522,0.01379527696,0.2323029476,0.6063774311,0,-0.009205908967,5.898666793,-6.420319567
13.57,-75.78274753,0.01380382331,0.2331851544,0.605627711,0,-0.009257663598,5.89530282,-6.41872426
13.58,-75.77741164,0.01381243806,0.234065891,0.604879384,0,-0.009309643718,5.891934197,-6.417123493
13.59,-75.77205756,0.01382111907,0.234945159,0.604132448,0,-0.009361846983,5.888560774,-6.415517267
13.6,-75.76668528,0.01382986436,0.23582296,0.6033869011,0,-0.009414271291,5.885182412,-6.413905583
13.61,-75.76129481,0.01383867209,0.2366992954,0.602642741,0,-0.009466914769,5.881798985,-6.412288442
13.62,-75.75588615,0.01384754054,0.237574167,0.6018999659,0,-0.009519775757,5.878410373,-6.410665845
13.63,-75.7504593,0.01385646814,0.2384475762,0.6011585737,0,-0.009572852796,5.875016466,-6.409037791
13.64,-75.74501426,0.01386545343,0.2393195246,0.6004185623,0,-0.009626144615,5.871617163,-6.407404279
13.65,-75.73955104,0.01387449507,0.2401900138,0.5996799298,0,-0.009679650118,5.868212371,-6.405765311
13.66,-75.73406961,0.01388359181,0.2410590453,0.5989426741,0,-0.009733368372,5.864802004,-6.404120884
13.67,-75.72856999,0.01389274249,0.2419266207,0.5982067932,0,-0.009787298602,5.861385981,-6.402470997
13.68,-75.72305216,0.01390194604,0.2427927415,0.5974722851,0,-0.009841440174,5.857964229,-6.400815649
13.69,-75.71751613,0.0139112015,0.2436574094,0.5967391478,0,-0.009895792593,5.854536681,-6.399154839
13.7,-75.71196188,0.01392050795,0.2445206258,0.5960073793,0,-0.009950355489,5.851103275,-6.397488565
13.71,-75.70638941,0.01392986455,0.2453823924,0.5952769776,0,-0.01000512861,5.847663955,-6.395816824
13.72,-75.70079872,0.01393927054,0.2462427106,0.5945479407,0,-0.01006011182,5.844218669,-6.394139616
13.73,-75.69518979,0.01394872521,0.247101582,0.5938202666,0,-0.01011530509,5.840767369,-6.392456937
13.74,-75.68956262,0.0139582279,0.2479590083,0.5930939533,0,-0.01017070849,5.837310013,-6.390768786
13.75,-75.6839172,0.01396777803,0.2488149908,0.5923689988,0,-0.01022632217,5.833846561,-6.38907516
13.76,-75.67825352,0.01397737502,0.2496695312,0.5916454012,0,-0.01028214637,5.83037698,-6.387376056
13.77,-75.67257157,0.01398701839,0.250522631,0.5909231585,0,-0.01033818144,5.826901236,-6.385671471
13.78,-75.66687135,0.01399670767,0.2513742918,0.5902022686,0,-0.01039442778,5.823419302,-6.383961404
13.79,-75.66115284,0.01400644244,0.2522245151,0.5894827298,0,-0.01045088586,5.819931152,-6.382245851
13.8,-75.65541603,0.01401622231,0.2530733025,0.5887645398,0,-0.01050755623,5.816436765,-6.38052481
13.81,-75.64966092,0.01402604693,0.2539206554,0.5880476969,0,-0.01056443951,5.81293612,-6.378798277
13.82,-75.6438875,0.01403591598,0.2547665755,0.5873321991,0,-0.01062153637,5.809429202,-6.377066249
13.83,-75.63809575,0.01404582917,0.2556110642,0.5866180443,0,-0.01067884754,5.805915994,-6.375328724
13.84,-75.63228566,0.01405578623,0.2564541231,0.5859052307,0,-0.0107363738,5.802396485,-6.373585699
13.85,-75.62645723,0.01406578693,0.2572957538,0.5851937563,0,-0.010794116,5.798870666,-6.37183717
13.86,-75.62061045,0.01407583105,0.2581359578,0.5844836192,0,-0.01085207501,5.795338528,-6.370083134
13.87,-75.61474529,0.0140859184,0.2589747365,0.5837748174,0,-0.01091025177,5.791800064,-6.368323588
13.88,-75.60886177,0.01409604881,0.2598120916,0.583067349,0,-0.01096864725,5.788255272,-6.36655853
13.89,-75.60295985,0.01410622212,0.2606480245,0.582361212,0,-0.01102726247,5.784704147,-6.364787956
13.9,-75.59703954,0.0141164382,0.2614825369,0.5816564046,0,-0.01108609848,5.78114669,-6.363011863
13.91,-75.59110082,0.01412669693,0.2623156301,0.5809529248,0,-0.01114515636,5.777582901,-6.361230247
13.92,-75.58514369,0.0141369982,0.2631473058,0.5802507707,0,-0.01120443726,5.774012781,-6.359443107
13.93,-75.57916813,0.01414734193,0.2639775655,0.5795499403,0,-0.01126394232,5.770436335,-6.357650438
13.94,-75.57317412,0.01415772804,0.2648064106,0.5788504318,0,-0.01132367274,5.766853568,-6.355852237
13.95,-75.56716168,0.01416815646,0.2656338428,0.5781522433,0,-0.01138362973,5.763264484,-6.354048503
13.96,-75.56113077,0.01417862715,0.2664598635,0.5774553728,0,-0.01144381456,5.759669091,-6.35223923
13.97,-75.55508139,0.01418914005,0.2672844742,0.5767598185,0,-0.01150422849,5.756067398,-6.350424418
13.98,-75.54901354,0.01419969515,0.2681076764,0.5760655784,0,-0.01156487283,5.752459414,-6.348604062
13.99,-75.5429272,0.01421029241,0.2689294718,0.5753726507,0,-0.01162574892,5.748845148,-6.34677816
14,-75.53682236,0.01422093182,0.2697498617,0.5746810334,0,-0.01168685809,5.745224613,-6.344946708
14.01,-75.53069902,0.01423161337,0.2705688477,0.5739907248,0,-0.01174820173,5.741597821,-6.343109705
14.02,-75.52455716,0.01424233706,0.2713864313,0.5733017228,0,-0.01180978124,5.737964784,-6.341267147
14.03,-75.51839677,0.01425310291,0.272202614,0.5726140257,0,-0.01187159804,5.734325516,-6.339419031
14.04,-75.51221785,0.01426391092,0.2730173973,0.5719276315,0,-0.01193365357,5.730680032,-6.337565355
14.05,-75.50602039,0.01427476112,0.2738307827,0.5712425384,0,-0.01199594928,5.727028347,-6.335706117
14.06,-75.49980437,0.01428565353,0.2746427718,0.5705587445,0,-0.01205848666,5.723370478,-6.333841312
14.07,-75.4935698,0.01429658818,0.275453366,0.5698762479,0,-0.0121212672,5.719706441,-6.33197094
14.08,-75.48731666,0.01430756511,0.2762625667,0.5691950469,0,-0.01218429243,5.716036253,-6.330094997
14.09,-75.48104494,0.01431858435,0.2770703757,0.5685151394,0,-0.01224756386,5.712359933,-6.328213481
14.1,-75.47475463,0.01432964595,0.2778767942,0.5678365238,0,-0.01231108306,5.7086775,-6.326326389
14.11,-75.46844573,0.01434074996,0.2786818238,0.567159198,0,-0.01237485159,5.704988972,-6.32443372
14.12,-75.46211824,0.01435189642,0.2794854661,0.5664831604,0,-0.01243887102,5.701294369,-6.322535471
14.13,-75.45577213,0.0143630854,0.2802877224,0.565808409,0,-0.01250314296,5.697593711,-6.32063164
14.14,-75.44940741,0.01437431696,0.2810885943,0.565134942,0,-0.01256766901,5.693887021,-6.318722224
14.15,-75.44302407,0.01438559114,0.2818880833,0.5644627575,0,-0.01263245081,5.690174317,-6.316807222
14.16,-75.4366221,0.01439690801,0.2826861909,0.5637918538,0,-0.01269749,5.686455624,-6.314886631
14.17,-75.4302015,0.01440826764,0.2834829185,0.563122229,0,-0.01276278822,5.682730962,-6.31296045
14.18,-75.42376226,0.0144196701,0.2842782677,0.5624538813,0,-0.01282834715,5.679000355,-6.311028677
14.19,-75.41730436,0.01443111546,0.2850722399,0.5617868088,0,-0.01289416847,5.675263825,-6.309091309
14.2,-75.41082782,0.01444260378,0.2858648365,0.5611210098,0,-0.01296025388,5.671521396,-6.307148346
14.21,-75.40433262,0.01445413515,0.2866560592,0.5604564825,0,-0.01302660507,5.667773092,-6.305199786
14.22,-75.39781875,0.01446570963,0.2874459093,0.5597932249,0,-0.01309322378,5.664018938,-6.303245626
14.23,-75.39128622,0.01447732731,0.2882343884,0.5591312353,0,-0.01316011174,5.660258957,-6.301285866
14.24,-75.38473501,0.01448898826,0.2890214979,0.558470512,0,-0.01322727069,5.656493176,-6.299320503
14.25,-75.37816513,0.01450069256,0.2898072393,0.5578110531,0,-0.01329470239,5.652721619,-6.297349538
14.26,-75.37157656,0.01451244029,0.290591614,0.5571528568,0,-0.01336240861,5.648944312,-6.295372967
14.27,-75.3649693,0.01452423153,0.2913746236,0.5564959213,0,-0.01343039113,5.645161281,-6.293390791
14.28,-75.35834336,0.01453606638,0.2921562695,0.5558402448,0,-0.01349865175,5.641372553,-6.291403007
14.29,-75.35169872,0.0145479449,0.2929365532,0.5551858256,0,-0.01356719227,5.637578154,-6.289409616
14.3,-75.34503538,0.01455986719,0.2937154761,0.5545326619,0,-0.01363601451,5.633778111,-6.287410615
14.31,-75.33835335,0.01457183334,0.2944930398,0.5538807518,0,-0.01370512029,5.629972452,-6.285406004
14.32,-75.33165261,0.01458384342,0.2952692456,0.5532300937,0,-0.01377451147,5.626161203,-6.283395783
14.33,-75.32493317,0.01459589752,0.296044095,0.5525806857,0,-0.01384418988,5.622344394,-6.28137995
14.34,-75.31819501,0.01460799574,0.2968175896,0.551932526,0,-0.01391415739,5.618522052,-6.279358504
14.35,-75.31143815,0.01462013816,0.2975897308,0.551285613,0,-0.01398441588,5.614694205,-6.277331446
14.36,-75.30466258,0.01463232487,0.2983605199,0.5506399448,0,-0.01405496723,5.610860882,-6.275298774
14.37,-75.29786829,0.01464455596,0.2991299586,0.5499955197,0,-0.01412581334,5.607022113,-6.273260488
14.38,-75.2910553,0.01465683152,0.2998980482,0.5493523359,0,-0.01419695611,5.603177925,-6.271216589
14.39,-75.28422358,0.01466915164,0.3006647902,0.5487103917,0,-0.01426839746,5.599328349,-6.269167075
14.4,-75.27737315,0.01468151641,0.3014301861,0.5480696853,0,-0.01434013932,5.595473415,-6.267111946
14.41,-75.27050401,0.01469392592,0.3021942372,0.547430215,0,-0.01441218364,5.591613151,-6.265051203
14.42,-75.26361615,0.01470638027,0.3029569452,0.546791979,0,-0.01448453235,5.587747589,-6.262984845
14.43,-75.25670957,0.01471887953,0.3037183113,0.5461549757,0,-0.01455718743,5.583876758,-6.260912872
14.44,-75.24978428,0.01473142382,0.3044783371,0.5455192032,0,-0.01463015085,5.58000069,-6.258835285
14.45,-75.24284028,0.01474401321,0.305237024,0.5448846598,0,-0.01470342459,5.576119415,-6.256752083
14.46,-75.23587756,0.0147566478,0.3059943735,0.5442513439,0,-0.01477701065,5.572232963,-6.254663268
14.47,-75.22889613,0.01476932768,0.306750387,0.5436192536,0,-0.01485091103,5.568341367,-6.25256884
14.48,-75.22189599,0.01478205295,0.3075050659,0.5429883873,0,-0.01492512774,5.564444657,-6.250468798
14.49,-75.21487715,0.01479482369,0.3082584118,0.5423587432,0,-0.01499966283,5.560542866,-6.248363144
14.5,-75.2078396,0.01480764001,0.309010426,0.5417303196,0,-0.01507451831,5.556636024,-6.246251879
14.51,-75.20078334,0.01482050198,0.3097611099,0.5411031149,0,-0.01514969626,5.552724165,-6.244135002
14.52,-75.19370839,0.01483340972,0.3105104651,0.5404771272,0,-0.01522519871,5.54880732,-6.242012516
14.53,-75.18661473,0.0148463633,0.3112584929,0.539852355,0,-0.01530102775,5.544885522,-6.23988442
14.54,-75.17950239,0.01485936281,0.3120051948,0.5392287964,0,-0.01537718546,5.540958803,-6.237750717
14.55,-75.17237135,0.01487240837,0.3127505723,0.5386064498,0,-0.01545367393,5.537027196,-6.235611406
14.56,-75.16522163,0.01488550005,0.3134946267,0.5379853136,0,-0.01553049526,5.533090734,-6.23346649
14.57,-75.15805323,0.01489863795,0.3142373595,0.5373653859,0,-0.01560765158,5.52914945,-6.231315969
14.58,-75.15086615,0.01491182215,0.3149787721,0.5367466651,0,-0.015685145,5.525203377,-6.229159845
14.59,-75.1436604,0.01492505277,0.315718866,0.5361291496,0,-0.01576297766,5.52125255,-6.22699812
14.6,-75.13643598,0.01493832988,0.3164576427,0.5355128376,0,-0.01584115171,5.517297001,-6.224830794
14.61,-75.1291929,0.01495165358,0.3171951034,0.5348977275,0,-0.01591966932,5.513336765,-6.222657871
14.62,-75.12193117,0.01496502396,0.3179312497,0.5342838175,0,-0.01599853264,5.509371876,-6.22047935
14.63,-75.11465078,0.01497844112,0.3186660829,0.5336711061,0,-0.01607774387,5.505402367,-6.218295235
14.64,-75.10735176,0.01499190514,0.3193996046,0.5330595915,0,-0.0161573052,5.501428273,-6.216105527
14.65,-75.1000341,0.01500541613,0.3201318161,0.5324492721,0,-0.01623721883,5.497449629,-6.213910229
14.66,-75.0926978,0.01501897416,0.3208627189,0.5318401461,0,-0.01631748697,5.493466468,-6.211709341
14.67,-75.08534289,0.01503257934,0.3215923143,0.531232212,0,-0.01639811185,5.489478827,-6.209502867
14.68,-75.07796936,0.01504623175,0.3223206038,0.5306254681,0,-0.01647909571,5.48548674,-6.207290809
14.69,-75.07057723,0.01505993149,0.3230475889,0.5300199128,0,-0.01656044081,5.481490242,-6.205073169
14.7,-75.0631665,0.01507367865,0.3237732709,0.5294155442,0,-0.01664214939,5.477489369,-6.20284995
14.71,-75.05573718,0.01508747331,0.3244976512,0.528812361,0,-0.01672422374,5.473484155,-6.200621154
14.72,-75.04828928,0.01510131558,0.3252207314,0.5282103613,0,-0.01680666613,5.469474637,-6.198386783
14.73,-75.04082281,0.01511520554,0.3259425127,0.5276095435,0,-0.01688947887,5.46546085,-6.196146842
14.74,-75.03333777,0.01512914328,0.3266629966,0.527009906,0,-0.01697266425,5.46144283,-6.193901331
14.75,-75.02583419,0.0151431289,0.3273821845,0.5264114472,0,-0.0170562246,5.457420613,-6.191650256
14.76,-75.01831206,0.01515716248,0.3281000779,0.5258141653,0,-0.01714016224,5.453394235,-6.189393617
14.77,-75.0107714,0.01517124411,0.3288166781,0.5252180589,0,-0.01722447953,5.449363733,-6.187131419
14.78,-75.00321222,0.01518537389,0.3295319866,0.5246231262,0,-0.0173091788,5.445329143,-6.184863665
14.79,-74.99563453,0.0151995519,0.3302460048,0.5240293657,0,-0.01739426243,5.441290501,-6.182590358
14.8,-74.98803834,0.01521377824,0.330958734,0.5234367757,0,-0.01747973279,5.437247845,-6.180311502
14.81,-74.98042366,0.01522805299,0.3316701757,0.5228453545,0,-0.01756559228,5.43320121,-6.178027099
14.82,-74.97279051,0.01524237625,0.3323803313,0.5222551006,0,-0.01765184329,5.429150635,-6.175737154
14.83,-74.9651389,0.0152567481,0.3330892022,0.5216660124,0,-0.01773848823,5.425096156,-6.17344167
14.84,-74.95746884,0.01527116863,0.3337967898,0.5210780882,0,-0.01782552953,5.42103781,-6.171140651
14.85,-74.94978034,0.01528563793,0.3345030955,0.5204913265,0,-0.01791296962,5.416975635,-6.168834101
14.86,-74.94207341,0.0153001561,0.3352081207,0.5199057256,0,-0.01800081096,5.412909669,-6.166522024
14.87,-74.93434808,0.01531472321,0.3359118668,0.5193212839,0,-0.018089056,5.408839948,-6.164204424
14.88,-74.92660435,0.01532933935,0.3366143353,0.5187379998,0,-0.01817770721,5.404766511,-6.161881304
14.89,-74.91884223,0.01534400462,0.3373155274,0.5181558718,0,-0.01826676709,5.400689395,-6.15955267
14.9,-74.91106175,0.0153587191,0.3380154447,0.5175748982,0,-0.01835623812,5.396608639,-6.157218525
14.91,-74.90326292,0.01537348287,0.3387140885,0.5169950775,0,-0.01844612282,5.392524281,-6.154878875
14.92,-74.89544574,0.01538829604,0.3394114601,0.516416408,0,-0.01853642371,5.388436358,-6.152533723
14.93,-74.88761025,0.01540315867,0.3401075611,0.5158388881,0,-0.01862714332,5.384344909,-6.150183074
14.94,-74.87975644,0.01541807087,0.3408023928,0.5152625164,0,-0.0187182842,5.380249973,-6.147826932
14.95,-74.87188435,0.01543303271,0.3414959566,0.5146872912,0,-0.0188098489,5.376151587,-6.145465304
14.96,-74.86399398,0.01544804428,0.3421882538,0.5141132109,0,-0.01890184,5.372049792,-6.143098193
14.97,-74.85608535,0.01546310567,0.3428792859,0.5135402739,0,-0.01899426008,5.367944625,-6.140725604
14.98,-74.84815848,0.01547821696,0.3435690543,0.5129684788,0,-0.01908711174,5.363836126,-6.138347543
14.99,-74.84021338,0.01549337824,0.3442575604,0.5123978238,0,-0.01918039758,5.359724332,-6.135964015
15,-74.83225008,0.01550858959,0.3449448055,0.5118283075,0,-0.01927412023,5.355609285,-6.133575024
15.01,-74.82426859,0.0155238511,0.3456307911,0.5112599283,0,-0.01936828232,5.351491022,-6.131180577
15.02,-74.81626893,0.01553916285,0.3463155185,0.5106926846,0,-0.01946288649,5.347369583,-6.128780679
15.03,-74.80825112,0.01555452493,0.3469989891,0.5101265748,0,-0.01955793541,5.343245007,-6.126375335
15.04,-74.80021517,0.01556993742,0.3476812043,0.5095615975,0,-0.01965343175,5.339117334,-6.123964551
15.05,-74.79216111,0.01558540041,0.3483621655,0.508997751,0,-0.01974937819,5.334986604,-6.121548333
15.06,-74.78408896,0.01560091397,0.349041874,0.5084350338,0,-0.01984577743,5.330852856,-6.119126687
15.07,-74.77599872,0.0156164782,0.3497203314,0.5078734444,0,-0.01994263219,5.32671613,-6.116699617
15.08,-74.76789044,0.01563209316,0.3503975388,0.5073129812,0,-0.02003994518,5.322576466,-6.114267132
15.09,-74.75976412,0.01564775895,0.3510734978,0.5067536427,0,-0.02013771914,5.318433903,-6.111829236
15.1,-74.75161979,0.01566347565,0.3517482097,0.5061954272,0,-0.02023595683,5.314288482,-6.109385936
15.11,-74.74345746,0.01567924335,0.3524216759,0.5056383334,0,-0.020334661,5.310140244,-6.106937238
15.12,-74.73527716,0.01569506211,0.3530938977,0.5050823597,0,-0.02043383443,5.305989228,-6.104483148
15.13,-74.72707891,0.01571093202,0.3537648766,0.5045275044,0,-0.02053347992,5.301835474,-6.102023673
15.14,-74.71886273,0.01572685317,0.3544346138,0.5039737662,0,-0.02063360026,5.297679023,-6.09955882
15.15,-74.71062865,0.01574282563,0.3551031109,0.5034211435,0,-0.02073419827,5.293519916,-6.097088595
15.16,-74.70237668,0.01575884949,0.3557703692,0.5028696346,0,-0.02083527678,5.289358193,-6.094613005
15.17,-74.69410686,0.01577492482,0.35643639,0.5023192383,0,-0.02093683863,5.285193895,-6.092132057
15.18,-74.68581919,0.0157910517,0.3571011747,0.5017699528,0,-0.02103888668,5.281027062,-6.089645757
15.19,-74.67751371,0.01580723022,0.3577647247,0.5012217767,0,-0.0211414238,5.276857736,-6.087154114
15.2,-74.66919044,0.01582346045,0.3584270414,0.5006747085,0,-0.02124445287,5.272685957,-6.084657133
15.21,-74.66084941,0.01583974247,0.3590881262,0.5001287466,0,-0.02134797679,5.268511766,-6.082154822
15.22,-74.65249063,0.01585607637,0.3597479803,0.4995838896,0,-0.02145199846,5.264335205,-6.079647189
15.23,-74.64411414,0.0158724622,0.3604066052,0.499040136,0,-0.02155652082,5.260156314,-6.077134241
15.24,-74.63571995,0.01588890007,0.3610640023,0.4984974842,0,-0.0216615468,5.255975134,-6.074615985
15.25,-74.6273081,0.01590539003,0.3617201729,0.4979559328,0,-0.02176707935,5.251791707,-6.072092429
15.26,-74.6188786,0.01592193218,0.3623751184,0.4974154802,0,-0.02187312144,5.247606075,-6.069563581
15.27,-74.61043149,0.01593852658,0.3630288402,0.4968761249,0,-0.02197967604,5.243418278,-6.067029448
15.28,-74.60196679,0.01595517331,0.3636813395,0.4963378655,0,-0.02208674616,5.239228358,-6.064490038
15.29,-74.59348453,0.01597187245,0.3643326179,0.4958007005,0,-0.02219433478,5.235036357,-6.06194536
15.3,-74.58498474,0.01598862408,0.3649826766,0.4952646284,0,-0.02230244495,5.230842316,-6.059395421
15.31,-74.57646743,0.01600542826,0.3656315171,0.4947296476,0,-0.02241107968,5.226646277,-6.056840229
15.32,-74.56793265,0.01602228508,0.3662791406,0.4941957568,0,-0.02252024204,5.222448282,-6.054279794
15.33,-74.55938041,0.01603919461,0.3669255486,0.4936629544,0,-0.02262993508,5.218248372,-6.051714122
15.34,-74.55081074,0.01605615692,0.3675707424,0.4931312389,0,-0.02274016187,5.214046589,-6.049143222
15.35,-74.54222368,0.01607317208,0.3682147233,0.4926006089,0,-0.02285092552,5.209842975,-6.046567104
15.36,-74.53361925,0.01609024017,0.3688574928,0.4920710629,0,-0.02296222912,5.205637572,-6.043985775
15.37,-74.52499748,0.01610736127,0.3694990522,0.4915425994,0,-0.0230740758,5.201430422,-6.041399244
15.38,-74.5163584,0.01612453544,0.3701394028,0.491015217,0,-0.02318646869,5.197221567,-6.03880752
15.39,-74.50770204,0.01614176276,0.3707785461,0.4904889141,0,-0.02329941094,5.19301105,-6.036210613
15.4,-74.49902843,0.0161590433,0.3714164833,0.4899636894,0,-0.0234129057,5.188798911,-6.03360853
15.41,-74.4903376,0.01617637713,0.3720532158,0.4894395414,0,-0.02352695617,5.184585195,-6.03100128
15.42,-74.48162958,0.01619376432,0.372688745,0.4889164685,0,-0.02364156552,5.180369942,-6.028388874
15.43,-74.4729044,0.01621120494,0.3733230723,0.4883944694,0,-0.02375673697,5.176153195,-6.025771321
15.44,-74.46416209,0.01622869907,0.3739561989,0.4878735426,0,-0.02387247373,5.171934996,-6.023148628
15.45,-74.45540269,0.01624624677,0.3745881263,0.4873536866,0,-0.02398877904,5.167715388,-6.020520807
15.46,-74.44662622,0.01626384811,0.3752188558,0.4868348999,0,-0.02410565615,5.163494414,-6.017887866
15.47,-74.43783272,0.01628150316,0.3758483888,0.4863171812,0,-0.02422310833,5.159272115,-6.015249816
15.48,-74.42902222,0.016299212,0.3764767265,0.485800529,0,-0.02434113884,5.155048534,-6.012606665
15.49,-74.42019474,0.01631697468,0.3771038705,0.4852849419,0,-0.024459751,5.150823714,-6.009958423
15.5,-74.41135034,0.01633479128,0.3777298219,0.4847704183,0,-0.0245789481,5.146597697,-6.007305101
15.51,-74.40248903,0.01635266186,0.3783545822,0.4842569569,0,-0.02469873347,5.142370526,-6.004646708
15.52,-74.39361085,0.0163705865,0.3789781527,0.4837445563,0,-0.02481911044,5.138142243,-6.001983255
15.53,-74.38471584,0.01638856525,0.3796005347,0.4832332149,0,-0.02494008237,5.133912892,-5.999314751
15.54,-74.37580402,0.01640659819,0.3802217297,0.4827229314,0,-0.02506165264,5.129682514,-5.996641207
15.55,-74.36687544,0.01642468537,0.3808417389,0.4822137043,0,-0.02518382461,5.125451153,-5.993962632
15.56,-74.35793013,0.01644282687,0.3814605637,0.4817055322,0,-0.02530660169,5.121218852,-5.991279038
15.57,-74.34896812,0.01646102276,0.3820782055,0.4811984136,0,-0.02542998729,5.116985652,-5.988590435
15.58,-74.33998944,0.01647927309,0.3826946655,0.4806923472,0,-0.02555398484,5.112751597,-5.985896833
15.59,-74.33099414,0.01649757792,0.3833099452,0.4801873316,0,-0.02567859779,5.10851673,-5.983198243
15.6,-74.32198225,0.01651593733,0.3839240459,0.4796833652,0,-0.02580382958,5.104281094,-5.980494676
15.61,-74.31295381,0.01653435138,0.3845369689,0.4791804467,0,-0.0259296837,5.100044731,-5.977786143
15.62,-74.30390884,0.01655282013,0.3851487156,0.4786785747,0,-0.02605616363,5.095807684,-5.975072653
15.63,-74.2948474,0.01657134364,0.3857592872,0.4781777478,0,-0.02618327288,5.091569997,-5.972354219
15.64,-74.28576951,0.01658992197,0.3863686853,0.4776779644,0,-0.02631101497,5.087331711,-5.969630852
15.65,-74.27667521,0.01660855519,0.386976911,0.4771792234,0,-0.02643939343,5.083092871,-5.966902562
15.66,-74.26756454,0.01662724335,0.3875839658,0.4766815231,0,-0.02656841181,5.078853519,-5.964169361
15.67,-74.25843754,0.01664598652,0.3881898509,0.4761848623,0,-0.02669807367,5.074613698,-5.961431261
15.68,-74.24929424,0.01666478476,0.3887945678,0.4756892395,0,-0.02682838261,5.07037345,-5.958688271
15.69,-74.24013468,0.01668363813,0.3893981177,0.4751946534,0,-0.0269593422,5.06613282,-5.955940405
15.7,-74.23095891,0.01670254668,0.390000502,0.4747011024,0,-0.02709095607,5.06189185,-5.953187674
15.71,-74.22176696,0.01672151048,0.390601722,0.4742085853,0,-0.02722322785,5.057650582,-5.950430088
15.72,-74.21255887,0.01674052958,0.3912017791,0.4737171006,0,-0.02735616117,5.053409061,-5.947667661
15.73,-74.20333468,0.01675960404,0.3918006745,0.4732266469,0,-0.0274897597,5.049167328,-5.944900404
15.74,-74.19409443,0.01677873393,0.3923984098,0.4727372229,0,-0.0276240271,5.044925427,-5.942128328
15.75,-74.18483815,0.01679791929,0.3929949861,0.4722488272,0,-0.02775896707,5.040683401,-5.939351446
15.76,-74.1755659,0.01681716018,0.3935904048,0.4717614583,0,-0.02789458332,5.036441294,-5.93656977
15.77,-74.16627771,0.01683645666,0.3941846672,0.4712751149,0,-0.02803087956,5.032199147,-5.933783312
15.78,-74.15697361,0.01685580878,0.3947777747,0.4707897957,0,-0.02816785953,5.027957004,-5.930992084
15.79,-74.14765366,0.01687521661,0.3953697286,0.4703054991,0,-0.02830552699,5.023714908,-5.928196098
15.8,-74.13831789,0.01689468019,0.3959605303,0.4698222239,0,-0.0284438857,5.019472902,-5.925395368
15.81,-74.12896635,0.01691419958,0.396550181,0.4693399687,0,-0.02858293945,5.015231029,-5.922589904
15.82,-74.11959907,0.01693377482,0.3971386821,0.468858732,0,-0.02872269204,5.010989332,-5.919779721
15.83,-74.1102161,0.01695340599,0.397726035,0.4683785126,0,-0.02886314729,5.006747854,-5.91696483
15.84,-74.10081748,0.01697309312,0.3983122409,0.4678993091,0,-0.02900430902,5.002506637,-5.914145245
15.85,-74.09140326,0.01699283628,0.3988973012,0.46742112,0,-0.02914618109,4.998265726,-5.911320977
15.86,-74.08197347,0.0170126355,0.3994812172,0.466943944,0,-0.02928876736,4.994025162,-5.90849204
15.87,-74.07252816,0.01703249085,0.4000639902,0.4664677798,0,-0.02943207171,4.989784989,-5.905658447
15.88,-74.06306737,0.01705240237,0.4006456217,0.465992626,0,-0.02957609803,4.98554525,-5.902820211
15.89,-74.05359115,0.01707237012,0.4012261128,0.4655184812,0,-0.02972085025,4.981305987,-5.899977345
15.9,-74.04409954,0.01709239414,0.4018054649,0.4650453441,0,-0.02986633228,4.977067243,-5.897129863
15.91,-74.03459259,0.01711247448,0.4023836794,0.4645732133,0,-0.03001254807,4.972829062,-5.894277776
15.92,-74.02507033,0.0171326112,0.4029607576,0.4641020874,0,-0.03015950159,4.968591485,-5.891421099
15.93,-74.01553282,0.01715280434,0.4035367007,0.4636319652,0,-0.03030719681,4.964354557,-5.888559846
15.94,-74.0059801,0.01717305394,0.4041115102,0.4631628452,0,-0.03045563772,4.960118319,-5.885694029
15.95,-73.99641221,0.01719336006,0.4046851873,0.4626947261,0,-0.03060482834,4.955882815,-5.882823662
15.96,-73.9868292,0.01721372274,0.4052577334,0.4622276066,0,-0.03075477268,4.951648086,-5.87994876
15.97,-73.97723111,0.01723414203,0.4058291498,0.4617614852,0,-0.0309054748,4.947414177,-5.877069334
15.98,-73.967618,0.01725461797,0.4063994378,0.4612963608,0,-0.03105693875,4.943181129,-5.8741854
15.99,-73.95798991,0.01727515061,0.4069685987,0.4608322318,0,-0.0312091686,4.938948985,-5.871296972
16,-73.94834687,0.01729574,0.4075366339,0.460369097,0,-0.03136216844,4.934717788,-5.868404062
16.01,-73.93868895,0.01731638617,0.4081035446,0.4599069551,0,-0.03151594239,4.93048758,-5.865506686
16.02,-73.92901619,0.01733708918,0.4086693322,0.4594458047,0,-0.03167049457,4.926258404,-5.862604857
16.03,-73.91932863,0.01735784905,0.409233998,0.4589856444,0,-0.03182582911,4.922030303,-5.859698589
16.04,-73.90962632,0.01737866585,0.4097975434,0.458526473,0,-0.03198195018,4.917803319,-5.856787897
16.05,-73.89990931,0.0173995396,0.4103599696,0.4580682891,0,-0.03213886194,4.913577494,-5.853872794
16.06,-73.89017765,0.01742047035,0.410921278,0.4576110914,0,-0.03229656859,4.909352871,-5.850953296
16.07,-73.88043139,0.01744145815,0.4114814698,0.4571548785,0,-0.03245507433,4.905129491,-5.848029417
16.08,-73.87067057,0.01746250302,0.4120405464,0.4566996491,0,-0.03261438339,4.900907399,-5.845101171
16.09,-73.86089524,0.01748360502,0.4125985092,0.4562454019,0,-0.03277450001,4.896686635,-5.842168573
16.1,-73.85110546,0.01750476418,0.4131553593,0.4557921356,0,-0.03293542843,4.892467242,-5.839231638
16.11,-73.84130126,0.01752598054,0.4137110982,0.4553398488,0,-0.03309717294,4.888249263,-5.836290379
16.12,-73.83148271,0.01754725413,0.4142657271,0.4548885403,0,-0.03325973782,4.884032738,-5.833344813
16.13,-73.82164984,0.017568585,0.4148192474,0.4544382086,0,-0.03342312738,4.879817712,-5.830394953
16.14,-73.81180272,0.01758997318,0.4153716604,0.4539888526,0,-0.03358734594,4.875604224,-5.827440815
16.15,-73.80194138,0.01761141871,0.4159229674,0.4535404709,0,-0.03375239784,4.871392319,-5.824482415
16.16,-73.79206589,0.01763292162,0.4164731696,0.4530930621,0,-0.03391828743,4.867182036,-5.821519766
16.17,-73.78217628,0.01765448196,0.4170222685,0.452646625,0,-0.03408501909,4.862973419,-5.818552884
16.18,-73.77227261,0.01767609975,0.4175702652,0.4522011582,0,-0.03425259721,4.85876651,-5.815581784
16.19,-73.76235494,0.01769777502,0.4181171613,0.4517566604,0,-0.03442102619,4.854561349,-5.812606481
16.2,-73.75242331,0.01771950782,0.4186629578,0.4513131304,0,-0.03459031045,4.850357979,-5.809626992
16.21,-73.74247777,0.01774129818,0.4192076562,0.4508705669,0,-0.03476045443,4.846156442,-5.806643331
16.22,-73.73251838,0.01776314613,0.4197512577,0.4504289684,0,-0.03493146259,4.841956779,-5.803655513
16.23,-73.72254518,0.01778505169,0.4202937637,0.4499883338,0,-0.0351033394,4.837759031,-5.800663555
16.24,-73.71255824,0.01780701491,0.4208351755,0.4495486617,0,-0.03527608935,4.833563241,-5.797667471
16.25,-73.70255759,0.01782903581,0.4213754943,0.4491099508,0,-0.03544971694,4.829369449,-5.794667278
16.26,-73.6925433,0.01785111442,0.4219147215,0.4486721998,0,-0.0356242267,4.825177697,-5.791662991
16.27,-73.68251542,0.01787325078,0.4224528584,0.4482354075,0,-0.03579962317,4.820988027,-5.788654626
16.28,-73.672474,0.01789544491,0.4229899063,0.4477995725,0,-0.03597591091,4.816800479,-5.785642199
16.29,-73.66241909,0.01791769684,0.4235258665,0.4473646936,0,-0.03615309448,4.812615096,-5.782625726
16.3,-73.65235074,0.01794000659,0.4240607402,0.4469307694,0,-0.03633117848,4.808431917,-5.779605222
16.31,-73.64226901,0.01796237421,0.4245945289,0.4464977987,0,-0.03651016751,4.804250984,-5.776580704
16.32,-73.63217396,0.0179847997,0.4251272338,0.4460657802,0,-0.03669006619,4.800072338,-5.773552188
16.33,-73.62206563,0.01800728311,0.4256588562,0.4456347126,0,-0.03687087918,4.79589602,-5.77051969
16.34,-73.61194409,0.01802982445,0.4261893973,0.4452045946,0,-0.03705261112,4.791722071,-5.767483226
16.35,-73.60180938,0.01805242375,0.4267188586,0.4447754249,0,-0.03723526668,4.787550532,-5.764442813
16.36,-73.59166155,0.01807508103,0.4272472413,0.4443472022,0,-0.03741885056,4.783381443,-5.761398466
16.37,-73.58150068,0.01809779632,0.4277745467,0.4439199254,0,-0.03760336747,4.779214844,-5.758350203
16.38,-73.5713268,0.01812056964,0.4283007761,0.443493593,0,-0.03778882213,4.775050778,-5.755298039
16.39,-73.56113997,0.01814340101,0.4288259308,0.4430682038,0,-0.03797521928,4.770889283,-5.752241992
16.4,-73.55094026,0.01816629046,0.4293500121,0.4426437566,0,-0.03816256368,4.766730401,-5.749182077
16.41,-73.54072771,0.01818923801,0.4298730213,0.44222025,0,-0.0383508601,4.762574172,-5.746118312
16.42,-73.53050238,0.01821224367,0.4303949596,0.4417976829,0,-0.03854011334,4.758420635,-5.743050713
16.43,-73.52026432,0.01823530748,0.4309158285,0.4413760538,0,-0.0387303282,4.754269832,-5.739979297
16.44,-73.5100136,0.01825842943,0.4314356292,0.4409553616,0,-0.0389215095,4.750121802,-5.73690408
16.45,-73.49975026,0.01828160957,0.4319543629,0.440535605,0,-0.0391136621,4.745976586,-5.733825079
16.46,-73.48947438,0.0183048479,0.4324720311,0.4401167827,0,-0.03930679085,4.741834222,-5.730742313
16.47,-73.47918599,0.01832814445,0.4329886349,0.4396988935,0,-0.03950090062,4.737694752,-5.727655796
16.48,-73.46888516,0.01835149922,0.4335041756,0.4392819361,0,-0.03969599631,4.733558215,-5.724565547
16.49,-73.45857194,0.01837491224,0.4340186546,0.4388659091,0,-0.03989208282,4.72942465,-5.721471582
16.5,-73.44824639,0.01839838352,0.4345320732,0.4384508115,0,-0.04008916509,4.725294097,-5.718373918
16.51,-73.43790858,0.01842191308,0.4350444326,0.4380366419,0,-0.04028724805,4.721166596,-5.715272573
16.52,-73.42755855,0.01844550093,0.4355557342,0.437623399,0,-0.04048633666,4.717042186,-5.712167565
16.53,-73.41719636,0.01846914709,0.4360659791,0.4372110816,0,-0.04068643591,4.712920907,-5.709058909
16.54,-73.40682208,0.01849285156,0.4365751688,0.4367996884,0,-0.04088755077,4.708802797,-5.705946624
16.55,-73.39643575,0.01851661437,0.4370833045,0.4363892182,0,-0.04108968627,4.704687896,-5.702830726
16.56,-73.38603745,0.01854043552,0.4375903875,0.4359796698,0,-0.04129284743,4.700576243,-5.699711234
16.57,-73.37562722,0.01856431503,0.4380964191,0.4355710418,0,-0.04149703929,4.696467876,-5.696588165
16.58,-73.36520512,0.01858825291,0.4386014005,0.4351633331,0,-0.0417022669,4.692362835,-5.693461536
16.59,-73.35477122,0.01861224916,0.4391053331,0.4347565423,0,-0.04190853536,4.688261159,-5.690331365
16.6,-73.34432557,0.0186363038,0.4396082181,0.4343506683,0,-0.04211584974,4.684162885,-5.68719767
16.61,-73.33386822,0.01866041683,0.4401100569,0.4339457098,0,-0.04232421517,4.680068054,-5.684060467
16.62,-73.32339925,0.01868458827,0.4406108507,0.4335416655,0,-0.04253363676,4.675976702,-5.680919776
16.63,-73.31291871,0.01870881812,0.4411106008,0.4331385343,0,-0.04274411966,4.671888869,-5.677775613
16.64,-73.30242666,0.01873310639,0.4416093085,0.4327363147,0,-0.04295566903,4.667804593,-5.674627997
16.65,-73.29192315,0.01875745308,0.442106975,0.4323350058,0,-0.04316829004,4.663723912,-5.671476945
16.66,-73.28140825,0.0187818582,0.4426036017,0.431934606,0,-0.04338198788,4.659646864,-5.668322475
16.67,-73.27088202,0.01880632176,0.4430991899,0.4315351144,0,-0.04359676778,4.655573488,-5.665164605
16.68,-73.26034451,0.01883084376,0.4435937408,0.4311365295,0,-0.04381263494,4.65150382,-5.662003353
16.69,-73.24979579,0.0188554242,0.4440872556,0.4307388502,0,-0.04402959461,4.647437899,-5.658838738
16.7,-73.23923592,0.01888006309,0.4445797358,0.4303420753,0,-0.04424765206,4.643375762,-5.655670777
16.71,-73.22866496,0.01890476043,0.4450711825,0.4299462034,0,-0.04446681255,4.639317447,-5.652499488
16.72,-73.21808297,0.01892951623,0.4455615971,0.4295512335,0,-0.04468708138,4.635262992,-5.64932489
16.73,-73.20749,0.01895433047,0.4460509808,0.4291571641,0,-0.04490846386,4.631212434,-5.646147
16.74,-73.19688613,0.01897920317,0.4465393349,0.4287639942,0,-0.0451309653,4.627165809,-5.642965838
16.75,-73.1862714,0.01900413432,0.4470266607,0.4283717225,0,-0.04535459106,4.623123156,-5.63978142
16.76,-73.17564589,0.01902912392,0.4475129595,0.4279803477,0,-0.04557934647,4.619084511,-5.636593767
16.77,-73.16500965,0.01905417198,0.4479982325,0.4275898687,0,-0.04580523693,4.615049912,-5.633402895
16.78,-73.15436274,0.01907927848,0.448482481,0.4272002842,0,-0.04603226781,4.611019394,-5.630208823
16.79,-73.14370524,0.01910444343,0.4489657063,0.4268115929,0,-0.04626044453,4.606992995,-5.627011571
16.8,-73.13303718,0.01912966682,0.4494479097,0.4264237938,0,-0.0464897725,4.602970751,-5.623811155
16.81,-73.12235865,0.01915494865,0.4499290924,0.4260368855,0,-0.04672025717,4.598952699,-5.620607596
16.82,-73.1116697,0.01918028892,0.4504092558,0.4256508668,0,-0.04695190398,4.594938875,-5.617400911
16.83,-73.1009704,0.01920568761,0.450888401,0.4252657365,0,-0.0471847184,4.590929315,-5.614191119
16.84,-73.09026079,0.01923114472,0.4513665294,0.4248814934,0,-0.04741870592,4.586924056,-5.610978238
16.85,-73.07954096,0.01925666026,0.4518436423,0.4244981362,0,-0.04765387205,4.582923133,-5.607762287
16.86,-73.06881095,0.0192822342,0.4523197408,0.4241156639,0,-0.0478902223,4.578926582,-5.604543286
16.87,-73.05807084,0.01930786653,0.4527948264,0.4237340751,0,-0.0481277622,4.57493444,-5.601321252
16.88,-73.04732068,0.01933355727,0.4532689002,0.4233533686,0,-0.04836649731,4.570946742,-5.598096205
16.89,-73.03656054,0.01935930638,0.4537419635,0.4229735432,0,-0.04860643318,4.566963523,-5.594868163
16.9,-73.02579048,0.01938511386,0.4542140176,0.4225945978,0,-0.04884757541,4.562984819,-5.591637145
16.91,-73.01501057,0.01941097971,0.4546850638,0.4222165311,0,-0.04908992958,4.559010665,-5.58840317
16.92,-73.00422085,0.0194369039,0.4551551034,0.4218393418,0,-0.04933350131,4.555041096,-5.585166256
16.93,-72.99342141,0.01946288643,0.4556241375,0.4214630289,0,-0.04957829623,4.551076148,-5.581926424
16.94,-72.9826123,0.01948892729,0.4560921675,0.421087591,0,-0.04982431999,4.547115855,-5.578683691
16.95,-72.97179359,0.01951502646,0.4565591947,0.420713027,0,-0.05007157823,4.543160252,-5.575438077
16.96,-72.96096534,0.01954118392,0.4570252203,0.4203393357,0,-0.05032007664,4.539209375,-5.572189601
16.97,-72.95012761,0.01956739967,0.4574902455,0.4199665159,0,-0.05056982091,4.535263256,-5.568938282
16.98,-72.93928046,0.01959367368,0.4579542717,0.4195945664,0,-0.05082081674,4.531321932,-5.565684138
16.99,-72.92842397,0.01962000595,0.4584173001,0.4192234859,0,-0.05107306985,4.527385436,-5.56242719
17,-72.91755819,0.01964639644,0.4588793319,0.4188532733,0,-0.05132658598,4.523453802,-5.559167456
17.01,-72.90668318,0.01967284516,0.4593403685,0.4184839273,0,-0.05158137089,4.519527065,-5.555904955
17.02,-72.89579902,0.01969935207,0.4598004111,0.4181154469,0,-0.05183743034,4.515605258,-5.552639707
17.03,-72.88490577,0.01972591716,0.4602594609,0.4177478307,0,-0.0520947701,4.511688416,-5.54937173
17.04,-72.87400348,0.0197525404,0.4607175192,0.4173810776,0,-0.05235339599,4.507776572,-5.546101045
17.05,-72.86309223,0.01977922179,0.4611745874,0.4170151865,0,-0.05261331381,4.503869759,-5.542827669
17.06,-72.85217208,0.01980596129,0.4616306666,0.416650156,0,-0.05287452939,4.499968012,-5.539551624
17.07,-72.84124309,0.01983275889,0.462085758,0.416285985,0,-0.05313704857,4.496071362,-5.536272927
17.08,-72.83030533,0.01985961456,0.4625398631,0.4159226724,0,-0.05340087721,4.492179845,-5.532991598
17.09,-72.81935886,0.01988652828,0.462992983,0.4155602169,0,-0.05366602118,4.488293492,-5.529707658
17.1,-72.80840375,0.01991350003,0.4634451189,0.4151986173,0,-0.05393248637,4.484412336,-5.526421124
17.11,-72.79744005,0.01994052978,0.4638962722,0.4148378725,0,-0.05420027867,4.480536411,-5.523132016
17.12,-72.78646785,0.01996761751,0.4643464441,0.4144779813,0,-0.05446940402,4.476665749,-5.519840355
17.13,-72.7754872,0.01999476319,0.4647956358,0.4141189424,0,-0.05473986833,4.472800383,-5.516546159
17.14,-72.76449816,0.02002196679,0.4652438487,0.4137607548,0,-0.05501167755,4.468940345,-5.513249448
17.15,-72.7535008,0.02004922829,0.4656910839,0.4134034171,0,-0.05528483764,4.465085666,-5.509950241
17.16,-72.74249519,0.02007654766,0.4661373427,0.4130469283,0,-0.05555935458,4.461236381,-5.506648558
17.17,-72.73148139,0.02010392487,0.4665826264,0.4126912872,0,-0.05583523435,4.457392519,-5.503344418
17.18,-72.72045947,0.02013135989,0.4670269362,0.4123364925,0,-0.05611248296,4.453554114,-5.500037841
17.19,-72.70942949,0.02015885269,0.4674702734,0.4119825431,0,-0.05639110643,4.449721197,-5.496728847
17.2,-72.69839152,0.02018640324,0.4679126393,0.4116294378,0,-0.05667111077,4.445893799,-5.493417455
17.21,-72.68734562,0.02021401151,0.468354035,0.4112771755,0,-0.05695250205,4.442071953,-5.490103685
17.22,-72.67629186,0.02024167746,0.4687944619,0.4109257549,0,-0.05723528632,4.438255689,-5.486787557
17.23,-72.6652303,0.02026940107,0.4692339211,0.4105751749,0,-0.05751946964,4.434445038,-5.483469089
17.24,-72.65416101,0.0202971823,0.469672414,0.4102254343,0,-0.05780505812,4.430640032,-5.480148302
17.25,-72.64308405,0.02032502112,0.4701099418,0.409876532,0,-0.05809205784,4.426840702,-5.476825215
17.26,-72.6319995,0.02035291748,0.4705465057,0.4095284667,0,-0.05838047492,4.423047078,-5.473499849
17.27,-72.62090741,0.02038087136,0.470982107,0.4091812373,0,-0.0586703155,4.419259191,-5.470172223
17.28,-72.60980785,0.02040888272,0.4714167469,0.4088348426,0,-0.0589615857,4.415477071,-5.466842356
17.29,-72.59870089,0.02043695153,0.4718504267,0.4084892815,0,-0.05925429169,4.41170075,-5.463510268
17.3,-72.5875866,0.02046507773,0.4722831477,0.4081445528,0,-0.05954843963,4.407930256,-5.460175979
17.31,-72.57646503,0.02049326131,0.472714911,0.4078006552,0,-0.0598440357,4.404165621,-5.45683951
17.32,-72.56533626,0.0205215022,0.4731457179,0.4074575877,0,-0.0601410861,4.400406874,-5.453500878
17.33,-72.55420035,0.02054980039,0.4735755697,0.4071153491,0,-0.06043959704,4.396654044,-5.450160106
17.34,-72.54305737,0.02057815582,0.4740044676,0.4067739382,0,-0.06073957473,4.392907163,-5.446817211
17.35,-72.53190738,0.02060656846,0.4744324128,0.4064333539,0,-0.0610410254,4.389166258,-5.443472214
17.36,-72.52075045,0.02063503826,0.4748594066,0.4060935949,0,-0.06134395531,4.38543136,-5.440125136
17.37,-72.50958665,0.02066356517,0.4752854503,0.4057546602,0,-0.06164837072,4.381702498,-5.436775995
17.38,-72.49841604,0.02069214917,0.475710545,0.4054165485,0,-0.06195427788,4.377979701,-5.433424811
17.39,-72.48723868,0.0207207902,0.4761346921,0.4050792587,0,-0.0622616831,4.374262997,-5.430071605
17.4,-72.47605465,0.02074948821,0.4765578927,0.4047427896,0,-0.06257059266,4.370552416,-5.426716396
17.41,-72.46486401,0.02077824317,0.476980148,0.4044071402,0,-0.06288101287,4.366847987,-5.423359204
17.42,-72.45366683,0.02080705503,0.4774014595,0.4040723091,0,-0.06319295005,4.363149738,-5.420000049
17.43,-72.44246317,0.02083592373,0.4778218282,0.4037382953,0,-0.06350641053,4.359457697,-5.416638951
17.44,-72.4312531,0.02086484924,0.4782412554,0.4034050977,0,-0.06382140067,4.355771892,-5.41327593
17.45,-72.42003668,0.0208938315,0.4786597423,0.4030727149,0,-0.06413792682,4.352092352,-5.409911005
17.46,-72.40881399,0.02092287046,0.4790772903,0.402741146,0,-0.06445599534,4.348419105,-5.406544197
17.47,-72.39758508,0.02095196608,0.4794939004,0.4024103897,0,-0.06477561262,4.344752178,-5.403175525
17.48,-72.38635003,0.0209811183,0.4799095741,0.4020804449,0,-0.06509678505,4.3410916,-5.39980501
17.49,-72.3751089,0.02101032707,0.4803243124,0.4017513104,0,-0.06541951903,4.337437397,-5.396432671
17.5,-72.36386176,0.02103959235,0.4807381166,0.4014229851,0,-0.06574382098,4.333789597,-5.393058528
17.51,-72.35260867,0.02106891408,0.481150988,0.4010954678,0,-0.06606969732,4.330148227,-5.389682601
17.52,-72.3413497,0.0210982922,0.4815629277,0.4007687575,0,-0.06639715449,4.326513315,-5.38630491
17.53,-72.33008492,0.02112772666,0.4819739371,0.4004428528,0,-0.06672619895,4.322884888,-5.382925475
17.54,-72.31881439,0.02115721741,0.4823840173,0.4001177528,0,-0.06705683715,4.319262971,-5.379544316
17.55,-72.30753818,0.02118676439,0.4827931697,0.3997934561,0,-0.06738907556,4.315647593,-5.376161453
17.56,-72.29625635,0.02121636754,0.4832013953,0.3994699618,0,-0.06772292067,4.312038779,-5.372776905
17.57,-72.28496898,0.02124602682,0.4836086955,0.3991472686,0,-0.06805837896,4.308436555,-5.369390693
17.58,-72.27367612,0.02127574215,0.4840150714,0.3988253754,0,-0.06839545694,4.304840949,-5.366002837
17.59,-72.26237785,0.02130551349,0.4844205243,0.398504281,0,-0.06873416112,4.301251986,-5.362613356
17.6,-72.25107423,0.02133534077,0.4848250555,0.3981839844,0,-0.06907449803,4.297669692,-5.35922227
17.61,-72.23976533,0.02136522394,0.4852286661,0.3978644843,0,-0.0694164742,4.294094093,-5.3558296
17.62,-72.22845122,0.02139516293,0.4856313574,0.3975457796,0,-0.06976009618,4.290525214,-5.352435365
17.63,-72.21713195,0.02142515769,0.4860331306,0.3972278693,0,-0.07010537052,4.286963081,-5.349039585
17.64,-72.2058076,0.02145520814,0.4864339869,0.396910752,0,-0.07045230377,4.28340772,-5.34564228
17.65,-72.19447823,0.02148531424,0.4868339276,0.3965944268,0,-0.07080090253,4.279859155,-5.34224347
17.66,-72.18314392,0.02151547591,0.4872329538,0.3962788924,0,-0.07115117336,4.276317411,-5.338843175
17.67,-72.17180472,0.02154569309,0.4876310668,0.3959641478,0,-0.07150312287,4.272782515,-5.335441415
17.68,-72.1604607,0.02157596573,0.4880282679,0.3956501917,0,-0.07185675765,4.269254489,-5.33203821
17.69,-72.14911193,0.02160629374,0.4884245582,0.3953370231,0,-0.07221208432,4.26573336,-5.328633579
17.7,-72.13775848,0.02163667708,0.4888199389,0.3950246408,0,-0.0725691095,4.262219151,-5.325227543
17.71,-72.1264004,0.02166711566,0.4892144114,0.3947130437,0,-0.07292783982,4.258711887,-5.321820121
17.72,-72.11503778,0.02169760942,0.4896079767,0.3944022306,0,-0.07328828191,4.255211591,-5.318411333
17.73,-72.10367066,0.0217281583,0.4900006362,0.3940922004,0,-0.07365044242,4.251718289,-5.315001199
17.74,-72.09229913,0.02175876223,0.490392391,0.393782952,0,-0.07401432801,4.248232004,-5.311589739
17.75,-72.08092324,0.02178942114,0.4907832423,0.3934744843,0,-0.07437994535,4.244752759,-5.308176973
17.76,-72.06954307,0.02182013495,0.4911731914,0.393166796,0,-0.07474730111,4.241280578,-5.304762921
17.77,-72.05815867,0.0218509036,0.4915622395,0.3928598862,0,-0.07511640196,4.237815485,-5.301347602
17.78,-72.04677012,0.02188172701,0.4919503878,0.3925537536,0,-0.07548725459,4.234357503,-5.297931037
17.79,-72.03537748,0.02191260512,0.4923376376,0.3922483971,0,-0.07585986572,4.230906655,-5.294513244
17.8,-72.02398081,0.02194353784,0.4927239899,0.3919438156,0,-0.07623424203,4.227462964,-5.291094244
17.81,-72.01258019,0.02197452511,0.4931094461,0.3916400079,0,-0.07661039024,4.224026453,-5.287674058
17.82,-72.00117568,0.02200556686,0.4934940074,0.391336973,0,-0.07698831707,4.220597145,-5.284252703
17.83,-71.98976734,0.022036663,0.4938776749,0.3910347097,0,-0.07736802926,4.217175062,-5.280830201
17.84,-71.97835524,0.02206781346,0.4942604499,0.3907332169,0,-0.07774953352,4.213760226,-5.277406571
17.85,-71.96693944,0.02209901817,0.4946423336,0.3904324934,0,-0.07813283661,4.210352661,-5.273981832
17.86,-71.95552002,0.02213027705,0.4950233272,0.3901325382,0,-0.07851794528,4.206952387,-5.270556005
17.87,-71.94409703,0.02216159002,0.4954034319,0.3898333501,0,-0.07890486628,4.203559428,-5.267129109
17.88,-71.93267055,0.022192957,0.4957826489,0.389534928,0,-0.07929360636,4.200173805,-5.263701164
17.89,-71.92124063,0.02222437792,0.4961609794,0.3892372707,0,-0.07968417231,4.196795539,-5.26027219
17.9,-71.90980735,0.02225585269,0.4965384247,0.3889403771,0,-0.0800765709,4.193424652,-5.256842206
17.91,-71.89837077,0.02228738123,0.4969149859,0.3886442462,0,-0.08047080891,4.190061165,-5.253411232
17.92,-71.88693096,0.02231896346,0.4972906642,0.3883488768,0,-0.08086689312,4.1867051,-5.249979287
17.93,-71.87548797,0.02235059931,0.4976654609,0.3880542678,0,-0.08126483032,4.183356478,-5.246546392
17.94,-71.86404188,0.02238228868,0.4980393772,0.387760418,0,-0.08166462733,4.18001532,-5.243112565
17.95,-71.85259276,0.0224140315,0.4984124142,0.3874673263,0,-0.08206629094,4.176681646,-5.239677827
17.96,-71.84114066,0.02244582769,0.4987845732,0.3871749917,0,-0.08246982797,4.173355478,-5.236242197
17.97,-71.82968565,0.02247767714,0.4991558553,0.386883413,0,-0.08287524522,4.170036835,-5.232805695
17.98,-71.8182278,0.02250957979,0.4995262618,0.3865925891,0,-0.08328254952,4.166725738,-5.229368339
17.99,-71.80676717,0.02254153555,0.4998957938,0.3863025188,0,-0.0836917477,4.163422208,-5.22593015
18,-71.79530382,0.02257354432,0.5002644526,0.3860132011,0,-0.08410284659,4.160126264,-5.222491147
18.01,-71.78383783,0.02260560603,0.5006322394,0.3857246348,0,-0.08451585301,4.156837926,-5.21905135
18.02,-71.77236926,0.02263772058,0.5009991553,0.3854368189,0,-0.08493077382,4.153557214,-5.215610778
18.03,-71.76089817,0.02266988789,0.5013652016,0.3851497522,0,-0.08534761586,4.150284148,-5.212169451
18.04,-71.74942462,0.02270210787,0.5017303795,0.3848634335,0,-0.08576638597,4.147018747,-5.208727387
18.05,-71.73794869,0.02273438042,0.5020946901,0.3845778619,0,-0.08618709101,4.14376103,-5.205284607
18.06,-71.72647043,0.02276670546,0.5024581346,0.3842930362,0,-0.08660973783,4.140511017,-5.20184113
18.07,-71.71498991,0.02279908289,0.5028207143,0.3840089552,0,-0.08703433329,4.137268727,-5.198396974
18.08,-71.7035072,0.02283151263,0.5031824304,0.3837256178,0,-0.08746088426,4.134034179,-5.194952161
18.09,-71.69202236,0.02286399458,0.5035432839,0.383443023,0,-0.0878893976,4.13080739,-5.191506708
18.1,-71.68053545,0.02289652864,0.5039032762,0.3831611697,0,-0.08831988019,4.127588381,-5.188060635
18.11,-71.66904654,0.02292911473,0.5042624084,0.3828800567,0,-0.08875233889,4.12437717,-5.184613961
18.12,-71.65755569,0.02296175275,0.5046206817,0.3825996828,0,-0.08918678059,4.121173774,-5.181166706
18.13,-71.64606296,0.02299444261,0.5049780974,0.3823200472,0,-0.08962321216,4.117978212,-5.177718889
18.14,-71.63456843,0.0230271842,0.5053346565,0.3820411485,0,-0.09006164048,4.114790502,-5.174270529
18.15,-71.62307215,0.02305997744,0.5056903602,0.3817629857,0,-0.09050207244,4.111610663,-5.170821646
18.16,-71.61157419,0.02309282222,0.5060452099,0.3814855577,0,-0.09094451492,4.10843871,-5.167372257
18.17,-71.60007461,0.02312571845,0.5063992066,0.3812088634,0,-0.09138897481,4.105274663,-5.163922384
18.18,-71.58857348,0.02315866602,0.5067523515,0.3809329017,0,-0.09183545899,4.102118539,-5.160472044
18.19,-71.57707085,0.02319166485,0.5071046459,0.3806576715,0,-0.09228397437,4.098970355,-5.157021256
18.2,-71.5655668,0.02322471483,0.5074560909,0.3803831716,0,-0.09273452783,4.095830128,-5.153570041
18.21,-71.55406139,0.02325781585,0.5078066876,0.380109401,0,-0.09318712627,4.092697875,-5.150118416
18.22,-71.54255467,0.02329096783,0.5081564374,0.3798363586,0,-0.09364177658,4.089573614,-5.146666401
18.23,-71.53104672,0.02332417065,0.5085053413,0.3795640433,0,-0.09409848565,4.08645736,-5.143214015
18.24,-71.51953759,0.02335742422,0.5088534006,0.379292454,0,-0.09455726039,4.083349131,-5.139761277
18.25,-71.50802735,0.02339072843,0.5092006164,0.3790215895,0,-0.09501810769,4.080248942,-5.136308205
18.26,-71.49651606,0.02342408318,0.5095469899,0.3787514488,0,-0.09548103445,4.077156811,-5.132854819
18.27,-71.48500379,0.02345748836,0.5098925223,0.3784820308,0,-0.09594604756,4.074072754,-5.129401137
18.28,-71.47349059,0.02349094387,0.5102372148,0.3782133343,0,-0.09641315393,4.070996785,-5.125947178
18.29,-71.46197654,0.0235244496,0.5105810685,0.3779453583,0,-0.09688236045,4.067928923,-5.122492962
18.3,-71.45046169,0.02355800546,0.5109240847,0.3776781018,0,-0.09735367401,4.064869181,-5.119038506
18.31,-71.4389461,0.02359161132,0.5112662645,0.3774115635,0,-0.09782710152,4.061817576,-5.11558383
18.32,-71.42742984,0.02362526709,0.511607609,0.3771457424,0,-0.09830264987,4.058774123,-5.112128952
18.33,-71.41591297,0.02365897265,0.5119481195,0.3768806373,0,-0.09878032595,4.055738838,-5.108673891
18.34,-71.40439555,0.02369272791,0.5122877972,0.3766162473,0,-0.09926013666,4.052711736,-5.105218666
18.35,-71.39287765,0.02372653273,0.5126266432,0.3763525712,0,-0.09974208889,4.049692831,-5.101763295
18.36,-71.38135932,0.02376038703,0.5129646586,0.3760896079,0,-0.1002261895,4.046682139,-5.098307797
18.37,-71.36984063,0.02379429069,0.5133018447,0.3758273563,0,-0.1007124455,4.043679675,-5.09485219
18.38,-71.35832164,0.02382824359,0.5136382026,0.3755658154,0,-0.1012008636,4.040685452,-5.091396493
18.39,-71.34680242,0.02386224562,0.5139737336,0.375304984,0,-0.1016914508,4.037699486,-5.087940725
18.4,-71.33528301,0.02389629668,0.5143084387,0.375044861,0,-0.1021842139,4.034721792,-5.084484903
18.41,-71.32376349,0.02393039665,0.5146423191,0.3747854454,0,-0.1026791599,4.031752382,-5.081029047
18.42,-71.31224392,0.02396454541,0.5149753761,0.374526736,0,-0.1031762956,4.028791272,-5.077573175
18.43,-71.30072435,0.02399874286,0.5153076107,0.3742687318,0,-0.1036756279,4.025838475,-5.074117304
18.44,-71.28920485,0.02403298887,0.5156390242,0.3740114317,0,-0.1041771636,4.022894005,-5.070661454
18.45,-71.27768548,0.02406728334,0.5159696178,0.3737548346,0,-0.1046809097,4.019957875,-5.067205643
18.46,-71.26616629,0.02410162614,0.5162993924,0.3734989394,0,-0.1051868729,4.0170301,-5.063749888
18.47,-71.25464736,0.02413601716,0.5166283495,0.3732437451,0,-0.1056950602,4.014110693,-5.060294209
18.48,-71.24312874,0.02417045628,0.51695649,0.3729892504,0,-0.1062054784,4.011199666,-5.056838623
18.49,-71.23161049,0.02420494338,0.5172838153,0.3727354544,0,-0.1067181344,4.008297034,-5.053383148
18.5,-71.22009268,0.02423947836,0.5176103263,0.372482356,0,-0.107233035,4.005402808,-5.049927803
18.51,-71.20857535,0.02427406107,0.5179360244,0.372229954,0,-0.107750187,4.002517002,-5.046472606
18.52,-71.19705858,0.02430869142,0.5182609107,0.3719782474,0,-0.1082695973,3.999639629,-5.043017574
18.53,-71.18554242,0.02434336927,0.5185849862,0.3717272352,0,-0.1087912727,3.996770702,-5.039562727
18.54,-71.17402694,0.02437809451,0.5189082523,0.3714769161,0,-0.1093152201,3.993910232,-5.036108081
18.55,-71.16251218,0.02441286701,0.51923071,0.3712272892,0,-0.1098414463,3.991058231,-5.032653654
18.56,-71.15099822,0.02444768666,0.5195523605,0.3709783534,0,-0.110369958,3.988214713,-5.029199465
18.57,-71.13948511,0.02448255333,0.519873205,0.3707301075,0,-0.1109007622,3.985379689,-5.025745532
18.58,-71.12797291,0.0245174669,0.5201932445,0.3704825505,0,-0.1114338655,3.982553172,-5.022291872
18.59,-71.11646167,0.02455242724,0.5205124804,0.3702356814,0,-0.1119692749,3.979735172,-5.018838502
18.6,-71.10495147,0.02458743423,0.5208309137,0.3699894989,0,-0.1125069971,3.976925702,-5.015385442
18.61,-71.09344236,0.02462248774,0.5211485456,0.3697440021,0,-0.1130470389,3.974124773,-5.011932708
18.62,-71.08193439,0.02465758765,0.5214653772,0.3694991899,0,-0.113589407,3.971332396,-5.008480318
18.63,-71.07042763,0.02469273384,0.5217814098,0.3692550612,0,-0.1141341083,3.968548583,-5.00502829
18.64,-71.05892214,0.02472792618,0.5220966444,0.3690116149,0,-0.1146811495,3.965773345,-5.001576641
18.65,-71.04741796,0.02476316453,0.5224110821,0.36876885,0,-0.1152305373,3.963006693,-4.998125389
18.66,-71.03591517,0.02479844878,0.5227247243,0.3685267653,0,-0.1157822786,3.960248638,-4.994674551
18.67,-71.02441382,0.0248337788,0.5230375719,0.3682853597,0,-0.1163363801,3.957499191,-4.991224146
18.68,-71.01291396,0.02486915444,0.5233496262,0.3680446323,0,-0.1168928484,3.954758361,-4.987774189
18.69,-71.00141566,0.0249045756,0.5236608883,0.367804582,0,-0.1174516903,3.95202616,-4.984324699
18.7,-70.98991898,0.02494004213,0.5239713594,0.3675652076,0,-0.1180129126,3.949302598,-4.980875694
18.71,-70.97842396,0.02497555391,0.5242810405,0.367326508,0,-0.118576522,3.946587685,-4.977427189
18.72,-70.96693068,0.0250111108,0.5245899329,0.3670884823,0,-0.119142525,3.943881432,-4.973979203
18.73,-70.95543918,0.02504671268,0.5248980377,0.3668511293,0,-0.1197109285,3.941183847,-4.970531753
18.74,-70.94394952,0.02508235941,0.525205356,0.366614448,0,-0.1202817392,3.938494942,-4.967084856
18.75,-70.93246176,0.02511805086,0.525511889,0.3663784373,0,-0.1208549636,3.935814726,-4.963638529
18.76,-70.92097596,0.02515378689,0.5258176378,0.3661430961,0,-0.1214306084,3.933143208,-4.960192789
18.77,-70.90949218,0.02518956738,0.5261226036,0.3659084233,0,-0.1220086804,3.930480398,-4.956747653
18.78,-70.89801046,0.02522539218,0.5264267875,0.3656744179,0,-0.1225891861,3.927826305,-4.953303139
18.79,-70.88653088,0.02526126117,0.5267301906,0.3654410788,0,-0.1231721321,3.925180939,-4.949859263
18.8,-70.87505347,0.02529717421,0.5270328142,0.365208405,0,-0.1237575252,3.922544308,-4.946416042
18.81,-70.86357831,0.02533313116,0.5273346593,0.3649763953,0,-0.1243453718,3.919916422,-4.942973493
18.82,-70.85210544,0.02536913189,0.527635727,0.3647450487,0,-0.1249356787,3.917297289,-4.939531633
18.83,-70.84063493,0.02540517625,0.5279360185,0.3645143642,0,-0.1255284523,3.914686918,-4.936090478
18.84,-70.82916682,0.02544126412,0.528235535,0.3642843406,0,-0.1261236992,3.912085318,-4.932650046
18.85,-70.81770118,0.02547739535,0.5285342776,0.3640549769,0,-0.1267214261,3.909492497,-4.929210353
18.86,-70.80623805,0.02551356981,0.5288322474,0.3638262721,0,-0.1273216395,3.906908463,-4.925771416
18.87,-70.7947775,0.02554978736,0.5291294455,0.363598225,0,-0.1279243458,3.904333225,-4.922333251
18.88,-70.78331958,0.02558604785,0.5294258732,0.3633708346,0,-0.1285295516,3.901766791,-4.918895875
18.89,-70.77186435,0.02562235116,0.5297215314,0.3631440998,0,-0.1291372635,3.899209169,-4.915459305
18.9,-70.76041186,0.02565869713,0.5300164214,0.3629180196,0,-0.129747488,3.896660366,-4.912023557
18.91,-70.74896215,0.02569508562,0.5303105443,0.3626925929,0,-0.1303602314,3.894120391,-4.908588646
18.92,-70.7375153,0.0257315165,0.5306039012,0.3624678186,0,-0.1309755003,3.891589251,-4.905154591
18.93,-70.72607136,0.02576798963,0.5308964933,0.3622436958,0,-0.1315933012,3.889066953,-4.901721407
18.94,-70.71463037,0.02580450486,0.5311883216,0.3620202232,0,-0.1322136405,3.886553506,-4.89828911
18.95,-70.70319239,0.02584106204,0.5314793874,0.3617973999,0,-0.1328365246,3.884048915,-4.894857717
18.96,-70.69175748,0.02587766104,0.5317696916,0.3615752248,0,-0.1334619599,3.881553189,-4.891427243
18.97,-70.68032569,0.02591430171,0.5320592356,0.3613536968,0,-0.1340899529,3.879066335,-4.887997706
18.98,-70.66889707,0.02595098391,0.5323480203,0.3611328149,0,-0.1347205099,3.876588358,-4.884569121
18.99,-70.65747168,0.02598770749,0.5326360469,0.360912578,0,-0.1353536373,3.874119267,-4.881141504
19,-70.64604957,0.0260244723,0.5329233166,0.360692985,0,-0.1359893414,3.871659067,-4.877714871
19.01,-70.63463079,0.02606127821,0.5332098305,0.3604740349,0,-0.1366276286,3.869207766,-4.874289238
19.02,-70.62321541,0.02609812506,0.5334955896,0.3602557267,0,-0.1372685052,3.866765369,-4.870864622
19.03,-70.61180346,0.02613501271,0.5337805951,0.3600380592,0,-0.1379119776,3.864331884,-4.867441037
19.04,-70.600395,0.02617194101,0.5340648482,0.3598210315,0,-0.1385580519,3.861907316,-4.8640185
19.05,-70.58899009,0.02620890982,0.5343483499,0.3596046424,0,-0.1392067346,3.859491671,-4.860597027
19.06,-70.57758878,0.02624591898,0.5346311014,0.359388891,0,-0.1398580317,3.857084956,-4.857176633
19.07,-70.56619111,0.02628296834,0.5349131038,0.359173776,0,-0.1405119497,3.854687176,-4.853757334
19.08,-70.55479715,0.02632005777,0.5351943582,0.3589592966,0,-0.1411684946,3.852298337,-4.850339145
19.09,-70.54340694,0.0263571871,0.5354748658,0.3587454516,0,-0.1418276728,3.849918445,-4.846922083
19.1,-70.53202054,0.02639435619,0.5357546275,0.35853224,0,-0.1424894904,3.847547505,-4.843506163
19.11,-70.520638,0.02643156488,0.5360336447,0.3583196608,0,-0.1431539535,3.845185523,-4.840091399
19.12,-70.50925936,0.02646881304,0.5363119183,0.3581077128,0,-0.1438210684,3.842832504,-4.836677809
19.13,-70.49788469,0.0265061005,0.5365894495,0.357896395,0,-0.1444908411,3.840488452,-4.833265406
19.14,-70.48651402,0.02654342711,0.5368662394,0.3576857064,0,-0.1451632778,3.838153374,-4.829854207
19.15,-70.47514742,0.02658079273,0.5371422892,0.357475646,0,-0.1458383845,3.835827275,-4.826444227
19.16,-70.46378493,0.02661819719,0.5374175998,0.3572662126,0,-0.1465161674,3.833510158,-4.82303548
19.17,-70.45242661,0.02665564036,0.5376921726,0.3570574052,0,-0.1471966325,3.831202029,-4.819627983
19.18,-70.4410725,0.02669312206,0.5379660084,0.3568492228,0,-0.1478797858,3.828902893,-4.81622175
19.19,-70.42972265,0.02673064215,0.5382391086,0.3566416643,0,-0.1485656334,3.826612754,-4.812816796
19.2,-70.41837712,0.02676820048,0.5385114741,0.3564347287,0,-0.1492541812,3.824331616,-4.809413137
19.21,-70.40703596,0.02680579689,0.5387831061,0.3562284149,0,-0.1499454352,3.822059484,-4.806010787
19.22,-70.3956992,0.02684343123,0.5390540057,0.3560227219,0,-0.1506394015,3.819796362,-4.802609761
19.23,-70.38436692,0.02688110333,0.539324174,0.3558176486,0,-0.1513360858,3.817542254,-4.799210075
19.24,-70.37303914,0.02691881305,0.5395936121,0.355613194,0,-0.1520354942,3.815297164,-4.795811743
19.25,-70.36171593,0.02695656022,0.5398623211,0.3554093571,0,-0.1527376326,3.813061097,-4.792414779
19.26,-70.35039733,0.0269943447,0.5401303021,0.3552061367,0,-0.1534425067,3.810834055,-4.7890192
19.27,-70.33908339,0.02703216632,0.5403975562,0.3550035319,0,-0.1541501225,3.808616042,-4.785625018
19.28,-70.32777417,0.02707002492,0.5406640846,0.3548015416,0,-0.1548604857,3.806407063,-4.78223225
19.29,-70.3164697,0.02710792035,0.5409298883,0.3546001647,0,-0.1555736023,3.80420712,-4.778840909
19.3,-70.30517004,0.02714585246,0.5411949684,0.3543994002,0,-0.1562894779,3.802016217,-4.775451011
19.31,-70.29387523,0.02718382107,0.5414593261,0.3541992471,0,-0.1570081183,3.799834358,-4.772062568
19.32,-70.28258532,0.02722182603,0.5417229623,0.3539997044,0,-0.1577295293,3.797661545,-4.768675597
19.33,-70.27130037,0.02725986719,0.5419858783,0.3538007709,0,-0.1584537167,3.795497781,-4.765290112
19.34,-70.26002042,0.02729794438,0.5422480751,0.3536024457,0,-0.1591806859,3.793343069,-4.761906126
19.35,-70.24874551,0.02733605744,0.5425095539,0.3534047276,0,-0.1599104428,3.791197413,-4.758523654
19.36,-70.2374757,0.02737420621,0.5427703156,0.3532076157,0,-0.1606429931,3.789060815,-4.75514271
19.37,-70.22621103,0.02741239053,0.5430303615,0.353011109,0,-0.1613783422,3.786933278,-4.751763309
19.38,-70.21495155,0.02745061024,0.5432896926,0.3528152063,0,-0.1621164958,3.784814803,-4.748385465
19.39,-70.2036973,0.02748886518,0.54354831,0.3526199067,0,-0.1628574595,3.782705395,-4.745009191
19.4,-70.19244834,0.02752715518,0.5438062148,0.3524252091,0,-0.1636012388,3.780605054,-4.741634502
19.41,-70.18120471,0.02756548008,0.544063408,0.3522311124,0,-0.1643478392,3.778513784,-4.738261412
19.42,-70.16996645,0.02760383973,0.5443198909,0.3520376157,0,-0.1650972663,3.776431587,-4.734889934
19.43,-70.15873361,0.02764223395,0.5445756644,0.3518447178,0,-0.1658495255,3.774358463,-4.731520083
19.44,-70.14750624,0.02768066258,0.5448307297,0.3516524178,0,-0.1666046222,3.772294417,-4.728151872
19.45,-70.13628438,0.02771912546,0.5450850879,0.3514607147,0,-0.1673625619,3.770239448,-4.724785315
19.46,-70.12506809,0.02775762243,0.54533874,0.3512696073,0,-0.16812335,3.76819356,-4.721420426
19.47,-70.11385739,0.02779615331,0.5455916871,0.3510790946,0,-0.1688869918,3.766156754,-4.718057218
19.48,-70.10265235,0.02783471795,0.5458439304,0.3508891757,0,-0.1696534926,3.764129031,-4.714695705
19.49,-70.091453,0.02787331618,0.5460954708,0.3506998495,0,-0.1704228578,3.762110392,-4.711335901
19.5,-70.0802594,0.02791194783,0.5463463095,0.3505111149,0,-0.1711950927,3.76010084,-4.70797782
19.51,-70.06907158,0.02795061274,0.5465964477,0.3503229709,0,-0.1719702025,3.758100376,-4.704621474
19.52,-70.05788959,0.02798931075,0.5468458862,0.3501354166,0,-0.1727481925,3.756109,-4.701266876
19.53,-70.04671347,0.02802804167,0.5470946264,0.3499484507,0,-0.1735290677,3.754126714,-4.697914042
19.54,-70.03554327,0.02806680536,0.5473426691,0.3497620724,0,-0.1743128335,3.752153519,-4.694562982
19.55,-70.02437904,0.02810560163,0.5475900156,0.3495762806,0,-0.175099495,3.750189416,-4.691213712
19.56,-70.01322081,0.02814443033,0.5478366668,0.3493910742,0,-0.1758890573,3.748234405,-4.687866244
19.57,-70.00206864,0.02818329128,0.5480826239,0.3492064523,0,-0.1766815254,3.746288488,-4.684520591
19.58,-69.99092256,0.02822218432,0.548327888,0.3490224138,0,-0.1774769044,3.744351664,-4.681176767
19.59,-69.97978261,0.02826110928,0.5485724601,0.3488389577,0,-0.1782751994,3.742423935,-4.677834783
19.6,-69.96864885,0.02830006599,0.5488163413,0.3486560829,0,-0.1790764154,3.740505301,-4.674494655
19.61,-69.95752131,0.02833905427,0.5490595326,0.3484737884,0,-0.1798805573,3.738595762,-4.671156393
19.62,-69.94640004,0.02837807397,0.5493020353,0.3482920732,0,-0.18068763,3.736695319,-4.667820012
19.63,-69.93528508,0.02841712491,0.5495438502,0.3481109363,0,-0.1814976385,3.734803972,-4.664485524
19.64,-69.92417647,0.02845620692,0.5497849786,0.3479303767,0,-0.1823105877,3.73292172,-4.661152941
19.65,-69.91307426,0.02849531983,0.5500254215,0.3477503932,0,-0.1831264823,3.731048565,-4.657822277
19.66,-69.90197848,0.02853446347,0.5502651799,0.347570985,0,-0.1839453273,3.729184505,-4.654493544
19.67,-69.89088918,0.02857363766,0.5505042549,0.3473921509,0,-0.1847671274,3.72732954,-4.651166755
19.68,-69.87980641,0.02861284225,0.5507426477,0.34721389,0,-0.1855918874,3.725483672,-4.647841922
19.69,-69.86873019,0.02865207705,0.5509803592,0.3470362012,0,-0.1864196119,3.723646898,-4.644519058
19.7,-69.85766059,0.02869134189,0.5512173905,0.3468590835,0,-0.1872503057,3.721819218,-4.641198176
19.71,-69.84659762,0.02873063661,0.5514537428,0.3466825358,0,-0.1880839735,3.720000633,-4.637879287
19.72,-69.83554135,0.02876996102,0.551689417,0.3465065573,0,-0.1889206198,3.718191141,-4.634562404
19.73,-69.8244918,0.02880931496,0.5519244143,0.3463311468,0,-0.1897602493,3.716390742,-4.63124754
19.74,-69.81344902,0.02884869826,0.5521587357,0.3461563033,0,-0.1906028664,3.714599435,-4.627934706
19.75,-69.80241305,0.02888811074,0.5523923823,0.3459820258,0,-0.1914484759,3.71281722,-4.624623915
19.76,-69.79138393,0.02892755222,0.5526253551,0.3458083133,0,-0.192297082,3.711044094,-4.621315179
19.77,-69.7803617,0.02896702254,0.5528576553,0.3456351647,0,-0.1931486894,3.709280058,-4.61800851
19.78,-69.7693464,0.02900652152,0.5530892838,0.3454625791,0,-0.1940033024,3.707525109,-4.61470392
19.79,-69.75833807,0.02904604898,0.5533202417,0.3452905554,0,-0.1948609254,3.705779248,-4.611401421
19.8,-69.74733675,0.02908560476,0.5535505301,0.3451190927,0,-0.1957215629,3.704042472,-4.608101025
19.81,-69.73634248,0.02912518867,0.5537801501,0.3449481898,0,-0.196585219,3.70231478,-4.604802744
19.82,-69.7253553,0.02916480054,0.5540091027,0.3447778459,0,-0.1974518982,3.700596171,-4.60150659
19.83,-69.71437525,0.0292044402,0.554237389,0.3446080598,0,-0.1983216046,3.698886644,-4.598212574
19.84,-69.70340236,0.02924410747,0.5544650101,0.3444388305,0,-0.1991943425,3.697186196,-4.594920709
19.85,-69.69243668,0.02928380218,0.5546919669,0.3442701571,0,-0.200070116,3.695494826,-4.591631005
19.86,-69.68147825,0.02932352414,0.5549182606,0.3441020385,0,-0.2009489294,3.693812533,-4.588343475
19.87,-69.6705271,0.02936327319,0.5551438922,0.3439344737,0,-0.2018307867,3.692139313,-4.58505813
19.88,-69.65958327,0.02940304914,0.5553688627,0.3437674618,0,-0.2027156921,3.690475166,-4.581774981
19.89,-69.6486468,0.02944285183,0.5555931733,0.3436010016,0,-0.2036036495,3.68882009,-4.578494041
19.9,-69.63771773,0.02948268107,0.5558168249,0.3434350922,0,-0.204494663,3.687174082,-4.575215319
19.91,-69.6267961,0.02952253668,0.5560398187,0.3432697326,0,-0.2053887365,3.685537141,-4.571938829
19.92,-69.61588194,0.0295624185,0.5562621557,0.3431049218,0,-0.206285874,3.683909263,-4.568664581
19.93,-69.60497528,0.02960232633,0.5564838369,0.3429406587,0,-0.2071860794,3.682290447,-4.565392585
19.94,-69.59407618,0.02964226001,0.5567048634,0.3427769423,0,-0.2080893565,3.68068069,-4.562122855
19.95,-69.58318467,0.02968221936,0.5569252362,0.3426137717,0,-0.2089957091,3.67907999,-4.5588554
19.96,-69.57230077,0.02972220419,0.5571449564,0.3424511459,0,-0.2099051411,3.677488345,-4.555590232
19.97,-69.56142454,0.02976221434,0.557364025,0.3422890637,0,-0.2108176562,3.675905751,-4.552327362
19.98,-69.550556,0.02980224961,0.5575824432,0.3421275243,0,-0.2117332581,3.674332206,-4.5490668
19.99,-69.53969519,0.02984230984,0.5578002118,0.3419665265,0,-0.2126519505,3.672767707,-4.545808558
20,-69.52884216,0.02988239484,0.558017332,0.3418060695,0,-0.2135737369,3.671212252,-4.542552647
20.01,-69.51799692,0.02992250444,0.5582338049,0.3416461522,0,-0.2144986211,3.669665837,-4.539299077
20.02,-69.50715953,0.02996263845,0.5584496314,0.3414867736,0,-0.2154266065,3.668128459,-4.536047859
20.03,-69.49633001,0.0300027967,0.5586648126,0.3413279327,0,-0.2163576966,3.666600116,-4.532799004
20.04,-69.48550841,0.030042979,0.5588793496,0.3411696285,0,-0.2172918951,3.665080804,-4.529552523
20.05,-69.47469475,0.03008318518,0.5590932434,0.34101186,0,-0.2182292052,3.66357052,-4.526308426
20.06,-69.46388908,0.03012341506,0.559306495,0.3408546262,0,-0.2191696303,3.662069261,-4.523066724
20.07,-69.45309142,0.03016366846,0.5595191055,0.3406979261,0,-0.2201131739,3.660577023,-4.519827427
20.08,-69.44230182,0.03020394519,0.5597310759,0.3405417587,0,-0.2210598393,3.659093804,-4.516590546
20.09,-69.4315203,0.03024424507,0.5599424072,0.3403861229,0,-0.2220096297,3.657619598,-4.513356091
20.1,-69.42074691,0.03028456793,0.5601531006,0.3402310179,0,-0.2229625484,3.656154404,-4.510124073
20.11,-69.40998167,0.03032491359,0.560363157,0.3400764426,0,-0.2239185985,3.654698217,-4.506894501
20.12,-69.39922462,0.03036528186,0.5605725775,0.3399223959,0,-0.2248777832,3.653251033,-4.503667387
20.13,-69.3884758,0.03040567256,0.560781363,0.339768877,0,-0.2258401057,3.65181285,-4.50044274
20.14,-69.37773523,0.03044608551,0.5609895148,0.3396158848,0,-0.226805569,3.650383662,-4.49722057
20.15,-69.36700296,0.03048652053,0.5611970337,0.3394634183,0,-0.2277741761,3.648963466,-4.494000888
20.16,-69.35627901,0.03052697744,0.5614039208,0.3393114765,0,-0.2287459301,3.647552258,-4.490783704
20.17,-69.34556342,0.03056745605,0.5616101772,0.3391600585,0,-0.2297208338,3.646150034,-4.487569027
20.18,-69.33485623,0.03060795619,0.5618158038,0.3390091631,0,-0.2306988902,3.64475679,-4.484356868
20.19,-69.32415746,0.03064847767,0.5620208017,0.3388587895,0,-0.2316801021,3.643372522,-4.481147237
20.2,-69.31346714,0.03068902031,0.562225172,0.3387089367,0,-0.2326644724,3.641997225,-4.477940143
20.21,-69.30278532,0.03072958393,0.5624289157,0.3385596036,0,-0.2336520039,3.640630895,-4.474735596
20.22,-69.29211202,0.03077016834,0.5626320338,0.3384107893,0,-0.2346426992,3.639273528,-4.471533606
20.23,-69.28144727,0.03081077337,0.5628345273,0.3382624927,0,-0.2356365611,3.637925119,-4.468334182
20.24,-69.27079112,0.03085139882,0.5630363972,0.3381147129,0,-0.2366335922,3.636585664,-4.465137335
20.25,-69.26014358,0.03089204453,0.5632376447,0.3379674489,0,-0.2376337952,3.635255158,-4.461943074
20.26,-69.24950469,0.03093271029,0.5634382706,0.3378206998,0,-0.2386371725,3.633933597,-4.458751408
20.27,-69.23887449,0.03097339594,0.5636382761,0.3376744644,0,-0.2396437267,3.632620975,-4.455562347
20.28,-69.228253,0.03101410128,0.5638376621,0.3375287419,0,-0.2406534603,3.631317288,-4.452375901
20.29,-69.21764026,0.03105482614,0.5640364298,0.3373835312,0,-0.2416663757,3.630022531,-4.449192078
20.3,-69.20703629,0.03109557033,0.56423458,0.3372388314,0,-0.2426824753,3.6287367,-4.446010888
20.31,-69.19644114,0.03113633367,0.5644321139,0.3370946414,0,-0.2437017615,3.627459788,-4.442832341
20.32,-69.18585482,0.03117711597,0.5646290324,0.3369509603,0,-0.2447242364,3.626191792,-4.439656446
20.33,-69.17527737,0.03121791705,0.5648253366,0.3368077872,0,-0.2457499024,3.624932706,-4.436483211
20.34,-69.16470882,0.03125873673,0.5650210275,0.3366651209,0,-0.2467787618,3.623682526,-4.433312646
20.35,-69.1541492,0.03129957481,0.5652161061,0.3365229606,0,-0.2478108165,3.622441244,-4.430144761
20.36,-69.14359854,0.03134043113,0.5654105734,0.3363813053,0,-0.2488460688,3.621208858,-4.426979563
20.37,-69.13305688,0.03138130549,0.5656044305,0.3362401539,0,-0.2498845208,3.61998536,-4.423817063
20.38,-69.12252423,0.03142219771,0.5657976783,0.3360995055,0,-0.2509261744,3.618770746,-4.420657269
20.39,-69.11200063,0.0314631076,0.565990318,0.3359593591,0,-0.2519710316,3.61756501,-4.41750019
20.4,-69.10148611,0.03150403499,0.5661823504,0.3358197138,0,-0.2530190944,3.616368147,-4.414345834
20.41,-69.09098071,0.03154497968,0.5663737766,0.3356805685,0,-0.2540703646,3.615180151,-4.411194212
20.42,-69.08048444,0.0315859415,0.5665645977,0.3355419223,0,-0.2551248441,3.614001017,-4.408045331
20.43,-69.06999733,0.03162692025,0.5667548146,0.3354037742,0,-0.2561825347,3.612830738,-4.4048992
20.44,-69.05951943,0.03166791575,0.5669444284,0.3352661232,0,-0.2572434381,3.61166931,-4.401755828
20.45,-69.04905074,0.03170892782,0.56713344,0.3351289684,0,-0.2583075561,3.610516725,-4.398615223
20.46,-69.03859131,0.03174995627,0.5673218505,0.3349923087,0,-0.2593748901,3.609372979,-4.395477394
20.47,-69.02814117,0.03179100092,0.5675096608,0.3348561432,0,-0.260445442,3.608238065,-4.39234235
20.48,-69.01770033,0.03183206158,0.5676968721,0.334720471,0,-0.2615192132,3.607111978,-4.389210099
20.49,-69.00726883,0.03187313807,0.5678834853,0.334585291,0,-0.2625962052,3.605994711,-4.386080649
20.5,-68.9968467,0.0319142302,0.5680695014,0.3344506023,0,-0.2636764195,3.604886258,-4.382954009
20.51,-68.98643395,0.03195533779,0.5682549214,0.3343164038,0,-0.2647598575,3.603786613,-4.379830186
20.52,-68.97603064,0.03199646065,0.5684397463,0.3341826948,0,-0.2658465206,3.60269577,-4.376709191
20.53,-68.96563677,0.0320375986,0.5686239772,0.334049474,0,-0.26693641,3.601613722,-4.37359103
20.54,-68.95525237,0.03207875144,0.568807615,0.3339167407,0,-0.2680295271,3.600540464,-4.370475711
20.55,-68.94487748,0.032119919,0.5689906607,0.3337844938,0,-0.2691258731,3.599475988,-4.367363244
20.56,-68.93451212,0.03216110109,0.5691731153,0.3336527324,0,-0.270225449,3.598420289,-4.364253635
20.57,-68.92415631,0.03220229753,0.56935498,0.3335214554,0,-0.2713282562,3.59737336,-4.361146894
20.58,-68.91381009,0.03224350812,0.5695362555,0.3333906619,0,-0.2724342955,3.596335193,-4.358043027
20.59,-68.90347348,0.03228473269,0.569716943,0.333260351,0,-0.2735435681,3.595305784,-4.354942043
20.6,-68.8931465,0.03232597104,0.5698970435,0.3331305217,0,-0.274656075,3.594285125,-4.351843951
20.61,-68.88282919,0.03236722299,0.5700765579,0.3330011731,0,-0.2757718169,3.593273208,-4.348748757
20.62,-68.87252156,0.03240848836,0.5702554872,0.332872304,0,-0.2768907949,3.592270029,-4.345656469
20.63,-68.86222365,0.03244976696,0.5704338325,0.3327439137,0,-0.2780130097,3.591275579,-4.342567096
20.64,-68.85193548,0.03249105861,0.5706115947,0.3326160011,0,-0.279138462,3.590289852,-4.339480644
20.65,-68.84165708,0.03253236311,0.5707887749,0.3324885652,0,-0.2802671527,3.589312841,-4.336397123
20.66,-68.83138846,0.03257368028,0.570965374,0.3323616052,0,-0.2813990824,3.588344538,-4.333316538
20.67,-68.82112966,0.03261500994,0.571141393,0.33223512,0,-0.2825342518,3.587384938,-4.330238899
20.68,-68.81088071,0.0326563519,0.571316833,0.3321091087,0,-0.2836726612,3.586434032,-4.327164212
20.69,-68.80064161,0.03269770597,0.5714916948,0.3319835703,0,-0.2848143114,3.585491814,-4.324092484
20.7,-68.79041241,0.03273907197,0.5716659796,0.3318585039,0,-0.2859592028,3.584558276,-4.321023724
20.71,-68.78019313,0.03278044971,0.5718396882,0.3317339085,0,-0.2871073357,3.583633412,-4.317957939
20.72,-68.76998378,0.03282183901,0.5720128218,0.3316097832,0,-0.2882587106,3.582717213,-4.314895135
20.73,-68.7597844,0.03286323968,0.5721853812,0.3314861269,0,-0.2894133278,3.581809673,-4.311835321
20.74,-68.74959501,0.03290465153,0.5723573675,0.3313629388,0,-0.2905711875,3.580910785,-4.308778504
20.75,-68.73941563,0.03294607438,0.5725287817,0.3312402179,0,-0.2917322899,3.58002054,-4.30572469
20.76,-68.72924629,0.03298750804,0.5726996247,0.3311179632,0,-0.2928966352,3.579138931,-4.302673888
20.77,-68.71908701,0.03302895232,0.5728698976,0.3309961737,0,-0.2940642236,3.578265951,-4.299626103
20.78,-68.70893781,0.03307040705,0.5730396013,0.3308748486,0,-0.295235055,3.577401592,-4.296581344
20.79,-68.69879872,0.03311187203,0.5732087367,0.3307539869,0,-0.2964091294,3.576545846,-4.293539617
20.8,-68.68866976,0.03315334707,0.573377305,0.3306335876,0,-0.2975864468,3.575698706,-4.290500929
20.81,-68.67855096,0.033194832,0.5735453071,0.3305136497,0,-0.2987670072,3.574860164,-4.287465287
20.82,-68.66844233,0.03323632662,0.5737127439,0.3303941724,0,-0.2999508103,3.574030213,-4.284432698
20.83,-68.6583439,0.03327783075,0.5738796164,0.3302751546,0,-0.3011378559,3.573208844,-4.28140317
20.84,-68.64825569,0.03331934421,0.5740459257,0.3301565954,0,-0.3023281439,3.572396049,-4.278376707
20.85,-68.63817773,0.03336086679,0.5742116727,0.3300384939,0,-0.3035216737,3.571591821,-4.275353319
20.86,-68.62811004,0.03340239833,0.5743768584,0.3299208492,0,-0.3047184452,3.570796152,-4.272333011
20.87,-68.61805263,0.03344393864,0.5745414837,0.3298036602,0,-0.3059184579,3.570009033,-4.269315789
20.88,-68.60800554,0.03348548752,0.5747055497,0.329686926,0,-0.3071217113,3.569230457,-4.266301662
20.89,-68.59796878,0.0335270448,0.5748690573,0.3295706458,0,-0.3083282048,3.568460415,-4.263290634
20.9,-68.58794238,0.03356861028,0.5750320075,0.3294548184,0,-0.309537938,3.5676989,-4.260282713
20.91,-68.57792635,0.03361018378,0.5751944013,0.3293394431,0,-0.3107509101,3.566945903,-4.257277906
20.92,-68.56792073,0.03365176512,0.5753562397,0.3292245188,0,-0.3119671204,3.566201415,-4.254276218
20.93,-68.55792552,0.0336933541,0.5755175236,0.3291100446,0,-0.3131865683,3.565465429,-4.251277656
20.94,-68.54794076,0.03373495055,0.575678254,0.3289960196,0,-0.314409253,3.564737936,-4.248282227
20.95,-68.53796646,0.03377655428,0.5758384319,0.3288824429,0,-0.3156351735,3.564018928,-4.245289937
20.96,-68.52800264,0.03381816509,0.5759980582,0.3287693134,0,-0.316864329,3.563308396,-4.242300792
20.97,-68.51804933,0.03385978281,0.576157134,0.3286566303,0,-0.3180967184,3.562606332,-4.239314799
20.98,-68.50810654,0.03390140725,0.5763156601,0.3285443926,0,-0.3193323409,3.561912728,-4.236331963
20.99,-68.4981743,0.03394303823,0.5764736376,0.3284325993,0,-0.3205711954,3.561227574,-4.233352291
21,-68.48825263,0.03398467555,0.5766310675,0.3283212496,0,-0.3218132806,3.560550863,-4.23037579
21.01,-68.47834155,0.03402631903,0.5767879507,0.3282103425,0,-0.3230585954,3.559882585,-4.227402464
21.02,-68.46844107,0.03406796849,0.5769442881,0.3280998771,0,-0.3243071386,3.559222732,-4.224432321
21.03,-68.45855122,0.03410962374,0.5771000808,0.3279898524,0,-0.325558909,3.558571294,-4.221465366
21.04,-68.44867202,0.0341512846,0.5772553297,0.3278802675,0,-0.3268139051,3.557928265,-4.218501605
21.05,-68.43880348,0.03419295087,0.5774100358,0.3277711214,0,-0.3280721255,3.557293633,-4.215541044
21.06,-68.42894563,0.03423462239,0.5775642001,0.3276624133,0,-0.3293335688,3.556667392,-4.21258369
21.07,-68.41909849,0.03427629895,0.5777178234,0.3275541422,0,-0.3305982335,3.556049531,-4.209629547
21.08,-68.40926207,0.03431798037,0.5778709068,0.3274463072,0,-0.3318661181,3.555440042,-4.206678622
21.09,-68.3994364,0.03435966647,0.5780234513,0.3273389073,0,-0.3331372208,3.554838916,-4.203730921
21.1,-68.3896215,0.03440135707,0.5781754578,0.3272319416,0,-0.3344115401,3.554246143,-4.200786449
21.11,-68.37981737,0.03444305197,0.5783269272,0.3271254092,0,-0.3356890741,3.553661715,-4.197845212
21.12,-68.37002405,0.03448475099,0.5784778606,0.3270193092,0,-0.3369698211,3.553085623,-4.194907215
21.13,-68.36024155,0.03452645396,0.5786282588,0.3269136406,0,-0.3382537793,3.552517857,-4.191972465
21.14,-68.35046989,0.03456816067,0.5787781229,0.3268084025,0,-0.3395409467,3.551958408,-4.189040967
21.15,-68.34070909,0.03460987096,0.5789274538,0.3267035939,0,-0.3408313214,3.551407267,-4.186112726
21.16,-68.33095916,0.03465158462,0.5790762524,0.3265992141,0,-0.3421249014,3.550864425,-4.183187748
21.17,-68.32122013,0.03469330149,0.5792245198,0.3264952619,0,-0.3434216846,3.550329872,-4.180266038
21.18,-68.31149201,0.03473502136,0.5793722569,0.3263917365,0,-0.3447216688,3.549803599,-4.177347603
21.19,-68.30177482,0.03477674407,0.5795194646,0.3262886371,0,-0.3460248519,3.549285597,-4.174432446
21.2,-68.29206858,0.03481846942,0.5796661439,0.3261859626,0,-0.3473312317,3.548775856,-4.171520574
21.21,-68.28237331,0.03486019723,0.5798122957,0.3260837121,0,-0.3486408058,3.548274366,-4.168611992
21.22,-68.27268902,0.03490192731,0.579957921,0.3259818848,0,-0.3499535719,3.547781119,-4.165706705
21.23,-68.26301573,0.03494365949,0.5801030208,0.3258804796,0,-0.3512695275,3.547296104,-4.162804719
21.24,-68.25335346,0.03498539357,0.580247596,0.3257794958,0,-0.3525886702,3.546819312,-4.159906038
21.25,-68.24370223,0.03502712937,0.5803916476,0.3256789323,0,-0.3539109976,3.546350734,-4.157010668
21.26,-68.23406205,0.03506886671,0.5805351764,0.3255787882,0,-0.3552365069,3.545890359,-4.154118614
21.27,-68.22443294,0.03511060541,0.5806781836,0.3254790627,0,-0.3565651955,3.545438179,-4.151229881
21.28,-68.21481492,0.03515234527,0.5808206699,0.3253797549,0,-0.3578970608,3.544994182,-4.148344475
21.29,-68.205208,0.03519408612,0.5809626364,0.3252808637,0,-0.3592321,3.54455836,-4.145462399
21.3,-68.1956122,0.03523582777,0.581104084,0.3251823883,0,-0.3605703103,3.544130703,-4.142583659
21.31,-68.18602754,0.03527757004,0.5812450137,0.3250843278,0,-0.3619116887,3.5437112,-4.139708261
21.32,-68.17645403,0.03531931274,0.5813854263,0.3249866812,0,-0.3632562325,3.543299842,-4.136836209
21.33,-68.16689169,0.03536105569,0.5815253229,0.3248894477,0,-0.3646039385,3.542896619,-4.133967507
21.34,-68.15734054,0.03540279871,0.5816647044,0.3247926264,0,-0.3659548038,3.542501521,-4.131102161
21.35,-68.14780059,0.03544454161,0.5818035718,0.3246962163,0,-0.3673088252,3.542114538,-4.128240176
21.36,-68.13827185,0.03548628422,0.5819419259,0.3246002165,0,-0.3686659996,3.541735659,-4.125381556
21.37,-68.12875435,0.03552802634,0.5820797678,0.3245046261,0,-0.3700263237,3.541364876,-4.122526306
21.38,-68.1192481,0.03556976779,0.5822170983,0.3244094442,0,-0.3713897943,3.541002177,-4.119674431
21.39,-68.10975312,0.0356115084,0.5823539184,0.32431467,0,-0.3727564081,3.540647553,-4.116825935
21.4,-68.10026941,0.03565324797,0.5824902291,0.3242203024,0,-0.3741261616,3.540300992,-4.113980824
21.41,-68.090797,0.03569498632,0.5826260313,0.3241263407,0,-0.3754990514,3.539962486,-4.111139101
21.42,-68.0813359,0.03573672328,0.5827613259,0.3240327838,0,-0.376875074,3.539632024,-4.108300771
21.43,-68.07188613,0.03577845866,0.5828961139,0.3239396309,0,-0.3782542258,3.539309595,-4.10546584
21.44,-68.0624477,0.03582019228,0.5830303962,0.3238468811,0,-0.3796365032,3.538995189,-4.10263431
21.45,-68.05302062,0.03586192395,0.5831641738,0.3237545335,0,-0.3810219025,3.538688796,-4.099806187
21.46,-68.04360492,0.03590365349,0.5832974475,0.3236625872,0,-0.3824104199,3.538390405,-4.096981476
21.47,-68.0342006,0.03594538072,0.5834302184,0.3235710412,0,-0.3838020518,3.538100007,-4.09416018
21.48,-68.02480768,0.03598710546,0.5835624873,0.3234798948,0,-0.3851967941,3.537817589,-4.091342304
21.49,-68.01542617,0.03602882752,0.5836942552,0.3233891469,0,-0.386594643,3.537543143,-4.088527852
21.5,-68.0060561,0.03607054673,0.5838255231,0.3232987967,0,-0.3879955944,3.537276657,-4.085716829
21.51,-67.99669746,0.0361122629,0.5839562918,0.3232088433,0,-0.3893996445,3.53701812,-4.082909239
21.52,-67.98735029,0.03615397585,0.5840865623,0.3231192858,0,-0.390806789,3.536767523,-4.080105086
21.53,-67.97801458,0.03619568539,0.5842163355,0.3230301233,0,-0.3922170238,3.536524854,-4.077304374
21.54,-67.96869036,0.03623739136,0.5843456124,0.322941355,0,-0.3936303447,3.536290103,-4.074507108
21.55,-67.95937764,0.03627909355,0.5844743938,0.3228529798,0,-0.3950467474,3.536063259,-4.071713292
21.56,-67.95007643,0.03632079181,0.5846026808,0.322764997,0,-0.3964662276,3.535844311,-4.068922929
21.57,-67.94078675,0.03636248593,0.5847304742,0.3226774055,0,-0.3978887809,3.535633249,-4.066136024
21.58,-67.9315086,0.03640417575,0.5848577751,0.3225902047,0,-0.3993144028,3.535430062,-4.063352581
21.59,-67.92224201,0.03644586107,0.5849845842,0.3225033935,0,-0.4007430888,3.535234738,-4.060572604
21.6,-67.91298699,0.03648754173,0.5851109025,0.322416971,0,-0.4021748344,3.535047267,-4.057796096
21.61,-67.90374354,0.03652921753,0.585236731,0.3223309364,0,-0.403609635,3.534867638,-4.055023063
21.62,-67.89451169,0.03657088831,0.5853620706,0.3222452888,0,-0.4050474857,3.534695841,-4.052253507
21.63,-67.88529144,0.03661255387,0.5854869221,0.3221600273,0,-0.406488382,3.534531863,-4.049487433
21.64,-67.87608282,0.03665421404,0.5856112867,0.322075151,0,-0.407932319,3.534375694,-4.046724845
21.65,-67.86688582,0.03669586863,0.585735165,0.3219906591,0,-0.4093792917,3.534227323,-4.043965746
21.66,-67.85770047,0.03673751747,0.5858585582,0.3219065506,0,-0.4108292954,3.534086739,-4.04121014
21.67,-67.84852677,0.03677916038,0.585981467,0.3218228246,0,-0.412282325,3.533953931,-4.038458031
21.68,-67.83936474,0.03682079718,0.5861038925,0.3217394804,0,-0.4137383754,3.533828887,-4.035709423
21.69,-67.8302144,0.03686242768,0.5862258355,0.3216565169,0,-0.4151974416,3.533711597,-4.032964319
21.7,-67.82107574,0.03690405171,0.586347297,0.3215739334,0,-0.4166595184,3.533602049,-4.030222723
21.71,-67.8119488,0.03694566909,0.5864682779,0.3214917289,0,-0.4181246006,3.533500232,-4.027484639
21.72,-67.80283357,0.03698727964,0.586588779,0.3214099025,0,-0.4195926829,3.533406134,-4.02475007
21.73,-67.79373007,0.03702888317,0.5867088014,0.3213284534,0,-0.4210637599,3.533319745,-4.02201902
21.74,-67.78463831,0.03707047952,0.5868283459,0.3212473808,0,-0.4225378263,3.533241052,-4.019291493
21.75,-67.77555831,0.03711206849,0.5869474135,0.3211666836,0,-0.4240148765,3.533170046,-4.016567492
21.76,-67.76649007,0.03715364992,0.5870660051,0.3210863612,0,-0.4254949051,3.533106713,-4.01384702
21.77,-67.75743361,0.03719522363,0.5871841215,0.3210064125,0,-0.4269779065,3.533051043,-4.011130082
21.78,-67.74838893,0.03723678942,0.5873017637,0.3209268367,0,-0.4284638751,3.533003024,-4.00841668
21.79,-67.73935606,0.03727834714,0.5874189327,0.3208476329,0,-0.429952805,3.532962645,-4.005706818
21.8,-67.730335,0.03731989659,0.5875356293,0.3207688003,0,-0.4314446907,3.532929894,-4.003000499
21.81,-67.72132576,0.0373614376,0.5876518544,0.320690338,0,-0.4329395262,3.532904759,-4.000297727
21.82,-67.71232835,0.03740296999,0.5877676089,0.3206122451,0,-0.4344373057,3.53288723,-3.997598505
21.83,-67.70334279,0.03744449358,0.5878828939,0.3205345207,0,-0.4359380232,3.532877294,-3.994902837
21.84,-67.69436908,0.03748600821,0.5879977101,0.320457164,0,-0.4374416728,3.532874939,-3.992210725
21.85,-67.68540724,0.03752751367,0.5881120585,0.3203801742,0,-0.4389482484,3.532880155,-3.989522173
21.86,-67.67645728,0.03756900981,0.58822594,0.3203035503,0,-0.4404577438,3.532892929,-3.986837184
21.87,-67.66751921,0.03761049644,0.5883393554,0.3202272914,0,-0.4419701529,3.532913249,-3.984155762
21.88,-67.65859303,0.03765197339,0.5884523058,0.3201513968,0,-0.4434854695,3.532941104,-3.981477909
21.89,-67.64967876,0.03769344048,0.5885647921,0.3200758655,0,-0.4450036872,3.532976482,-3.978803629
21.9,-67.64077642,0.03773489752,0.588676815,0.3200006967,0,-0.4465247997,3.53301937,-3.976132925
21.91,-67.631886,0.03777634435,0.5887883756,0.3199258895,0,-0.4480488006,3.533069758,-3.9734658
21.92,-67.62300752,0.03781778079,0.5888994747,0.3198514431,0,-0.4495756834,3.533127633,-3.970802257
21.93,-67.614141,0.03785920666,0.5890101132,0.3197773566,0,-0.4511054415,3.533192984,-3.9681423
21.94,-67.60528643,0.03790062178,0.5891202921,0.3197036292,0,-0.4526380684,3.533265797,-3.96548593
21.95,-67.59644384,0.03794202598,0.5892300122,0.3196302599,0,-0.4541735573,3.533346062,-3.962833151
21.96,-67.58761322,0.03798341908,0.5893392745,0.3195572479,0,-0.4557119017,3.533433767,-3.960183967
21.97,-67.5787946,0.03802480091,0.5894480798,0.3194845924,0,-0.4572530947,3.533528898,-3.95753838
21.98,-67.56998797,0.03806617129,0.5895564291,0.3194122925,0,-0.4587971294,3.533631445,-3.954896392
21.99,-67.56119336,0.03810753004,0.5896643233,0.3193403474,0,-0.4603439991,3.533741394,-3.952258008
22,-67.55241077,0.03814887699,0.5897717631,0.3192687562,0,-0.4618936966,3.533858734,-3.94962323
22.01,-67.5436402,0.03819021196,0.5898787497,0.319197518,0,-0.463446215,3.533983453,-3.94699206
22.02,-67.53488167,0.03823153478,0.5899852838,0.319126632,0,-0.4650015473,3.534115539,-3.944364502
22.03,-67.52613519,0.03827284527,0.5900913663,0.3190560973,0,-0.4665596863,3.534254978,-3.941740558
22.04,-67.51740077,0.03831414326,0.5901969982,0.3189859132,0,-0.4681206247,3.53440176,-3.939120231
22.05,-67.50867841,0.03835542857,0.5903021803,0.3189160786,0,-0.4696843554,3.534555871,-3.936503524
22.06,-67.49996813,0.03839670103,0.5904069136,0.3188465929,0,-0.471250871,3.534717299,-3.93389044
22.07,-67.49126994,0.03843796046,0.5905111988,0.3187774551,0,-0.4728201642,3.534886032,-3.931280981
22.08,-67.48258383,0.03847920669,0.5906150371,0.3187086644,0,-0.4743922275,3.535062058,-3.92867515
22.09,-67.47390983,0.03852043954,0.5907184291,0.3186402199,0,-0.4759670534,3.535245363,-3.92607295
22.1,-67.46524794,0.03856165884,0.5908213758,0.3185721209,0,-0.4775446343,3.535435937,-3.923474383
22.11,-67.45659817,0.03860286442,0.5909238782,0.3185043664,0,-0.4791249628,3.535633765,-3.920879452
22.12,-67.44796053,0.0386440561,0.591025937,0.3184369556,0,-0.480708031,3.535838837,-3.91828816
22.13,-67.43933503,0.03868523371,0.5911275533,0.3183698876,0,-0.4822938312,3.536051138,-3.915700509
22.14,-67.43072167,0.03872639707,0.5912287278,0.3183031617,0,-0.4838823557,3.536270657,-3.913116502
22.15,-67.42212047,0.03876754601,0.5913294615,0.318236777,0,-0.4854735966,3.536497381,-3.910536141
22.16,-67.41353143,0.03880868036,0.5914297552,0.3181707326,0,-0.487067546,3.536731297,-3.907959428
22.17,-67.40495456,0.03884979994,0.5915296099,0.3181050278,0,-0.4886641959,3.536972393,-3.905386368
22.18,-67.39638987,0.03889090458,0.5916290265,0.3180396615,0,-0.4902635384,3.537220655,-3.90281696
22.19,-67.38783736,0.03893199412,0.5917280057,0.3179746332,0,-0.4918655652,3.537476072,-3.900251209
22.2,-67.37929706,0.03897306836,0.5918265486,0.3179099418,0,-0.4934702682,3.537738631,-3.897689117
22.21,-67.37076895,0.03901412715,0.5919246559,0.3178455865,0,-0.4950776394,3.538008318,-3.895130686
22.22,-67.36225306,0.03905517031,0.5920223287,0.3177815666,0,-0.4966876703,3.538285122,-3.892575918
22.23,-67.35374939,0.03909619767,0.5921195677,0.3177178811,0,-0.4983003526,3.538569028,-3.890024816
22.24,-67.34525794,0.03913720905,0.5922163738,0.3176545293,0,-0.499915678,3.538860025,-3.887477382
22.25,-67.33677873,0.03917820429,0.592312748,0.3175915103,0,-0.501533638,3.539158099,-3.884933618
22.26,-67.32831176,0.03921918321,0.5924086911,0.3175288233,0,-0.5031542241,3.539463238,-3.882393527
22.27,-67.31985704,0.03926014564,0.592504204,0.3174664675,0,-0.5047774278,3.539775428,-3.879857112
22.28,-67.31141458,0.03930109141,0.5925992876,0.317404442,0,-0.5064032404,3.540094657,-3.877324373
22.29,-67.30298438,0.03934202034,0.5926939427,0.3173427459,0,-0.5080316533,3.540420911,-3.874795315
22.3,-67.29456646,0.03938293228,0.5927881702,0.3172813786,0,-0.5096626576,3.540754178,-3.872269938
22.31,-67.28616082,0.03942382703,0.5928819711,0.3172203391,0,-0.5112962447,3.541094445,-3.869748245
22.32,-67.27776746,0.03946470444,0.5929753462,0.3171596266,0,-0.5129324056,3.541441697,-3.867230238
22.33,-67.2693864,0.03950556434,0.5930682964,0.3170992402,0,-0.5145711314,3.541795924,-3.86471592
22.34,-67.26101764,0.03954640654,0.5931608225,0.3170391793,0,-0.5162124131,3.54215711,-3.862205292
22.35,-67.25266119,0.03958723089,0.5932529254,0.3169794428,0,-0.5178562418,3.542525243,-3.859698357
22.36,-67.24431706,0.03962803721,0.5933446061,0.3169200301,0,-0.5195026082,3.54290031,-3.857195117
22.37,-67.23598524,0.03966882533,0.5934358653,0.3168609403,0,-0.5211515034,3.543282298,-3.854695573
22.38,-67.22766576,0.03970959509,0.593526704,0.3168021726,0,-0.522802918,3.543671193,-3.852199729
22.39,-67.21935862,0.0397503463,0.593617123,0.3167437261,0,-0.5244568427,3.544066982,-3.849707585
22.4,-67.21106382,0.03979107881,0.5937071232,0.3166856,0,-0.5261132683,3.544469652,-3.847219145
22.41,-67.20278136,0.03983179243,0.5937967055,0.3166277936,0,-0.5277721854,3.544879189,-3.844734409
22.42,-67.19451127,0.03987248702,0.5938858707,0.3165703059,0,-0.5294335845,3.54529558,-3.842253381
22.43,-67.18625354,0.03991316238,0.5939746198,0.3165131363,0,-0.531097456,3.545718812,-3.839776062
22.44,-67.17800818,0.03995381836,0.5940629536,0.3164562838,0,-0.5327637906,3.546148871,-3.837302454
22.45,-67.16977519,0.03999445478,0.5941508729,0.3163997476,0,-0.5344325784,3.546585744,-3.834832558
22.46,-67.16155459,0.04003507148,0.5942383786,0.316343527,0,-0.5361038099,3.547029417,-3.832366378
22.47,-67.15334638,0.04007566829,0.5943254717,0.3162876211,0,-0.5377774753,3.547479877,-3.829903914
22.48,-67.14515056,0.04011624504,0.5944121529,0.3162320291,0,-0.5394535648,3.54793711,-3.827445169
22.49,-67.13696715,0.04015680156,0.5944984232,0.3161767502,0,-0.5411320685,3.548401103,-3.824990145
22.5,-67.12879614,0.04019733768,0.5945842834,0.3161217836,0,-0.5428129766,3.548871842,-3.822538843
22.51,-67.12063755,0.04023785323,0.5946697343,0.3160671285,0,-0.544496279,3.549349314,-3.820091266
22.52,-67.11249138,0.04027834806,0.5947547769,0.3160127841,0,-0.5461819658,3.549833504,-3.817647415
22.53,-67.10435764,0.04031882198,0.594839412,0.3159587495,0,-0.5478700269,3.550324399,-3.815207291
22.54,-67.09623633,0.04035927483,0.5949236404,0.315905024,0,-0.549560452,3.550821986,-3.812770898
22.55,-67.08812745,0.04039970645,0.5950074631,0.3158516067,0,-0.551253231,3.551326251,-3.810338236
22.56,-67.08003102,0.04044011666,0.5950908809,0.3157984969,0,-0.5529483537,3.55183718,-3.807909307
22.57,-67.07194704,0.0404805053,0.5951738947,0.3157456937,0,-0.5546458098,3.552354759,-3.805484113
22.58,-67.06387552,0.04052087221,0.5952565053,0.3156931964,0,-0.5563455887,3.552878974,-3.803062657
22.59,-67.05581646,0.04056121721,0.5953387135,0.3156410041,0,-0.5580476802,3.553409812,-3.800644938
22.6,-67.04776987,0.04060154014,0.5954205203,0.315589116,0,-0.5597520738,3.553947258,-3.79823096
22.61,-67.03973575,0.04064184083,0.5955019265,0.3155375314,0,-0.5614587588,3.554491299,-3.795820724
22.62,-67.03171411,0.04068211911,0.595582933,0.3154862494,0,-0.5631677247,3.555041921,-3.793414232
22.63,-67.02370495,0.04072237483,0.5956635406,0.3154352692,0,-0.5648789608,3.55559911,-3.791011484
22.64,-67.01570828,0.04076260781,0.5957437502,0.3153845901,0,-0.5665924564,3.556162852,-3.788612484
22.65,-67.00772411,0.04080281789,0.5958235626,0.3153342113,0,-0.5683082008,3.556733133,-3.786217232
22.66,-66.99975244,0.0408430049,0.5959029788,0.3152841318,0,-0.570026183,3.557309938,-3.783825731
22.67,-66.99179327,0.04088316867,0.5959819994,0.3152343511,0,-0.5717463923,3.557893255,-3.781437981
22.68,-66.98384662,0.04092330905,0.5960606255,0.3151848682,0,-0.5734688176,3.558483068,-3.779053985
22.69,-66.97591248,0.04096342586,0.5961388579,0.3151356823,0,-0.5751934479,3.559079364,-3.776673743
22.7,-66.96799086,0.04100351894,0.5962166974,0.3150867927,0,-0.5769202723,3.559682128,-3.774297258
22.71,-66.96008177,0.04104358813,0.5962941449,0.3150381987,0,-0.5786492795,3.560291347,-3.771924531
22.72,-66.95218521,0.04108363326,0.5963712012,0.3149898993,0,-0.5803804585,3.560907005,-3.769555564
22.73,-66.94430119,0.04112365416,0.5964478671,0.3149418938,0,-0.5821137979,3.56152909,-3.767190358
22.74,-66.93642971,0.04116365067,0.5965241436,0.3148941814,0,-0.5838492865,3.562157586,-3.764828914
22.75,-66.92857078,0.04120362263,0.5966000316,0.3148467613,0,-0.585586913,3.562792479,-3.762471235
22.76,-66.9207244,0.04124356988,0.5966755317,0.3147996328,0,-0.587326666,3.563433756,-3.760117321
22.77,-66.91289058,0.04128349224,0.5967506449,0.3147527951,0,-0.5890685339,3.564081401,-3.757767174
22.78,-66.90506932,0.04132338955,0.5968253721,0.3147062473,0,-0.5908125054,3.5647354,-3.755420795
22.79,-66.89726062,0.04136326166,0.5968997141,0.3146599887,0,-0.5925585688,3.565395739,-3.753078187
22.8,-66.8894645,0.04140310839,0.5969736717,0.3146140185,0,-0.5943067125,3.566062404,-3.75073935
22.81,-66.88168095,0.04144292958,0.5970472458,0.3145683359,0,-0.5960569248,3.566735379,-3.748404285
22.82,-66.87390998,0.04148272508,0.5971204372,0.3145229402,0,-0.5978091941,3.567414652,-3.746072995
22.83,-66.8661516,0.04152249471,0.5971932468,0.3144778305,0,-0.5995635084,3.568100206,-3.743745481
22.84,-66.85840581,0.04156223831,0.5972656755,0.3144330061,0,-0.6013198561,3.568792028,-3.741421743
22.85,-66.85067261,0.04160195573,0.597337724,0.3143884661,0,-0.6030782251,3.569490102,-3.739101784
22.86,-66.84295201,0.04164164679,0.5974093932,0.31434421,0,-0.6048386036,3.570194415,-3.736785604
22.87,-66.83524402,0.04168131134,0.597480684,0.3143002367,0,-0.6066009795,3.570904952,-3.734473205
22.88,-66.82754863,0.04172094921,0.5975515972,0.3142565456,0,-0.6083653407,3.571621697,-3.732164589
22.89,-66.81986585,0.04176056025,0.5976221337,0.314213136,0,-0.6101316752,3.572344638,-3.729859756
22.9,-66.8121957,0.04180014428,0.5976922942,0.3141700069,0,-0.6118999707,3.573073757,-3.727558709
22.91,-66.80453816,0.04183970114,0.5977620797,0.3141271577,0,-0.6136702151,3.573809042,-3.725261447
22.92,-66.79689324,0.04187923068,0.597831491,0.3140845876,0,-0.6154423961,3.574550477,-3.722967973
22.93,-66.78926096,0.04191873274,0.5979005289,0.3140422957,0,-0.6172165013,3.575298047,-3.720678288
22.94,-66.78164131,0.04195820714,0.5979691942,0.3140002814,0,-0.6189925183,3.576051738,-3.718392393
22.95,-66.7740343,0.04199765374,0.5980374879,0.3139585439,0,-0.6207704347,3.576811535,-3.71611029
22.96,-66.76643993,0.04203707236,0.5981054107,0.3139170824,0,-0.622550238,3.577577422,-3.713831979
22.97,-66.7588582,0.04207646285,0.5981729634,0.3138758961,0,-0.6243319157,3.578349386,-3.711557461
22.98,-66.75128913,0.04211582505,0.598240147,0.3138349842,0,-0.626115455,3.57912741,-3.709286739
22.99,-66.74373271,0.04215515879,0.5983069623,0.3137943461,0,-0.6279008435,3.579911481,-3.707019813
23,-66.73618895,0.04219446392,0.59837341,0.3137539808,0,-0.6296880684,3.580701583,-3.704756684
23.01,-66.72865785,0.04223374027,0.5984394911,0.3137138878,0,-0.6314771168,3.581497701,-3.702497354
23.02,-66.72113941,0.04227298769,0.5985052063,0.3136740661,0,-0.633267976,3.58229982,-3.700241824
23.03,-66.71363365,0.04231220601,0.5985705565,0.3136345151,0,-0.6350606331,3.583107925,-3.697990095
23.04,-66.70614056,0.04235139508,0.5986355426,0.313595234,0,-0.6368550752,3.583922,-3.695742168
23.05,-66.69866015,0.04239055472,0.5987001653,0.313556222,0,-0.6386512893,3.584742032,-3.693498044
23.06,-66.69119241,0.0424296848,0.5987644255,0.3135174783,0,-0.6404492624,3.585568004,-3.691257724
23.07,-66.68373737,0.04246878513,0.5988283241,0.3134790023,0,-0.6422489814,3.586399902,-3.68902121
23.08,-66.67629501,0.04250785557,0.5988918618,0.313440793,0,-0.6440504331,3.58723771,-3.686788503
23.09,-66.66886534,0.04254689596,0.5989550396,0.3134028499,0,-0.6458536043,3.588081413,-3.684559603
23.1,-66.66144837,0.04258590614,0.5990178581,0.3133651721,0,-0.6476584819,3.588930995,-3.682334512
23.11,-66.65404411,0.04262488594,0.5990803183,0.3133277589,0,-0.6494650525,3.589786442,-3.680113232
23.12,-66.64665254,0.04266383521,0.599142421,0.3132906095,0,-0.6512733028,3.590647738,-3.677895762
23.13,-66.63927368,0.04270275379,0.5992041671,0.3132537232,0,-0.6530832193,3.591514868,-3.675682104
23.14,-66.63190753,0.04274164152,0.5992655572,0.3132170992,0,-0.6548947887,3.592387817,-3.673472259
23.15,-66.6245541,0.04278049824,0.5993265924,0.3131807367,0,-0.6567079973,3.593266568,-3.671266229
23.16,-66.61721338,0.0428193238,0.5993872734,0.3131446351,0,-0.6585228318,3.594151107,-3.669064014
23.17,-66.60988538,0.04285811804,0.599447601,0.3131087935,0,-0.6603392784,3.595041418,-3.666865615
23.18,-66.60257011,0.04289688079,0.599507576,0.3130732113,0,-0.6621573235,3.595937485,-3.664671033
23.19,-66.59526757,0.0429356119,0.5995671993,0.3130378876,0,-0.6639769534,3.596839294,-3.66248027
23.2,-66.58797775,0.04297431122,0.5996264718,0.3130028217,0,-0.6657981543,3.597746828,-3.660293326
23.21,-66.58070067,0.04301297858,0.5996853942,0.3129680129,0,-0.6676209125,3.598660073,-3.658110202
23.22,-66.57343633,0.04305161383,0.5997439673,0.3129334605,0,-0.669445214,3.599579011,-3.6559309
23.23,-66.56618473,0.04309021681,0.599802192,0.3128991636,0,-0.671271045,3.600503628,-3.65375542
23.24,-66.55894588,0.04312878736,0.5998600691,0.3128651216,0,-0.6730983914,3.601433909,-3.651583763
23.25,-66.55171977,0.04316732533,0.5999175995,0.3128313337,0,-0.6749272394,3.602369837,-3.649415931
23.26,-66.54450641,0.04320583056,0.5999747839,0.3127977991,0,-0.6767575747,3.603311396,-3.647251924
23.27,-66.53730581,0.04324430289,0.6000316232,0.3127645171,0,-0.6785893834,3.604258571,-3.645091743
23.28,-66.53011796,0.04328274217,0.6000881181,0.3127314871,0,-0.6804226511,3.605211347,-3.642935389
23.29,-66.52294288,0.04332114824,0.6001442696,0.3126987082,0,-0.6822573639,3.606169707,-3.640782863
23.3,-66.51578055,0.04335952094,0.6002000785,0.3126661796,0,-0.6840935072,3.607133635,-3.638634166
23.31,-66.508631,0.04339786012,0.6002555454,0.3126339008,0,-0.685931067,3.608103116,-3.636489299
23.32,-66.50149421,0.04343616562,0.6003106714,0.3126018709,0,-0.6877700287,3.609078134,-3.634348263
23.33,-66.49437019,0.04347443729,0.6003654571,0.3125700891,0,-0.689610378,3.610058672,-3.632211058
23.34,-66.48725895,0.04351267496,0.6004199034,0.3125385549,0,-0.6914521004,3.611044716,-3.630077686
23.35,-66.48016049,0.0435508785,0.6004740112,0.3125072673,0,-0.6932951814,3.612036248,-3.627948148
23.36,-66.47307481,0.04358904773,0.6005277812,0.3124762258,0,-0.6951396065,3.613033254,-3.625822444
23.37,-66.46600192,0.0436271825,0.6005812143,0.3124454295,0,-0.696985361,3.614035716,-3.623700576
23.38,-66.45894181,0.04366528266,0.6006343112,0.3124148778,0,-0.6988324304,3.615043619,-3.621582543
23.39,-66.45189449,0.04370334806,0.6006870728,0.3123845698,0,-0.7006807998,3.616056947,-3.619468348
23.4,-66.44485997,0.04374137854,0.6007394999,0.312354505,0,-0.7025304546,3.617075683,-3.61735799
23.41,-66.43783824,0.04377937394,0.6007915933,0.3123246824,0,-0.7043813799,3.618099812,-3.615251472
23.42,-66.43082931,0.04381733411,0.6008433539,0.3122951015,0,-0.7062335609,3.619129318,-3.613148792
23.43,-66.42383318,0.04385525889,0.6008947824,0.3122657615,0,-0.7080869827,3.620164183,-3.611049954
23.44,-66.41684985,0.04389314814,0.6009458796,0.3122366617,0,-0.7099416304,3.621204392,-3.608954956
23.45,-66.40987934,0.04393100169,0.6009966465,0.3122078013,0,-0.7117974889,3.622249929,-3.606863801
23.46,-66.40292163,0.0439688194,0.6010470836,0.3121791797,0,-0.7136545433,3.623300777,-3.604776488
23.47,-66.39597673,0.04400660111,0.601097192,0.312150796,0,-0.7155127785,3.624356921,-3.602693019
23.48,-66.38904465,0.04404434666,0.6011469724,0.3121226496,0,-0.7173721793,3.625418343,-3.600613395
23.49,-66.38212539,0.0440820559,0.6011964256,0.3120947398,0,-0.7192327305,3.626485027,-3.598537616
23.5,-66.37521895,0.04411972869,0.6012455523,0.3120670658,0,-0.721094417,3.627556957,-3.596465684
23.51,-66.36832533,0.04415736486,0.6012943535,0.3120396269,0,-0.7229572234,3.628634116,-3.594397598
23.52,-66.36144453,0.04419496426,0.60134283,0.3120124224,0,-0.7248211345,3.629716489,-3.59233336
23.53,-66.35457657,0.04423252674,0.6013909824,0.3119854516,0,-0.7266861349,3.630804058,-3.59027297
23.54,-66.34772143,0.04427005215,0.6014388117,0.3119587138,0,-0.7285522092,3.631896807,-3.58821643
23.55,-66.34087913,0.04430754033,0.6014863187,0.3119322082,0,-0.7304193419,3.632994719,-3.586163739
23.56,-66.33404967,0.04434499113,0.6015335041,0.3119059342,0,-0.7322875175,3.634097778,-3.5841149
23.57,-66.32723304,0.04438240441,0.6015803688,0.311879891,0,-0.7341567206,3.635205968,-3.582069912
23.58,-66.32042925,0.04441978,0.6016269135,0.3118540779,0,-0.7360269354,3.636319271,-3.580028776
23.59,-66.31363831,0.04445711775,0.6016731391,0.3118284942,0,-0.7378981464,3.637437671,-3.577991493
23.6,-66.30686021,0.04449441752,0.6017190464,0.3118031392,0,-0.7397703379,3.638561151,-3.575958064
23.61,-66.30009497,0.04453167915,0.6017646361,0.3117780122,0,-0.7416434942,3.639689695,-3.57392849
23.62,-66.29334257,0.04456890249,0.6018099091,0.3117531124,0,-0.7435175995,3.640823285,-3.571902771
23.63,-66.28660303,0.04460608739,0.6018548662,0.3117284392,0,-0.7453926381,3.641961905,-3.569880908
23.64,-66.27987634,0.0446432337,0.6018995082,0.3117039919,0,-0.7472685939,3.643105539,-3.567862901
23.65,-66.27316251,0.04468034126,0.6019438358,0.3116797697,0,-0.7491454513,3.644254169,-3.565848752
23.66,-66.26646154,0.04471740992,0.6019878499,0.311655772,0,-0.7510231941,3.645407779,-3.563838461
23.67,-66.25977343,0.04475443954,0.6020315513,0.311631998,0,-0.7529018065,3.646566351,-3.561832029
23.68,-66.25309819,0.04479142996,0.6020749408,0.311608447,0,-0.7547812724,3.647729868,-3.559829457
23.69,-66.24643581,0.04482838104,0.6021180192,0.3115851183,0,-0.7566615757,3.648898314,-3.557830744
23.7,-66.23978631,0.04486529261,0.6021607872,0.3115620113,0,-0.7585427004,3.650071672,-3.555835893
23.71,-66.23314968,0.04490216454,0.6022032457,0.3115391253,0,-0.7604246302,3.651249925,-3.553844903
23.72,-66.22652592,0.04493899667,0.6022453954,0.3115164594,0,-0.7623073491,3.652433055,-3.551857775
23.73,-66.21991504,0.04497578885,0.6022872373,0.3114940131,0,-0.7641908406,3.653621046,-3.549874511
23.74,-66.21331703,0.04501254093,0.6023287719,0.3114717856,0,-0.7660750886,3.654813881,-3.54789511
23.75,-66.20673191,0.04504925276,0.6023700003,0.3114497762,0,-0.7679600768,3.656011541,-3.545919573
23.76,-66.20015967,0.0450859242,0.6024109231,0.3114279843,0,-0.7698457887,3.657214011,-3.543947901
23.77,-66.19360032,0.04512255508,0.6024515411,0.3114064092,0,-0.771732208,3.658421273,-3.541980095
23.78,-66.18705385,0.04515914527,0.6024918552,0.31138505,0,-0.7736193183,3.65963331,-3.540016155
23.79,-66.18052027,0.04519569462,0.6025318661,0.3113639063,0,-0.7755071029,3.660850104,-3.538056082
23.8,-66.17399959,0.04523220297,0.6025715746,0.3113429772,0,-0.7773955455,3.662071638,-3.536099877
23.81,-66.1674918,0.04526867017,0.6026109815,0.311322262,0,-0.7792846294,3.663297895,-3.53414754
23.82,-66.16099691,0.04530509608,0.6026500877,0.3113017602,0,-0.7811743381,3.664528858,-3.532199072
23.83,-66.15451491,0.04534148056,0.6026888938,0.3112814709,0,-0.7830646548,3.665764509,-3.530254473
23.84,-66.14804581,0.04537782344,0.6027274008,0.3112613935,0,-0.784955563,3.667004831,-3.528313744
23.85,-66.14158962,0.04541412458,0.6027656093,0.3112415273,0,-0.7868470458,3.668249806,-3.526376886
23.86,-66.13514633,0.04545038384,0.6028035202,0.3112218717,0,-0.7887390865,3.669499418,-3.5244439
23.87,-66.12871595,0.04548660106,0.6028411342,0.3112024259,0,-0.7906316683,3.670753647,-3.522514785
23.88,-66.12229848,0.0455227761,0.6028784522,0.3111831892,0,-0.7925247744,3.672012478,-3.520589543
23.89,-66.11589391,0.04555890881,0.6029154749,0.311164161,0,-0.7944183879,3.673275892,-3.518668174
23.9,-66.10950226,0.04559499905,0.6029522031,0.3111453406,0,-0.7963124918,3.674543872,-3.516750679
23.91,-66.10312353,0.04563104665,0.6029886377,0.3111267273,0,-0.7982070693,3.6758164,-3.514837059
23.92,-66.09675771,0.04566705149,0.6030247793,0.3111083203,0,-0.8001021032,3.677093459,-3.512927313
23.93,-66.09040481,0.04570301341,0.6030606288,0.3110901192,0,-0.8019975766,3.678375031,-3.511021443
23.94,-66.08406483,0.04573893226,0.603096187,0.311072123,0,-0.8038934724,3.679661098,-3.509119449
23.95,-66.07773777,0.0457748079,0.6031314546,0.3110543313,0,-0.8057897735,3.680951642,-3.507221332
23.96,-66.07142364,0.04581064018,0.6031664325,0.3110367432,0,-0.8076864627,3.682246647,-3.505327093
23.97,-66.06512244,0.04584642895,0.6032011214,0.3110193582,0,-0.8095835228,3.683546093,-3.503436731
23.98,-66.05883416,0.04588217407,0.6032355221,0.3110021755,0,-0.8114809367,3.684849964,-3.501550248
23.99,-66.05255881,0.04591787539,0.6032696354,0.3109851944,0,-0.8133786871,3.686158241,-3.499667644
24,-66.0462964,0.04595353277,0.603303462,0.3109684144,0,-0.8152767567,3.687470907,-3.49778892
24.01,-66.04004692,0.04598914606,0.6033370028,0.3109518346,0,-0.8171751281,3.688787943,-3.495914075
24.02,-66.03381037,0.04602471511,0.6033702585,0.3109354545,0,-0.819073784,3.690109332,-3.494043112
24.03,-66.02758677,0.04606023977,0.6034032299,0.3109192734,0,-0.820972707,3.691435056,-3.49217603
24.04,-66.0213761,0.04609571991,0.6034359178,0.3109032905,0,-0.8228718797,3.692765096,-3.49031283
24.05,-66.01517838,0.04613115538,0.603468323,0.3108875053,0,-0.8247712846,3.694099436,-3.488453513
24.06,-66.00899359,0.04616654603,0.6035004463,0.310871917,0,-0.8266709042,3.695438056,-3.486598078
24.07,-66.00282176,0.04620189171,0.6035322883,0.310856525,0,-0.8285707209,3.696780939,-3.484746527
24.08,-65.99666287,0.04623719229,0.60356385,0.3108413286,0,-0.8304707172,3.698128066,-3.482898861
24.09,-65.99051693,0.04627244762,0.603595132,0.3108263272,0,-0.8323708754,3.69947942,-3.481055079
24.1,-65.98438394,0.04630765755,0.6036261352,0.31081152,0,-0.8342711781,3.700834982,-3.479215182
24.11,-65.9782639,0.04634282193,0.6036568604,0.3107969065,0,-0.8361716073,3.702194734,-3.47737917
24.12,-65.97215682,0.04637794063,0.6036873083,0.3107824859,0,-0.8380721456,3.703558658,-3.475547046
24.13,-65.96606269,0.0464130135,0.6037174796,0.3107682576,0,-0.839972775,3.704926736,-3.473718807
24.14,-65.95998152,0.0464480404,0.6037473752,0.310754221,0,-0.841873478,3.706298949,-3.471894457
24.15,-65.95391331,0.04648302118,0.6037769959,0.3107403752,0,-0.8437742365,3.707675279,-3.470073994
24.16,-65.94785806,0.0465179557,0.6038063423,0.3107267198,0,-0.8456750329,3.709055708,-3.468257419
24.17,-65.94181578,0.04655284381,0.6038354154,0.310713254,0,-0.8475758492,3.710440217,-3.466444733
24.18,-65.93578646,0.04658768538,0.6038642158,0.3106999772,0,-0.8494766676,3.711828789,-3.464635937
24.19,-65.9297701,0.04662248025,0.6038927443,0.3106868888,0,-0.8513774701,3.713221404,-3.462831031
24.2,-65.92376672,0.04665722829,0.6039210018,0.310673988,0,-0.8532782387,3.714618044,-3.461030015
24.21,-65.9177763,0.04669192935,0.6039489889,0.3106612741,0,-0.8551789556,3.71601869,-3.45923289
24.22,-65.91179885,0.0467265833,0.6039767065,0.3106487467,0,-0.8570796025,3.717423325,-3.457439656
24.23,-65.90583438,0.04676118998,0.6040041553,0.3106364049,0,-0.8589801616,3.71883193,-3.455650314
24.24,-65.89988288,0.04679574926,0.604031336,0.3106242482,0,-0.8608806147,3.720244485,-3.453864865
24.25,-65.89394436,0.04683026099,0.6040582496,0.3106122758,0,-0.8627809437,3.721660974,-3.452083308
24.26,-65.88801882,0.04686472503,0.6040848966,0.3106004872,0,-0.8646811304,3.723081375,-3.450305645
24.27,-65.88210625,0.04689914124,0.604111278,0.3105888817,0,-0.8665811568,3.724505673,-3.448531876
24.28,-65.87620667,0.04693350948,0.6041373944,0.3105774586,0,-0.8684810045,3.725933846,-3.446762001
24.29,-65.87032007,0.0469678296,0.6041632466,0.3105662173,0,-0.8703806555,3.727365878,-3.444996021
24.3,-65.86444646,0.04700210147,0.6041888355,0.3105551571,0,-0.8722800913,3.728801748,-3.443233937
24.31,-65.85858583,0.04703632495,0.6042141617,0.3105442774,0,-0.8741792938,3.730241439,-3.441475748
24.32,-65.85273818,0.04707049989,0.604239226,0.3105335775,0,-0.8760782446,3.731684932,-3.439721455
24.33,-65.84690353,0.04710462614,0.6042640292,0.3105230568,0,-0.8779769254,3.733132207,-3.437971059
24.34,-65.84108187,0.04713870358,0.6042885721,0.3105127147,0,-0.8798753178,3.734583246,-3.436224561
24.35,-65.8352732,0.04717273206,0.6043128554,0.3105025504,0,-0.8817734035,3.73603803,-3.43448196
24.36,-65.82947752,0.04720671145,0.6043368799,0.3104925634,0,-0.883671164,3.73749654,-3.432743257
24.37,-65.82369484,0.04724064159,0.6043606463,0.3104827531,0,-0.8855685809,3.738958757,-3.431008453
24.38,-65.81792516,0.04727452235,0.6043841555,0.3104731186,0,-0.8874656356,3.740424662,-3.429277547
24.39,-65.81216847,0.04730835359,0.6044074081,0.3104636596,0,-0.8893623098,3.741894237,-3.427550542
24.4,-65.80642479,0.04734213517,0.604430405,0.3104543751,0,-0.8912585849,3.743367462,-3.425827436
24.41,-65.8006941,0.04737586695,0.6044531469,0.3104452648,0,-0.8931544424,3.744844317,-3.42410823
24.42,-65.79497642,0.0474095488,0.6044756345,0.3104363278,0,-0.8950498636,3.746324785,-3.422392926
24.43,-65.78927174,0.04744318056,0.6044978687,0.3104275636,0,-0.8969448301,3.747808846,-3.420681522
24.44,-65.78358007,0.04747676211,0.6045198501,0.3104189716,0,-0.8988393231,3.749296481,-3.418974021
24.45,-65.7779014,0.04751029331,0.6045415796,0.310410551,0,-0.900733324,3.75078767,-3.417270421
24.46,-65.77223575,0.04754377401,0.6045630579,0.3104023013,0,-0.9026268142,3.752282394,-3.415570725
24.47,-65.7665831,0.04757720408,0.6045842857,0.3103942218,0,-0.9045197751,3.753780635,-3.413874931
24.48,-65.76094347,0.04761058337,0.6046052638,0.3103863119,0,-0.9064121877,3.755282373,-3.41218304
24.49,-65.75531685,0.04764391176,0.6046259931,0.310378571,0,-0.9083040336,3.756787589,-3.410495054
24.5,-65.74970324,0.04767718911,0.6046464741,0.3103709984,0,-0.9101952938,3.758296262,-3.408810971
24.51,-65.74410265,0.04771041526,0.6046667078,0.3103635934,0,-0.9120859496,3.759808375,-3.407130794
24.52,-65.73851507,0.0477435901,0.6046866948,0.3103563556,0,-0.9139759823,3.761323908,-3.405454521
24.53,-65.73294051,0.04777671348,0.6047064359,0.3103492842,0,-0.915865373,3.762842841,-3.403782154
24.54,-65.72737898,0.04780978526,0.6047259318,0.3103423785,0,-0.9177541028,3.764365155,-3.402113693
24.55,-65.72183046,0.0478428053,0.6047451834,0.3103356381,0,-0.9196421529,3.76589083,-3.400449139
24.56,-65.71629497,0.04787577348,0.6047641913,0.3103290622,0,-0.9215295045,3.767419848,-3.398788491
24.57,-65.7107725,0.04790868965,0.6047829563,0.3103226502,0,-0.9234161386,3.768952188,-3.39713175
24.58,-65.70526306,0.04794155367,0.6048014792,0.3103164015,0,-0.9253020363,3.77048783,-3.395478917
24.59,-65.69976664,0.04797436542,0.6048197607,0.3103103155,0,-0.9271871787,3.772026757,-3.393829991
24.6,-65.69428325,0.04800712475,0.6048378016,0.3103043916,0,-0.9290715468,3.773568947,-3.392184974
24.61,-65.68881289,0.04803983152,0.6048556027,0.3102986291,0,-0.9309551216,3.775114381,-3.390543866
24.62,-65.68335556,0.04807248561,0.6048731646,0.3102930273,0,-0.9328378842,3.77666304,-3.388906667
24.63,-65.67791126,0.04810508688,0.6048904881,0.3102875858,0,-0.9347198155,3.778214904,-3.387273377
24.64,-65.67247999,0.04813763519,0.604907574,0.3102823038,0,-0.9366008965,3.779769953,-3.385643997
24.65,-65.66706176,0.04817013041,0.604924423,0.3102771808,0,-0.9384811082,3.781328168,-3.384018528
24.66,-65.66165656,0.04820257239,0.6049410359,0.3102722161,0,-0.9403604315,3.782889528,-3.382396969
24.67,-65.6562644,0.04823496102,0.6049574135,0.3102674091,0,-0.9422388474,3.784454015,-3.38077932
24.68,-65.65088528,0.04826729615,0.6049735564,0.3102627592,0,-0.9441163366,3.786021607,-3.379165584
24.69,-65.6455192,0.04829957764,0.6049894654,0.3102582657,0,-0.9459928802,3.787592286,-3.377555759
24.7,-65.64016615,0.04833180537,0.6050051413,0.3102539281,0,-0.947868459,3.789166032,-3.375949846
24.71,-65.63482615,0.0483639792,0.6050205848,0.3102497458,0,-0.9497430539,3.790742825,-3.374347845
24.72,-65.62949919,0.04839609899,0.6050357966,0.3102457181,0,-0.9516166456,3.792322644,-3.372749757
24.73,-65.62418528,0.04842816462,0.6050507776,0.3102418444,0,-0.9534892151,3.79390547,-3.371155583
24.74,-65.61888441,0.04846017595,0.6050655284,0.3102381241,0,-0.9553607431,3.795491282,-3.369565322
24.75,-65.61359658,0.04849213284,0.6050800498,0.3102345567,0,-0.9572312106,3.797080062,-3.367978974
24.76,-65.6083218,0.04852403517,0.6050943426,0.3102311414,0,-0.9591005981,3.798671789,-3.366396541
24.77,-65.60306007,0.04855588279,0.6051084074,0.3102278776,0,-0.9609688866,3.800266443,-3.364818022
24.78,-65.59781139,0.04858767559,0.605122245,0.3102247649,0,-0.9628360567,3.801864003,-3.363243418
24.79,-65.59257576,0.04861941342,0.6051358563,0.3102218025,0,-0.9647020894,3.80346445,-3.361672729
24.8,-65.58735319,0.04865109616,0.6051492418,0.3102189898,0,-0.9665669652,3.805067764,-3.360105956
24.81,-65.58214366,0.04868272366,0.6051624024,0.3102163263,0,-0.9684306649,3.806673924,-3.358543099
24.82,-65.57694719,0.04871429581,0.6051753388,0.3102138114,0,-0.9702931692,3.80828291,-3.356984157
24.83,-65.57176377,0.04874581247,0.6051880517,0.3102114444,0,-0.9721544589,3.809894703,-3.355429132
24.84,-65.56659341,0.0487772735,0.6052005418,0.3102092247,0,-0.9740145147,3.811509282,-3.353878024
24.85,-65.56143611,0.04880867878,0.60521281,0.3102071517,0,-0.9758733171,3.813126626,-3.352330833
24.86,-65.55629186,0.04884002818,0.605224857,0.3102052249,0,-0.977730847,3.814746715,-3.350787559
24.87,-65.55116068,0.04887132156,0.6052366834,0.3102034436,0,-0.979587085,3.81636953,-3.349248203
24.88,-65.54604255,0.0489025588,0.6052482901,0.3102018072,0,-0.9814420117,3.817995049,-3.347712764
24.89,-65.54093748,0.04893373976,0.6052596777,0.3102003152,0,-0.9832956078,3.819623253,-3.346181244
24.9,-65.53584548,0.04896486432,0.6052708471,0.3101989669,0,-0.985147854,3.821254122,-3.344653643
24.91,-65.53076653,0.04899593234,0.6052817988,0.3101977617,0,-0.9869987308,3.822887633,-3.34312996
24.92,-65.52570066,0.0490269437,0.6052925338,0.310196699,0,-0.9888482189,3.824523768,-3.341610197
24.93,-65.52064784,0.04905789826,0.6053030526,0.3101957783,0,-0.990696299,3.826162506,-3.340094353
24.94,-65.51560809,0.0490887959,0.6053133561,0.310194999,0,-0.9925429516,3.827803826,-3.338582428
24.95,-65.51058141,0.04911963649,0.605323445,0.3101943604,0,-0.9943881574,3.829447709,-3.337074423
24.96,-65.5055678,0.0491504199,0.60533332,0.3101938619,0,-0.996231897,3.831094132,-3.335570339
24.97,-65.50056725,0.04918114601,0.6053429819,0.310193503,0,-0.9980741509,3.832743077,-3.334070175
24.98,-65.49557977,0.04921181467,0.6053524313,0.3101932831,0,-0.9999148998,3.834394521,-3.332573931
24.99,-65.49060536,0.04924242578,0.6053616691,0.3101932016,0,-1.001754124,3.836048446,-3.331081609
25,-65.48564403,0.04927297919,0.6053706959,0.3101932578,0,-1.003591805,3.837704829,-3.329593208
25.01,-65.48069576,0.04930347478,0.6053795124,0.3101934513,0,-1.005427922,3.839363651,-3.328108728
25.02,-65.47576057,0.04933391243,0.6053881195,0.3101937813,0,-1.007262457,3.841024891,-3.32662817
25.03,-65.47083845,0.049364292,0.6053965178,0.3101942474,0,-1.009095389,3.842688528,-3.325151534
25.04,-65.4659294,0.04939461338,0.6054047081,0.310194849,0,-1.0109267,3.844354541,-3.32367882
25.05,-65.46103343,0.04942487643,0.6054126911,0.3101955853,0,-1.01275637,3.84602291,-3.322210028
25.06,-65.45615053,0.04945508103,0.6054204676,0.310196456,0,-1.01458438,3.847693614,-3.320745159
25.07,-65.45128071,0.04948522705,0.6054280381,0.3101974603,0,-1.01641071,3.849366632,-3.319284212
25.08,-65.44642396,0.04951531437,0.6054354036,0.3101985978,0,-1.01823534,3.851041944,-3.317827189
25.09,-65.4415803,0.04954534286,0.6054425647,0.3101998677,0,-1.020058252,3.852719528,-3.316374089
25.1,-65.43674971,0.04957531239,0.6054495221,0.3102012696,0,-1.021879426,3.854399364,-3.314924912
25.11,-65.4319322,0.04960522285,0.6054562765,0.3102028028,0,-1.023698842,3.85608143,-3.313479659
25.12,-65.42712777,0.0496350741,0.6054628288,0.3102044669,0,-1.025516482,3.857765707,-3.31203833
25.13,-65.42233642,0.04966486603,0.6054691796,0.3102062611,0,-1.027332324,3.859452173,-3.310600925
25.14,-65.41755814,0.0496945985,0.6054753296,0.3102081849,0,-1.029146351,3.861140807,-3.309167443
25.15,-65.41279296,0.0497242714,0.6054812796,0.3102102377,0,-1.030958543,3.862831588,-3.307737887
25.16,-65.40804085,0.04975388461,0.6054870303,0.3102124191,0,-1.03276888,3.864524496,-3.306312254
25.17,-65.40330182,0.04978343799,0.6054925824,0.3102147283,0,-1.034577343,3.866219508,-3.304890547
25.18,-65.39857588,0.04981293142,0.6054979366,0.3102171648,0,-1.036383913,3.867916605,-3.303472764
25.19,-65.39386302,0.04984236479,0.6055030937,0.310219728,0,-1.03818857,3.869615765,-3.302058907
25.2,-65.38916325,0.04987173796,0.6055080544,0.3102224174,0,-1.039991294,3.871316968,-3.300648974
25.21,-65.38447656,0.04990105083,0.6055128194,0.3102252324,0,-1.041792067,3.873020191,-3.299242967
25.22,-65.37980295,0.04993030326,0.6055173894,0.3102281725,0,-1.043590868,3.874725414,-3.297840885
25.23,-65.37514243,0.04995949513,0.6055217652,0.3102312369,0,-1.045387679,3.876432616,-3.296442729
25.24,-65.37049499,0.04998862633,0.6055259474,0.3102344253,0,-1.04718248,3.878141776,-3.295048498
25.25,-65.36586065,0.05001769673,0.6055299368,0.3102377369,0,-1.048975252,3.879852873,-3.293658194
25.26,-65.36123938,0.05004670621,0.6055337341,0.3102411713,0,-1.050765976,3.881565885,-3.292271815
25.27,-65.35663121,0.05007565465,0.60553734,0.3102447278,0,-1.052554631,3.883280791,-3.290889362
25.28,-65.35203612,0.05010454193,0.6055407552,0.310248406,0,-1.054341199,3.88499757,-3.289510836
25.29,-65.34745412,0.05013336793,0.6055439805,0.3102522052,0,-1.05612566,3.8867162,-3.288136235
25.3,-65.34288521,0.05016213253,0.6055470166,0.3102561248,0,-1.057907995,3.888436661,-3.286765562
25.31,-65.33832938,0.05019083561,0.6055498642,0.3102601644,0,-1.059688185,3.890158932,-3.285398814
25.32,-65.33378664,0.05021947706,0.6055525239,0.3102643233,0,-1.06146621,3.89188299,-3.284035993
25.33,-65.329257,0.05024805675,0.6055549966,0.310268601,0,-1.063242052,3.893608815,-3.282677099
25.34,-65.32474044,0.05027657456,0.605557283,0.3102729969,0,-1.06501569,3.895336385,-3.281322131
25.35,-65.32023697,0.05030503039,0.6055593836,0.3102775105,0,-1.066787105,3.897065679,-3.27997109
25.36,-65.31574659,0.0503334241,0.6055612994,0.3102821411,0,-1.068556279,3.898796675,-3.278623976
25.37,-65.3112693,0.05036175558,0.6055630309,0.3102868883,0,-1.070323191,3.900529353,-3.277280789
25.38,-65.30680509,0.05039002472,0.6055645789,0.3102917515,0,-1.072087823,3.902263691,-3.275941528
25.39,-65.30235398,0.05041823139,0.6055659441,0.3102967301,0,-1.073850156,3.903999666,-3.274606195
25.4,-65.29791596,0.05044637549,0.6055671272,0.3103018236,0,-1.075610169,3.905737259,-3.273274788
25.41,-65.29349103,0.05047445689,0.6055681289,0.3103070313,0,-1.077367845,3.907476447,-3.271947309
25.42,-65.28907919,0.05050247547,0.6055689499,0.3103123528,0,-1.079123163,3.909217209,-3.270623756
25.43,-65.28468043,0.05053043114,0.605569591,0.3103177875,0,-1.080876105,3.910959523,-3.26930413
25.44,-65.28029477,0.05055832376,0.6055700529,0.3103233349,0,-1.082626652,3.912703369,-3.267988432
25.45,-65.2759222,0.05058615322,0.6055703362,0.3103289943,0,-1.084374783,3.914448723,-3.26667666
25.46,-65.27156272,0.05061391941,0.6055704417,0.3103347653,0,-1.086120481,3.916195566,-3.265368815
25.47,-65.26721633,0.05064162221,0.60557037,0.3103406472,0,-1.087863726,3.917943875,-3.264064898
25.48,-65.26288302,0.05066926152,0.6055701219,0.3103466396,0,-1.089604499,3.919693628,-3.262764907
25.49,-65.25856281,0.05069683721,0.6055696982,0.3103527419,0,-1.091342781,3.921444805,-3.261468843
25.5,-65.25425569,0.05072434917,0.6055690994,0.3103589535,0,-1.093078552,3.923197383,-3.260176706
25.51,-65.24996165,0.05075179729,0.6055683263,0.3103652739,0,-1.094811794,3.924951342,-3.258888496
25.52,-65.24568071,0.05077918146,0.6055673796,0.3103717026,0,-1.096542488,3.926706658,-3.257604212
25.53,-65.24141285,0.05080650156,0.6055662601,0.3103782389,0,-1.098270615,3.928463311,-3.256323855
25.54,-65.23715808,0.05083375749,0.6055649683,0.3103848824,0,-1.099996155,3.930221279,-3.255047425
25.55,-65.23291641,0.05086094912,0.6055635051,0.3103916325,0,-1.10171909,3.931980541,-3.253774922
25.56,-65.22868781,0.05088807636,0.6055618711,0.3103984887,0,-1.103439401,3.933741074,-3.252506344
25.57,-65.22447231,0.05091513908,0.605560067,0.3104054503,0,-1.105157068,3.935502856,-3.251241694
25.58,-65.2202699,0.05094213718,0.6055580935,0.310412517,0,-1.106872074,3.937265867,-3.249980969
25.59,-65.21608057,0.05096907055,0.6055559514,0.310419688,0,-1.108584398,3.939030085,-3.24872417
25.6,-65.21190433,0.05099593908,0.6055536413,0.310426963,0,-1.110294023,3.940795486,-3.247471298
25.61,-65.20774117,0.05102274266,0.6055511639,0.3104343413,0,-1.11200093,3.942562051,-3.246222351
25.62,-65.2035911,0.05104948117,0.6055485199,0.3104418225,0,-1.113705098,3.944329757,-3.244977331
25.63,-65.19945412,0.05107615451,0.6055457101,0.3104494059,0,-1.115406511,3.946098583,-3.243736235
25.64,-65.19533022,0.05110276258,0.6055427351,0.310457091,0,-1.117105149,3.947868505,-3.242499066
25.65,-65.1912194,0.05112930526,0.6055395956,0.3104648774,0,-1.118800993,3.949639504,-3.241265821
25.66,-65.18712167,0.05115578244,0.6055362923,0.3104727644,0,-1.120494024,3.951411556,-3.240036502
25.67,-65.18303702,0.05118219403,0.605532826,0.3104807515,0,-1.122184225,3.953184641,-3.238811107
25.68,-65.17896546,0.0512085399,0.6055291973,0.3104888382,0,-1.123871575,3.954958735,-3.237589637
25.69,-65.17490697,0.05123481996,0.6055254068,0.310497024,0,-1.125556058,3.956733818,-3.236372092
25.7,-65.17086157,0.0512610341,0.6055214554,0.3105053084,0,-1.127237653,3.958509867,-3.235158471
25.71,-65.16682925,0.05128718221,0.6055173437,0.3105136907,0,-1.128916343,3.960286861,-3.233948775
25.72,-65.16281001,0.05131326419,0.6055130723,0.3105221705,0,-1.130592108,3.962064778,-3.232743002
25.73,-65.15880384,0.05133927993,0.6055086421,0.3105307472,0,-1.132264931,3.963843595,-3.231541153
25.74,-65.15481076,0.05136522933,0.6055040536,0.3105394204,0,-1.133934793,3.965623291,-3.230343227
25.75,-65.15083075,0.05139111228,0.6054993076,0.3105481894,0,-1.135601675,3.967403844,-3.229149224
25.76,-65.14686381,0.05141692868,0.6054944048,0.3105570538,0,-1.13726556,3.969185232,-3.227959144
25.77,-65.14290996,0.05144267842,0.6054893458,0.310566013,0,-1.138926427,3.970967433,-3.226772987
25.78,-65.13896917,0.05146836141,0.6054841313,0.3105750665,0,-1.140584261,3.972750425,-3.225590752
25.79,-65.13504147,0.05149397754,0.6054787621,0.3105842138,0,-1.142239041,3.974534187,-3.22441244
25.8,-65.13112683,0.05151952671,0.6054732388,0.3105934543,0,-1.143890749,3.976318695,-3.223238048
25.81,-65.12722526,0.05154500881,0.6054675622,0.3106027876,0,-1.145539368,3.978103929,-3.222067579
25.82,-65.12333677,0.05157042375,0.6054617328,0.310612213,0,-1.14718488,3.979889865,-3.22090103
25.83,-65.11946134,0.05159577142,0.6054557514,0.3106217302,0,-1.148827265,3.981676483,-3.219738402
25.84,-65.11559898,0.05162105172,0.6054496187,0.3106313385,0,-1.150466506,3.98346376,-3.218579695
25.85,-65.11174969,0.05164626455,0.6054433353,0.3106410374,0,-1.152102584,3.985251675,-3.217424908
25.86,-65.10791347,0.05167140982,0.605436902,0.3106508265,0,-1.153735482,3.987040204,-3.21627404
25.87,-65.10409031,0.05169648742,0.6054303195,0.3106607052,0,-1.155365182,3.988829327,-3.215127092
25.88,-65.10028021,0.05172149726,0.6054235883,0.3106706729,0,-1.156991665,3.99061902,-3.213984062
25.89,-65.09648317,0.05174643923,0.6054167092,0.3106807292,0,-1.158614914,3.992409263,-3.212844951
25.9,-65.09269919,0.05177131324,0.605409683,0.3106908736,0,-1.16023491,3.994200033,-3.211709758
25.91,-65.08892828,0.05179611919,0.6054025102,0.3107011055,0,-1.161851636,3.995991308,-3.210578483
25.92,-65.08517042,0.05182085698,0.6053951915,0.3107114245,0,-1.163465074,3.997783065,-3.209451125
25.93,-65.08142561,0.05184552651,0.6053877277,0.31072183,0,-1.165075205,3.999575284,-3.208327684
25.94,-65.07769387,0.0518701277,0.6053801194,0.3107323214,0,-1.166682013,4.001367941,-3.20720816
25.95,-65.07397517,0.05189466044,0.6053723673,0.3107428983,0,-1.16828548,4.003161015,-3.206092551
25.96,-65.07026952,0.05191912464,0.605364472,0.3107535603,0,-1.169885587,4.004954484,-3.204980857
25.97,-65.06657693,0.0519435202,0.6053564344,0.3107643066,0,-1.171482317,4.006748325,-3.203873079
25.98,-65.06289738,0.05196784703,0.6053482549,0.310775137,0,-1.173075653,4.008542516,-3.202769215
25.99,-65.05923088,0.05199210504,0.6053399344,0.3107860508,0,-1.174665577,4.010337037,-3.201669265
26,-65.05557743,0.05201629413,0.6053314734,0.3107970475,0,-1.176252071,4.012131863,-3.200573228
26.01,-65.05193701,0.0520404142,0.6053228727,0.3108081266,0,-1.177835118,4.013926974,-3.199481104
26.02,-65.04830964,0.05206446517,0.605314133,0.3108192877,0,-1.179414701,4.015722346,-3.198392892
26.03,-65.04469531,0.05208844694,0.6053052548,0.3108305302,0,-1.180990801,4.017517959,-3.197308592
26.04,-65.04109401,0.05211235943,0.605296239,0.3108418536,0,-1.182563402,4.01931379,-3.196228203
26.05,-65.03750575,0.05213620253,0.6052870861,0.3108532575,0,-1.184132487,4.021109817,-3.195151725
26.06,-65.03393052,0.05215997616,0.6052777969,0.3108647412,0,-1.185698038,4.022906017,-3.194079157
26.07,-65.03036833,0.05218368024,0.6052683719,0.3108763044,0,-1.187260038,4.024702369,-3.193010498
26.08,-65.02681916,0.05220731466,0.605258812,0.3108879464,0,-1.188818469,4.026498851,-3.191945748
26.09,-65.02328302,0.05223087934,0.6052491177,0.3108996669,0,-1.190373315,4.02829544,-3.190884905
26.1,-65.0197599,0.05225437419,0.6052392898,0.3109114653,0,-1.191924559,4.030092115,-3.189827971
26.11,-65.01624981,0.05227779912,0.6052293288,0.3109233411,0,-1.193472183,4.031888852,-3.188774943
26.12,-65.01275274,0.05230115404,0.6052192355,0.3109352938,0,-1.195016171,4.033685631,-3.187725821
26.13,-65.00926868,0.05232443888,0.6052090106,0.3109473229,0,-1.196556506,4.035482429,-3.186680604
26.14,-65.00579764,0.05234765353,0.6051986546,0.3109594279,0,-1.19809317,4.037279224,-3.185639292
26.15,-65.00233962,0.05237079792,0.6051881684,0.3109716083,0,-1.199626147,4.039075994,-3.184601885
26.16,-64.9988946,0.05239387195,0.6051775525,0.3109838637,0,-1.201155421,4.040872716,-3.18356838
26.17,-64.99546259,0.05241687555,0.6051668076,0.3109961935,0,-1.202680974,4.04266937,-3.182538778
26.18,-64.99204359,0.05243980862,0.6051559343,0.3110085973,0,-1.204202789,4.044465932,-3.181513077
26.19,-64.98863759,0.05246267109,0.6051449334,0.3110210745,0,-1.205720851,4.04626238,-3.180491278
26.2,-64.9852446,0.05248546286,0.6051338056,0.3110336247,0,-1.207235143,4.048058693,-3.179473379
26.21,-64.9818646,0.05250818387,0.6051225514,0.3110462473,0,-1.208745648,4.049854848,-3.178459379
26.22,-64.97849759,0.05253083401,0.6051111715,0.3110589419,0,-1.210252349,4.051650824,-3.177449277
26.23,-64.97514358,0.05255341321,0.6050996666,0.3110717081,0,-1.211755231,4.053446597,-3.176443074
26.24,-64.97180256,0.0525759214,0.6050880374,0.3110845452,0,-1.213254277,4.055242147,-3.175440767
26.25,-64.96847452,0.05259835848,0.6050762845,0.3110974528,0,-1.21474947,4.057037451,-3.174442356
26.26,-64.96515947,0.05262072438,0.6050644086,0.3111104305,0,-1.216240795,4.058832487,-3.17344784
26.27,-64.9618574,0.05264301901,0.6050524103,0.3111234777,0,-1.217728235,4.060627233,-3.172457219
26.28,-64.9585683,0.05266524231,0.6050402904,0.3111365939,0,-1.219211775,4.062421667,-3.171470491
26.29,-64.95529218,0.05268739418,0.6050280493,0.3111497788,0,-1.220691397,4.064215767,-3.170487655
26.3,-64.95202904,0.05270947455,0.605015688,0.3111630317,0,-1.222167087,4.066009511,-3.169508711
26.31,-64.94877886,0.05273148334,0.6050032069,0.3111763523,0,-1.223638828,4.067802876,-3.168533657
26.32,-64.94554164,0.05275342047,0.6049906067,0.31118974,0,-1.225106604,4.069595842,-3.167562493
26.33,-64.94231739,0.05277528588,0.6049778881,0.3112031944,0,-1.2265704,4.071388385,-3.166595217
26.34,-64.9391061,0.05279707947,0.6049650518,0.3112167149,0,-1.228030199,4.073180484,-3.165631829
26.35,-64.93590776,0.05281880118,0.6049520984,0.3112303011,0,-1.229485987,4.074972117,-3.164672327
26.36,-64.93272237,0.05284045093,0.6049390285,0.3112439525,0,-1.230937747,4.076763262,-3.163716711
26.37,-64.92954993,0.05286202864,0.6049258428,0.3112576687,0,-1.232385464,4.078553897,-3.16276498
26.38,-64.92639044,0.05288353425,0.604912542,0.3112714491,0,-1.233829123,4.080343999,-3.161817132
26.39,-64.92324389,0.05290496767,0.6048991267,0.3112852934,0,-1.235268707,4.082133548,-3.160873166
26.4,-64.92011027,0.05292632884,0.6048855976,0.3112992009,0,-1.236704202,4.083922521,-3.159933081
26.41,-64.91698959,0.05294761768,0.6048719553,0.3113131713,0,-1.238135593,4.085710896,-3.158996877
26.42,-64.91388184,0.05296883412,0.6048582005,0.3113272041,0,-1.239562863,4.087498651,-3.158064552
26.43,-64.91078701,0.05298997809,0.6048443337,0.3113412987,0,-1.240985998,4.089285764,-3.157136104
26.44,-64.90770511,0.05301104952,0.6048303558,0.3113554548,0,-1.242404983,4.091072214,-3.156211533
26.45,-64.90463613,0.05303204834,0.6048162673,0.3113696719,0,-1.243819803,4.092857978,-3.155290838
26.46,-64.90158006,0.05305297448,0.6048020688,0.3113839494,0,-1.245230443,4.094643035,-3.154374017
26.47,-64.8985369,0.05307382787,0.604787761,0.311398287,0,-1.246636887,4.096427363,-3.153461069
26.48,-64.89550664,0.05309460844,0.6047733446,0.3114126841,0,-1.248039121,4.098210939,-3.152551993
26.49,-64.89248929,0.05311531613,0.6047588202,0.3114271403,0,-1.249437131,4.099993743,-3.151646787
26.5,-64.88948484,0.05313595087,0.6047441884,0.3114416551,0,-1.250830901,4.101775752,-3.150745451
26.51,-64.88649328,0.05315651258,0.6047294499,0.3114562281,0,-1.252220417,4.103556944,-3.149847983
26.52,-64.88351461,0.05317700122,0.6047146053,0.3114708588,0,-1.253605664,4.105337298,-3.148954382
26.53,-64.88054882,0.0531974167,0.6046996553,0.3114855467,0,-1.254986628,4.107116792,-3.148064646
26.54,-64.87759592,0.05321775897,0.6046846005,0.3115002913,0,-1.256363295,4.108895405,-3.147178775
26.55,-64.87465589,0.05323802797,0.6046694416,0.3115150923,0,-1.257735649,4.110673113,-3.146296766
26.56,-64.87172873,0.05325822362,0.6046541792,0.3115299492,0,-1.259103678,4.112449897,-3.145418619
26.57,-64.86881444,0.05327834587,0.6046388139,0.3115448614,0,-1.260467365,4.114225733,-3.144544331
26.58,-64.86591301,0.05329839465,0.6046233463,0.3115598285,0,-1.261826699,4.1160006,-3.143673902
26.59,-64.86302444,0.05331836991,0.6046077772,0.3115748501,0,-1.263181664,4.117774478,-3.142807331
26.6,-64.86014872,0.05333827158,0.6045921071,0.3115899257,0,-1.264532246,4.119547343,-3.141944615
26.61,-64.85728584,0.0533580996,0.6045763368,0.3116050549,0,-1.265878432,4.121319174,-3.141085753
26.62,-64.85443581,0.05337785392,0.6045604667,0.3116202372,0,-1.267220207,4.123089951,-3.140230744
26.63,-64.85159862,0.05339753447,0.6045444976,0.3116354722,0,-1.268557559,4.12485965,-3.139379587
26.64,-64.84877426,0.05341714119,0.60452843,0.3116507593,0,-1.269890472,4.126628251,-3.138532279
26.65,-64.84596273,0.05343667403,0.6045122647,0.3116660982,0,-1.271218935,4.128395732,-3.137688819
26.66,-64.84316402,0.05345613294,0.6044960022,0.3116814883,0,-1.272542932,4.130162071,-3.136849206
26.67,-64.84037813,0.05347551785,0.6044796433,0.3116969293,0,-1.273862452,4.131927247,-3.136013438
26.68,-64.83760505,0.05349482871,0.6044631884,0.3117124207,0,-1.275177479,4.133691239,-3.135181514
26.69,-64.83484477,0.05351406546,0.6044466383,0.311727962,0,-1.276488002,4.135454024,-3.134353431
26.7,-64.8320973,0.05353322806,0.6044299936,0.3117435529,0,-1.277794006,4.137215583,-3.133529189
26.71,-64.82936262,0.05355231644,0.6044132548,0.3117591927,0,-1.279095479,4.138975892,-3.132708785
26.72,-64.82664073,0.05357133056,0.6043964227,0.3117748812,0,-1.280392408,4.140734931,-3.131892218
26.73,-64.82393162,0.05359027036,0.6043794979,0.3117906178,0,-1.281684779,4.142492678,-3.131079486
26.74,-64.82123529,0.05360913579,0.6043624809,0.3118064021,0,-1.282972581,4.144249112,-3.130270588
26.75,-64.81855174,0.0536279268,0.6043453725,0.3118222337,0,-1.284255799,4.146004212,-3.129465521
26.76,-64.81588095,0.05364664334,0.6043281732,0.3118381121,0,-1.285534422,4.147757955,-3.128664284
26.77,-64.81322292,0.05366528536,0.6043108836,0.3118540369,0,-1.286808436,4.149510322,-3.127866876
26.78,-64.81057765,0.05368385281,0.6042935045,0.3118700077,0,-1.288077829,4.151261291,-3.127073294
26.79,-64.80794512,0.05370234565,0.6042760363,0.3118860239,0,-1.289342589,4.15301084,-3.126283536
26.8,-64.80532534,0.05372076382,0.6042584798,0.3119020852,0,-1.290602703,4.154758949,-3.125497602
26.81,-64.80271829,0.05373910728,0.6042408355,0.3119181911,0,-1.291858159,4.156505595,-3.124715488
26.82,-64.80012398,0.05375737599,0.604223104,0.3119343412,0,-1.293108945,4.158250759,-3.123937193
26.83,-64.79754238,0.05377556989,0.6042052861,0.311950535,0,-1.294355049,4.159994418,-3.123162715
26.84,-64.79497351,0.05379368895,0.6041873823,0.3119667722,0,-1.295596458,4.161736552,-3.122392052
26.85,-64.79241734,0.05381173312,0.6041693932,0.3119830522,0,-1.29683316,4.16347714,-3.121625202
26.86,-64.78987388,0.05382970236,0.6041513194,0.3119993746,0,-1.298065144,4.16521616,-3.120862164
26.87,-64.78734312,0.05384759662,0.6041331616,0.3120157391,0,-1.299292399,4.166953592,-3.120102935
26.88,-64.78482504,0.05386541586,0.6041149204,0.3120321451,0,-1.300514911,4.168689415,-3.119347513
26.89,-64.78231965,0.05388316004,0.6040965963,0.3120485923,0,-1.30173267,4.170423607,-3.118595896
26.9,-64.77982694,0.05390082913,0.60407819,0.3120650802,0,-1.302945664,4.172156148,-3.117848082
26.91,-64.7773469,0.05391842308,0.6040597022,0.3120816084,0,-1.304153882,4.173887016,-3.11710407
26.92,-64.77487952,0.05393594186,0.6040411334,0.3120981764,0,-1.305357312,4.175616192,-3.116363856
26.93,-64.7724248,0.05395338541,0.6040224842,0.3121147839,0,-1.306555944,4.177343654,-3.115627439
26.94,-64.76998272,0.05397075372,0.6040037552,0.3121314303,0,-1.307749765,4.179069381,-3.114894817
26.95,-64.76755329,0.05398804674,0.6039849471,0.3121481154,0,-1.308938765,4.180793353,-3.114165987
26.96,-64.76513649,0.05400526444,0.6039660605,0.3121648386,0,-1.310122933,4.182515549,-3.113440948
26.97,-64.76273232,0.05402240678,0.6039470959,0.3121815995,0,-1.311302258,4.184235948,-3.112719697
26.98,-64.76034077,0.05403947372,0.603928054,0.3121983977,0,-1.312476729,4.18595453,-3.112002231
26.99,-64.75796183,0.05405646524,0.6039089354,0.3122152328,0,-1.313646336,4.187671273,-3.111288549
27,-64.7555955,0.0540733813,0.6038897407,0.3122321043,0,-1.314811068,4.189386158,-3.110578649
27.01,-64.75324176,0.05409022187,0.6038704705,0.3122490119,0,-1.315970914,4.191099163,-3.109872527
27.02,-64.75090061,0.05410698691,0.6038511253,0.3122659551,0,-1.317125864,4.192810269,-3.109170182
27.03,-64.74857204,0.0541236764,0.6038317058,0.3122829335,0,-1.318275908,4.194519454,-3.108471612
27.04,-64.74625604,0.05414029031,0.6038122127,0.3122999467,0,-1.319421036,4.196226698,-3.107776813
27.05,-64.74395261,0.05415682861,0.6037926464,0.3123169942,0,-1.320561236,4.197931982,-3.107085784
27.06,-64.74166174,0.05417329127,0.6037730077,0.3123340757,0,-1.3216965,4.199635284,-3.106398522
27.07,-64.73938342,0.05418967826,0.603753297,0.3123511908,0,-1.322826818,4.201336584,-3.105715025
27.08,-64.73711763,0.05420598956,0.603733515,0.3123683389,0,-1.323952178,4.203035862,-3.10503529
27.09,-64.73486438,0.05422222514,0.6037136623,0.3123855198,0,-1.325072573,4.204733098,-3.104359314
27.1,-64.73262365,0.05423838498,0.6036937395,0.3124027329,0,-1.326187992,4.206428271,-3.103687096
27.11,-64.73039544,0.05425446905,0.6036737472,0.3124199779,0,-1.327298425,4.208121361,-3.103018632
27.12,-64.72817974,0.05427047732,0.603653686,0.3124372544,0,-1.328403863,4.209812348,-3.102353921
27.13,-64.72597653,0.05428640978,0.6036335564,0.312454562,0,-1.329504298,4.211501212,-3.101692959
27.14,-64.72378581,0.05430226641,0.6036133591,0.3124719002,0,-1.330599718,4.213187933,-3.101035744
27.15,-64.72160758,0.05431804718,0.6035930946,0.3124892687,0,-1.331690116,4.214872491,-3.100382273
27.16,-64.71944181,0.05433375207,0.6035727636,0.312506667,0,-1.332775483,4.216554866,-3.099732543
27.17,-64.71728851,0.05434938106,0.6035523666,0.3125240947,0,-1.333855809,4.218235038,-3.099086553
27.18,-64.71514766,0.05436493414,0.6035319042,0.3125415514,0,-1.334931085,4.219912987,-3.098444299
27.19,-64.71301926,0.05438041128,0.603511377,0.3125590368,0,-1.336001303,4.221588693,-3.097805778
27.2,-64.71090329,0.05439581248,0.6034907857,0.3125765504,0,-1.337066454,4.223262137,-3.097170987
27.21,-64.70879975,0.0544111377,0.6034701307,0.3125940919,0,-1.33812653,4.224933298,-3.096539925
27.22,-64.70670863,0.05442638695,0.6034494127,0.3126116607,0,-1.339181522,4.226602157,-3.095912588
27.23,-64.70462991,0.0544415602,0.6034286322,0.3126292566,0,-1.340231422,4.228268695,-3.095288972
27.24,-64.70256359,0.05445665744,0.6034077899,0.312646879,0,-1.341276221,4.229932891,-3.094669076
27.25,-64.70050966,0.05447167866,0.6033868862,0.3126645277,0,-1.342315912,4.231594727,-3.094052897
27.26,-64.6984681,0.05448662384,0.6033659219,0.3126822022,0,-1.343350486,4.233254182,-3.093440431
27.27,-64.69643892,0.05450149298,0.6033448975,0.3126999022,0,-1.344379936,4.234911237,-3.092831675
27.28,-64.69442209,0.05451628606,0.6033238135,0.3127176272,0,-1.345404253,4.236565872,-3.092226628
27.29,-64.69241761,0.05453100307,0.6033026705,0.3127353768,0,-1.34642343,4.23821807,-3.091625284
27.3,-64.69042548,0.05454564401,0.6032814692,0.3127531506,0,-1.347437459,4.239867808,-3.091027643
27.31,-64.68844567,0.05456020887,0.6032602101,0.3127709483,0,-1.348446333,4.24151507,-3.0904337
27.32,-64.68647817,0.05457469764,0.6032388937,0.3127887695,0,-1.349450045,4.243159835,-3.089843452
27.33,-64.68452299,0.05458911031,0.6032175206,0.3128066137,0,-1.350448587,4.244802084,-3.089256897
27.34,-64.6825801,0.05460344689,0.6031960915,0.3128244806,0,-1.351441951,4.246441799,-3.088674031
27.35,-64.6806495,0.05461770735,0.6031746068,0.3128423698,0,-1.352430132,4.248078959,-3.08809485
27.36,-64.67873118,0.05463189171,0.6031530672,0.3128602809,0,-1.353413121,4.249713546,-3.087519353
27.37,-64.67682512,0.05464599996,0.6031314733,0.3128782135,0,-1.354390912,4.251345541,-3.086947536
27.38,-64.67493132,0.05466003209,0.6031098255,0.3128961672,0,-1.355363499,4.252974926,-3.086379395
27.39,-64.67304976,0.05467398811,0.6030881245,0.3129141417,0,-1.356330874,4.25460168,-3.085814927
27.4,-64.67118043,0.05468786801,0.6030663708,0.3129321365,0,-1.357293031,4.256225786,-3.085254129
27.41,-64.66932333,0.0547016718,0.6030445651,0.3129501513,0,-1.358249964,4.257847224,-3.084696998
27.42,-64.66747843,0.05471539948,0.6030227077,0.3129681857,0,-1.359201666,4.259465976,-3.084143529
27.43,-64.66564574,0.05472905105,0.6030007995,0.3129862393,0,-1.360148131,4.261082023,-3.083593721
27.44,-64.66382523,0.05474262651,0.6029788408,0.3130043118,0,-1.361089353,4.262695347,-3.083047569
27.45,-64.6620169,0.05475612587,0.6029568322,0.3130224026,0,-1.362025325,4.264305929,-3.082505071
27.46,-64.66022074,0.05476954913,0.6029347744,0.3130405116,0,-1.362956043,4.26591375,-3.081966221
27.47,-64.65843673,0.05478289631,0.6029126679,0.3130586383,0,-1.363881501,4.267518792,-3.081431018
27.48,-64.65666486,0.05479616739,0.6028905132,0.3130767822,0,-1.364801691,4.269121037,-3.080899458
27.49,-64.65490512,0.0548093624,0.6028683108,0.3130949432,0,-1.36571661,4.270720466,-3.080371536
27.5,-64.6531575,0.05482248135,0.6028460615,0.3131131207,0,-1.366626252,4.272317061,-3.079847251
27.51,-64.65142199,0.05483552423,0.6028237656,0.3131313144,0,-1.36753061,4.273910804,-3.079326597
27.52,-64.64969857,0.05484849107,0.6028014238,0.3131495239,0,-1.368429681,4.275501676,-3.078809571
27.53,-64.64798723,0.05486138187,0.6027790366,0.3131677488,0,-1.369323459,4.27708966,-3.07829617
27.54,-64.64628797,0.05487419665,0.6027566046,0.3131859889,0,-1.370211939,4.278674738,-3.07778639
27.55,-64.64460076,0.05488693541,0.6027341283,0.3132042436,0,-1.371095116,4.280256891,-3.077280227
27.56,-64.64292559,0.05489959818,0.6027116083,0.3132225127,0,-1.371972985,4.281836102,-3.076777678
27.57,-64.64126246,0.05491218496,0.6026890451,0.3132407958,0,-1.372845541,4.283412352,-3.076278738
27.58,-64.63961135,0.05492469578,0.6026664393,0.3132590925,0,-1.373712781,4.284985624,-3.075783405
27.59,-64.63797225,0.05493713065,0.6026437914,0.3132774024,0,-1.3745747,4.286555901,-3.075291674
27.6,-64.63634514,0.05494948959,0.602621102,0.3132957253,0,-1.375431293,4.288123164,-3.074803541
27.61,-64.63473001,0.05496177261,0.6025983716,0.3133140606,0,-1.376282556,4.289687396,-3.074319003
27.62,-64.63312685,0.05497397974,0.6025756007,0.3133324081,0,-1.377128485,4.291248579,-3.073838055
27.63,-64.63153564,0.05498611099,0.6025527899,0.3133507673,0,-1.377969076,4.292806696,-3.073360693
27.64,-64.62995638,0.0549981664,0.6025299398,0.313369138,0,-1.378804325,4.294361729,-3.072886915
27.65,-64.62838905,0.05501014597,0.6025070509,0.3133875198,0,-1.379634229,4.295913662,-3.072416715
27.66,-64.62683363,0.05502204973,0.6024841236,0.3134059123,0,-1.380458783,4.297462476,-3.07195009
27.67,-64.62529012,0.05503387771,0.6024611587,0.3134243151,0,-1.381277985,4.299008155,-3.071487035
27.68,-64.62375849,0.05504562994,0.6024381565,0.313442728,0,-1.382091831,4.300550681,-3.071027547
27.69,-64.62223874,0.05505730643,0.6024151177,0.3134611505,0,-1.382900318,4.302090037,-3.070571622
27.7,-64.62073085,0.05506890721,0.6023920428,0.3134795822,0,-1.383703442,4.303626207,-3.070119255
27.71,-64.6192348,0.05508043232,0.6023689322,0.3134980229,0,-1.3845012,4.305159173,-3.069670441
27.72,-64.61775059,0.05509188178,0.6023457866,0.3135164722,0,-1.38529359,4.306688918,-3.069225178
27.73,-64.6162782,0.05510325562,0.6023226065,0.3135349297,0,-1.386080608,4.308215426,-3.068783461
27.74,-64.61481762,0.05511455387,0.6022993924,0.3135533951,0,-1.386862253,4.309738679,-3.068345285
27.75,-64.61336882,0.05512577656,0.6022761448,0.313571868,0,-1.38763852,4.311258662,-3.067910646
27.76,-64.6119318,0.05513692373,0.6022528642,0.3135903481,0,-1.388409409,4.312775357,-3.067479541
27.77,-64.61050654,0.05514799541,0.6022295513,0.3136088351,0,-1.389174916,4.314288748,-3.067051963
27.78,-64.60909303,0.05515899163,0.6022062065,0.3136273285,0,-1.389935039,4.315798818,-3.06662791
27.79,-64.60769126,0.05516991242,0.6021828303,0.313645828,0,-1.390689777,4.317305551,-3.066207377
27.8,-64.6063012,0.05518075783,0.6021594233,0.3136643334,0,-1.391439127,4.318808931,-3.065790359
27.81,-64.60492284,0.0551915279,0.602135986,0.3136828442,0,-1.392183087,4.320308941,-3.065376852
27.82,-64.60355617,0.05520222265,0.6021125189,0.3137013601,0,-1.392921655,4.321805565,-3.064966852
27.83,-64.60220118,0.05521284212,0.6020890225,0.3137198808,0,-1.393654831,4.323298787,-3.064560353
27.84,-64.60085784,0.05522338637,0.6020654974,0.3137384059,0,-1.394382611,4.324788591,-3.064157352
27.85,-64.59952614,0.05523385543,0.6020419441,0.3137569352,0,-1.395104996,4.326274961,-3.063757843
27.86,-64.59820608,0.05524424933,0.602018363,0.3137754681,0,-1.395821983,4.327757881,-3.063361823
27.87,-64.59689762,0.05525456813,0.6019947548,0.3137940045,0,-1.396533572,4.329237335,-3.062969286
27.88,-64.59560076,0.05526481187,0.6019711199,0.3138125439,0,-1.397239761,4.330713308,-3.062580228
27.89,-64.59431548,0.05527498059,0.6019474588,0.3138310861,0,-1.397940549,4.332185783,-3.062194645
27.9,-64.59304177,0.05528507434,0.601923772,0.3138496307,0,-1.398635936,4.333654746,-3.06181253
27.91,-64.5917796,0.05529509316,0.6019000602,0.3138681774,0,-1.399325921,4.335120179,-3.061433881
27.92,-64.59052897,0.05530503711,0.6018763236,0.3138867258,0,-1.400010503,4.336582069,-3.061058691
27.93,-64.58928985,0.05531490622,0.601852563,0.3139052756,0,-1.400689682,4.3380404,-3.060686956
27.94,-64.58806224,0.05532470055,0.6018287788,0.3139238265,0,-1.401363458,4.339495156,-3.060318672
27.95,-64.58684611,0.05533442016,0.6018049714,0.3139423782,0,-1.40203183,4.340946322,-3.059953833
27.96,-64.58564145,0.05534406508,0.6017811414,0.3139609303,0,-1.402694798,4.342393883,-3.059592434
27.97,-64.58444824,0.05535363539,0.6017572894,0.3139794824,0,-1.403352362,4.343837824,-3.059234471
27.98,-64.58326646,0.05536313111,0.6017334157,0.3139980344,0,-1.404004522,4.345278129,-3.058879938
27.99,-64.5820961,0.05537255232,0.601709521,0.3140165858,0,-1.404651279,4.346714785,-3.058528831
28,-64.58093715,0.05538189907,0.6016856057,0.3140351363,0,-1.405292632,4.348147775,-3.058181145
28.01,-64.57978958,0.05539117141,0.6016616702,0.3140536856,0,-1.405928583,4.349577086,-3.057836874
28.02,-64.57865338,0.0554003694,0.6016377152,0.3140722334,0,-1.406559132,4.351002703,-3.057496013
28.03,-64.57752852,0.0554094931,0.6016137411,0.3140907793,0,-1.40718428,4.35242461,-3.057158557
28.04,-64.57641501,0.05541854257,0.6015897484,0.3141093231,0,-1.407804027,4.353842794,-3.056824502
28.05,-64.5753128,0.05542751787,0.6015657375,0.3141278644,0,-1.408418374,4.35525724,-3.056493841
28.06,-64.5742219,0.05543641905,0.6015417091,0.3141464029,0,-1.409027324,4.356667933,-3.05616657
28.07,-64.57314228,0.05544524619,0.6015176635,0.3141649382,0,-1.409630875,4.35807486,-3.055842684
28.08,-64.57207392,0.05545399933,0.6014936013,0.3141834702,0,-1.410229031,4.359478006,-3.055522176
28.09,-64.57101681,0.05546267856,0.601469523,0.3142019984,0,-1.410821792,4.360877357,-3.055205043
28.1,-64.56997093,0.05547128393,0.601445429,0.3142205225,0,-1.411409161,4.362272899,-3.054891278
28.11,-64.56893625,0.05547981551,0.6014213198,0.3142390423,0,-1.411991138,4.363664618,-3.054580876
28.12,-64.56791277,0.05548827337,0.601397196,0.3142575573,0,-1.412567725,4.3650525,-3.054273831
28.13,-64.56690046,0.05549665757,0.601373058,0.3142760674,0,-1.413138925,4.366436531,-3.053970139
28.14,-64.56589931,0.05550496818,0.6013489062,0.3142945722,0,-1.413704739,4.367816698,-3.053669794
28.15,-64.5649093,0.05551320527,0.6013247412,0.3143130714,0,-1.41426517,4.369192987,-3.053372791
28.16,-64.56393041,0.05552136892,0.6013005635,0.3143315646,0,-1.41482022,4.370565384,-3.053079123
28.17,-64.56296262,0.05552945919,0.6012763735,0.3143500517,0,-1.415369891,4.371933876,-3.052788785
28.18,-64.56200591,0.05553747616,0.6012521716,0.3143685322,0,-1.415914185,4.37329845,-3.052501772
28.19,-64.56106026,0.0555454199,0.6012279585,0.3143870058,0,-1.416453106,4.374659093,-3.052218078
28.2,-64.56012566,0.05555329048,0.6012037345,0.3144054724,0,-1.416986656,4.37601579,-3.051937698
28.21,-64.55920208,0.05556108799,0.6011795002,0.3144239315,0,-1.417514838,4.377368529,-3.051660625
28.22,-64.55828951,0.0555688125,0.601155256,0.3144423828,0,-1.418037654,4.378717298,-3.051386854
28.23,-64.55738793,0.05557646408,0.6011310023,0.3144608262,0,-1.418555109,4.380062082,-3.05111638
28.24,-64.55649732,0.05558404282,0.6011067397,0.3144792612,0,-1.419067205,4.38140287,-3.050849196
28.25,-64.55561766,0.05559154879,0.6010824686,0.3144976875,0,-1.419573945,4.382739648,-3.050585297
28.26,-64.55474892,0.05559898207,0.6010581895,0.3145161049,0,-1.420075334,4.384072404,-3.050324676
28.27,-64.5538911,0.05560634275,0.6010339028,0.3145345132,0,-1.420571373,4.385401125,-3.050067329
28.28,-64.55304416,0.05561363091,0.601009609,0.3145529118,0,-1.421062068,4.386725799,-3.049813249
28.29,-64.5522081,0.05562084663,0.6009853086,0.3145713007,0,-1.421547422,4.388046413,-3.04956243
28.3,-64.55138289,0.05562799,0.6009610021,0.3145896795,0,-1.422027439,4.389362955,-3.049314866
28.31,-64.55056851,0.0556350611,0.6009366898,0.3146080479,0,-1.422502123,4.390675412,-3.049070552
28.32,-64.54976494,0.05564206002,0.6009123723,0.3146264056,0,-1.422971478,4.391983774,-3.048829481
28.33,-64.54897216,0.05564898684,0.60088805,0.3146447523,0,-1.423435509,4.393288027,-3.048591647
28.34,-64.54819015,0.05565584166,0.6008637234,0.3146630878,0,-1.423894219,4.394588159,-3.048357044
28.35,-64.54741889,0.05566262456,0.6008393929,0.3146814117,0,-1.424347613,4.395884159,-3.048125666
28.36,-64.54665836,0.05566933563,0.600815059,0.3146997238,0,-1.424795697,4.397176015,-3.047897507
28.37,-64.54590854,0.05567597497,0.6007907222,0.3147180238,0,-1.425238473,4.398463716,-3.047672561
28.38,-64.5451694,0.05568254266,0.6007663828,0.3147363114,0,-1.425675949,4.399747249,-3.047450821
28.39,-64.54444094,0.0556890388,0.6007420414,0.3147545863,0,-1.426108127,4.401026603,-3.047232282
28.4,-64.54372312,0.05569546349,0.6007176983,0.3147728482,0,-1.426535015,4.402301767,-3.047016936
28.41,-64.54301593,0.05570181682,0.6006933541,0.3147910969,0,-1.426956616,4.40357273,-3.046804778
28.42,-64.54231934,0.05570809888,0.6006690091,0.3148093321,0,-1.427372935,4.40483948,-3.046595802
28.43,-64.54163334,0.05571430978,0.6006446639,0.3148275535,0,-1.42778398,4.406102006,-3.046390001
28.44,-64.54095789,0.0557204496,0.6006203188,0.3148457608,0,-1.428189754,4.407360297,-3.046187368
28.45,-64.54029299,0.05572651846,0.6005959744,0.3148639538,0,-1.428590264,4.408614342,-3.045987898
28.46,-64.53963861,0.05573251644,0.600571631,0.3148821321,0,-1.428985515,4.40986413,-3.045791583
28.47,-64.53899473,0.05573844366,0.600547289,0.3149002956,0,-1.429375514,4.411109651,-3.045598418
28.48,-64.53836132,0.0557443002,0.600522949,0.3149184438,0,-1.429760266,4.412350894,-3.045408395
28.49,-64.53773836,0.05575008618,0.6004986114,0.3149365767,0,-1.430139777,4.413587849,-3.045221509
28.5,-64.53712584,0.0557558017,0.6004742765,0.3149546938,0,-1.430514054,4.414820504,-3.045037752
28.51,-64.53652373,0.05576144686,0.6004499449,0.314972795,0,-1.430883103,4.41604885,-3.044857119
28.52,-64.53593201,0.05576702178,0.600425617,0.3149908799,0,-1.431246931,4.417272876,-3.044679602
28.53,-64.53535065,0.05577252654,0.6004012931,0.3150089483,0,-1.431605543,4.418492572,-3.044505195
28.54,-64.53477964,0.05577796127,0.6003769737,0.3150269999,0,-1.431958947,4.419707928,-3.044333891
28.55,-64.53421894,0.05578332608,0.6003526593,0.3150450345,0,-1.43230715,4.420918934,-3.044165683
28.56,-64.53366855,0.05578862106,0.6003283503,0.3150630517,0,-1.432650157,4.422125581,-3.044000565
28.57,-64.53312843,0.05579384634,0.6003040471,0.3150810514,0,-1.432987978,4.423327857,-3.04383853
28.58,-64.53259857,0.05579900202,0.60027975,0.3150990333,0,-1.433320617,4.424525755,-3.043679571
28.59,-64.53207894,0.05580408822,0.6002554597,0.3151169971,0,-1.433648084,4.425719263,-3.043523681
28.6,-64.53156951,0.05580910504,0.6002311764,0.3151349426,0,-1.433970385,4.426908373,-3.043370853
28.61,-64.53107027,0.05581405261,0.6002069005,0.3151528694,0,-1.434287527,4.428093075,-3.043221081
28.62,-64.53058119,0.05581893104,0.6001826326,0.3151707774,0,-1.434599518,4.429273361,-3.043074358
28.63,-64.53010225,0.05582374044,0.600158373,0.3151886663,0,-1.434906366,4.430449219,-3.042930676
28.64,-64.52963343,0.05582848093,0.6001341221,0.3152065358,0,-1.435208079,4.431620643,-3.042790029
28.65,-64.5291747,0.05583315264,0.6001098804,0.3152243857,0,-1.435504664,4.432787622,-3.042652409
28.66,-64.52872603,0.05583775567,0.6000856482,0.3152422157,0,-1.435796129,4.433950148,-3.04251781
28.67,-64.52828741,0.05584229016,0.600061426,0.3152600256,0,-1.436082484,4.435108212,-3.042386224
28.68,-64.52785881,0.05584675621,0.6000372141,0.3152778151,0,-1.436363735,4.436261805,-3.042257644
28.69,-64.52744021,0.05585115395,0.6000130131,0.315295584,0,-1.436639891,4.437410918,-3.042132064
28.7,-64.52703159,0.05585548351,0.5999888232,0.315313332,0,-1.436910961,4.438555544,-3.042009476
28.71,-64.52663291,0.05585974501,0.5999646449,0.3153310589,0,-1.437176953,4.439695673,-3.041889872
28.72,-64.52624415,0.05586393857,0.5999404787,0.3153487645,0,-1.437437876,4.440831298,-3.041773246
28.73,-64.5258653,0.05586806432,0.5999163248,0.3153664484,0,-1.437693738,4.44196241,-3.041659591
28.74,-64.52549633,0.05587212238,0.5998921837,0.3153841105,0,-1.437944549,4.443089001,-3.041548898
28.75,-64.52513721,0.05587611289,0.5998680558,0.3154017505,0,-1.438190318,4.444211063,-3.041441162
28.76,-64.52478791,0.05588003597,0.5998439415,0.3154193682,0,-1.438431053,4.445328589,-3.041336373
28.77,-64.52444842,0.05588389174,0.5998198412,0.3154369633,0,-1.438666763,4.44644157,-3.041234526
28.78,-64.52411871,0.05588768035,0.5997957553,0.3154545356,0,-1.438897459,4.447549999,-3.041135613
28.79,-64.52379875,0.05589140192,0.5997716841,0.3154720849,0,-1.439123148,4.448653868,-3.041039625
28.8,-64.52348852,0.05589505658,0.5997476281,0.3154896109,0,-1.439343842,4.449753169,-3.040946557
28.81,-64.523188,0.05589864447,0.5997235877,0.3155071134,0,-1.439559549,4.450847896,-3.040856399
28.82,-64.52289715,0.05590216571,0.5996995632,0.3155245921,0,-1.43977028,4.451938041,-3.040769146
28.83,-64.52261596,0.05590562045,0.5996755551,0.3155420468,0,-1.439976043,4.453023597,-3.040684789
28.84,-64.5223444,0.05590900883,0.5996515637,0.3155594774,0,-1.44017685,4.454104557,-3.04060332
28.85,-64.52208244,0.05591233096,0.5996275893,0.3155768835,0,-1.440372709,4.455180913,-3.040524732
28.86,-64.52183006,0.05591558701,0.5996036325,0.3155942649,0,-1.440563631,4.456252659,-3.040449018
28.87,-64.52158723,0.05591877709,0.5995796935,0.3156116214,0,-1.440749626,4.457319789,-3.04037617
28.88,-64.52135393,0.05592190136,0.5995557728,0.3156289528,0,-1.440930705,4.458382295,-3.04030618
28.89,-64.52113013,0.05592495994,0.5995318706,0.3156462588,0,-1.441106878,4.45944017,-3.04023904
28.9,-64.52091581,0.05592795299,0.5995079875,0.3156635393,0,-1.441278156,4.46049341,-3.040174743
28.91,-64.52071093,0.05593088065,0.5994841237,0.315680794,0,-1.441444548,4.461542006,-3.04011328
28.92,-64.52051548,0.05593374305,0.5994602797,0.3156980226,0,-1.441606067,4.462585954,-3.040054645
28.93,-64.52032943,0.05593654034,0.5994364558,0.315715225,0,-1.441762722,4.463625246,-3.039998829
28.94,-64.52015275,0.05593927267,0.5994126524,0.315732401,0,-1.441914524,4.464659876,-3.039945825
28.95,-64.51998541,0.05594194018,0.5993888698,0.3157495503,0,-1.442061485,4.46568984,-3.039895624
28.96,-64.51982739,0.05594454302,0.5993651085,0.3157666726,0,-1.442203616,4.466715131,-3.039848218
28.97,-64.51967867,0.05594708133,0.5993413687,0.3157837679,0,-1.442340928,4.467735742,-3.039803601
28.98,-64.51953921,0.05594955526,0.5993176509,0.3158008358,0,-1.442473431,4.46875167,-3.039761763
28.99,-64.51940899,0.05595196497,0.5992939554,0.3158178762,0,-1.442601139,4.469762907,-3.039722697
29,-64.51928798,0.05595431059,0.5992702826,0.3158348888,0,-1.442724061,4.470769449,-3.039686395
29.01,-64.51917616,0.05595659229,0.5992466328,0.3158518735,0,-1.44284221,4.47177129,-3.039652848
29.02,-64.5190735,0.05595881021,0.5992230064,0.31586883,0,-1.442955597,4.472768426,-3.039622049
29.03,-64.51897997,0.05596096451,0.5991994037,0.3158857581,0,-1.443064234,4.47376085,-3.03959399
29.04,-64.51889554,0.05596305533,0.5991758252,0.3159026576,0,-1.443168133,4.474748559,-3.039568662
29.05,-64.51882019,0.05596508284,0.599152271,0.3159195283,0,-1.443267306,4.475731546,-3.039546058
29.06,-64.5187539,0.05596704718,0.5991287417,0.31593637,0,-1.443361765,4.476709809,-3.039526169
29.07,-64.51869662,0.05596894852,0.5991052376,0.3159531825,0,-1.443451522,4.47768334,-3.039508987
29.08,-64.51864834,0.055970787,0.5990817589,0.3159699656,0,-1.443536589,4.478652137,-3.039494503
29.09,-64.51860903,0.05597256279,0.5990583061,0.315986719,0,-1.443616979,4.479616195,-3.03948271
29.1,-64.51857866,0.05597427605,0.5990348795,0.3160034426,0,-1.443692704,4.480575509,-3.039473599
29.11,-64.51855721,0.05597592693,0.5990114794,0.3160201363,0,-1.443763776,4.481530075,-3.039467163
29.12,-64.51854464,0.0559775156,0.5989881062,0.3160367996,0,-1.443830208,4.482479888,-3.039463391
29.13,-64.51854092,0.05597904221,0.5989647603,0.3160534326,0,-1.443892014,4.483424946,-3.039462277
29.14,-64.51854604,0.05598050693,0.5989414418,0.316070035,0,-1.443949204,4.484365244,-3.039463813
29.15,-64.51855996,0.05598190991,0.5989181513,0.3160866065,0,-1.444001794,4.485300777,-3.039467988
29.16,-64.51858265,0.05598325132,0.598894889,0.3161031471,0,-1.444049794,4.486231543,-3.039474796
29.17,-64.51861409,0.05598453134,0.5988716553,0.3161196565,0,-1.444093219,4.487157538,-3.039484227
29.18,-64.51865424,0.05598575011,0.5988484504,0.3161361344,0,-1.444132081,4.488078758,-3.039496273
29.19,-64.51870309,0.0559869078,0.5988252748,0.3161525808,0,-1.444166395,4.488995199,-3.039510927
29.2,-64.51876059,0.05598800459,0.5988021288,0.3161689955,0,-1.444196172,4.489906859,-3.039528178
29.21,-64.51882673,0.05598904064,0.5987790126,0.3161853781,0,-1.444221426,4.490813735,-3.039548019
29.22,-64.51890147,0.05599001611,0.5987559267,0.3162017287,0,-1.444242171,4.491715822,-3.039570441
29.23,-64.51898478,0.05599093118,0.5987328713,0.3162180469,0,-1.44425842,4.492613119,-3.039595435
29.24,-64.51907664,0.05599178601,0.5987098467,0.3162343325,0,-1.444270188,4.493505622,-3.039622993
29.25,-64.51917702,0.05599258078,0.5986868533,0.3162505855,0,-1.444277487,4.494393329,-3.039653107
29.26,-64.51928589,0.05599331565,0.5986638914,0.3162668056,0,-1.444280331,4.495276237,-3.039685767
29.27,-64.51940322,0.0559939908,0.5986409614,0.3162829927,0,-1.444278734,4.496154342,-3.039720965
29.28,-64.51952897,0.0559946064,0.5986180635,0.3162991465,0,-1.444272711,4.497027644,-3.039758692
29.29,-64.51966313,0.05599516263,0.598595198,0.3163152669,0,-1.444262275,4.497896139,-3.039798939
29.3,-64.51980566,0.05599565965,0.5985723653,0.3163313537,0,-1.44424744,4.498759826,-3.039841699
29.31,-64.51995654,0.05599609764,0.5985495656,0.3163474067,0,-1.444228221,4.499618701,-3.039886961
29.32,-64.52011572,0.05599647678,0.5985267994,0.3163634258,0,-1.444204631,4.500472764,-3.039934717
29.33,-64.52028319,0.05599679725,0.5985040668,0.3163794107,0,-1.444176685,4.501322011,-3.039984958
29.34,-64.52045892,0.05599705921,0.5984813683,0.3163953613,0,-1.444144398,4.502166442,-3.040037676
29.35,-64.52064287,0.05599726285,0.598458704,0.3164112775,0,-1.444107783,4.503006055,-3.040092861
29.36,-64.52083502,0.05599740836,0.5984360743,0.3164271591,0,-1.444066857,4.503840848,-3.040150505
29.37,-64.52103533,0.05599749589,0.5984134796,0.3164430058,0,-1.444021632,4.504670819,-3.040210599
29.38,-64.52124378,0.05599752564,0.5983909201,0.3164588175,0,-1.443972124,4.505495967,-3.040273134
29.39,-64.52146034,0.05599749779,0.5983683961,0.3164745941,0,-1.443918347,4.506316291,-3.040338101
29.4,-64.52168497,0.05599741252,0.5983459079,0.3164903354,0,-1.443860317,4.507131789,-3.04040549
29.41,-64.52191764,0.05599727001,0.5983234557,0.3165060412,0,-1.443798048,4.507942461,-3.040475293
29.42,-64.52215834,0.05599707044,0.59830104,0.3165217114,0,-1.443731555,4.508748305,-3.040547502
29.43,-64.52240702,0.05599681399,0.598278661,0.3165373458,0,-1.443660854,4.509549321,-3.040622106
29.44,-64.52266366,0.05599650086,0.598256319,0.3165529442,0,-1.443585959,4.510345508,-3.040699097
29.45,-64.52292822,0.05599613122,0.5982340142,0.3165685065,0,-1.443506886,4.511136865,-3.040778466
29.46,-64.52320068,0.05599570526,0.598211747,0.3165840325,0,-1.44342365,4.511923391,-3.040860203
29.47,-64.523481,0.05599522317,0.5981895176,0.316599522,0,-1.443336266,4.512705087,-3.0409443
29.48,-64.52376916,0.05599468513,0.5981673263,0.316614975,0,-1.44324475,4.513481951,-3.041030747
29.49,-64.52406512,0.05599409133,0.5981451735,0.3166303912,0,-1.443149117,4.514253984,-3.041119535
29.5,-64.52436885,0.05599344197,0.5981230593,0.3166457705,0,-1.443049383,4.515021185,-3.041210656
29.51,-64.52468033,0.05599273721,0.5981009842,0.3166611127,0,-1.442945563,4.515783555,-3.041304099
29.52,-64.52499952,0.05599197727,0.5980789482,0.3166764178,0,-1.442837673,4.516541093,-3.041399856
29.53,-64.52532639,0.05599116233,0.5980569518,0.3166916854,0,-1.442725728,4.5172938,-3.041497918
29.54,-64.52566091,0.05599029257,0.5980349952,0.3167069156,0,-1.442609745,4.518041675,-3.041598274
29.55,-64.52600305,0.05598936819,0.5980130786,0.316722108,0,-1.442489739,4.518784719,-3.041700916
29.56,-64.52635278,0.05598838939,0.5979912024,0.3167372627,0,-1.442365727,4.519522934,-3.041805835
29.57,-64.52671007,0.05598735635,0.5979693668,0.3167523794,0,-1.442237724,4.520256318,-3.041913022
29.58,-64.52707489,0.05598626927,0.5979475721,0.3167674581,0,-1.442105745,4.520984873,-3.042022466
29.59,-64.52744719,0.05598512833,0.5979258185,0.3167824984,0,-1.441969809,4.5217086,-3.042134158
29.6,-64.52782697,0.05598393375,0.5979041063,0.3167975004,0,-1.441829929,4.5224275,-3.04224809
29.61,-64.52821417,0.05598268571,0.5978824358,0.3168124639,0,-1.441686124,4.523141573,-3.042364252
29.62,-64.52860878,0.0559813844,0.5978608072,0.3168273887,0,-1.441538408,4.523850821,-3.042482634
29.63,-64.52901076,0.05598003003,0.5978392208,0.3168422747,0,-1.441386799,4.524555245,-3.042603228
29.64,-64.52942008,0.05597862279,0.5978176769,0.3168571217,0,-1.441231312,4.525254846,-3.042726023
29.65,-64.5298367,0.05597716288,0.5977961757,0.3168719297,0,-1.441071965,4.525949625,-3.04285101
29.66,-64.5302606,0.05597565049,0.5977747174,0.3168866984,0,-1.440908773,4.526639584,-3.042978179
29.67,-64.53069174,0.05597408583,0.5977533024,0.3169014278,0,-1.440741753,4.527324726,-3.043107522
29.68,-64.5311301,0.0559724691,0.5977319308,0.3169161177,0,-1.440570922,4.52800505,-3.043239029
29.69,-64.53157563,0.05597080049,0.5977106029,0.3169307679,0,-1.440396296,4.52868056,-3.04337269
29.7,-64.53202832,0.0559690802,0.597689319,0.3169453785,0,-1.440217893,4.529351256,-3.043508495
29.71,-64.53248812,0.05596730844,0.5976680793,0.3169599491,0,-1.440035728,4.530017142,-3.043646436
29.72,-64.53295501,0.05596548541,0.597646884,0.3169744798,0,-1.439849819,4.530678219,-3.043786502
29.73,-64.53342895,0.0559636113,0.5976257335,0.3169889703,0,-1.439660183,4.531334489,-3.043928684
29.74,-64.53390991,0.05596168633,0.5976046279,0.3170034205,0,-1.439466836,4.531985955,-3.044072972
29.75,-64.53439786,0.0559597107,0.5975835674,0.3170178304,0,-1.439269795,4.532632619,-3.044219358
29.76,-64.53489277,0.0559576846,0.5975625524,0.3170321997,0,-1.439069078,4.533274484,-3.04436783
29.77,-64.5353946,0.05595560824,0.597541583,0.3170465284,0,-1.438864702,4.533911552,-3.04451838
29.78,-64.53590333,0.05595348184,0.5975206595,0.3170608164,0,-1.438656683,4.534543825,-3.044670998
29.79,-64.53641891,0.05595130559,0.5974997822,0.3170750634,0,-1.438445038,4.535171308,-3.044825673
29.8,-64.53694133,0.05594907969,0.5974789512,0.3170892695,0,-1.438229786,4.535794002,-3.044982398
29.81,-64.53747054,0.05594680436,0.5974581667,0.3171034345,0,-1.438010943,4.536411911,-3.045141161
29.82,-64.53800651,0.05594447981,0.5974374291,0.3171175582,0,-1.437788526,4.537025037,-3.045301953
29.83,-64.53854922,0.05594210623,0.5974167386,0.3171316406,0,-1.437562553,4.537633384,-3.045464765
29.84,-64.53909862,0.05593968384,0.5973960952,0.3171456815,0,-1.437333041,4.538236956,-3.045629587
29.85,-64.53965469,0.05593721285,0.5973754994,0.3171596809,0,-1.437100008,4.538835755,-3.045796408
29.86,-64.5402174,0.05593469346,0.5973549513,0.3171736385,0,-1.436863471,4.539429785,-3.045965219
29.87,-64.5407867,0.05593212588,0.5973344511,0.3171875544,0,-1.436623447,4.54001905,-3.046136011
29.88,-64.54136258,0.05592951033,0.597313999,0.3172014283,0,-1.436379954,4.540603554,-3.046308774
29.89,-64.54194499,0.05592684701,0.5972935953,0.3172152603,0,-1.43613301,4.541183299,-3.046483497
29.9,-64.5425339,0.05592413613,0.5972732402,0.3172290501,0,-1.435882632,4.541758291,-3.046660171
29.91,-64.54312929,0.05592137791,0.5972529339,0.3172427976,0,-1.435628837,4.542328532,-3.046838787
29.92,-64.54373111,0.05591857255,0.5972326766,0.3172565029,0,-1.435371645,4.542894028,-3.047019333
29.93,-64.54433934,0.05591572027,0.5972124685,0.3172701657,0,-1.435111071,4.543454782,-3.047201802
29.94,-64.54495394,0.05591282129,0.5971923098,0.3172837859,0,-1.434847134,4.544010798,-3.047386182
29.95,-64.54557488,0.0559098758,0.5971722007,0.3172973635,0,-1.434579852,4.544562082,-3.047572463
29.96,-64.54620212,0.05590688403,0.5971521415,0.3173108983,0,-1.434309243,4.545108636,-3.047760637
29.97,-64.54683564,0.05590384619,0.5971321323,0.3173243903,0,-1.434035324,4.545650467,-3.047950692
29.98,-64.5474754,0.0559007625,0.5971121733,0.3173378394,0,-1.433758113,4.546187578,-3.04814262
29.99,-64.54812137,0.05589763316,0.5970922648,0.3173512454,0,-1.433477629,4.546719974,-3.04833641
30,-64.54877351,0.0558944584,0.5970724069,0.3173646082,0,-1.433193889,4.54724766,-3.048532053
30.01,-64.54943179,0.05589123842,0.5970525999,0.3173779278,0,-1.432906911,4.547770642,-3.048729537
30.02,-64.55009618,0.05588797345,0.5970328439,0.3173912041,0,-1.432616713,4.548288923,-3.048928854
30.03,-64.55076665,0.0558846637,0.5970131391,0.3174044369,0,-1.432323313,4.54880251,-3.049129994
30.04,-64.55144315,0.05588130938,0.5969934857,0.3174176263,0,-1.432026729,4.549311406,-3.049332946
30.05,-64.55212567,0.05587791072,0.5969738839,0.317430772,0,-1.43172698,4.549815619,-3.049537701
30.06,-64.55281416,0.05587446792,0.5969543339,0.317443874,0,-1.431424083,4.550315152,-3.049744249
30.07,-64.5535086,0.05587098121,0.5969348359,0.3174569323,0,-1.431118057,4.550810012,-3.049952579
30.08,-64.55420894,0.05586745081,0.5969153901,0.3174699466,0,-1.430808919,4.551300204,-3.050162681
30.09,-64.55491516,0.05586387693,0.5968959966,0.317482917,0,-1.430496689,4.551785734,-3.050374547
30.1,-64.55562722,0.05586025979,0.5968766557,0.3174958434,0,-1.430181383,4.552266607,-3.050588165
30.11,-64.55634509,0.05585659961,0.5968573675,0.3175087256,0,-1.429863021,4.552742829,-3.050803526
30.12,-64.55706873,0.05585289661,0.5968381321,0.3175215636,0,-1.429541621,4.553214407,-3.051020619
30.13,-64.55779812,0.055849151,0.5968189498,0.3175343573,0,-1.429217201,4.553681345,-3.051239436
30.14,-64.55853321,0.05584536302,0.5967998208,0.3175471067,0,-1.428889779,4.554143651,-3.051459964
30.15,-64.55927399,0.05584153287,0.5967807452,0.3175598116,0,-1.428559373,4.554601331,-3.051682196
30.16,-64.5600204,0.05583766078,0.5967617232,0.3175724719,0,-1.428226002,4.55505439,-3.05190612
30.17,-64.56077242,0.05583374696,0.5967427549,0.3175850877,0,-1.427889685,4.555502835,-3.052131726
30.18,-64.56153002,0.05582979165,0.5967238406,0.3175976587,0,-1.427550439,4.555946674,-3.052359005
30.19,-64.56229315,0.05582579506,0.5967049804,0.317610185,0,-1.427208284,4.556385911,-3.052587946
30.2,-64.5630618,0.05582175741,0.5966861744,0.3176226665,0,-1.426863236,4.556820554,-3.05281854
30.21,-64.56383592,0.05581767892,0.5966674229,0.317635103,0,-1.426515316,4.557250609,-3.053050775
30.22,-64.56461548,0.05581355982,0.596648726,0.3176474946,0,-1.426164541,4.557676084,-3.053284643
30.23,-64.56540044,0.05580940033,0.5966300838,0.3176598411,0,-1.42581093,4.558096985,-3.053520133
30.24,-64.56619078,0.05580520066,0.5966114965,0.3176721424,0,-1.425454501,4.558513319,-3.053757235
30.25,-64.56698647,0.05580096105,0.5965929643,0.3176843986,0,-1.425095273,4.558925093,-3.05399594
30.26,-64.56778745,0.05579668171,0.5965744874,0.3176966096,0,-1.424733264,4.559332315,-3.054236235
30.27,-64.56859371,0.05579236288,0.5965560658,0.3177087752,0,-1.424368493,4.559734991,-3.054478113
30.28,-64.56940521,0.05578800476,0.5965376997,0.3177208954,0,-1.424000978,4.56013313,-3.054721562
30.29,-64.57022191,0.05578360759,0.5965193893,0.3177329702,0,-1.423630738,4.560526737,-3.054966573
30.3,-64.57104379,0.05577917159,0.5965011348,0.3177449994,0,-1.423257792,4.560915821,-3.055213136
30.31,-64.5718708,0.05577469698,0.5964829362,0.3177569831,0,-1.422882157,4.56130039,-3.055461239
30.32,-64.57270291,0.05577018399,0.5964647938,0.3177689211,0,-1.422503853,4.56168045,-3.055710874
30.33,-64.5735401,0.05576563284,0.5964467077,0.3177808134,0,-1.422122898,4.56205601,-3.05596203
30.34,-64.57438232,0.05576104376,0.5964286779,0.31779266,0,-1.42173931,4.562427078,-3.056214697
30.35,-64.57522955,0.05575641697,0.5964107048,0.3178044608,0,-1.421353109,4.562793661,-3.056468865
30.36,-64.57608175,0.0557517527,0.5963927883,0.3178162156,0,-1.420964312,4.563155767,-3.056724524
30.37,-64.57693888,0.05574705116,0.5963749286,0.3178279246,0,-1.420572939,4.563513405,-3.056981663
30.38,-64.57780091,0.05574231259,0.596357126,0.3178395875,0,-1.420179008,4.563866582,-3.057240273
30.39,-64.57866781,0.05573753722,0.5963393804,0.3178512045,0,-1.419782538,4.564215307,-3.057500344
30.4,-64.57953955,0.05573272526,0.5963216921,0.3178627753,0,-1.419383546,4.564559588,-3.057761865
30.41,-64.58041609,0.05572787694,0.5963040612,0.3178743,0,-1.418982053,4.564899434,-3.058024826
30.42,-64.58129739,0.0557229925,0.5962864878,0.3178857785,0,-1.418578076,4.565234852,-3.058289217
30.43,-64.58218343,0.05571807214,0.596268972,0.3178972108,0,-1.418171634,4.565565851,-3.058555028
30.44,-64.58307416,0.05571311611,0.5962515139,0.3179085968,0,-1.417762745,4.56589244,-3.058822248
30.45,-64.58396956,0.05570812463,0.5962341138,0.3179199364,0,-1.417351429,4.566214628,-3.059090869
30.46,-64.5848696,0.05570309791,0.5962167717,0.3179312297,0,-1.416937703,4.566532423,-3.059360879
30.47,-64.58577423,0.0556980362,0.5961994877,0.3179424765,0,-1.416521587,4.566845835,-3.059632269
30.48,-64.58668342,0.05569293972,0.596182262,0.3179536769,0,-1.416103099,4.567154871,-3.059905027
30.49,-64.58759715,0.05568780868,0.5961650946,0.3179648308,0,-1.415682258,4.567459541,-3.060179146
30.5,-64.58851538,0.05568264333,0.5961479857,0.3179759381,0,-1.415259082,4.567759855,-3.060454613
30.51,-64.58943806,0.05567744388,0.5961309355,0.3179869988,0,-1.414833589,4.56805582,-3.060731419
30.52,-64.59036518,0.05567221056,0.5961139439,0.3179980129,0,-1.4144058,4.568347447,-3.061009554
30.53,-64.59129669,0.05566694361,0.5960970112,0.3180089803,0,-1.413975731,4.568634745,-3.061289008
30.54,-64.59223257,0.05566164324,0.5960801375,0.318019901,0,-1.413543401,4.568917722,-3.061569771
30.55,-64.59317277,0.05565630968,0.5960633228,0.3180307749,0,-1.41310883,4.569196389,-3.061851832
30.56,-64.59411727,0.05565094317,0.5960465673,0.3180416021,0,-1.412672035,4.569470755,-3.062135182
30.57,-64.59506603,0.05564554392,0.5960298711,0.3180523824,0,-1.412233036,4.569740829,-3.06241981
30.58,-64.59601902,0.05564011217,0.5960132342,0.3180631159,0,-1.41179185,4.570006622,-3.062705707
30.59,-64.5969762,0.05563464814,0.5959966568,0.3180738026,0,-1.411348497,4.570268142,-3.062992861
30.6,-64.59793755,0.05562915206,0.595980139,0.3180844423,0,-1.410902995,4.570525399,-3.063281264
30.61,-64.59890302,0.05562362416,0.5959636809,0.318095035,0,-1.410455362,4.570778404,-3.063570905
30.62,-64.59987258,0.05561806466,0.5959472826,0.3181055808,0,-1.410005616,4.571027166,-3.063861773
30.63,-64.6008462,0.05561247379,0.5959309442,0.3181160796,0,-1.409553777,4.571271695,-3.06415386
30.64,-64.60182385,0.05560685178,0.5959146657,0.3181265314,0,-1.409099863,4.571512002,-3.064447154
30.65,-64.60280549,0.05560119885,0.5958984473,0.3181369361,0,-1.408643892,4.571748096,-3.064741647
30.66,-64.60379109,0.05559551524,0.5958822891,0.3181472937,0,-1.408185883,4.571979988,-3.065037326
30.67,-64.60478061,0.05558980117,0.5958661912,0.3181576042,0,-1.407725854,4.572207687,-3.065334184
30.68,-64.60577403,0.05558405686,0.5958501536,0.3181678676,0,-1.407263824,4.572431204,-3.065632209
30.69,-64.60677131,0.05557828255,0.5958341764,0.3181780839,0,-1.40679981,4.57265055,-3.065931392
30.7,-64.60777241,0.05557247846,0.5958182598,0.3181882529,0,-1.406333832,4.572865735,-3.066231722
30.71,-64.6087773,0.05556664482,0.5958024037,0.3181983748,0,-1.405865908,4.573076769,-3.066533189
30.72,-64.60978595,0.05556078185,0.5957866084,0.3182084495,0,-1.405396056,4.573283663,-3.066835784
30.73,-64.61079832,0.05555488979,0.5957708739,0.318218477,0,-1.404924294,4.573486428,-3.067139497
30.74,-64.61181439,0.05554896885,0.5957552002,0.3182284572,0,-1.404450641,4.573685074,-3.067444317
30.75,-64.61283411,0.05554301927,0.5957395874,0.3182383901,0,-1.403975115,4.573879612,-3.067750234
30.76,-64.61385746,0.05553704128,0.5957240356,0.3182482758,0,-1.403497734,4.574070053,-3.068057239
30.77,-64.6148844,0.05553103509,0.595708545,0.3182581141,0,-1.403018517,4.574256408,-3.068365321
30.78,-64.6159149,0.05552500094,0.5956931155,0.3182679052,0,-1.402537481,4.574438687,-3.068674471
30.79,-64.61694893,0.05551893905,0.5956777472,0.3182776489,0,-1.402054646,4.574616902,-3.068984679
30.8,-64.61798644,0.05551284965,0.5956624403,0.3182873454,0,-1.401570029,4.574791064,-3.069295933
30.81,-64.61902742,0.05550673296,0.5956471947,0.3182969944,0,-1.401083648,4.574961183,-3.069608226
30.82,-64.62007182,0.05550058922,0.5956320106,0.3183065962,0,-1.400595522,4.575127272,-3.069921546
30.83,-64.62111961,0.05549441864,0.595616888,0.3183161506,0,-1.400105668,4.575289341,-3.070235884
30.84,-64.62217076,0.05548822146,0.595601827,0.3183256576,0,-1.399614105,4.575447402,-3.070551229
30.85,-64.62322524,0.05548199789,0.5955868276,0.3183351172,0,-1.399120851,4.575601465,-3.070867573
30.86,-64.62428301,0.05547574817,0.59557189,0.3183445295,0,-1.398625924,4.575751543,-3.071184904
30.87,-64.62534405,0.05546947252,0.5955570141,0.3183538944,0,-1.398129342,4.575897647,-3.071503214
30.88,-64.62640831,0.05546317116,0.5955422001,0.3183632119,0,-1.397631123,4.576039788,-3.071822492
30.89,-64.62747576,0.05545684433,0.5955274479,0.318372482,0,-1.397131284,4.576177978,-3.072142728
30.9,-64.62854637,0.05545049224,0.5955127577,0.3183817047,0,-1.396629845,4.576312229,-3.072463912
30.91,-64.62962012,0.05544411512,0.5954981295,0.3183908801,0,-1.396126822,4.576442552,-3.072786035
30.92,-64.63069696,0.0554377132,0.5954835633,0.318400008,0,-1.395622234,4.576568959,-3.073109087
30.93,-64.63177686,0.0554312867,0.5954690593,0.3184090886,0,-1.395116098,4.576691461,-3.073433058
30.94,-64.63285979,0.05542483584,0.5954546174,0.3184181218,0,-1.394608433,4.576810072,-3.073757937
30.95,-64.63394572,0.05541836085,0.5954402378,0.3184271076,0,-1.394099255,4.576924801,-3.074083717
30.96,-64.63503462,0.05541186195,0.5954259204,0.318436046,0,-1.393588584,4.577035663,-3.074410385
30.97,-64.63612645,0.05540533937,0.5954116653,0.3184449371,0,-1.393076436,4.577142668,-3.074737934
30.98,-64.63722117,0.05539879333,0.5953974726,0.3184537807,0,-1.392562829,4.577245828,-3.075066352
30.99,-64.63831877,0.05539222405,0.5953833422,0.318462577,0,-1.392047782,4.577345156,-3.07539563
31,-64.6394192,0.05538563176,0.5953692743,0.318471326,0,-1.391531311,4.577440664,-3.075725759
31.01,-64.64052243,0.05537901668,0.5953552689,0.3184800276,0,-1.391013434,4.577532364,-3.076056728
31.02,-64.64162843,0.05537237903,0.595341326,0.3184886819,0,-1.390494169,4.577620269,-3.076388529
31.03,-64.64273717,0.05536571904,0.5953274457,0.3184972889,0,-1.389973533,4.57770439,-3.076721151
31.04,-64.64384861,0.05535903692,0.595313628,0.3185058485,0,-1.389451545,4.57778474,-3.077054584
31.05,-64.64496273,0.0553523329,0.5952998729,0.3185143609,0,-1.38892822,4.577861331,-3.077388819
31.06,-64.64607949,0.05534560721,0.5952861804,0.3185228259,0,-1.388403578,4.577934176,-3.077723846
31.07,-64.64719885,0.05533886005,0.5952725507,0.3185312437,0,-1.387877634,4.578003287,-3.078059656
31.08,-64.6483208,0.05533209166,0.5952589837,0.3185396142,0,-1.387350407,4.578068678,-3.078396239
31.09,-64.64944528,0.05532530225,0.5952454795,0.3185479375,0,-1.386821914,4.578130359,-3.078733585
31.1,-64.65057228,0.05531849205,0.595232038,0.3185562135,0,-1.386292172,4.578188345,-3.079071685
31.11,-64.65170176,0.05531166128,0.5952186594,0.3185644424,0,-1.385761198,4.578242647,-3.079410529
31.12,-64.65283369,0.05530481015,0.5952053436,0.318572624,0,-1.38522901,4.578293279,-3.079750108
31.13,-64.65396804,0.05529793889,0.5951920907,0.3185807585,0,-1.384695624,4.578340253,-3.080090411
31.14,-64.65510477,0.05529104771,0.5951789007,0.3185888458,0,-1.384161059,4.578383583,-3.08043143
31.15,-64.65624385,0.05528413684,0.5951657736,0.318596886,0,-1.38362533,4.57842328,-3.080773154
31.16,-64.65738525,0.05527720649,0.5951527094,0.3186048791,0,-1.383088456,4.578459357,-3.081115575
31.17,-64.65852894,0.05527025688,0.5951397082,0.3186128251,0,-1.382550452,4.578491829,-3.081458683
31.18,-64.65967489,0.05526328824,0.59512677,0.318620724,0,-1.382011337,4.578520707,-3.081802468
31.19,-64.66082307,0.05525630077,0.5951138947,0.3186285759,0,-1.381471126,4.578546005,-3.082146921
31.2,-64.66197344,0.0552492947,0.5951010824,0.3186363808,0,-1.380929837,4.578567735,-3.082492033
31.21,-64.66312598,0.05524227025,0.5950883332,0.3186441387,0,-1.380387487,4.578585912,-3.082837793
31.22,-64.66428065,0.05523522763,0.595075647,0.3186518496,0,-1.379844093,4.578600547,-3.083184194
31.23,-64.66543741,0.05522816705,0.5950630238,0.3186595136,0,-1.37929967,4.578611654,-3.083531224
31.24,-64.66659625,0.05522108874,0.5950504637,0.3186671307,0,-1.378754237,4.578619247,-3.083878875
31.25,-64.66775713,0.05521399291,0.5950379667,0.3186747009,0,-1.378207809,4.578623338,-3.084227138
31.26,-64.66892001,0.05520687978,0.5950255327,0.3186822243,0,-1.377660404,4.578623941,-3.084576002
31.27,-64.67008487,0.05519974956,0.5950131618,0.3186897009,0,-1.377112037,4.578621069,-3.08492546
31.28,-64.67125167,0.05519260246,0.5950008539,0.3186971306,0,-1.376562726,4.578614735,-3.085275501
31.29,-64.67242039,0.05518543871,0.5949886091,0.3187045137,0,-1.376012487,4.578604954,-3.085626116
31.3,-64.67359099,0.05517825851,0.5949764275,0.31871185,0,-1.375461336,4.578591737,-3.085977296
31.31,-64.67476344,0.05517106208,0.5949643089,0.3187191397,0,-1.374909289,4.5785751,-3.086329031
31.32,-64.67593771,0.05516384963,0.5949522534,0.3187263827,0,-1.374356364,4.578555054,-3.086681313
31.33,-64.67711377,0.05515662139,0.5949402609,0.3187335791,0,-1.373802576,4.578531614,-3.087034132
31.34,-64.6782916,0.05514937754,0.5949283316,0.3187407289,0,-1.373247942,4.578504794,-3.08738748
31.35,-64.67947115,0.05514211832,0.5949164653,0.3187478322,0,-1.372692478,4.578474606,-3.087741345
31.36,-64.6806524,0.05513484394,0.594904662,0.318754889,0,-1.3721362,4.578441065,-3.088095721
31.37,-64.68183532,0.05512755459,0.5948929219,0.3187618993,0,-1.371579124,4.578404184,-3.088450597
31.38,-64.68301988,0.05512025051,0.5948812448,0.3187688632,0,-1.371021266,4.578363977,-3.088805965
31.39,-64.68420605,0.05511293189,0.5948696307,0.3187757808,0,-1.370462643,4.578320457,-3.089161815
31.4,-64.68539379,0.05510559894,0.5948580797,0.318782652,0,-1.36990327,4.578273638,-3.089518138
31.41,-64.68658308,0.05509825188,0.5948465916,0.3187894769,0,-1.369343162,4.578223535,-3.089874925
31.42,-64.68777389,0.05509089092,0.5948351666,0.3187962556,0,-1.368782337,4.57817016,-3.090232168
31.43,-64.68896619,0.05508351626,0.5948238046,0.3188029881,0,-1.36822081,4.578113528,-3.090589856
31.44,-64.69015994,0.05507612812,0.5948125055,0.3188096744,0,-1.367658597,4.578053652,-3.090947982
31.45,-64.69135512,0.05506872669,0.5948012694,0.3188163146,0,-1.367095712,4.577990546,-3.091306536
31.46,-64.6925517,0.0550613122,0.5947900963,0.3188229087,0,-1.366532173,4.577924225,-3.091665509
31.47,-64.69374964,0.05505388484,0.5947789861,0.3188294569,0,-1.365967995,4.577854701,-3.092024892
31.48,-64.69494892,0.05504644483,0.5947679387,0.318835959,0,-1.365403192,4.57778199,-3.092384676
31.49,-64.69614951,0.05503899236,0.5947569543,0.3188424152,0,-1.364837782,4.577706105,-3.092744854
31.5,-64.69735138,0.05503152765,0.5947460326,0.3188488256,0,-1.364271778,4.57762706,-3.093105414
31.51,-64.6985545,0.0550240509,0.5947351739,0.3188551901,0,-1.363705197,4.577544869,-3.09346635
31.52,-64.69975884,0.05501656231,0.5947243779,0.3188615089,0,-1.363138054,4.577459546,-3.093827651
31.53,-64.70096437,0.0550090621,0.5947136447,0.3188677819,0,-1.362570365,4.577371105,-3.09418931
31.54,-64.70217106,0.05500155045,0.5947029743,0.3188740093,0,-1.362002144,4.57727956,-3.094551317
31.55,-64.70337888,0.05499402759,0.5946923665,0.3188801911,0,-1.361433406,4.577184926,-3.094913664
31.56,-64.7045878,0.0549864937,0.5946818215,0.3188863273,0,-1.360864168,4.577087216,-3.095276341
31.57,-64.7057978,0.054978949,0.5946713391,0.3188924179,0,-1.360294443,4.576986444,-3.095639341
31.58,-64.70700885,0.05497139368,0.5946609194,0.3188984632,0,-1.359724247,4.576882626,-3.096002654
31.59,-64.70822091,0.05496382795,0.5946505622,0.318904463,0,-1.359153595,4.576775774,-3.096366272
31.6,-64.70943396,0.054956252,0.5946402676,0.3189104175,0,-1.358582502,4.576665904,-3.096730187
31.61,-64.71064796,0.05494866604,0.5946300355,0.3189163267,0,-1.358010983,4.576553029,-3.097094389
31.62,-64.7118629,0.05494107026,0.5946198659,0.3189221907,0,-1.357439052,4.576437164,-3.09745887
31.63,-64.71307874,0.05493346488,0.5946097588,0.3189280096,0,-1.356866725,4.576318323,-3.097823621
31.64,-64.71429545,0.05492585008,0.594599714,0.3189337833,0,-1.356294016,4.57619652,-3.098188635
31.65,-64.71551301,0.05491822606,0.5945897317,0.318939512,0,-1.355720939,4.576071769,-3.098553902
31.66,-64.71673138,0.05491059302,0.5945798116,0.3189451957,0,-1.355147509,4.575944085,-3.098919414
31.67,-64.71795054,0.05490295116,0.5945699538,0.3189508345,0,-1.354573742,4.575813482,-3.099285162
31.68,-64.71917046,0.05489530068,0.5945601583,0.3189564284,0,-1.35399965,4.575679975,-3.099651138
31.69,-64.72039111,0.05488764177,0.5945504249,0.3189619775,0,-1.353425249,4.575543578,-3.100017334
31.7,-64.72161247,0.05487997462,0.5945407537,0.3189674819,0,-1.352850553,4.575404305,-3.100383742
31.71,-64.72283451,0.05487229944,0.5945311446,0.3189729416,0,-1.352275577,4.57526217,-3.100750352
31.72,-64.72405719,0.05486461641,0.5945215976,0.3189783567,0,-1.351700334,4.575117189,-3.101117156
31.73,-64.72528049,0.05485692574,0.5945121125,0.3189837273,0,-1.351124838,4.574969375,-3.101484147
31.74,-64.72650439,0.05484922761,0.5945026894,0.3189890534,0,-1.350549105,4.574818742,-3.101851316
31.75,-64.72772885,0.05484152221,0.5944933282,0.3189943351,0,-1.349973147,4.574665306,-3.102218654
31.76,-64.72895385,0.05483380975,0.5944840288,0.3189995724,0,-1.34939698,4.574509081,-3.102586154
31.77,-64.73017936,0.05482609041,0.5944747912,0.3190047655,0,-1.348820616,4.574350081,-3.102953807
31.78,-64.73140535,0.05481836438,0.5944656154,0.3190099144,0,-1.34824407,4.574188321,-3.103321605
31.79,-64.7326318,0.05481063185,0.5944565012,0.3190150191,0,-1.347667356,4.574023814,-3.10368954
31.8,-64.73385868,0.05480289301,0.5944474487,0.3190200798,0,-1.347090487,4.573856577,-3.104057604
31.81,-64.73508596,0.05479514806,0.5944384577,0.3190250965,0,-1.346513477,4.573686622,-3.104425789
31.82,-64.73631362,0.05478739718,0.5944295282,0.3190300693,0,-1.345936339,4.573513965,-3.104794086
31.83,-64.73754162,0.05477964056,0.5944206602,0.3190349982,0,-1.345359089,4.57333862,-3.105162487
31.84,-64.73876995,0.05477187838,0.5944118535,0.3190398834,0,-1.344781738,4.573160602,-3.105530985
31.85,-64.73999857,0.05476411084,0.5944031082,0.3190447249,0,-1.3442043,4.572979925,-3.105899572
31.86,-64.74122746,0.05475633812,0.5943944241,0.3190495227,0,-1.343626789,4.572796603,-3.106268239
31.87,-64.7424566,0.05474856041,0.5943858012,0.319054277,0,-1.343049218,4.572610652,-3.106636979
31.88,-64.74368594,0.05474077789,0.5943772395,0.3190589878,0,-1.342471601,4.572422086,-3.107005783
31.89,-64.74491548,0.05473299074,0.5943687388,0.3190636552,0,-1.34189395,4.572230919,-3.107374644
31.9,-64.74614518,0.05472519915,0.5943602991,0.3190682793,0,-1.341316279,4.572037165,-3.107743554
31.91,-64.74737502,0.05471740331,0.5943519203,0.3190728601,0,-1.340738601,4.571840841,-3.108112505
31.92,-64.74860497,0.0547096034,0.5943436024,0.3190773977,0,-1.340160928,4.571641959,-3.10848149
31.93,-64.749835,0.05470179959,0.5943353453,0.3190818923,0,-1.339583275,4.571440535,-3.1088505
31.94,-64.75106509,0.05469399208,0.5943271488,0.3190863438,0,-1.339005654,4.571236583,-3.109219528
31.95,-64.75229522,0.05468618103,0.5943190131,0.3190907525,0,-1.338428077,4.571030118,-3.109588566
31.96,-64.75352535,0.05467836664,0.5943109378,0.3190951182,0,-1.337850557,4.570821154,-3.109957606
31.97,-64.75475547,0.05467054908,0.5943029231,0.3190994412,0,-1.337273108,4.570609706,-3.110326641
31.98,-64.75598555,0.05466272852,0.5942949688,0.3191037215,0,-1.336695742,4.570395788,-3.110695664
31.99,-64.75721555,0.05465490516,0.5942870749,0.3191079592,0,-1.336118472,4.570179415,-3.111064665
32,-64.75844546,0.05464707916,0.5942792412,0.3191121543,0,-1.335541309,4.569960602,-3.111433639
32.01,-64.75967526,0.05463925071,0.5942714676,0.319116307,0,-1.334964267,4.569739363,-3.111802577
32.02,-64.7609049,0.05463141998,0.5942637542,0.3191204174,0,-1.334387358,4.569515713,-3.112171471
32.03,-64.76213438,0.05462358714,0.5942561009,0.3191244854,0,-1.333810595,4.569289666,-3.112540315
32.04,-64.76336367,0.05461575238,0.5942485074,0.3191285113,0,-1.333233989,4.569061238,-3.112909101
32.05,-64.76459274,0.05460791586,0.5942409739,0.319132495,0,-1.332657553,4.568830441,-3.113277822
32.06,-64.76582156,0.05460007776,0.5942335001,0.3191364367,0,-1.332081299,4.568597292,-3.113646469
32.07,-64.76705012,0.05459223825,0.594226086,0.3191403365,0,-1.331505239,4.568361804,-3.114015036
32.08,-64.76827839,0.0545843975,0.5942187315,0.3191441945,0,-1.330929385,4.568123992,-3.114383516
32.09,-64.76950634,0.0545765557,0.5942114366,0.3191480106,0,-1.33035375,4.567883871,-3.114751901
32.1,-64.77073394,0.054568713,0.594204201,0.3191517851,0,-1.329778345,4.567641456,-3.115120183
32.11,-64.77196119,0.05456086958,0.5941970249,0.319155518,0,-1.329203181,4.56739676,-3.115488356
32.12,-64.77318804,0.05455302561,0.594189908,0.3191592094,0,-1.328628272,4.567149799,-3.115856412
32.13,-64.77441448,0.05454518126,0.5941828503,0.3191628594,0,-1.328053628,4.566900586,-3.116224344
32.14,-64.77564048,0.0545373367,0.5941758516,0.3191664681,0,-1.327479261,4.566649137,-3.116592145
32.15,-64.77686603,0.05452949209,0.594168912,0.3191700355,0,-1.326905184,4.566395466,-3.116959808
32.16,-64.77809109,0.0545216476,0.5941620313,0.3191735618,0,-1.326331406,4.566139588,-3.117327326
32.17,-64.77931564,0.0545138034,0.5941552094,0.319177047,0,-1.32575794,4.565881516,-3.117694691
32.18,-64.78053966,0.05450595965,0.5941484461,0.3191804913,0,-1.325184798,4.565621266,-3.118061897
32.19,-64.78176312,0.05449811652,0.5941417416,0.3191838947,0,-1.32461199,4.565358853,-3.118428936
32.2,-64.78298601,0.05449027418,0.5941350955,0.3191872573,0,-1.324039528,4.565094289,-3.118795802
32.21,-64.78420829,0.05448243278,0.5941285079,0.3191905793,0,-1.323467423,4.564827591,-3.119162487
32.22,-64.78542995,0.0544745925,0.5941219786,0.3191938606,0,-1.322895687,4.564558772,-3.119528986
32.23,-64.78665097,0.05446675348,0.5941155075,0.3191971015,0,-1.32232433,4.564287847,-3.11989529
32.24,-64.78787131,0.05445891591,0.5941090946,0.319200302,0,-1.321753363,4.564014831,-3.120261393
32.25,-64.78909096,0.05445107992,0.5941027397,0.3192034621,0,-1.321182797,4.563739738,-3.120627288
32.26,-64.79030989,0.0544432457,0.5940964428,0.3192065821,0,-1.320612644,4.563462581,-3.120992968
32.27,-64.79152809,0.05443541339,0.5940902037,0.3192096619,0,-1.320042914,4.563183377,-3.121358427
32.28,-64.79274553,0.05442758315,0.5940840223,0.3192127017,0,-1.319473618,4.562902139,-3.121723658
32.29,-64.79396218,0.05441975515,0.5940778986,0.3192157016,0,-1.318904767,4.562618881,-3.122088654
32.3,-64.79517803,0.05441192953,0.5940718324,0.3192186617,0,-1.318336371,4.562333618,-3.122453409
32.31,-64.79639305,0.05440410647,0.5940658236,0.319221582,0,-1.317768441,4.562046364,-3.122817915
32.32,-64.79760722,0.0543962861,0.5940598721,0.3192244628,0,-1.317200987,4.561757135,-3.123182167
32.33,-64.79882052,0.0543884686,0.5940539779,0.319227304,0,-1.31663402,4.561465943,-3.123546157
32.34,-64.80003293,0.05438065411,0.5940481407,0.3192301057,0,-1.31606755,4.561172803,-3.123909879
32.35,-64.80124442,0.05437284278,0.5940423606,0.3192328681,0,-1.315501588,4.560877731,-3.124273327
32.36,-64.80245498,0.05436503478,0.5940366373,0.3192355913,0,-1.314936144,4.560580739,-3.124636494
32.37,-64.80366458,0.05435723025,0.5940309709,0.3192382754,0,-1.314371227,4.560281843,-3.124999373
32.38,-64.8048732,0.05434942934,0.5940253611,0.3192409205,0,-1.313806849,4.559981056,-3.125361959
32.39,-64.80608082,0.05434163222,0.5940198079,0.3192435266,0,-1.31324302,4.559678393,-3.125724245
32.4,-64.80728741,0.05433383901,0.5940143111,0.3192460938,0,-1.312679748,4.559373868,-3.126086224
32.41,-64.80849297,0.05432604989,0.5940088707,0.3192486224,0,-1.312117045,4.559067496,-3.12644789
32.42,-64.80969746,0.05431826498,0.5940034865,0.3192511123,0,-1.31155492,4.55875929,-3.126809237
32.43,-64.81090086,0.05431048446,0.5939981584,0.3192535637,0,-1.310993383,4.558449265,-3.127170259
32.44,-64.81210316,0.05430270845,0.5939928863,0.3192559767,0,-1.310432443,4.558137435,-3.127530949
32.45,-64.81330434,0.05429493711,0.5939876701,0.3192583514,0,-1.309872111,4.557823814,-3.127891301
32.46,-64.81450436,0.05428717058,0.5939825097,0.3192606879,0,-1.309312396,4.557508416,-3.128251309
32.47,-64.81570322,0.05427940902,0.5939774049,0.3192629862,0,-1.308753308,4.557191256,-3.128610967
32.48,-64.8169009,0.05427165256,0.5939723557,0.3192652466,0,-1.308194855,4.556872347,-3.128970269
32.49,-64.81809736,0.05426390134,0.5939673618,0.319267469,0,-1.307637049,4.556551704,-3.129329209
32.5,-64.8192926,0.05425615552,0.5939624233,0.3192696537,0,-1.307079897,4.55622934,-3.12968778
32.51,-64.82048659,0.05424841523,0.59395754,0.3192718007,0,-1.306523409,4.555905271,-3.130045977
32.52,-64.82167931,0.05424068061,0.5939527117,0.3192739101,0,-1.305967595,4.555579509,-3.130403793
32.53,-64.82287074,0.05423295181,0.5939479384,0.319275982,0,-1.305412464,4.555252069,-3.130761223
32.54,-64.82406087,0.05422522897,0.5939432199,0.3192780166,0,-1.304858024,4.554922965,-3.131118261
32.55,-64.82524967,0.05421751222,0.5939385561,0.3192800139,0,-1.304304286,4.55459221,-3.131474901
32.56,-64.82643713,0.0542098017,0.5939339469,0.319281974,0,-1.303751257,4.55425982,-3.131831138
32.57,-64.82762321,0.05420209756,0.5939293922,0.3192838971,0,-1.303198947,4.553925807,-3.132186964
32.58,-64.82880792,0.05419439993,0.5939248917,0.3192857833,0,-1.302647365,4.553590185,-3.132542375
32.59,-64.82999122,0.05418670895,0.5939204455,0.3192876326,0,-1.302096519,4.553252969,-3.132897365
32.6,-64.83117309,0.05417902475,0.5939160534,0.3192894452,0,-1.301546419,4.552914173,-3.133251928
32.61,-64.83235353,0.05417134746,0.5939117152,0.3192912212,0,-1.300997072,4.552573809,-3.133606058
32.62,-64.8335325,0.05416367723,0.5939074309,0.3192929607,0,-1.300448488,4.552231893,-3.13395975
32.63,-64.83470999,0.05415601418,0.5939032003,0.3192946638,0,-1.299900675,4.551888438,-3.134312998
32.64,-64.83588599,0.05414835845,0.5938990232,0.3192963307,0,-1.299353642,4.551543457,-3.134665797
32.65,-64.83706047,0.05414071017,0.5938948996,0.3192979613,0,-1.298807397,4.551196964,-3.13501814
32.66,-64.83823341,0.05413306947,0.5938908294,0.3192995559,0,-1.298261948,4.550848974,-3.135370023
32.67,-64.8394048,0.05412543649,0.5938868123,0.3193011146,0,-1.297717304,4.550499499,-3.13572144
32.68,-64.84057462,0.05411781135,0.5938828483,0.3193026374,0,-1.297173473,4.550148554,-3.136072386
32.69,-64.84174285,0.05411019418,0.5938789372,0.3193041245,0,-1.296630463,4.549796152,-3.136422855
32.7,-64.84290947,0.05410258511,0.5938750789,0.319305576,0,-1.296088283,4.549442307,-3.136772841
32.71,-64.84407447,0.05409498426,0.5938712733,0.319306992,0,-1.295546939,4.549087032,-3.13712234
32.72,-64.84523782,0.05408739178,0.5938675203,0.3193083725,0,-1.295006442,4.548730342,-3.137471346
32.73,-64.84639951,0.05407980777,0.5938638196,0.3193097179,0,-1.294466797,4.548372248,-3.137819854
32.74,-64.84755953,0.05407223237,0.5938601713,0.319311028,0,-1.293928014,4.548012766,-3.138167858
32.75,-64.84871784,0.0540646657,0.593856575,0.3193123031,0,-1.2933901,4.547651909,-3.138515353
32.76,-64.84987445,0.05405710789,0.5938530308,0.3193135433,0,-1.292853062,4.547289689,-3.138862335
32.77,-64.85102932,0.05404955905,0.5938495385,0.3193147486,0,-1.292316909,4.546926121,-3.139208797
32.78,-64.85218245,0.05404201931,0.5938460979,0.3193159192,0,-1.291781648,4.546561218,-3.139554736
32.79,-64.85333382,0.0540344888,0.5938427089,0.3193170553,0,-1.291247287,4.546194993,-3.139900145
32.8,-64.8544834,0.05402696763,0.5938393713,0.3193181568,0,-1.290713833,4.545827459,-3.140245019
32.81,-64.85563118,0.05401945593,0.5938360851,0.319319224,0,-1.290181293,4.545458631,-3.140589355
32.82,-64.85677715,0.05401195381,0.5938328501,0.3193202569,0,-1.289649676,4.545088521,-3.140933146
32.83,-64.85792129,0.05400446139,0.5938296661,0.3193212557,0,-1.289118988,4.544717143,-3.141276387
32.84,-64.85906358,0.05399697879,0.5938265331,0.3193222205,0,-1.288589236,4.544344509,-3.141619074
32.85,-64.86020401,0.05398950613,0.5938234508,0.3193231514,0,-1.288060428,4.543970634,-3.141961203
32.86,-64.86134256,0.05398204353,0.5938204192,0.3193240485,0,-1.287532572,4.54359553,-3.142302767
32.87,-64.86247921,0.05397459109,0.593817438,0.3193249119,0,-1.287005673,4.54321921,-3.142643762
32.88,-64.86361395,0.05396714894,0.5938145073,0.3193257418,0,-1.28647974,4.542841688,-3.142984184
32.89,-64.86474676,0.05395971719,0.5938116267,0.3193265383,0,-1.285954778,4.542462977,-3.143324027
32.9,-64.86587762,0.05395229595,0.5938087962,0.3193273014,0,-1.285430796,4.542083089,-3.143663287
32.91,-64.86700653,0.05394488534,0.5938060157,0.3193280313,0,-1.2849078,4.541702038,-3.14400196
32.92,-64.86813347,0.05393748546,0.5938032849,0.3193287281,0,-1.284385796,4.541319837,-3.14434004
32.93,-64.86925841,0.05393009644,0.5938006038,0.319329392,0,-1.283864791,4.540936499,-3.144677522
32.94,-64.87038134,0.05392271837,0.5937979723,0.319330023,0,-1.283344793,4.540552037,-3.145014403
32.95,-64.87150226,0.05391535138,0.59379539,0.3193306213,0,-1.282825807,4.540166463,-3.145350678
32.96,-64.87262114,0.05390799556,0.593792857,0.319331187,0,-1.28230784,4.539779791,-3.145686341
32.97,-64.87373797,0.05390065103,0.5937903731,0.3193317202,0,-1.281790899,4.539392033,-3.14602139
32.98,-64.87485273,0.0538933179,0.5937879381,0.319332221,0,-1.281274991,4.539003202,-3.146355818
32.99,-64.87596541,0.05388599627,0.5937855519,0.3193326895,0,-1.28076012,4.538613312,-3.146689623
33,-64.87707599,0.05387868624,0.5937832143,0.3193331259,0,-1.280246295,4.538222374,-3.147022798
33.01,-64.87818447,0.05387138793,0.5937809252,0.3193335303,0,-1.279733521,4.537830402,-3.147355341
33.02,-64.87929082,0.05386410144,0.5937786845,0.3193339028,0,-1.279221804,4.537437408,-3.147687246
33.03,-64.88039503,0.05385682687,0.5937764919,0.3193342435,0,-1.278711151,4.537043406,-3.14801851
33.04,-64.88149709,0.05384956433,0.5937743474,0.3193345526,0,-1.278201567,4.536648406,-3.148349127
33.05,-64.88259698,0.05384231391,0.5937722509,0.3193348301,0,-1.277693058,4.536252423,-3.148679095
33.06,-64.88369469,0.05383507573,0.5937702021,0.3193350762,0,-1.277185632,4.535855468,-3.149008407
33.07,-64.88479021,0.05382784987,0.5937682008,0.319335291,0,-1.276679293,4.535457555,-3.149337062
33.08,-64.88588351,0.05382063645,0.5937662471,0.3193354746,0,-1.276174047,4.535058695,-3.149665053
33.09,-64.88697459,0.05381343556,0.5937643407,0.3193356272,0,-1.2756699,4.534658902,-3.149992378
33.1,-64.88806344,0.05380624729,0.5937624814,0.3193357488,0,-1.275166859,4.534258187,-3.150319032
33.11,-64.88915003,0.05379907176,0.5937606691,0.3193358396,0,-1.274664928,4.533856563,-3.15064501
33.12,-64.89023437,0.05379190905,0.5937589037,0.3193358997,0,-1.274164113,4.533454043,-3.15097031
33.13,-64.89131642,0.05378475926,0.593757185,0.3193359293,0,-1.27366442,4.533050638,-3.151294927
33.14,-64.89239619,0.05377762249,0.5937555129,0.3193359284,0,-1.273165854,4.532646362,-3.151618857
33.15,-64.89347365,0.05377049883,0.5937538871,0.3193358971,0,-1.272668422,4.532241225,-3.151942095
33.16,-64.8945488,0.05376338838,0.5937523077,0.3193358357,0,-1.272172127,4.531835241,-3.152264639
33.17,-64.89562162,0.05375629123,0.5937507743,0.3193357441,0,-1.271676976,4.531428422,-3.152586485
33.18,-64.89669209,0.05374920747,0.5937492869,0.3193356226,0,-1.271182974,4.531020779,-3.152907628
33.19,-64.89776022,0.0537421372,0.5937478453,0.3193354713,0,-1.270690126,4.530612325,-3.153228065
33.2,-64.89882597,0.05373508051,0.5937464493,0.3193352902,0,-1.270198438,4.530203073,-3.153547792
33.21,-64.89988935,0.05372803748,0.5937450988,0.3193350796,0,-1.269707914,4.529793033,-3.153866805
33.22,-64.90095033,0.05372100822,0.5937437937,0.3193348394,0,-1.26921856,4.529382218,-3.1541851
33.23,-64.90200892,0.0537139928,0.5937425337,0.3193345699,0,-1.26873038,4.52897064,-3.154502675
33.24,-64.90306508,0.05370699132,0.5937413188,0.3193342712,0,-1.26824338,4.528558311,-3.154819525
33.25,-64.90411882,0.05370000386,0.5937401487,0.3193339433,0,-1.267757564,4.528145243,-3.155135646
33.26,-64.90517012,0.05369303052,0.5937390234,0.3193335865,0,-1.267272937,4.527731448,-3.155451036
33.27,-64.90621897,0.05368607137,0.5937379426,0.3193332008,0,-1.266789505,4.527316937,-3.15576569
33.28,-64.90726535,0.05367912651,0.5937369063,0.3193327864,0,-1.266307272,4.526901722,-3.156079605
33.29,-64.90830926,0.05367219602,0.5937359142,0.3193323434,0,-1.265826242,4.526485816,-3.156392778
33.3,-64.90935068,0.05366527998,0.5937349662,0.3193318718,0,-1.265346421,4.526069229,-3.156705204
33.31,-64.91038961,0.05365837847,0.5937340621,0.3193313719,0,-1.264867813,4.525651973,-3.157016882
33.32,-64.91142602,0.05365149159,0.5937332019,0.3193308438,0,-1.264390422,4.525234061,-3.157327807
33.33,-64.91245992,0.05364461941,0.5937323852,0.3193302875,0,-1.263914253,4.524815503,-3.157637976
33.34,-64.91349129,0.05363776201,0.593731612,0.3193297032,0,-1.26343931,4.524396311,-3.157947386
33.35,-64.91452011,0.05363091948,0.5937308822,0.319329091,0,-1.262965598,4.523976497,-3.158256033
33.36,-64.91554638,0.05362409189,0.5937301955,0.3193284511,0,-1.262493122,4.523556072,-3.158563914
33.37,-64.91657009,0.05361727933,0.5937295518,0.3193277836,0,-1.262021884,4.523135047,-3.158871026
33.38,-64.91759122,0.05361048186,0.5937289509,0.3193270885,0,-1.261551891,4.522713435,-3.159177365
33.39,-64.91860977,0.05360369958,0.5937283928,0.3193263661,0,-1.261083145,4.522291246,-3.15948293
33.4,-64.91962572,0.05359693256,0.5937278771,0.3193256164,0,-1.260615651,4.521868491,-3.159787715
33.41,-64.92063906,0.05359018087,0.5937274038,0.3193248396,0,-1.260149413,4.521445183,-3.160091719
33.42,-64.9216498,0.05358344459,0.5937269727,0.3193240358,0,-1.259684435,4.521021331,-3.160394939
33.43,-64.9226579,0.0535767238,0.5937265837,0.3193232051,0,-1.259220721,4.520596948,-3.16069737
33.44,-64.92366337,0.05357001857,0.5937262365,0.3193223476,0,-1.258758275,4.520172045,-3.160999011
33.45,-64.92466619,0.05356332897,0.5937259311,0.3193214635,0,-1.258297101,4.519746632,-3.161299858
33.46,-64.92566636,0.05355665507,0.5937256673,0.3193205528,0,-1.257837203,4.519320722,-3.161599908
33.47,-64.92666386,0.05354999696,0.5937254448,0.3193196158,0,-1.257378584,4.518894324,-3.161899158
33.48,-64.92765869,0.0535433547,0.5937252636,0.3193186525,0,-1.256921249,4.518467449,-3.162197606
33.49,-64.92865083,0.05353672836,0.5937251235,0.3193176631,0,-1.2564652,4.51804011,-3.162495249
33.5,-64.92964028,0.05353011801,0.5937250244,0.3193166477,0,-1.256010441,4.517612317,-3.162792083
33.51,-64.93062702,0.05352352372,0.5937249659,0.3193156063,0,-1.255556977,4.51718408,-3.163088107
33.52,-64.93161106,0.05351694556,0.5937249481,0.3193145392,0,-1.255104811,4.51675541,-3.163383317
33.53,-64.93259237,0.05351038361,0.5937249708,0.3193134465,0,-1.254653945,4.516326319,-3.16367771
33.54,-64.93357095,0.05350383792,0.5937250337,0.3193123282,0,-1.254204384,4.515896817,-3.163971284
33.55,-64.93454679,0.05349730856,0.5937251367,0.3193111846,0,-1.253756131,4.515466914,-3.164264036
33.56,-64.93551988,0.0534907956,0.5937252797,0.3193100157,0,-1.253309189,4.515036622,-3.164555963
33.57,-64.93649021,0.05348429911,0.5937254625,0.3193088216,0,-1.252863562,4.514605952,-3.164847064
33.58,-64.93745778,0.05347781915,0.5937256849,0.3193076025,0,-1.252419252,4.514174913,-3.165137334
33.59,-64.93842258,0.05347135578,0.5937259469,0.3193063585,0,-1.251976263,4.513743516,-3.165426773
33.6,-64.93938459,0.05346490907,0.5937262481,0.3193050898,0,-1.251534599,4.513311772,-3.165715376
33.61,-64.94034381,0.05345847908,0.5937265884,0.3193037963,0,-1.251094262,4.512879691,-3.166003143
33.62,-64.94130023,0.05345206587,0.5937269678,0.3193024784,0,-1.250655255,4.512447284,-3.166290069
33.63,-64.94225385,0.05344566951,0.593727386,0.3193011361,0,-1.250217581,4.512014561,-3.166576154
33.64,-64.94320464,0.05343929006,0.5937278428,0.3192997695,0,-1.249781243,4.511581533,-3.166861393
33.65,-64.94415262,0.05343292756,0.5937283381,0.3192983787,0,-1.249346245,4.51114821,-3.167145786
33.66,-64.94509777,0.0534265821,0.5937288718,0.319296964,0,-1.248912589,4.510714601,-3.16742933
33.67,-64.94604007,0.05342025372,0.5937294437,0.3192955253,0,-1.248480277,4.510280718,-3.167712022
33.68,-64.94697953,0.05341394248,0.5937300535,0.3192940628,0,-1.248049313,4.509846571,-3.167993859
33.69,-64.94791614,0.05340764843,0.5937307012,0.3192925767,0,-1.247619699,4.509412169,-3.168274841
33.7,-64.94884988,0.05340137165,0.5937313866,0.3192910671,0,-1.247191439,4.508977523,-3.168554965
33.71,-64.94978076,0.05339511218,0.5937321095,0.319289534,0,-1.246764534,4.508542643,-3.168834227
33.72,-64.95070876,0.05338887007,0.5937328698,0.3192879777,0,-1.246338987,4.508107539,-3.169112627
33.73,-64.95163387,0.05338264539,0.5937336672,0.3192863983,0,-1.245914801,4.50767222,-3.169390162
33.74,-64.9525561,0.05337643819,0.5937345017,0.3192847958,0,-1.245491979,4.507236698,-3.16966683
33.75,-64.95347543,0.05337024852,0.593735373,0.3192831703,0,-1.245070522,4.506800981,-3.169942629
33.76,-64.95439185,0.05336407643,0.5937362811,0.3192815221,0,-1.244650433,4.50636508,-3.170217556
33.77,-64.95530537,0.05335792198,0.5937372257,0.3192798513,0,-1.244231715,4.505929004,-3.170491611
33.78,-64.95621597,0.05335178521,0.5937382066,0.3192781579,0,-1.24381437,4.505492763,-3.17076479
33.79,-64.95712364,0.05334566619,0.5937392238,0.3192764421,0,-1.2433984,4.505056368,-3.171037092
33.8,-64.95802838,0.05333956495,0.593740277,0.319274704,0,-1.242983807,4.504619827,-3.171308514
33.81,-64.95893019,0.05333348156,0.593741366,0.3192729438,0,-1.242570594,4.50418315,-3.171579056
33.82,-64.95982905,0.05332741605,0.5937424908,0.3192711615,0,-1.242158763,4.503746347,-3.171848715
33.83,-64.96072496,0.05332136848,0.5937436512,0.3192693573,0,-1.241748316,4.503309428,-3.172117489
33.84,-64.96161792,0.0533153389,0.5937448469,0.3192675313,0,-1.241339254,4.502872401,-3.172385376
33.85,-64.96250792,0.05330932734,0.5937460779,0.3192656836,0,-1.240931581,4.502435277,-3.172652375
33.86,-64.96339494,0.05330333387,0.5937473439,0.3192638144,0,-1.240525297,4.501998065,-3.172918483
33.87,-64.964279,0.05329735852,0.5937486448,0.3192619238,0,-1.240120405,4.501560774,-3.1731837
33.88,-64.96516008,0.05329140134,0.5937499804,0.3192600119,0,-1.239716908,4.501123414,-3.173448023
33.89,-64.96603817,0.05328546238,0.5937513506,0.3192580788,0,-1.239314805,4.500685994,-3.17371145
33.9,-64.96691327,0.05327954167,0.5937527552,0.3192561246,0,-1.238914101,4.500248523,-3.17397398
33.91,-64.96778537,0.05327363927,0.5937541941,0.3192541496,0,-1.238514795,4.499811011,-3.174235612
33.92,-64.96865448,0.05326775521,0.593755667,0.3192521537,0,-1.238116891,4.499373466,-3.174496344
33.93,-64.96952058,0.05326188954,0.5937571738,0.3192501371,0,-1.237720389,4.498935899,-3.174756173
33.94,-64.97038366,0.05325604231,0.5937587143,0.3192481,0,-1.237325291,4.498498317,-3.175015099
33.95,-64.97124373,0.05325021354,0.5937602884,0.3192460425,0,-1.2369316,4.49806073,-3.17527312
33.96,-64.97210078,0.05324440328,0.593761896,0.3192439646,0,-1.236539316,4.497623147,-3.175530235
33.97,-64.9729548,0.05323861158,0.5937635368,0.3192418665,0,-1.236148441,4.497185577,-3.175786441
33.98,-64.97380579,0.05323283846,0.5937652106,0.3192397484,0,-1.235758976,4.496748029,-3.176041738
33.99,-64.97465375,0.05322708397,0.5937669174,0.3192376103,0,-1.235370924,4.496310512,-3.176296125
34,-64.97549866,0.05322134816,0.5937686569,0.3192354524,0,-1.234984285,4.495873034,-3.176549599
34.01,-64.97634053,0.05321563104,0.5937704291,0.3192332748,0,-1.234599061,4.495435605,-3.176802159
34.02,-64.97717935,0.05320993267,0.5937722336,0.3192310776,0,-1.234215253,4.494998233,-3.177053804
34.03,-64.97801511,0.05320425307,0.5937740704,0.319228861,0,-1.233832862,4.494560927,-3.177304534
34.04,-64.97884782,0.05319859229,0.5937759393,0.319226625,0,-1.233451891,4.494123696,-3.177554345
34.05,-64.97967746,0.05319295036,0.5937778401,0.3192243699,0,-1.233072339,4.493686548,-3.177803238
34.06,-64.98050404,0.05318732731,0.5937797727,0.3192220956,0,-1.232694208,4.493249492,-3.178051211
34.07,-64.98132754,0.05318172318,0.5937817369,0.3192198024,0,-1.232317499,4.492812536,-3.178298262
34.08,-64.98214797,0.053176138,0.5937837326,0.3192174903,0,-1.231942214,4.492375689,-3.178544391
34.09,-64.98296532,0.0531705718,0.5937857595,0.3192151594,0,-1.231568354,4.49193896,-3.178789596
34.1,-64.98377959,0.05316502462,0.5937878175,0.31921281,0,-1.231195918,4.491502356,-3.179033877
34.11,-64.98459077,0.05315949648,0.5937899064,0.3192104421,0,-1.23082491,4.491065886,-3.179277231
34.12,-64.98539886,0.05315398742,0.5937920262,0.3192080558,0,-1.230455328,4.490629559,-3.179519659
34.13,-64.98620386,0.05314849747,0.5937941765,0.3192056513,0,-1.230087176,4.490193383,-3.179761158
34.14,-64.98700576,0.05314302666,0.5937963573,0.3192032287,0,-1.229720452,4.489757366,-3.180001729
34.15,-64.98780456,0.05313757502,0.5937985684,0.3192007881,0,-1.229355158,4.489321516,-3.180241369
34.16,-64.98860026,0.05313214258,0.5938008097,0.3191983295,0,-1.228991296,4.488885842,-3.180480078
34.17,-64.98939285,0.05312672936,0.5938030808,0.3191958533,0,-1.228628865,4.488450351,-3.180717855
34.18,-64.99018233,0.05312133539,0.5938053818,0.3191933593,0,-1.228267866,4.488015052,-3.1809547
34.19,-64.9909687,0.0531159607,0.5938077124,0.3191908479,0,-1.227908301,4.487579952,-3.18119061
34.2,-64.99175195,0.05311060532,0.5938100725,0.3191883191,0,-1.22755017,4.487145061,-3.181425586
34.21,-64.99253209,0.05310526928,0.5938124619,0.3191857729,0,-1.227193473,4.486710384,-3.181659626
34.22,-64.9933091,0.05309995259,0.5938148804,0.3191832097,0,-1.226838211,4.486275932,-3.181892729
34.23,-64.99408298,0.05309465528,0.5938173279,0.3191806293,0,-1.226484384,4.485841711,-3.182124895
34.24,-64.99485374,0.05308937738,0.5938198042,0.3191780321,0,-1.226131994,4.485407729,-3.182356123
34.25,-64.99562138,0.05308411891,0.5938223092,0.319175418,0,-1.225781041,4.484973994,-3.182586413
34.26,-64.99638587,0.0530788799,0.5938248426,0.3191727873,0,-1.225431524,4.484540514,-3.182815762
34.27,-64.99714724,0.05307366036,0.5938274044,0.31917014,0,-1.225083446,4.484107297,-3.183044172
34.28,-64.99790547,0.05306846032,0.5938299944,0.3191674763,0,-1.224736805,4.483674349,-3.18327164
34.29,-64.99866056,0.0530632798,0.5938326123,0.3191647962,0,-1.224391603,4.48324168,-3.183498167
34.3,-64.99941251,0.05305811883,0.5938352581,0.3191620999,0,-1.224047839,4.482809295,-3.183723752
34.31,-65.00016131,0.05305297741,0.5938379315,0.3191593875,0,-1.223705514,4.482377204,-3.183948393
34.32,-65.00090697,0.05304785558,0.5938406325,0.3191566592,0,-1.223364628,4.481945413,-3.184172091
34.33,-65.00164948,0.05304275336,0.5938433608,0.319153915,0,-1.223025182,4.48151393,-3.184394845
34.34,-65.00238885,0.05303767075,0.5938461164,0.319151155,0,-1.222687176,4.481082762,-3.184616654
34.35,-65.00312506,0.05303260778,0.5938488989,0.3191483795,0,-1.222350609,4.480651917,-3.184837518
34.36,-65.00385812,0.05302756447,0.5938517083,0.3191455884,0,-1.222015483,4.480221401,-3.185057437
34.37,-65.00458803,0.05302254084,0.5938545444,0.319142782,0,-1.221681796,4.479791223,-3.185276409
34.38,-65.00531478,0.0530175369,0.5938574071,0.3191399602,0,-1.22134955,4.47936139,-3.185494435
34.39,-65.00603838,0.05301255267,0.5938602961,0.3191371234,0,-1.221018744,4.478931907,-3.185711514
34.4,-65.00675882,0.05300758816,0.5938632113,0.3191342715,0,-1.220689378,4.478502784,-3.185927645
34.41,-65.00747609,0.05300264339,0.5938661526,0.3191314046,0,-1.220361452,4.478074027,-3.186142828
34.42,-65.00819021,0.05299771838,0.5938691199,0.319128523,0,-1.220034967,4.477645643,-3.186357063
34.43,-65.00890117,0.05299281313,0.5938721128,0.3191256267,0,-1.219709921,4.477217638,-3.18657035
34.44,-65.00960896,0.05298792767,0.5938751313,0.3191227158,0,-1.219386315,4.476790021,-3.186782687
34.45,-65.01031359,0.05298306201,0.5938781752,0.3191197904,0,-1.219064149,4.476362797,-3.186994076
34.46,-65.01101505,0.05297821615,0.5938812444,0.3191168508,0,-1.218743423,4.475935975,-3.187204514
34.47,-65.01171335,0.05297339012,0.5938843387,0.3191138969,0,-1.218424136,4.47550956,-3.187414004
34.48,-65.01240848,0.05296858392,0.5938874579,0.3191109288,0,-1.218106289,4.47508356,-3.187622543
34.49,-65.01310044,0.05296379757,0.5938906019,0.3191079468,0,-1.21778988,4.474657981,-3.187830132
34.5,-65.01378924,0.05295903107,0.5938937705,0.3191049509,0,-1.21747491,4.47423283,-3.188036771
34.51,-65.01447486,0.05295428444,0.5938969636,0.3191019413,0,-1.217161378,4.473808114,-3.188242459
34.52,-65.01515732,0.05294955768,0.5939001809,0.319098918,0,-1.216849284,4.473383839,-3.188447196
34.53,-65.01583661,0.05294485081,0.5939034224,0.3190958811,0,-1.216538628,4.472960013,-3.188650983
34.54,-65.01651273,0.05294016384,0.5939066879,0.3190928308,0,-1.216229409,4.472536641,-3.188853819
34.55,-65.01718568,0.05293549677,0.5939099771,0.3190897673,0,-1.215921627,4.47211373,-3.189055703
34.56,-65.01785546,0.05293084961,0.5939132901,0.3190866905,0,-1.21561528,4.471691287,-3.189256637
34.57,-65.01852207,0.05292622237,0.5939166265,0.3190836006,0,-1.21531037,4.471269318,-3.18945662
34.58,-65.0191855,0.05292161506,0.5939199863,0.3190804978,0,-1.215006895,4.470847829,-3.189655651
34.59,-65.01984577,0.05291702767,0.5939233693,0.3190773821,0,-1.214704855,4.470426828,-3.189853731
34.6,-65.02050287,0.05291246023,0.5939267753,0.3190742537,0,-1.214404248,4.470006319,-3.19005086
34.61,-65.0211568,0.05290791274,0.5939302042,0.3190711126,0,-1.214105075,4.46958631,-3.190247039
34.62,-65.02180755,0.05290338519,0.5939336557,0.3190679591,0,-1.213807335,4.469166807,-3.190442266
34.63,-65.02245514,0.0528988776,0.5939371299,0.3190647931,0,-1.213511028,4.468747816,-3.190636542
34.64,-65.02309956,0.05289438997,0.5939406264,0.3190616148,0,-1.213216152,4.468329343,-3.190829867
34.65,-65.02374081,0.0528899223,0.5939441452,0.3190584243,0,-1.212922706,4.467911394,-3.191022242
34.66,-65.02437889,0.0528854746,0.593947686,0.3190552218,0,-1.212630691,4.467493976,-3.191213666
34.67,-65.0250138,0.05288104686,0.5939512488,0.3190520073,0,-1.212340105,4.467077094,-3.19140414
34.68,-65.02564554,0.0528766391,0.5939548334,0.319048781,0,-1.212050948,4.466660754,-3.191593663
34.69,-65.02627412,0.05287225131,0.5939584396,0.3190455429,0,-1.211763218,4.466244963,-3.191782237
34.7,-65.02689953,0.0528678835,0.5939620672,0.3190422932,0,-1.211476915,4.465829726,-3.19196986
34.71,-65.02752178,0.05286353567,0.5939657161,0.3190390319,0,-1.211192038,4.465415049,-3.192156534
34.72,-65.02814086,0.05285920781,0.5939693862,0.3190357593,0,-1.210908587,4.465000938,-3.192342259
34.73,-65.02875678,0.05285489993,0.5939730773,0.3190324753,0,-1.210626559,4.464587399,-3.192527035
34.74,-65.02936954,0.05285061203,0.5939767892,0.3190291802,0,-1.210345955,4.464174438,-3.192710862
34.75,-65.02997914,0.05284634411,0.5939805219,0.319025874,0,-1.210066773,4.46376206,-3.192893741
34.76,-65.03058557,0.05284209617,0.593984275,0.3190225568,0,-1.209789012,4.463350271,-3.193075671
34.77,-65.03118885,0.05283786819,0.5939880485,0.3190192287,0,-1.209512671,4.462939077,-3.193256654
34.78,-65.03178897,0.0528336602,0.5939918422,0.3190158899,0,-1.20923775,4.462528483,-3.19343669
34.79,-65.03238593,0.05282947217,0.5939956561,0.3190125405,0,-1.208964247,4.462118494,-3.193615779
34.8,-65.03297974,0.05282530411,0.5939994898,0.3190091805,0,-1.208692161,4.461709118,-3.193793921
34.81,-65.03357039,0.05282115602,0.5940033433,0.3190058101,0,-1.208421491,4.461300358,-3.193971117
34.82,-65.03415789,0.05281702789,0.5940072164,0.3190024293,0,-1.208152235,4.46089222,-3.194147368
34.83,-65.03474224,0.05281291972,0.5940111089,0.3189990384,0,-1.207884394,4.46048471,-3.194322673
34.84,-65.03532345,0.0528088315,0.5940150208,0.3189956373,0,-1.207617964,4.460077833,-3.194497034
34.85,-65.0359015,0.05280476323,0.5940189518,0.3189922263,0,-1.207352946,4.459671595,-3.19467045
34.86,-65.03647641,0.0528007149,0.5940229018,0.3189888053,0,-1.207089338,4.459266,-3.194842923
34.87,-65.03704818,0.05279668651,0.5940268707,0.3189853746,0,-1.206827139,4.458861054,-3.195014453
34.88,-65.0376168,0.05279267806,0.5940308582,0.3189819341,0,-1.206566347,4.458456763,-3.19518504
34.89,-65.03818228,0.05278868953,0.5940348643,0.3189784841,0,-1.206306962,4.458053131,-3.195354685
34.9,-65.03874463,0.05278472092,0.5940388888,0.3189750247,0,-1.206048981,4.457650163,-3.195523389
34.91,-65.03930384,0.05278077222,0.5940429316,0.3189715558,0,-1.205792403,4.457247865,-3.195691152
34.92,-65.03985992,0.05277684343,0.5940469924,0.3189680777,0,-1.205537228,4.456846242,-3.195857975
34.93,-65.04041286,0.05277293453,0.5940510712,0.3189645905,0,-1.205283454,4.456445298,-3.196023859
34.94,-65.04096268,0.05276904552,0.5940551678,0.3189610942,0,-1.205031079,4.45604504,-3.196188803
34.95,-65.04150937,0.05276517639,0.594059282,0.3189575889,0,-1.204780102,4.45564547,-3.19635281
34.96,-65.04205293,0.05276132714,0.5940634137,0.3189540748,0,-1.204530521,4.455246596,-3.196515879
34.97,-65.04259337,0.05275749774,0.5940675628,0.318950552,0,-1.204282335,4.45484842,-3.196678011
34.98,-65.04313069,0.0527536882,0.594071729,0.3189470205,0,-1.204035543,4.454450949,-3.196839208
34.99,-65.0436649,0.05274989849,0.5940759124,0.3189434805,0,-1.203790143,4.454054188,-3.196999469
35,-65.04419598,0.05274612862,0.5940801126,0.3189399321,0,-1.203546133,4.453658139,-3.197158795
35.01,-65.04472396,0.05274237857,0.5940843295,0.3189363753,0,-1.203303512,4.45326281,-3.197317188
35.02,-65.04524883,0.05273864832,0.5940885631,0.3189328104,0,-1.203062278,4.452868204,-3.197474648
35.03,-65.04577059,0.05273493787,0.5940928132,0.3189292373,0,-1.20282243,4.452474325,-3.197631176
35.04,-65.04628924,0.05273124721,0.5940970795,0.3189256562,0,-1.202583966,4.452081179,-3.197786773
35.05,-65.0468048,0.05272757632,0.5941013621,0.3189220671,0,-1.202346885,4.45168877,-3.197941439
35.06,-65.04731725,0.05272392519,0.5941056606,0.3189184703,0,-1.202111184,4.451297103,-3.198095176
35.07,-65.04782661,0.05272029381,0.594109975,0.3189148657,0,-1.201876863,4.450906182,-3.198247984
35.08,-65.04833288,0.05271668215,0.5941143052,0.3189112535,0,-1.201643918,4.450516011,-3.198399864
35.09,-65.04883606,0.05271309022,0.5941186509,0.3189076338,0,-1.20141235,4.450126595,-3.198550818
35.1,-65.04933615,0.05270951799,0.5941230121,0.3189040067,0,-1.201182155,4.449737939,-3.198700845
35.11,-65.04983316,0.05270596546,0.5941273885,0.3189003723,0,-1.200953333,4.449350046,-3.198849948
35.12,-65.05032709,0.05270243259,0.5941317801,0.3188967307,0,-1.200725881,4.448962922,-3.198998126
35.13,-65.05081794,0.05269891939,0.5941361867,0.3188930819,0,-1.200499797,4.44857657,-3.199145381
35.14,-65.05130572,0.05269542583,0.5941406082,0.3188894262,0,-1.200275081,4.448190994,-3.199291715
35.15,-65.05179042,0.05269195191,0.5941450444,0.3188857635,0,-1.200051729,4.447806199,-3.199437127
35.16,-65.05227206,0.05268849759,0.5941494952,0.318882094,0,-1.19982974,4.447422189,-3.199581619
35.17,-65.05275064,0.05268506287,0.5941539604,0.3188784178,0,-1.199609113,4.447038968,-3.199725192
35.18,-65.05322616,0.05268164773,0.5941584399,0.318874735,0,-1.199389845,4.44665654,-3.199867847
35.19,-65.05369862,0.05267825215,0.5941629335,0.3188710456,0,-1.199171935,4.446274909,-3.200009586
35.2,-65.05416803,0.05267487611,0.5941674411,0.3188673498,0,-1.19895538,4.44589408,-3.200150408
35.21,-65.05463439,0.0526715196,0.5941719626,0.3188636477,0,-1.198740178,4.445514056,-3.200290316
35.22,-65.0550977,0.0526681826,0.5941764979,0.3188599394,0,-1.198526329,4.445134841,-3.20042931
35.23,-65.05555797,0.05266486508,0.5941810467,0.3188562249,0,-1.198313829,4.444756439,-3.200567391
35.24,-65.05601521,0.05266156704,0.5941856089,0.3188525044,0,-1.198102677,4.444378854,-3.200704562
35.25,-65.0564694,0.05265828845,0.5941901844,0.318848778,0,-1.19789287,4.44400209,-3.200840821
35.26,-65.05692057,0.05265502928,0.5941947731,0.3188450457,0,-1.197684407,4.443626151,-3.200976172
35.27,-65.05736872,0.05265178953,0.5941993749,0.3188413076,0,-1.197477286,4.44325104,-3.201110615
35.28,-65.05781384,0.05264856918,0.5942039895,0.3188375639,0,-1.197271504,4.442876761,-3.201244152
35.29,-65.05825594,0.05264536819,0.5942086168,0.3188338147,0,-1.19706706,4.442503318,-3.201376782
35.3,-65.05869503,0.05264218655,0.5942132568,0.3188300599,0,-1.196863951,4.442130714,-3.201508509
35.31,-65.05913111,0.05263902424,0.5942179092,0.3188262998,0,-1.196662175,4.441758954,-3.201639332
35.32,-65.05956418,0.05263588124,0.5942225739,0.3188225345,0,-1.196461731,4.441388041,-3.201769254
35.33,-65.05999425,0.05263275753,0.5942272508,0.3188187639,0,-1.196262615,4.441017978,-3.201898275
35.34,-65.06042132,0.05262965308,0.5942319398,0.3188149882,0,-1.196064827,4.440648768,-3.202026397
35.35,-65.0608454,0.05262656787,0.5942366407,0.3188112076,0,-1.195868363,4.440280417,-3.202153621
35.36,-65.06126649,0.05262350187,0.5942413534,0.3188074221,0,-1.195673222,4.439912926,-3.202279948
35.37,-65.0616846,0.05262045508,0.5942460777,0.3188036317,0,-1.195479401,4.439546299,-3.20240538
35.38,-65.06209972,0.05261742746,0.5942508135,0.3187998366,0,-1.195286898,4.43918054,-3.202529917
35.39,-65.06251187,0.05261441898,0.5942555607,0.3187960369,0,-1.195095711,4.438815652,-3.202653562
35.4,-65.06292105,0.05261142964,0.5942603191,0.3187922327,0,-1.194905837,4.438451639,-3.202776316
35.41,-65.06332727,0.05260845939,0.5942650886,0.318788424,0,-1.194717275,4.438088503,-3.20289818
35.42,-65.06373052,0.05260550822,0.5942698691,0.3187846109,0,-1.194530022,4.437726248,-3.203019155
35.43,-65.06413081,0.05260257611,0.5942746604,0.3187807937,0,-1.194344076,4.437364877,-3.203139243
35.44,-65.06452815,0.05259966302,0.5942794624,0.3187769722,0,-1.194159435,4.437004394,-3.203258445
35.45,-65.06492254,0.05259676893,0.594284275,0.3187731466,0,-1.193976095,4.436644801,-3.203376762
35.46,-65.06531399,0.05259389382,0.594289098,0.3187693171,0,-1.193794056,4.436286102,-3.203494197
35.47,-65.0657025,0.05259103766,0.5942939313,0.3187654837,0,-1.193613314,4.435928299,-3.20361075
35.48,-65.06608808,0.05258820043,0.5942987748,0.3187616464,0,-1.193433867,4.435571397,-3.203726423
35.49,-65.06647072,0.05258538209,0.5943036283,0.3187578054,0,-1.193255713,4.435215397,-3.203841217
35.5,-65.06685045,0.05258258263,0.5943084917,0.3187539608,0,-1.193078849,4.434860303,-3.203955134
35.51,-65.06722725,0.05257980201,0.5943133649,0.3187501127,0,-1.192903273,4.434506118,-3.204068175
35.52,-65.06760114,0.05257704021,0.5943182477,0.318746261,0,-1.192728983,4.434152844,-3.204180343
35.53,-65.06797212,0.0525742972,0.59432314,0.3187424061,0,-1.192555976,4.433800486,-3.204291637
35.54,-65.0683402,0.05257157296,0.5943280417,0.3187385478,0,-1.19238425,4.433449045,-3.20440206
35.55,-65.06870538,0.05256886745,0.5943329527,0.3187346863,0,-1.192213802,4.433098524,-3.204511614
35.56,-65.06906766,0.05256618065,0.5943378728,0.3187308218,0,-1.19204463,4.432748926,-3.204620299
35.57,-65.06942706,0.05256351252,0.5943428018,0.3187269542,0,-1.191876731,4.432400254,-3.204728118
35.58,-65.06978357,0.05256086305,0.5943477398,0.3187230837,0,-1.191710102,4.432052511,-3.204835072
35.59,-65.07013721,0.0525582322,0.5943526864,0.3187192103,0,-1.191544743,4.4317057,-3.204941163
35.6,-65.07048797,0.05255561994,0.5943576417,0.3187153341,0,-1.191380649,4.431359822,-3.205046392
35.61,-65.07083587,0.05255302624,0.5943626054,0.3187114553,0,-1.191217818,4.431014881,-3.20515076
35.62,-65.0711809,0.05255045108,0.5943675775,0.3187075739,0,-1.191056248,4.43067088,-3.20525427
35.63,-65.07152308,0.05254789442,0.5943725578,0.31870369,0,-1.190895936,4.43032782,-3.205356923
35.64,-65.0718624,0.05254535623,0.5943775462,0.3186998037,0,-1.19073688,4.429985705,-3.20545872
35.65,-65.07219888,0.05254283649,0.5943825426,0.318695915,0,-1.190579077,4.429644537,-3.205559664
35.66,-65.07253252,0.05254033516,0.5943875468,0.318692024,0,-1.190422524,4.429304318,-3.205659756
35.67,-65.07286332,0.05253785221,0.5943925587,0.3186881309,0,-1.190267219,4.428965051,-3.205758997
35.68,-65.0731913,0.05253538761,0.5943975783,0.3186842357,0,-1.19011316,4.428626739,-3.205857389
35.69,-65.07351645,0.05253294133,0.5944026053,0.3186803385,0,-1.189960343,4.428289383,-3.205954935
35.7,-65.07383878,0.05253051334,0.5944076396,0.3186764394,0,-1.189808766,4.427952987,-3.206051634
35.71,-65.0741583,0.0525281036,0.5944126812,0.3186725384,0,-1.189658426,4.427617551,-3.206147491
35.72,-65.07447502,0.05252571209,0.5944177299,0.3186686357,0,-1.189509321,4.42728308,-3.206242505
35.73,-65.07478893,0.05252333877,0.5944227855,0.3186647313,0,-1.189361448,4.426949575,-3.206336679
35.74,-65.07510005,0.05252098361,0.594427848,0.3186608253,0,-1.189214805,4.426617038,-3.206430014
35.75,-65.07540838,0.05251864657,0.5944329172,0.3186569178,0,-1.189069388,4.426285471,-3.206522513
35.76,-65.07571392,0.05251632763,0.594437993,0.3186530088,0,-1.188925195,4.425954877,-3.206614176
35.77,-65.07601669,0.05251402675,0.5944430753,0.3186490985,0,-1.188782223,4.425625259,-3.206705006
35.78,-65.07631668,0.0525117439,0.594448164,0.318645187,0,-1.18864047,4.425296617,-3.206795005
35.79,-65.07661391,0.05250947904,0.5944532589,0.3186412742,0,-1.188499933,4.424968954,-3.206884174
35.8,-65.07690838,0.05250723214,0.59445836,0.3186373603,0,-1.188360609,4.424642272,-3.206972515
35.81,-65.0772001,0.05250500317,0.594463467,0.3186334454,0,-1.188222495,4.424316573,-3.207060029
35.82,-65.07748906,0.05250279209,0.59446858,0.3186295295,0,-1.188085588,4.42399186,-3.207146719
35.83,-65.07777529,0.05250059887,0.5944736987,0.3186256127,0,-1.187949887,4.423668134,-3.207232587
35.84,-65.07805878,0.05249842347,0.594478823,0.3186216952,0,-1.187815387,4.423345396,-3.207317634
35.85,-65.07833954,0.05249626586,0.5944839529,0.3186177769,0,-1.187682087,4.42302365,-3.207401862
35.86,-65.07861758,0.05249412601,0.5944890881,0.318613858,0,-1.187549983,4.422702897,-3.207485273
35.87,-65.07889289,0.05249200387,0.5944942287,0.3186099385,0,-1.187419073,4.422383139,-3.207567868
35.88,-65.0791655,0.05248989941,0.5944993745,0.3186060185,0,-1.187289354,4.422064377,-3.207649651
35.89,-65.0794354,0.05248781261,0.5945045253,0.3186020981,0,-1.187160823,4.421746614,-3.207730621
35.9,-65.07970261,0.05248574341,0.594509681,0.3185981774,0,-1.187033476,4.421429851,-3.207810782
35.91,-65.07996712,0.0524836918,0.5945148416,0.3185942564,0,-1.186907313,4.42111409,-3.207890135
35.92,-65.08022894,0.05248165772,0.5945200068,0.3185903352,0,-1.186782328,4.420799333,-3.207968683
35.93,-65.08048809,0.05247964115,0.5945251767,0.3185864139,0,-1.186658521,4.420485581,-3.208046426
35.94,-65.08074456,0.05247764204,0.594530351,0.3185824926,0,-1.186535887,4.420172836,-3.208123367
35.95,-65.08099836,0.05247566036,0.5945355297,0.3185785713,0,-1.186414424,4.4198611,-3.208199508
35.96,-65.0812495,0.05247369608,0.5945407127,0.3185746501,0,-1.186294128,4.419550374,-3.208274851
35.97,-65.08149799,0.05247174916,0.5945458998,0.3185707291,0,-1.186174999,4.41924066,-3.208349397
35.98,-65.08174383,0.05246981955,0.5945510909,0.3185668084,0,-1.186057031,4.418931959,-3.208423149
35.99,-65.08198703,0.05246790723,0.5945562859,0.318562888,0,-1.185940222,4.418624274,-3.208496109
36,-65.08222759,0.05246601215,0.5945614847,0.318558968,0,-1.18582457,4.418317605,-3.208568277
36.01,-65.08246553,0.05246413428,0.5945666872,0.3185550485,0,-1.185710072,4.418011954,-3.208639658
36.02,-65.08270084,0.05246227357,0.5945718933,0.3185511296,0,-1.185596724,4.417707322,-3.208710251
36.03,-65.08293353,0.05246043,0.5945771029,0.3185472112,0,-1.185484523,4.417403711,-3.20878006
36.04,-65.08316362,0.05245860352,0.5945823158,0.3185432936,0,-1.185373467,4.417101123,-3.208849087
36.05,-65.08339111,0.0524567941,0.5945875319,0.3185393768,0,-1.185263553,4.416799558,-3.208917333
36.06,-65.083616,0.05245500169,0.5945927512,0.3185354608,0,-1.185154778,4.416499018,-3.2089848
36.07,-65.0838383,0.05245322626,0.5945979734,0.3185315457,0,-1.185047138,4.416199504,-3.20905149
36.08,-65.08405802,0.05245146777,0.5946031986,0.3185276315,0,-1.184940631,4.415901018,-3.209117405
36.09,-65.08427516,0.05244972617,0.5946084266,0.3185237185,0,-1.184835254,4.41560356,-3.209182548
36.1,-65.08448974,0.05244800144,0.5946136573,0.3185198065,0,-1.184731004,4.415307133,-3.209246921
36.11,-65.08470175,0.05244629353,0.5946188906,0.3185158958,0,-1.184627878,4.415011737,-3.209310524
36.12,-65.0849112,0.0524446024,0.5946241263,0.3185119863,0,-1.184525872,4.414717373,-3.209373361
36.13,-65.08511811,0.05244292801,0.5946293645,0.3185080781,0,-1.184424984,4.414424043,-3.209435434
36.14,-65.08532248,0.05244127032,0.5946346049,0.3185041714,0,-1.184325211,4.414131748,-3.209496744
36.15,-65.08552431,0.05243962929,0.5946398474,0.3185002661,0,-1.18422655,4.413840488,-3.209557293
36.16,-65.08572361,0.05243800489,0.594645092,0.3184963623,0,-1.184128998,4.413550266,-3.209617084
36.17,-65.0859204,0.05243639706,0.5946503385,0.3184924602,0,-1.184032551,4.413261081,-3.209676119
36.18,-65.08611467,0.05243480578,0.5946555869,0.3184885597,0,-1.183937207,4.412972936,-3.2097344
36.19,-65.08630643,0.052433231,0.594660837,0.3184846609,0,-1.183842962,4.41268583,-3.209791928
36.2,-65.08649569,0.05243167267,0.5946660888,0.318480764,0,-1.183749815,4.412399766,-3.209848706
36.21,-65.08668245,0.05243013077,0.5946713421,0.3184768689,0,-1.18365776,4.412114743,-3.209904736
36.22,-65.08686673,0.05242860524,0.5946765968,0.3184729758,0,-1.183566796,4.411830763,-3.20996002
36.23,-65.08704853,0.05242709606,0.5946818528,0.3184690847,0,-1.18347692,4.411547827,-3.21001456
36.24,-65.08722786,0.05242560316,0.59468711,0.3184651956,0,-1.183388127,4.411265936,-3.210068359
36.25,-65.08740473,0.05242412652,0.5946923684,0.3184613087,0,-1.183300416,4.410985091,-3.210121418
36.26,-65.08757913,0.0524226661,0.5946976278,0.318457424,0,-1.183213783,4.410705291,-3.210173739
36.27,-65.08775108,0.05242122184,0.594702888,0.3184535415,0,-1.183128225,4.410426539,-3.210225325
36.28,-65.08792059,0.05241979371,0.5947081491,0.3184496614,0,-1.183043739,4.410148835,-3.210276178
36.29,-65.08808766,0.05241838167,0.5947134109,0.3184457837,0,-1.182960322,4.40987218,-3.210326299
36.3,-65.08825231,0.05241698568,0.5947186733,0.3184419084,0,-1.18287797,4.409596574,-3.210375692
36.31,-65.08841452,0.05241560569,0.5947239362,0.3184380356,0,-1.182796682,4.409322018,-3.210424357
36.32,-65.08857433,0.05241424166,0.5947291996,0.3184341654,0,-1.182716452,4.409048513,-3.210472298
36.33,-65.08873172,0.05241289355,0.5947344632,0.3184302979,0,-1.182637279,4.408776059,-3.210519517
36.34,-65.08888672,0.05241156131,0.5947397271,0.3184264331,0,-1.182559159,4.408504658,-3.210566015
36.35,-65.08903931,0.05241024491,0.594744991,0.318422571,0,-1.182482089,4.40823431,-3.210611794
36.36,-65.08918953,0.0524089443,0.594750255,0.3184187118,0,-1.182406067,4.407965015,-3.210656858
36.37,-65.08933736,0.05240765943,0.5947555189,0.3184148554,0,-1.182331088,4.407696774,-3.210701208
36.38,-65.08948282,0.05240639027,0.5947607826,0.3184110021,0,-1.182257149,4.407429587,-3.210744846
36.39,-65.08962591,0.05240513678,0.5947660461,0.3184071517,0,-1.182184249,4.407163456,-3.210787774
36.4,-65.08976665,0.0524038989,0.5947713091,0.3184033044,0,-1.182112382,4.40689838,-3.210829995
36.41,-65.08990504,0.05240267659,0.5947765717,0.3183994602,0,-1.182041547,4.40663436,-3.210871511
36.42,-65.09004108,0.05240146982,0.5947818338,0.3183956193,0,-1.18197174,4.406371396,-3.210912323
36.43,-65.09017478,0.05240027853,0.5947870952,0.3183917816,0,-1.181902957,4.40610949,-3.210952435
36.44,-65.09030616,0.05239910269,0.5947923558,0.3183879472,0,-1.181835197,4.405848641,-3.210991849
36.45,-65.09043522,0.05239794225,0.5947976156,0.3183841161,0,-1.181768455,4.405588849,-3.211030566
36.46,-65.09056196,0.05239679717,0.5948028744,0.3183802886,0,-1.181702728,4.405330116,-3.211068588
36.47,-65.0906864,0.0523956674,0.5948081322,0.3183764645,0,-1.181638013,4.405072441,-3.211105919
36.48,-65.09080853,0.0523945529,0.5948133889,0.3183726439,0,-1.181574308,4.404815825,-3.21114256
36.49,-65.09092838,0.05239345363,0.5948186444,0.3183688269,0,-1.181511608,4.404560268,-3.211178514
36.5,-65.09104594,0.05239236953,0.5948238985,0.3183650137,0,-1.18144991,4.40430577,-3.211213782
36.51,-65.09116122,0.05239130057,0.5948291513,0.3183612041,0,-1.181389213,4.404052332,-3.211248367
36.52,-65.09127424,0.0523902467,0.5948344025,0.3183573983,0,-1.181329511,4.403799954,-3.211282271
36.53,-65.09138499,0.05238920788,0.5948396522,0.3183535963,0,-1.181270802,4.403548636,-3.211315497
36.54,-65.09149349,0.05238818406,0.5948449002,0.3183497983,0,-1.181213083,4.403298378,-3.211348046
36.55,-65.09159974,0.0523871752,0.5948501464,0.3183460041,0,-1.181156351,4.40304918,-3.211379921
36.56,-65.09170375,0.05238618125,0.5948553908,0.318342214,0,-1.181100601,4.402801044,-3.211411124
36.57,-65.09180553,0.05238520218,0.5948606333,0.3183384279,0,-1.181045832,4.402553967,-3.211441658
36.58,-65.09190508,0.05238423792,0.5948658736,0.318334646,0,-1.18099204,4.402307952,-3.211471524
36.59,-65.09200242,0.05238328844,0.5948711119,0.3183308682,0,-1.180939222,4.402062998,-3.211500725
36.6,-65.09209754,0.0523823537,0.594876348,0.3183270946,0,-1.180887374,4.401819104,-3.211529263
36.61,-65.09219047,0.05238143364,0.5948815818,0.3183233253,0,-1.180836493,4.401576272,-3.21155714
36.62,-65.0922812,0.05238052822,0.5948868132,0.3183195603,0,-1.180786576,4.401334501,-3.211584359
36.63,-65.09236974,0.05237963741,0.5948920421,0.3183157997,0,-1.18073762,4.401093791,-3.211610922
36.64,-65.09245611,0.05237876114,0.5948972684,0.3183120435,0,-1.180689622,4.400854142,-3.211636832
36.65,-65.0925403,0.05237789938,0.5949024921,0.3183082919,0,-1.180642578,4.400615554,-3.211662089
36.66,-65.09262233,0.05237705208,0.5949077131,0.3183045447,0,-1.180596484,4.400378026,-3.211686698
36.67,-65.0927022,0.05237621919,0.5949129313,0.3183008022,0,-1.180551339,4.40014156,-3.211710659
36.68,-65.09277992,0.05237540068,0.5949181466,0.3182970643,0,-1.180507138,4.399906155,-3.211733976
36.69,-65.0928555,0.05237459648,0.5949233589,0.318293331,0,-1.180463879,4.39967181,-3.21175665
36.7,-65.09292895,0.05237380657,0.5949285681,0.3182896026,0,-1.180421557,4.399438526,-3.211778684
36.71,-65.09300027,0.05237303088,0.5949337742,0.3182858789,0,-1.18038017,4.399206303,-3.211800081
36.72,-65.09306947,0.05237226938,0.594938977,0.31828216,0,-1.180339715,4.398975139,-3.211820841
36.73,-65.09313656,0.05237152202,0.5949441765,0.3182784461,0,-1.180300188,4.398745036,-3.211840969
36.74,-65.09320155,0.05237078876,0.5949493726,0.3182747371,0,-1.180261587,4.398515992,-3.211860465
36.75,-65.09326444,0.05237006954,0.5949545653,0.3182710331,0,-1.180223906,4.398288009,-3.211879333
36.76,-65.09332525,0.05236936432,0.5949597544,0.3182673342,0,-1.180187145,4.398061084,-3.211897575
36.77,-65.09338397,0.05236867305,0.5949649398,0.3182636403,0,-1.180151298,4.397835219,-3.211915192
36.78,-65.09344063,0.05236799569,0.5949701215,0.3182599516,0,-1.180116364,4.397610412,-3.211932188
36.79,-65.09349521,0.05236733219,0.5949752995,0.3182562681,0,-1.180082338,4.397386664,-3.211948564
36.8,-65.09354774,0.05236668251,0.5949804735,0.3182525898,0,-1.180049218,4.397163974,-3.211964323
36.81,-65.09359822,0.05236604659,0.5949856436,0.3182489168,0,-1.180017,4.396942342,-3.211979467
36.82,-65.09364666,0.0523654244,0.5949908096,0.3182452491,0,-1.179985681,4.396721768,-3.211993999
36.83,-65.09369307,0.05236481588,0.5949959715,0.3182415868,0,-1.179955257,4.39650225,-3.212007921
36.84,-65.09373745,0.05236422099,0.5950011292,0.31823793,0,-1.179925726,4.39628379,-3.212021234
36.85,-65.09377981,0.05236363968,0.5950062826,0.3182342786,0,-1.179897084,4.396066385,-3.212033943
36.86,-65.09382016,0.0523630719,0.5950114317,0.3182306327,0,-1.179869328,4.395850037,-3.212046047
36.87,-65.0938585,0.05236251762,0.5950165764,0.3182269924,0,-1.179842454,4.395634744,-3.212057551
36.88,-65.09389486,0.05236197677,0.5950217165,0.3182233577,0,-1.179816459,4.395420505,-3.212068457
36.89,-65.09392922,0.05236144931,0.5950268521,0.3182197287,0,-1.179791341,4.395207322,-3.212078766
36.9,-65.0939616,0.0523609352,0.595031983,0.3182161054,0,-1.179767095,4.394995192,-3.212088481
36.91,-65.09399201,0.05236043439,0.5950371092,0.3182124878,0,-1.179743718,4.394784116,-3.212097604
36.92,-65.09402046,0.05235994684,0.5950422305,0.3182088761,0,-1.179721208,4.394574092,-3.212106138
36.93,-65.09404695,0.05235947248,0.595047347,0.3182052701,0,-1.17969956,4.394365121,-3.212114085
36.94,-65.09407149,0.05235901129,0.5950524586,0.31820167,0,-1.179678773,4.394157202,-3.212121448
36.95,-65.09409409,0.0523585632,0.595057565,0.3181980759,0,-1.179658841,4.393950333,-3.212128228
36.96,-65.09411476,0.05235812818,0.5950626664,0.3181944877,0,-1.179639762,4.393744516,-3.212134428
36.97,-65.0941335,0.05235770617,0.5950677626,0.3181909056,0,-1.179621533,4.393539748,-3.212140051
36.98,-65.09415033,0.05235729714,0.5950728536,0.3181873295,0,-1.179604151,4.393336029,-3.212145098
36.99,-65.09416524,0.05235690102,0.5950779393,0.3181837595,0,-1.179587611,4.39313336,-3.212149572
37,-65.09417825,0.05235651777,0.5950830195,0.3181801956,0,-1.179571912,4.392931738,-3.212153476
37.01,-65.09418937,0.05235614736,0.5950880943,0.3181766379,0,-1.179557049,4.392731163,-3.212156811
37.02,-65.0941986,0.05235578972,0.5950931635,0.3181730864,0,-1.179543019,4.392531635,-3.21215958
37.03,-65.09420595,0.05235544481,0.5950982272,0.3181695412,0,-1.179529819,4.392333153,-3.212161786
37.04,-65.09421143,0.05235511258,0.5951032852,0.3181660023,0,-1.179517446,4.392135715,-3.21216343
37.05,-65.09421505,0.05235479299,0.5951083374,0.3181624698,0,-1.179505897,4.391939322,-3.212164516
37.06,-65.09421682,0.05235448599,0.5951133838,0.3181589436,0,-1.179495167,4.391743973,-3.212165045
37.07,-65.09421673,0.05235419153,0.5951184243,0.3181554238,0,-1.179485255,4.391549666,-3.212165019
37.08,-65.09421481,0.05235390956,0.5951234589,0.3181519106,0,-1.179476156,4.391356402,-3.212164442
37.09,-65.09421105,0.05235364004,0.5951284874,0.3181484038,0,-1.179467867,4.391164178,-3.212163315
37.1,-65.09420547,0.05235338291,0.5951335099,0.3181449035,0,-1.179460386,4.390972995,-3.212161641
37.11,-65.09419807,0.05235313814,0.5951385262,0.3181414099,0,-1.179453708,4.390782851,-3.212159421
37.12,-65.09418887,0.05235290566,0.5951435363,0.3181379228,0,-1.17944783,4.390593745,-3.21215666
37.13,-65.09417786,0.05235268544,0.5951485401,0.3181344425,0,-1.17944275,4.390405678,-3.212153358
37.14,-65.09416506,0.05235247743,0.5951535376,0.3181309688,0,-1.179438464,4.390218647,-3.212149518
37.15,-65.09415047,0.05235228157,0.5951585286,0.3181275018,0,-1.179434968,4.390032652,-3.212145142
37.16,-65.09413411,0.05235209782,0.5951635131,0.3181240416,0,-1.179432259,4.389847691,-3.212140234
37.17,-65.09411598,0.05235192614,0.5951684911,0.3181205883,0,-1.179430335,4.389663765,-3.212134794
37.18,-65.09409609,0.05235176647,0.5951734625,0.3181171418,0,-1.179429191,4.389480872,-3.212128826
37.19,-65.09407444,0.05235161877,0.5951784272,0.3181137021,0,-1.179428825,4.389299011,-3.212122332
37.2,-65.09405105,0.05235148299,0.5951833852,0.3181102694,0,-1.179429232,4.389118181,-3.212115314
37.21,-65.09402592,0.05235135907,0.5951883363,0.3181068436,0,-1.179430411,4.388938381,-3.212107775
37.22,-65.09399905,0.05235124698,0.5951932806,0.3181034249,0,-1.179432358,4.388759609,-3.212099716
37.23,-65.09397047,0.05235114667,0.595198218,0.3181000131,0,-1.179435069,4.388581866,-3.212091141
37.24,-65.09394017,0.05235105808,0.5952031483,0.3180966084,0,-1.17943854,4.38840515,-3.212082051
37.25,-65.09390816,0.05235098117,0.5952080716,0.3180932109,0,-1.17944277,4.38822946,-3.212072449
37.26,-65.09387446,0.05235091589,0.5952129878,0.3180898204,0,-1.179447754,4.388054794,-3.212062337
37.27,-65.09383906,0.0523508622,0.5952178968,0.3180864371,0,-1.17945349,4.387881152,-3.212051718
37.28,-65.09380198,0.05235082004,0.5952227986,0.318083061,0,-1.179459973,4.387708533,-3.212040594
37.29,-65.09376322,0.05235078936,0.5952276931,0.3180796922,0,-1.179467202,4.387536935,-3.212028967
37.3,-65.0937228,0.05235077013,0.5952325802,0.3180763306,0,-1.179475171,4.387366357,-3.212016839
37.31,-65.09368071,0.05235076229,0.5952374599,0.3180729763,0,-1.179483879,4.387196799,-3.212004213
37.32,-65.09363697,0.05235076579,0.5952423321,0.3180696293,0,-1.179493322,4.387028259,-3.211991092
37.33,-65.09359159,0.05235078058,0.5952471968,0.3180662897,0,-1.179503497,4.386860735,-3.211977477
37.34,-65.09354457,0.05235080662,0.5952520539,0.3180629575,0,-1.179514399,4.386694227,-3.211963371
37.35,-65.09349592,0.05235084386,0.5952569034,0.3180596328,0,-1.179526027,4.386528733,-3.211948777
37.36,-65.09344565,0.05235089226,0.5952617451,0.3180563155,0,-1.179538377,4.386364253,-3.211933696
37.37,-65.09339377,0.05235095175,0.5952665791,0.3180530057,0,-1.179551446,4.386200785,-3.211918131
37.38,-65.09334028,0.0523510223,0.5952714052,0.3180497034,0,-1.17956523,4.386038327,-3.211902084
37.39,-65.09328519,0.05235110386,0.5952762235,0.3180464087,0,-1.179579726,4.385876879,-3.211885558
37.4,-65.09322851,0.05235119637,0.5952810338,0.3180431215,0,-1.179594931,4.385716439,-3.211868554
37.41,-65.09317025,0.0523512998,0.5952858362,0.318039842,0,-1.179610841,4.385557006,-3.211851076
37.42,-65.09311042,0.05235141409,0.5952906305,0.3180365701,0,-1.179627454,4.385398579,-3.211833126
37.43,-65.09304902,0.05235153919,0.5952954167,0.3180333059,0,-1.179644766,4.385241156,-3.211814705
37.44,-65.09298605,0.05235167506,0.5953001947,0.3180300494,0,-1.179662774,4.385084736,-3.211795816
37.45,-65.09292154,0.05235182165,0.5953049646,0.3180268007,0,-1.179681474,4.384929318,-3.211776462
37.46,-65.09285548,0.05235197891,0.5953097262,0.3180235597,0,-1.179700864,4.3847749,-3.211756645
37.47,-65.09278789,0.0523521468,0.5953144794,0.3180203265,0,-1.17972094,4.384621481,-3.211736368
37.48,-65.09271877,0.05235232526,0.5953192243,0.3180171011,0,-1.179741699,4.384469059,-3.211715631
37.49,-65.09264813,0.05235251425,0.5953239608,0.3180138836,0,-1.179763138,4.384317634,-3.211694439
37.5,-65.09257597,0.05235271371,0.5953286888,0.318010674,0,-1.179785253,4.384167203,-3.211672792
37.51,-65.09250231,0.05235292361,0.5953334083,0.3180074722,0,-1.179808041,4.384017766,-3.211650694
37.52,-65.09242716,0.05235314389,0.5953381192,0.3180042784,0,-1.179831499,4.383869321,-3.211628147
37.53,-65.09235051,0.05235337451,0.5953428215,0.3180010926,0,-1.179855624,4.383721867,-3.211605153
37.54,-65.09227238,0.05235361542,0.595347515,0.3179979147,0,-1.179880412,4.383575401,-3.211581715
37.55,-65.09219278,0.05235386656,0.5953521999,0.3179947449,0,-1.179905861,4.383429923,-3.211557834
37.56,-65.09211171,0.0523541279,0.595356876,0.3179915831,0,-1.179931967,4.383285432,-3.211533513
37.57,-65.09202918,0.05235439938,0.5953615433,0.3179884294,0,-1.179958727,4.383141925,-3.211508754
37.58,-65.0919452,0.05235468096,0.5953662017,0.3179852838,0,-1.179986137,4.382999401,-3.21148356
37.59,-65.09185978,0.05235497259,0.5953708511,0.3179821463,0,-1.180014195,4.382857859,-3.211457933
37.6,-65.09177292,0.05235527422,0.5953754916,0.3179790169,0,-1.180042897,4.382717297,-3.211431875
37.61,-65.09168463,0.0523555858,0.5953801231,0.3179758957,0,-1.18007224,4.382577713,-3.211405389
37.62,-65.09159492,0.05235590729,0.5953847455,0.3179727827,0,-1.180102221,4.382439107,-3.211378477
37.63,-65.0915038,0.05235623864,0.5953893588,0.317969678,0,-1.180132837,4.382301477,-3.21135114
37.64,-65.09141127,0.0523565798,0.5953939629,0.3179665814,0,-1.180164084,4.38216482,-3.211323382
37.65,-65.09131735,0.05235693072,0.5953985578,0.3179634932,0,-1.180195959,4.382029136,-3.211295205
37.66,-65.09122204,0.05235729136,0.5954031435,0.3179604132,0,-1.18022846,4.381894423,-3.211266611
37.67,-65.09112534,0.05235766166,0.5954077198,0.3179573415,0,-1.180261582,4.381760679,-3.211237602
37.68,-65.09102727,0.05235804159,0.5954122868,0.3179542782,0,-1.180295323,4.381627902,-3.211208181
37.69,-65.09092783,0.05235843109,0.5954168444,0.3179512233,0,-1.180329679,4.381496092,-3.211178349
37.7,-65.09082703,0.05235883011,0.5954213926,0.3179481767,0,-1.180364648,4.381365246,-3.21114811
37.71,-65.09072488,0.05235923861,0.5954259313,0.3179451385,0,-1.180400226,4.381235363,-3.211117465
37.72,-65.09062139,0.05235965655,0.5954304605,0.3179421088,0,-1.180436409,4.381106441,-3.211086417
37.73,-65.09051656,0.05236008386,0.5954349801,0.3179390875,0,-1.180473196,4.380978478,-3.211054967
37.74,-65.0904104,0.05236052052,0.59543949,0.3179360747,0,-1.180510582,4.380851474,-3.211023119
37.75,-65.09030292,0.05236096646,0.5954439904,0.3179330704,0,-1.180548565,4.380725425,-3.210990875
37.76,-65.09019412,0.05236142164,0.595448481,0.3179300746,0,-1.180587141,4.380600331,-3.210958236
37.77,-65.09008402,0.05236188602,0.5954529619,0.3179270874,0,-1.180626307,4.38047619,-3.210925205
37.78,-65.08997262,0.05236235954,0.595457433,0.3179241087,0,-1.18066606,4.380353,-3.210891785
37.79,-65.08985992,0.05236284217,0.5954618943,0.3179211386,0,-1.180706397,4.380230759,-3.210857977
37.8,-65.08974595,0.05236333384,0.5954663457,0.3179181771,0,-1.180747314,4.380109465,-3.210823784
37.81,-65.08963069,0.05236383453,0.5954707872,0.3179152242,0,-1.180788809,4.379989118,-3.210789208
37.82,-65.08951417,0.05236434417,0.5954752188,0.3179122799,0,-1.180830878,4.379869714,-3.210754251
37.83,-65.08939639,0.05236486272,0.5954796404,0.3179093443,0,-1.180873519,4.379751254,-3.210718916
37.84,-65.08927735,0.05236539014,0.5954840519,0.3179064174,0,-1.180916728,4.379633733,-3.210683205
37.85,-65.08915707,0.05236592637,0.5954884534,0.3179034992,0,-1.180960502,4.379517152,-3.21064712
37.86,-65.08903554,0.05236647138,0.5954928448,0.3179005897,0,-1.181004837,4.379401507,-3.210610663
37.87,-65.08891279,0.05236702511,0.595497226,0.3178976889,0,-1.181049731,4.379286798,-3.210573836
37.88,-65.08878881,0.05236758752,0.5955015971,0.3178947969,0,-1.181095181,4.379173022,-3.210536643
37.89,-65.08866361,0.05236815855,0.5955059579,0.3178919137,0,-1.181141184,4.379060178,-3.210499084
37.9,-65.08853721,0.05236873817,0.5955103085,0.3178890392,0,-1.181187736,4.378948264,-3.210461163
37.91,-65.0884096,0.05236932633,0.5955146488,0.3178861736,0,-1.181234834,4.378837277,-3.210422881
37.92,-65.0882808,0.05236992298,0.5955189788,0.3178833168,0,-1.181282475,4.378727217,-3.210384241
37.93,-65.08815082,0.05237052807,0.5955232983,0.3178804688,0,-1.181330656,4.378618081,-3.210345245
37.94,-65.08801965,0.05237114156,0.5955276075,0.3178776297,0,-1.181379374,4.378509868,-3.210305895
37.95,-65.08788731,0.0523717634,0.5955319063,0.3178747994,0,-1.181428626,4.378402575,-3.210266193
37.96,-65.08775381,0.05237239355,0.5955361945,0.3178719781,0,-1.181478409,4.378296201,-3.210226142
37.97,-65.08761915,0.05237303195,0.5955404723,0.3178691656,0,-1.18152872,4.378190744,-3.210185744
37.98,-65.08748334,0.05237367857,0.5955447395,0.3178663621,0,-1.181579555,4.378086201,-3.210145001
37.99,-65.08734638,0.05237433334,0.5955489961,0.3178635675,0,-1.181630911,4.377982572,-3.210103915
38,-65.08720829,0.05237499624,0.5955532422,0.3178607819,0,-1.181682786,4.377879854,-3.210062488
38.01,-65.08706908,0.05237566721,0.5955574775,0.3178580053,0,-1.181735177,4.377778045,-3.210020723
38.02,-65.08692874,0.05237634621,0.5955617022,0.3178552376,0,-1.181788079,4.377677143,-3.209978622
38.03,-65.08678729,0.05237703319,0.5955659162,0.3178524789,0,-1.181841491,4.377577147,-3.209936186
38.04,-65.08664473,0.05237772811,0.5955701194,0.3178497293,0,-1.18189541,4.377478054,-3.209893419
38.05,-65.08650107,0.05237843091,0.5955743119,0.3178469887,0,-1.181949831,4.377379862,-3.209850322
38.06,-65.08635633,0.05237914155,0.5955784935,0.3178442571,0,-1.182004752,4.377282571,-3.209806898
38.07,-65.0862105,0.05237985999,0.5955826643,0.3178415346,0,-1.182060171,4.377186176,-3.209763149
38.08,-65.08606359,0.05238058618,0.5955868242,0.3178388211,0,-1.182116083,4.377090677,-3.209719076
38.09,-65.08591561,0.05238132008,0.5955909732,0.3178361168,0,-1.182172486,4.376996072,-3.209674682
38.1,-65.08576657,0.05238206164,0.5955951113,0.3178334215,0,-1.182229377,4.376902359,-3.20962997
38.11,-65.08561647,0.05238281081,0.5955992383,0.3178307354,0,-1.182286754,4.376809535,-3.209584941
38.12,-65.08546533,0.05238356755,0.5956033544,0.3178280584,0,-1.182344611,4.376717598,-3.209539598
38.13,-65.08531314,0.05238433181,0.5956074595,0.3178253905,0,-1.182402948,4.376626548,-3.209493942
38.14,-65.08515992,0.05238510355,0.5956115535,0.3178227317,0,-1.182461761,4.37653638,-3.209447977
38.15,-65.08500568,0.05238588272,0.5956156364,0.3178200821,0,-1.182521046,4.376447095,-3.209401703
38.16,-65.08485041,0.05238666927,0.5956197083,0.3178174417,0,-1.182580802,4.376358689,-3.209355123
38.17,-65.08469413,0.05238746317,0.5956237689,0.3178148105,0,-1.182641024,4.37627116,-3.20930824
38.18,-65.08453685,0.05238826436,0.5956278184,0.3178121885,0,-1.182701709,4.376184507,-3.209261055
38.19,-65.08437857,0.05238907281,0.5956318567,0.3178095757,0,-1.182762856,4.376098727,-3.209213571
38.2,-65.0842193,0.05238988845,0.5956358837,0.3178069721,0,-1.18282446,4.376013819,-3.20916579
38.21,-65.08405904,0.05239071126,0.5956398996,0.3178043777,0,-1.18288652,4.37592978,-3.209117713
38.22,-65.08389781,0.05239154119,0.5956439041,0.3178017926,0,-1.182949031,4.375846608,-3.209069344
38.23,-65.08373561,0.05239237818,0.5956478973,0.3177992167,0,-1.183011991,4.375764301,-3.209020684
38.24,-65.08357245,0.0523932222,0.5956518792,0.3177966501,0,-1.183075397,4.375682858,-3.208971734
38.25,-65.08340833,0.0523940732,0.5956558497,0.3177940927,0,-1.183139245,4.375602275,-3.208922499
38.26,-65.08324326,0.05239493114,0.5956598088,0.3177915446,0,-1.183203534,4.375522551,-3.208872978
38.27,-65.08307725,0.05239579597,0.5956637565,0.3177890059,0,-1.18326826,4.375443684,-3.208823176
38.28,-65.08291031,0.05239666764,0.5956676928,0.3177864764,0,-1.18333342,4.375365671,-3.208773092
38.29,-65.08274244,0.05239754612,0.5956716176,0.3177839562,0,-1.183399011,4.375288511,-3.208722731
38.3,-65.08257365,0.05239843135,0.5956755309,0.3177814453,0,-1.18346503,4.375212201,-3.208672094
38.31,-65.08240394,0.0523993233,0.5956794327,0.3177789438,0,-1.183531474,4.37513674,-3.208621182
38.32,-65.08223333,0.05240022192,0.595683323,0.3177764516,0,-1.183598341,4.375062124,-3.208569999
38.33,-65.08206182,0.05240112716,0.5956872017,0.3177739688,0,-1.183665627,4.374988353,-3.208518546
38.34,-65.08188942,0.05240203898,0.5956910689,0.3177714952,0,-1.18373333,4.374915423,-3.208466825
38.35,-65.08171613,0.05240295734,0.5956949244,0.3177690311,0,-1.183801446,4.374843334,-3.208414838
38.36,-65.08154196,0.05240388218,0.5956987683,0.3177665763,0,-1.183869972,4.374772081,-3.208362588
38.37,-65.08136692,0.05240481348,0.5957026006,0.3177641309,0,-1.183938907,4.374701664,-3.208310076
38.38,-65.08119101,0.05240575118,0.5957064212,0.3177616949,0,-1.184008246,4.37463208,-3.208257304
38.39,-65.08101425,0.05240669524,0.5957102301,0.3177592682,0,-1.184077987,4.374563327,-3.208204276
38.4,-65.08083664,0.05240764562,0.5957140273,0.317756851,0,-1.184148127,4.374495403,-3.208150992
38.41,-65.08065818,0.05240860227,0.5957178127,0.3177544431,0,-1.184218663,4.374428305,-3.208097454
38.42,-65.08047888,0.05240956515,0.5957215864,0.3177520447,0,-1.184289593,4.374362032,-3.208043665
38.43,-65.08029876,0.05241053421,0.5957253483,0.3177496556,0,-1.184360912,4.374296581,-3.207989627
38.44,-65.08011781,0.05241150942,0.5957290984,0.317747276,0,-1.18443262,4.37423195,-3.207935342
38.45,-65.07993604,0.05241249073,0.5957328367,0.3177449058,0,-1.184504712,4.374168137,-3.207880812
38.46,-65.07975346,0.05241347809,0.5957365632,0.3177425451,0,-1.184577185,4.374105139,-3.207826039
38.47,-65.07957008,0.05241447146,0.5957402778,0.3177401937,0,-1.184650038,4.374042955,-3.207771024
38.48,-65.0793859,0.0524154708,0.5957439806,0.3177378519,0,-1.184723267,4.373981582,-3.207715771
38.49,-65.07920093,0.05241647606,0.5957476714,0.3177355194,0,-1.184796869,4.373921017,-3.20766028
38.5,-65.07901518,0.05241748721,0.5957513504,0.3177331964,0,-1.184870841,4.37386126,-3.207604555
38.51,-65.07882865,0.0524185042,0.5957550174,0.3177308829,0,-1.184945181,4.373802306,-3.207548596
38.52,-65.07864135,0.05241952698,0.5957586724,0.3177285788,0,-1.185019885,4.373744155,-3.207492406
38.53,-65.07845329,0.05242055552,0.5957623155,0.3177262842,0,-1.185094951,4.373686804,-3.207435988
38.54,-65.07826447,0.05242158977,0.5957659467,0.3177239991,0,-1.185170377,4.37363025,-3.207379342
38.55,-65.07807491,0.05242262968,0.5957695658,0.3177217234,0,-1.185246159,4.373574492,-3.207322472
38.56,-65.07788459,0.05242367523,0.5957731729,0.3177194572,0,-1.185322294,4.373519527,-3.207265378
38.57,-65.07769354,0.05242472635,0.595776768,0.3177172005,0,-1.185398779,4.373465353,-3.207208063
38.58,-65.07750177,0.05242578302,0.595780351,0.3177149532,0,-1.185475613,4.373411967,-3.20715053
38.59,-65.07730926,0.05242684518,0.595783922,0.3177127155,0,-1.185552791,4.373359368,-3.207092779
38.6,-65.07711604,0.0524279128,0.5957874809,0.3177104872,0,-1.185630312,4.373307552,-3.207034813
38.61,-65.07692211,0.05242898583,0.5957910277,0.3177082685,0,-1.185708172,4.373256519,-3.206976634
38.62,-65.07672748,0.05243006424,0.5957945624,0.3177060592,0,-1.185786369,4.373206264,-3.206918244
38.63,-65.07653215,0.05243114797,0.5957980849,0.3177038594,0,-1.1858649,4.373156787,-3.206859645
38.64,-65.07633613,0.052432237,0.5958015954,0.3177016691,0,-1.185943762,4.373108085,-3.206800838
38.65,-65.07613942,0.05243333126,0.5958050937,0.3176994883,0,-1.186022953,4.373060155,-3.206741826
38.66,-65.07594204,0.05243443074,0.5958085798,0.317697317,0,-1.186102469,4.373012995,-3.206682611
38.67,-65.07574398,0.05243553537,0.5958120537,0.3176951552,0,-1.186182308,4.372966604,-3.206623195
38.68,-65.07554526,0.05243664512,0.5958155155,0.3176930029,0,-1.186262467,4.372920977,-3.206563578
38.69,-65.07534588,0.05243775996,0.5958189651,0.3176908602,0,-1.186342943,4.372876114,-3.206503765
38.7,-65.07514585,0.05243887983,0.5958224024,0.3176887269,0,-1.186423734,4.372832012,-3.206443756
38.71,-65.07494518,0.05244000469,0.5958258275,0.3176866031,0,-1.186504838,4.372788669,-3.206383553
38.72,-65.07474386,0.05244113452,0.5958292404,0.3176844889,0,-1.18658625,4.372746082,-3.206323158
38.73,-65.07454191,0.05244226925,0.595832641,0.3176823841,0,-1.186667969,4.372704248,-3.206262573
38.74,-65.07433934,0.05244340886,0.5958360293,0.3176802889,0,-1.186749991,4.372663167,-3.206201801
38.75,-65.07413614,0.0524445533,0.5958394054,0.3176782031,0,-1.186832315,4.372622834,-3.206140842
38.76,-65.07393233,0.05244570253,0.5958427692,0.3176761269,0,-1.186914937,4.372583249,-3.206079699
38.77,-65.07372791,0.05244685651,0.5958461207,0.3176740602,0,-1.186997855,4.372544408,-3.206018374
38.78,-65.0735229,0.0524480152,0.5958494599,0.317672003,0,-1.187081066,4.372506309,-3.205956869
38.79,-65.07331728,0.05244917855,0.5958527868,0.3176699553,0,-1.187164568,4.37246895,-3.205895185
38.8,-65.07311108,0.05245034653,0.5958561013,0.3176679171,0,-1.187248357,4.372432328,-3.205833325
38.81,-65.0729043,0.05245151911,0.5958594036,0.3176658884,0,-1.187332431,4.372396441,-3.20577129
38.82,-65.07269694,0.05245269622,0.5958626934,0.3176638692,0,-1.187416787,4.372361288,-3.205709082
38.83,-65.07248901,0.05245387784,0.5958659709,0.3176618595,0,-1.187501423,4.372326864,-3.205646703
38.84,-65.07228052,0.05245506393,0.5958692361,0.3176598593,0,-1.187586336,4.372293169,-3.205584155
38.85,-65.07207147,0.05245625445,0.5958724889,0.3176578686,0,-1.187671524,4.372260199,-3.20552144
38.86,-65.07186186,0.05245744935,0.5958757293,0.3176558874,0,-1.187756983,4.372227952,-3.205458559
38.87,-65.07165172,0.05245864859,0.5958789573,0.3176539157,0,-1.187842711,4.372196426,-3.205395515
38.88,-65.07144103,0.05245985214,0.5958821729,0.3176519535,0,-1.187928706,4.372165619,-3.205332309
38.89,-65.07122981,0.05246105996,0.5958853761,0.3176500008,0,-1.188014965,4.372135527,-3.205268943
38.9,-65.07101806,0.052462272,0.5958885669,0.3176480576,0,-1.188101485,4.37210615,-3.205205419
38.91,-65.0708058,0.05246348823,0.5958917453,0.3176461238,0,-1.188188264,4.372077483,-3.205141739
38.92,-65.07059302,0.05246470861,0.5958949113,0.3176441996,0,-1.188275299,4.372049526,-3.205077905
38.93,-65.07037973,0.05246593309,0.5958980648,0.3176422848,0,-1.188362587,4.372022275,-3.205013918
38.94,-65.07016593,0.05246716165,0.5959012059,0.3176403795,0,-1.188450126,4.371995728,-3.20494978
38.95,-65.06995164,0.05246839423,0.5959043346,0.3176384837,0,-1.188537914,4.371969882,-3.204885493
38.96,-65.06973686,0.0524696308,0.5959074508,0.3176365974,0,-1.188625947,4.371944736,-3.204821059
38.97,-65.0695216,0.05247087132,0.5959105545,0.3176347205,0,-1.188714223,4.371920287,-3.20475648
38.98,-65.06930586,0.05247211575,0.5959136458,0.317632853,0,-1.18880274,4.371896532,-3.204691757
38.99,-65.06908964,0.05247336405,0.5959167246,0.3176309951,0,-1.188891495,4.371873469,-3.204626893
39,-65.06887296,0.05247461619,0.595919791,0.3176291466,0,-1.188980486,4.371851096,-3.204561888
39.01,-65.06865582,0.05247587213,0.5959228449,0.3176273075,0,-1.189069709,4.37182941,-3.204496746
39.02,-65.06843822,0.05247713182,0.5959258863,0.3176254779,0,-1.189159163,4.371808409,-3.204431467
39.03,-65.06822018,0.05247839522,0.5959289152,0.3176236577,0,-1.189248844,4.37178809,-3.204366053
39.04,-65.06800169,0.05247966231,0.5959319317,0.317621847,0,-1.189338751,4.371768451,-3.204300506
39.05,-65.06778276,0.05248093304,0.5959349356,0.3176200457,0,-1.189428881,4.371749489,-3.204234829
39.06,-65.06756341,0.05248220737,0.5959379271,0.3176182538,0,-1.189519231,4.371731203,-3.204169022
39.07,-65.06734362,0.05248348526,0.595940906,0.3176164714,0,-1.189609799,4.371713589,-3.204103087
39.08,-65.06712342,0.05248476669,0.5959438725,0.3176146984,0,-1.189700582,4.371696645,-3.204037027
39.09,-65.06690281,0.0524860516,0.5959468265,0.3176129347,0,-1.189791577,4.371680369,-3.203970842
39.1,-65.06668178,0.05248733996,0.595949768,0.3176111805,0,-1.189882783,4.371664759,-3.203904535
39.11,-65.06646036,0.05248863173,0.5959526969,0.3176094357,0,-1.189974197,4.371649811,-3.203838107
39.12,-65.06623853,0.05248992688,0.5959556134,0.3176077003,0,-1.190065817,4.371635524,-3.20377156
39.13,-65.06601632,0.05249122537,0.5959585173,0.3176059743,0,-1.190157639,4.371621895,-3.203704897
39.14,-65.06579372,0.05249252716,0.5959614088,0.3176042576,0,-1.190249661,4.371608921,-3.203638117
39.15,-65.06557075,0.05249383221,0.5959642877,0.3176025503,0,-1.190341882,4.3715966,-3.203571224
39.16,-65.0653474,0.05249514049,0.5959671542,0.3176008524,0,-1.190434298,4.37158493,-3.203504219
39.17,-65.06512368,0.05249645195,0.5959700081,0.3175991639,0,-1.190526907,4.371573909,-3.203437103
39.18,-65.0648996,0.05249776656,0.5959728495,0.3175974847,0,-1.190619706,4.371563533,-3.203369879
39.19,-65.06467516,0.05249908429,0.5959756784,0.3175958148,0,-1.190712694,4.3715538,-3.203302547
39.2,-65.06445037,0.0525004051,0.5959784947,0.3175941543,0,-1.190805867,4.371544708,-3.203235111
39.21,-65.06422523,0.05250172895,0.5959812986,0.3175925031,0,-1.190899224,4.371536255,-3.20316757
39.22,-65.06399976,0.0525030558,0.59598409,0.3175908613,0,-1.190992762,4.371528437,-3.203099928
39.23,-65.06377395,0.05250438562,0.5959868688,0.3175892288,0,-1.191086478,4.371521253,-3.203032185
39.24,-65.06354781,0.05250571837,0.5959896352,0.3175876055,0,-1.19118037,4.371514701,-3.202964344
39.25,-65.06332135,0.05250705401,0.595992389,0.3175859916,0,-1.191274436,4.371508776,-3.202896406
39.26,-65.06309457,0.05250839251,0.5959951303,0.317584387,0,-1.191368674,4.371503478,-3.202828372
39.27,-65.06286748,0.05250973383,0.5959978591,0.3175827917,0,-1.19146308,4.371498804,-3.202760245
39.28,-65.06264009,0.05251107794,0.5960005755,0.3175812056,0,-1.191557653,4.37149475,-3.202692026
39.29,-65.06241239,0.0525124248,0.5960032793,0.3175796288,0,-1.19165239,4.371491316,-3.202623716
39.3,-65.06218439,0.05251377437,0.5960059706,0.3175780613,0,-1.191747289,4.371488497,-3.202555317
39.31,-65.06195611,0.05251512662,0.5960086494,0.317576503,0,-1.191842347,4.371486293,-3.202486832
39.32,-65.06172754,0.05251648151,0.5960113158,0.317574954,0,-1.191937563,4.3714847,-3.202418261
39.33,-65.06149869,0.05251783901,0.5960139696,0.3175734142,0,-1.192032933,4.371483716,-3.202349606
39.34,-65.06126956,0.05251919908,0.596016611,0.3175718837,0,-1.192128456,4.371483338,-3.202280868
39.35,-65.06104017,0.05252056168,0.5960192398,0.3175703623,0,-1.192224129,4.371483564,-3.20221205
39.36,-65.06081051,0.05252192678,0.5960218562,0.3175688502,0,-1.19231995,4.371484392,-3.202143153
39.37,-65.06058059,0.05252329435,0.5960244601,0.3175673472,0,-1.192415916,4.371485818,-3.202074178
39.38,-65.06035043,0.05252466435,0.5960270516,0.3175658535,0,-1.192512025,4.371487842,-3.202005128
39.39,-65.06012001,0.05252603675,0.5960296306,0.3175643689,0,-1.192608276,4.371490459,-3.201936003
39.4,-65.05988935,0.0525274115,0.5960321971,0.3175628935,0,-1.192704665,4.371493668,-3.201866806
39.41,-65.05965846,0.05252878858,0.5960347511,0.3175614272,0,-1.19280119,4.371497466,-3.201797537
39.42,-65.05942733,0.05253016795,0.5960372927,0.3175599701,0,-1.192897849,4.371501851,-3.201728198
39.43,-65.05919597,0.05253154957,0.5960398219,0.3175585222,0,-1.19299464,4.37150682,-3.201658792
39.44,-65.0589644,0.05253293342,0.5960423386,0.3175570833,0,-1.193091561,4.37151237,-3.201589319
39.45,-65.05873261,0.05253431945,0.5960448429,0.3175556536,0,-1.193188609,4.3715185,-3.201519782
39.46,-65.0585006,0.05253570764,0.5960473347,0.317554233,0,-1.193285782,4.371525207,-3.20145018
39.47,-65.05826839,0.05253709794,0.5960498142,0.3175528215,0,-1.193383077,4.371532488,-3.201380518
39.48,-65.05803598,0.05253849033,0.5960522812,0.3175514191,0,-1.193480493,4.371540341,-3.201310794
39.49,-65.05780337,0.05253988477,0.5960547358,0.3175500257,0,-1.193578027,4.371548764,-3.201241012
39.5,-65.05757058,0.05254128123,0.5960571779,0.3175486414,0,-1.193675678,4.371557753,-3.201171173
39.51,-65.05733759,0.05254267967,0.5960596077,0.3175472662,0,-1.193773442,4.371567307,-3.201101278
39.52,-65.05710443,0.05254408005,0.5960620251,0.3175459,0,-1.193871318,4.371577423,-3.201031329
39.53,-65.05687109,0.05254548236,0.5960644301,0.3175445428,0,-1.193969303,4.371588098,-3.200961327
39.54,-65.05663758,0.05254688654,0.5960668227,0.3175431947,0,-1.194067395,4.37159933,-3.200891275
39.55,-65.05640391,0.05254829257,0.596069203,0.3175418555,0,-1.194165592,4.371611117,-3.200821172
39.56,-65.05617007,0.05254970042,0.5960715709,0.3175405254,0,-1.194263892,4.371623456,-3.200751021
39.57,-65.05593608,0.05255111005,0.5960739264,0.3175392042,0,-1.194362293,4.371636345,-3.200680824
39.58,-65.05570194,0.05255252143,0.5960762696,0.317537892,0,-1.194460792,4.371649781,-3.200610581
39.59,-65.05546765,0.05255393453,0.5960786004,0.3175365888,0,-1.194559388,4.371663761,-3.200540295
39.6,-65.05523322,0.05255534931,0.596080919,0.3175352945,0,-1.194658078,4.371678284,-3.200469966
39.61,-65.05499866,0.05255676573,0.5960832252,0.3175340091,0,-1.194756859,4.371693346,-3.200399597
39.62,-65.05476396,0.05255818378,0.596085519,0.3175327327,0,-1.194855731,4.371708946,-3.200329188
39.63,-65.05452914,0.05255960341,0.5960878006,0.3175314651,0,-1.19495469,4.371725081,-3.200258741
39.64,-65.05429419,0.0525610246,0.5960900699,0.3175302065,0,-1.195053735,4.371741748,-3.200188258
39.65,-65.05405913,0.05256244731,0.5960923269,0.3175289567,0,-1.195152863,4.371758945,-3.20011774
39.66,-65.05382396,0.0525638715,0.5960945716,0.3175277158,0,-1.195252072,4.371776669,-3.200047189
39.67,-65.05358868,0.05256529715,0.5960968041,0.3175264838,0,-1.195351361,4.371794919,-3.199976605
39.68,-65.0533533,0.05256672423,0.5960990243,0.3175252606,0,-1.195450727,4.37181369,-3.199905991
39.69,-65.05311782,0.0525681527,0.5961012323,0.3175240463,0,-1.195550168,4.371832982,-3.199835347
39.7,-65.05288225,0.05256958252,0.596103428,0.3175228407,0,-1.195649682,4.371852792,-3.199764676
39.71,-65.0526466,0.05257101368,0.5961056115,0.317521644,0,-1.195749267,4.371873116,-3.199693979
39.72,-65.05241085,0.05257244614,0.5961077828,0.317520456,0,-1.19584892,4.371893954,-3.199623256
39.73,-65.05217503,0.05257387986,0.5961099419,0.3175192768,0,-1.19594864,4.371915301,-3.19955251
39.74,-65.05193914,0.05257531481,0.5961120888,0.3175181064,0,-1.196048425,4.371937156,-3.199481741
39.75,-65.05170317,0.05257675097,0.5961142235,0.3175169448,0,-1.196148272,4.371959517,-3.199410952
39.76,-65.05146714,0.0525781883,0.596116346,0.3175157918,0,-1.19624818,4.37198238,-3.199340143
39.77,-65.05123106,0.05257962677,0.5961184564,0.3175146476,0,-1.196348147,4.372005744,-3.199269317
39.78,-65.05099491,0.05258106635,0.5961205546,0.3175135121,0,-1.19644817,4.372029606,-3.199198474
39.79,-65.05075872,0.05258250701,0.5961226407,0.3175123853,0,-1.196548247,4.372053963,-3.199127615
39.8,-65.05052248,0.05258394872,0.5961247147,0.3175112671,0,-1.196648377,4.372078813,-3.199056743
39.81,-65.05028619,0.05258539144,0.5961267766,0.3175101576,0,-1.196748557,4.372104154,-3.198985858
39.82,-65.05004987,0.05258683516,0.5961288264,0.3175090568,0,-1.196848786,4.372129983,-3.198914962
39.83,-65.04981352,0.05258827983,0.5961308641,0.3175079646,0,-1.196949061,4.372156298,-3.198844056
39.84,-65.04957714,0.05258972543,0.5961328897,0.317506881,0,-1.19704938,4.372183096,-3.198773141
39.85,-65.04934073,0.05259117192,0.5961349033,0.317505806,0,-1.197149742,4.372210374,-3.198702219
39.86,-65.04910431,0.05259261928,0.5961369048,0.3175047396,0,-1.197250144,4.372238131,-3.198631292
39.87,-65.04886787,0.05259406748,0.5961388943,0.3175036818,0,-1.197350585,4.372266364,-3.19856036
39.88,-65.04863142,0.05259551648,0.5961408717,0.3175026325,0,-1.197451062,4.372295071,-3.198489425
39.89,-65.04839496,0.05259696626,0.5961428372,0.3175015918,0,-1.197551574,4.372324248,-3.198418488
39.9,-65.0481585,0.05259841679,0.5961447907,0.3175005596,0,-1.197652119,4.372353894,-3.198347551
39.91,-65.04792205,0.05259986803,0.5961467322,0.3174995359,0,-1.197752694,4.372384006,-3.198276614
39.92,-65.0476856,0.05260131996,0.5961486617,0.3174985207,0,-1.197853298,4.372414582,-3.198205679
39.93,-65.04744916,0.05260277255,0.5961505793,0.317497514,0,-1.197953928,4.372445619,-3.198134748
39.94,-65.04721274,0.05260422577,0.596152485,0.3174965157,0,-1.198054584,4.372477115,-3.198063821
39.95,-65.04697634,0.05260567959,0.5961543787,0.3174955259,0,-1.198155263,4.372509068,-3.197992901
39.96,-65.04673996,0.05260713398,0.5961562605,0.3174945445,0,-1.198255962,4.372541474,-3.197921987
39.97,-65.04650361,0.05260858892,0.5961581305,0.3174935716,0,-1.198356681,4.372574332,-3.197851082
39.98,-65.04626729,0.05261004437,0.5961599885,0.317492607,0,-1.198457417,4.372607639,-3.197780187
39.99,-65.04603101,0.0526115003,0.5961618347,0.3174916508,0,-1.198558168,4.372641393,-3.197709303
40,-65.04579477,0.05261295669,0.5961636691,0.317490703,0,-1.198658933,4.372675592,-3.197638431
40.01,-65.04555858,0.0526144135,0.5961654916,0.3174897635,0,-1.19875971,4.372710232,-3.197567573
40.02,-65.04532243,0.05261587072,0.5961673024,0.3174888324,0,-1.198860496,4.372745311,-3.197496729
40.03,-65.04508634,0.05261732831,0.5961691013,0.3174879096,0,-1.19896129,4.372780828,-3.197425901
40.04,-65.0448503,0.05261878624,0.5961708884,0.3174869951,0,-1.19906209,4.372816779,-3.197355091
40.05,-65.04461433,0.05262024448,0.5961726638,0.3174860888,0,-1.199162895,4.372853163,-3.197284299
40.06,-65.04437842,0.05262170302,0.5961744274,0.3174851909,0,-1.199263701,4.372889976,-3.197213527
40.07,-65.04414259,0.05262316181,0.5961761793,0.3174843012,0,-1.199364509,4.372927217,-3.197142776
40.08,-65.04390682,0.05262462083,0.5961779195,0.3174834197,0,-1.199465315,4.372964883,-3.197072047
40.09,-65.04367114,0.05262608006,0.596179648,0.3174825464,0,-1.199566118,4.373002971,-3.197001342
40.1,-65.04343554,0.05262753946,0.5961813648,0.3174816813,0,-1.199666916,4.37304148,-3.196930661
40.11,-65.04320002,0.05262899901,0.59618307,0.3174808244,0,-1.199767707,4.373080406,-3.196860006
40.12,-65.04296459,0.05263045869,0.5961847635,0.3174799757,0,-1.19986849,4.373119748,-3.196789377
40.13,-65.04272926,0.05263191846,0.5961864453,0.3174791351,0,-1.199969263,4.373159503,-3.196718777
40.14,-65.04249402,0.05263337829,0.5961881156,0.3174783027,0,-1.200070024,4.373199669,-3.196648207
40.15,-65.04225889,0.05263483817,0.5961897742,0.3174774783,0,-1.20017077,4.373240243,-3.196577666
40.16,-65.04202386,0.05263629806,0.5961914213,0.3174766621,0,-1.200271501,4.373281222,-3.196507158
40.17,-65.04178894,0.05263775794,0.5961930568,0.3174758539,0,-1.200372215,4.373322606,-3.196436682
40.18,-65.04155413,0.05263921778,0.5961946808,0.3174750538,0,-1.20047291,4.37336439,-3.19636624
40.19,-65.04131945,0.05264067755,0.5961962933,0.3174742617,0,-1.200573584,4.373406573,-3.196295834
40.2,-65.04108488,0.05264213723,0.5961978942,0.3174734776,0,-1.200674235,4.373449152,-3.196225464
40.21,-65.04085044,0.05264359679,0.5961994837,0.3174727016,0,-1.200774862,4.373492126,-3.196155131
40.22,-65.04061612,0.0526450562,0.5962010617,0.3174719335,0,-1.200875463,4.37353549,-3.196084837
40.23,-65.04038194,0.05264651544,0.5962026282,0.3174711734,0,-1.200976036,4.373579245,-3.196014583
40.24,-65.0401479,0.05264797449,0.5962041833,0.3174704213,0,-1.201076579,4.373623386,-3.195944369
40.25,-65.03991399,0.05264943331,0.596205727,0.3174696771,0,-1.201177092,4.373667911,-3.195874198
40.26,-65.03968023,0.05265089189,0.5962072593,0.3174689407,0,-1.201277571,4.373712819,-3.195804069
40.27,-65.03944662,0.05265235018,0.5962087803,0.3174682123,0,-1.201378017,4.373758106,-3.195733985
40.28,-65.03921315,0.05265380818,0.5962102899,0.3174674918,0,-1.201478425,4.373803771,-3.195663946
40.29,-65.03897985,0.05265526586,0.5962117881,0.3174667791,0,-1.201578796,4.373849811,-3.195593954
40.3,-65.0387467,0.05265672318,0.5962132751,0.3174660743,0,-1.201679128,4.373896224,-3.195524009
40.31,-65.03851371,0.05265818013,0.5962147507,0.3174653772,0,-1.201779418,4.373943007,-3.195454113
40.32,-65.03828089,0.05265963667,0.5962162151,0.317464688,0,-1.201879665,4.373990158,-3.195384266
40.33,-65.03804823,0.05266109279,0.5962176682,0.3174640065,0,-1.201979868,4.374037675,-3.19531447
40.34,-65.03781576,0.05266254846,0.5962191101,0.3174633329,0,-1.202080025,4.374085555,-3.195244727
40.35,-65.03758345,0.05266400365,0.5962205407,0.3174626669,0,-1.202180133,4.374133796,-3.195175036
40.36,-65.03735133,0.05266545834,0.5962219602,0.3174620087,0,-1.202280193,4.374182396,-3.195105399
40.37,-65.03711939,0.05266691251,0.5962233685,0.3174613582,0,-1.202380201,4.374231353,-3.195035817
40.38,-65.03688764,0.05266836612,0.5962247656,0.3174607154,0,-1.202480157,4.374280663,-3.194966291
40.39,-65.03665607,0.05266981917,0.5962261516,0.3174600802,0,-1.202580059,4.374330325,-3.194896822
40.4,-65.03642471,0.05267127161,0.5962275265,0.3174594527,0,-1.202679904,4.374380336,-3.194827412
40.41,-65.03619354,0.05267272343,0.5962288903,0.3174588328,0,-1.202779693,4.374430695,-3.194758061
40.42,-65.03596257,0.05267417461,0.5962302431,0.3174582205,0,-1.202879422,4.374481398,-3.19468877
40.43,-65.0357318,0.05267562511,0.5962315848,0.3174576158,0,-1.202979091,4.374532444,-3.19461954
40.44,-65.03550124,0.05267707492,0.5962329154,0.3174570187,0,-1.203078697,4.374583829,-3.194550373
40.45,-65.0352709,0.05267852401,0.5962342351,0.3174564291,0,-1.20317824,4.374635553,-3.194481269
40.46,-65.03504077,0.05267997237,0.5962355438,0.3174558471,0,-1.203277718,4.374687612,-3.19441223
40.47,-65.03481085,0.05268141995,0.5962368415,0.3174552726,0,-1.203377129,4.374740005,-3.194343256
40.48,-65.03458116,0.05268286675,0.5962381282,0.3174547055,0,-1.203476471,4.374792728,-3.194274348
40.49,-65.03435169,0.05268431274,0.5962394041,0.3174541459,0,-1.203575744,4.37484578,-3.194205507
40.5,-65.03412245,0.05268575789,0.5962406691,0.3174535938,0,-1.203674945,4.374899159,-3.194136735
40.51,-65.03389344,0.05268720218,0.5962419231,0.3174530491,0,-1.203774074,4.374952861,-3.194068033
40.52,-65.03366467,0.05268864559,0.5962431664,0.3174525119,0,-1.203873128,4.375006885,-3.1939994
40.53,-65.03343613,0.0526900881,0.5962443988,0.317451982,0,-1.203972106,4.375061229,-3.193930839
40.54,-65.03320783,0.05269152968,0.5962456203,0.3174514594,0,-1.204071007,4.37511589,-3.19386235
40.55,-65.03297978,0.05269297032,0.5962468312,0.3174509443,0,-1.204169828,4.375170866,-3.193793935
40.56,-65.03275198,0.05269440998,0.5962480312,0.3174504364,0,-1.20426857,4.375226155,-3.193725593
40.57,-65.03252442,0.05269584864,0.5962492205,0.3174499359,0,-1.20436723,4.375281754,-3.193657327
40.58,-65.03229712,0.05269728629,0.5962503991,0.3174494426,0,-1.204465806,4.375337661,-3.193589137
40.59,-65.03207008,0.05269872291,0.596251567,0.3174489567,0,-1.204564298,4.375393874,-3.193521024
40.6,-65.03184329,0.05270015846,0.5962527242,0.3174484779,0,-1.204662703,4.375450391,-3.193452988
40.61,-65.03161677,0.05270159293,0.5962538708,0.3174480064,0,-1.204761021,4.37550721,-3.193385032
40.62,-65.03139052,0.05270302629,0.5962550067,0.3174475421,0,-1.204859249,4.375564327,-3.193317156
40.63,-65.03116453,0.05270445853,0.5962561321,0.317447085,0,-1.204957387,4.375621742,-3.19324936
40.64,-65.03093882,0.05270588962,0.5962572468,0.3174466351,0,-1.205055434,4.375679451,-3.193181646
40.65,-65.03071338,0.05270731954,0.596258351,0.3174461923,0,-1.205153386,4.375737452,-3.193114014
40.66,-65.03048822,0.05270874827,0.5962594447,0.3174457566,0,-1.205251244,4.375795744,-3.193046466
40.67,-65.03026334,0.05271017579,0.5962605279,0.317445328,0,-1.205349006,4.375854324,-3.192979003
40.68,-65.03003875,0.05271160208,0.5962616006,0.3174449065,0,-1.205446671,4.375913189,-3.192911625
40.69,-65.02981444,0.05271302711,0.5962626628,0.3174444921,0,-1.205544236,4.375972338,-3.192844333
40.7,-65.02959043,0.05271445086,0.5962637146,0.3174440847,0,-1.205641701,4.376031769,-3.192777128
40.71,-65.0293667,0.05271587332,0.596264756,0.3174436843,0,-1.205739064,4.376091478,-3.192710011
40.72,-65.02914327,0.05271729446,0.596265787,0.317443291,0,-1.205836324,4.376151465,-3.192642982
40.73,-65.02892015,0.05271871426,0.5962668076,0.3174429046,0,-1.20593348,4.376211726,-3.192576044
40.74,-65.02869732,0.05272013271,0.5962678179,0.3174425251,0,-1.20603053,4.37627226,-3.192509196
40.75,-65.0284748,0.05272154977,0.5962688179,0.3174421526,0,-1.206127473,4.376333064,-3.192442439
40.76,-65.02825258,0.05272296544,0.5962698076,0.317441787,0,-1.206224307,4.376394136,-3.192375775
40.77,-65.02803068,0.05272437968,0.5962707871,0.3174414283,0,-1.206321032,4.376455474,-3.192309204
40.78,-65.02780909,0.05272579249,0.5962717562,0.3174410765,0,-1.206417645,4.376517075,-3.192242727
40.79,-65.02758781,0.05272720383,0.5962727152,0.3174407315,0,-1.206514146,4.376578939,-3.192176344
40.8,-65.02736686,0.0527286137,0.596273664,0.3174403933,0,-1.206610534,4.376641061,-3.192110058
40.81,-65.02714622,0.05273002206,0.5962746026,0.317440062,0,-1.206706806,4.376703441,-3.192043867
40.82,-65.02692592,0.05273142891,0.5962755311,0.3174397374,0,-1.206802962,4.376766076,-3.191977775
40.83,-65.02670593,0.05273283422,0.5962764495,0.3174394196,0,-1.206899,4.376828964,-3.19191178
40.84,-65.02648628,0.05273423797,0.5962773578,0.3174391086,0,-1.206994919,4.376892102,-3.191845884
40.85,-65.02626696,0.05273564014,0.596278256,0.3174388043,0,-1.207090718,4.376955489,-3.191780088
40.86,-65.02604797,0.05273704071,0.5962791441,0.3174385066,0,-1.207186396,4.377019122,-3.191714392
40.87,-65.02582933,0.05273843967,0.5962800223,0.3174382157,0,-1.20728195,4.377083,-3.191648798
40.88,-65.02561102,0.05273983699,0.5962808905,0.3174379314,0,-1.207377381,4.37714712,-3.191583306
40.89,-65.02539306,0.05274123265,0.5962817487,0.3174376537,0,-1.207472687,4.377211479,-3.191517917
40.9,-65.02517544,0.05274262665,0.596282597,0.3174373826,0,-1.207567866,4.377276077,-3.191452632
40.91,-65.02495817,0.05274401894,0.5962834353,0.3174371182,0,-1.207662918,4.37734091,-3.191387451
40.92,-65.02474125,0.05274540953,0.5962842638,0.3174368603,0,-1.20775784,4.377405977,-3.191322375
40.93,-65.02452469,0.05274679839,0.5962850824,0.3174366089,0,-1.207852633,4.377471275,-3.191257406
40.94,-65.02430848,0.0527481855,0.5962858912,0.3174363641,0,-1.207947294,4.377536802,-3.191192543
40.95,-65.02409263,0.05274957085,0.5962866902,0.3174361258,0,-1.208041822,4.377602557,-3.191127788
40.96,-65.02387714,0.05275095441,0.5962874794,0.3174358939,0,-1.208136217,4.377668537,-3.191063141
40.97,-65.02366201,0.05275233616,0.5962882588,0.3174356686,0,-1.208230477,4.37773474,-3.190998603
40.98,-65.02344725,0.0527537161,0.5962890286,0.3174354496,0,-1.2083246,4.377801163,-3.190934175
40.99,-65.02323286,0.0527550942,0.5962897886,0.3174352371,0,-1.208418586,4.377867806,-3.190869857
41,-65.02301884,0.05275647044,0.5962905389,0.3174350309,0,-1.208512434,4.377934665,-3.190805651
41.01,-65.02280519,0.0527578448,0.5962912796,0.3174348312,0,-1.208606142,4.378001739,-3.190741557
41.02,-65.02259192,0.05275921728,0.5962920107,0.3174346378,0,-1.20869971,4.378069025,-3.190677576
41.03,-65.02237903,0.05276058784,0.5962927322,0.3174344507,0,-1.208793135,4.378136522,-3.190613708
41.04,-65.02216651,0.05276195648,0.5962934441,0.3174342699,0,-1.208886418,4.378204227,-3.190549954
41.05,-65.02195438,0.05276332317,0.5962941464,0.3174340954,0,-1.208979556,4.378272138,-3.190486315
41.06,-65.02174264,0.0527646879,0.5962948393,0.3174339272,0,-1.209072548,4.378340254,-3.190422792
41.07,-65.02153128,0.05276605065,0.5962955226,0.3174337651,0,-1.209165395,4.378408572,-3.190359385
41.08,-65.02132032,0.05276741141,0.5962961965,0.3174336094,0,-1.209258093,4.378477089,-3.190296095
41.09,-65.02110974,0.05276877015,0.596296861,0.3174334598,0,-1.209350643,4.378545805,-3.190232923
41.1,-65.02089956,0.05277012686,0.5962975161,0.3174333163,0,-1.209443043,4.378614717,-3.190169869
41.11,-65.02068978,0.05277148153,0.5962981618,0.3174331791,0,-1.209535293,4.378683823,-3.190106934
41.12,-65.02048039,0.05277283413,0.5962987981,0.3174330479,0,-1.20962739,4.378753121,-3.190044118
41.13,-65.02027141,0.05277418466,0.5962994251,0.3174329229,0,-1.209719334,4.378822609,-3.189981424
41.14,-65.02006283,0.05277553309,0.5963000428,0.3174328039,0,-1.209811124,4.378892284,-3.18991885
41.15,-65.01985466,0.0527768794,0.5963006512,0.317432691,0,-1.209902759,4.378962146,-3.189856398
41.16,-65.01964689,0.05277822359,0.5963012504,0.3174325841,0,-1.209994238,4.379032191,-3.189794068
41.17,-65.01943954,0.05277956564,0.5963018404,0.3174324833,0,-1.210085559,4.379102418,-3.189731861
41.18,-65.01923259,0.05278090552,0.5963024212,0.3174323884,0,-1.210176722,4.379172825,-3.189669778
41.19,-65.01902606,0.05278224323,0.5963029928,0.3174322995,0,-1.210267725,4.379243409,-3.189607819
41.2,-65.01881995,0.05278357875,0.5963035553,0.3174322166,0,-1.210358569,4.379314169,-3.189545985
41.21,-65.01861426,0.05278491206,0.5963041087,0.3174321396,0,-1.21044925,4.379385104,-3.189484277
41.22,-65.01840898,0.05278624314,0.596304653,0.3174320684,0,-1.210539769,4.379456209,-3.189422695
41.23,-65.01820413,0.05278757199,0.5963051883,0.3174320032,0,-1.210630125,4.379527485,-3.18936124
41.24,-65.01799971,0.05278889858,0.5963057146,0.3174319438,0,-1.210720316,4.379598929,-3.189299912
41.25,-65.01779571,0.05279022291,0.5963062318,0.3174318903,0,-1.210810342,4.379670538,-3.189238712
41.26,-65.01759214,0.05279154494,0.5963067401,0.3174318425,0,-1.210900201,4.379742311,-3.189177641
41.27,-65.017389,0.05279286468,0.5963072395,0.3174318006,0,-1.210989893,4.379814246,-3.189116699
41.28,-65.01718629,0.05279418211,0.5963077299,0.3174317644,0,-1.211079416,4.379886342,-3.189055887
41.29,-65.01698402,0.0527954972,0.5963082115,0.317431734,0,-1.21116877,4.379958595,-3.188995206
41.3,-65.01678218,0.05279680996,0.5963086842,0.3174317092,0,-1.211257953,4.380031004,-3.188934655
41.31,-65.01658079,0.05279812035,0.5963091481,0.3174316902,0,-1.211346965,4.380103567,-3.188874236
41.32,-65.01637983,0.05279942837,0.5963096032,0.3174316769,0,-1.211435805,4.380176282,-3.18881395
41.33,-65.01617932,0.052800734,0.5963100495,0.3174316692,0,-1.211524471,4.380249148,-3.188753796
41.34,-65.01597925,0.05280203723,0.5963104871,0.3174316671,0,-1.211612964,4.380322161,-3.188693775
41.35,-65.01577963,0.05280333804,0.5963109159,0.3174316706,0,-1.211701281,4.380395321,-3.188633888
41.36,-65.01558045,0.05280463642,0.5963113361,0.3174316798,0,-1.211789422,4.380468626,-3.188574136
41.37,-65.01538173,0.05280593236,0.5963117477,0.3174316945,0,-1.211877387,4.380542073,-3.188514519
41.38,-65.01518346,0.05280722584,0.5963121506,0.3174317147,0,-1.211965173,4.380615661,-3.188455037
41.39,-65.01498564,0.05280851684,0.5963125449,0.3174317404,0,-1.212052781,4.380689387,-3.188395692
41.4,-65.01478828,0.05280980536,0.5963129307,0.3174317716,0,-1.212140209,4.38076325,-3.188336483
41.41,-65.01459137,0.05281109138,0.5963133079,0.3174318084,0,-1.212227456,4.380837248,-3.188277411
41.42,-65.01439492,0.05281237489,0.5963136766,0.3174318505,0,-1.212314522,4.380911378,-3.188218477
41.43,-65.01419894,0.05281365587,0.5963140368,0.3174318981,0,-1.212401406,4.38098564,-3.188159682
41.44,-65.01400342,0.0528149343,0.5963143886,0.3174319511,0,-1.212488106,4.381060032,-3.188101025
41.45,-65.01380836,0.05281621019,0.5963147319,0.3174320094,0,-1.212574622,4.38113455,-3.188042507
41.46,-65.01361377,0.05281748351,0.5963150669,0.3174320731,0,-1.212660954,4.381209194,-3.18798413
41.47,-65.01341964,0.05281875424,0.5963153934,0.3174321422,0,-1.2127471,4.381283961,-3.187925892
41.48,-65.01322599,0.05282002239,0.5963157117,0.3174322165,0,-1.212833059,4.381358851,-3.187867796
41.49,-65.0130328,0.05282128793,0.5963160216,0.3174322962,0,-1.212918831,4.38143386,-3.18780984
41.5,-65.01284009,0.05282255085,0.5963163233,0.3174323811,0,-1.213004414,4.381508987,-3.187752027
41.51,-65.01264785,0.05282381114,0.5963166167,0.3174324712,0,-1.213089808,4.38158423,-3.187694356
41.52,-65.01245609,0.05282506878,0.5963169019,0.3174325666,0,-1.213175013,4.381659588,-3.187636827
41.53,-65.01226481,0.05282632377,0.5963171789,0.3174326672,0,-1.213260026,4.381735058,-3.187579442
41.54,-65.012074,0.05282757609,0.5963174477,0.3174327729,0,-1.213344848,4.381810638,-3.187522201
41.55,-65.01188368,0.05282882573,0.5963177084,0.3174328838,0,-1.213429478,4.381886328,-3.187465104
41.56,-65.01169384,0.05283007268,0.596317961,0.3174329998,0,-1.213513915,4.381962124,-3.187408152
41.57,-65.01150448,0.05283131692,0.5963182056,0.3174331209,0,-1.213598157,4.382038026,-3.187351345
41.58,-65.01131561,0.05283255844,0.596318442,0.3174332471,0,-1.213682205,4.382114031,-3.187294683
41.59,-65.01112723,0.05283379724,0.5963186705,0.3174333784,0,-1.213766058,4.382190138,-3.187238168
41.6,-65.01093933,0.05283503329,0.596318891,0.3174335147,0,-1.213849714,4.382266344,-3.187181799
41.61,-65.01075192,0.05283626659,0.5963191035,0.317433656,0,-1.213933174,4.382342649,-3.187125577
41.62,-65.01056501,0.05283749713,0.5963193081,0.3174338023,0,-1.214016435,4.382419049,-3.187069502
41.63,-65.01037859,0.05283872489,0.5963195048,0.3174339535,0,-1.214099498,4.382495544,-3.187013576
41.64,-65.01019266,0.05283994986,0.5963196936,0.3174341097,0,-1.214182362,4.382572132,-3.186957797
41.65,-65.01000723,0.05284117203,0.5963198746,0.3174342709,0,-1.214265026,4.38264881,-3.186902168
41.66,-65.00982229,0.0528423914,0.5963200478,0.3174344369,0,-1.214347489,4.382725578,-3.186846687
41.67,-65.00963785,0.05284360794,0.5963202132,0.3174346078,0,-1.214429751,4.382802433,-3.186791356
41.68,-65.00945392,0.05284482165,0.5963203708,0.3174347835,0,-1.21451181,4.382879373,-3.186736175
41.69,-65.00927048,0.05284603252,0.5963205207,0.3174349641,0,-1.214593667,4.382956397,-3.186681145
41.7,-65.00908755,0.05284724053,0.596320663,0.3174351495,0,-1.21467532,4.383033504,-3.186626265
41.71,-65.00890512,0.05284844568,0.5963207975,0.3174353397,0,-1.214756769,4.38311069,-3.186571536
41.72,-65.0087232,0.05284964795,0.5963209245,0.3174355346,0,-1.214838013,4.383187955,-3.186516959
41.73,-65.00854178,0.05285084734,0.5963210438,0.3174357343,0,-1.214919051,4.383265297,-3.186462534
41.74,-65.00836087,0.05285204383,0.5963211556,0.3174359387,0,-1.214999884,4.383342715,-3.186408262
41.75,-65.00818047,0.05285323741,0.5963212598,0.3174361477,0,-1.215080509,4.383420205,-3.186354142
41.76,-65.00800058,0.05285442808,0.5963213565,0.3174363615,0,-1.215160926,4.383497767,-3.186300175
41.77,-65.00782121,0.05285561582,0.5963214457,0.3174365799,0,-1.215241135,4.3835754,-3.186246362
41.78,-65.00764234,0.05285680062,0.5963215275,0.3174368029,0,-1.215321136,4.3836531,-3.186192703
41.79,-65.00746399,0.05285798248,0.5963216018,0.3174370305,0,-1.215400926,4.383730867,-3.186139198
41.8,-65.00728616,0.05285916138,0.5963216688,0.3174372627,0,-1.215480507,4.383808699,-3.186085847
41.81,-65.00710884,0.0528603373,0.5963217283,0.3174374995,0,-1.215559876,4.383886594,-3.186032652
41.82,-65.00693204,0.05286151026,0.5963217806,0.3174377408,0,-1.215639034,4.383964551,-3.185979612
41.83,-65.00675576,0.05286268022,0.5963218255,0.3174379866,0,-1.21571798,4.384042568,-3.185926727
41.84,-65.00658,0.05286384719,0.5963218632,0.3174382368,0,-1.215796714,4.384120642,-3.185873999
41.85,-65.00640476,0.05286501116,0.5963218936,0.3174384916,0,-1.215875233,4.384198774,-3.185821427
41.86,-65.00623004,0.05286617211,0.5963219168,0.3174387508,0,-1.215953539,4.38427696,-3.185769012
41.87,-65.00605585,0.05286733003,0.5963219328,0.3174390144,0,-1.216031631,4.384355199,-3.185716754
41.88,-65.00588218,0.05286848492,0.5963219417,0.3174392824,0,-1.216109507,4.38443349,-3.185664653
41.89,-65.00570903,0.05286963677,0.5963219434,0.3174395548,0,-1.216187168,4.38451183,-3.18561271
41.9,-65.00553642,0.05287078557,0.5963219381,0.3174398315,0,-1.216264612,4.384590219,-3.185560925
41.91,-65.00536433,0.05287193131,0.5963219257,0.3174401125,0,-1.21634184,4.384668655,-3.185509298
41.92,-65.00519277,0.05287307397,0.5963219062,0.3174403979,0,-1.21641885,4.384747136,-3.18545783
41.93,-65.00502174,0.05287421356,0.5963218797,0.3174406875,0,-1.216495642,4.38482566,-3.185406521
41.94,-65.00485124,0.05287535006,0.5963218463,0.3174409814,0,-1.216572215,4.384904225,-3.185355371
41.95,-65.00468127,0.05287648347,0.5963218059,0.3174412796,0,-1.21664857,4.384982831,-3.185304381
41.96,-65.00451183,0.05287761377,0.5963217586,0.3174415819,0,-1.216724705,4.385061476,-3.18525355
41.97,-65.00434293,0.05287874096,0.5963217044,0.3174418885,0,-1.216800619,4.385140157,-3.18520288
41.98,-65.00417457,0.05287986503,0.5963216433,0.3174421992,0,-1.216876313,4.385218874,-3.18515237
41.99,-65.00400674,0.05288098598,0.5963215755,0.317442514,0,-1.216951786,4.385297624,-3.185102021
42,-65.00383944,0.05288210378,0.5963215008,0.317442833,0,-1.217027037,4.385376407,-3.185051833
42.01,-65.00367269,0.05288321844,0.5963214194,0.3174431561,0,-1.217102066,4.385455221,-3.185001807
42.02,-65.00350647,0.05288432995,0.5963213312,0.3174434833,0,-1.217176872,4.385534063,-3.184951942
42.03,-65.00334079,0.05288543829,0.5963212363,0.3174438145,0,-1.217251455,4.385612933,-3.184902238
42.04,-65.00317566,0.05288654347,0.5963211347,0.3174441497,0,-1.217325814,4.385691829,-3.184852697
42.05,-65.00301106,0.05288764547,0.5963210265,0.317444489,0,-1.217399949,4.385770749,-3.184803318
42.06,-65.00284701,0.05288874429,0.5963209117,0.3174448322,0,-1.217473859,4.385849692,-3.184754102
42.07,-65.0026835,0.05288983992,0.5963207903,0.3174451794,0,-1.217547544,4.385928656,-3.184705049
42.08,-65.00252053,0.05289093235,0.5963206623,0.3174455306,0,-1.217621003,4.38600764,-3.184656158
42.09,-65.00235811,0.05289202157,0.5963205278,0.3174458857,0,-1.217694237,4.386086642,-3.184607432
42.1,-65.00219623,0.05289310758,0.5963203868,0.3174462446,0,-1.217767243,4.386165661,-3.184558868
42.11,-65.0020349,0.05289419037,0.5963202394,0.3174466075,0,-1.217840023,4.386244695,-3.184510469
42.12,-65.00187411,0.05289526993,0.5963200855,0.3174469742,0,-1.217912575,4.386323743,-3.184462234
42.13,-65.00171388,0.05289634626,0.5963199252,0.3174473447,0,-1.2179849,4.386402803,-3.184414163
42.14,-65.00155419,0.05289741934,0.5963197585,0.3174477191,0,-1.218056995,4.386481873,-3.184366256
42.15,-65.00139505,0.05289848918,0.5963195855,0.3174480972,0,-1.218128863,4.386560953,-3.184318514
42.16,-65.00123646,0.05289955576,0.5963194061,0.3174484791,0,-1.218200501,4.38664004,-3.184270938
42.17,-65.00107842,0.05290061909,0.5963192205,0.3174488648,0,-1.218271909,4.386719134,-3.184223526
42.18,-65.00092093,0.05290167914,0.5963190286,0.3174492541,0,-1.218343087,4.386798232,-3.18417628
42.19,-65.000764,0.05290273592,0.5963188305,0.3174496472,0,-1.218414035,4.386877333,-3.184129199
42.2,-65.00060762,0.05290378942,0.5963186262,0.3174500439,0,-1.218484752,4.386956436,-3.184082285
42.21,-65.00045179,0.05290483963,0.5963184157,0.3174504443,0,-1.218555238,4.38703554,-3.184035536
42.22,-65.00029651,0.05290588655,0.5963181991,0.3174508483,0,-1.218625492,4.387114642,-3.183988953
42.23,-65.00014179,0.05290693017,0.5963179764,0.3174512559,0,-1.218695515,4.387193741,-3.183942537
42.24,-64.99998763,0.05290797048,0.5963177476,0.3174516671,0,-1.218765304,4.387272837,-3.183896288
42.25,-64.99983402,0.05290900748,0.5963175127,0.3174520819,0,-1.218834862,4.387351927,-3.183850205
42.26,-64.99968096,0.05291004117,0.5963172719,0.3174525002,0,-1.218904186,4.38743101,-3.183804289
42.27,-64.99952847,0.05291107153,0.596317025,0.317452922,0,-1.218973276,4.387510085,-3.18375854
42.28,-64.99937653,0.05291209856,0.5963167722,0.3174533474,0,-1.219042133,4.387589149,-3.183712958
42.29,-64.99922515,0.05291312226,0.5963165135,0.3174537762,0,-1.219110756,4.387668203,-3.183667544
42.3,-64.99907433,0.05291414262,0.5963162488,0.3174542085,0,-1.219179144,4.387747244,-3.183622298
42.31,-64.99892406,0.05291515963,0.5963159783,0.3174546441,0,-1.219247297,4.387826271,-3.183577219
42.32,-64.99877436,0.05291617329,0.596315702,0.3174550833,0,-1.219315215,4.387905283,-3.183532308
42.33,-64.99862522,0.0529171836,0.5963154198,0.3174555257,0,-1.219382897,4.387984277,-3.183487566
42.34,-64.99847664,0.05291819054,0.5963151319,0.3174559716,0,-1.219450344,4.388063254,-3.183442991
42.35,-64.99832862,0.05291919412,0.5963148382,0.3174564208,0,-1.219517555,4.388142211,-3.183398585
42.36,-64.99818116,0.05292019433,0.5963145388,0.3174568733,0,-1.219584529,4.388221147,-3.183354348
42.37,-64.99803426,0.05292119115,0.5963142337,0.3174573292,0,-1.219651266,4.38830006,-3.183310279
42.38,-64.99788793,0.0529221846,0.5963139229,0.3174577883,0,-1.219717766,4.38837895,-3.183266379
42.39,-64.99774216,0.05292317466,0.5963136065,0.3174582506,0,-1.219784029,4.388457815,-3.183222648
42.4,-64.99759695,0.05292416134,0.5963132846,0.3174587162,0,-1.219850054,4.388536653,-3.183179086
42.41,-64.99745231,0.05292514461,0.596312957,0.317459185,0,-1.219915842,4.388615464,-3.183135693
42.42,-64.99730823,0.05292612449,0.5963126239,0.317459657,0,-1.219981391,4.388694246,-3.183092469
42.43,-64.99716472,0.05292710096,0.5963122853,0.3174601322,0,-1.220046702,4.388772997,-3.183049415
42.44,-64.99702177,0.05292807402,0.5963119412,0.3174606105,0,-1.220111774,4.388851716,-3.183006531
42.45,-64.99687939,0.05292904366,0.5963115917,0.317461092,0,-1.220176606,4.388930402,-3.182963816
42.46,-64.99673757,0.05293000989,0.5963112367,0.3174615765,0,-1.2202412,4.389009054,-3.182921271
42.47,-64.99659632,0.0529309727,0.5963108763,0.3174620642,0,-1.220305554,4.38908767,-3.182878895
42.48,-64.99645563,0.05293193208,0.5963105106,0.3174625549,0,-1.220369669,4.389166249,-3.18283669
42.49,-64.99631552,0.05293288804,0.5963101396,0.3174630486,0,-1.220433543,4.38924479,-3.182794655
42.5,-64.99617597,0.05293384055,0.5963097632,0.3174635454,0,-1.220497177,4.389323291,-3.18275279
42.51,-64.99603698,0.05293478963,0.5963093816,0.3174640451,0,-1.220560571,4.389401751,-3.182711095
42.52,-64.99589857,0.05293573527,0.5963089947,0.3174645479,0,-1.220623724,4.389480169,-3.18266957
42.53,-64.99576072,0.05293667747,0.5963086026,0.3174650536,0,-1.220686636,4.389558543,-3.182628216
42.54,-64.99562344,0.05293761621,0.5963082053,0.3174655622,0,-1.220749308,4.389636873,-3.182587032
42.55,-64.99548673,0.0529385515,0.5963078028,0.3174660737,0,-1.220811737,4.389715156,-3.182546019
42.56,-64.99535059,0.05293948334,0.5963073953,0.3174665882,0,-1.220873926,4.389793392,-3.182505177
42.57,-64.99521502,0.05294041171,0.5963069826,0.3174671055,0,-1.220935872,4.38987158,-3.182464505
42.58,-64.99508001,0.05294133663,0.5963065648,0.3174676256,0,-1.220997577,4.389949718,-3.182424004
42.59,-64.99494558,0.05294225807,0.5963061421,0.3174681486,0,-1.221059039,4.390027805,-3.182383674
42.6,-64.99481172,0.05294317605,0.5963057143,0.3174686744,0,-1.221120259,4.39010584,-3.182343515
42.61,-64.99467842,0.05294409056,0.5963052815,0.3174692029,0,-1.221181237,4.390183821,-3.182303526
42.62,-64.9945457,0.05294500159,0.5963048438,0.3174697343,0,-1.221241972,4.390261747,-3.182263709
42.63,-64.99441354,0.05294590914,0.5963044011,0.3174702683,0,-1.221302465,4.390339618,-3.182224063
42.64,-64.99428196,0.05294681321,0.5963039536,0.3174708051,0,-1.221362714,4.390417431,-3.182184588
42.65,-64.99415094,0.0529477138,0.5963035012,0.3174713446,0,-1.221422721,4.390495186,-3.182145283
42.66,-64.9940205,0.0529486109,0.5963030439,0.3174718868,0,-1.221482484,4.390572881,-3.182106151
42.67,-64.99389063,0.05294950451,0.5963025819,0.3174724316,0,-1.221542003,4.390650516,-3.182067189
42.68,-64.99376133,0.05295039463,0.596302115,0.3174729791,0,-1.221601279,4.390728088,-3.182028399
42.69,-64.9936326,0.05295128125,0.5963016434,0.3174735292,0,-1.221660312,4.390805598,-3.181989779
42.7,-64.99350444,0.05295216438,0.5963011671,0.3174740819,0,-1.2217191,4.390883043,-3.181951332
42.71,-64.99337685,0.05295304401,0.5963006861,0.3174746372,0,-1.221777645,4.390960422,-3.181913055
42.72,-64.99324983,0.05295392014,0.5963002005,0.317475195,0,-1.221835945,4.391037735,-3.18187495
42.73,-64.99312339,0.05295479276,0.5962997102,0.3174757554,0,-1.221894002,4.39111498,-3.181837016
42.74,-64.99299751,0.05295566188,0.5962992153,0.3174763182,0,-1.221951814,4.391192156,-3.181799254
42.75,-64.99287221,0.05295652749,0.5962987159,0.3174768836,0,-1.222009382,4.391269262,-3.181761663
42.76,-64.99274748,0.05295738959,0.5962982118,0.3174774514,0,-1.222066705,4.391346296,-3.181724243
42.77,-64.99262332,0.05295824818,0.5962977033,0.3174780217,0,-1.222123783,4.391423259,-3.181686995
42.78,-64.99249973,0.05295910325,0.5962971903,0.3174785944,0,-1.222180617,4.391500147,-3.181649918
42.79,-64.99237671,0.05295995481,0.5962966728,0.3174791696,0,-1.222237206,4.391576961,-3.181613012
42.8,-64.99225426,0.05296080285,0.5962961509,0.3174797471,0,-1.222293551,4.391653699,-3.181576278
42.81,-64.99213239,0.05296164738,0.5962956246,0.317480327,0,-1.22234965,4.39173036,-3.181539716
42.82,-64.99201108,0.05296248838,0.5962950939,0.3174809093,0,-1.222405504,4.391806943,-3.181503324
42.83,-64.99189035,0.05296332586,0.5962945589,0.3174814938,0,-1.222461113,4.391883447,-3.181467104
42.84,-64.99177019,0.05296415982,0.5962940195,0.3174820807,0,-1.222516477,4.391959871,-3.181431056
42.85,-64.99165059,0.05296499025,0.5962934759,0.3174826699,0,-1.222571596,4.392036213,-3.181395178
42.86,-64.99153157,0.05296581716,0.596292928,0.3174832613,0,-1.22262647,4.392112473,-3.181359472
42.87,-64.99141313,0.05296664054,0.5962923758,0.317483855,0,-1.222681098,4.392188649,-3.181323938
42.88,-64.99129525,0.05296746039,0.5962918195,0.317484451,0,-1.222735481,4.392264741,-3.181288574
42.89,-64.99117794,0.05296827671,0.596291259,0.3174850491,0,-1.222789619,4.392340747,-3.181253382
42.9,-64.9910612,0.0529690895,0.5962906943,0.3174856494,0,-1.222843511,4.392416667,-3.18121836
42.91,-64.99094503,0.05296989876,0.5962901255,0.3174862519,0,-1.222897157,4.392492498,-3.18118351
42.92,-64.99082944,0.05297070449,0.5962895527,0.3174868565,0,-1.222950559,4.392568241,-3.181148831
42.93,-64.99071441,0.05297150669,0.5962889757,0.3174874633,0,-1.223003714,4.392643894,-3.181114324
42.94,-64.99059996,0.05297230535,0.5962883948,0.3174880722,0,-1.223056625,4.392719456,-3.181079987
42.95,-64.99048607,0.05297310047,0.5962878098,0.3174886831,0,-1.223109289,4.392794926,-3.181045821
42.96,-64.99037275,0.05297389207,0.5962872208,0.3174892962,0,-1.223161708,4.392870303,-3.181011825
42.97,-64.99026,0.05297468012,0.5962866279,0.3174899113,0,-1.223213882,4.392945586,-3.180978001
42.98,-64.99014783,0.05297546464,0.5962860311,0.3174905284,0,-1.22326581,4.393020774,-3.180944348
42.99,-64.99003622,0.05297624563,0.5962854304,0.3174911475,0,-1.223317492,4.393095866,-3.180910865
43,-64.98992518,0.05297702307,0.5962848258,0.3174917686,0,-1.223368929,4.393170861,-3.180877553
43.01,-64.9898147,0.05297779698,0.5962842174,0.3174923917,0,-1.223420121,4.393245758,-3.180844411
43.02,-64.9897048,0.05297856735,0.5962836052,0.3174930167,0,-1.223471067,4.393320556,-3.18081144
43.03,-64.98959546,0.05297933419,0.5962829892,0.3174936437,0,-1.223521767,4.393395254,-3.180778639
43.04,-64.9894867,0.05298009749,0.5962823694,0.3174942726,0,-1.223572223,4.39346985,-3.180746009
43.05,-64.9893785,0.05298085724,0.5962817459,0.3174949034,0,-1.223622432,4.393544345,-3.180713549
43.06,-64.98927086,0.05298161347,0.5962811187,0.317495536,0,-1.223672397,4.393618737,-3.180681259
43.07,-64.9891638,0.05298236615,0.5962804878,0.3174961705,0,-1.223722116,4.393693025,-3.180649139
43.08,-64.9890573,0.0529831153,0.5962798533,0.3174968068,0,-1.223771589,4.393767208,-3.18061719
43.09,-64.98895137,0.05298386091,0.5962792152,0.317497445,0,-1.223820818,4.393841285,-3.18058541
43.1,-64.988846,0.05298460298,0.5962785735,0.317498085,0,-1.223869801,4.393915255,-3.1805538
43.11,-64.9887412,0.05298534152,0.5962779282,0.3174987267,0,-1.22391854,4.393989117,-3.18052236
43.12,-64.98863696,0.05298607652,0.5962772794,0.3174993702,0,-1.223967033,4.394062871,-3.180491089
43.13,-64.98853329,0.05298680799,0.5962766271,0.3175000154,0,-1.224015281,4.394136515,-3.180459988
43.14,-64.98843019,0.05298753592,0.5962759713,0.3175006623,0,-1.224063284,4.394210049,-3.180429057
43.15,-64.98832765,0.05298826032,0.596275312,0.317501311,0,-1.224111043,4.394283471,-3.180398295
43.16,-64.98822567,0.05298898118,0.5962746493,0.3175019613,0,-1.224158557,4.394356781,-3.180367702
43.17,-64.98812426,0.05298969851,0.5962739832,0.3175026133,0,-1.224205826,4.394429977,-3.180337278
43.18,-64.98802341,0.05299041231,0.5962733138,0.3175032669,0,-1.22425285,4.39450306,-3.180307023
43.19,-64.98792312,0.05299112258,0.596272641,0.3175039222,0,-1.22429963,4.394576027,-3.180276937
43.2,-64.9878234,0.05299182931,0.5962719649,0.3175045791,0,-1.224346166,4.394648878,-3.18024702
43.21,-64.98772424,0.05299253252,0.5962712855,0.3175052375,0,-1.224392457,4.394721612,-3.180217271
43.22,-64.98762564,0.0529932322,0.5962706028,0.3175058976,0,-1.224438504,4.394794229,-3.180187691
43.23,-64.9875276,0.05299392835,0.5962699169,0.3175065591,0,-1.224484308,4.394866726,-3.180158279
43.24,-64.98743012,0.05299462098,0.5962692278,0.3175072222,0,-1.224529867,4.394939105,-3.180129036
43.25,-64.9873332,0.05299531008,0.5962685355,0.3175078869,0,-1.224575182,4.395011363,-3.18009996
43.26,-64.98723684,0.05299599566,0.5962678401,0.317508553,0,-1.224620254,4.395083499,-3.180071053
43.27,-64.98714104,0.05299667772,0.5962671415,0.3175092206,0,-1.224665082,4.395155514,-3.180042313
43.28,-64.98704581,0.05299735626,0.5962664398,0.3175098896,0,-1.224709666,4.395227405,-3.180013742
43.29,-64.98695112,0.05299803128,0.5962657351,0.3175105601,0,-1.224754007,4.395299173,-3.179985337
43.3,-64.986857,0.05299870278,0.5962650273,0.3175112321,0,-1.224798106,4.395370817,-3.1799571
43.31,-64.98676344,0.05299937076,0.5962643164,0.3175119054,0,-1.224841961,4.395442334,-3.179929031
43.32,-64.98667043,0.05300003523,0.5962636026,0.3175125801,0,-1.224885573,4.395513726,-3.179901128
43.33,-64.98657798,0.05300069619,0.5962628858,0.3175132562,0,-1.224928942,4.39558499,-3.179873393
43.34,-64.98648608,0.05300135363,0.5962621661,0.3175139336,0,-1.224972069,4.395656126,-3.179845824
43.35,-64.98639474,0.05300200757,0.5962614434,0.3175146123,0,-1.225014953,4.395727134,-3.179818422
43.36,-64.98630396,0.053002658,0.5962607179,0.3175152924,0,-1.225057595,4.395798012,-3.179791187
43.37,-64.98621373,0.05300330493,0.5962599895,0.3175159738,0,-1.225099995,4.39586876,-3.179764118
43.38,-64.98612405,0.05300394835,0.5962592582,0.3175166564,0,-1.225142153,4.395939377,-3.179737215
43.39,-64.98603493,0.05300458827,0.5962585241,0.3175173403,0,-1.225184069,4.396009861,-3.179710478
43.4,-64.98594635,0.05300522469,0.5962577873,0.3175180254,0,-1.225225744,4.396080214,-3.179683906
43.41,-64.98585834,0.05300585761,0.5962570477,0.3175187118,0,-1.225267177,4.396150432,-3.179657501
43.42,-64.98577087,0.05300648704,0.5962563053,0.3175193994,0,-1.225308369,4.396220516,-3.179631261
43.43,-64.98568395,0.05300711298,0.5962555603,0.3175200881,0,-1.22534932,4.396290466,-3.179605186
43.44,-64.98559759,0.05300773543,0.5962548125,0.3175207781,0,-1.225390031,4.396360279,-3.179579277
43.45,-64.98551177,0.05300835439,0.5962540621,0.3175214692,0,-1.2254305,4.396429956,-3.179553532
43.46,-64.98542651,0.05300896986,0.5962533091,0.3175221614,0,-1.225470729,4.396499496,-3.179527952
43.47,-64.98534179,0.05300958185,0.5962525535,0.3175228547,0,-1.225510718,4.396568898,-3.179502537
43.48,-64.98525762,0.05301019036,0.5962517952,0.3175235491,0,-1.225550467,4.396638161,-3.179477286
43.49,-64.985174,0.05301079539,0.5962510345,0.3175242447,0,-1.225589976,4.396707284,-3.179452199
43.5,-64.98509092,0.05301139695,0.5962502712,0.3175249413,0,-1.225629245,4.396776267,-3.179427277
43.51,-64.98500839,0.05301199504,0.5962495053,0.3175256389,0,-1.225668275,4.396845109,-3.179402518
43.52,-64.98492641,0.05301258965,0.596248737,0.3175263376,0,-1.225707066,4.39691381,-3.179377922
43.53,-64.98484497,0.0530131808,0.5962479663,0.3175270372,0,-1.225745617,4.396982368,-3.17935349
43.54,-64.98476407,0.05301376849,0.5962471931,0.3175277379,0,-1.22578393,4.397050783,-3.179329222
43.55,-64.98468372,0.05301435271,0.5962464176,0.3175284396,0,-1.225822005,4.397119055,-3.179305116
43.56,-64.98460391,0.05301493348,0.5962456396,0.3175291422,0,-1.225859841,4.397187182,-3.179281173
43.57,-64.98452464,0.05301551079,0.5962448593,0.3175298458,0,-1.22589744,4.397255163,-3.179257393
43.58,-64.98444592,0.05301608465,0.5962440766,0.3175305503,0,-1.2259348,4.397322999,-3.179233775
43.59,-64.98436773,0.05301665506,0.5962432917,0.3175312557,0,-1.225971923,4.397390688,-3.17921032
43.6,-64.98429009,0.05301722202,0.5962425045,0.317531962,0,-1.226008809,4.397458231,-3.179187026
43.61,-64.98421298,0.05301778554,0.596241715,0.3175326692,0,-1.226045458,4.397525625,-3.179163894
43.62,-64.98413641,0.05301834562,0.5962409233,0.3175333772,0,-1.22608187,4.397592871,-3.179140923
43.63,-64.98406038,0.05301890227,0.5962401294,0.3175340861,0,-1.226118045,4.397659967,-3.179118114
43.64,-64.98398489,0.05301945549,0.5962393333,0.3175347958,0,-1.226153984,4.397726914,-3.179095466
43.65,-64.98390993,0.05302000527,0.5962385351,0.3175355063,0,-1.226189688,4.39779371,-3.179072979
43.66,-64.98383551,0.05302055163,0.5962377347,0.3175362177,0,-1.226225155,4.397860355,-3.179050652
43.67,-64.98376162,0.05302109457,0.5962369322,0.3175369298,0,-1.226260387,4.397926848,-3.179028486
43.68,-64.98368827,0.05302163409,0.5962361276,0.3175376426,0,-1.226295384,4.397993189,-3.17900648
43.69,-64.98361545,0.05302217019,0.596235321,0.3175383563,0,-1.226330146,4.398059377,-3.178984634
43.7,-64.98354316,0.05302270288,0.5962345124,0.3175390706,0,-1.226364674,4.398125411,-3.178962948
43.71,-64.9834714,0.05302323217,0.5962337017,0.3175397857,0,-1.226398967,4.398191291,-3.178941421
43.72,-64.98340018,0.05302375805,0.5962328891,0.3175405014,0,-1.226433026,4.398257016,-3.178920053
43.73,-64.98332948,0.05302428053,0.5962320745,0.3175412178,0,-1.226466851,4.398322586,-3.178898844
43.74,-64.98325931,0.05302479962,0.5962312579,0.317541935,0,-1.226500443,4.398388,-3.178877794
43.75,-64.98318968,0.05302531531,0.5962304395,0.3175426527,0,-1.226533802,4.398453256,-3.178856903
43.76,-64.98312057,0.05302582762,0.5962296191,0.3175433711,0,-1.226566928,4.398518356,-3.17883617
43.77,-64.98305198,0.05302633654,0.5962287969,0.3175440901,0,-1.226599822,4.398583298,-3.178815594
43.78,-64.98298392,0.05302684208,0.5962279729,0.3175448097,0,-1.226632483,4.398648081,-3.178795177
43.79,-64.98291639,0.05302734424,0.596227147,0.3175455299,0,-1.226664912,4.398712705,-3.178774917
43.8,-64.98284938,0.05302784303,0.5962263193,0.3175462506,0,-1.22669711,4.39877717,-3.178754814
43.81,-64.98278289,0.05302833846,0.5962254899,0.317546972,0,-1.226729077,4.398841475,-3.178734868
43.82,-64.98271693,0.05302883052,0.5962246587,0.3175476938,0,-1.226760812,4.398905619,-3.178715079
43.83,-64.98265149,0.05302931922,0.5962238258,0.3175484162,0,-1.226792317,4.398969602,-3.178695446
43.84,-64.98258657,0.05302980457,0.5962229912,0.3175491391,0,-1.226823592,4.399033423,-3.17867597
43.85,-64.98252216,0.05303028657,0.5962221549,0.3175498624,0,-1.226854637,4.399097081,-3.178656649
43.86,-64.98245828,0.05303076522,0.596221317,0.3175505863,0,-1.226885452,4.399160577,-3.178637485
43.87,-64.98239492,0.05303124053,0.5962204774,0.3175513106,0,-1.226916038,4.399223909,-3.178618475
43.88,-64.98233207,0.0530317125,0.5962196363,0.3175520353,0,-1.226946395,4.399287078,-3.178599621
43.89,-64.98226974,0.05303218114,0.5962187935,0.3175527605,0,-1.226976523,4.399350082,-3.178580921
43.9,-64.98220792,0.05303264645,0.5962179492,0.3175534861,0,-1.227006423,4.399412921,-3.178562377
43.91,-64.98214662,0.05303310844,0.5962171034,0.3175542121,0,-1.227036095,4.399475594,-3.178543986
43.92,-64.98208583,0.05303356711,0.596216256,0.3175549385,0,-1.227065539,4.399538102,-3.17852575
43.93,-64.98202556,0.05303402246,0.5962154071,0.3175556653,0,-1.227094757,4.399600443,-3.178507667
43.94,-64.98196579,0.05303447451,0.5962145568,0.3175563924,0,-1.227123747,4.399662617,-3.178489738
43.95,-64.98190654,0.05303492325,0.5962137051,0.3175571198,0,-1.227152511,4.399724624,-3.178471962
43.96,-64.98184779,0.05303536869,0.5962128519,0.3175578476,0,-1.227181049,4.399786462,-3.178454338
43.97,-64.98178956,0.05303581084,0.5962119973,0.3175585757,0,-1.227209361,4.399848133,-3.178436868
43.98,-64.98173183,0.05303624969,0.5962111413,0.317559304,0,-1.227237448,4.399909634,-3.17841955
43.99,-64.98167461,0.05303668527,0.596210284,0.3175600327,0,-1.227265309,4.399970966,-3.178402384
44,-64.9816179,0.05303711756,0.5962094253,0.3175607616,0,-1.227292946,4.400032128,-3.178385369
44.01,-64.98156169,0.05303754658,0.5962085653,0.3175614908,0,-1.227320359,4.40009312,-3.178368506
44.02,-64.98150598,0.05303797232,0.5962077041,0.3175622202,0,-1.227347548,4.400153941,-3.178351795
44.03,-64.98145078,0.05303839481,0.5962068415,0.3175629498,0,-1.227374513,4.40021459,-3.178335234
44.04,-64.98139608,0.05303881403,0.5962059778,0.3175636796,0,-1.227401255,4.400275069,-3.178318824
44.05,-64.98134188,0.05303923,0.5962051128,0.3175644097,0,-1.227427775,4.400335375,-3.178302564
44.06,-64.98128818,0.05303964272,0.5962042466,0.3175651399,0,-1.227454072,4.400395508,-3.178286454
44.07,-64.98123498,0.0530400522,0.5962033792,0.3175658702,0,-1.227480147,4.400455468,-3.178270494
44.08,-64.98118228,0.05304045844,0.5962025107,0.3175666007,0,-1.227506001,4.400515256,-3.178254683
44.09,-64.98113007,0.05304086145,0.596201641,0.3175673314,0,-1.227531633,4.400574869,-3.178239021
44.1,-64.98107836,0.05304126123,0.5962007702,0.3175680622,0,-1.227557045,4.400634308,-3.178223508
44.11,-64.98102714,0.05304165778,0.5961998983,0.317568793,0,-1.227582236,4.400693572,-3.178208143
44.12,-64.98097642,0.05304205112,0.5961990254,0.317569524,0,-1.227607207,4.400752661,-3.178192927
44.13,-64.98092619,0.05304244125,0.5961981514,0.3175702551,0,-1.227631959,4.400811575,-3.178177858
44.14,-64.98087646,0.05304282818,0.5961972764,0.3175709862,0,-1.227656492,4.400870313,-3.178162937
44.15,-64.98082721,0.0530432119,0.5961964003,0.3175717173,0,-1.227680806,4.400928875,-3.178148164
44.16,-64.98077846,0.05304359243,0.5961955233,0.3175724485,0,-1.227704901,4.40098726,-3.178133537
44.17,-64.98073019,0.05304396977,0.5961946454,0.3175731798,0,-1.227728779,4.401045468,-3.178119056
44.18,-64.98068241,0.05304434393,0.5961937664,0.317573911,0,-1.227752439,4.401103498,-3.178104722
44.19,-64.98063511,0.05304471491,0.5961928866,0.3175746422,0,-1.227775882,4.401161351,-3.178090534
44.2,-64.98058831,0.05304508272,0.5961920059,0.3175753734,0,-1.227799109,4.401219025,-3.178076492
44.21,-64.98054198,0.05304544736,0.5961911243,0.3175761046,0,-1.227822119,4.401276522,-3.178062595
44.22,-64.98049614,0.05304580885,0.5961902418,0.3175768358,0,-1.227844914,4.401333839,-3.178048843
44.23,-64.98045078,0.05304616718,0.5961893585,0.3175775668,0,-1.227867493,4.401390977,-3.178035235
44.24,-64.98040591,0.05304652236,0.5961884743,0.3175782978,0,-1.227889858,4.401447935,-3.178021772
44.25,-64.98036151,0.0530468744,0.5961875894,0.3175790288,0,-1.227912008,4.401504714,-3.178008453
44.26,-64.98031759,0.05304722331,0.5961867037,0.3175797596,0,-1.227933944,4.401561312,-3.177995277
44.27,-64.98027415,0.05304756908,0.5961858173,0.3175804903,0,-1.227955666,4.401617729,-3.177982245
44.28,-64.98023119,0.05304791173,0.5961849301,0.3175812209,0,-1.227977175,4.401673966,-3.177969356
44.29,-64.9801887,0.05304825127,0.5961840422,0.3175819513,0,-1.227998472,4.401730021,-3.17795661
44.3,-64.98014669,0.05304858769,0.5961831536,0.3175826816,0,-1.228019556,4.401785895,-3.177944006
44.31,-64.98010515,0.053048921,0.5961822643,0.3175834117,0,-1.228040428,4.401841587,-3.177931544
44.32,-64.98006408,0.05304925122,0.5961813744,0.3175841417,0,-1.22806109,4.401897097,-3.177919223
44.33,-64.98002348,0.05304957835,0.5961804838,0.3175848715,0,-1.22808154,4.401952424,-3.177907044
44.34,-64.97998335,0.05304990238,0.5961795927,0.317585601,0,-1.22810178,4.402007568,-3.177895006
44.35,-64.9799437,0.05305022334,0.5961787009,0.3175863304,0,-1.22812181,4.40206253,-3.177883109
44.36,-64.97990451,0.05305054122,0.5961778086,0.3175870595,0,-1.22814163,4.402117307,-3.177871352
44.37,-64.97986578,0.05305085604,0.5961769157,0.3175877883,0,-1.228161241,4.402171901,-3.177859735
44.38,-64.97982752,0.05305116779,0.5961760223,0.317588517,0,-1.228180644,4.402226312,-3.177848257
44.39,-64.97978973,0.05305147649,0.5961751284,0.3175892453,0,-1.228199839,4.402280537,-3.177836919
44.4,-64.9797524,0.05305178214,0.5961742339,0.3175899734,0,-1.228218826,4.402334579,-3.17782572
44.41,-64.97971553,0.05305208475,0.596173339,0.3175907012,0,-1.228237606,4.402388435,-3.177814659
44.42,-64.97967912,0.05305238432,0.5961724437,0.3175914287,0,-1.228256179,4.402442106,-3.177803737
44.43,-64.97964317,0.05305268086,0.5961715479,0.3175921558,0,-1.228274546,4.402495592,-3.177792952
44.44,-64.97960768,0.05305297438,0.5961706517,0.3175928826,0,-1.228292708,4.402548893,-3.177782305
44.45,-64.97957265,0.05305326489,0.5961697551,0.3175936091,0,-1.228310664,4.402602007,-3.177771795
44.46,-64.97953807,0.05305355239,0.5961688581,0.3175943353,0,-1.228328415,4.402654936,-3.177761422
44.47,-64.97950395,0.05305383688,0.5961679608,0.3175950611,0,-1.228345962,4.402707678,-3.177751186
44.48,-64.97947028,0.05305411838,0.5961670631,0.3175957865,0,-1.228363305,4.402760233,-3.177741085
44.49,-64.97943707,0.05305439689,0.5961661651,0.3175965115,0,-1.228380445,4.402812602,-3.177731121
44.5,-64.9794043,0.05305467241,0.5961652668,0.3175972361,0,-1.228397382,4.402864783,-3.177721291
44.51,-64.97937199,0.05305494496,0.5961643682,0.3175979603,0,-1.228414117,4.402916778,-3.177711597
44.52,-64.97934013,0.05305521455,0.5961634694,0.317598684,0,-1.22843065,4.402968584,-3.177702038
44.53,-64.97930871,0.05305548117,0.5961625703,0.3175994074,0,-1.228446982,4.403020203,-3.177692613
44.54,-64.97927774,0.05305574483,0.596161671,0.3176001302,0,-1.228463112,4.403071634,-3.177683321
44.55,-64.97924721,0.05305600555,0.5961607715,0.3176008527,0,-1.228479043,4.403122877,-3.177674164
44.56,-64.97921713,0.05305626332,0.5961598718,0.3176015746,0,-1.228494773,4.403173932,-3.177665139
44.57,-64.97918749,0.05305651817,0.5961589719,0.3176022961,0,-1.228510305,4.403224798,-3.177656248
44.58,-64.9791583,0.05305677008,0.5961580718,0.3176030171,0,-1.228525637,4.403275475,-3.177647489
44.59,-64.97912954,0.05305701907,0.5961571717,0.3176037375,0,-1.228540771,4.403325963,-3.177638862
44.6,-64.97910122,0.05305726515,0.5961562714,0.3176044575,0,-1.228555707,4.403376262,-3.177630366
44.61,-64.97907334,0.05305750833,0.596155371,0.3176051769,0,-1.228570446,4.403426372,-3.177622003
44.62,-64.9790459,0.0530577486,0.5961544706,0.3176058958,0,-1.228584989,4.403476292,-3.17761377
44.63,-64.97901889,0.05305798599,0.59615357,0.3176066141,0,-1.228599335,4.403526023,-3.177605668
44.64,-64.97899232,0.05305822049,0.5961526695,0.3176073319,0,-1.228613485,4.403575564,-3.177597696
44.65,-64.97896618,0.05305845211,0.5961517689,0.317608049,0,-1.22862744,4.403624914,-3.177589854
44.66,-64.97894047,0.05305868086,0.5961508683,0.3176087657,0,-1.2286412,4.403674075,-3.177582141
44.67,-64.97891519,0.05305890675,0.5961499677,0.3176094817,0,-1.228654766,4.403723045,-3.177574558
44.68,-64.97889035,0.05305912978,0.5961490671,0.3176101971,0,-1.228668138,4.403771825,-3.177567104
44.69,-64.97886592,0.05305934996,0.5961481666,0.3176109118,0,-1.228681317,4.403820414,-3.177559777
44.7,-64.97884193,0.0530595673,0.5961472662,0.317611626,0,-1.228694304,4.403868812,-3.177552579
44.71,-64.97881836,0.05305978181,0.5961463658,0.3176123395,0,-1.228707098,4.40391702,-3.177545509
44.72,-64.97879522,0.05305999349,0.5961454655,0.3176130524,0,-1.228719701,4.403965036,-3.177538566
44.73,-64.9787725,0.05306020235,0.5961445654,0.3176137646,0,-1.228732112,4.404012861,-3.177531749
44.74,-64.9787502,0.05306040839,0.5961436653,0.3176144761,0,-1.228744334,4.404060495,-3.17752506
44.75,-64.97872832,0.05306061164,0.5961427655,0.3176151869,0,-1.228756365,4.404107937,-3.177518496
44.76,-64.97870686,0.05306081208,0.5961418658,0.3176158971,0,-1.228768207,4.404155188,-3.177512058
44.77,-64.97868582,0.05306100974,0.5961409662,0.3176166066,0,-1.228779859,4.404202247,-3.177505745
44.78,-64.97866519,0.05306120461,0.5961400669,0.3176173153,0,-1.228791324,4.404249114,-3.177499558
44.79,-64.97864498,0.05306139671,0.5961391678,0.3176180233,0,-1.2288026,4.404295789,-3.177493495
44.8,-64.97862519,0.05306158604,0.5961382689,0.3176187306,0,-1.22881369,4.404342272,-3.177487556
44.81,-64.9786058,0.05306177261,0.5961373703,0.3176194371,0,-1.228824592,4.404388563,-3.177481741
44.82,-64.97858683,0.05306195643,0.5961364719,0.3176201429,0,-1.228835309,4.404434662,-3.177476049
44.83,-64.97856827,0.0530621375,0.5961355738,0.3176208479,0,-1.228845839,4.404480569,-3.17747048
44.84,-64.97855011,0.05306231584,0.5961346761,0.3176215521,0,-1.228856185,4.404526283,-3.177465034
44.85,-64.97853237,0.05306249145,0.5961337786,0.3176222556,0,-1.228866346,4.404571805,-3.177459711
44.86,-64.97851503,0.05306266433,0.5961328815,0.3176229582,0,-1.228876322,4.404617134,-3.177454509
44.87,-64.97849809,0.05306283451,0.5961319847,0.3176236601,0,-1.228886116,4.40466227,-3.177449428
44.88,-64.97848156,0.05306300197,0.5961310883,0.3176243611,0,-1.228895726,4.404707214,-3.177444469
44.89,-64.97846543,0.05306316674,0.5961301922,0.3176250613,0,-1.228905154,4.404751965,-3.17743963
44.9,-64.97844971,0.05306332881,0.5961292966,0.3176257607,0,-1.2289144,4.404796523,-3.177434912
44.91,-64.97843438,0.0530634882,0.5961284014,0.3176264592,0,-1.228923465,4.404840888,-3.177430313
44.92,-64.97841945,0.05306364492,0.5961275066,0.3176271569,0,-1.22893235,4.404885061,-3.177425834
44.93,-64.97840491,0.05306379897,0.5961266122,0.3176278537,0,-1.228941054,4.40492904,-3.177421474
44.94,-64.97839078,0.05306395035,0.5961257184,0.3176285497,0,-1.228949578,4.404972826,-3.177417233
44.95,-64.97837703,0.05306409909,0.596124825,0.3176292447,0,-1.228957923,4.405016419,-3.17741311
44.96,-64.97836368,0.05306424518,0.596123932,0.3176299389,0,-1.22896609,4.405059818,-3.177409105
44.97,-64.97835073,0.05306438864,0.5961230396,0.3176306322,0,-1.228974079,4.405103025,-3.177405218
44.98,-64.97833816,0.05306452946,0.5961221477,0.3176313245,0,-1.228981891,4.405146038,-3.177401448
44.99,-64.97832598,0.05306466767,0.5961212564,0.3176320159,0,-1.228989526,4.405188858,-3.177397794
45,-64.97831419,0.05306480326,0.5961203656,0.3176327064,0,-1.228996984,4.405231485,-3.177394257
45.01,-64.97830278,0.05306493625,0.5961194754,0.317633396,0,-1.229004267,4.405273918,-3.177390835
45.02,-64.97829177,0.05306506664,0.5961185857,0.3176340846,0,-1.229011375,4.405316158,-3.17738753
45.03,-64.97828113,0.05306519444,0.5961176967,0.3176347723,0,-1.229018308,4.405358205,-3.177384339
45.04,-64.97827088,0.05306531966,0.5961168083,0.317635459,0,-1.229025067,4.405400058,-3.177381263
45.05,-64.978261,0.05306544231,0.5961159205,0.3176361447,0,-1.229031653,4.405441718,-3.177378301
45.06,-64.97825151,0.05306556239,0.5961150333,0.3176368294,0,-1.229038066,4.405483185,-3.177375453
45.07,-64.9782424,0.05306567992,0.5961141468,0.3176375132,0,-1.229044307,4.405524458,-3.177372719
45.08,-64.97823366,0.0530657949,0.596113261,0.3176381959,0,-1.229050376,4.405565538,-3.177370098
45.09,-64.9782253,0.05306590733,0.5961123759,0.3176388777,0,-1.229056274,4.405606424,-3.177367589
45.1,-64.97821731,0.05306601723,0.5961114914,0.3176395584,0,-1.229062002,4.405647117,-3.177365193
45.11,-64.9782097,0.05306612461,0.5961106077,0.3176402381,0,-1.229067559,4.405687616,-3.177362909
45.12,-64.97820245,0.05306622947,0.5961097247,0.3176409167,0,-1.229072947,4.405727923,-3.177360736
45.13,-64.97819558,0.05306633183,0.5961088425,0.3176415943,0,-1.229078167,4.405768035,-3.177358674
45.14,-64.97818908,0.05306643168,0.596107961,0.3176422709,0,-1.229083218,4.405807955,-3.177356723
45.15,-64.97818294,0.05306652904,0.5961070803,0.3176429464,0,-1.229088101,4.405847681,-3.177354882
45.16,-64.97817717,0.05306662392,0.5961062004,0.3176436208,0,-1.229092818,4.405887214,-3.177353151
45.17,-64.97817176,0.05306671632,0.5961053213,0.3176442941,0,-1.229097368,4.405926554,-3.177351529
45.18,-64.97816672,0.05306680625,0.596104443,0.3176449664,0,-1.229101752,4.405965701,-3.177350017
45.19,-64.97816204,0.05306689372,0.5961035656,0.3176456375,0,-1.229105971,4.406004654,-3.177348613
45.2,-64.97815772,0.05306697874,0.596102689,0.3176463076,0,-1.229110025,4.406043414,-3.177347317
45.21,-64.97815376,0.05306706132,0.5961018132,0.3176469766,0,-1.229113915,4.406081982,-3.177346129
45.22,-64.97815016,0.05306714147,0.5961009383,0.3176476444,0,-1.229117641,4.406120356,-3.177345048
45.23,-64.97814692,0.05306721919,0.5961000644,0.3176483111,0,-1.229121204,4.406158537,-3.177344075
45.24,-64.97814403,0.05306729448,0.5960991913,0.3176489767,0,-1.229124605,4.406196526,-3.177343208
45.25,-64.97814149,0.05306736737,0.5960983191,0.3176496411,0,-1.229127844,4.406234322,-3.177342447
45.26,-64.97813931,0.05306743786,0.5960974478,0.3176503044,0,-1.229130922,4.406271924,-3.177341792
45.27,-64.97813747,0.05306750596,0.5960965775,0.3176509665,0,-1.22913384,4.406309335,-3.177341242
45.28,-64.97813599,0.05306757166,0.5960957082,0.3176516275,0,-1.229136597,4.406346552,-3.177340797
45.29,-64.97813486,0.053067635,0.5960948398,0.3176522872,0,-1.229139195,4.406383577,-3.177340457
45.3,-64.97813407,0.05306769596,0.5960939724,0.3176529459,0,-1.229141634,4.40642041,-3.177340221
45.31,-64.97813363,0.05306775456,0.5960931059,0.3176536033,0,-1.229143915,4.40645705,-3.177340088
45.32,-64.97813353,0.05306781082,0.5960922405,0.3176542595,0,-1.229146038,4.406493498,-3.177340059
45.33,-64.97813377,0.05306786472,0.5960913761,0.3176549145,0,-1.229148004,4.406529753,-3.177340132
45.34,-64.97813436,0.0530679163,0.5960905128,0.3176555683,0,-1.229149814,4.406565817,-3.177340308
45.35,-64.97813529,0.05306796555,0.5960896504,0.3176562209,0,-1.229151468,4.406601688,-3.177340586
45.36,-64.97813655,0.05306801247,0.5960887892,0.3176568722,0,-1.229152966,4.406637368,-3.177340966
45.37,-64.97813816,0.05306805709,0.596087929,0.3176575224,0,-1.22915431,4.406672856,-3.177341447
45.38,-64.97814009,0.05306809941,0.5960870699,0.3176581713,0,-1.2291555,4.406708151,-3.177342028
45.39,-64.97814237,0.05306813944,0.5960862119,0.3176588189,0,-1.229156536,4.406743256,-3.17734271
45.4,-64.97814497,0.05306817718,0.596085355,0.3176594653,0,-1.229157419,4.406778169,-3.177343492
45.41,-64.97814791,0.05306821264,0.5960844992,0.3176601104,0,-1.22915815,4.40681289,-3.177344374
45.42,-64.97815118,0.05306824584,0.5960836445,0.3176607543,0,-1.229158729,4.40684742,-3.177345354
45.43,-64.97815478,0.05306827678,0.596082791,0.3176613969,0,-1.229159158,4.406881759,-3.177346434
45.44,-64.9781587,0.05306830546,0.5960819387,0.3176620382,0,-1.229159435,4.406915907,-3.177347611
45.45,-64.97816296,0.05306833191,0.5960810875,0.3176626782,0,-1.229159563,4.406949864,-3.177348887
45.46,-64.97816753,0.05306835612,0.5960802375,0.3176633169,0,-1.229159542,4.40698363,-3.17735026
45.47,-64.97817243,0.05306837811,0.5960793887,0.3176639543,0,-1.229159371,4.407017206,-3.17735173
45.48,-64.97817765,0.05306839788,0.5960785411,0.3176645904,0,-1.229159053,4.407050591,-3.177353296
45.49,-64.9781832,0.05306841544,0.5960776947,0.3176652252,0,-1.229158587,4.407083786,-3.177354959
45.5,-64.97818906,0.0530684308,0.5960768495,0.3176658587,0,-1.229157975,4.40711679,-3.177356717
45.51,-64.97819524,0.05306844397,0.5960760056,0.3176664908,0,-1.229157216,4.407149605,-3.177358571
45.52,-64.97820173,0.05306845496,0.5960751629,0.3176671216,0,-1.229156311,4.407182229,-3.17736052
45.53,-64.97820855,0.05306846378,0.5960743215,0.3176677511,0,-1.229155262,4.407214664,-3.177362564
45.54,-64.97821567,0.05306847043,0.5960734813,0.3176683792,0,-1.229154067,4.407246909,-3.177364701
45.55,-64.97822311,0.05306847492,0.5960726425,0.3176690059,0,-1.229152729,4.407278964,-3.177366932
45.56,-64.97823086,0.05306847727,0.5960718049,0.3176696313,0,-1.229151248,4.40731083,-3.177369257
45.57,-64.97823891,0.05306847747,0.5960709687,0.3176702554,0,-1.229149624,4.407342507,-3.177371674
45.58,-64.97824728,0.05306847555,0.5960701338,0.317670878,0,-1.229147858,4.407373995,-3.177374184
45.59,-64.97825595,0.0530684715,0.5960693002,0.3176714993,0,-1.22914595,4.407405294,-3.177376786
45.6,-64.97826493,0.05306846534,0.5960684679,0.3176721192,0,-1.229143902,4.407436405,-3.177379479
45.61,-64.97827421,0.05306845707,0.596067637,0.3176727377,0,-1.229141713,4.407467327,-3.177382264
45.62,-64.9782838,0.05306844671,0.5960668074,0.3176733548,0,-1.229139385,4.40749806,-3.177385139
45.63,-64.97829368,0.05306843425,0.5960659793,0.3176739705,0,-1.229136918,4.407528606,-3.177388105
45.64,-64.97830387,0.05306841972,0.5960651525,0.3176745848,0,-1.229134312,4.407558963,-3.17739116
45.65,-64.97831435,0.05306840312,0.5960643271,0.3176751977,0,-1.229131568,4.407589133,-3.177394306
45.66,-64.97832513,0.05306838445,0.5960635031,0.3176758091,0,-1.229128688,4.407619115,-3.17739754
45.67,-64.97833621,0.05306836374,0.5960626805,0.3176764192,0,-1.22912567,4.40764891,-3.177400863
45.68,-64.97834758,0.05306834097,0.5960618594,0.3176770278,0,-1.229122517,4.407678518,-3.177404274
45.69,-64.97835924,0.05306831617,0.5960610397,0.3176776349,0,-1.229119228,4.407707939,-3.177407773
45.7,-64.9783712,0.05306828935,0.5960602214,0.3176782407,0,-1.229115805,4.407737172,-3.177411359
45.71,-64.97838344,0.0530682605,0.5960594046,0.3176788449,0,-1.229112247,4.40776622,-3.177415033
45.72,-64.97839598,0.05306822964,0.5960585893,0.3176794477,0,-1.229108556,4.40779508,-3.177418793
45.73,-64.9784088,0.05306819679,0.5960577755,0.3176800491,0,-1.229104731,4.407823755,-3.177422639
45.74,-64.9784219,0.05306816193,0.5960569631,0.317680649,0,-1.229100775,4.407852244,-3.177426571
45.75,-64.97843529,0.0530681251,0.5960561522,0.3176812474,0,-1.229096686,4.407880547,-3.177430588
45.76,-64.97844897,0.05306808629,0.5960553429,0.3176818444,0,-1.229092467,4.407908664,-3.177434691
45.77,-64.97846292,0.05306804551,0.596054535,0.3176824398,0,-1.229088117,4.407936596,-3.177438877
45.78,-64.97847716,0.05306800277,0.5960537287,0.3176830338,0,-1.229083637,4.407964343,-3.177443148
45.79,-64.97849167,0.05306795808,0.5960529239,0.3176836263,0,-1.229079028,4.407991905,-3.177447502
45.8,-64.97850647,0.05306791146,0.5960521207,0.3176842173,0,-1.22907429,4.408019282,-3.17745194
45.81,-64.97852154,0.0530678629,0.596051319,0.3176848068,0,-1.229069424,4.408046475,-3.177456461
45.82,-64.97853688,0.05306781241,0.5960505189,0.3176853948,0,-1.22906443,4.408073484,-3.177461064
45.83,-64.97855249,0.05306776001,0.5960497204,0.3176859813,0,-1.22905931,4.408100309,-3.177465748
45.84,-64.97856838,0.05306770571,0.5960489234,0.3176865662,0,-1.229054063,4.408126949,-3.177470515
45.85,-64.97858454,0.0530676495,0.596048128,0.3176871497,0,-1.229048691,4.408153407,-3.177475363
45.86,-64.97860097,0.05306759141,0.5960473343,0.3176877316,0,-1.229043194,4.408179681,-3.177480291
45.87,-64.97861767,0.05306753144,0.5960465421,0.317688312,0,-1.229037572,4.408205772,-3.1774853
45.88,-64.97863463,0.05306746959,0.5960457516,0.3176888908,0,-1.229031826,4.408231681,-3.177490388
45.89,-64.97865185,0.05306740588,0.5960449627,0.3176894681,0,-1.229025957,4.408257407,-3.177495556
45.9,-64.97866934,0.05306734032,0.5960441755,0.3176900439,0,-1.229019966,4.40828295,-3.177500803
45.91,-64.9786871,0.05306727291,0.5960433899,0.3176906181,0,-1.229013852,4.408308312,-3.177506129
45.92,-64.97870511,0.05306720367,0.5960426059,0.3176911908,0,-1.229007617,4.408333492,-3.177511533
45.93,-64.97872338,0.0530671326,0.5960418236,0.3176917619,0,-1.229001261,4.40835849,-3.177517015
45.94,-64.97874191,0.0530670597,0.596041043,0.3176923314,0,-1.228994785,4.408383307,-3.177522574
45.95,-64.9787607,0.053066985,0.5960402641,0.3176928994,0,-1.22898819,4.408407943,-3.177528211
45.96,-64.97877974,0.05306690849,0.5960394869,0.3176934658,0,-1.228981475,4.408432398,-3.177533923
45.97,-64.97879904,0.05306683019,0.5960387113,0.3176940307,0,-1.228974643,4.408456673,-3.177539713
45.98,-64.97881859,0.05306675011,0.5960379375,0.3176945939,0,-1.228967692,4.408480768,-3.177545577
45.99,-64.97883839,0.05306666825,0.5960371654,0.3176951556,0,-1.228960624,4.408504683,-3.177551517
46,-64.97885844,0.05306658462,0.596036395,0.3176957157,0,-1.22895344,4.408528418,-3.177557532
46.01,-64.97887874,0.05306649923,0.5960356264,0.3176962742,0,-1.22894614,4.408551974,-3.177563622
46.02,-64.97889929,0.0530664121,0.5960348594,0.3176968311,0,-1.228938724,4.40857535,-3.177569786
46.03,-64.97892008,0.05306632322,0.5960340943,0.3176973864,0,-1.228931194,4.408598548,-3.177576023
46.04,-64.97894111,0.05306623261,0.5960333309,0.3176979401,0,-1.228923549,4.408621568,-3.177582333
46.05,-64.97896239,0.05306614027,0.5960325692,0.3176984921,0,-1.228915791,4.408644409,-3.177588717
46.06,-64.97898391,0.05306604622,0.5960318094,0.3176990426,0,-1.22890792,4.408667072,-3.177595173
46.07,-64.97900567,0.05306595046,0.5960310513,0.3176995915,0,-1.228899937,4.408689557,-3.177601701
46.08,-64.97902767,0.053065853,0.596030295,0.3177001387,0,-1.228891842,4.408711866,-3.1776083
46.09,-64.9790499,0.05306575386,0.5960295405,0.3177006843,0,-1.228883636,4.408733997,-3.177614971
46.1,-64.97907237,0.05306565303,0.5960287878,0.3177012283,0,-1.22887532,4.408755951,-3.177621712
46.11,-64.97909508,0.05306555053,0.5960280369,0.3177017707,0,-1.228866893,4.408777729,-3.177628524
46.12,-64.97911802,0.05306544636,0.5960272878,0.3177023114,0,-1.228858358,4.408799331,-3.177635406
46.13,-64.97914119,0.05306534055,0.5960265406,0.3177028505,0,-1.228849713,4.408820756,-3.177642357
46.14,-64.97916459,0.05306523308,0.5960257952,0.3177033879,0,-1.228840961,4.408842007,-3.177649378
46.15,-64.97918822,0.05306512398,0.5960250516,0.3177039238,0,-1.228832101,4.408863082,-3.177656467
46.16,-64.97921208,0.05306501325,0.5960243099,0.3177044579,0,-1.228823134,4.408883982,-3.177663625
46.17,-64.97923617,0.0530649009,0.59602357,0.3177049904,0,-1.228814061,4.408904707,-3.17767085
46.18,-64.97926048,0.05306478693,0.596022832,0.3177055213,0,-1.228804882,4.408925258,-3.177678144
46.19,-64.97928501,0.05306467137,0.5960220959,0.3177060505,0,-1.228795598,4.408945635,-3.177685504
46.2,-64.97930977,0.0530645542,0.5960213617,0.317706578,0,-1.22878621,4.408965838,-3.177692931
46.21,-64.97933475,0.05306443546,0.5960206293,0.3177071039,0,-1.228776718,4.408985868,-3.177700424
46.22,-64.97935994,0.05306431513,0.5960198988,0.3177076281,0,-1.228767122,4.409005725,-3.177707983
46.23,-64.97938536,0.05306419324,0.5960191702,0.3177081506,0,-1.228757424,4.40902541,-3.177715607
46.24,-64.97941099,0.05306406979,0.5960184435,0.3177086715,0,-1.228747624,4.409044921,-3.177723297
46.25,-64.97943684,0.05306394478,0.5960177188,0.3177091907,0,-1.228737722,4.409064261,-3.177731051
46.26,-64.9794629,0.05306381823,0.5960169959,0.3177097082,0,-1.228727719,4.409083429,-3.17773887
46.27,-64.97948917,0.05306369015,0.596016275,0.317710224,0,-1.228717616,4.409102426,-3.177746752
46.28,-64.97951566,0.05306356054,0.596015556,0.3177107382,0,-1.228707414,4.409121251,-3.177754698
46.29,-64.97954236,0.05306342942,0.5960148389,0.3177112506,0,-1.228697112,4.409139906,-3.177762707
46.3,-64.97956926,0.05306329678,0.5960141238,0.3177117614,0,-1.228686712,4.40915839,-3.177770778
46.31,-64.97959637,0.05306316265,0.5960134106,0.3177122704,0,-1.228676214,4.409176704,-3.177778912
46.32,-64.97962369,0.05306302702,0.5960126994,0.3177127778,0,-1.228665618,4.409194849,-3.177787108
46.33,-64.97965122,0.05306288991,0.5960119902,0.3177132835,0,-1.228654926,4.409212824,-3.177795365
46.34,-64.97967894,0.05306275133,0.5960112829,0.3177137875,0,-1.228644138,4.40923063,-3.177803683
46.35,-64.97970687,0.05306261128,0.5960105776,0.3177142897,0,-1.228633254,4.409248267,-3.177812061
46.36,-64.979735,0.05306246977,0.5960098742,0.3177147903,0,-1.228622275,4.409265736,-3.1778205
46.37,-64.97976333,0.05306232682,0.5960091729,0.3177152892,0,-1.228611202,4.409283037,-3.177828999
46.38,-64.97979186,0.05306218242,0.5960084735,0.3177157863,0,-1.228600035,4.409300171,-3.177837557
46.39,-64.97982058,0.0530620366,0.5960077761,0.3177162817,0,-1.228588775,4.409317137,-3.177846174
46.4,-64.9798495,0.05306188935,0.5960070808,0.3177167755,0,-1.228577423,4.409333936,-3.17785485
46.41,-64.97987861,0.05306174068,0.5960063874,0.3177172674,0,-1.228565978,4.409350568,-3.177863584
46.42,-64.97990792,0.05306159061,0.5960056961,0.3177177577,0,-1.228554442,4.409367034,-3.177872376
46.43,-64.97993742,0.05306143914,0.5960050068,0.3177182463,0,-1.228542815,4.409383335,-3.177881225
46.44,-64.97996711,0.05306128628,0.5960043195,0.3177187331,0,-1.228531098,4.40939947,-3.177890132
46.45,-64.97999698,0.05306113204,0.5960036342,0.3177192182,0,-1.228519292,4.40941544,-3.177899095
46.46,-64.98002705,0.05306097643,0.596002951,0.3177197016,0,-1.228507396,4.409431244,-3.177908114
46.47,-64.9800573,0.05306081945,0.5960022698,0.3177201832,0,-1.228495412,4.409446885,-3.177917189
46.48,-64.98008773,0.05306066112,0.5960015906,0.3177206631,0,-1.22848334,4.409462362,-3.177926319
46.49,-64.98011835,0.05306050144,0.5960009136,0.3177211413,0,-1.22847118,4.409477674,-3.177935505
46.5,-64.98014915,0.05306034042,0.5960002385,0.3177216177,0,-1.228458934,4.409492824,-3.177944745
46.51,-64.98018013,0.05306017807,0.5959995655,0.3177220924,0,-1.228446602,4.409507811,-3.17795404
46.52,-64.98021129,0.0530600144,0.5959988946,0.3177225654,0,-1.228434184,4.409522635,-3.177963388
46.53,-64.98024263,0.05305984942,0.5959982258,0.3177230366,0,-1.228421682,4.409537297,-3.17797279
46.54,-64.98027415,0.05305968313,0.595997559,0.3177235061,0,-1.228409095,4.409551797,-3.177982245
46.55,-64.98030584,0.05305951554,0.5959968944,0.3177239738,0,-1.228396424,4.409566135,-3.177991753
46.56,-64.98033771,0.05305934667,0.5959962318,0.3177244398,0,-1.22838367,4.409580313,-3.178001313
46.57,-64.98036975,0.05305917652,0.5959955713,0.317724904,0,-1.228370833,4.40959433,-3.178010924
46.58,-64.98040196,0.05305900509,0.5959949128,0.3177253665,0,-1.228357914,4.409608186,-3.178020588
46.59,-64.98043434,0.0530588324,0.5959942565,0.3177258272,0,-1.228344914,4.409621883,-3.178030302
46.6,-64.98046689,0.05305865846,0.5959936023,0.3177262862,0,-1.228331833,4.409635421,-3.178040068
46.61,-64.98049961,0.05305848327,0.5959929502,0.3177267434,0,-1.228318671,4.409648799,-3.178049883
46.62,-64.9805325,0.05305830684,0.5959923002,0.3177271988,0,-1.22830543,4.409662018,-3.178059749
46.63,-64.98056555,0.05305812918,0.5959916524,0.3177276525,0,-1.228292109,4.409675079,-3.178069664
46.64,-64.98059876,0.0530579503,0.5959910066,0.3177281044,0,-1.22827871,4.409687983,-3.178079629
46.65,-64.98063214,0.05305777021,0.595990363,0.3177285546,0,-1.228265233,4.409700728,-3.178089642
46.66,-64.98066568,0.05305758891,0.5959897215,0.317729003,0,-1.228251678,4.409713317,-3.178099704
46.67,-64.98069938,0.05305740642,0.5959890822,0.3177294497,0,-1.228238047,4.409725748,-3.178109814
46.68,-64.98073324,0.05305722273,0.5959884449,0.3177298945,0,-1.228224339,4.409738024,-3.178119971
46.69,-64.98076725,0.05305703787,0.5959878099,0.3177303376,0,-1.228210555,4.409750143,-3.178130176
46.7,-64.98080142,0.05305685183,0.5959871769,0.317730779,0,-1.228196696,4.409762107,-3.178140427
46.71,-64.98083575,0.05305666463,0.5959865461,0.3177312185,0,-1.228182763,4.409773916,-3.178150726
46.72,-64.98087023,0.05305647628,0.5959859175,0.3177316564,0,-1.228168755,4.40978557,-3.17816107
46.73,-64.98090487,0.05305628677,0.595985291,0.3177320924,0,-1.228154674,4.409797069,-3.17817146
46.74,-64.98093965,0.05305609613,0.5959846667,0.3177325266,0,-1.22814052,4.409808415,-3.178181895
46.75,-64.98097459,0.05305590436,0.5959840446,0.3177329591,0,-1.228126294,4.409819607,-3.178192376
46.76,-64.98100967,0.05305571146,0.5959834246,0.3177333898,0,-1.228111996,4.409830646,-3.178202901
46.77,-64.9810449,0.05305551745,0.5959828068,0.3177338188,0,-1.228097626,4.409841533,-3.17821347
46.78,-64.98108028,0.05305532233,0.5959821912,0.3177342459,0,-1.228083186,4.409852267,-3.178224083
46.79,-64.9811158,0.05305512611,0.5959815777,0.3177346713,0,-1.228068676,4.409862849,-3.17823474
46.8,-64.98115147,0.05305492881,0.5959809664,0.3177350949,0,-1.228054096,4.40987328,-3.17824544
46.81,-64.98118727,0.05305473042,0.5959803574,0.3177355167,0,-1.228039447,4.409883559,-3.178256182
46.82,-64.98122322,0.05305453095,0.5959797505,0.3177359368,0,-1.22802473,4.409893688,-3.178266967
46.83,-64.98125931,0.05305433042,0.5959791458,0.3177363551,0,-1.228009945,4.409903667,-3.178277794
46.84,-64.98129554,0.05305412883,0.5959785432,0.3177367715,0,-1.227995092,4.409913496,-3.178288663
46.85,-64.98133191,0.0530539262,0.5959779429,0.3177371862,0,-1.227980173,4.409923175,-3.178299572
46.86,-64.98136841,0.05305372252,0.5959773448,0.3177375992,0,-1.227965187,4.409932706,-3.178310523
46.87,-64.98140505,0.0530535178,0.5959767489,0.3177380103,0,-1.227950136,4.409942088,-3.178321514
46.88,-64.98144182,0.05305331206,0.5959761552,0.3177384197,0,-1.22793502,4.409951322,-3.178332546
46.89,-64.98147872,0.0530531053,0.5959755637,0.3177388272,0,-1.227919839,4.409960408,-3.178343617
46.9,-64.98151576,0.05305289754,0.5959749745,0.317739233,0,-1.227904594,4.409969347,-3.178354727
46.91,-64.98155292,0.05305268877,0.5959743874,0.317739637,0,-1.227889285,4.409978139,-3.178365877
46.92,-64.98159022,0.053052479,0.5959738026,0.3177400393,0,-1.227873914,4.409986785,-3.178377065
46.93,-64.98162764,0.05305226826,0.5959732199,0.3177404397,0,-1.22785848,4.409995285,-3.178388291
46.94,-64.98166519,0.05305205653,0.5959726395,0.3177408384,0,-1.227842985,4.410003639,-3.178399556
46.95,-64.98170286,0.05305184383,0.5959720614,0.3177412352,0,-1.227827428,4.410011848,-3.178410858
46.96,-64.98174066,0.05305163017,0.5959714854,0.3177416303,0,-1.22781181,4.410019912,-3.178422197
46.97,-64.98177858,0.05305141556,0.5959709117,0.3177420236,0,-1.227796132,4.410027832,-3.178433573
46.98,-64.98181662,0.0530512,0.5959703402,0.3177424151,0,-1.227780395,4.410035609,-3.178444986
46.99,-64.98185478,0.0530509835,0.595969771,0.3177428048,0,-1.227764598,4.410043241,-3.178456434
47,-64.98189306,0.05305076607,0.595969204,0.3177431928,0,-1.227748743,4.410050731,-3.178467919
47.01,-64.98193146,0.05305054771,0.5959686392,0.3177435789,0,-1.22773283,4.410058079,-3.178479439
47.02,-64.98196998,0.05305032845,0.5959680767,0.3177439633,0,-1.227716859,4.410065284,-3.178490994
47.03,-64.98200861,0.05305010827,0.5959675164,0.3177443459,0,-1.227700831,4.410072348,-3.178502583
47.04,-64.98204736,0.0530498872,0.5959669584,0.3177447267,0,-1.227684747,4.41007927,-3.178514207
47.05,-64.98208622,0.05304966523,0.5959664026,0.3177451057,0,-1.227668607,4.410086052,-3.178525865
47.06,-64.98212519,0.05304944238,0.5959658491,0.3177454829,0,-1.227652411,4.410092693,-3.178537557
47.07,-64.98216427,0.05304921866,0.5959652978,0.3177458583,0,-1.227636161,4.410099194,-3.178549281
47.08,-64.98220346,0.05304899406,0.5959647487,0.317746232,0,-1.227619856,4.410105556,-3.178561039
47.09,-64.98224276,0.05304876861,0.595964202,0.3177466039,0,-1.227603497,4.410111779,-3.178572829
47.1,-64.98228217,0.0530485423,0.5959636575,0.3177469739,0,-1.227587086,4.410117864,-3.178584652
47.11,-64.98232169,0.05304831515,0.5959631152,0.3177473422,0,-1.227570621,4.41012381,-3.178596506
47.12,-64.9823613,0.05304808716,0.5959625752,0.3177477087,0,-1.227554104,4.410129619,-3.178608391
47.13,-64.98240103,0.05304785834,0.5959620375,0.3177480735,0,-1.227537536,4.41013529,-3.178620308
47.14,-64.98244085,0.0530476287,0.595961502,0.3177484364,0,-1.227520917,4.410140825,-3.178632256
47.15,-64.98248078,0.05304739824,0.5959609688,0.3177487976,0,-1.227504246,4.410146223,-3.178644234
47.16,-64.98252081,0.05304716698,0.5959604379,0.3177491569,0,-1.227487526,4.410151486,-3.178656242
47.17,-64.98256093,0.05304693492,0.5959599093,0.3177495145,0,-1.227470756,4.410156613,-3.17866828
47.18,-64.98260116,0.05304670206,0.5959593829,0.3177498704,0,-1.227453937,4.410161605,-3.178680348
47.19,-64.98264148,0.05304646842,0.5959588588,0.3177502244,0,-1.22743707,4.410166462,-3.178692444
47.2,-64.9826819,0.05304623401,0.5959583369,0.3177505766,0,-1.227420154,4.410171186,-3.178704569
47.21,-64.98272241,0.05304599883,0.5959578173,0.3177509271,0,-1.227403191,4.410175776,-3.178716723
47.22,-64.98276301,0.05304576288,0.5959573,0.3177512758,0,-1.227386181,4.410180232,-3.178728904
47.23,-64.98280371,0.05304552618,0.595956785,0.3177516227,0,-1.227369124,4.410184556,-3.178741114
47.24,-64.9828445,0.05304528874,0.5959562723,0.3177519678,0,-1.227352022,4.410188748,-3.17875335
47.25,-64.98288538,0.05304505055,0.5959557618,0.3177523112,0,-1.227334874,4.410192808,-3.178765614
47.26,-64.98292635,0.05304481164,0.5959552537,0.3177526528,0,-1.227317681,4.410196737,-3.178777904
47.27,-64.9829674,0.053044572,0.5959547478,0.3177529926,0,-1.227300443,4.410200534,-3.178790221
47.28,-64.98300854,0.05304433164,0.5959542441,0.3177533306,0,-1.227283162,4.410204202,-3.178802563
47.29,-64.98304977,0.05304409057,0.5959537428,0.3177536668,0,-1.227265837,4.410207739,-3.178814931
47.3,-64.98309108,0.05304384881,0.5959532438,0.3177540013,0,-1.227248469,4.410211147,-3.178827325
47.31,-64.98313248,0.05304360634,0.595952747,0.317754334,0,-1.227231059,4.410214426,-3.178839743
47.32,-64.98317395,0.05304336319,0.5959522525,0.3177546649,0,-1.227213607,4.410217576,-3.178852186
47.33,-64.98321551,0.05304311937,0.5959517603,0.3177549941,0,-1.227196113,4.410220598,-3.178864654
47.34,-64.98325715,0.05304287486,0.5959512704,0.3177553215,0,-1.227178579,4.410223492,-3.178877145
47.35,-64.98329887,0.0530426297,0.5959507828,0.3177556471,0,-1.227161004,4.410226259,-3.17888966
47.36,-64.98334066,0.05304238388,0.5959502974,0.317755971,0,-1.227143389,4.4102289,-3.178902199
47.37,-64.98338253,0.0530421374,0.5959498144,0.3177562931,0,-1.227125734,4.410231414,-3.17891476
47.38,-64.98342448,0.05304189028,0.5959493336,0.3177566134,0,-1.227108041,4.410233802,-3.178927344
47.39,-64.9834665,0.05304164253,0.5959488552,0.3177569319,0,-1.227090309,4.410236065,-3.178939951
47.4,-64.9835086,0.05304139415,0.595948379,0.3177572487,0,-1.22707254,4.410238204,-3.178952579
47.41,-64.98355076,0.05304114515,0.5959479051,0.3177575638,0,-1.227054732,4.410240217,-3.178965229
47.42,-64.983593,0.05304089553,0.5959474335,0.317757877,0,-1.227036888,4.410242107,-3.1789779
47.43,-64.98363531,0.0530406453,0.5959469642,0.3177581885,0,-1.227019008,4.410243873,-3.178990593
47.44,-64.98367769,0.05304039448,0.5959464971,0.3177584983,0,-1.227001091,4.410245517,-3.179003306
47.45,-64.98372013,0.05304014306,0.5959460324,0.3177588063,0,-1.226983139,4.410247037,-3.179016039
47.46,-64.98376264,0.05303989106,0.5959455699,0.3177591125,0,-1.226965152,4.410248436,-3.179028793
47.47,-64.98380522,0.05303963848,0.5959451098,0.317759417,0,-1.22694713,4.410249713,-3.179041566
47.48,-64.98384786,0.05303938533,0.5959446519,0.3177597197,0,-1.226929074,4.410250869,-3.179054359
47.49,-64.98389057,0.05303913161,0.5959441964,0.3177600207,0,-1.226910985,4.410251904,-3.179067171
47.5,-64.98393334,0.05303887734,0.5959437431,0.3177603199,0,-1.226892862,4.410252819,-3.179080001
47.51,-64.98397617,0.05303862251,0.5959432921,0.3177606174,0,-1.226874707,4.410253614,-3.17909285
47.52,-64.98401906,0.05303836714,0.5959428434,0.3177609132,0,-1.22685652,4.41025429,-3.179105718
47.53,-64.98406201,0.05303811124,0.595942397,0.3177612071,0,-1.226838301,4.410254847,-3.179118603
47.54,-64.98410502,0.05303785481,0.5959419528,0.3177614994,0,-1.22682005,4.410255286,-3.179131505
47.55,-64.98414808,0.05303759785,0.595941511,0.3177617899,0,-1.22680177,4.410255606,-3.179144425
47.56,-64.9841912,0.05303734038,0.5959410714,0.3177620787,0,-1.226783458,4.41025581,-3.179157361
47.57,-64.98423438,0.0530370824,0.5959406342,0.3177623657,0,-1.226765117,4.410255897,-3.179170315
47.58,-64.98427761,0.05303682392,0.5959401992,0.317762651,0,-1.226746747,4.410255867,-3.179183284
47.59,-64.9843209,0.05303656495,0.5959397665,0.3177629345,0,-1.226728348,4.410255721,-3.17919627
47.6,-64.98436424,0.05303630548,0.5959393361,0.3177632163,0,-1.22670992,4.410255459,-3.179209271
47.61,-64.98440762,0.05303604554,0.595938908,0.3177634964,0,-1.226691465,4.410255083,-3.179222287
47.62,-64.98445106,0.05303578512,0.5959384822,0.3177637747,0,-1.226672982,4.410254592,-3.179235319
47.63,-64.98449455,0.05303552424,0.5959380586,0.3177640514,0,-1.226654472,4.410253987,-3.179248365
47.64,-64.98453808,0.05303526289,0.5959376374,0.3177643262,0,-1.226635936,4.410253268,-3.179261425
47.65,-64.98458167,0.05303500109,0.5959372184,0.3177645994,0,-1.226617373,4.410252437,-3.1792745
47.66,-64.9846253,0.05303473885,0.5959368017,0.3177648709,0,-1.226598785,4.410251492,-3.179287589
47.67,-64.98466897,0.05303447616,0.5959363873,0.3177651406,0,-1.226580172,4.410250435,-3.179300691
47.68,-64.98471269,0.05303421304,0.5959359751,0.3177654086,0,-1.226561534,4.410249267,-3.179313806
47.69,-64.98475645,0.0530339495,0.5959355653,0.3177656749,0,-1.226542871,4.410247987,-3.179326934
47.7,-64.98480025,0.05303368553,0.5959351577,0.3177659394,0,-1.226524185,4.410246597,-3.179340075
47.71,-64.98484409,0.05303342116,0.5959347524,0.3177662023,0,-1.226505476,4.410245096,-3.179353228
47.72,-64.98488798,0.05303315637,0.5959343494,0.3177664634,0,-1.226486743,4.410243486,-3.179366393
47.73,-64.9849319,0.05303289119,0.5959339487,0.3177667228,0,-1.226467989,4.410241766,-3.17937957
47.74,-64.98497586,0.05303262561,0.5959335502,0.3177669806,0,-1.226449212,4.410239937,-3.179392758
47.75,-64.98501986,0.05303235964,0.595933154,0.3177672366,0,-1.226430413,4.410238,-3.179405958
47.76,-64.98506389,0.0530320933,0.5959327601,0.3177674909,0,-1.226411594,4.410235955,-3.179419168
47.77,-64.98510796,0.05303182658,0.5959323684,0.3177677435,0,-1.226392754,4.410233802,-3.179432389
47.78,-64.98515207,0.05303155949,0.595931979,0.3177679944,0,-1.226373893,4.410231543,-3.17944562
47.79,-64.9851962,0.05303129204,0.5959315919,0.3177682436,0,-1.226355013,4.410229177,-3.179458861
47.8,-64.98524037,0.05303102424,0.5959312071,0.3177684912,0,-1.226336114,4.410226705,-3.179472112
47.81,-64.98528457,0.0530307561,0.5959308245,0.317768737,0,-1.226317195,4.410224128,-3.179485372
47.82,-64.9853288,0.05303048761,0.5959304442,0.3177689811,0,-1.226298258,4.410221445,-3.179498641
47.83,-64.98537306,0.05303021878,0.5959300661,0.3177692236,0,-1.226279303,4.410218658,-3.179511919
47.84,-64.98541735,0.05302994963,0.5959296904,0.3177694643,0,-1.226260331,4.410215767,-3.179525205
47.85,-64.98546167,0.05302968016,0.5959293168,0.3177697034,0,-1.226241341,4.410212772,-3.1795385
47.86,-64.98550601,0.05302941037,0.5959289456,0.3177699408,0,-1.226222334,4.410209674,-3.179551803
47.87,-64.98555038,0.05302914027,0.5959285766,0.3177701765,0,-1.226203311,4.410206473,-3.179565113
47.88,-64.98559477,0.05302886987,0.5959282098,0.3177704106,0,-1.226184272,4.41020317,-3.179578431
47.89,-64.98563919,0.05302859917,0.5959278453,0.3177706429,0,-1.226165218,4.410199765,-3.179591756
47.9,-64.98568363,0.05302832818,0.595927483,0.3177708736,0,-1.226146149,4.41019626,-3.179605088
47.91,-64.98572809,0.05302805691,0.5959271231,0.3177711026,0,-1.226127065,4.410192653,-3.179618426
47.92,-64.98577257,0.05302778536,0.5959267653,0.31777133,0,-1.226107967,4.410188946,-3.179631771
47.93,-64.98581707,0.05302751353,0.5959264098,0.3177715557,0,-1.226088855,4.410185139,-3.179645121
47.94,-64.98586159,0.05302724145,0.5959260565,0.3177717797,0,-1.226069729,4.410181233,-3.179658477
47.95,-64.98590613,0.0530269691,0.5959257055,0.3177720021,0,-1.226050591,4.410177228,-3.179671839
47.96,-64.98595069,0.0530266965,0.5959253568,0.3177722228,0,-1.22603144,4.410173125,-3.179685206
47.97,-64.98599526,0.05302642366,0.5959250102,0.3177724419,0,-1.226012277,4.410168923,-3.179698578
47.98,-64.98603985,0.05302615057,0.5959246659,0.3177726593,0,-1.225993103,4.410164624,-3.179711954
47.99,-64.98608445,0.05302587725,0.5959243239,0.317772875,0,-1.225973917,4.410160229,-3.179725335
48,-64.98612907,0.05302560371,0.595923984,0.3177730891,0,-1.22595472,4.410155737,-3.17973872
48.01,-64.9861737,0.05302532994,0.5959236464,0.3177733016,0,-1.225935513,4.410151148,-3.179752109
48.02,-64.98621834,0.05302505595,0.5959233111,0.3177735124,0,-1.225916295,4.410146465,-3.179765501
48.03,-64.98626299,0.05302478175,0.5959229779,0.3177737216,0,-1.225897068,4.410141686,-3.179778897
48.04,-64.98630765,0.05302450735,0.595922647,0.3177739292,0,-1.225877832,4.410136812,-3.179792296
48.05,-64.98635232,0.05302423275,0.5959223183,0.3177741351,0,-1.225858587,4.410131845,-3.179805697
48.06,-64.986397,0.05302395796,0.5959219919,0.3177743394,0,-1.225839333,4.410126784,-3.179819101
48.07,-64.98644169,0.05302368299,0.5959216676,0.317774542,0,-1.225820071,4.410121629,-3.179832507
48.08,-64.98648638,0.05302340783,0.5959213456,0.317774743,0,-1.225800802,4.410116383,-3.179845915
48.09,-64.98653108,0.0530231325,0.5959210257,0.3177749425,0,-1.225781525,4.410111043,-3.179859325
48.1,-64.98657579,0.053022857,0.5959207081,0.3177751402,0,-1.225762241,4.410105612,-3.179872736
48.11,-64.9866205,0.05302258134,0.5959203927,0.3177753364,0,-1.225742951,4.41010009,-3.179886149
48.12,-64.98666521,0.05302230552,0.5959200795,0.317775531,0,-1.225723655,4.410094477,-3.179899562
48.13,-64.98670992,0.05302202955,0.5959197685,0.3177757239,0,-1.225704353,4.410088774,-3.179912976
48.14,-64.98675464,0.05302175343,0.5959194597,0.3177759153,0,-1.225685046,4.410082981,-3.179926391
48.15,-64.98679935,0.05302147718,0.5959191531,0.317776105,0,-1.225665734,4.410077098,-3.179939805
48.16,-64.98684407,0.05302120079,0.5959188487,0.3177762932,0,-1.225646418,4.410071127,-3.17995322
48.17,-64.98688878,0.05302092428,0.5959185465,0.3177764797,0,-1.225627097,4.410065067,-3.179966634
48.18,-64.98693349,0.05302064764,0.5959182465,0.3177766646,0,-1.225607772,4.41005892,-3.179980048
48.19,-64.9869782,0.05302037089,0.5959179487,0.317776848,0,-1.225588444,4.410052684,-3.179993461
48.2,-64.98702291,0.05302009402,0.595917653,0.3177770297,0,-1.225569114,4.410046362,-3.180006872
48.21,-64.98706761,0.05301981705,0.5959173596,0.3177772099,0,-1.22554978,4.410039954,-3.180020283
48.22,-64.98711231,0.05301953998,0.5959170683,0.3177773885,0,-1.225530444,4.410033459,-3.180033692
48.23,-64.987157,0.05301926282,0.5959167792,0.3177775655,0,-1.225511106,4.410026878,-3.180047099
48.24,-64.98720168,0.05301898557,0.5959164923,0.3177777409,0,-1.225491767,4.410020213,-3.180060504
48.25,-64.98724635,0.05301870824,0.5959162075,0.3177779148,0,-1.225472427,4.410013463,-3.180073906
48.26,-64.98729102,0.05301843083,0.5959159249,0.3177780871,0,-1.225453086,4.410006629,-3.180087306
48.27,-64.98733568,0.05301815335,0.5959156445,0.3177782578,0,-1.225433744,4.409999711,-3.180100704
48.28,-64.98738033,0.0530178758,0.5959153662,0.3177784269,0,-1.225414403,4.409992709,-3.180114098
48.29,-64.98742496,0.0530175982,0.5959150901,0.3177785945,0,-1.225395062,4.409985626,-3.180127489
48.3,-64.98746959,0.05301732053,0.5959148162,0.3177787605,0,-1.225375721,4.409978459,-3.180140876
48.31,-64.9875142,0.05301704282,0.5959145444,0.317778925,0,-1.225356382,4.409971211,-3.18015426
48.32,-64.9875588,0.05301676507,0.5959142748,0.3177790879,0,-1.225337044,4.409963882,-3.18016764
48.33,-64.98760338,0.05301648727,0.5959140073,0.3177792493,0,-1.225317708,4.409956472,-3.180181015
48.34,-64.98764795,0.05301620945,0.5959137419,0.3177794091,0,-1.225298374,4.409948981,-3.180194386
48.35,-64.98769251,0.05301593159,0.5959134787,0.3177795674,0,-1.225279042,4.40994141,-3.180207752
48.36,-64.98773705,0.05301565372,0.5959132177,0.3177797241,0,-1.225259714,4.40993376,-3.180221114
48.37,-64.98778157,0.05301537582,0.5959129587,0.3177798793,0,-1.225240389,4.409926031,-3.18023447
48.38,-64.98782607,0.05301509792,0.5959127019,0.317780033,0,-1.225221067,4.409918223,-3.180247821
48.39,-64.98787055,0.05301482,0.5959124472,0.3177801852,0,-1.225201749,4.409910338,-3.180261166
48.4,-64.98791502,0.05301454209,0.5959121947,0.3177803358,0,-1.225182435,4.409902374,-3.180274505
48.41,-64.98795946,0.05301426418,0.5959119443,0.3177804849,0,-1.225163126,4.409894334,-3.180287838
48.42,-64.98800388,0.05301398628,0.595911696,0.3177806324,0,-1.225143822,4.409886216,-3.180301165
48.43,-64.98804828,0.05301370839,0.5959114498,0.3177807785,0,-1.225124524,4.409878023,-3.180314485
48.44,-64.98809266,0.05301343053,0.5959112057,0.317780923,0,-1.225105231,4.409869754,-3.180327799
48.45,-64.98813702,0.05301315268,0.5959109637,0.3177810661,0,-1.225085944,4.409861409,-3.180341106
48.46,-64.98818135,0.05301287487,0.5959107238,0.3177812076,0,-1.225066663,4.40985299,-3.180354405
48.47,-64.98822566,0.0530125971,0.5959104861,0.3177813476,0,-1.225047389,4.409844496,-3.180367697
48.48,-64.98826994,0.05301231936,0.5959102504,0.3177814861,0,-1.225028122,4.409835929,-3.180380982
48.49,-64.98831419,0.05301204167,0.5959100168,0.3177816232,0,-1.225008862,4.409827288,-3.180394258
48.5,-64.98835842,0.05301176403,0.5959097854,0.3177817587,0,-1.224989611,4.409818574,-3.180407527
48.51,-64.98840262,0.05301148644,0.595909556,0.3177818928,0,-1.224970367,4.409809787,-3.180420787
48.52,-64.98844679,0.05301120891,0.5959093286,0.3177820253,0,-1.224951131,4.409800929,-3.180434038
48.53,-64.98849094,0.05301093145,0.5959091034,0.3177821564,0,-1.224931904,4.409791999,-3.180447281
48.54,-64.98853505,0.05301065406,0.5959088802,0.317782286,0,-1.224912687,4.409782997,-3.180460515
48.55,-64.98857913,0.05301037675,0.5959086592,0.3177824142,0,-1.224893478,4.409773925,-3.18047374
48.56,-64.98862318,0.05301009951,0.5959084401,0.3177825408,0,-1.224874279,4.409764783,-3.180486955
48.57,-64.9886672,0.05300982236,0.5959082232,0.317782666,0,-1.224855091,4.409755571,-3.180500161
48.58,-64.98871119,0.0530095453,0.5959080083,0.3177827897,0,-1.224835912,4.40974629,-3.180513357
48.59,-64.98875514,0.05300926834,0.5959077955,0.317782912,0,-1.224816744,4.40973694,-3.180526543
48.6,-64.98879906,0.05300899147,0.5959075847,0.3177830328,0,-1.224797587,4.409727521,-3.180539719
48.61,-64.98884295,0.05300871471,0.595907376,0.3177831522,0,-1.224778442,4.409718035,-3.180552884
48.62,-64.9888868,0.05300843806,0.5959071693,0.3177832701,0,-1.224759308,4.409708481,-3.180566039
48.63,-64.98893061,0.05300816152,0.5959069646,0.3177833865,0,-1.224740186,4.40969886,-3.180579183
48.64,-64.98897439,0.0530078851,0.595906762,0.3177835016,0,-1.224721076,4.409689172,-3.180592316
48.65,-64.98901813,0.0530076088,0.5959065615,0.3177836151,0,-1.224701979,4.409679419,-3.180605438
48.66,-64.98906183,0.05300733264,0.5959063629,0.3177837273,0,-1.224682894,4.409669599,-3.180618548
48.67,-64.98910549,0.0530070566,0.5959061664,0.317783838,0,-1.224663823,4.409659715,-3.180631647
48.68,-64.98914911,0.0530067807,0.5959059719,0.3177839473,0,-1.224644765,4.409649765,-3.180644733
48.69,-64.98919269,0.05300650495,0.5959057795,0.3177840552,0,-1.224625721,4.409639752,-3.180657808
48.7,-64.98923624,0.05300622934,0.595905589,0.3177841616,0,-1.224606691,4.409629674,-3.180670871
48.71,-64.98927974,0.05300595388,0.5959054006,0.3177842667,0,-1.224587675,4.409619533,-3.180683921
48.72,-64.98932319,0.05300567858,0.5959052141,0.3177843703,0,-1.224568674,4.409609329,-3.180696958
48.73,-64.98936661,0.05300540344,0.5959050297,0.3177844725,0,-1.224549688,4.409599063,-3.180709983
48.74,-64.98940998,0.05300512847,0.5959048473,0.3177845733,0,-1.224530718,4.409588734,-3.180722994
48.75,-64.98945331,0.05300485366,0.5959046668,0.3177846727,0,-1.224511763,4.409578344,-3.180735993
48.76,-64.98949659,0.05300457903,0.5959044884,0.3177847707,0,-1.224492823,4.409567893,-3.180748978
48.77,-64.98953983,0.05300430457,0.5959043119,0.3177848673,0,-1.2244739,4.409557381,-3.180761949
48.78,-64.98958302,0.0530040303,0.5959041374,0.3177849626,0,-1.224454994,4.409546809,-3.180774907
48.79,-64.98962617,0.05300375622,0.5959039649,0.3177850564,0,-1.224436104,4.409536177,-3.180787851
48.8,-64.98966927,0.05300348233,0.5959037944,0.3177851489,0,-1.224417231,4.409525485,-3.18080078
48.81,-64.98971232,0.05300320863,0.5959036258,0.3177852399,0,-1.224398376,4.409514735,-3.180813696
48.82,-64.98975532,0.05300293514,0.5959034592,0.3177853296,0,-1.224379538,4.409503926,-3.180826596
48.83,-64.98979827,0.05300266185,0.5959032946,0.317785418,0,-1.224360718,4.409493058,-3.180839482
48.84,-64.98984118,0.05300238877,0.5959031319,0.317785505,0,-1.224341916,4.409482134,-3.180852353
48.85,-64.98988403,0.0530021159,0.5959029711,0.3177855906,0,-1.224323133,4.409471152,-3.180865209
48.86,-64.98992683,0.05300184325,0.5959028124,0.3177856748,0,-1.224304368,4.409460113,-3.18087805
48.87,-64.98996958,0.05300157083,0.5959026555,0.3177857577,0,-1.224285622,4.409449018,-3.180890875
48.88,-64.99001228,0.05300129863,0.5959025006,0.3177858393,0,-1.224266896,4.409437867,-3.180903685
48.89,-64.99005493,0.05300102666,0.5959023476,0.3177859195,0,-1.224248189,4.409426661,-3.180916479
48.9,-64.99009752,0.05300075492,0.5959021966,0.3177859983,0,-1.224229503,4.4094154,-3.180929257
48.91,-64.99014006,0.05300048342,0.5959020475,0.3177860758,0,-1.224210836,4.409404084,-3.180942019
48.92,-64.99018255,0.05300021217,0.5959019003,0.317786152,0,-1.22419219,4.409392714,-3.180954764
48.93,-64.99022498,0.05299994117,0.595901755,0.3177862269,0,-1.224173564,4.40938129,-3.180967493
48.94,-64.99026735,0.05299967041,0.5959016116,0.3177863004,0,-1.224154959,4.409369813,-3.180980206
48.95,-64.99030967,0.05299939991,0.5959014702,0.3177863726,0,-1.224136376,4.409358284,-3.180992901
48.96,-64.99035193,0.05299912967,0.5959013306,0.3177864435,0,-1.224117814,4.409346702,-3.18100558
48.97,-64.99039414,0.05299885969,0.5959011929,0.3177865131,0,-1.224099273,4.409335067,-3.181018241
48.98,-64.99043628,0.05299858999,0.5959010572,0.3177865813,0,-1.224080755,4.409323382,-3.181030885
48.99,-64.99047837,0.05299832055,0.5959009233,0.3177866483,0,-1.224062259,4.409311645,-3.181043511
49,-64.9905204,0.05299805139,0.5959007913,0.3177867139,0,-1.224043785,4.409299858,-3.18105612
49.01,-64.99056237,0.0529977825,0.5959006612,0.3177867783,0,-1.224025335,4.40928802,-3.181068711
49.02,-64.99060428,0.0529975139,0.5959005329,0.3177868413,0,-1.224006907,4.409276133,-3.181081284
49.03,-64.99064613,0.05299724559,0.5959004065,0.3177869031,0,-1.223988502,4.409264196,-3.181093839
49.04,-64.99068792,0.05299697757,0.595900282,0.3177869636,0,-1.223970122,4.40925221,-3.181106375
49.05,-64.99072964,0.05299670985,0.5959001594,0.3177870228,0,-1.223951764,4.409240176,-3.181118893
49.06,-64.99077131,0.05299644242,0.5959000386,0.3177870807,0,-1.223933431,4.409228093,-3.181131392
49.07,-64.99081291,0.0529961753,0.5958999196,0.3177871374,0,-1.223915122,4.409215963,-3.181143872
49.08,-64.99085445,0.05299590848,0.5958998025,0.3177871927,0,-1.223896838,4.409203786,-3.181156334
49.09,-64.99089592,0.05299564197,0.5958996873,0.3177872469,0,-1.223878579,4.409191561,-3.181168776
49.1,-64.99093733,0.05299537578,0.5958995739,0.3177872997,0,-1.223860344,4.409179291,-3.181181199
49.11,-64.99097868,0.0529951099,0.5958994623,0.3177873513,0,-1.223842135,4.409166974,-3.181193603
49.12,-64.99101995,0.05299484435,0.5958993525,0.3177874016,0,-1.223823951,4.409154612,-3.181205986
49.13,-64.99106117,0.05299457912,0.5958992446,0.3177874507,0,-1.223805794,4.409142204,-3.181218351
49.14,-64.99110232,0.05299431422,0.5958991385,0.3177874986,0,-1.223787662,4.409129752,-3.181230695
49.15,-64.9911434,0.05299404966,0.5958990342,0.3177875452,0,-1.223769556,4.409117256,-3.181243019
49.16,-64.99118441,0.05299378543,0.5958989317,0.3177875905,0,-1.223751477,4.409104715,-3.181255323
49.17,-64.99122535,0.05299352153,0.595898831,0.3177876347,0,-1.223733424,4.409092131,-3.181267606
49.18,-64.99126623,0.05299325799,0.5958987321,0.3177876776,0,-1.223715399,4.409079505,-3.181279869
49.19,-64.99130704,0.05299299479,0.595898635,0.3177877193,0,-1.2236974,4.409066835,-3.181292112
49.2,-64.99134778,0.05299273194,0.5958985397,0.3177877597,0,-1.223679429,4.409054123,-3.181304333
49.21,-64.99138845,0.05299246944,0.5958984461,0.317787799,0,-1.223661486,4.409041369,-3.181316534
49.22,-64.99142904,0.05299220731,0.5958983544,0.317787837,0,-1.22364357,4.409028574,-3.181328713
49.23,-64.99146957,0.05299194553,0.5958982644,0.3177878738,0,-1.223625683,4.409015738,-3.181340871
49.24,-64.99151003,0.05299168412,0.5958981762,0.3177879095,0,-1.223607824,4.409002861,-3.181353008
49.25,-64.99155041,0.05299142307,0.5958980897,0.3177879439,0,-1.223589993,4.408989944,-3.181365124
49.26,-64.99159072,0.0529911624,0.595898005,0.3177879771,0,-1.223572191,4.408976987,-3.181377217
49.27,-64.99163096,0.0529909021,0.5958979221,0.3177880091,0,-1.223554418,4.408963991,-3.181389289
49.28,-64.99167113,0.05299064219,0.5958978409,0.31778804,0,-1.223536674,4.408950956,-3.181401339
49.29,-64.99171122,0.05299038265,0.5958977614,0.3177880697,0,-1.22351896,4.408937882,-3.181413367
49.3,-64.99175124,0.0529901235,0.5958976837,0.3177880982,0,-1.223501275,4.40892477,-3.181425372
49.31,-64.99179118,0.05298986473,0.5958976077,0.3177881255,0,-1.22348362,4.40891162,-3.181437355
49.32,-64.99183105,0.05298960636,0.5958975335,0.3177881516,0,-1.223465995,4.408898433,-3.181449316
49.33,-64.99187085,0.05298934838,0.5958974609,0.3177881766,0,-1.223448401,4.408885209,-3.181461254
49.34,-64.99191056,0.0529890908,0.5958973901,0.3177882004,0,-1.223430837,4.408871948,-3.181473169
49.35,-64.99195021,0.05298883363,0.595897321,0.3177882231,0,-1.223413303,4.408858651,-3.181485062
49.36,-64.99198977,0.05298857685,0.5958972536,0.3177882446,0,-1.223395801,4.408845319,-3.181496931
49.37,-64.99202926,0.05298832049,0.5958971879,0.317788265,0,-1.223378329,4.408831951,-3.181508777
49.38,-64.99206867,0.05298806453,0.5958971239,0.3177882842,0,-1.223360889,4.408818548,-3.1815206
49.39,-64.992108,0.05298780899,0.5958970616,0.3177883023,0,-1.22334348,4.40880511,-3.181532399
49.4,-64.99214725,0.05298755387,0.595897001,0.3177883192,0,-1.223326103,4.408791638,-3.181544175
49.41,-64.99218643,0.05298729917,0.5958969421,0.317788335,0,-1.223308758,4.408778133,-3.181555928
49.42,-64.99222552,0.05298704489,0.5958968848,0.3177883497,0,-1.223291445,4.408764594,-3.181567656
49.43,-64.99226453,0.05298679104,0.5958968292,0.3177883633,0,-1.223274164,4.408751022,-3.18157936
49.44,-64.99230347,0.05298653761,0.5958967753,0.3177883757,0,-1.223256916,4.408737417,-3.181591041
49.45,-64.99234232,0.05298628462,0.595896723,0.317788387,0,-1.2232397,4.408723781,-3.181602697
49.46,-64.9923811,0.05298603207,0.5958966724,0.3177883973,0,-1.223222518,4.408710112,-3.181614329
49.47,-64.99241979,0.05298577995,0.5958966235,0.3177884064,0,-1.223205368,4.408696412,-3.181625937
49.48,-64.9924584,0.05298552828,0.5958965762,0.3177884144,0,-1.223188252,4.40868268,-3.18163752
49.49,-64.99249693,0.05298527705,0.5958965305,0.3177884213,0,-1.223171169,4.408668919,-3.181649078
49.5,-64.99253537,0.05298502627,0.5958964864,0.3177884272,0,-1.223154119,4.408655126,-3.181660612
49.51,-64.99257373,0.05298477594,0.595896444,0.3177884319,0,-1.223137104,4.408641304,-3.18167212
49.52,-64.99261201,0.05298452606,0.5958964032,0.3177884355,0,-1.223120122,4.408627453,-3.181683604
49.53,-64.99265021,0.05298427664,0.595896364,0.3177884381,0,-1.223103175,4.408613572,-3.181695063
49.54,-64.99268832,0.05298402768,0.5958963265,0.3177884396,0,-1.223086262,4.408599662,-3.181706496
49.55,-64.99272635,0.05298377918,0.5958962905,0.3177884401,0,-1.223069383,4.408585724,-3.181717904
49.56,-64.99276429,0.05298353114,0.5958962562,0.3177884394,0,-1.22305254,4.408571758,-3.181729287
49.57,-64.99280215,0.05298328357,0.5958962234,0.3177884377,0,-1.223035731,4.408557765,-3.181740644
49.58,-64.99283992,0.05298303648,0.5958961922,0.317788435,0,-1.223018957,4.408543744,-3.181751975
49.59,-64.9928776,0.05298278985,0.5958961627,0.3177884312,0,-1.223002218,4.408529696,-3.181763281
49.6,-64.9929152,0.0529825437,0.5958961347,0.3177884263,0,-1.222985515,4.408515622,-3.18177456
49.61,-64.99295271,0.05298229803,0.5958961082,0.3177884204,0,-1.222968848,4.408501521,-3.181785814
49.62,-64.99299014,0.05298205284,0.5958960834,0.3177884135,0,-1.222952216,4.408487395,-3.181797041
49.63,-64.99302748,0.05298180814,0.5958960601,0.3177884055,0,-1.22293562,4.408473243,-3.181808243
49.64,-64.99306473,0.05298156392,0.5958960383,0.3177883965,0,-1.222919061,4.408459067,-3.181819418
49.65,-64.99310189,0.05298132019,0.5958960182,0.3177883864,0,-1.222902537,4.408444865,-3.181830566
49.66,-64.99313896,0.05298107695,0.5958959995,0.3177883754,0,-1.22288605,4.40843064,-3.181841688
49.67,-64.99317594,0.05298083421,0.5958959824,0.3177883633,0,-1.2228696,4.40841639,-3.181852783
49.68,-64.99321284,0.05298059196,0.5958959669,0.3177883502,0,-1.222853186,4.408402117,-3.181863852
49.69,-64.99324965,0.05298035021,0.5958959528,0.3177883361,0,-1.222836809,4.408387821,-3.181874894
49.7,-64.99328636,0.05298010897,0.5958959403,0.317788321,0,-1.22282047,4.408373502,-3.181885909
49.71,-64.99332299,0.05297986822,0.5958959294,0.3177883049,0,-1.222804167,4.408359161,-3.181896897
49.72,-64.99335952,0.05297962799,0.5958959199,0.3177882878,0,-1.222787902,4.408344797,-3.181907857
49.73,-64.99339597,0.05297938827,0.5958959119,0.3177882697,0,-1.222771675,4.408330412,-3.181918791
49.74,-64.99343232,0.05297914905,0.5958959055,0.3177882506,0,-1.222755485,4.408316005,-3.181929697
49.75,-64.99346859,0.05297891036,0.5958959005,0.3177882305,0,-1.222739333,4.408301577,-3.181940576
49.76,-64.99350476,0.05297867217,0.5958958971,0.3177882095,0,-1.222723219,4.408287129,-3.181951427
49.77,-64.99354084,0.05297843451,0.5958958951,0.3177881874,0,-1.222707143,4.40827266,-3.181962251
49.78,-64.99357682,0.05297819737,0.5958958946,0.3177881644,0,-1.222691106,4.408258172,-3.181973047
49.79,-64.99361272,0.05297796075,0.5958958956,0.3177881405,0,-1.222675107,4.408243663,-3.181983815
49.8,-64.99364852,0.05297772466,0.595895898,0.3177881156,0,-1.222659146,4.408229136,-3.181994555
49.81,-64.99368422,0.0529774891,0.5958959019,0.3177880897,0,-1.222643225,4.40821459,-3.182005267
49.82,-64.99371984,0.05297725407,0.5958959073,0.3177880628,0,-1.222627342,4.408200025,-3.182015952
49.83,-64.99375536,0.05297701957,0.5958959141,0.3177880351,0,-1.222611498,4.408185442,-3.182026608
49.84,-64.99379078,0.05297678561,0.5958959224,0.3177880063,0,-1.222595693,4.408170841,-3.182037235
49.85,-64.99382612,0.05297655218,0.5958959321,0.3177879767,0,-1.222579928,4.408156222,-3.182047835
49.86,-64.99386135,0.0529763193,0.5958959433,0.3177879461,0,-1.222564202,4.408141587,-3.182058406
49.87,-64.9938965,0.05297608695,0.5958959559,0.3177879145,0,-1.222548516,4.408126935,-3.182068949
49.88,-64.99393154,0.05297585515,0.5958959699,0.3177878821,0,-1.222532869,4.408112266,-3.182079463
49.89,-64.99396649,0.0529756239,0.5958959853,0.3177878487,0,-1.222517263,4.408097581,-3.182089948
49.9,-64.99400135,0.0529753932,0.5958960022,0.3177878144,0,-1.222501696,4.40808288,-3.182100405
49.91,-64.99403611,0.05297516304,0.5958960204,0.3177877792,0,-1.22248617,4.408068164,-3.182110833
49.92,-64.99407077,0.05297493344,0.5958960401,0.3177877431,0,-1.222470683,4.408053433,-3.182121232
49.93,-64.99410534,0.05297470439,0.5958960612,0.317787706,0,-1.222455237,4.408038687,-3.182131602
49.94,-64.99413981,0.0529744759,0.5958960836,0.3177876681,0,-1.222439832,4.408023927,-3.182141943
49.95,-64.99417418,0.05297424797,0.5958961075,0.3177876293,0,-1.222424467,4.408009153,-3.182152255
49.96,-64.99420846,0.0529740206,0.5958961327,0.3177875896,0,-1.222409143,4.407994365,-3.182162538
49.97,-64.99424264,0.0529737938,0.5958961593,0.317787549,0,-1.22239386,4.407979563,-3.182172791
49.98,-64.99427672,0.05297356755,0.5958961872,0.3177875075,0,-1.222378617,4.407964749,-3.182183015
49.99,-64.9943107,0.05297334188,0.5958962166,0.3177874651,0,-1.222363416,4.407949922,-3.18219321
50,-64.99434458,0.05297311677,0.5958962473,0.3177874219,0,-1.222348257,4.407935082,-3.182203375
50.01,-64.99437837,0.05297289224,0.5958962793,0.3177873778,0,-1.222333138,4.40792023,-3.182213511
50.02,-64.99441205,0.05297266828,0.5958963127,0.3177873328,0,-1.222318061,4.407905367,-3.182223616
50.03,-64.99444564,0.05297244489,0.5958963474,0.317787287,0,-1.222303026,4.407890492,-3.182233693
50.04,-64.99447913,0.05297222208,0.5958963835,0.3177872403,0,-1.222288032,4.407875606,-3.182243739
50.05,-64.99451252,0.05297199984,0.5958964209,0.3177871927,0,-1.22227308,4.407860709,-3.182253756
50.06,-64.99454581,0.05297177819,0.5958964596,0.3177871443,0,-1.22225817,4.407845802,-3.182263742
50.07,-64.994579,0.05297155712,0.5958964996,0.3177870951,0,-1.222243302,4.407830885,-3.182273699
50.08,-64.99461209,0.05297133663,0.595896541,0.317787045,0,-1.222228477,4.407815958,-3.182283626
50.09,-64.99464507,0.05297111673,0.5958965836,0.3177869941,0,-1.222213693,4.407801022,-3.182293522
50.1,-64.99467796,0.05297089742,0.5958966276,0.3177869424,0,-1.222198952,4.407786076,-3.182303388
50.11,-64.99471075,0.05297067869,0.5958966729,0.3177868898,0,-1.222184254,4.407771122,-3.182313224
50.12,-64.99474343,0.05297046056,0.5958967194,0.3177868364,0,-1.222169598,4.407756159,-3.18232303
50.13,-64.99477602,0.05297024302,0.5958967673,0.3177867822,0,-1.222154984,4.407741188,-3.182332806
50.14,-64.9948085,0.05297002607,0.5958968164,0.3177867272,0,-1.222140414,4.407726209,-3.182342551
50.15,-64.99484088,0.05296980972,0.5958968668,0.3177866713,0,-1.222125886,4.407711223,-3.182352265
50.16,-64.99487316,0.05296959396,0.5958969184,0.3177866147,0,-1.222111401,4.407696229,-3.182361949
50.17,-64.99490534,0.05296937881,0.5958969713,0.3177865573,0,-1.22209696,4.407681228,-3.182371602
50.18,-64.99493742,0.05296916425,0.5958970255,0.317786499,0,-1.222082561,4.407666221,-3.182381225
50.19,-64.99496939,0.0529689503,0.5958970809,0.31778644,0,-1.222068206,4.407651207,-3.182390817
50.2,-64.99500126,0.05296873696,0.5958971376,0.3177863802,0,-1.222053895,4.407636188,-3.182400378
50.21,-64.99503303,0.05296852421,0.5958971955,0.3177863196,0,-1.222039626,4.407621162,-3.182409908
50.22,-64.99506469,0.05296831208,0.5958972547,0.3177862582,0,-1.222025402,4.407606132,-3.182419408
50.23,-64.99509625,0.05296810055,0.595897315,0.3177861961,0,-1.222011221,4.407591096,-3.182428876
50.24,-64.99512771,0.05296788964,0.5958973766,0.3177861332,0,-1.221997084,4.407576056,-3.182438314
50.25,-64.99515907,0.05296767933,0.5958974394,0.3177860695,0,-1.22198299,4.407561011,-3.18244772
50.26,-64.99519032,0.05296746964,0.5958975035,0.317786005,0,-1.221968941,4.407545962,-3.182457096
50.27,-64.99522147,0.05296726057,0.5958975687,0.3177859398,0,-1.221954935,4.407530909,-3.18246644
50.28,-64.99525251,0.05296705211,0.5958976351,0.3177858739,0,-1.221940974,4.407515852,-3.182475753
50.29,-64.99528345,0.05296684427,0.5958977027,0.3177858072,0,-1.221927057,4.407500792,-3.182485034
50.3,-64.99531428,0.05296663704,0.5958977716,0.3177857397,0,-1.221913184,4.407485729,-3.182494285
50.31,-64.99534501,0.05296643044,0.5958978415,0.3177856715,0,-1.221899355,4.407470664,-3.182503504
50.32,-64.99537564,0.05296622446,0.5958979127,0.3177856026,0,-1.221885571,4.407455596,-3.182512692
50.33,-64.99540616,0.0529660191,0.5958979851,0.317785533,0,-1.221871831,4.407440526,-3.182521848
50.34,-64.99543658,0.05296581437,0.5958980586,0.3177854626,0,-1.221858136,4.407425454,-3.182530973
50.35,-64.99546689,0.05296561026,0.5958981332,0.3177853915,0,-1.221844486,4.407410381,-3.182540066
50.36,-64.99549709,0.05296540678,0.5958982091,0.3177853196,0,-1.22183088,4.407395307,-3.182549128
50.37,-64.99552719,0.05296520392,0.595898286,0.3177852471,0,-1.22181732,4.407380232,-3.182558158
50.38,-64.99555719,0.0529650017,0.5958983642,0.3177851739,0,-1.221803804,4.407365156,-3.182567156
50.39,-64.99558708,0.05296480011,0.5958984434,0.3177850999,0,-1.221790333,4.407350079,-3.182576123
50.4,-64.99561686,0.05296459915,0.5958985238,0.3177850252,0,-1.221776907,4.407335003,-3.182585058
50.41,-64.99564654,0.05296439882,0.5958986053,0.3177849499,0,-1.221763526,4.407319927,-3.182593961
50.42,-64.99567611,0.05296419913,0.5958986879,0.3177848738,0,-1.22175019,4.407304851,-3.182602833
50.43,-64.99570557,0.05296400007,0.5958987717,0.3177847971,0,-1.2217369,4.407289776,-3.182611672
50.44,-64.99573493,0.05296380165,0.5958988565,0.3177847197,0,-1.221723655,4.407274703,-3.18262048
50.45,-64.99576419,0.05296360387,0.5958989425,0.3177846416,0,-1.221710455,4.40725963,-3.182629256
50.46,-64.99579333,0.05296340673,0.5958990295,0.3177845628,0,-1.221697301,4.407244559,-3.182637999
50.47,-64.99582237,0.05296321023,0.5958991177,0.3177844834,0,-1.221684192,4.407229491,-3.182646711
50.48,-64.9958513,0.05296301436,0.5958992069,0.3177844033,0,-1.221671129,4.407214424,-3.182655391
50.49,-64.99588013,0.05296281915,0.5958992972,0.3177843225,0,-1.221658111,4.40719936,-3.182664039
50.5,-64.99590885,0.05296262457,0.5958993886,0.317784241,0,-1.221645139,4.407184298,-3.182672654
50.51,-64.99593746,0.05296243064,0.5958994811,0.3177841589,0,-1.221632213,4.40716924,-3.182681238
50.52,-64.99596596,0.05296223736,0.5958995746,0.3177840762,0,-1.221619333,4.407154185,-3.182689789
50.53,-64.99599436,0.05296204472,0.5958996692,0.3177839928,0,-1.221606498,4.407139133,-3.182698308
50.54,-64.99602265,0.05296185273,0.5958997648,0.3177839088,0,-1.22159371,4.407124085,-3.182706795
50.55,-64.99605083,0.05296166139,0.5958998615,0.3177838241,0,-1.221580967,4.407109042,-3.182715249
50.56,-64.99607891,0.05296147069,0.5958999592,0.3177837388,0,-1.221568271,4.407094002,-3.182723672
50.57,-64.99610687,0.05296128065,0.595900058,0.3177836529,0,-1.22155562,4.407078968,-3.182732062
50.58,-64.99613473,0.05296109126,0.5959001578,0.3177835663,0,-1.221543016,4.407063938,-3.182740419
50.59,-64.99616248,0.05296090253,0.5959002586,0.3177834791,0,-1.221530458,4.407048913,-3.182748745
50.6,-64.99619013,0.05296071444,0.5959003604,0.3177833913,0,-1.221517946,4.407033894,-3.182757038
50.61,-64.99621766,0.05296052701,0.5959004632,0.3177833029,0,-1.22150548,4.40701888,-3.182765298
50.62,-64.99624509,0.05296034024,0.5959005671,0.3177832139,0,-1.221493061,4.407003873,-3.182773526
50.63,-64.99627241,0.05296015412,0.5959006719,0.3177831243,0,-1.221480688,4.406988871,-3.182781722
50.64,-64.99629962,0.05295996866,0.5959007778,0.317783034,0,-1.221468361,4.406973876,-3.182789885
50.65,-64.99632672,0.05295978385,0.5959008846,0.3177829432,0,-1.221456081,4.406958888,-3.182798016
50.66,-64.99635371,0.05295959971,0.5959009924,0.3177828518,0,-1.221443848,4.406943907,-3.182806114
50.67,-64.9963806,0.05295941622,0.5959011013,0.3177827598,0,-1.221431661,4.406928933,-3.182814179
50.68,-64.99640737,0.05295923339,0.595901211,0.3177826672,0,-1.22141952,4.406913966,-3.182822212
50.69,-64.99643404,0.05295905123,0.5959013218,0.317782574,0,-1.221407426,4.406899007,-3.182830213
50.7,-64.9964606,0.05295886972,0.5959014335,0.3177824803,0,-1.221395379,4.406884057,-3.182838181
50.71,-64.99648705,0.05295868888,0.5959015461,0.317782386,0,-1.221383379,4.406869114,-3.182846116
50.72,-64.99651339,0.0529585087,0.5959016598,0.3177822911,0,-1.221371425,4.40685418,-3.182854018
50.73,-64.99653963,0.05295832919,0.5959017743,0.3177821956,0,-1.221359518,4.406839254,-3.182861888
50.74,-64.99656575,0.05295815033,0.5959018898,0.3177820996,0,-1.221347658,4.406824338,-3.182869725
50.75,-64.99659177,0.05295797215,0.5959020062,0.3177820031,0,-1.221335845,4.406809431,-3.18287753
50.76,-64.99661767,0.05295779463,0.5959021236,0.317781906,0,-1.221324078,4.406794533,-3.182885302
50.77,-64.99664347,0.05295761778,0.5959022419,0.3177818083,0,-1.221312359,4.406779645,-3.182893041
50.78,-64.99666916,0.05295744159,0.5959023611,0.3177817101,0,-1.221300686,4.406764767,-3.182900747
50.79,-64.99669474,0.05295726607,0.5959024812,0.3177816113,0,-1.221289061,4.406749899,-3.182908421
50.8,-64.99672021,0.05295709122,0.5959026022,0.3177815121,0,-1.221277482,4.406735041,-3.182916062
50.81,-64.99674557,0.05295691704,0.5959027242,0.3177814123,0,-1.221265951,4.406720194,-3.18292367
50.82,-64.99677082,0.05295674352,0.595902847,0.3177813119,0,-1.221254466,4.406705358,-3.182931245
50.83,-64.99679596,0.05295657068,0.5959029707,0.3177812111,0,-1.221243029,4.406690534,-3.182938788
50.84,-64.99682099,0.05295639851,0.5959030953,0.3177811097,0,-1.221231638,4.40667572,-3.182946297
50.85,-64.99684591,0.05295622701,0.5959032208,0.3177810078,0,-1.221220295,4.406660918,-3.182953774
50.86,-64.99687073,0.05295605618,0.5959033471,0.3177809054,0,-1.221208999,4.406646128,-3.182961218
50.87,-64.99689543,0.05295588602,0.5959034743,0.3177808025,0,-1.22119775,4.40663135,-3.18296863
50.88,-64.99692003,0.05295571653,0.5959036024,0.317780699,0,-1.221186549,4.406616585,-3.182976008
50.89,-64.99694451,0.05295554772,0.5959037313,0.3177805951,0,-1.221175394,4.406601832,-3.182983354
50.9,-64.99696889,0.05295537958,0.5959038611,0.3177804907,0,-1.221164287,4.406587091,-3.182990667
50.91,-64.99699316,0.05295521211,0.5959039917,0.3177803858,0,-1.221153227,4.406572364,-3.182997947
50.92,-64.99701731,0.05295504532,0.5959041232,0.3177802804,0,-1.221142214,4.40655765,-3.183005194
50.93,-64.99704136,0.05295487921,0.5959042555,0.3177801746,0,-1.221131249,4.406542949,-3.183012408
50.94,-64.9970653,0.05295471376,0.5959043887,0.3177800682,0,-1.221120331,4.406528262,-3.18301959
50.95,-64.99708913,0.052954549,0.5959045226,0.3177799614,0,-1.22110946,4.406513589,-3.183026738
50.96,-64.99711285,0.05295438491,0.5959046574,0.3177798541,0,-1.221098636,4.406498929,-3.183033854
50.97,-64.99713646,0.05295422149,0.595904793,0.3177797463,0,-1.22108786,4.406484285,-3.183040937
50.98,-64.99715996,0.05295405875,0.5959049294,0.3177796381,0,-1.221077131,4.406469654,-3.183047987
50.99,-64.99718335,0.05295389669,0.5959050666,0.3177795294,0,-1.22106645,4.406455039,-3.183055004
51,-64.99720663,0.05295373531,0.5959052046,0.3177794203,0,-1.221055816,4.406440438,-3.183061988
51.01,-64.9972298,0.0529535746,0.5959053434,0.3177793107,0,-1.221045229,4.406425853,-3.18306894
51.02,-64.99725286,0.05295341457,0.595905483,0.3177792006,0,-1.22103469,4.406411283,-3.183075859
51.03,-64.99727581,0.05295325522,0.5959056233,0.3177790901,0,-1.221024198,4.406396728,-3.183082744
51.04,-64.99729866,0.05295309655,0.5959057644,0.3177789792,0,-1.221013753,4.40638219,-3.183089597
51.05,-64.99732139,0.05295293855,0.5959059063,0.3177788678,0,-1.221003356,4.406367667,-3.183096417
51.06,-64.99734402,0.05295278123,0.595906049,0.317778756,0,-1.220993006,4.406353161,-3.183103205
51.07,-64.99736653,0.0529526246,0.5959061924,0.3177786438,0,-1.220982704,4.406338671,-3.183109959
51.08,-64.99738894,0.05295246864,0.5959063366,0.3177785312,0,-1.220972449,4.406324197,-3.183116681
51.09,-64.99741123,0.05295231336,0.5959064815,0.3177784181,0,-1.220962241,4.406309741,-3.183123369
51.1,-64.99743342,0.05295215876,0.5959066272,0.3177783046,0,-1.220952081,4.406295302,-3.183130025
51.11,-64.9974555,0.05295200484,0.5959067736,0.3177781907,0,-1.220941968,4.406280879,-3.183136649
51.12,-64.99747746,0.05295185159,0.5959069208,0.3177780764,0,-1.220931903,4.406266475,-3.183143239
51.13,-64.99749932,0.05295169903,0.5959070686,0.3177779617,0,-1.220921885,4.406252088,-3.183149797
51.14,-64.99752107,0.05295154715,0.5959072172,0.3177778466,0,-1.220911914,4.406237719,-3.183156321
51.15,-64.99754271,0.05295139595,0.5959073665,0.3177777311,0,-1.220901991,4.406223368,-3.183162814
51.16,-64.99756424,0.05295124543,0.5959075165,0.3177776152,0,-1.220892115,4.406209035,-3.183169273
51.17,-64.99758566,0.05295109559,0.5959076672,0.3177774989,0,-1.220882287,4.406194721,-3.183175699
51.18,-64.99760698,0.05295094642,0.5959078187,0.3177773822,0,-1.220872506,4.406180425,-3.183182093
51.19,-64.99762818,0.05295079794,0.5959079708,0.3177772651,0,-1.220862772,4.406166148,-3.183188454
51.2,-64.99764928,0.05295065014,0.5959081236,0.3177771477,0,-1.220853086,4.40615189,-3.183194783
51.21,-64.99767026,0.05295050302,0.5959082771,0.3177770298,0,-1.220843447,4.406137652,-3.183201079
51.22,-64.99769114,0.05295035658,0.5959084312,0.3177769117,0,-1.220833855,4.406123432,-3.183207342
51.23,-64.99771191,0.05295021082,0.5959085861,0.3177767931,0,-1.220824311,4.406109233,-3.183213572
51.24,-64.99773257,0.05295006574,0.5959087416,0.3177766742,0,-1.220814814,4.406095053,-3.18321977
51.25,-64.99775312,0.05294992134,0.5959088978,0.3177765549,0,-1.220805364,4.406080893,-3.183225935
51.26,-64.99777356,0.05294977762,0.5959090546,0.3177764353,0,-1.220795962,4.406066754,-3.183232067
51.27,-64.99779389,0.05294963458,0.5959092121,0.3177763153,0,-1.220786607,4.406052634,-3.183238167
51.28,-64.99781411,0.05294949222,0.5959093702,0.3177761949,0,-1.220777299,4.406038536,-3.183244234
51.29,-64.99783423,0.05294935054,0.595909529,0.3177760742,0,-1.220768038,4.406024458,-3.183250269
51.3,-64.99785424,0.05294920955,0.5959096884,0.3177759532,0,-1.220758825,4.406010401,-3.183256271
51.31,-64.99787414,0.05294906923,0.5959098484,0.3177758318,0,-1.220749659,4.405996365,-3.183262241
51.32,-64.99789393,0.05294892959,0.5959100091,0.3177757101,0,-1.22074054,4.40598235,-3.183268178
51.33,-64.99791361,0.05294879063,0.5959101704,0.3177755881,0,-1.220731468,4.405968357,-3.183274083
51.34,-64.99793318,0.05294865235,0.5959103323,0.3177754657,0,-1.220722443,4.405954385,-3.183279955
51.35,-64.99795265,0.05294851474,0.5959104948,0.317775343,0,-1.220713466,4.405940435,-3.183285795
51.36,-64.99797201,0.05294837782,0.5959106579,0.31777522,0,-1.220704535,4.405926507,-3.183291602
51.37,-64.99799126,0.05294824158,0.5959108217,0.3177750967,0,-1.220695652,4.405912601,-3.183297377
51.38,-64.9980104,0.05294810601,0.595910986,0.3177749731,0,-1.220686816,4.405898718,-3.183303119
51.39,-64.99802943,0.05294797113,0.5959111509,0.3177748492,0,-1.220678026,4.405884857,-3.18330883
51.4,-64.99804836,0.05294783692,0.5959113164,0.3177747249,0,-1.220669284,4.405871018,-3.183314507
51.41,-64.99806718,0.05294770339,0.5959114825,0.3177746004,0,-1.220660589,4.405857203,-3.183320153
51.42,-64.99808589,0.05294757054,0.5959116491,0.3177744755,0,-1.22065194,4.40584341,-3.183325766
51.43,-64.99810449,0.05294743836,0.5959118163,0.3177743504,0,-1.220643339,4.405829641,-3.183331347
51.44,-64.99812299,0.05294730687,0.5959119841,0.3177742249,0,-1.220634784,4.405815895,-3.183336896
51.45,-64.99814138,0.05294717605,0.5959121525,0.3177740992,0,-1.220626277,4.405802172,-3.183342413
51.46,-64.99815966,0.0529470459,0.5959123214,0.3177739732,0,-1.220617816,4.405788473,-3.183347897
51.47,-64.99817783,0.05294691644,0.5959124908,0.3177738469,0,-1.220609402,4.405774798,-3.183353349
51.48,-64.9981959,0.05294678765,0.5959126608,0.3177737204,0,-1.220601035,4.405761147,-3.183358769
51.49,-64.99821386,0.05294665953,0.5959128314,0.3177735935,0,-1.220592714,4.40574752,-3.183364157
51.5,-64.99823171,0.05294653209,0.5959130024,0.3177734664,0,-1.220584441,4.405733917,-3.183369513
51.51,-64.99824946,0.05294640533,0.595913174,0.317773339,0,-1.220576214,4.405720339,-3.183374837
51.52,-64.9982671,0.05294627924,0.5959133462,0.3177732114,0,-1.220568033,4.405706785,-3.183380129
51.53,-64.99828463,0.05294615382,0.5959135188,0.3177730835,0,-1.220559899,4.405693256,-3.183385389
51.54,-64.99830206,0.05294602908,0.595913692,0.3177729554,0,-1.220551812,4.405679752,-3.183390617
51.55,-64.99831938,0.05294590502,0.5959138656,0.3177728269,0,-1.220543771,4.405666273,-3.183395813
51.56,-64.99833659,0.05294578162,0.5959140398,0.3177726983,0,-1.220535777,4.40565282,-3.183400977
51.57,-64.9983537,0.0529456589,0.5959142145,0.3177725694,0,-1.220527829,4.405639391,-3.183406109
51.58,-64.9983707,0.05294553685,0.5959143897,0.3177724403,0,-1.220519928,4.405625989,-3.18341121
51.59,-64.99838759,0.05294541548,0.5959145653,0.3177723109,0,-1.220512073,4.405612611,-3.183416278
51.6,-64.99840438,0.05294529477,0.5959147415,0.3177721813,0,-1.220504265,4.40559926,-3.183421315
51.61,-64.99842107,0.05294517474,0.5959149181,0.3177720514,0,-1.220496502,4.405585935,-3.18342632
51.62,-64.99843765,0.05294505538,0.5959150952,0.3177719213,0,-1.220488786,4.405572636,-3.183431294
51.63,-64.99845412,0.05294493669,0.5959152728,0.317771791,0,-1.220481117,4.405559363,-3.183436236
51.64,-64.99847049,0.05294481866,0.5959154508,0.3177716605,0,-1.220473493,4.405546116,-3.183441146
51.65,-64.99848675,0.05294470131,0.5959156293,0.3177715298,0,-1.220465916,4.405532896,-3.183446024
51.66,-64.99850291,0.05294458462,0.5959158082,0.3177713988,0,-1.220458384,4.405519703,-3.183450872
51.67,-64.99851896,0.05294446861,0.5959159876,0.3177712676,0,-1.220450899,4.405506536,-3.183455687
51.68,-64.9985349,0.05294435326,0.5959161675,0.3177711362,0,-1.22044346,4.405493397,-3.183460471
51.69,-64.99855075,0.05294423858,0.5959163478,0.3177710047,0,-1.220436066,4.405480284,-3.183465224
51.7,-64.99856648,0.05294412456,0.5959165285,0.3177708729,0,-1.220428719,4.405467199,-3.183469945
51.71,-64.99858212,0.05294401121,0.5959167097,0.3177707409,0,-1.220421417,4.405454141,-3.183474635
51.72,-64.99859765,0.05294389853,0.5959168913,0.3177706087,0,-1.220414161,4.405441111,-3.183479294
51.73,-64.99861307,0.05294378651,0.5959170733,0.3177704763,0,-1.220406951,4.405428108,-3.183483921
51.74,-64.99862839,0.05294367515,0.5959172557,0.3177703438,0,-1.220399787,4.405415133,-3.183488517
51.75,-64.99864361,0.05294356446,0.5959174385,0.317770211,0,-1.220392668,4.405402186,-3.183493082
51.76,-64.99865872,0.05294345444,0.5959176218,0.3177700781,0,-1.220385595,4.405389267,-3.183497616
51.77,-64.99867373,0.05294334507,0.5959178054,0.317769945,0,-1.220378568,4.405376377,-3.183502118
51.78,-64.99868863,0.05294323637,0.5959179895,0.3177698117,0,-1.220371586,4.405363514,-3.18350659
51.79,-64.99870344,0.05294312832,0.5959181739,0.3177696782,0,-1.220364649,4.40535068,-3.183511031
51.8,-64.99871813,0.05294302094,0.5959183588,0.3177695446,0,-1.220357758,4.405337875,-3.18351544
51.81,-64.99873273,0.05294291422,0.595918544,0.3177694108,0,-1.220350912,4.405325098,-3.183519819
51.82,-64.99874722,0.05294280816,0.5959187296,0.3177692768,0,-1.220344112,4.40531235,-3.183524166
51.83,-64.99876161,0.05294270275,0.5959189155,0.3177691427,0,-1.220337357,4.405299631,-3.183528483
51.84,-64.9987759,0.05294259801,0.5959191019,0.3177690085,0,-1.220330647,4.405286941,-3.183532769
51.85,-64.99879008,0.05294249392,0.5959192886,0.317768874,0,-1.220323982,4.40527428,-3.183537024
51.86,-64.99880416,0.05294239048,0.5959194756,0.3177687395,0,-1.220317362,4.405261648,-3.183541249
51.87,-64.99881814,0.05294228771,0.5959196631,0.3177686047,0,-1.220310787,4.405249046,-3.183545442
51.88,-64.99883202,0.05294218558,0.5959198508,0.3177684699,0,-1.220304257,4.405236474,-3.183549606
51.89,-64.99884579,0.05294208412,0.595920039,0.3177683348,0,-1.220297772,4.405223931,-3.183553738
51.9,-64.99885947,0.0529419833,0.5959202274,0.3177681997,0,-1.220291332,4.405211417,-3.18355784
51.91,-64.99887304,0.05294188314,0.5959204162,0.3177680644,0,-1.220284936,4.405198934,-3.183561912
51.92,-64.99888651,0.05294178363,0.5959206054,0.317767929,0,-1.220278586,4.405186481,-3.183565953
51.93,-64.99889988,0.05294168477,0.5959207948,0.3177677935,0,-1.22027228,4.405174058,-3.183569963
51.94,-64.99891315,0.05294158656,0.5959209846,0.3177676578,0,-1.220266018,4.405161664,-3.183573944
51.95,-64.99892631,0.05294148901,0.5959211747,0.317767522,0,-1.220259801,4.405149302,-3.183577894
51.96,-64.99893938,0.0529413921,0.5959213651,0.3177673861,0,-1.220253629,4.40513697,-3.183581813
51.97,-64.99895234,0.05294129583,0.5959215559,0.3177672501,0,-1.220247501,4.405124668,-3.183585703
51.98,-64.99896521,0.05294120022,0.5959217469,0.3177671139,0,-1.220241417,4.405112397,-3.183589562
51.99,-64.99897797,0.05294110525,0.5959219383,0.3177669777,0,-1.220235377,4.405100156,-3.183593391
52,-64.99899063,0.05294101093,0.5959221299,0.3177668413,0,-1.220229382,4.405087947,-3.18359719
52.01,-64.9990032,0.05294091725,0.5959223218,0.3177667049,0,-1.220223431,4.405075769,-3.18360096
52.02,-64.99901566,0.05294082422,0.595922514,0.3177665683,0,-1.220217524,4.405063621,-3.183604699
52.03,-64.99902803,0.05294073183,0.5959227065,0.3177664316,0,-1.220211661,4.405051505,-3.183608408
52.04,-64.99904029,0.05294064008,0.5959228993,0.3177662949,0,-1.220205842,4.40503942,-3.183612087
52.05,-64.99905246,0.05294054897,0.5959230924,0.317766158,0,-1.220200066,4.405027367,-3.183615737
52.06,-64.99906452,0.0529404585,0.5959232857,0.3177660211,0,-1.220194335,4.405015344,-3.183619357
52.07,-64.99907649,0.05294036868,0.5959234793,0.3177658841,0,-1.220188647,4.405003354,-3.183622947
52.08,-64.99908836,0.05294027949,0.5959236732,0.317765747,0,-1.220183003,4.404991395,-3.183626507
52.09,-64.99910013,0.05294019094,0.5959238673,0.3177656098,0,-1.220177402,4.404979468,-3.183630038
52.1,-64.9991118,0.05294010302,0.5959240616,0.3177654725,0,-1.220171845,4.404967573,-3.183633539
52.11,-64.99912337,0.05294001574,0.5959242563,0.3177653352,0,-1.220166332,4.40495571,-3.183637011
52.12,-64.99913485,0.0529399291,0.5959244511,0.3177651978,0,-1.220160862,4.404943879,-3.183640454
52.13,-64.99914622,0.05293984309,0.5959246462,0.3177650603,0,-1.220155435,4.40493208,-3.183643867
52.14,-64.9991575,0.05293975771,0.5959248416,0.3177649227,0,-1.220150051,4.404920313,-3.18364725
52.15,-64.99916868,0.05293967297,0.5959250371,0.3177647851,0,-1.220144711,4.404908578,-3.183650605
52.16,-64.99917977,0.05293958885,0.5959252329,0.3177646475,0,-1.220139413,4.404896876,-3.18365393
52.17,-64.99919075,0.05293950537,0.5959254289,0.3177645097,0,-1.220134159,4.404885207,-3.183657226
52.18,-64.99920164,0.05293942252,0.5959256252,0.317764372,0,-1.220128947,4.40487357,-3.183660493
52.19,-64.99921244,0.05293934029,0.5959258216,0.3177642341,0,-1.220123779,4.404861966,-3.183663731
52.2,-64.99922313,0.05293925869,0.5959260183,0.3177640962,0,-1.220118653,4.404850394,-3.18366694
52.21,-64.99923373,0.05293917772,0.5959262152,0.3177639583,0,-1.22011357,4.404838856,-3.18367012
52.22,-64.99924424,0.05293909737,0.5959264122,0.3177638203,0,-1.220108529,4.40482735,-3.183673271
52.23,-64.99925464,0.05293901764,0.5959266095,0.3177636823,0,-1.220103531,4.404815878,-3.183676393
52.24,-64.99926495,0.05293893854,0.595926807,0.3177635443,0,-1.220098575,4.404804438,-3.183679486
52.25,-64.99927517,0.05293886006,0.5959270046,0.3177634062,0,-1.220093662,4.404793032,-3.183682551
52.26,-64.99928529,0.0529387822,0.5959272025,0.3177632681,0,-1.220088791,4.404781659,-3.183685587
52.27,-64.99929532,0.05293870496,0.5959274005,0.3177631299,0,-1.220083963,4.404770319,-3.183688595
52.28,-64.99930525,0.05293862834,0.5959275987,0.3177629917,0,-1.220079176,4.404759013,-3.183691574
52.29,-64.99931508,0.05293855234,0.5959277971,0.3177628535,0,-1.220074432,4.40474774,-3.183694525
52.3,-64.99932482,0.05293847696,0.5959279956,0.3177627153,0,-1.22006973,4.404736501,-3.183697447
52.31,-64.99933447,0.05293840219,0.5959281943,0.3177625771,0,-1.220065069,4.404725296,-3.18370034
52.32,-64.99934402,0.05293832803,0.5959283932,0.3177624388,0,-1.22006045,4.404714124,-3.183703206
52.33,-64.99935348,0.05293825449,0.5959285922,0.3177623005,0,-1.220055873,4.404702986,-3.183706043
52.34,-64.99936284,0.05293818156,0.5959287914,0.3177621623,0,-1.220051338,4.404691882,-3.183708852
52.35,-64.99937211,0.05293810924,0.5959289907,0.317762024,0,-1.220046844,4.404680812,-3.183711633
52.36,-64.99938129,0.05293803753,0.5959291901,0.3177618857,0,-1.220042392,4.404669776,-3.183714386
52.37,-64.99939037,0.05293796643,0.5959293897,0.3177617474,0,-1.220037981,4.404658773,-3.183717111
52.38,-64.99939936,0.05293789594,0.5959295895,0.3177616091,0,-1.220033612,4.404647806,-3.183719809
52.39,-64.99940826,0.05293782605,0.5959297894,0.3177614708,0,-1.220029284,4.404636872,-3.183722478
52.4,-64.99941706,0.05293775677,0.5959299894,0.3177613325,0,-1.220024997,4.404625973,-3.183725119
52.41,-64.99942578,0.0529376881,0.5959301895,0.3177611942,0,-1.220020751,4.404615108,-3.183727733
52.42,-64.9994344,0.05293762003,0.5959303898,0.3177610559,0,-1.220016546,4.404604277,-3.183730319
52.43,-64.99944292,0.05293755256,0.5959305901,0.3177609177,0,-1.220012381,4.404593481,-3.183732877
52.44,-64.99945136,0.05293748569,0.5959307906,0.3177607794,0,-1.220008258,4.404582719,-3.183735408
52.45,-64.99945971,0.05293741942,0.5959309912,0.3177606412,0,-1.220004176,4.404571993,-3.183737912
52.46,-64.99946796,0.05293735375,0.5959311919,0.317760503,0,-1.220000134,4.4045613,-3.183740388
52.47,-64.99947612,0.05293728867,0.5959313927,0.3177603648,0,-1.219996132,4.404550643,-3.183742837
52.48,-64.99948419,0.05293722419,0.5959315936,0.3177602266,0,-1.219992171,4.40454002,-3.183745258
52.49,-64.99949217,0.05293716031,0.5959317946,0.3177600885,0,-1.219988251,4.404529432,-3.183747652
52.5,-64.99950006,0.05293709702,0.5959319956,0.3177599504,0,-1.21998437,4.404518879,-3.183750019
52.51,-64.99950786,0.05293703433,0.5959321968,0.3177598123,0,-1.21998053,4.404508362,-3.183752359
52.52,-64.99951557,0.05293697222,0.595932398,0.3177596743,0,-1.21997673,4.404497879,-3.183754672
52.53,-64.99952319,0.05293691071,0.5959325994,0.3177595363,0,-1.21997297,4.404487431,-3.183756958
52.54,-64.99953072,0.05293684978,0.5959328008,0.3177593984,0,-1.21996925,4.404477018,-3.183759217
52.55,-64.99953816,0.05293678944,0.5959330022,0.3177592604,0,-1.21996557,4.404466641,-3.183761449
52.56,-64.99954552,0.05293672969,0.5959332038,0.3177591226,0,-1.219961929,4.404456298,-3.183763655
52.57,-64.99955278,0.05293667052,0.5959334054,0.3177589847,0,-1.219958328,4.404445991,-3.183765834
52.58,-64.99955995,0.05293661193,0.595933607,0.317758847,0,-1.219954767,4.40443572,-3.183767986
52.59,-64.99956704,0.05293655393,0.5959338088,0.3177587093,0,-1.219951245,4.404425484,-3.183770111
52.6,-64.99957404,0.05293649651,0.5959340105,0.3177585716,0,-1.219947762,4.404415283,-3.183772211
52.61,-64.99958094,0.05293643967,0.5959342123,0.317758434,0,-1.219944319,4.404405118,-3.183774283
52.62,-64.99958777,0.05293638341,0.5959344142,0.3177582964,0,-1.219940915,4.404394988,-3.18377633
52.63,-64.9995945,0.05293632773,0.5959346161,0.3177581589,0,-1.21993755,4.404384894,-3.18377835
52.64,-64.99960115,0.05293627262,0.595934818,0.3177580215,0,-1.219934224,4.404374835,-3.183780344
52.65,-64.9996077,0.05293621809,0.59593502,0.3177578842,0,-1.219930937,4.404364813,-3.183782311
52.66,-64.99961418,0.05293616413,0.595935222,0.3177577469,0,-1.219927688,4.404354825,-3.183784253
52.67,-64.99962056,0.05293611074,0.595935424,0.3177576097,0,-1.219924479,4.404344874,-3.183786169
52.68,-64.99962686,0.05293605792,0.5959356261,0.3177574725,0,-1.219921307,4.404334959,-3.183788058
52.69,-64.99963307,0.05293600568,0.5959358282,0.3177573355,0,-1.219918175,4.404325079,-3.183789922
52.7,-64.9996392,0.052935954,0.5959360303,0.3177571985,0,-1.219915081,4.404315235,-3.18379176
52.71,-64.99964524,0.05293590288,0.5959362324,0.3177570616,0,-1.219912025,4.404305427,-3.183793573
52.72,-64.9996512,0.05293585234,0.5959364345,0.3177569247,0,-1.219909007,4.404295656,-3.183795359
52.73,-64.99965707,0.05293580236,0.5959366366,0.317756788,0,-1.219906028,4.40428592,-3.18379712
52.74,-64.99966285,0.05293575294,0.5959368387,0.3177566513,0,-1.219903086,4.40427622,-3.183798856
52.75,-64.99966855,0.05293570408,0.5959370408,0.3177565148,0,-1.219900183,4.404266556,-3.183800566
52.76,-64.99967417,0.05293565578,0.5959372429,0.3177563783,0,-1.219897317,4.404256929,-3.183802251
52.77,-64.9996797,0.05293560804,0.595937445,0.3177562419,0,-1.219894489,4.404247337,-3.18380391
52.78,-64.99968515,0.05293556086,0.5959376471,0.3177561056,0,-1.219891699,4.404237782,-3.183805545
52.79,-64.99969051,0.05293551424,0.5959378492,0.3177559694,0,-1.219888946,4.404228263,-3.183807154
52.8,-64.99969579,0.05293546816,0.5959380513,0.3177558333,0,-1.21988623,4.40421878,-3.183808738
52.81,-64.99970099,0.05293542265,0.5959382533,0.3177556973,0,-1.219883552,4.404209334,-3.183810296
52.82,-64.9997061,0.05293537768,0.5959384553,0.3177555615,0,-1.219880911,4.404199924,-3.18381183
52.83,-64.99971113,0.05293533327,0.5959386573,0.3177554257,0,-1.219878307,4.40419055,-3.18381334
52.84,-64.99971608,0.0529352894,0.5959388592,0.31775529,0,-1.219875741,4.404181212,-3.183814824
52.85,-64.99972094,0.05293524608,0.5959390612,0.3177551545,0,-1.219873211,4.404171911,-3.183816283
52.86,-64.99972573,0.05293520331,0.595939263,0.317755019,0,-1.219870718,4.404162647,-3.183817718
52.87,-64.99973043,0.05293516108,0.5959394649,0.3177548837,0,-1.219868262,4.404153419,-3.183819129
52.88,-64.99973505,0.0529351194,0.5959396667,0.3177547485,0,-1.219865842,4.404144227,-3.183820515
52.89,-64.99973959,0.05293507826,0.5959398684,0.3177546134,0,-1.219863459,4.404135072,-3.183821876
52.9,-64.99974404,0.05293503766,0.5959400701,0.3177544784,0,-1.219861112,4.404125953,-3.183823213
52.91,-64.99974842,0.0529349976,0.5959402717,0.3177543436,0,-1.219858802,4.404116871,-3.183824526
52.92,-64.99975271,0.05293495807,0.5959404733,0.3177542088,0,-1.219856527,4.404107826,-3.183825814
52.93,-64.99975693,0.05293491909,0.5959406748,0.3177540742,0,-1.219854289,4.404098817,-3.183827079
52.94,-64.99976106,0.05293488063,0.5959408762,0.3177539398,0,-1.219852087,4.404089845,-3.183828319
52.95,-64.99976512,0.05293484272,0.5959410776,0.3177538054,0,-1.219849921,4.404080909,-3.183829535
52.96,-64.99976909,0.05293480533,0.5959412789,0.3177536712,0,-1.21984779,4.40407201,-3.183830728
52.97,-64.99977299,0.05293476847,0.5959414801,0.3177535372,0,-1.219845696,4.404063148,-3.183831896
52.98,-64.9997768,0.05293473214,0.5959416813,0.3177534032,0,-1.219843636,4.404054322,-3.183833041
52.99,-64.99978054,0.05293469634,0.5959418824,0.3177532694,0,-1.219841613,4.404045534,-3.183834162
53,-64.9997842,0.05293466107,0.5959420834,0.3177531358,0,-1.219839624,4.404036782,-3.18383526
53.01,-64.99978778,0.05293462632,0.5959422843,0.3177530023,0,-1.219837671,4.404028066,-3.183836334
53.02,-64.99979128,0.0529345921,0.5959424851,0.3177528689,0,-1.219835753,4.404019388,-3.183837384
53.03,-64.9997947,0.05293455839,0.5959426858,0.3177527357,0,-1.21983387,4.404010746,-3.183838411
53.04,-64.99979805,0.05293452521,0.5959428864,0.3177526027,0,-1.219832022,4.404002141,-3.183839415
53.05,-64.99980132,0.05293449255,0.5959430869,0.3177524697,0,-1.219830209,4.403993573,-3.183840395
53.06,-64.99980451,0.0529344604,0.5959432873,0.317752337,0,-1.219828431,4.403985041,-3.183841353
53.07,-64.99980762,0.05293442877,0.5959434876,0.3177522044,0,-1.219826687,4.403976547,-3.183842287
53.08,-64.99981066,0.05293439765,0.5959436878,0.3177520719,0,-1.219824978,4.403968089,-3.183843198
53.09,-64.99981362,0.05293436704,0.5959438879,0.3177519396,0,-1.219823303,4.403959668,-3.183844087
53.1,-64.99981651,0.05293433695,0.5959440879,0.3177518075,0,-1.219821663,4.403951284,-3.183844952
53.11,-64.99981932,0.05293430737,0.5959442878,0.3177516755,0,-1.219820057,4.403942937,-3.183845795
53.12,-64.99982205,0.05293427829,0.5959444875,0.3177515437,0,-1.219818484,4.403934627,-3.183846614
53.13,-64.99982471,0.05293424973,0.5959446871,0.3177514121,0,-1.219816946,4.403926354,-3.183847412
53.14,-64.99982729,0.05293422166,0.5959448866,0.3177512806,0,-1.219815442,4.403918117,-3.183848187
53.15,-64.9998298,0.0529341941,0.5959450859,0.3177511493,0,-1.219813971,4.403909918,-3.183848939
53.16,-64.99983223,0.05293416705,0.5959452852,0.3177510182,0,-1.219812534,4.403901755,-3.183849669
53.17,-64.99983459,0.05293414049,0.5959454843,0.3177508872,0,-1.219811131,4.40389363,-3.183850376
53.18,-64.99983687,0.05293411443,0.5959456832,0.3177507564,0,-1.219809761,4.403885541,-3.183851061
53.19,-64.99983908,0.05293408887,0.595945882,0.3177506258,0,-1.219808424,4.403877489,-3.183851724
53.2,-64.99984122,0.05293406381,0.5959460807,0.3177504954,0,-1.219807121,4.403869474,-3.183852365
53.21,-64.99984328,0.05293403924,0.5959462792,0.3177503651,0,-1.219805851,4.403861496,-3.183852984
53.22,-64.99984527,0.05293401517,0.5959464776,0.3177502351,0,-1.219804614,4.403853555,-3.183853581
53.23,-64.99984719,0.05293399158,0.5959466758,0.3177501052,0,-1.219803409,4.40384565,-3.183854157
53.24,-64.99984903,0.05293396849,0.5959468738,0.3177499755,0,-1.219802238,4.403837783,-3.18385471
53.25,-64.99985081,0.05293394588,0.5959470717,0.3177498459,0,-1.219801099,4.403829953,-3.183855242
53.26,-64.99985251,0.05293392376,0.5959472695,0.3177497166,0,-1.219799992,4.403822159,-3.183855752
53.27,-64.99985413,0.05293390213,0.5959474671,0.3177495875,0,-1.219798918,4.403814403,-3.18385624
53.28,-64.99985569,0.05293388098,0.5959476645,0.3177494585,0,-1.219797877,4.403806683,-3.183856707
53.29,-64.99985718,0.05293386031,0.5959478617,0.3177493298,0,-1.219796868,4.403799,-3.183857153
53.3,-64.99985859,0.05293384012,0.5959480588,0.3177492012,0,-1.21979589,4.403791354,-3.183857577
53.31,-64.99985993,0.05293382041,0.5959482557,0.3177490729,0,-1.219794945,4.403783745,-3.18385798
53.32,-64.99986121,0.05293380118,0.5959484524,0.3177489447,0,-1.219794032,4.403776173,-3.183858362
53.33,-64.99986241,0.05293378243,0.5959486489,0.3177488167,0,-1.21979315,4.403768638,-3.183858723
53.34,-64.99986354,0.05293376415,0.5959488453,0.317748689,0,-1.2197923,4.40376114,-3.183859063
53.35,-64.9998646,0.05293374634,0.5959490414,0.3177485614,0,-1.219791482,4.403753678,-3.183859381
53.36,-64.9998656,0.052933729,0.5959492374,0.3177484341,0,-1.219790695,4.403746254,-3.183859679
53.37,-64.99986652,0.05293371214,0.5959494332,0.3177483069,0,-1.21978994,4.403738866,-3.183859957
53.38,-64.99986738,0.05293369574,0.5959496288,0.31774818,0,-1.219789216,4.403731515,-3.183860213
53.39,-64.99986816,0.0529336798,0.5959498242,0.3177480533,0,-1.219788522,4.403724201,-3.183860449
53.4,-64.99986888,0.05293366434,0.5959500194,0.3177479267,0,-1.21978786,4.403716924,-3.183860665
53.41,-64.99986953,0.05293364933,0.5959502144,0.3177478004,0,-1.219787229,4.403709683,-3.18386086
53.42,-64.99987011,0.05293363479,0.5959504092,0.3177476743,0,-1.219786628,4.403702479,-3.183861034
53.43,-64.99987063,0.0529336207,0.5959506038,0.3177475485,0,-1.219786059,4.403695312,-3.183861189
53.44,-64.99987108,0.05293360708,0.5959507982,0.3177474228,0,-1.219785519,4.403688182,-3.183861323
53.45,-64.99987146,0.05293359391,0.5959509923,0.3177472974,0,-1.21978501,4.403681089,-3.183861437
53.46,-64.99987177,0.0529335812,0.5959511863,0.3177471721,0,-1.219784532,4.403674032,-3.183861531
53.47,-64.99987202,0.05293356894,0.59595138,0.3177470471,0,-1.219784083,4.403667012,-3.183861605
53.48,-64.9998722,0.05293355713,0.5959515736,0.3177469224,0,-1.219783665,4.403660029,-3.183861659
53.49,-64.99987231,0.05293354578,0.5959517669,0.3177467978,0,-1.219783277,4.403653082,-3.183861693
53.5,-64.99987236,0.05293353487,0.5959519599,0.3177466735,0,-1.219782919,4.403646172,-3.183861707
53.51,-64.99987234,0.05293352441,0.5959521528,0.3177465494,0,-1.21978259,4.403639299,-3.183861702
53.52,-64.99987226,0.05293351439,0.5959523454,0.3177464255,0,-1.219782291,4.403632462,-3.183861677
53.53,-64.99987211,0.05293350482,0.5959525378,0.3177463019,0,-1.219782022,4.403625662,-3.183861633
53.54,-64.9998719,0.05293349569,0.59595273,0.3177461785,0,-1.219781782,4.403618899,-3.183861569
53.55,-64.99987162,0.052933487,0.5959529219,0.3177460553,0,-1.219781571,4.403612172,-3.183861486
53.56,-64.99987128,0.05293347875,0.5959531136,0.3177459323,0,-1.219781389,4.403605481,-3.183861384
53.57,-64.99987088,0.05293347094,0.595953305,0.3177458096,0,-1.219781237,4.403598828,-3.183861263
53.58,-64.99987041,0.05293346357,0.5959534962,0.3177456872,0,-1.219781113,4.40359221,-3.183861122
53.59,-64.99986988,0.05293345662,0.5959536872,0.3177455649,0,-1.219781019,4.403585629,-3.183860963
53.6,-64.99986928,0.05293345011,0.5959538779,0.3177454429,0,-1.219780953,4.403579085,-3.183860784
53.61,-64.99986862,0.05293344404,0.5959540684,0.3177453212,0,-1.219780915,4.403572577,-3.183860587
53.62,-64.9998679,0.05293343839,0.5959542586,0.3177451997,0,-1.219780906,4.403566105,-3.183860371
53.63,-64.99986712,0.05293343317,0.5959544485,0.3177450784,0,-1.219780926,4.40355967,-3.183860136
53.64,-64.99986627,0.05293342837,0.5959546382,0.3177449574,0,-1.219780974,4.403553271,-3.183859882
53.65,-64.99986537,0.052933424,0.5959548277,0.3177448366,0,-1.21978105,4.403546909,-3.18385961
53.66,-64.9998644,0.05293342005,0.5959550169,0.3177447161,0,-1.219781154,4.403540583,-3.18385932
53.67,-64.99986337,0.05293341653,0.5959552058,0.3177445958,0,-1.219781286,4.403534293,-3.183859011
53.68,-64.99986228,0.05293341342,0.5959553944,0.3177444758,0,-1.219781445,4.403528039,-3.183858684
53.69,-64.99986113,0.05293341073,0.5959555828,0.317744356,0,-1.219781633,4.403521821,-3.183858338
53.7,-64.99985992,0.05293340846,0.5959557709,0.3177442365,0,-1.219781848,4.40351564,-3.183857975
53.71,-64.99985864,0.0529334066,0.5959559588,0.3177441172,0,-1.21978209,4.403509495,-3.183857593
53.72,-64.99985731,0.05293340515,0.5959561463,0.3177439982,0,-1.21978236,4.403503386,-3.183857194
53.73,-64.99985592,0.05293340412,0.5959563336,0.3177438794,0,-1.219782657,4.403497313,-3.183856776
53.74,-64.99985447,0.05293340349,0.5959565207,0.3177437609,0,-1.219782982,4.403491276,-3.183856341
53.75,-64.99985296,0.05293340328,0.5959567074,0.3177436426,0,-1.219783333,4.403485275,-3.183855888
53.76,-64.99985139,0.05293340347,0.5959568938,0.3177435247,0,-1.219783711,4.40347931,-3.183855417
53.77,-64.99984976,0.05293340406,0.59595708,0.3177434069,0,-1.219784116,4.403473381,-3.183854929
53.78,-64.99984808,0.05293340506,0.5959572659,0.3177432895,0,-1.219784547,4.403467488,-3.183854423
53.79,-64.99984633,0.05293340646,0.5959574515,0.3177431723,0,-1.219785005,4.403461631,-3.1838539
53.8,-64.99984453,0.05293340826,0.5959576368,0.3177430553,0,-1.21978549,4.40345581,-3.18385336
53.81,-64.99984267,0.05293341045,0.5959578218,0.3177429387,0,-1.219786001,4.403450025,-3.183852802
53.82,-64.99984076,0.05293341305,0.5959580065,0.3177428222,0,-1.219786538,4.403444275,-3.183852227
53.83,-64.99983878,0.05293341603,0.5959581909,0.3177427061,0,-1.219787101,4.403438561,-3.183851635
53.84,-64.99983675,0.05293341942,0.5959583751,0.3177425902,0,-1.21978769,4.403432883,-3.183851026
53.85,-64.99983467,0.05293342319,0.5959585589,0.3177424746,0,-1.219788305,4.403427241,-3.1838504
53.86,-64.99983252,0.05293342735,0.5959587424,0.3177423593,0,-1.219788945,4.403421634,-3.183849757
53.87,-64.99983033,0.0529334319,0.5959589256,0.3177422443,0,-1.219789612,4.403416062,-3.183849098
53.88,-64.99982807,0.05293343684,0.5959591085,0.3177421295,0,-1.219790303,4.403410527,-3.183848422
53.89,-64.99982576,0.05293344216,0.5959592911,0.317742015,0,-1.219791021,4.403405027,-3.183847729
53.9,-64.9998234,0.05293344787,0.5959594734,0.3177419007,0,-1.219791763,4.403399562,-3.183847019
53.91,-64.99982098,0.05293345395,0.5959596554,0.3177417868,0,-1.219792531,4.403394133,-3.183846293
53.92,-64.9998185,0.05293346042,0.595959837,0.3177416731,0,-1.219793323,4.403388739,-3.183845551
53.93,-64.99981598,0.05293346726,0.5959600184,0.3177415597,0,-1.219794141,4.40338338,-3.183844793
53.94,-64.99981339,0.05293347449,0.5959601994,0.3177414466,0,-1.219794983,4.403378057,-3.183844018
53.95,-64.99981076,0.05293348208,0.5959603801,0.3177413337,0,-1.21979585,4.403372769,-3.183843227
53.96,-64.99980807,0.05293349005,0.5959605605,0.3177412212,0,-1.219796742,4.403367516,-3.18384242
53.97,-64.99980532,0.05293349839,0.5959607406,0.3177411089,0,-1.219797658,4.403362299,-3.183841597
53.98,-64.99980253,0.0529335071,0.5959609203,0.3177409969,0,-1.219798599,4.403357117,-3.183840758
53.99,-64.99979968,0.05293351618,0.5959610997,0.3177408852,0,-1.219799563,4.403351969,-3.183839904
54,-64.99979678,0.05293352563,0.5959612788,0.3177407737,0,-1.219800552,4.403346857,-3.183839033
54.01,-64.99979382,0.05293353544,0.5959614576,0.3177406626,0,-1.219801565,4.40334178,-3.183838147
54.02,-64.99979082,0.05293354562,0.595961636,0.3177405517,0,-1.219802602,4.403336738,-3.183837246
54.03,-64.99978776,0.05293355615,0.5959618141,0.3177404412,0,-1.219803662,4.40333173,-3.183836329
54.04,-64.99978465,0.05293356705,0.5959619918,0.3177403309,0,-1.219804746,4.403326758,-3.183835396
54.05,-64.99978149,0.0529335783,0.5959621692,0.3177402209,0,-1.219805854,4.40332182,-3.183834448
54.06,-64.99977828,0.05293358991,0.5959623463,0.3177401112,0,-1.219806985,4.403316917,-3.183833485
54.07,-64.99977502,0.05293360188,0.595962523,0.3177400018,0,-1.219808139,4.403312049,-3.183832507
54.08,-64.99977171,0.0529336142,0.5959626994,0.3177398927,0,-1.219809317,4.403307215,-3.183831514
54.09,-64.99976835,0.05293362687,0.5959628755,0.3177397839,0,-1.219810518,4.403302417,-3.183830505
54.1,-64.99976494,0.05293363989,0.5959630512,0.3177396754,0,-1.219811741,4.403297652,-3.183829482
54.11,-64.99976148,0.05293365326,0.5959632266,0.3177395671,0,-1.219812988,4.403292922,-3.183828444
54.12,-64.99975797,0.05293366698,0.5959634016,0.3177394592,0,-1.219814257,4.403288227,-3.183827391
54.13,-64.99975441,0.05293368104,0.5959635762,0.3177393516,0,-1.219815549,4.403283566,-3.183826324
54.14,-64.9997508,0.05293369544,0.5959637505,0.3177392442,0,-1.219816863,4.40327894,-3.183825241
54.15,-64.99974715,0.05293371019,0.5959639245,0.3177391372,0,-1.2198182,4.403274348,-3.183824145
54.16,-64.99974344,0.05293372527,0.5959640981,0.3177390304,0,-1.219819559,4.40326979,-3.183823033
54.17,-64.99973969,0.0529337407,0.5959642713,0.317738924,0,-1.21982094,4.403265266,-3.183821908
54.18,-64.99973589,0.05293375646,0.5959644442,0.3177388178,0,-1.219822343,4.403260776,-3.183820768
54.19,-64.99973205,0.05293377256,0.5959646167,0.317738712,0,-1.219823768,4.403256321,-3.183819614
54.2,-64.99972815,0.05293378899,0.5959647889,0.3177386065,0,-1.219825215,4.403251899,-3.183818446
54.21,-64.99972421,0.05293380575,0.5959649607,0.3177385012,0,-1.219826684,4.403247512,-3.183817263
54.22,-64.99972022,0.05293382284,0.5959651321,0.3177383963,0,-1.219828174,4.403243159,-3.183816067
54.23,-64.99971619,0.05293384026,0.5959653032,0.3177382917,0,-1.219829685,4.403238839,-3.183814857
54.24,-64.99971211,0.05293385801,0.5959654739,0.3177381873,0,-1.219831219,4.403234553,-3.183813633
54.25,-64.99970798,0.05293387608,0.5959656442,0.3177380833,0,-1.219832773,4.403230301,-3.183812395
54.26,-64.99970381,0.05293389448,0.5959658142,0.3177379796,0,-1.219834348,4.403226083,-3.183811144
54.27,-64.9996996,0.05293391319,0.5959659838,0.3177378762,0,-1.219835945,4.403221898,-3.183809879
54.28,-64.99969533,0.05293393223,0.595966153,0.3177377731,0,-1.219837562,4.403217748,-3.1838086
54.29,-64.99969103,0.05293395159,0.5959663218,0.3177376703,0,-1.2198392,4.40321363,-3.183807308
54.3,-64.99968668,0.05293397126,0.5959664903,0.3177375679,0,-1.219840859,4.403209546,-3.183806003
54.31,-64.99968228,0.05293399125,0.5959666584,0.3177374657,0,-1.219842538,4.403205496,-3.183804684
54.32,-64.99967784,0.05293401155,0.5959668261,0.3177373638,0,-1.219844238,4.403201478,-3.183803353
54.33,-64.99967336,0.05293403216,0.5959669934,0.3177372623,0,-1.219845958,4.403197495,-3.183802008
54.34,-64.99966883,0.05293405309,0.5959671604,0.3177371611,0,-1.219847698,4.403193544,-3.18380065
54.35,-64.99966426,0.05293407432,0.5959673269,0.3177370601,0,-1.219849458,4.403189627,-3.183799279
54.36,-64.99965965,0.05293409586,0.5959674931,0.3177369595,0,-1.219851239,4.403185742,-3.183797895
54.37,-64.999655,0.0529341177,0.5959676589,0.3177368593,0,-1.219853039,4.403181891,-3.183796499
54.38,-64.9996503,0.05293413985,0.5959678243,0.3177367593,0,-1.219854859,4.403178073,-3.183795089
54.39,-64.99964556,0.0529341623,0.5959679893,0.3177366596,0,-1.219856698,4.403174288,-3.183793667
54.4,-64.99964078,0.05293418505,0.595968154,0.3177365603,0,-1.219858558,4.403170536,-3.183792233
54.41,-64.99963595,0.0529342081,0.5959683182,0.3177364612,0,-1.219860436,4.403166816,-3.183790786
54.42,-64.99963109,0.05293423145,0.5959684821,0.3177363625,0,-1.219862334,4.403163129,-3.183789326
54.43,-64.99962618,0.05293425509,0.5959686455,0.3177362641,0,-1.219864251,4.403159475,-3.183787855
54.44,-64.99962124,0.05293427903,0.5959688086,0.3177361661,0,-1.219866187,4.403155854,-3.183786371
54.45,-64.99961625,0.05293430326,0.5959689713,0.3177360683,0,-1.219868142,4.403152265,-3.183784874
54.46,-64.99961122,0.05293432778,0.5959691335,0.3177359709,0,-1.219870116,4.403148709,-3.183783366
54.47,-64.99960615,0.05293435259,0.5959692954,0.3177358738,0,-1.219872109,4.403145185,-3.183781846
54.48,-64.99960105,0.05293437768,0.5959694569,0.317735777,0,-1.21987412,4.403141693,-3.183780314
54.49,-64.9995959,0.05293440306,0.595969618,0.3177356805,0,-1.21987615,4.403138234,-3.183778769
54.5,-64.99959071,0.05293442873,0.5959697787,0.3177355843,0,-1.219878198,4.403134807,-3.183777214
54.51,-64.99958549,0.05293445467,0.5959699389,0.3177354885,0,-1.219880265,4.403131413,-3.183775646
54.52,-64.99958022,0.0529344809,0.5959700988,0.317735393,0,-1.219882349,4.40312805,-3.183774067
54.53,-64.99957492,0.05293450741,0.5959702583,0.3177352978,0,-1.219884452,4.403124719,-3.183772476
54.54,-64.99956958,0.05293453419,0.5959704173,0.3177352029,0,-1.219886573,4.403121421,-3.183770873
54.55,-64.9995642,0.05293456126,0.595970576,0.3177351084,0,-1.219888711,4.403118154,-3.18376926
54.56,-64.99955878,0.05293458859,0.5959707342,0.3177350142,0,-1.219890868,4.403114919,-3.183767634
54.57,-64.99955333,0.0529346162,0.5959708921,0.3177349203,0,-1.219893042,4.403111716,-3.183765998
54.58,-64.99954784,0.05293464408,0.5959710495,0.3177348267,0,-1.219895233,4.403108545,-3.183764351
54.59,-64.99954231,0.05293467222,0.5959712065,0.3177347335,0,-1.219897442,4.403105405,-3.183762692
54.6,-64.99953674,0.05293470064,0.5959713631,0.3177346406,0,-1.219899668,4.403102297,-3.183761022
54.61,-64.99953114,0.05293472932,0.5959715193,0.317734548,0,-1.219901911,4.40309922,-3.183759342
54.62,-64.9995255,0.05293475827,0.5959716751,0.3177344557,0,-1.219904172,4.403096175,-3.18375765
54.63,-64.99951983,0.05293478748,0.5959718305,0.3177343638,0,-1.219906449,4.403093161,-3.183755948
54.64,-64.99951412,0.05293481695,0.5959719854,0.3177342722,0,-1.219908743,4.403090179,-3.183754235
54.65,-64.99950837,0.05293484668,0.5959721399,0.3177341809,0,-1.219911054,4.403087228,-3.183752511
54.66,-64.99950259,0.05293487667,0.595972294,0.31773409,0,-1.219913381,4.403084307,-3.183750777
54.67,-64.99949677,0.05293490692,0.5959724477,0.3177339994,0,-1.219915725,4.403081418,-3.183749032
54.68,-64.99949092,0.05293493742,0.595972601,0.3177339091,0,-1.219918086,4.40307856,-3.183747277
54.69,-64.99948504,0.05293496817,0.5959727539,0.3177338191,0,-1.219920462,4.403075733,-3.183745511
54.7,-64.99947912,0.05293499917,0.5959729063,0.3177337295,0,-1.219922855,4.403072937,-3.183743735
54.71,-64.99947316,0.05293503043,0.5959730583,0.3177336402,0,-1.219925264,4.403070172,-3.183741949
54.72,-64.99946718,0.05293506193,0.5959732099,0.3177335512,0,-1.219927689,4.403067437,-3.183740153
54.73,-64.99946116,0.05293509368,0.5959733611,0.3177334626,0,-1.21993013,4.403064733,-3.183738347
54.74,-64.9994551,0.05293512568,0.5959735118,0.3177333743,0,-1.219932586,4.403062059,-3.183736531
54.75,-64.99944901,0.05293515792,0.5959736621,0.3177332863,0,-1.219935058,4.403059417,-3.183734704
54.76,-64.99944289,0.0529351904,0.595973812,0.3177331987,0,-1.219937546,4.403056804,-3.183732868
54.77,-64.99943674,0.05293522313,0.5959739614,0.3177331114,0,-1.219940049,4.403054222,-3.183731023
54.78,-64.99943056,0.05293525609,0.5959741105,0.3177330244,0,-1.219942567,4.40305167,-3.183729167
54.79,-64.99942434,0.05293528929,0.5959742591,0.3177329378,0,-1.219945101,4.403049148,-3.183727302
54.8,-64.99941809,0.05293532272,0.5959744072,0.3177328515,0,-1.219947649,4.403046657,-3.183725428
54.81,-64.99941181,0.05293535639,0.595974555,0.3177327655,0,-1.219950213,4.403044195,-3.183723544
54.82,-64.9994055,0.05293539029,0.5959747023,0.3177326799,0,-1.219952791,4.403041764,-3.183721651
54.83,-64.99939916,0.05293542442,0.5959748491,0.3177325946,0,-1.219955385,4.403039362,-3.183719748
54.84,-64.99939279,0.05293545879,0.5959749956,0.3177325096,0,-1.219957993,4.403036991,-3.183717836
54.85,-64.99938638,0.05293549338,0.5959751416,0.3177324249,0,-1.219960615,4.403034649,-3.183715915
54.86,-64.99937995,0.05293552819,0.5959752872,0.3177323406,0,-1.219963252,4.403032337,-3.183713985
54.87,-64.99937349,0.05293556324,0.5959754323,0.3177322567,0,-1.219965903,4.403030054,-3.183712046
54.88,-64.99936699,0.0529355985,0.595975577,0.317732173,0,-1.219968569,4.403027801,-3.183710097
54.89,-64.99936047,0.05293563399,0.5959757213,0.3177320898,0,-1.219971248,4.403025577,-3.18370814
54.9,-64.99935392,0.05293566969,0.5959758651,0.3177320068,0,-1.219973942,4.403023383,-3.183706175
54.91,-64.99934733,0.05293570562,0.5959760085,0.3177319242,0,-1.219976649,4.403021218,-3.1837042
54.92,-64.99934072,0.05293574176,0.5959761514,0.3177318419,0,-1.219979371,4.403019082,-3.183702217
54.93,-64.99933408,0.05293577812,0.5959762939,0.3177317599,0,-1.219982106,4.403016975,-3.183700225
54.94,-64.99932742,0.05293581469,0.595976436,0.3177316783,0,-1.219984854,4.403014898,-3.183698225
54.95,-64.99932072,0.05293585147,0.5959765776,0.317731597,0,-1.219987616,4.403012849,-3.183696216
54.96,-64.999314,0.05293588847,0.5959767188,0.3177315161,0,-1.219990392,4.40301083,-3.183694199
54.97,-64.99930724,0.05293592567,0.5959768595,0.3177314355,0,-1.21999318,4.403008839,-3.183692173
54.98,-64.99930047,0.05293596308,0.5959769998,0.3177313552,0,-1.219995982,4.403006877,-3.18369014
54.99,-64.99929366,0.0529360007,0.5959771397,0.3177312753,0,-1.219998797,4.403004944,-3.183688098
55,-64.99928683,0.05293603852,0.5959772791,0.3177311957,0,-1.220001625,4.403003039,-3.183686048
55.01,-64.99927997,0.05293607654,0.5959774181,0.3177311165,0,-1.220004466,4.403001163,-3.18368399
55.02,-64.99927308,0.05293611477,0.5959775566,0.3177310375,0,-1.220007319,4.402999315,-3.183681924
55.03,-64.99926617,0.0529361532,0.5959776947,0.317730959,0,-1.220010186,4.402997495,-3.183679851
55.04,-64.99925923,0.05293619182,0.5959778323,0.3177308807,0,-1.220013064,4.402995704,-3.183677769
55.05,-64.99925227,0.05293623065,0.5959779695,0.3177308028,0,-1.220015955,4.402993941,-3.18367568
55.06,-64.99924528,0.05293626966,0.5959781062,0.3177307253,0,-1.220018859,4.402992206,-3.183673583
55.07,-64.99923826,0.05293630887,0.5959782425,0.317730648,0,-1.220021775,4.402990499,-3.183671478
55.08,-64.99923122,0.05293634828,0.5959783783,0.3177305712,0,-1.220024702,4.402988821,-3.183669366
55.09,-64.99922416,0.05293638787,0.5959785137,0.3177304946,0,-1.220027642,4.40298717,-3.183667247
55.1,-64.99921707,0.05293642766,0.5959786487,0.3177304184,0,-1.220030594,4.402985546,-3.18366512
55.11,-64.99920995,0.05293646763,0.5959787832,0.3177303425,0,-1.220033557,4.402983951,-3.183662986
55.12,-64.99920282,0.05293650779,0.5959789172,0.317730267,0,-1.220036533,4.402982383,-3.183660845
55.13,-64.99919565,0.05293654813,0.5959790508,0.3177301918,0,-1.22003952,4.402980843,-3.183658696
55.14,-64.99918847,0.05293658866,0.5959791839,0.317730117,0,-1.220042518,4.40297933,-3.18365654
55.15,-64.99918126,0.05293662936,0.5959793166,0.3177300424,0,-1.220045528,4.402977844,-3.183654378
55.16,-64.99917403,0.05293667025,0.5959794489,0.3177299683,0,-1.220048549,4.402976386,-3.183652208
55.17,-64.99916677,0.05293671132,0.5959795806,0.3177298944,0,-1.220051581,4.402974955,-3.183650031
55.18,-64.99915949,0.05293675257,0.595979712,0.3177298209,0,-1.220054625,4.402973551,-3.183647848
55.19,-64.99915219,0.05293679399,0.5959798428,0.3177297478,0,-1.220057679,4.402972174,-3.183645658
55.2,-64.99914487,0.05293683558,0.5959799733,0.317729675,0,-1.220060744,4.402970825,-3.183643461
55.21,-64.99913753,0.05293687735,0.5959801032,0.3177296025,0,-1.22006382,4.402969502,-3.183641258
55.22,-64.99913016,0.05293691929,0.5959802327,0.3177295303,0,-1.220066907,4.402968206,-3.183639048
55.23,-64.99912277,0.0529369614,0.5959803618,0.3177294585,0,-1.220070004,4.402966936,-3.183636831
55.24,-64.99911536,0.05293700368,0.5959804904,0.3177293871,0,-1.220073112,4.402965693,-3.183634608
55.25,-64.99910793,0.05293704612,0.5959806186,0.3177293159,0,-1.220076231,4.402964477,-3.183632379
55.26,-64.99910048,0.05293708873,0.5959807463,0.3177292451,0,-1.220079359,4.402963287,-3.183630144
55.27,-64.99909301,0.0529371315,0.5959808735,0.3177291747,0,-1.220082498,4.402962124,-3.183627902
55.28,-64.99908551,0.05293717444,0.5959810003,0.3177291046,0,-1.220085647,4.402960987,-3.183625654
55.29,-64.999078,0.05293721754,0.5959811266,0.3177290348,0,-1.220088806,4.402959876,-3.1836234
55.3,-64.99907047,0.0529372608,0.5959812525,0.3177289654,0,-1.220091974,4.402958791,-3.18362114
55.31,-64.99906291,0.05293730421,0.5959813779,0.3177288963,0,-1.220095153,4.402957733,-3.183618874
55.32,-64.99905534,0.05293734779,0.5959815028,0.3177288275,0,-1.220098341,4.4029567,-3.183616602
55.33,-64.99904775,0.05293739151,0.5959816273,0.3177287591,0,-1.220101539,4.402955693,-3.183614325
55.34,-64.99904014,0.05293743539,0.5959817514,0.3177286911,0,-1.220104746,4.402954712,-3.183612041
55.35,-64.99903251,0.05293747943,0.5959818749,0.3177286233,0,-1.220107963,4.402953757,-3.183609752
55.36,-64.99902486,0.05293752361,0.5959819981,0.3177285559,0,-1.220111189,4.402952827,-3.183607458
55.37,-64.99901719,0.05293756795,0.5959821207,0.3177284889,0,-1.220114424,4.402951923,-3.183605157
55.38,-64.99900951,0.05293761243,0.5959822429,0.3177284221,0,-1.220117669,4.402951044,-3.183602852
55.39,-64.9990018,0.05293765706,0.5959823647,0.3177283557,0,-1.220120922,4.40295019,-3.18360054
55.4,-64.99899408,0.05293770184,0.5959824859,0.3177282897,0,-1.220124184,4.402949362,-3.183598224
55.41,-64.99898634,0.05293774675,0.5959826068,0.317728224,0,-1.220127455,4.402948559,-3.183595902
55.42,-64.99897858,0.05293779181,0.5959827271,0.3177281586,0,-1.220130735,4.402947781,-3.183593575
55.43,-64.99897081,0.05293783702,0.595982847,0.3177280936,0,-1.220134024,4.402947028,-3.183591243
55.44,-64.99896302,0.05293788236,0.5959829665,0.3177280289,0,-1.220137321,4.4029463,-3.183588906
55.45,-64.99895521,0.05293792784,0.5959830855,0.3177279645,0,-1.220140626,4.402945597,-3.183586564
55.46,-64.99894739,0.05293797345,0.595983204,0.3177279005,0,-1.22014394,4.402944919,-3.183584216
55.47,-64.99893955,0.0529380192,0.595983322,0.3177278368,0,-1.220147262,4.402944265,-3.183581864
55.48,-64.99893169,0.05293806509,0.5959834396,0.3177277735,0,-1.220150592,4.402943636,-3.183579507
55.49,-64.99892382,0.05293811111,0.5959835568,0.3177277104,0,-1.220153931,4.402943032,-3.183577145
55.5,-64.99891593,0.05293815726,0.5959836735,0.3177276478,0,-1.220157277,4.402942451,-3.183574779
55.51,-64.99890803,0.05293820354,0.5959837897,0.3177275854,0,-1.220160631,4.402941896,-3.183572408
55.52,-64.99890011,0.05293824994,0.5959839054,0.3177275234,0,-1.220163993,4.402941364,-3.183570032
55.53,-64.99889217,0.05293829648,0.5959840207,0.3177274617,0,-1.220167362,4.402940856,-3.183567652
55.54,-64.99888422,0.05293834314,0.5959841356,0.3177274004,0,-1.220170739,4.402940373,-3.183565267
55.55,-64.99887626,0.05293838992,0.5959842499,0.3177273394,0,-1.220174124,4.402939913,-3.183562878
55.56,-64.99886828,0.05293843683,0.5959843638,0.3177272787,0,-1.220177516,4.402939478,-3.183560485
55.57,-64.99886029,0.05293848386,0.5959844773,0.3177272184,0,-1.220180915,4.402939066,-3.183558087
55.58,-64.99885228,0.052938531,0.5959845903,0.3177271584,0,-1.220184322,4.402938678,-3.183555685
55.59,-64.99884426,0.05293857827,0.5959847028,0.3177270988,0,-1.220187735,4.402938313,-3.183553279
55.6,-64.99883623,0.05293862565,0.5959848149,0.3177270394,0,-1.220191156,4.402937972,-3.183550869
55.61,-64.99882818,0.05293867315,0.5959849265,0.3177269805,0,-1.220194584,4.402937655,-3.183548455
55.62,-64.99882012,0.05293872077,0.5959850376,0.3177269218,0,-1.220198018,4.402937361,-3.183546037
55.63,-64.99881205,0.0529387685,0.5959851483,0.3177268635,0,-1.220201459,4.40293709,-3.183543615
55.64,-64.99880396,0.05293881634,0.5959852585,0.3177268055,0,-1.220204907,4.402936842,-3.183541189
55.65,-64.99879586,0.05293886429,0.5959853683,0.3177267478,0,-1.220208362,4.402936617,-3.183538759
55.66,-64.99878775,0.05293891235,0.5959854776,0.3177266905,0,-1.220211823,4.402936415,-3.183536326
55.67,-64.99877963,0.05293896051,0.5959855864,0.3177266335,0,-1.22021529,4.402936237,-3.183533889
55.68,-64.99877149,0.05293900879,0.5959856948,0.3177265769,0,-1.220218764,4.402936081,-3.183531448
55.69,-64.99876335,0.05293905717,0.5959858027,0.3177265205,0,-1.220222244,4.402935948,-3.183529004
55.7,-64.99875519,0.05293910565,0.5959859102,0.3177264645,0,-1.22022573,4.402935837,-3.183526556
55.71,-64.99874702,0.05293915424,0.5959860172,0.3177264089,0,-1.220229222,4.402935749,-3.183524105
55.72,-64.99873884,0.05293920292,0.5959861237,0.3177263535,0,-1.22023272,4.402935683,-3.183521651
55.73,-64.99873064,0.05293925171,0.5959862298,0.3177262985,0,-1.220236223,4.40293564,-3.183519193
55.74,-64.99872244,0.05293930059,0.5959863354,0.3177262439,0,-1.220239733,4.402935619,-3.183516732
55.75,-64.99871423,0.05293934958,0.5959864405,0.3177261895,0,-1.220243248,4.40293562,-3.183514268
55.76,-64.998706,0.05293939866,0.5959865452,0.3177261355,0,-1.220246769,4.402935644,-3.183511801
55.77,-64.99869777,0.05293944783,0.5959866494,0.3177260818,0,-1.220250295,4.402935689,-3.183509331
55.78,-64.99868952,0.0529394971,0.5959867532,0.3177260285,0,-1.220253827,4.402935757,-3.183506857
55.79,-64.99868127,0.05293954645,0.5959868565,0.3177259755,0,-1.220257364,4.402935846,-3.183504381
55.8,-64.99867301,0.0529395959,0.5959869593,0.3177259228,0,-1.220260906,4.402935957,-3.183501902
55.81,-64.99866473,0.05293964544,0.5959870617,0.3177258704,0,-1.220264454,4.402936089,-3.18349942
55.82,-64.99865645,0.05293969507,0.5959871636,0.3177258184,0,-1.220268006,4.402936243,-3.183496935
55.83,-64.99864816,0.05293974478,0.5959872651,0.3177257667,0,-1.220271564,4.402936419,-3.183494448
55.84,-64.99863986,0.05293979458,0.5959873661,0.3177257153,0,-1.220275126,4.402936616,-3.183491958
55.85,-64.99863155,0.05293984446,0.5959874667,0.3177256642,0,-1.220278693,4.402936834,-3.183489465
55.86,-64.99862323,0.05293989443,0.5959875667,0.3177256135,0,-1.220282265,4.402937074,-3.18348697
55.87,-64.99861491,0.05293994448,0.5959876664,0.3177255631,0,-1.220285842,4.402937334,-3.183484472
55.88,-64.99860657,0.05293999461,0.5959877655,0.317725513,0,-1.220289423,4.402937616,-3.183481972
55.89,-64.99859823,0.05294004482,0.5959878642,0.3177254633,0,-1.220293008,4.402937918,-3.183479469
55.9,-64.99858988,0.0529400951,0.5959879625,0.3177254138,0,-1.220296598,4.402938242,-3.183476964
55.91,-64.99858152,0.05294014546,0.5959880603,0.3177253647,0,-1.220300193,4.402938586,-3.183474457
55.92,-64.99857316,0.0529401959,0.5959881576,0.317725316,0,-1.220303791,4.402938951,-3.183471948
55.93,-64.99856479,0.05294024642,0.5959882545,0.3177252675,0,-1.220307394,4.402939336,-3.183469437
55.94,-64.99855641,0.052940297,0.5959883509,0.3177252194,0,-1.220311,4.402939742,-3.183466923
55.95,-64.99854803,0.05294034766,0.5959884469,0.3177251716,0,-1.220314611,4.402940169,-3.183464408
55.96,-64.99853963,0.05294039839,0.5959885424,0.3177251241,0,-1.220318225,4.402940615,-3.18346189
55.97,-64.99853124,0.05294044918,0.5959886374,0.3177250769,0,-1.220321843,4.402941082,-3.183459371
55.98,-64.99852283,0.05294050005,0.595988732,0.3177250301,0,-1.220325465,4.402941569,-3.183456849
55.99,-64.99851442,0.05294055098,0.5959888262,0.3177249836,0,-1.220329091,4.402942076,-3.183454326
56,-64.998506,0.05294060198,0.5959889199,0.3177249374,0,-1.22033272,4.402942603,-3.183451801
56.01,-64.99849758,0.05294065304,0.5959890131,0.3177248915,0,-1.220336353,4.40294315,-3.183449275
56.02,-64.99848915,0.05294070416,0.5959891059,0.3177248459,0,-1.220339989,4.402943716,-3.183446746
56.03,-64.99848072,0.05294075535,0.5959891982,0.3177248007,0,-1.220343628,4.402944303,-3.183444217
56.04,-64.99847228,0.0529408066,0.59598929,0.3177247558,0,-1.22034727,4.402944909,-3.183441685
56.05,-64.99846384,0.0529408579,0.5959893814,0.3177247112,0,-1.220350916,4.402945534,-3.183439152
56.06,-64.99845539,0.05294090927,0.5959894724,0.3177246669,0,-1.220354565,4.402946179,-3.183436618
56.07,-64.99844694,0.05294096069,0.5959895629,0.317724623,0,-1.220358216,4.402946843,-3.183434082
56.08,-64.99843848,0.05294101217,0.5959896529,0.3177245793,0,-1.220361871,4.402947526,-3.183431545
56.09,-64.99843002,0.0529410637,0.5959897425,0.317724536,0,-1.220365528,4.402948229,-3.183429007
56.1,-64.99842156,0.05294111529,0.5959898317,0.317724493,0,-1.220369188,4.40294895,-3.183426467
56.11,-64.99841309,0.05294116693,0.5959899204,0.3177244503,0,-1.220372851,4.402949691,-3.183423927
56.12,-64.99840462,0.05294121862,0.5959900086,0.3177244079,0,-1.220376516,4.40295045,-3.183421385
56.13,-64.99839614,0.05294127036,0.5959900964,0.3177243658,0,-1.220380184,4.402951228,-3.183418842
56.14,-64.99838766,0.05294132215,0.5959901837,0.3177243241,0,-1.220383855,4.402952025,-3.183416298
56.15,-64.99837918,0.05294137398,0.5959902706,0.3177242827,0,-1.220387527,4.40295284,-3.183413753
56.16,-64.99837069,0.05294142587,0.595990357,0.3177242415,0,-1.220391202,4.402953674,-3.183411208
56.17,-64.9983622,0.05294147779,0.595990443,0.3177242007,0,-1.220394879,4.402954526,-3.183408661
56.18,-64.99835371,0.05294152977,0.5959905286,0.3177241602,0,-1.220398559,4.402955397,-3.183406114
56.19,-64.99834522,0.05294158178,0.5959906136,0.3177241201,0,-1.22040224,4.402956286,-3.183403565
56.2,-64.99833672,0.05294163384,0.5959906983,0.3177240802,0,-1.220405923,4.402957193,-3.183401016
56.21,-64.99832822,0.05294168594,0.5959907825,0.3177240406,0,-1.220409608,4.402958118,-3.183398467
56.22,-64.99831972,0.05294173808,0.5959908662,0.3177240014,0,-1.220413295,4.402959061,-3.183395917
56.23,-64.99831122,0.05294179025,0.5959909495,0.3177239625,0,-1.220416984,4.402960022,-3.183393366
56.24,-64.99830272,0.05294184247,0.5959910324,0.3177239238,0,-1.220420674,4.402961001,-3.183390815
56.25,-64.99829421,0.05294189472,0.5959911148,0.3177238855,0,-1.220424366,4.402961997,-3.183388263
56.26,-64.9982857,0.052941947,0.5959911967,0.3177238475,0,-1.220428059,4.402963011,-3.183385711
56.27,-64.9982772,0.05294199932,0.5959912782,0.3177238098,0,-1.220431754,4.402964043,-3.183383159
56.28,-64.99826869,0.05294205167,0.5959913593,0.3177237724,0,-1.22043545,4.402965092,-3.183380606
56.29,-64.99826018,0.05294210406,0.5959914399,0.3177237353,0,-1.220439148,4.402966158,-3.183378053
56.3,-64.99825167,0.05294215647,0.5959915201,0.3177236985,0,-1.220442846,4.402967241,-3.1833755
56.31,-64.99824315,0.05294220891,0.5959915998,0.3177236621,0,-1.220446546,4.402968342,-3.183372946
56.32,-64.99823464,0.05294226139,0.5959916791,0.3177236259,0,-1.220450247,4.40296946,-3.183370393
56.33,-64.99822613,0.05294231389,0.595991758,0.31772359,0,-1.220453949,4.402970595,-3.183367839
56.34,-64.99821762,0.05294236641,0.5959918364,0.3177235545,0,-1.220457652,4.402971746,-3.183365285
56.35,-64.99820911,0.05294241896,0.5959919143,0.3177235192,0,-1.220461355,4.402972915,-3.183362732
56.36,-64.99820059,0.05294247154,0.5959919919,0.3177234843,0,-1.22046506,4.4029741,-3.183360178
56.37,-64.99819208,0.05294252414,0.5959920689,0.3177234496,0,-1.220468765,4.402975302,-3.183357625
56.38,-64.99818357,0.05294257676,0.5959921456,0.3177234153,0,-1.220472471,4.40297652,-3.183355072
56.39,-64.99817506,0.0529426294,0.5959922218,0.3177233812,0,-1.220476177,4.402977755,-3.183352519
56.4,-64.99816655,0.05294268206,0.5959922976,0.3177233475,0,-1.220479884,4.402979006,-3.183349966
56.41,-64.99815805,0.05294273474,0.5959923729,0.3177233141,0,-1.220483591,4.402980273,-3.183347414
56.42,-64.99814954,0.05294278743,0.5959924478,0.3177232809,0,-1.220487298,4.402981557,-3.183344862
56.43,-64.99814103,0.05294284015,0.5959925222,0.3177232481,0,-1.220491006,4.402982857,-3.18334231
56.44,-64.99813253,0.05294289287,0.5959925962,0.3177232155,0,-1.220494714,4.402984172,-3.183339759
56.45,-64.99812403,0.05294294562,0.5959926698,0.3177231833,0,-1.220498422,4.402985504,-3.183337209
56.46,-64.99811553,0.05294299837,0.595992743,0.3177231513,0,-1.22050213,4.402986851,-3.183334658
56.47,-64.99810703,0.05294305114,0.5959928157,0.3177231197,0,-1.220505839,4.402988214,-3.183332109
56.48,-64.99809853,0.05294310392,0.595992888,0.3177230883,0,-1.220509547,4.402989593,-3.18332956
56.49,-64.99809004,0.05294315671,0.5959929598,0.3177230573,0,-1.220513255,4.402990987,-3.183327012
56.5,-64.99808155,0.05294320951,0.5959930312,0.3177230265,0,-1.220516962,4.402992397,-3.183324464
56.51,-64.99807306,0.05294326232,0.5959931022,0.317722996,0,-1.22052067,4.402993822,-3.183321918
56.52,-64.99806457,0.05294331514,0.5959931727,0.3177229658,0,-1.220524377,4.402995263,-3.183319372
56.53,-64.99805609,0.05294336796,0.5959932428,0.317722936,0,-1.220528084,4.402996718,-3.183316827
56.54,-64.99804761,0.05294342079,0.5959933125,0.3177229064,0,-1.22053179,4.402998189,-3.183314283
56.55,-64.99803913,0.05294347362,0.5959933818,0.3177228771,0,-1.220535496,4.402999675,-3.18331174
56.56,-64.99803066,0.05294352645,0.5959934506,0.3177228481,0,-1.220539201,4.403001176,-3.183309197
56.57,-64.99802219,0.05294357929,0.595993519,0.3177228193,0,-1.220542905,4.403002691,-3.183306656
56.58,-64.99801372,0.05294363213,0.595993587,0.3177227909,0,-1.220546609,4.403004222,-3.183304116
56.59,-64.99800526,0.05294368496,0.5959936545,0.3177227628,0,-1.220550312,4.403005767,-3.183301577
56.6,-64.9979968,0.0529437378,0.5959937216,0.3177227349,0,-1.220554013,4.403007326,-3.183299039
56.61,-64.99798834,0.05294379064,0.5959937883,0.3177227074,0,-1.220557714,4.4030089,-3.183296503
56.62,-64.99797989,0.05294384347,0.5959938546,0.3177226801,0,-1.220561414,4.403010489,-3.183293968
56.63,-64.99797145,0.0529438963,0.5959939204,0.3177226531,0,-1.220565113,4.403012092,-3.183291434
56.64,-64.997963,0.05294394912,0.5959939859,0.3177226264,0,-1.220568811,4.403013709,-3.183288901
56.65,-64.99795457,0.05294400194,0.5959940508,0.3177226,0,-1.220572508,4.40301534,-3.18328637
56.66,-64.99794613,0.05294405475,0.5959941154,0.3177225739,0,-1.220576203,4.403016985,-3.18328384
56.67,-64.9979377,0.05294410755,0.5959941796,0.317722548,0,-1.220579897,4.403018644,-3.183281311
56.68,-64.99792928,0.05294416035,0.5959942433,0.3177225225,0,-1.22058359,4.403020317,-3.183278784
56.69,-64.99792086,0.05294421314,0.5959943066,0.3177224972,0,-1.220587281,4.403022004,-3.183276259
56.7,-64.99791245,0.05294426591,0.5959943695,0.3177224722,0,-1.22059097,4.403023705,-3.183273735
56.71,-64.99790404,0.05294431868,0.595994432,0.3177224475,0,-1.220594658,4.403025419,-3.183271213
56.72,-64.99789564,0.05294437143,0.595994494,0.317722423,0,-1.220598345,4.403027147,-3.183268692
56.73,-64.99788725,0.05294442416,0.5959945556,0.3177223989,0,-1.220602029,4.403028888,-3.183266174
56.74,-64.99787885,0.05294447689,0.5959946169,0.317722375,0,-1.220605712,4.403030643,-3.183263656
56.75,-64.99787047,0.0529445296,0.5959946777,0.3177223514,0,-1.220609393,4.403032411,-3.183261141
56.76,-64.99786209,0.05294458229,0.595994738,0.3177223281,0,-1.220613072,4.403034192,-3.183258628
56.77,-64.99785372,0.05294463497,0.595994798,0.317722305,0,-1.22061675,4.403035986,-3.183256116
56.78,-64.99784535,0.05294468762,0.5959948576,0.3177222823,0,-1.220620425,4.403037793,-3.183253606
56.79,-64.997837,0.05294474026,0.5959949167,0.3177222598,0,-1.220624098,4.403039613,-3.183251099
56.8,-64.99782864,0.05294479288,0.5959949754,0.3177222376,0,-1.220627769,4.403041446,-3.183248593
56.81,-64.9978203,0.05294484548,0.5959950338,0.3177222157,0,-1.220631438,4.403043292,-3.183246089
56.82,-64.99781196,0.05294489806,0.5959950917,0.317722194,0,-1.220635104,4.40304515,-3.183243588
56.83,-64.99780363,0.05294495061,0.5959951492,0.3177221726,0,-1.220638768,4.403047021,-3.183241088
56.84,-64.9977953,0.05294500314,0.5959952063,0.3177221515,0,-1.22064243,4.403048905,-3.183238591
56.85,-64.99778698,0.05294505565,0.5959952629,0.3177221306,0,-1.22064609,4.403050801,-3.183236095
56.86,-64.99777867,0.05294510813,0.5959953192,0.3177221101,0,-1.220649747,4.403052709,-3.183233602
56.87,-64.99777037,0.05294516059,0.5959953751,0.3177220898,0,-1.220653401,4.403054629,-3.183231112
56.88,-64.99776208,0.05294521302,0.5959954305,0.3177220697,0,-1.220657053,4.403056562,-3.183228623
56.89,-64.99775379,0.05294526542,0.5959954856,0.31772205,0,-1.220660702,4.403058507,-3.183226137
56.9,-64.99774551,0.05294531779,0.5959955402,0.3177220305,0,-1.220664349,4.403060464,-3.183223653
56.91,-64.99773724,0.05294537014,0.5959955945,0.3177220113,0,-1.220667992,4.403062432,-3.183221172
56.92,-64.99772898,0.05294542245,0.5959956483,0.3177219923,0,-1.220671633,4.403064413,-3.183218693
56.93,-64.99772072,0.05294547473,0.5959957018,0.3177219736,0,-1.220675271,4.403066405,-3.183216216
56.94,-64.99771247,0.05294552698,0.5959957548,0.3177219552,0,-1.220678906,4.403068409,-3.183213742
56.95,-64.99770424,0.0529455792,0.5959958074,0.317721937,0,-1.220682538,4.403070424,-3.183211271
56.96,-64.99769601,0.05294563138,0.5959958597,0.3177219191,0,-1.220686167,4.403072451,-3.183208802
56.97,-64.99768779,0.05294568353,0.5959959115,0.3177219015,0,-1.220689793,4.403074489,-3.183206336
56.98,-64.99767957,0.05294573564,0.595995963,0.3177218841,0,-1.220693415,4.403076539,-3.183203872
56.99,-64.99767137,0.05294578772,0.595996014,0.317721867,0,-1.220697035,4.4030786,-3.183201411
57,-64.99766318,0.05294583976,0.5959960646,0.3177218502,0,-1.220700651,4.403080672,-3.183198953
57.01,-64.99765499,0.05294589176,0.5959961149,0.3177218336,0,-1.220704264,4.403082755,-3.183196498
57.02,-64.99764682,0.05294594372,0.5959961648,0.3177218172,0,-1.220707873,4.403084849,-3.183194045
57.03,-64.99763865,0.05294599565,0.5959962142,0.3177218012,0,-1.220711479,4.403086954,-3.183191595
57.04,-64.99763049,0.05294604753,0.5959962633,0.3177217854,0,-1.220715082,4.40308907,-3.183189148
57.05,-64.99762235,0.05294609937,0.595996312,0.3177217698,0,-1.220718681,4.403091196,-3.183186704
57.06,-64.99761421,0.05294615117,0.5959963603,0.3177217545,0,-1.220722276,4.403093333,-3.183184263
57.07,-64.99760608,0.05294620293,0.5959964082,0.3177217395,0,-1.220725868,4.403095481,-3.183181825
57.08,-64.99759797,0.05294625464,0.5959964557,0.3177217247,0,-1.220729456,4.403097639,-3.18317939
57.09,-64.99758986,0.05294630631,0.5959965028,0.3177217102,0,-1.22073304,4.403099808,-3.183176958
57.1,-64.99758176,0.05294635793,0.5959965495,0.3177216959,0,-1.220736621,4.403101987,-3.183174529
57.11,-64.99757368,0.05294640951,0.5959965959,0.3177216819,0,-1.220740198,4.403104176,-3.183172103
57.12,-64.9975656,0.05294646104,0.5959966418,0.3177216681,0,-1.22074377,4.403106375,-3.18316968
57.13,-64.99755753,0.05294651253,0.5959966874,0.3177216546,0,-1.220747339,4.403108585,-3.18316726
57.14,-64.99754948,0.05294656396,0.5959967326,0.3177216413,0,-1.220750904,4.403110804,-3.183164844
57.15,-64.99754144,0.05294661535,0.5959967774,0.3177216283,0,-1.220754465,4.403113033,-3.183162431
57.16,-64.9975334,0.05294666669,0.5959968218,0.3177216155,0,-1.220758021,4.403115273,-3.183160021
57.17,-64.99752538,0.05294671797,0.5959968658,0.317721603,0,-1.220761574,4.403117522,-3.183157614
57.18,-64.99751737,0.05294676921,0.5959969095,0.3177215907,0,-1.220765122,4.40311978,-3.183155211
57.19,-64.99750937,0.05294682039,0.5959969528,0.3177215787,0,-1.220768666,4.403122048,-3.183152811
57.2,-64.99750138,0.05294687152,0.5959969957,0.3177215669,0,-1.220772206,4.403124326,-3.183150414
57.21,-64.9974934,0.0529469226,0.5959970382,0.3177215554,0,-1.220775741,4.403126613,-3.183148021
57.22,-64.99748544,0.05294697362,0.5959970804,0.3177215441,0,-1.220779272,4.403128909,-3.183145631
57.23,-64.99747748,0.05294702459,0.5959971221,0.3177215331,0,-1.220782799,4.403131215,-3.183143245
57.24,-64.99746954,0.0529470755,0.5959971635,0.3177215223,0,-1.220786321,4.40313353,-3.183140862
57.25,-64.99746161,0.05294712636,0.5959972045,0.3177215117,0,-1.220789838,4.403135854,-3.183138483
57.26,-64.99745369,0.05294717715,0.5959972452,0.3177215014,0,-1.220793351,4.403138187,-3.183136108
57.27,-64.99744579,0.05294722789,0.5959972855,0.3177214913,0,-1.220796859,4.403140529,-3.183133736
57.28,-64.99743789,0.05294727858,0.5959973254,0.3177214815,0,-1.220800363,4.40314288,-3.183131367
57.29,-64.99743001,0.0529473292,0.5959973649,0.3177214719,0,-1.220803862,4.403145239,-3.183129002
57.3,-64.99742214,0.05294737976,0.5959974041,0.3177214625,0,-1.220807356,4.403147608,-3.183126641
57.31,-64.99741428,0.05294743026,0.5959974428,0.3177214534,0,-1.220810845,4.403149985,-3.183124284
57.32,-64.99740644,0.0529474807,0.5959974813,0.3177214445,0,-1.22081433,4.40315237,-3.183121931
57.33,-64.9973986,0.05294753108,0.5959975193,0.3177214358,0,-1.220817809,4.403154764,-3.183119581
57.34,-64.99739078,0.05294758139,0.595997557,0.3177214274,0,-1.220821284,4.403157167,-3.183117235
57.35,-64.99738298,0.05294763164,0.5959975944,0.3177214193,0,-1.220824753,4.403159577,-3.183114893
57.36,-64.99737518,0.05294768183,0.5959976313,0.3177214113,0,-1.220828218,4.403161996,-3.183112554
57.37,-64.9973674,0.05294773195,0.5959976679,0.3177214036,0,-1.220831677,4.403164423,-3.18311022
57.38,-64.99735963,0.05294778201,0.5959977042,0.3177213961,0,-1.220835131,4.403166858,-3.18310789
57.39,-64.99735188,0.052947832,0.59599774,0.3177213889,0,-1.220838581,4.403169301,-3.183105563
57.4,-64.99734414,0.05294788192,0.5959977756,0.3177213819,0,-1.220842024,4.403171752,-3.183103241
57.41,-64.99733641,0.05294793178,0.5959978107,0.3177213751,0,-1.220845463,4.403174211,-3.183100922
57.42,-64.99732869,0.05294798157,0.5959978455,0.3177213685,0,-1.220848896,4.403176678,-3.183098608
57.43,-64.99732099,0.05294803128,0.59599788,0.3177213622,0,-1.220852324,4.403179152,-3.183096297
57.44,-64.9973133,0.05294808093,0.595997914,0.3177213561,0,-1.220855747,4.403181634,-3.183093991
57.45,-64.99730563,0.05294813051,0.5959979478,0.3177213502,0,-1.220859164,4.403184124,-3.183091688
57.46,-64.99729797,0.05294818002,0.5959979812,0.3177213445,0,-1.220862576,4.403186621,-3.18308939
57.47,-64.99729032,0.05294822946,0.5959980142,0.3177213391,0,-1.220865982,4.403189125,-3.183087096
57.48,-64.99728269,0.05294827882,0.5959980468,0.3177213339,0,-1.220869382,4.403191637,-3.183084807
57.49,-64.99727507,0.05294832811,0.5959980792,0.3177213289,0,-1.220872777,4.403194156,-3.183082521
57.5,-64.99726747,0.05294837733,0.5959981111,0.3177213242,0,-1.220876167,4.403196682,-3.18308024
57.51,-64.99725988,0.05294842648,0.5959981428,0.3177213197,0,-1.22087955,4.403199215,-3.183077963
57.52,-64.9972523,0.05294847555,0.595998174,0.3177213153,0,-1.220882928,4.403201755,-3.18307569
57.53,-64.99724474,0.05294852454,0.595998205,0.3177213112,0,-1.220886301,4.403204302,-3.183073422
57.54,-64.99723719,0.05294857346,0.5959982355,0.3177213074,0,-1.220889667,4.403206856,-3.183071158
57.55,-64.99722966,0.0529486223,0.5959982658,0.3177213037,0,-1.220893028,4.403209417,-3.183068898
57.56,-64.99722214,0.05294867107,0.5959982957,0.3177213003,0,-1.220896382,4.403211984,-3.183066642
57.57,-64.99721464,0.05294871975,0.5959983252,0.3177212971,0,-1.220899731,4.403214558,-3.183064392
57.58,-64.99720715,0.05294876836,0.5959983544,0.3177212941,0,-1.220903074,4.403217138,-3.183062145
57.59,-64.99719968,0.05294881689,0.5959983833,0.3177212913,0,-1.220906411,4.403219725,-3.183059903
57.6,-64.99719222,0.05294886534,0.5959984118,0.3177212887,0,-1.220909742,4.403222319,-3.183057666
57.61,-64.99718478,0.05294891371,0.59599844,0.3177212863,0,-1.220913066,4.403224919,-3.183055433
57.62,-64.99717735,0.05294896201,0.5959984678,0.3177212842,0,-1.220916385,4.403227525,-3.183053204
57.63,-64.99716993,0.05294901021,0.5959984953,0.3177212823,0,-1.220919698,4.403230137,-3.18305098
57.64,-64.99716254,0.05294905834,0.5959985225,0.3177212805,0,-1.220923004,4.403232755,-3.183048761
57.65,-64.99715515,0.05294910639,0.5959985493,0.317721279,0,-1.220926304,4.40323538,-3.183046546
57.66,-64.99714779,0.05294915435,0.5959985758,0.3177212777,0,-1.220929598,4.40323801,-3.183044336
57.67,-64.99714044,0.05294920223,0.595998602,0.3177212766,0,-1.220932885,4.403240646,-3.183042131
57.68,-64.9971331,0.05294925002,0.5959986278,0.3177212757,0,-1.220936167,4.403243288,-3.18303993
57.69,-64.99712578,0.05294929773,0.5959986533,0.3177212751,0,-1.220939442,4.403245936,-3.183037734
57.7,-64.99711847,0.05294934536,0.5959986785,0.3177212746,0,-1.22094271,4.403248589,-3.183035542
57.71,-64.99711119,0.05294939289,0.5959987034,0.3177212743,0,-1.220945972,4.403251248,-3.183033356
57.72,-64.99710391,0.05294944035,0.5959987279,0.3177212743,0,-1.220949228,4.403253913,-3.183031174
57.73,-64.99709666,0.05294948771,0.5959987521,0.3177212744,0,-1.220952477,4.403256583,-3.183028997
57.74,-64.99708942,0.05294953499,0.5959987759,0.3177212747,0,-1.22095572,4.403259258,-3.183026825
57.75,-64.99708219,0.05294958218,0.5959987995,0.3177212753,0,-1.220958956,4.403261939,-3.183024657
57.76,-64.99707498,0.05294962929,0.5959988227,0.317721276,0,-1.220962185,4.403264625,-3.183022495
57.77,-64.99706779,0.0529496763,0.5959988456,0.317721277,0,-1.220965408,4.403267316,-3.183020337
57.78,-64.99706061,0.05294972322,0.5959988681,0.3177212781,0,-1.220968624,4.403270012,-3.183018184
57.79,-64.99705345,0.05294977006,0.5959988904,0.3177212795,0,-1.220971833,4.403272713,-3.183016036
57.8,-64.99704631,0.0529498168,0.5959989123,0.317721281,0,-1.220975036,4.403275419,-3.183013893
57.81,-64.99703918,0.05294986346,0.5959989339,0.3177212828,0,-1.220978232,4.40327813,-3.183011755
57.82,-64.99703207,0.05294991002,0.5959989552,0.3177212847,0,-1.220981421,4.403280846,-3.183009622
57.83,-64.99702498,0.05294995649,0.5959989762,0.3177212868,0,-1.220984603,4.403283567,-3.183007494
57.84,-64.9970179,0.05295000286,0.5959989969,0.3177212892,0,-1.220987779,4.403286292,-3.183005371
57.85,-64.99701084,0.05295004915,0.5959990172,0.3177212917,0,-1.220990947,4.403289022,-3.183003253
57.86,-64.9970038,0.05295009534,0.5959990373,0.3177212944,0,-1.220994109,4.403291757,-3.18300114
57.87,-64.99699677,0.05295014144,0.595999057,0.3177212973,0,-1.220997264,4.403294496,-3.182999032
57.88,-64.99698976,0.05295018744,0.5959990764,0.3177213004,0,-1.221000411,4.403297239,-3.182996929
57.89,-64.99698277,0.05295023335,0.5959990955,0.3177213037,0,-1.221003552,4.403299987,-3.182994831
57.9,-64.9969758,0.05295027916,0.5959991143,0.3177213072,0,-1.221006686,4.403302738,-3.182992739
57.91,-64.99696884,0.05295032487,0.5959991328,0.3177213109,0,-1.221009812,4.403305494,-3.182990651
57.92,-64.9969619,0.05295037049,0.595999151,0.3177213147,0,-1.221012932,4.403308255,-3.182988569
57.93,-64.99695497,0.05295041602,0.5959991688,0.3177213188,0,-1.221016044,4.403311019,-3.182986492
57.94,-64.99694807,0.05295046144,0.5959991864,0.317721323,0,-1.221019149,4.403313787,-3.18298442
57.95,-64.99694118,0.05295050677,0.5959992037,0.3177213274,0,-1.221022247,4.403316559,-3.182982353
57.96,-64.9969343,0.052950552,0.5959992206,0.317721332,0,-1.221025338,4.403319335,-3.182980291
57.97,-64.99692745,0.05295059713,0.5959992373,0.3177213368,0,-1.221028422,4.403322115,-3.182978235
57.98,-64.99692061,0.05295064217,0.5959992536,0.3177213418,0,-1.221031498,4.403324899,-3.182976184
57.99,-64.99691379,0.0529506871,0.5959992697,0.3177213469,0,-1.221034567,4.403327686,-3.182974138
58,-64.99690699,0.05295073193,0.5959992854,0.3177213523,0,-1.221037628,4.403330477,-3.182972098
58.01,-64.99690021,0.05295077667,0.5959993009,0.3177213578,0,-1.221040683,4.403333271,-3.182970063
58.02,-64.99689344,0.0529508213,0.5959993161,0.3177213635,0,-1.22104373,4.403336069,-3.182968033
58.03,-64.9968867,0.05295086583,0.595999331,0.3177213693,0,-1.221046769,4.40333887,-3.182966009
58.04,-64.99687997,0.05295091026,0.5959993455,0.3177213754,0,-1.221049801,4.403341674,-3.18296399
58.05,-64.99687325,0.05295095458,0.5959993598,0.3177213816,0,-1.221052826,4.403344482,-3.182961976
58.06,-64.99686656,0.05295099881,0.5959993738,0.317721388,0,-1.221055843,4.403347293,-3.182959968
58.07,-64.99685988,0.05295104293,0.5959993875,0.3177213946,0,-1.221058852,4.403350107,-3.182957965
58.08,-64.99685323,0.05295108695,0.5959994009,0.3177214014,0,-1.221061854,4.403352924,-3.182955968
58.09,-64.99684659,0.05295113086,0.595999414,0.3177214083,0,-1.221064849,4.403355744,-3.182953976
58.1,-64.99683996,0.05295117468,0.5959994269,0.3177214154,0,-1.221067836,4.403358567,-3.182951989
58.11,-64.99683336,0.05295121838,0.5959994394,0.3177214227,0,-1.221070815,4.403361393,-3.182950008
58.12,-64.99682678,0.05295126198,0.5959994517,0.3177214301,0,-1.221073786,4.403364222,-3.182948033
58.13,-64.99682021,0.05295130548,0.5959994637,0.3177214377,0,-1.22107675,4.403367053,-3.182946062
58.14,-64.99681366,0.05295134887,0.5959994754,0.3177214455,0,-1.221079706,4.403369887,-3.182944098
58.15,-64.99680713,0.05295139215,0.5959994868,0.3177214535,0,-1.221082655,4.403372724,-3.182942139
58.16,-64.99680062,0.05295143533,0.5959994979,0.3177214616,0,-1.221085596,4.403375563,-3.182940186
58.17,-64.99679413,0.0529514784,0.5959995088,0.3177214699,0,-1.221088529,4.403378405,-3.182938238
58.18,-64.99678765,0.05295152137,0.5959995193,0.3177214784,0,-1.221091454,4.403381249,-3.182936295
58.19,-64.9967812,0.05295156422,0.5959995296,0.317721487,0,-1.221094371,4.403384096,-3.182934359
58.2,-64.99677476,0.05295160697,0.5959995397,0.3177214958,0,-1.221097281,4.403386945,-3.182932428
58.21,-64.99676834,0.05295164961,0.5959995494,0.3177215048,0,-1.221100183,4.403389796,-3.182930502
58.22,-64.99676194,0.05295169214,0.5959995589,0.3177215139,0,-1.221103077,4.403392649,-3.182928582
58.23,-64.99675556,0.05295173456,0.5959995681,0.3177215232,0,-1.221105962,4.403395504,-3.182926668
58.24,-64.9967492,0.05295177688,0.595999577,0.3177215326,0,-1.221108841,4.403398362,-3.18292476
58.25,-64.99674286,0.05295181908,0.5959995856,0.3177215422,0,-1.221111711,4.403401221,-3.182922857
58.26,-64.99673653,0.05295186117,0.595999594,0.317721552,0,-1.221114573,4.403404082,-3.182920959
58.27,-64.99673023,0.05295190316,0.5959996021,0.3177215619,0,-1.221117427,4.403406946,-3.182919068
58.28,-64.99672394,0.05295194503,0.59599961,0.317721572,0,-1.221120273,4.403409811,-3.182917182
58.29,-64.99671767,0.05295198679,0.5959996176,0.3177215822,0,-1.221123111,4.403412677,-3.182915302
58.3,-64.99671143,0.05295202844,0.5959996249,0.3177215926,0,-1.221125941,4.403415546,-3.182913428
58.31,-64.9967052,0.05295206997,0.5959996319,0.3177216032,0,-1.221128763,4.403418416,-3.182911559
58.32,-64.99669899,0.0529521114,0.5959996387,0.3177216139,0,-1.221131577,4.403421287,-3.182909696
58.33,-64.9966928,0.05295215271,0.5959996452,0.3177216247,0,-1.221134383,4.40342416,-3.182907839
58.34,-64.99668663,0.05295219391,0.5959996515,0.3177216358,0,-1.221137181,4.403427035,-3.182905988
58.35,-64.99668047,0.052952235,0.5959996575,0.3177216469,0,-1.22113997,4.403429911,-3.182904142
58.36,-64.99667434,0.05295227598,0.5959996632,0.3177216582,0,-1.221142751,4.403432788,-3.182902303
58.37,-64.99666823,0.05295231684,0.5959996687,0.3177216697,0,-1.221145525,4.403435667,-3.182900469
58.38,-64.99666214,0.05295235758,0.595999674,0.3177216813,0,-1.22114829,4.403438546,-3.182898641
58.39,-64.99665606,0.05295239821,0.5959996789,0.3177216931,0,-1.221151046,4.403441427,-3.182896819
58.4,-64.99665001,0.05295243873,0.5959996836,0.317721705,0,-1.221153795,4.403444309,-3.182895002
58.41,-64.99664397,0.05295247913,0.5959996881,0.3177217171,0,-1.221156535,4.403447192,-3.182893192
58.42,-64.99663796,0.05295251942,0.5959996923,0.3177217293,0,-1.221159267,4.403450076,-3.182891387
58.43,-64.99663196,0.05295255959,0.5959996963,0.3177217417,0,-1.221161991,4.403452961,-3.182889588
58.44,-64.99662598,0.05295259965,0.5959997,0.3177217542,0,-1.221164706,4.403455847,-3.182887795
58.45,-64.99662003,0.05295263959,0.5959997034,0.3177217668,0,-1.221167413,4.403458733,-3.182886008
58.46,-64.99661409,0.05295267942,0.5959997066,0.3177217796,0,-1.221170112,4.40346162,-3.182884227
58.47,-64.99660817,0.05295271912,0.5959997096,0.3177217926,0,-1.221172803,4.403464508,-3.182882452
58.48,-64.99660228,0.05295275871,0.5959997123,0.3177218056,0,-1.221175485,4.403467397,-3.182880683
58.49,-64.9965964,0.05295279819,0.5959997148,0.3177218189,0,-1.221178158,4.403470286,-3.182878919
58.5,-64.99659054,0.05295283754,0.595999717,0.3177218322,0,-1.221180823,4.403473176,-3.182877162
58.51,-64.9965847,0.05295287678,0.595999719,0.3177218457,0,-1.22118348,4.403476066,-3.18287541
58.52,-64.99657888,0.0529529159,0.5959997208,0.3177218594,0,-1.221186129,4.403478957,-3.182873665
58.53,-64.99657308,0.05295295491,0.5959997223,0.3177218731,0,-1.221188769,4.403481847,-3.182871925
58.54,-64.99656731,0.05295299379,0.5959997235,0.317721887,0,-1.2211914,4.403484739,-3.182870192
58.55,-64.99656155,0.05295303256,0.5959997246,0.3177219011,0,-1.221194023,4.40348763,-3.182868464
58.56,-64.99655581,0.0529530712,0.5959997253,0.3177219153,0,-1.221196637,4.403490522,-3.182866743
58.57,-64.99655009,0.05295310973,0.5959997259,0.3177219296,0,-1.221199243,4.403493413,-3.182865027
58.58,-64.99654439,0.05295314814,0.5959997262,0.3177219441,0,-1.221201841,4.403496305,-3.182863318
58.59,-64.99653871,0.05295318643,0.5959997263,0.3177219586,0,-1.22120443,4.403499197,-3.182861614
58.6,-64.99653306,0.05295322459,0.5959997262,0.3177219734,0,-1.22120701,4.403502089,-3.182859917
58.61,-64.99652742,0.05295326264,0.5959997258,0.3177219882,0,-1.221209582,4.403504981,-3.182858225
58.62,-64.9965218,0.05295330057,0.5959997252,0.3177220032,0,-1.221212145,4.403507872,-3.18285654
58.63,-64.9965162,0.05295333838,0.5959997243,0.3177220183,0,-1.2212147,4.403510764,-3.18285486
58.64,-64.99651062,0.05295337607,0.5959997233,0.3177220335,0,-1.221217246,4.403513655,-3.182853187
58.65,-64.99650506,0.05295341363,0.595999722,0.3177220489,0,-1.221219783,4.403516546,-3.182851519
58.66,-64.99649953,0.05295345108,0.5959997204,0.3177220644,0,-1.221222312,4.403519437,-3.182849858
58.67,-64.99649401,0.0529534884,0.5959997187,0.31772208,0,-1.221224832,4.403522327,-3.182848203
58.68,-64.99648851,0.0529535256,0.5959997167,0.3177220958,0,-1.221227343,4.403525216,-3.182846554
58.69,-64.99648304,0.05295356268,0.5959997145,0.3177221117,0,-1.221229846,4.403528106,-3.182844911
58.7,-64.99647758,0.05295359964,0.5959997121,0.3177221277,0,-1.22123234,4.403530994,-3.182843274
58.71,-64.99647214,0.05295363648,0.5959997095,0.3177221438,0,-1.221234826,4.403533882,-3.182841643
58.72,-64.99646673,0.05295367319,0.5959997066,0.31772216,0,-1.221237302,4.40353677,-3.182840019
58.73,-64.99646133,0.05295370978,0.5959997036,0.3177221764,0,-1.22123977,4.403539656,-3.1828384
58.74,-64.99645596,0.05295374625,0.5959997003,0.3177221929,0,-1.22124223,4.403542542,-3.182836787
58.75,-64.9964506,0.05295378259,0.5959996968,0.3177222095,0,-1.22124468,4.403545427,-3.182835181
58.76,-64.99644527,0.05295381882,0.595999693,0.3177222262,0,-1.221247122,4.403548311,-3.182833581
58.77,-64.99643996,0.05295385492,0.5959996891,0.3177222431,0,-1.221249555,4.403551195,-3.182831987
58.78,-64.99643466,0.05295389089,0.5959996849,0.31772226,0,-1.22125198,4.403554077,-3.182830399
58.79,-64.99642939,0.05295392674,0.5959996806,0.3177222771,0,-1.221254395,4.403556958,-3.182828817
58.8,-64.99642414,0.05295396247,0.595999676,0.3177222943,0,-1.221256802,4.403559838,-3.182827241
58.81,-64.99641891,0.05295399807,0.5959996712,0.3177223116,0,-1.2212592,4.403562718,-3.182825672
58.82,-64.99641369,0.05295403355,0.5959996662,0.317722329,0,-1.221261589,4.403565596,-3.182824108
58.83,-64.9964085,0.05295406891,0.595999661,0.3177223466,0,-1.221263969,4.403568472,-3.182822551
58.84,-64.99640333,0.05295410414,0.5959996556,0.3177223642,0,-1.221266341,4.403571348,-3.182821
58.85,-64.99639818,0.05295413924,0.59599965,0.317722382,0,-1.221268704,4.403574222,-3.182819455
58.86,-64.99639305,0.05295417423,0.5959996442,0.3177223999,0,-1.221271058,4.403577095,-3.182817916
58.87,-64.99638795,0.05295420908,0.5959996382,0.3177224179,0,-1.221273403,4.403579966,-3.182816384
58.88,-64.99638286,0.05295424381,0.595999632,0.317722436,0,-1.221275739,4.403582836,-3.182814858
58.89,-64.99637779,0.05295427842,0.5959996255,0.3177224542,0,-1.221278066,4.403585705,-3.182813337
58.9,-64.99637274,0.0529543129,0.5959996189,0.3177224725,0,-1.221280385,4.403588572,-3.182811823
58.91,-64.99636772,0.05295434725,0.5959996121,0.3177224909,0,-1.221282694,4.403591437,-3.182810316
58.92,-64.99636271,0.05295438148,0.5959996051,0.3177225095,0,-1.221284995,4.403594301,-3.182808814
58.93,-64.99635773,0.05295441559,0.5959995979,0.3177225281,0,-1.221287287,4.403597163,-3.182807318
58.94,-64.99635276,0.05295444956,0.5959995904,0.3177225468,0,-1.22128957,4.403600023,-3.182805829
58.95,-64.99634782,0.05295448341,0.5959995828,0.3177225657,0,-1.221291844,4.403602882,-3.182804346
58.96,-64.9963429,0.05295451714,0.595999575,0.3177225847,0,-1.221294109,4.403605738,-3.182802869
58.97,-64.996338,0.05295455074,0.595999567,0.3177226037,0,-1.221296365,4.403608593,-3.182801399
58.98,-64.99633311,0.05295458421,0.5959995589,0.3177226229,0,-1.221298613,4.403611446,-3.182799934
58.99,-64.99632825,0.05295461756,0.5959995505,0.3177226421,0,-1.221300851,4.403614297,-3.182798476
59,-64.99632341,0.05295465078,0.5959995419,0.3177226615,0,-1.22130308,4.403617146,-3.182797024
59.01,-64.99631859,0.05295468387,0.5959995332,0.3177226809,0,-1.221305301,4.403619993,-3.182795578
59.02,-64.9963138,0.05295471683,0.5959995242,0.3177227005,0,-1.221307513,4.403622837,-3.182794139
59.03,-64.99630902,0.05295474967,0.5959995151,0.3177227202,0,-1.221309715,4.40362568,-3.182792706
59.04,-64.99630426,0.05295478238,0.5959995058,0.3177227399,0,-1.221311909,4.403628521,-3.182791278
59.05,-64.99629953,0.05295481497,0.5959994963,0.3177227598,0,-1.221314094,4.403631359,-3.182789858
59.06,-64.99629481,0.05295484743,0.5959994866,0.3177227797,0,-1.22131627,4.403634195,-3.182788443
59.07,-64.99629011,0.05295487975,0.5959994768,0.3177227998,0,-1.221318436,4.403637028,-3.182787034
59.08,-64.99628544,0.05295491196,0.5959994667,0.3177228199,0,-1.221320594,4.40363986,-3.182785632
59.09,-64.99628079,0.05295494403,0.5959994565,0.3177228401,0,-1.221322743,4.403642688,-3.182784236
59.1,-64.99627615,0.05295497598,0.5959994461,0.3177228605,0,-1.221324883,4.403645515,-3.182782846
59.11,-64.99627154,0.0529550078,0.5959994355,0.3177228809,0,-1.221327014,4.403648339,-3.182781463
59.12,-64.99626695,0.05295503949,0.5959994248,0.3177229014,0,-1.221329136,4.40365116,-3.182780086
59.13,-64.99626238,0.05295507105,0.5959994139,0.317722922,0,-1.221331249,4.403653979,-3.182778715
59.14,-64.99625783,0.05295510249,0.5959994028,0.3177229427,0,-1.221333353,4.403656795,-3.18277735
59.15,-64.9962533,0.0529551338,0.5959993915,0.3177229635,0,-1.221335448,4.403659609,-3.182775991
59.16,-64.9962488,0.05295516498,0.59599938,0.3177229843,0,-1.221337534,4.403662419,-3.182774639
59.17,-64.99624431,0.05295519603,0.5959993684,0.3177230053,0,-1.221339611,4.403665227,-3.182773293
59.18,-64.99623984,0.05295522695,0.5959993566,0.3177230264,0,-1.221341679,4.403668033,-3.182771953
59.19,-64.9962354,0.05295525775,0.5959993447,0.3177230475,0,-1.221343738,4.403670835,-3.182770619
59.2,-64.99623097,0.05295528841,0.5959993325,0.3177230687,0,-1.221345788,4.403673635,-3.182769292
59.21,-64.99622657,0.05295531895,0.5959993202,0.31772309,0,-1.221347829,4.403676431,-3.18276797
59.22,-64.99622218,0.05295534936,0.5959993078,0.3177231114,0,-1.221349861,4.403679225,-3.182766655
59.23,-64.99621782,0.05295537964,0.5959992952,0.3177231329,0,-1.221351884,4.403682016,-3.182765347
59.24,-64.99621348,0.0529554098,0.5959992824,0.3177231544,0,-1.221353898,4.403684804,-3.182764044
59.25,-64.99620916,0.05295543982,0.5959992694,0.317723176,0,-1.221355903,4.403687588,-3.182762748
59.26,-64.99620486,0.05295546972,0.5959992563,0.3177231978,0,-1.221357899,4.40369037,-3.182761458
59.27,-64.99620058,0.05295549948,0.595999243,0.3177232196,0,-1.221359886,4.403693148,-3.182760174
59.28,-64.99619632,0.05295552912,0.5959992296,0.3177232414,0,-1.221361864,4.403695924,-3.182758896
59.29,-64.99619208,0.05295555863,0.595999216,0.3177232634,0,-1.221363833,4.403698696,-3.182757625
59.3,-64.99618787,0.05295558801,0.5959992023,0.3177232854,0,-1.221365793,4.403701464,-3.18275636
59.31,-64.99618367,0.05295561726,0.5959991884,0.3177233075,0,-1.221367744,4.40370423,-3.182755101
59.32,-64.99617949,0.05295564639,0.5959991743,0.3177233297,0,-1.221369686,4.403706992,-3.182753848
59.33,-64.99617534,0.05295567538,0.5959991601,0.317723352,0,-1.221371619,4.403709751,-3.182752601
59.34,-64.9961712,0.05295570425,0.5959991457,0.3177233743,0,-1.221373543,4.403712506,-3.182751361
59.35,-64.99616709,0.05295573298,0.5959991312,0.3177233968,0,-1.221375457,4.403715258,-3.182750127
59.36,-64.996163,0.05295576159,0.5959991165,0.3177234192,0,-1.221377363,4.403718006,-3.182748899
59.37,-64.99615893,0.05295579007,0.5959991017,0.3177234418,0,-1.22137926,4.403720751,-3.182747678
59.38,-64.99615487,0.05295581842,0.5959990867,0.3177234644,0,-1.221381148,4.403723492,-3.182746462
59.39,-64.99615084,0.05295584664,0.5959990716,0.3177234872,0,-1.221383027,4.40372623,-3.182745253
59.4,-64.99614683,0.05295587473,0.5959990564,0.3177235099,0,-1.221384897,4.403728964,-3.18274405
59.41,-64.99614284,0.05295590269,0.5959990409,0.3177235328,0,-1.221386758,4.403731694,-3.182742853
59.42,-64.99613887,0.05295593053,0.5959990254,0.3177235557,0,-1.22138861,4.403734421,-3.182741662
59.43,-64.99613493,0.05295595823,0.5959990097,0.3177235787,0,-1.221390452,4.403737144,-3.182740478
59.44,-64.996131,0.05295598581,0.5959989938,0.3177236017,0,-1.221392286,4.403739863,-3.1827393
59.45,-64.99612709,0.05295601326,0.5959989779,0.3177236249,0,-1.221394111,4.403742579,-3.182738127
59.46,-64.99612321,0.05295604057,0.5959989617,0.3177236481,0,-1.221395927,4.40374529,-3.182736962
59.47,-64.99611934,0.05295606776,0.5959989455,0.3177236713,0,-1.221397734,4.403747998,-3.182735802
59.48,-64.99611549,0.05295609482,0.595998929,0.3177236946,0,-1.221399532,4.403750701,-3.182734648
59.49,-64.99611167,0.05295612176,0.5959989125,0.317723718,0,-1.221401321,4.403753401,-3.182733501
59.5,-64.99610787,0.05295614856,0.5959988958,0.3177237415,0,-1.221403101,4.403756097,-3.18273236
59.51,-64.99610408,0.05295617523,0.595998879,0.317723765,0,-1.221404872,4.403758788,-3.182731225
59.52,-64.99610032,0.05295620178,0.595998862,0.3177237886,0,-1.221406634,4.403761476,-3.182730096
59.53,-64.99609658,0.05295622819,0.5959988449,0.3177238122,0,-1.221408387,4.40376416,-3.182728973
59.54,-64.99609286,0.05295625448,0.5959988277,0.3177238359,0,-1.221410131,4.403766839,-3.182727857
59.55,-64.99608915,0.05295628064,0.5959988104,0.3177238597,0,-1.221411866,4.403769514,-3.182726746
59.56,-64.99608547,0.05295630667,0.5959987929,0.3177238835,0,-1.221413592,4.403772186,-3.182725642
59.57,-64.99608181,0.05295633257,0.5959987753,0.3177239074,0,-1.221415309,4.403774852,-3.182724544
59.58,-64.99607817,0.05295635834,0.5959987575,0.3177239313,0,-1.221417018,4.403777515,-3.182723452
59.59,-64.99607455,0.05295638399,0.5959987397,0.3177239553,0,-1.221418717,4.403780173,-3.182722366
59.6,-64.99607096,0.0529564095,0.5959987217,0.3177239794,0,-1.221420407,4.403782827,-3.182721287
59.61,-64.99606738,0.05295643489,0.5959987035,0.3177240035,0,-1.221422089,4.403785477,-3.182720213
59.62,-64.99606382,0.05295646015,0.5959986853,0.3177240277,0,-1.221423761,4.403788122,-3.182719146
59.63,-64.99606028,0.05295648527,0.5959986669,0.3177240519,0,-1.221425425,4.403790763,-3.182718084
59.64,-64.99605676,0.05295651028,0.5959986484,0.3177240762,0,-1.22142708,4.4037934,-3.182717029
59.65,-64.99605327,0.05295653515,0.5959986298,0.3177241005,0,-1.221428725,4.403796031,-3.18271598
59.66,-64.99604979,0.05295655989,0.595998611,0.3177241249,0,-1.221430362,4.403798659,-3.182714937
59.67,-64.99604633,0.05295658451,0.5959985922,0.3177241493,0,-1.22143199,4.403801282,-3.1827139
59.68,-64.9960429,0.052956609,0.5959985732,0.3177241738,0,-1.221433609,4.4038039,-3.18271287
59.69,-64.99603948,0.05295663336,0.5959985541,0.3177241984,0,-1.221435219,4.403806514,-3.182711845
59.7,-64.99603609,0.05295665759,0.5959985349,0.3177242229,0,-1.221436821,4.403809123,-3.182710826
59.71,-64.99603271,0.05295668169,0.5959985155,0.3177242476,0,-1.221438413,4.403811727,-3.182709814
59.72,-64.99602936,0.05295670567,0.5959984961,0.3177242723,0,-1.221439997,4.403814327,-3.182708807
59.73,-64.99602602,0.05295672952,0.5959984765,0.317724297,0,-1.221441571,4.403816922,-3.182707807
59.74,-64.99602271,0.05295675324,0.5959984568,0.3177243218,0,-1.221443137,4.403819512,-3.182706813
59.75,-64.99601941,0.05295677683,0.5959984371,0.3177243466,0,-1.221444694,4.403822098,-3.182705824
59.76,-64.99601614,0.0529568003,0.5959984171,0.3177243715,0,-1.221446242,4.403824678,-3.182704842
59.77,-64.99601289,0.05295682363,0.5959983971,0.3177243965,0,-1.221447781,4.403827254,-3.182703866
59.78,-64.99600965,0.05295684684,0.595998377,0.3177244214,0,-1.221449312,4.403829825,-3.182702896
59.79,-64.99600644,0.05295686993,0.5959983568,0.3177244464,0,-1.221450833,4.403832391,-3.182701932
59.8,-64.99600324,0.05295689288,0.5959983364,0.3177244715,0,-1.221452346,4.403834952,-3.182700973
59.81,-64.99600007,0.05295691571,0.595998316,0.3177244966,0,-1.22145385,4.403837509,-3.182700021
59.82,-64.99599692,0.05295693841,0.5959982954,0.3177245218,0,-1.221455345,4.40384006,-3.182699075
59.83,-64.99599378,0.05295696098,0.5959982748,0.317724547,0,-1.221456832,4.403842606,-3.182698135
59.84,-64.99599067,0.05295698343,0.595998254,0.3177245722,0,-1.221458309,4.403845147,-3.182697201
59.85,-64.99598758,0.05295700575,0.5959982332,0.3177245975,0,-1.221459778,4.403847684,-3.182696273
59.86,-64.9959845,0.05295702794,0.5959982122,0.3177246228,0,-1.221461238,4.403850215,-3.182695351
59.87,-64.99598145,0.05295705001,0.5959981911,0.3177246481,0,-1.221462689,4.403852741,-3.182694435
59.88,-64.99597842,0.05295707195,0.59599817,0.3177246735,0,-1.221464132,4.403855261,-3.182693525
59.89,-64.9959754,0.05295709376,0.5959981487,0.3177246989,0,-1.221465566,4.403857777,-3.18269262
59.9,-64.99597241,0.05295711545,0.5959981273,0.3177247244,0,-1.221466991,4.403860287,-3.182691722
59.91,-64.99596943,0.05295713701,0.5959981059,0.3177247499,0,-1.221468407,4.403862793,-3.18269083
59.92,-64.99596648,0.05295715844,0.5959980843,0.3177247755,0,-1.221469815,4.403865293,-3.182689943
59.93,-64.99596354,0.05295717975,0.5959980627,0.317724801,0,-1.221471213,4.403867787,-3.182689063
59.94,-64.99596063,0.05295720094,0.5959980409,0.3177248267,0,-1.221472604,4.403870277,-3.182688188
59.95,-64.99595773,0.05295722199,0.5959980191,0.3177248523,0,-1.221473985,4.403872761,-3.18268732
59.96,-64.99595486,0.05295724292,0.5959979971,0.317724878,0,-1.221475358,4.40387524,-3.182686457
59.97,-64.995952,0.05295726373,0.5959979751,0.3177249037,0,-1.221476722,4.403877713,-3.1826856
59.98,-64.99594917,0.05295728441,0.595997953,0.3177249294,0,-1.221478078,4.403880181,-3.18268475
59.99,-64.99594635,0.05295730496,0.5959979308,0.3177249552,0,-1.221479424,4.403882644,-3.182683905
60,-64.99594355,0.05295732539,0.5959979085,0.317724981,0,-1.221480763,4.403885101,-3.182683065
