t_ms,V_mV,m,h,n,Iinj_uAcm2,INa_uAcm2,IK_uAcm2,IL_uAcm2
0,-65,0.05293248526,0.5961207535,0.3176769141,0,-1.220057176,4.399733467,-3.1839
0.01,-64.9999579,0.05293249073,0.5961207526,0.3176769147,0,-1.220057107,4.399748934,-3.183887371
0.02,-64.99991609,0.05293250681,0.5961207501,0.3176769164,0,-1.22005777,4.399764364,-3.183874826
0.03,-64.99987454,0.05293253299,0.5961207458,0.3176769194,0,-1.22005913,4.399779761,-3.183862361
0.04,-64.99983325,0.05293256877,0.5961207398,0.3176769234,0,-1.220061154,4.399795125,-3.183849975
0.05,-64.99979221,0.05293261369,0.5961207321,0.3176769287,0,-1.220063809,4.39981046,-3.183837664
0.06,-64.99975143,0.05293266732,0.5961207228,0.3176769351,0,-1.220067066,4.399825768,-3.183825428
0.07,-64.99971088,0.05293272922,0.5961207118,0.3176769426,0,-1.220070894,4.399841051,-3.183813263
0.08,-64.99967056,0.05293279901,0.5961206991,0.3176769512,0,-1.220075265,4.39985631,-3.183801169
0.09,-64.99963047,0.05293287628,0.5961206848,0.3176769609,0,-1.220080154,4.399871548,-3.183789142
0.1,-64.99959061,0.05293296067,0.5961206689,0.3176769718,0,-1.220085534,4.399886766,-3.183777182
0.11,-64.99955095,0.05293305184,0.5961206514,0.3176769837,0,-1.220091382,4.399901965,-3.183765286
0.12,-64.99951151,0.05293314944,0.5961206323,0.3176769967,0,-1.220097673,4.399917148,-3.183753453
0.13,-64.99947227,0.05293325316,0.5961206116,0.3176770108,0,-1.220104387,4.399932316,-3.183741681
0.14,-64.99943323,0.0529333627,0.5961205893,0.317677026,0,-1.220111501,4.39994747,-3.18372997
0.15,-64.99939439,0.05293347775,0.5961205654,0.3176770422,0,-1.220118996,4.399962611,-3.183718317
0.16,-64.99935574,0.05293359805,0.59612054,0.3176770595,0,-1.220126853,4.399977741,-3.183706721
0.17,-64.99931727,0.05293372332,0.596120513,0.3176770779,0,-1.220135052,4.39999286,-3.183695182
0.18,-64.99927899,0.05293385332,0.5961204845,0.3176770972,0,-1.220143577,4.400007971,-3.183683697
0.19,-64.99924088,0.05293398781,0.5961204544,0.3176771177,0,-1.220152411,4.400023073,-3.183672265
0.2,-64.99920296,0.05293412654,0.5961204228,0.3176771391,0,-1.220161538,4.400038168,-3.183660887
0.21,-64.9991652,0.0529342693,0.5961203897,0.3176771616,0,-1.220170941,4.400053257,-3.183649559
0.22,-64.99912761,0.05293441588,0.5961203551,0.3176771851,0,-1.220180608,4.40006834,-3.183638283
0.23,-64.99909019,0.05293456609,0.596120319,0.3176772096,0,-1.220190524,4.400083418,-3.183627056
0.24,-64.99905293,0.05293471971,0.5961202814,0.3176772351,0,-1.220200676,4.400098493,-3.183615878
0.25,-64.99901582,0.05293487659,0.5961202423,0.3176772616,0,-1.22021105,4.400113564,-3.183604747
0.26,-64.99897888,0.05293503653,0.5961202018,0.3176772891,0,-1.220221636,4.400128632,-3.183593664
0.27,-64.99894209,0.05293519937,0.5961201598,0.3176773175,0,-1.220232421,4.400143698,-3.183582627
0.28,-64.99890545,0.05293536496,0.5961201163,0.317677347,0,-1.220243394,4.400158763,-3.183571636
0.29,-64.99886896,0.05293553313,0.5961200714,0.3176773774,0,-1.220254545,4.400173827,-3.183560689
0.3,-64.99883262,0.05293570375,0.596120025,0.3176774088,0,-1.220265864,4.40018889,-3.183549787
0.31,-64.99879643,0.05293587667,0.5961199772,0.3176774411,0,-1.22027734,4.400203953,-3.183538928
0.32,-64.99876038,0.05293605177,0.596119928,0.3176774744,0,-1.220288966,4.400219016,-3.183528113
0.33,-64.99872447,0.05293622892,0.5961198773,0.3176775087,0,-1.220300732,4.40023408,-3.18351734
0.34,-64.9986887,0.05293640798,0.5961198253,0.3176775439,0,-1.22031263,4.400249145,-3.183506609
0.35,-64.99865306,0.05293658886,0.5961197718,0.31767758,0,-1.220324651,4.400264211,-3.183495919
0.36,-64.99861757,0.05293677144,0.5961197169,0.3176776171,0,-1.220336789,4.400279279,-3.18348527
0.37,-64.99858221,0.05293695562,0.5961196607,0.317677655,0,-1.220349036,4.400294348,-3.183474662
0.38,-64.99854698,0.05293714128,0.5961196031,0.317677694,0,-1.220361385,4.400309419,-3.183464094
0.39,-64.99851189,0.05293732835,0.5961195441,0.3176777338,0,-1.220373829,4.400324493,-3.183453566
0.4,-64.99847692,0.05293751672,0.5961194837,0.3176777745,0,-1.220386362,4.400339569,-3.183443077
0.41,-64.99844209,0.05293770631,0.5961194219,0.3176778161,0,-1.220398978,4.400354648,-3.183432626
0.42,-64.99840738,0.05293789703,0.5961193589,0.3176778587,0,-1.220411671,4.400369729,-3.183422215
0.43,-64.9983728,0.05293808881,0.5961192944,0.3176779021,0,-1.220424436,4.400384813,-3.183411841
0.44,-64.99833835,0.05293828157,0.5961192286,0.3176779464,0,-1.220437267,4.400399901,-3.183401506
0.45,-64.99830403,0.05293847523,0.5961191615,0.3176779916,0,-1.220450159,4.400414991,-3.183391208
0.46,-64.99826983,0.05293866973,0.5961190931,0.3176780377,0,-1.220463108,4.400430084,-3.183380948
0.47,-64.99823575,0.052938865,0.5961190233,0.3176780846,0,-1.220476109,4.40044518,-3.183370724
0.48,-64.99820179,0.05293906097,0.5961189522,0.3176781325,0,-1.220489157,4.400460279,-3.183360538
0.49,-64.99816796,0.05293925759,0.5961188798,0.3176781811,0,-1.220502249,4.400475381,-3.183350388
0.5,-64.99813425,0.05293945479,0.5961188062,0.3176782307,0,-1.22051538,4.400490487,-3.183340274
0.51,-64.99810065,0.05293965253,0.5961187312,0.3176782811,0,-1.220528546,4.400505596,-3.183330196
0.52,-64.99806718,0.05293985075,0.5961186549,0.3176783323,0,-1.220541745,4.400520707,-3.183320155
0.53,-64.99803383,0.05294004939,0.5961185773,0.3176783844,0,-1.220554971,4.400535822,-3.183310149
0.54,-64.9980006,0.05294024841,0.5961184985,0.3176784373,0,-1.220568223,4.40055094,-3.183300179
0.55,-64.99796748,0.05294044777,0.5961184184,0.3176784911,0,-1.220581496,4.40056606,-3.183290244
0.56,-64.99793448,0.05294064741,0.5961183371,0.3176785457,0,-1.220594788,4.400581184,-3.183280345
0.57,-64.9979016,0.05294084731,0.5961182544,0.3176786011,0,-1.220608096,4.40059631,-3.183270481
0.58,-64.99786884,0.0529410474,0.5961181706,0.3176786573,0,-1.220621417,4.400611439,-3.183260651
0.59,-64.99783619,0.05294124767,0.5961180855,0.3176787144,0,-1.220634749,4.40062657,-3.183250857
0.6,-64.99780366,0.05294144807,0.5961179991,0.3176787722,0,-1.220648088,4.400641704,-3.183241097
0.61,-64.99777124,0.05294164856,0.5961179115,0.3176788309,0,-1.220661433,4.40065684,-3.183231372
0.62,-64.99773894,0.05294184912,0.5961178227,0.3176788903,0,-1.22067478,4.400671979,-3.183221681
0.63,-64.99770675,0.0529420497,0.5961177327,0.3176789506,0,-1.220688129,4.400687119,-3.183212025
0.64,-64.99767468,0.05294225029,0.5961176415,0.3176790116,0,-1.220701477,4.400702261,-3.183202403
0.65,-64.99764272,0.05294245084,0.596117549,0.3176790735,0,-1.220714821,4.400717406,-3.183192815
0.66,-64.99761087,0.05294265134,0.5961174554,0.3176791361,0,-1.22072816,4.400732551,-3.183183262
0.67,-64.99757914,0.05294285175,0.5961173605,0.3176791995,0,-1.220741492,4.400747699,-3.183173742
0.68,-64.99754752,0.05294305206,0.5961172645,0.3176792636,0,-1.220754815,4.400762847,-3.183164256
0.69,-64.99751602,0.05294325222,0.5961171673,0.3176793286,0,-1.220768128,4.400777997,-3.183154805
0.7,-64.99748462,0.05294345223,0.5961170689,0.3176793943,0,-1.220781428,4.400793148,-3.183145387
0.71,-64.99745334,0.05294365205,0.5961169693,0.3176794607,0,-1.220794715,4.400808299,-3.183136003
0.72,-64.99742217,0.05294385168,0.5961168686,0.3176795279,0,-1.220807987,4.400823451,-3.183126652
0.73,-64.99739112,0.05294405108,0.5961167667,0.3176795959,0,-1.220821243,4.400838604,-3.183117336
0.74,-64.99736017,0.05294425023,0.5961166637,0.3176796646,0,-1.22083448,4.400853757,-3.183108052
0.75,-64.99732934,0.05294444913,0.5961165595,0.317679734,0,-1.220847698,4.400868909,-3.183098803
0.76,-64.99729862,0.05294464774,0.5961164542,0.3176798042,0,-1.220860896,4.400884062,-3.183089587
0.77,-64.99726801,0.05294484606,0.5961163477,0.3176798751,0,-1.220874072,4.400899214,-3.183080404
0.78,-64.99723752,0.05294504406,0.5961162401,0.3176799468,0,-1.220887225,4.400914366,-3.183071255
0.79,-64.99720713,0.05294524173,0.5961161314,0.3176800191,0,-1.220900355,4.400929517,-3.18306214
0.8,-64.99717686,0.05294543906,0.5961160216,0.3176800922,0,-1.22091346,4.400944667,-3.183053057
0.81,-64.99714669,0.05294563603,0.5961159106,0.317680166,0,-1.220926538,4.400959815,-3.183044008
0.82,-64.99711664,0.05294583263,0.5961157986,0.3176802405,0,-1.220939591,4.400974963,-3.183034993
0.83,-64.9970867,0.05294602884,0.5961156854,0.3176803157,0,-1.220952615,4.400990108,-3.183026011
0.84,-64.99705687,0.05294622465,0.5961155712,0.3176803916,0,-1.220965611,4.401005252,-3.183017062
0.85,-64.99702715,0.05294642005,0.5961154559,0.3176804682,0,-1.220978577,4.401020394,-3.183008146
0.86,-64.99699755,0.05294661503,0.5961153395,0.3176805455,0,-1.220991513,4.401035533,-3.182999264
0.87,-64.99696805,0.05294680958,0.596115222,0.3176806235,0,-1.221004419,4.40105067,-3.182990415
0.88,-64.99693866,0.05294700368,0.5961151034,0.3176807022,0,-1.221017292,4.401065804,-3.182981599
0.89,-64.99690939,0.05294719732,0.5961149838,0.3176807815,0,-1.221030134,4.401080936,-3.182972816
0.9,-64.99688022,0.05294739051,0.5961148631,0.3176808615,0,-1.221042942,4.401096064,-3.182964067
0.91,-64.99685117,0.05294758321,0.5961147414,0.3176809422,0,-1.221055717,4.401111188,-3.182955351
0.92,-64.99682223,0.05294777544,0.5961146186,0.3176810236,0,-1.221068457,4.401126309,-3.182946668
0.93,-64.99679339,0.05294796718,0.5961144948,0.3176811056,0,-1.221081162,4.401141426,-3.182938018
0.94,-64.99676467,0.05294815841,0.5961143699,0.3176811883,0,-1.221093832,4.401156539,-3.182929401
0.95,-64.99673606,0.05294834914,0.596114244,0.3176812716,0,-1.221106466,4.401171648,-3.182920818
0.96,-64.99670756,0.05294853935,0.5961141171,0.3176813556,0,-1.221119064,4.401186752,-3.182912267
0.97,-64.99667917,0.05294872904,0.5961139892,0.3176814402,0,-1.221131625,4.401201851,-3.18290375
0.98,-64.99665089,0.05294891821,0.5961138602,0.3176815255,0,-1.221144148,4.401216945,-3.182895266
0.99,-64.99662272,0.05294910683,0.5961137303,0.3176816114,0,-1.221156634,4.401232034,-3.182886815
1,-64.99659466,0.05294929492,0.5961135993,0.3176816979,0,-1.221169081,4.401247117,-3.182878398
1.01,-64.99656671,0.05294948245,0.5961134674,0.3176817851,0,-1.221181489,4.401262195,-3.182870013
1.02,-64.99653887,0.05294966944,0.5961133344,0.3176818728,0,-1.221193858,4.401277267,-3.182861662
1.03,-64.99651115,0.05294985586,0.5961132005,0.3176819612,0,-1.221206188,4.401292332,-3.182853344
1.04,-64.99648353,0.05295004172,0.5961130656,0.3176820502,0,-1.221218478,4.401307391,-3.182845059
1.05,-64.99645602,0.05295022701,0.5961129297,0.3176821399,0,-1.221230728,4.401322443,-3.182836807
1.06,-64.99642863,0.05295041172,0.5961127929,0.3176822301,0,-1.221242937,4.401337489,-3.182828588
1.07,-64.99640134,0.05295059585,0.5961126551,0.3176823209,0,-1.221255106,4.401352527,-3.182820402
1.08,-64.99637417,0.0529507794,0.5961125163,0.3176824123,0,-1.221267233,4.401367558,-3.18281225
1.09,-64.9963471,0.05295096236,0.5961123766,0.3176825044,0,-1.221279319,4.401382581,-3.182804131
1.1,-64.99632015,0.05295114473,0.5961122359,0.317682597,0,-1.221291363,4.401397596,-3.182796045
1.11,-64.99629331,0.0529513265,0.5961120943,0.3176826902,0,-1.221303365,4.401412603,-3.182787992
1.12,-64.99626657,0.05295150767,0.5961119518,0.3176827839,0,-1.221315325,4.401427602,-3.182779972
1.13,-64.99623995,0.05295168824,0.5961118083,0.3176828783,0,-1.221327243,4.401442592,-3.182771986
1.14,-64.99621344,0.05295186819,0.596111664,0.3176829732,0,-1.221339118,4.401457574,-3.182764033
1.15,-64.99618704,0.05295204754,0.5961115187,0.3176830687,0,-1.22135095,4.401472546,-3.182756112
1.16,-64.99616075,0.05295222627,0.5961113725,0.3176831648,0,-1.221362738,4.40148751,-3.182748225
1.17,-64.99613457,0.05295240439,0.5961112253,0.3176832614,0,-1.221374484,4.401502463,-3.182740372
1.18,-64.9961085,0.05295258188,0.5961110773,0.3176833586,0,-1.221386186,4.401517407,-3.182732551
1.19,-64.99608255,0.05295275875,0.5961109284,0.3176834563,0,-1.221397844,4.401532342,-3.182724764
1.2,-64.9960567,0.05295293499,0.5961107786,0.3176835546,0,-1.221409458,4.401547265,-3.182717009
1.21,-64.99603096,0.05295311061,0.596110628,0.3176836534,0,-1.221421028,4.401562179,-3.182709288
1.22,-64.99600534,0.05295328559,0.5961104764,0.3176837527,0,-1.221432554,4.401577082,-3.182701601
1.23,-64.99597982,0.05295345994,0.596110324,0.3176838526,0,-1.221444035,4.401591974,-3.182693946
1.24,-64.99595442,0.05295363365,0.5961101707,0.317683953,0,-1.221455472,4.401606855,-3.182686325
1.25,-64.99592912,0.05295380673,0.5961100165,0.317684054,0,-1.221466864,4.401621724,-3.182678736
1.26,-64.99590394,0.05295397916,0.5961098615,0.3176841555,0,-1.221478212,4.401636582,-3.182671181
1.27,-64.99587887,0.05295415095,0.5961097057,0.3176842575,0,-1.221489514,4.401651428,-3.18266366
1.28,-64.9958539,0.0529543221,0.596109549,0.31768436,0,-1.221500771,4.401666262,-3.182656171
1.29,-64.99582905,0.0529544926,0.5961093914,0.317684463,0,-1.221511983,4.401681084,-3.182648715
1.3,-64.99580431,0.05295466245,0.596109233,0.3176845665,0,-1.22152315,4.401695894,-3.182641293
1.31,-64.99577968,0.05295483165,0.5961090738,0.3176846705,0,-1.221534271,4.401710691,-3.182633904
1.32,-64.99575516,0.0529550002,0.5961089138,0.3176847751,0,-1.221545347,4.401725475,-3.182626548
1.33,-64.99573075,0.0529551681,0.596108753,0.3176848801,0,-1.221556377,4.401740246,-3.182619226
1.34,-64.99570645,0.05295533534,0.5961085913,0.3176849856,0,-1.221567361,4.401755003,-3.182611936
1.35,-64.99568227,0.05295550192,0.5961084289,0.3176850916,0,-1.2215783,4.401769747,-3.18260468
1.36,-64.99565819,0.05295566785,0.5961082656,0.3176851981,0,-1.221589192,4.401784478,-3.182597457
1.37,-64.99563422,0.05295583312,0.5961081016,0.317685305,0,-1.221600039,4.401799194,-3.182590267
1.38,-64.99561037,0.05295599773,0.5961079367,0.3176854125,0,-1.221610839,4.401813896,-3.18258311
1.39,-64.99558662,0.05295616167,0.5961077711,0.3176855204,0,-1.221621593,4.401828584,-3.182575987
1.4,-64.99556299,0.05295632495,0.5961076047,0.3176856288,0,-1.221632301,4.401843257,-3.182568896
1.41,-64.99553946,0.05295648757,0.5961074375,0.3176857376,0,-1.221642963,4.401857915,-3.182561839
1.42,-64.99551605,0.05295664953,0.5961072696,0.3176858469,0,-1.221653579,4.401872558,-3.182554815
1.43,-64.99549275,0.05295681082,0.5961071009,0.3176859567,0,-1.221664147,4.401887186,-3.182547824
1.44,-64.99546955,0.05295697144,0.5961069314,0.3176860669,0,-1.22167467,4.401901798,-3.182540866
1.45,-64.99544647,0.05295713139,0.5961067612,0.3176861775,0,-1.221685146,4.401916395,-3.182533941
1.46,-64.9954235,0.05295729067,0.5961065902,0.3176862886,0,-1.221695575,4.401930976,-3.18252705
1.47,-64.99540064,0.05295744929,0.5961064185,0.3176864001,0,-1.221705958,4.401945541,-3.182520192
1.48,-64.99537789,0.05295760723,0.5961062461,0.3176865121,0,-1.221716294,4.401960089,-3.182513366
1.49,-64.99535525,0.05295776451,0.596106073,0.3176866245,0,-1.221726583,4.401974621,-3.182506574
1.5,-64.99533272,0.05295792111,0.5961058991,0.3176867373,0,-1.221736826,4.401989136,-3.182499815
1.51,-64.9953103,0.05295807704,0.5961057245,0.3176868506,0,-1.221747022,4.402003634,-3.182493089
1.52,-64.99528799,0.05295823229,0.5961055492,0.3176869643,0,-1.221757171,4.402018116,-3.182486396
1.53,-64.99526579,0.05295838687,0.5961053731,0.3176870784,0,-1.221767273,4.402032579,-3.182479736
1.54,-64.9952437,0.05295854078,0.5961051964,0.3176871929,0,-1.221777328,4.402047026,-3.18247311
1.55,-64.99522172,0.05295869401,0.596105019,0.3176873078,0,-1.221787336,4.402061454,-3.182466516
1.56,-64.99519985,0.05295884657,0.5961048409,0.3176874231,0,-1.221797297,4.402075865,-3.182459955
1.57,-64.99517809,0.05295899845,0.5961046621,0.3176875388,0,-1.221807212,4.402090258,-3.182453428
1.58,-64.99515644,0.05295914965,0.5961044826,0.3176876549,0,-1.221817079,4.402104632,-3.182446933
1.59,-64.9951349,0.05295930018,0.5961043024,0.3176877714,0,-1.221826899,4.402118988,-3.182440471
1.6,-64.99511348,0.05295945003,0.5961041216,0.3176878883,0,-1.221836673,4.402133325,-3.182434043
1.61,-64.99509216,0.0529595992,0.5961039401,0.3176880056,0,-1.221846399,4.402147643,-3.182427647
1.62,-64.99507095,0.0529597477,0.5961037579,0.3176881233,0,-1.221856078,4.402161942,-3.182421284
1.63,-64.99504985,0.05295989551,0.5961035751,0.3176882413,0,-1.22186571,4.402176222,-3.182414954
1.64,-64.99502886,0.05296004265,0.5961033917,0.3176883597,0,-1.221875295,4.402190482,-3.182408658
1.65,-64.99500798,0.05296018911,0.5961032076,0.3176884785,0,-1.221884833,4.402204723,-3.182402394
1.66,-64.99498721,0.05296033489,0.5961030228,0.3176885977,0,-1.221894324,4.402218943,-3.182396162
1.67,-64.99496655,0.05296047999,0.5961028375,0.3176887172,0,-1.221903768,4.402233144,-3.182389964
1.68,-64.994946,0.05296062441,0.5961026515,0.317688837,0,-1.221913164,4.402247325,-3.182383799
1.69,-64.99492555,0.05296076815,0.5961024648,0.3176889573,0,-1.221922514,4.402261485,-3.182377666
1.7,-64.99490522,0.05296091121,0.5961022776,0.3176890779,0,-1.221931816,4.402275625,-3.182371567
1.71,-64.994885,0.0529610536,0.5961020897,0.3176891988,0,-1.221941072,4.402289743,-3.1823655
1.72,-64.99486489,0.0529611953,0.5961019013,0.3176893201,0,-1.22195028,4.402303841,-3.182359466
1.73,-64.99484488,0.05296133632,0.5961017122,0.3176894417,0,-1.221959441,4.402317918,-3.182353464
1.74,-64.99482499,0.05296147666,0.5961015225,0.3176895636,0,-1.221968555,4.402331973,-3.182347496
1.75,-64.9948052,0.05296161632,0.5961013323,0.3176896859,0,-1.221977622,4.402346007,-3.18234156
1.76,-64.99478552,0.0529617553,0.5961011414,0.3176898085,0,-1.221986642,4.40236002,-3.182335657
1.77,-64.99476595,0.05296189361,0.59610095,0.3176899315,0,-1.221995614,4.40237401,-3.182329786
1.78,-64.99474649,0.05296203123,0.596100758,0.3176900547,0,-1.22200454,4.402387978,-3.182323948
1.79,-64.99472714,0.05296216817,0.5961005655,0.3176901783,0,-1.222013419,4.402401925,-3.182318143
1.8,-64.9947079,0.05296230443,0.5961003723,0.3176903022,0,-1.22202225,4.402415849,-3.182312371
1.81,-64.99468877,0.05296244001,0.5961001786,0.3176904264,0,-1.222031035,4.40242975,-3.182306631
1.82,-64.99466974,0.05296257491,0.5960999844,0.317690551,0,-1.222039772,4.402443629,-3.182300923
1.83,-64.99465083,0.05296270913,0.5960997896,0.3176906758,0,-1.222048463,4.402457484,-3.182295248
1.84,-64.99463202,0.05296284268,0.5960995942,0.3176908009,0,-1.222057107,4.402471317,-3.182289606
1.85,-64.99461332,0.05296297554,0.5960993983,0.3176909263,0,-1.222065703,4.402485127,-3.182283996
1.86,-64.99459473,0.05296310772,0.5960992019,0.317691052,0,-1.222074253,4.402498913,-3.182278418
1.87,-64.99457624,0.05296323923,0.5960990049,0.317691178,0,-1.222082756,4.402512675,-3.182272873
1.88,-64.99455787,0.05296337005,0.5960988075,0.3176913043,0,-1.222091212,4.402526414,-3.182267361
1.89,-64.9945396,0.0529635002,0.5960986095,0.3176914309,0,-1.222099621,4.402540129,-3.18226188
1.9,-64.99452144,0.05296362967,0.5960984109,0.3176915577,0,-1.222107983,4.40255382,-3.182256432
1.91,-64.99450339,0.05296375845,0.5960982119,0.3176916849,0,-1.222116298,4.402567487,-3.182251017
1.92,-64.99448544,0.05296388657,0.5960980124,0.3176918123,0,-1.222124567,4.40258113,-3.182245633
1.93,-64.99446761,0.052964014,0.5960978123,0.3176919399,0,-1.222132789,4.402594748,-3.182240282
1.94,-64.99444988,0.05296414076,0.5960976118,0.3176920679,0,-1.222140964,4.402608341,-3.182234963
1.95,-64.99443226,0.05296426684,0.5960974108,0.3176921961,0,-1.222149092,4.402621909,-3.182229677
1.96,-64.99441474,0.05296439224,0.5960972093,0.3176923245,0,-1.222157174,4.402635453,-3.182224422
1.97,-64.99439733,0.05296451696,0.5960970073,0.3176924532,0,-1.222165209,4.402648971,-3.1822192
1.98,-64.99438003,0.05296464101,0.5960968048,0.3176925822,0,-1.222173198,4.402662464,-3.18221401
1.99,-64.99436284,0.05296476439,0.5960966019,0.3176927114,0,-1.222181139,4.402675932,-3.182208851
2,-64.99434575,0.05296488709,0.5960963985,0.3176928408,0,-1.222189035,4.402689374,-3.182203725
2.01,-64.99432877,0.05296500911,0.5960961947,0.3176929705,0,-1.222196884,4.402702791,-3.182198631
2.02,-64.9943119,0.05296513046,0.5960959903,0.3176931005,0,-1.222204686,4.402716181,-3.182193569
2.03,-64.99429513,0.05296525113,0.5960957856,0.3176932306,0,-1.222212442,4.402729545,-3.182188539
2.04,-64.99427847,0.05296537113,0.5960955804,0.317693361,0,-1.222220151,4.402742884,-3.18218354
2.05,-64.99426191,0.05296549046,0.5960953747,0.3176934917,0,-1.222227814,4.402756196,-3.182178574
2.06,-64.99424546,0.05296560912,0.5960951686,0.3176936225,0,-1.222235431,4.402769481,-3.182173639
2.07,-64.99422912,0.0529657271,0.5960949621,0.3176937536,0,-1.222243002,4.40278274,-3.182168736
2.08,-64.99421288,0.05296584441,0.5960947552,0.3176938848,0,-1.222250526,4.402795972,-3.182163865
2.09,-64.99419675,0.05296596104,0.5960945478,0.3176940163,0,-1.222258004,4.402809177,-3.182159026
2.1,-64.99418073,0.05296607701,0.59609434,0.3176941481,0,-1.222265436,4.402822355,-3.182154218
2.11,-64.99416481,0.05296619231,0.5960941318,0.31769428,0,-1.222272822,4.402835506,-3.182149442
2.12,-64.99414899,0.05296630693,0.5960939232,0.3176944121,0,-1.222280161,4.40284863,-3.182144697
2.13,-64.99413328,0.05296642089,0.5960937142,0.3176945444,0,-1.222287455,4.402861726,-3.182139985
2.14,-64.99411768,0.05296653418,0.5960935048,0.3176946769,0,-1.222294703,4.402874795,-3.182135303
2.15,-64.99410218,0.0529666468,0.596093295,0.3176948096,0,-1.222301904,4.402887836,-3.182130653
2.16,-64.99408678,0.05296675875,0.5960930848,0.3176949425,0,-1.22230906,4.402900849,-3.182126035
2.17,-64.99407149,0.05296687003,0.5960928743,0.3176950756,0,-1.22231617,4.402913834,-3.182121448
2.18,-64.99405631,0.05296698065,0.5960926633,0.3176952089,0,-1.222323234,4.402926791,-3.182116892
2.19,-64.99404123,0.0529670906,0.596092452,0.3176953423,0,-1.222330253,4.40293972,-3.182112368
2.2,-64.99402625,0.05296719989,0.5960922403,0.317695476,0,-1.222337226,4.40295262,-3.182107875
2.21,-64.99401138,0.05296730851,0.5960920283,0.3176956098,0,-1.222344153,4.402965492,-3.182103413
2.22,-64.99399661,0.05296741646,0.5960918159,0.3176957437,0,-1.222351034,4.402978335,-3.182098982
2.23,-64.99398194,0.05296752376,0.5960916031,0.3176958779,0,-1.22235787,4.402991149,-3.182094583
2.24,-64.99396738,0.05296763039,0.59609139,0.3176960122,0,-1.222364661,4.403003935,-3.182090214
2.25,-64.99395292,0.05296773635,0.5960911765,0.3176961467,0,-1.222371406,4.403016691,-3.182085877
2.26,-64.99393857,0.05296784166,0.5960909627,0.3176962813,0,-1.222378105,4.403029419,-3.182081571
2.27,-64.99392432,0.0529679463,0.5960907486,0.3176964161,0,-1.22238476,4.403042117,-3.182077296
2.28,-64.99391017,0.05296805029,0.5960905341,0.317696551,0,-1.222391369,4.403054785,-3.182073051
2.29,-64.99389613,0.05296815361,0.5960903193,0.3176966861,0,-1.222397932,4.403067425,-3.182068838
2.3,-64.99388218,0.05296825628,0.5960901042,0.3176968213,0,-1.222404451,4.403080034,-3.182064655
2.31,-64.99386834,0.05296835829,0.5960898888,0.3176969567,0,-1.222410925,4.403092614,-3.182060503
2.32,-64.99385461,0.05296845964,0.596089673,0.3176970922,0,-1.222417353,4.403105164,-3.182056382
2.33,-64.99384097,0.05296856033,0.596089457,0.3176972278,0,-1.222423736,4.403117684,-3.182052292
2.34,-64.99382744,0.05296866037,0.5960892406,0.3176973636,0,-1.222430075,4.403130174,-3.182048232
2.35,-64.99381401,0.05296875975,0.596089024,0.3176974995,0,-1.222436369,4.403142634,-3.182044203
2.36,-64.99380068,0.05296885848,0.596088807,0.3176976355,0,-1.222442618,4.403155063,-3.182040204
2.37,-64.99378745,0.05296895655,0.5960885898,0.3176977717,0,-1.222448822,4.403167462,-3.182036236
2.38,-64.99377433,0.05296905398,0.5960883722,0.3176979079,0,-1.222454981,4.403179831,-3.182032299
2.39,-64.99376131,0.05296915075,0.5960881544,0.3176980443,0,-1.222461096,4.403192168,-3.182028392
2.4,-64.99374838,0.05296924686,0.5960879363,0.3176981808,0,-1.222467166,4.403204475,-3.182024515
2.41,-64.99373556,0.05296934233,0.596087718,0.3176983175,0,-1.222473192,4.403216751,-3.182020668
2.42,-64.99372284,0.05296943715,0.5960874993,0.3176984542,0,-1.222479173,4.403228997,-3.182016852
2.43,-64.99371022,0.05296953132,0.5960872804,0.317698591,0,-1.22248511,4.403241211,-3.182013066
2.44,-64.9936977,0.05296962484,0.5960870613,0.317698728,0,-1.222491003,4.403253394,-3.18200931
2.45,-64.99368528,0.05296971772,0.5960868419,0.317698865,0,-1.222496851,4.403265545,-3.182005585
2.46,-64.99367296,0.05296980995,0.5960866222,0.3176990021,0,-1.222502656,4.403277666,-3.182001889
2.47,-64.99366074,0.05296990153,0.5960864023,0.3176991393,0,-1.222508416,4.403289754,-3.181998223
2.48,-64.99364863,0.05296999247,0.5960861822,0.3176992766,0,-1.222514132,4.403301811,-3.181994588
2.49,-64.99363661,0.05297008276,0.5960859618,0.317699414,0,-1.222519804,4.403313837,-3.181990982
2.5,-64.99362469,0.05297017242,0.5960857412,0.3176995515,0,-1.222525432,4.403325831,-3.181987406
2.51,-64.99361287,0.05297026143,0.5960855203,0.3176996891,0,-1.222531016,4.403337792,-3.18198386
2.52,-64.99360115,0.0529703498,0.5960852992,0.3176998267,0,-1.222536557,4.403349722,-3.181980344
2.53,-64.99358952,0.05297043753,0.5960850779,0.3176999645,0,-1.222542054,4.40336162,-3.181976857
2.54,-64.993578,0.05297052462,0.5960848564,0.3177001022,0,-1.222547507,4.403373485,-3.1819734
2.55,-64.99356657,0.05297061107,0.5960846347,0.3177002401,0,-1.222552917,4.403385319,-3.181969972
2.56,-64.99355525,0.05297069689,0.5960844128,0.317700378,0,-1.222558283,4.403397119,-3.181966574
2.57,-64.99354402,0.05297078207,0.5960841907,0.317700516,0,-1.222563606,4.403408888,-3.181963206
2.58,-64.99353289,0.05297086661,0.5960839684,0.3177006541,0,-1.222568886,4.403420624,-3.181959867
2.59,-64.99352186,0.05297095052,0.5960837458,0.3177007922,0,-1.222574122,4.403432327,-3.181956557
2.6,-64.99351092,0.0529710338,0.5960835231,0.3177009304,0,-1.222579315,4.403443997,-3.181953277
2.61,-64.99350008,0.05297111644,0.5960833002,0.3177010686,0,-1.222584465,4.403455635,-3.181950025
2.62,-64.99348934,0.05297119846,0.5960830772,0.3177012068,0,-1.222589572,4.40346724,-3.181946803
2.63,-64.9934787,0.05297127984,0.5960828539,0.3177013452,0,-1.222594636,4.403478812,-3.181943611
2.64,-64.99346816,0.05297136059,0.5960826305,0.3177014835,0,-1.222599657,4.40349035,-3.181940447
2.65,-64.99345771,0.05297144072,0.5960824069,0.3177016219,0,-1.222604636,4.403501856,-3.181937312
2.66,-64.99344735,0.05297152022,0.5960821832,0.3177017604,0,-1.222609571,4.403513328,-3.181934206
2.67,-64.9934371,0.05297159909,0.5960819592,0.3177018988,0,-1.222614464,4.403524767,-3.181931129
2.68,-64.99342694,0.05297167734,0.5960817352,0.3177020373,0,-1.222619315,4.403536173,-3.181928081
2.69,-64.99341687,0.05297175496,0.5960815109,0.3177021759,0,-1.222624122,4.403547545,-3.181925062
2.7,-64.9934069,0.05297183196,0.5960812866,0.3177023144,0,-1.222628888,4.403558883,-3.181922071
2.71,-64.99339703,0.05297190834,0.596081062,0.317702453,0,-1.222633611,4.403570188,-3.18191911
2.72,-64.99338725,0.0529719841,0.5960808374,0.3177025917,0,-1.222638292,4.403581459,-3.181916176
2.73,-64.99337757,0.05297205924,0.5960806126,0.3177027303,0,-1.222642931,4.403592697,-3.181913271
2.74,-64.99336798,0.05297213376,0.5960803877,0.3177028689,0,-1.222647527,4.4036039,-3.181910395
2.75,-64.99335849,0.05297220766,0.5960801626,0.3177030076,0,-1.222652082,4.403615069,-3.181907547
2.76,-64.99334909,0.05297228094,0.5960799374,0.3177031463,0,-1.222656595,4.403626205,-3.181904728
2.77,-64.99333979,0.05297235361,0.5960797121,0.3177032849,0,-1.222661066,4.403637306,-3.181901937
2.78,-64.99333058,0.05297242567,0.5960794867,0.3177034236,0,-1.222665495,4.403648373,-3.181899174
2.79,-64.99332146,0.05297249711,0.5960792612,0.3177035623,0,-1.222669882,4.403659406,-3.181896439
2.8,-64.99331244,0.05297256794,0.5960790356,0.317703701,0,-1.222674228,4.403670405,-3.181893732
2.81,-64.99330351,0.05297263816,0.5960788098,0.3177038397,0,-1.222678532,4.403681369,-3.181891053
2.82,-64.99329468,0.05297270777,0.596078584,0.3177039784,0,-1.222682795,4.403692299,-3.181888403
2.83,-64.99328593,0.05297277677,0.5960783581,0.3177041171,0,-1.222687017,4.403703194,-3.18188578
2.84,-64.99327728,0.05297284517,0.5960781321,0.3177042557,0,-1.222691197,4.403714055,-3.181883185
2.85,-64.99326873,0.05297291296,0.596077906,0.3177043944,0,-1.222695336,4.403724881,-3.181880618
2.86,-64.99326026,0.05297298014,0.5960776798,0.317704533,0,-1.222699434,4.403735672,-3.181878079
2.87,-64.99325189,0.05297304672,0.5960774535,0.3177046716,0,-1.222703491,4.403746429,-3.181875567
2.88,-64.99324361,0.05297311269,0.5960772271,0.3177048102,0,-1.222707507,4.403757151,-3.181873083
2.89,-64.99323542,0.05297317807,0.5960770007,0.3177049488,0,-1.222711483,4.403767838,-3.181870626
2.9,-64.99322732,0.05297324284,0.5960767742,0.3177050874,0,-1.222715417,4.403778489,-3.181868197
2.91,-64.99321932,0.05297330702,0.5960765477,0.3177052259,0,-1.222719311,4.403789106,-3.181865796
2.92,-64.9932114,0.0529733706,0.5960763211,0.3177053644,0,-1.222723165,4.403799688,-3.181863421
2.93,-64.99320358,0.05297343358,0.5960760944,0.3177055029,0,-1.222726978,4.403810235,-3.181861074
2.94,-64.99319585,0.05297349596,0.5960758677,0.3177056413,0,-1.22273075,4.403820746,-3.181858754
2.95,-64.99318821,0.05297355775,0.5960756409,0.3177057797,0,-1.222734483,4.403831222,-3.181856462
2.96,-64.99318065,0.05297361895,0.5960754141,0.317705918,0,-1.222738175,4.403841663,-3.181854196
2.97,-64.99317319,0.05297367956,0.5960751872,0.3177060563,0,-1.222741827,4.403852068,-3.181851957
2.98,-64.99316582,0.05297373957,0.5960749603,0.3177061946,0,-1.222745439,4.403862438,-3.181849746
2.99,-64.99315854,0.052973799,0.5960747333,0.3177063328,0,-1.222749011,4.403872773,-3.181847561
3,-64.99315134,0.05297385784,0.5960745064,0.317706471,0,-1.222752543,4.403883072,-3.181845403
3.01,-64.99314424,0.05297391609,0.5960742794,0.3177066091,0,-1.222756036,4.403893336,-3.181843272
3.02,-64.99313722,0.05297397375,0.5960740524,0.3177067472,0,-1.222759489,4.403903563,-3.181841167
3.03,-64.9931303,0.05297403084,0.5960738253,0.3177068852,0,-1.222762902,4.403913756,-3.181839089
3.04,-64.99312346,0.05297408734,0.5960735983,0.3177070231,0,-1.222766276,4.403923912,-3.181837037
3.05,-64.99311671,0.05297414325,0.5960733712,0.317707161,0,-1.22276961,4.403934033,-3.181835013
3.06,-64.99311005,0.05297419859,0.5960731441,0.3177072988,0,-1.222772906,4.403944118,-3.181833014
3.07,-64.99310347,0.05297425335,0.5960729171,0.3177074365,0,-1.222776162,4.403954167,-3.181831042
3.08,-64.99309699,0.05297430753,0.59607269,0.3177075742,0,-1.222779379,4.40396418,-3.181829096
3.09,-64.99309059,0.05297436113,0.5960724629,0.3177077118,0,-1.222782557,4.403974157,-3.181827176
3.1,-64.99308427,0.05297441416,0.5960722358,0.3177078494,0,-1.222785696,4.403984098,-3.181825282
3.11,-64.99307805,0.05297446662,0.5960720088,0.3177079868,0,-1.222788797,4.403994003,-3.181823415
3.12,-64.99307191,0.0529745185,0.5960717817,0.3177081242,0,-1.222791858,4.404003872,-3.181821573
3.13,-64.99306586,0.05297456981,0.5960715547,0.3177082615,0,-1.222794882,4.404013705,-3.181819757
3.14,-64.99305989,0.05297462055,0.5960713276,0.3177083987,0,-1.222797866,4.404023502,-3.181817967
3.15,-64.99305401,0.05297467073,0.5960711007,0.3177085358,0,-1.222800812,4.404033262,-3.181816203
3.16,-64.99304822,0.05297472034,0.5960708737,0.3177086729,0,-1.22280372,4.404042986,-3.181814465
3.17,-64.99304251,0.05297476938,0.5960706468,0.3177088098,0,-1.22280659,4.404052674,-3.181812752
3.18,-64.99303688,0.05297481785,0.5960704198,0.3177089467,0,-1.222809422,4.404062326,-3.181811065
3.19,-64.99303134,0.05297486577,0.596070193,0.3177090835,0,-1.222812215,4.404071941,-3.181809403
3.2,-64.99302589,0.05297491312,0.5960699662,0.3177092202,0,-1.222814971,4.40408152,-3.181807767
3.21,-64.99302052,0.05297495991,0.5960697394,0.3177093567,0,-1.222817689,4.404091063,-3.181806156
3.22,-64.99301523,0.05297500614,0.5960695126,0.3177094932,0,-1.222820369,4.404100569,-3.18180457
3.23,-64.99301003,0.05297505182,0.596069286,0.3177096296,0,-1.222823012,4.404110038,-3.181803009
3.24,-64.99300491,0.05297509694,0.5960690593,0.3177097658,0,-1.222825617,4.404119471,-3.181801474
3.25,-64.99299988,0.0529751415,0.5960688328,0.317709902,0,-1.222828185,4.404128868,-3.181799964
3.26,-64.99299493,0.05297518551,0.5960686063,0.3177100381,0,-1.222830715,4.404138228,-3.181798478
3.27,-64.99299006,0.05297522897,0.5960683798,0.317710174,0,-1.222833209,4.404147551,-3.181797018
3.28,-64.99298527,0.05297527188,0.5960681534,0.3177103098,0,-1.222835665,4.404156838,-3.181795582
3.29,-64.99298057,0.05297531424,0.5960679271,0.3177104455,0,-1.222838084,4.404166088,-3.181794171
3.3,-64.99297595,0.05297535606,0.5960677009,0.3177105811,0,-1.222840466,4.404175301,-3.181792785
3.31,-64.99297141,0.05297539732,0.5960674747,0.3177107166,0,-1.222842812,4.404184478,-3.181791424
3.32,-64.99296696,0.05297543804,0.5960672487,0.317710852,0,-1.22284512,4.404193618,-3.181790087
3.33,-64.99296258,0.05297547822,0.5960670227,0.3177109872,0,-1.222847392,4.404202721,-3.181788774
3.34,-64.99295829,0.05297551786,0.5960667968,0.3177111223,0,-1.222849628,4.404211787,-3.181787486
3.35,-64.99295407,0.05297555696,0.596066571,0.3177112573,0,-1.222851827,4.404220816,-3.181786222
3.36,-64.99294994,0.05297559551,0.5960663452,0.3177113921,0,-1.222853991,4.404229809,-3.181784982
3.37,-64.99294589,0.05297563353,0.5960661196,0.3177115268,0,-1.222856117,4.404238765,-3.181783767
3.38,-64.99294192,0.05297567101,0.5960658941,0.3177116614,0,-1.222858208,4.404247684,-3.181782576
3.39,-64.99293803,0.05297570796,0.5960656687,0.3177117958,0,-1.222860263,4.404256566,-3.181781408
3.4,-64.99293422,0.05297574438,0.5960654434,0.3177119301,0,-1.222862282,4.404265411,-3.181780265
3.41,-64.99293049,0.05297578026,0.5960652182,0.3177120643,0,-1.222864265,4.404274219,-3.181779146
3.42,-64.99292683,0.05297581562,0.5960649931,0.3177121983,0,-1.222866213,4.40428299,-3.18177805
3.43,-64.99292326,0.05297585044,0.5960647681,0.3177123322,0,-1.222868125,4.404291724,-3.181776978
3.44,-64.99291977,0.05297588474,0.5960645432,0.3177124659,0,-1.222870002,4.404300422,-3.18177593
3.45,-64.99291635,0.05297591851,0.5960643185,0.3177125995,0,-1.222871843,4.404309082,-3.181774905
3.46,-64.99291301,0.05297595176,0.5960640939,0.317712733,0,-1.222873649,4.404317705,-3.181773904
3.47,-64.99290975,0.05297598448,0.5960638694,0.3177128662,0,-1.22287542,4.404326291,-3.181772926
3.48,-64.99290657,0.05297601668,0.5960636451,0.3177129994,0,-1.222877156,4.40433484,-3.181771971
3.49,-64.99290347,0.05297604837,0.5960634209,0.3177131323,0,-1.222878857,4.404343353,-3.18177104
3.5,-64.99290044,0.05297607953,0.5960631968,0.3177132652,0,-1.222880523,4.404351828,-3.181770132
3.51,-64.99289749,0.05297611018,0.5960629728,0.3177133978,0,-1.222882155,4.404360265,-3.181769247
3.52,-64.99289462,0.05297614031,0.596062749,0.3177135303,0,-1.222883752,4.404368666,-3.181768385
3.53,-64.99289182,0.05297616993,0.5960625254,0.3177136626,0,-1.222885315,4.40437703,-3.181767546
3.54,-64.9928891,0.05297619904,0.5960623019,0.3177137948,0,-1.222886843,4.404385357,-3.18176673
3.55,-64.99288646,0.05297622763,0.5960620786,0.3177139268,0,-1.222888337,4.404393646,-3.181765937
3.56,-64.99288389,0.05297625572,0.5960618554,0.3177140586,0,-1.222889796,4.404401899,-3.181765166
3.57,-64.99288139,0.0529762833,0.5960616323,0.3177141903,0,-1.222891222,4.404410114,-3.181764418
3.58,-64.99287898,0.05297631037,0.5960614095,0.3177143218,0,-1.222892614,4.404418292,-3.181763693
3.59,-64.99287663,0.05297633694,0.5960611868,0.3177144531,0,-1.222893972,4.404426433,-3.18176299
3.6,-64.99287437,0.052976363,0.5960609642,0.3177145843,0,-1.222895296,4.404434537,-3.18176231
3.61,-64.99287217,0.05297638856,0.5960607418,0.3177147152,0,-1.222896587,4.404442604,-3.181761652
3.62,-64.99287005,0.05297641363,0.5960605196,0.317714846,0,-1.222897844,4.404450633,-3.181761016
3.63,-64.99286801,0.05297643819,0.5960602976,0.3177149766,0,-1.222899068,4.404458626,-3.181760402
3.64,-64.99286604,0.05297646226,0.5960600758,0.317715107,0,-1.222900259,4.404466581,-3.181759811
3.65,-64.99286414,0.05297648583,0.5960598541,0.3177152373,0,-1.222901416,4.404474499,-3.181759242
3.66,-64.99286231,0.05297650891,0.5960596326,0.3177153673,0,-1.22290254,4.40448238,-3.181758694
3.67,-64.99286056,0.05297653149,0.5960594113,0.3177154972,0,-1.222903632,4.404490224,-3.181758168
3.68,-64.99285888,0.05297655359,0.5960591902,0.3177156268,0,-1.222904691,4.404498031,-3.181757665
3.69,-64.99285727,0.05297657519,0.5960589693,0.3177157563,0,-1.222905716,4.4045058,-3.181757182
3.7,-64.99285574,0.05297659631,0.5960587486,0.3177158856,0,-1.22290671,4.404513532,-3.181756722
3.71,-64.99285428,0.05297661694,0.5960585281,0.3177160147,0,-1.222907671,4.404521228,-3.181756283
3.72,-64.99285289,0.05297663709,0.5960583078,0.3177161436,0,-1.222908599,4.404528886,-3.181755866
3.73,-64.99285156,0.05297665676,0.5960580876,0.3177162723,0,-1.222909495,4.404536507,-3.181755469
3.74,-64.99285032,0.05297667594,0.5960578677,0.3177164008,0,-1.222910359,4.40454409,-3.181755095
3.75,-64.99284914,0.05297669464,0.596057648,0.3177165291,0,-1.222911191,4.404551637,-3.181754741
3.76,-64.99284803,0.05297671287,0.5960574285,0.3177166572,0,-1.222911991,4.404559147,-3.181754409
3.77,-64.99284699,0.05297673062,0.5960572093,0.3177167851,0,-1.222912759,4.404566619,-3.181754098
3.78,-64.99284603,0.05297674789,0.5960569902,0.3177169128,0,-1.222913496,4.404574055,-3.181753808
3.79,-64.99284513,0.05297676469,0.5960567713,0.3177170402,0,-1.222914201,4.404581453,-3.181753538
3.8,-64.9928443,0.05297678102,0.5960565527,0.3177171675,0,-1.222914874,4.404588814,-3.18175329
3.81,-64.99284354,0.05297679688,0.5960563343,0.3177172946,0,-1.222915516,4.404596138,-3.181753062
3.82,-64.99284285,0.05297681227,0.5960561162,0.3177174214,0,-1.222916127,4.404603425,-3.181752855
3.83,-64.99284223,0.05297682719,0.5960558982,0.3177175481,0,-1.222916707,4.404610675,-3.181752669
3.84,-64.99284168,0.05297684165,0.5960556805,0.3177176745,0,-1.222917255,4.404617888,-3.181752503
3.85,-64.99284119,0.05297685564,0.596055463,0.3177178007,0,-1.222917773,4.404625064,-3.181752357
3.86,-64.99284077,0.05297686917,0.5960552458,0.3177179267,0,-1.22291826,4.404632203,-3.181752232
3.87,-64.99284043,0.05297688224,0.5960550288,0.3177180524,0,-1.222918716,4.404639305,-3.181752128
3.88,-64.99284014,0.05297689485,0.596054812,0.317718178,0,-1.222919142,4.40464637,-3.181752043
3.89,-64.99283993,0.05297690701,0.5960545955,0.3177183033,0,-1.222919537,4.404653398,-3.181751979
3.9,-64.99283978,0.05297691871,0.5960543792,0.3177184284,0,-1.222919902,4.404660389,-3.181751934
3.91,-64.9928397,0.05297692995,0.5960541632,0.3177185532,0,-1.222920237,4.404667344,-3.18175191
3.92,-64.99283969,0.05297694074,0.5960539475,0.3177186779,0,-1.222920541,4.404674261,-3.181751906
3.93,-64.99283974,0.05297695108,0.5960537319,0.3177188023,0,-1.222920816,4.404681141,-3.181751921
3.94,-64.99283985,0.05297696098,0.5960535167,0.3177189265,0,-1.22292106,4.404687985,-3.181751956
3.95,-64.99284004,0.05297697042,0.5960533017,0.3177190504,0,-1.222921275,4.404694791,-3.181752011
3.96,-64.99284028,0.05297697942,0.5960530869,0.3177191741,0,-1.22292146,4.404701561,-3.181752085
3.97,-64.9928406,0.05297698797,0.5960528725,0.3177192976,0,-1.222921616,4.404708294,-3.181752179
3.98,-64.99284097,0.05297699608,0.5960526583,0.3177194209,0,-1.222921742,4.40471499,-3.181752292
3.99,-64.99284141,0.05297700375,0.5960524443,0.3177195439,0,-1.222921839,4.404721649,-3.181752424
4,-64.99284192,0.05297701098,0.5960522307,0.3177196666,0,-1.222921907,4.404728272,-3.181752576
4.01,-64.99284249,0.05297701777,0.5960520173,0.3177197892,0,-1.222921945,4.404734858,-3.181752747
4.02,-64.99284312,0.05297702413,0.5960518041,0.3177199115,0,-1.222921955,4.404741407,-3.181752937
4.03,-64.99284382,0.05297703005,0.5960515913,0.3177200335,0,-1.222921936,4.40474792,-3.181753146
4.04,-64.99284458,0.05297703554,0.5960513787,0.3177201553,0,-1.222921888,4.404754395,-3.181753374
4.05,-64.9928454,0.0529770406,0.5960511664,0.3177202769,0,-1.222921811,4.404760835,-3.181753621
4.06,-64.99284629,0.05297704523,0.5960509545,0.3177203982,0,-1.222921706,4.404767237,-3.181753887
4.07,-64.99284724,0.05297704943,0.5960507427,0.3177205193,0,-1.222921573,4.404773603,-3.181754171
4.08,-64.99284825,0.0529770532,0.5960505313,0.3177206401,0,-1.222921411,4.404779933,-3.181754474
4.09,-64.99284932,0.05297705655,0.5960503202,0.3177207606,0,-1.222921221,4.404786226,-3.181754795
4.1,-64.99285045,0.05297705947,0.5960501093,0.3177208809,0,-1.222921003,4.404792482,-3.181755135
4.11,-64.99285164,0.05297706198,0.5960498988,0.317721001,0,-1.222920757,4.404798702,-3.181755493
4.12,-64.9928529,0.05297706406,0.5960496886,0.3177211208,0,-1.222920484,4.404804885,-3.18175587
4.13,-64.99285421,0.05297706573,0.5960494786,0.3177212404,0,-1.222920182,4.404811033,-3.181756264
4.14,-64.99285559,0.05297706698,0.596049269,0.3177213597,0,-1.222919853,4.404817143,-3.181756677
4.15,-64.99285703,0.05297706781,0.5960490596,0.3177214787,0,-1.222919497,4.404823218,-3.181757108
4.16,-64.99285852,0.05297706823,0.5960488506,0.3177215975,0,-1.222919113,4.404829256,-3.181757557
4.17,-64.99286008,0.05297706825,0.5960486419,0.317721716,0,-1.222918702,4.404835257,-3.181758023
4.18,-64.99286169,0.05297706785,0.5960484334,0.3177218342,0,-1.222918264,4.404841223,-3.181758508
4.19,-64.99286337,0.05297706704,0.5960482253,0.3177219522,0,-1.222917799,4.404847152,-3.18175901
4.2,-64.9928651,0.05297706582,0.5960480175,0.31772207,0,-1.222917307,4.404853045,-3.18175953
4.21,-64.99286689,0.0529770642,0.5960478101,0.3177221874,0,-1.222916788,4.404858902,-3.181760067
4.22,-64.99286874,0.05297706218,0.5960476029,0.3177223046,0,-1.222916243,4.404864723,-3.181760622
4.23,-64.99287065,0.05297705976,0.5960473961,0.3177224216,0,-1.222915671,4.404870508,-3.181761194
4.24,-64.99287261,0.05297705694,0.5960471896,0.3177225382,0,-1.222915073,4.404876257,-3.181761784
4.25,-64.99287464,0.05297705371,0.5960469834,0.3177226546,0,-1.222914448,4.404881969,-3.181762391
4.26,-64.99287672,0.0529770501,0.5960467775,0.3177227708,0,-1.222913797,4.404887646,-3.181763015
4.27,-64.99287885,0.05297704608,0.596046572,0.3177228866,0,-1.22291312,4.404893287,-3.181763656
4.28,-64.99288105,0.05297704168,0.5960463668,0.3177230022,0,-1.222912417,4.404898892,-3.181764314
4.29,-64.9928833,0.05297703688,0.5960461619,0.3177231175,0,-1.222911689,4.404904461,-3.181764989
4.3,-64.9928856,0.05297703169,0.5960459574,0.3177232325,0,-1.222910934,4.404909994,-3.181765681
4.31,-64.99288796,0.05297702611,0.5960457532,0.3177233473,0,-1.222910154,4.404915491,-3.181766389
4.32,-64.99289038,0.05297702015,0.5960455493,0.3177234617,0,-1.222909349,4.404920953,-3.181767114
4.33,-64.99289285,0.0529770138,0.5960453458,0.3177235759,0,-1.222908518,4.404926379,-3.181767856
4.34,-64.99289538,0.05297700707,0.5960451426,0.3177236899,0,-1.222907662,4.404931769,-3.181768614
4.35,-64.99289796,0.05297699996,0.5960449397,0.3177238035,0,-1.222906781,4.404937124,-3.181769389
4.36,-64.9929006,0.05297699247,0.5960447372,0.3177239169,0,-1.222905875,4.404942443,-3.18177018
4.37,-64.99290329,0.0529769846,0.5960445351,0.3177240299,0,-1.222904943,4.404947726,-3.181770987
4.38,-64.99290604,0.05297697635,0.5960443333,0.3177241427,0,-1.222903987,4.404952974,-3.181771811
4.39,-64.99290883,0.05297696773,0.5960441318,0.3177242552,0,-1.222903007,4.404958187,-3.18177265
4.4,-64.99291169,0.05297695874,0.5960439307,0.3177243675,0,-1.222902002,4.404963364,-3.181773506
4.41,-64.99291459,0.05297694937,0.59604373,0.3177244794,0,-1.222900972,4.404968506,-3.181774377
4.42,-64.99291755,0.05297693963,0.5960435296,0.317724591,0,-1.222899918,4.404973613,-3.181775265
4.43,-64.99292056,0.05297692953,0.5960433296,0.3177247024,0,-1.22289884,4.404978684,-3.181776168
4.44,-64.99292362,0.05297691906,0.5960431299,0.3177248135,0,-1.222897738,4.40498372,-3.181777087
4.45,-64.99292674,0.05297690822,0.5960429306,0.3177249243,0,-1.222896612,4.404988721,-3.181778021
4.46,-64.9929299,0.05297689703,0.5960427317,0.3177250348,0,-1.222895462,4.404993687,-3.181778971
4.47,-64.99293312,0.05297688547,0.5960425331,0.317725145,0,-1.222894288,4.404998617,-3.181779937
4.48,-64.99293639,0.05297687355,0.5960423349,0.3177252549,0,-1.222893091,4.405003513,-3.181780918
4.49,-64.99293971,0.05297686127,0.596042137,0.3177253645,0,-1.22289187,4.405008374,-3.181781914
4.5,-64.99294308,0.05297684863,0.5960419395,0.3177254738,0,-1.222890626,4.405013199,-3.181782925
4.51,-64.99294651,0.05297683565,0.5960417424,0.3177255828,0,-1.222889358,4.40501799,-3.181783952
4.52,-64.99294998,0.0529768223,0.5960415457,0.3177256916,0,-1.222888067,4.405022746,-3.181784993
4.53,-64.9929535,0.05297680861,0.5960413493,0.3177258,0,-1.222886754,4.405027467,-3.18178605
4.54,-64.99295707,0.05297679457,0.5960411533,0.3177259081,0,-1.222885417,4.405032154,-3.181787121
4.55,-64.99296069,0.05297678018,0.5960409577,0.3177260159,0,-1.222884058,4.405036806,-3.181788207
4.56,-64.99296436,0.05297676544,0.5960407625,0.3177261235,0,-1.222882676,4.405041423,-3.181789308
4.57,-64.99296808,0.05297675036,0.5960405677,0.3177262307,0,-1.222881271,4.405046005,-3.181790424
4.58,-64.99297185,0.05297673493,0.5960403732,0.3177263376,0,-1.222879844,4.405050553,-3.181791554
4.59,-64.99297566,0.05297671916,0.5960401791,0.3177264443,0,-1.222878394,4.405055067,-3.181792699
4.6,-64.99297953,0.05297670306,0.5960399854,0.3177265506,0,-1.222876923,4.405059546,-3.181793858
4.61,-64.99298344,0.05297668661,0.5960397921,0.3177266566,0,-1.222875429,4.405063991,-3.181795031
4.62,-64.9929874,0.05297666983,0.5960395992,0.3177267623,0,-1.222873913,4.405068401,-3.181796219
4.63,-64.9929914,0.05297665272,0.5960394067,0.3177268678,0,-1.222872376,4.405072777,-3.181797421
4.64,-64.99299546,0.05297663527,0.5960392145,0.3177269729,0,-1.222870816,4.405077119,-3.181798637
4.65,-64.99299956,0.05297661749,0.5960390228,0.3177270777,0,-1.222869235,4.405081427,-3.181799867
4.66,-64.9930037,0.05297659938,0.5960388315,0.3177271822,0,-1.222867633,4.405085701,-3.181801111
4.67,-64.9930079,0.05297658094,0.5960386405,0.3177272864,0,-1.222866009,4.405089941,-3.181802369
4.68,-64.99301213,0.05297656218,0.5960384499,0.3177273902,0,-1.222864363,4.405094146,-3.18180364
4.69,-64.99301642,0.05297654309,0.5960382598,0.3177274938,0,-1.222862697,4.405098318,-3.181804925
4.7,-64.99302075,0.05297652368,0.59603807,0.3177275971,0,-1.222861009,4.405102456,-3.181806224
4.71,-64.99302512,0.05297650395,0.5960378807,0.3177277,0,-1.222859301,4.40510656,-3.181807537
4.72,-64.99302954,0.05297648389,0.5960376917,0.3177278026,0,-1.222857572,4.40511063,-3.181808863
4.73,-64.99303401,0.05297646352,0.5960375032,0.317727905,0,-1.222855822,4.405114667,-3.181810202
4.74,-64.99303852,0.05297644284,0.596037315,0.317728007,0,-1.222854051,4.40511867,-3.181811555
4.75,-64.99304307,0.05297642184,0.5960371273,0.3177281087,0,-1.22285226,4.405122639,-3.18181292
4.76,-64.99304766,0.05297640052,0.5960369399,0.31772821,0,-1.222850449,4.405126575,-3.181814299
4.77,-64.9930523,0.05297637889,0.596036753,0.3177283111,0,-1.222848617,4.405130478,-3.181815691
4.78,-64.99305699,0.05297635696,0.5960365665,0.3177284118,0,-1.222846765,4.405134347,-3.181817096
4.79,-64.99306171,0.05297633472,0.5960363804,0.3177285123,0,-1.222844893,4.405138183,-3.181818514
4.8,-64.99306648,0.05297631217,0.5960361947,0.3177286124,0,-1.222843001,4.405141985,-3.181819945
4.81,-64.99307129,0.05297628931,0.5960360095,0.3177287122,0,-1.22284109,4.405145755,-3.181821388
4.82,-64.99307615,0.05297626615,0.5960358246,0.3177288117,0,-1.222839158,4.405149491,-3.181822845
4.83,-64.99308104,0.05297624269,0.5960356402,0.3177289108,0,-1.222837208,4.405153194,-3.181824313
4.84,-64.99308598,0.05297621893,0.5960354562,0.3177290097,0,-1.222835237,4.405156864,-3.181825795
4.85,-64.99309096,0.05297619488,0.5960352726,0.3177291082,0,-1.222833248,4.405160501,-3.181827288
4.86,-64.99309598,0.05297617052,0.5960350894,0.3177292064,0,-1.222831239,4.405164105,-3.181828794
4.87,-64.99310104,0.05297614588,0.5960349066,0.3177293043,0,-1.222829211,4.405167676,-3.181830313
4.88,-64.99310614,0.05297612093,0.5960347243,0.3177294018,0,-1.222827164,4.405171215,-3.181831843
4.89,-64.99311129,0.0529760957,0.5960345424,0.3177294991,0,-1.222825098,4.405174721,-3.181833386
4.9,-64.99311647,0.05297607018,0.5960343609,0.317729596,0,-1.222823013,4.405178194,-3.181834941
4.91,-64.99312169,0.05297604437,0.5960341798,0.3177296926,0,-1.22282091,4.405181635,-3.181836507
4.92,-64.99312695,0.05297601827,0.5960339992,0.3177297888,0,-1.222818788,4.405185043,-3.181838086
4.93,-64.99313225,0.05297599189,0.596033819,0.3177298848,0,-1.222816648,4.405188418,-3.181839676
4.94,-64.99313759,0.05297596522,0.5960336392,0.3177299804,0,-1.22281449,4.405191762,-3.181841278
4.95,-64.99314297,0.05297593828,0.5960334599,0.3177300757,0,-1.222812313,4.405195073,-3.181842892
4.96,-64.99314839,0.05297591105,0.596033281,0.3177301706,0,-1.222810118,4.405198352,-3.181844518
4.97,-64.99315385,0.05297588354,0.5960331025,0.3177302653,0,-1.222807905,4.405201598,-3.181846154
4.98,-64.99315934,0.05297585576,0.5960329245,0.3177303596,0,-1.222805675,4.405204813,-3.181847803
4.99,-64.99316487,0.0529758277,0.5960327469,0.3177304536,0,-1.222803426,4.405207995,-3.181849462
5,-64.96067044,0.05297579937,0.5960325697,0.3177305472,19.5,-1.222455565,4.41713514,-3.172101133
5.01,-64.76654665,0.05300945715,0.5960270513,0.3177342889,19.5,-1.222707571,4.488569054,-3.113863995
5.02,-64.57369742,0.05309182572,0.5960135192,0.317743494,19.5,-1.226324107,4.559855628,-3.056009225
5.03,-64.38208471,0.0532207482,0.595991968,0.317758153,19.5,-1.233168969,4.631022792,-2.998525412
5.04,-64.19167209,0.05339421892,0.5959623904,0.3177782571,19.5,-1.243131998,4.702097752,-2.941401626
5.05,-64.0024245,0.05361037198,0.5959247773,0.3178037975,19.5,-1.256126097,4.773107098,-2.884627351
5.06,-63.81430802,0.05386747081,0.5958791181,0.3178347662,19.5,-1.272084701,4.844076902,-2.828192406
5.07,-63.62728964,0.05416389859,0.5958254002,0.3178711553,19.5,-1.290959613,4.915032801,-2.772086891
5.08,-63.44133711,0.05449814962,0.5957636095,0.3179129575,19.5,-1.312719164,4.98600008,-2.716301132
5.09,-63.25641876,0.05486882126,0.5956937303,0.317960166,19.5,-1.337346641,5.057003743,-2.660825629
5.1,-63.07250339,0.05527460675,0.5956157453,0.3180127743,19.5,-1.36483895,5.128068579,-2.605651017
5.11,-62.88956007,0.05571428848,0.5955296355,0.3180707762,19.5,-1.395205471,5.199219225,-2.550768021
5.12,-62.70755808,0.05618673193,0.5954353806,0.3181341662,19.5,-1.428467094,5.270480226,-2.496167424
5.13,-62.52646677,0.05669088009,0.5953329584,0.318202939,19.5,-1.464655385,5.341876086,-2.441840031
5.14,-62.34625545,0.05722574836,0.5952223453,0.31827709,19.5,-1.503811899,5.413431324,-2.387776636
5.15,-62.16689333,0.05779041985,0.5951035161,0.3183566148,19.5,-1.545987587,5.485170519,-2.333967998
5.16,-61.98834937,0.05838404113,0.5949764438,0.3184415099,19.5,-1.591242307,5.557118366,-2.280404811
5.17,-61.81059225,0.05900581833,0.5948411001,0.3185317721,19.5,-1.639644421,5.629299715,-2.227077676
5.18,-61.63359028,0.05965501351,0.5946974548,0.3186273986,19.5,-1.69127046,5.701739621,-2.173977085
5.19,-61.45731129,0.06033094142,0.5945454759,0.3187283875,19.5,-1.746204864,5.774463387,-2.121093388
5.2,-61.28172259,0.0610329665,0.5943851298,0.3188347375,19.5,-1.804539777,5.847496613,-2.068416778
5.21,-61.10679089,0.06176050017,0.5942163811,0.3189464477,19.5,-1.866374894,5.920865236,-2.015937267
5.22,-60.93248222,0.06251299832,0.5940391926,0.3190635182,19.5,-1.93181736,5.994595577,-1.963644665
5.23,-60.75876186,0.06328995904,0.5938535249,0.3191859498,19.5,-2.000981718,6.068714386,-1.911528559
5.24,-60.58559432,0.06409092061,0.5936593368,0.3193137439,19.5,-2.073989889,6.14324889,-1.859578296
5.25,-60.4129432,0.06491545961,0.5934565851,0.319446903,19.5,-2.150971197,6.218226835,-1.807782959
5.26,-60.24077117,0.06576318923,0.5932452243,0.3195854302,19.5,-2.232062436,6.293676539,-1.756131351
5.27,-60.0690399,0.06663375778,0.5930252067,0.3197293299,19.5,-2.317407965,6.369626939,-1.70461197
5.28,-59.89770999,0.06752684735,0.5927964822,0.3198786073,19.5,-2.407159839,6.44610764,-1.653212997
5.29,-59.72674089,0.06844217257,0.5925589984,0.3200332685,19.5,-2.501477981,6.52314897,-1.601922266
5.3,-59.55609084,0.06937947958,0.5923127002,0.3201933211,19.5,-2.60053038,6.600782034,-1.550727251
5.31,-59.38571681,0.07033854508,0.5920575298,0.3203587735,19.5,-2.70449333,6.679038768,-1.499615043
5.32,-59.21557442,0.07131917553,0.5917934266,0.3205296357,19.5,-2.813551696,6.757952001,-1.448572326
5.33,-59.04561786,0.07232120647,0.5915203272,0.3207059187,19.5,-2.927899224,6.837555513,-1.397585357
5.34,-58.87579981,0.07334450194,0.5912381648,0.3208876352,19.5,-3.047738884,6.917884103,-1.346639943
5.35,-58.7060714,0.07438895399,0.5909468696,0.3210747991,19.5,-3.173283249,6.998973654,-1.295721419
5.36,-58.53638206,0.07545448237,0.5906463682,0.3212674262,19.5,-3.304754913,7.080861202,-1.244814617
5.37,-58.3666795,0.07654103422,0.5903365835,0.3214655335,19.5,-3.442386962,7.163585016,-1.193903849
5.38,-58.19690958,0.07764858397,0.5900174347,0.3216691402,19.5,-3.586423469,7.247184671,-1.142972874
5.39,-58.02701624,0.07877713319,0.5896888371,0.321878267,19.5,-3.737120057,7.331701135,-1.092004873
5.4,-57.85694139,0.07992671069,0.5893507015,0.3220929367,19.5,-3.894744497,7.417176852,-1.040982418
5.41,-57.6866248,0.08109737261,0.5890029343,0.3223131741,19.5,-4.059577364,7.503655841,-0.9898874411
5.42,-57.51600401,0.08228920264,0.5886454372,0.3225390062,19.5,-4.231912751,7.591183789,-0.9387012028
5.43,-57.34501419,0.08350231229,0.5882781069,0.3227704621,19.5,-4.412059042,7.67980816,-0.8874042571
5.44,-57.17358805,0.08473684135,0.5879008347,0.3230075735,19.5,-4.600339752,7.769578299,-0.8359764149
5.45,-57.00165569,0.0859929583,0.5875135066,0.3232503746,19.5,-4.797094435,7.860545561,-0.7843967057
5.46,-56.82914445,0.08727086094,0.5871160024,0.3234989019,19.5,-5.002679669,7.952763425,-0.732643336
5.47,-56.65597882,0.08857077704,0.5867081957,0.3237531953,19.5,-5.217470127,8.046287636,-0.6806936464
5.48,-56.48208022,0.08989296512,0.5862899537,0.3240132971,19.5,-5.441859729,8.141176348,-0.6285240653
5.49,-56.30736686,0.09123771531,0.5858611365,0.324279253,19.5,-5.676262896,8.23749027,-0.5761100587
5.5,-56.1317536,0.0926053503,0.5854215965,0.3245511119,19.5,-5.921115907,8.33529284,-0.5234260788
5.51,-55.95515169,0.09399622647,0.5849711788,0.3248289262,19.5,-6.176878369,8.434650392,-0.4704455069
5.52,-55.77746865,0.09541073501,0.5845097198,0.3251127518,19.5,-6.44403481,8.535632347,-0.4171405937
5.53,-55.59860798,0.0968493033,0.5840370471,0.3254026485,19.5,-6.7230964,8.638311417,-0.3634823949
5.54,-55.41846901,0.09831239625,0.5835529791,0.3256986803,19.5,-7.014602831,8.742763817,-0.3094407025
5.55,-55.23694657,0.09980051792,0.5830573242,0.3260009152,19.5,-7.31912434,8.849069502,-0.254983971
5.56,-55.05393079,0.1013142132,0.5825498802,0.3263094259,19.5,-7.637263914,8.957312414,-0.200079238
5.57,-54.8693068,0.1028540696,0.5820304338,0.3266242898,19.5,-7.969659683,9.067580757,-0.1446920395
5.58,-54.68295439,0.1044207192,0.5814987598,0.3269455894,19.5,-8.316987518,9.179967283,-0.08878631821
5.59,-54.49474775,0.1060148409,0.5809546204,0.3272734123,19.5,-8.679963849,9.294569608,-0.03232432519
5.6,-54.30455505,0.1076371629,0.580397764,0.3276078519,19.5,-9.059348741,9.411490555,0.02473348583
5.61,-54.11223809,0.1092884648,0.5798279252,0.3279490075,19.5,-9.455949231,9.530838518,0.08242857276
5.62,-53.91765191,0.1109695804,0.5792448228,0.3282969846,19.5,-9.870622966,9.652727859,0.1408044281
5.63,-53.72064429,0.112681401,0.5786481598,0.3286518956,19.5,-10.30428216,9.777279341,0.199906712
5.64,-53.52105535,0.1144248783,0.5780376216,0.3290138596,19.5,-10.75789793,9.904620598,0.2597833953
5.65,-53.31871695,0.1162010276,0.577412875,0.3293830034,19.5,-11.23250498,10.03488664,0.3204849153
5.66,-53.11345219,0.1180109319,0.5767735672,0.3297594618,19.5,-11.72920676,10.1682204,0.3820643429
5.67,-52.90507478,0.1198557457,0.5761193242,0.3301433776,19.5,-12.2491811,10.30477335,0.4445775647
5.68,-52.6933884,0.121736699,0.5754497494,0.3305349031,19.5,-12.79368634,10.44470614,0.50808348
5.69,-52.47818595,0.1236551025,0.574764422,0.3309341997,19.5,-13.36406804,10.58818933,0.5726442137
5.7,-52.25924884,0.1256123523,0.5740628953,0.3313414391,19.5,-13.96176638,10.73540415,0.6383253488
5.71,-52.03634608,0.1276099351,0.5733446947,0.3317568036,19.5,-14.58832418,10.88654336,0.7051961774
5.72,-51.80923342,0.1296494345,0.5726093159,0.3321804873,19.5,-15.24539579,11.04181219,0.7733299747
5.73,-51.57765235,0.1317325373,0.5718562228,0.3326126961,19.5,-15.9347568,11.20142936,0.8428042963
5.74,-51.34132899,0.1338610401,0.5710848445,0.3330536492,19.5,-16.65831468,11.3656282,0.9137013024
5.75,-51.09997296,0.1360368568,0.5702945735,0.3335035798,19.5,-17.41812053,11.53465789,0.9861081107
5.76,-50.85327606,0.1382620271,0.5694847625,0.333962736,19.5,-18.21638198,11.70878479,1.060117181
5.77,-50.60091088,0.1405387249,0.568654721,0.3344313816,19.5,-19.05547743,11.88829396,1.135826737
5.78,-50.34252926,0.1428692677,0.5678037129,0.334909798,19.5,-19.93797165,12.07349078,1.213341223
5.79,-50.07776065,0.1452561277,0.5669309517,0.3353982844,19.5,-20.86663311,12.2647028,1.292771806
5.8,-49.80621025,0.1477019422,0.5660355977,0.3358971601,19.5,-21.84445298,12.46228171,1.374236925
5.81,-49.52745702,0.1502095264,0.5651167526,0.3364067653,19.5,-22.87466623,12.66660556,1.457862893
5.82,-49.24105149,0.1527818866,0.5641734556,0.3369274633,19.5,-23.96077483,12.87808125,1.543784552
5.83,-48.94651334,0.1554222351,0.5632046779,0.3374596415,19.5,-25.10657352,13.09714724,1.632145999
5.84,-48.64332875,0.1581340055,0.5622093171,0.338003714,19.5,-26.3161782,13.32427657,1.723101374
5.85,-48.33094756,0.1609208704,0.5611861911,0.3385601234,19.5,-27.59405748,13.55998025,1.816815733
5.86,-48.00878,0.1637867603,0.5601340316,0.339129343,19.5,-28.9450675,13.80481104,1.913466001
5.87,-47.67619325,0.1667358844,0.5590514764,0.3397118794,19.5,-30.37449056,14.05936757,2.013242026
5.88,-47.33250755,0.1697727529,0.5579370622,0.3403082753,19.5,-31.88807792,14.32429912,2.116347734
5.89,-46.97699199,0.1729022021,0.5567892152,0.3409191127,19.5,-33.49209722,14.60031079,2.223002402
5.9,-46.6088598,0.1761294208,0.5556062426,0.3415450156,19.5,-35.19338497,14.88816941,2.33344206
5.91,-46.22726321,0.1794599807,0.554386322,0.3421866545,19.5,-36.99940477,15.18871014,2.447921037
5.92,-45.83128779,0.1828998682,0.5531274905,0.3428447497,19.5,-38.91831163,15.50284384,2.566713664
5.93,-45.41994617,0.1864555197,0.5518276338,0.3435200763,19.5,-40.95902326,15.83156546,2.690116149
5.94,-44.99217117,0.1901338609,0.5504844728,0.3442134686,19.5,-43.13129874,16.17596338,2.818448649
5.95,-44.54680816,0.1939423486,0.5490955516,0.3449258258,19.5,-45.44582531,16.53723008,2.952057551
5.96,-44.08260673,0.197889017,0.5476582229,0.3456581181,19.5,-47.91431398,16.91667406,3.091317982
5.97,-43.59821139,0.2019825287,0.5461696342,0.346411393,19.5,-50.54960444,17.31573343,3.236636582
5.98,-43.09215152,0.2062322291,0.5446267135,0.3471867825,19.5,-53.36577994,17.7359913,3.388454545
5.99,-42.56283011,0.2106482068,0.543026155,0.3479855117,19.5,-56.37829242,18.17919315,3.547250967
6,-42.0085116,0.2152413583,0.5413644055,0.3488089069,19.5,-59.60409812,18.64726666,3.713546519
6.01,-41.58889279,0.2199911128,0.5396458132,0.3496551527,0,-63.14635352,19.05468341,3.839432162
6.02,-41.17047511,0.224846599,0.5378826942,0.3505193066,0,-66.89320494,19.47113759,3.964957466
6.03,-40.71920854,0.229823173,0.5360708521,0.3514030423,0,-70.84091165,19.91596351,4.100337438
6.04,-40.23338638,0.2349368922,0.534205854,0.3523081368,0,-75.00855582,20.3913898,4.246084085
6.05,-39.71113054,0.2402046062,0.5322830141,0.3532364829,0,-79.41712786,20.89988637,4.402760839
6.06,-39.15037484,0.2456440409,0.5302973865,0.3541901016,0,-84.08966175,21.44419578,4.570987548
6.07,-38.54884744,0.251273889,0.5282437633,0.3551711562,0,-89.05137335,22.02736861,4.751445769
6.08,-37.90405218,0.2571139034,0.5261166809,0.356181967,0,-94.32979669,22.65280357,4.944884346
6.09,-37.21324923,0.2631849951,0.5239104362,0.3572250276,0,-99.95491138,23.32429298,5.15212523
6.1,-36.47343497,0.2695093319,0.5216191183,0.3583030226,0,-105.959251,24.04607421,5.374069508
6.11,-35.68132162,0.2761104366,0.5192366571,0.3594188466,0,-112.3779786,24.82288798,5.611703514
6.12,-34.83331699,0.2830132802,0.5167568963,0.3605756249,0,-119.2489107,25.66004414,5.866104904
6.13,-33.92550515,0.2902443662,0.5141736935,0.3617767343,0,-126.6124636,26.56349591,6.138448455
6.14,-32.95362901,0.297831798,0.5114810551,0.3630258263,0,-134.5114885,27.53992312,6.430011297
6.15,-31.91307614,0.3058053222,0.5086733075,0.36432685,0,-142.9909491,28.59682529,6.742177157
6.16,-30.79886998,0.3141963347,0.5057453106,0.3656840754,0,-152.0973828,29.74262477,7.076439007
6.17,-29.60566881,0.3230378365,0.5026927108,0.367102116,0,-161.8780664,30.98678017,7.434399358
6.18,-28.32777622,0.3323643179,0.4995122299,0.3685859501,0,-172.3797896,32.33990921,7.817767135
6.19,-26.95916746,0.3422115511,0.4962019775,0.3701409389,0,-183.6471073,33.81391965,8.228349761
6.2,-25.49353777,0.3526162602,0.492761767,0.3717728398,0,-195.7199215,35.42214502,8.668038668
6.21,-23.92438014,0.3636156382,0.4891934077,0.3734878128,0,-208.6302086,37.17948038,9.138785959
6.22,-22.24510191,0.3752466736,0.4855009343,0.3752924174,0,-222.3976928,39.10250994,9.642569426
6.23,-20.44919162,0.3875452483,0.4816907366,0.3771935953,0,-237.0242625,41.20961504,10.18134251
6.24,-18.53044894,0.4005449702,0.4777715493,0.379198636,0,-252.4869609,43.52104612,10.75696532
6.25,-16.48329184,0.4142757102,0.473754277,0.3813151203,0,-268.7294828,46.05893629,11.37111245
6.26,-14.30315459,0.4287618295,0.4696516468,0.3835508354,0,-285.652297,48.84722791,12.02515362
6.27,-11.98698704,0.4440201059,0.4654777063,0.3859136572,0,-303.1018361,51.91147716,12.72000389
6.28,-9.533858743,0.460057407,0.4612472139,0.3884113947,0,-320.8596583,55.27849631,13.45594238
6.29,-6.945659103,0.4768682047,0.4569749848,0.3910515912,0,-338.6330928,58.97579196,14.23240227
6.3,-4.227865731,0.494432081,0.4526752669,0.393841282,0,-356.0495576,63.03076221,15.04774028
6.31,-1.390328164,0.5127114376,0.4483612142,0.3967867101,0,-372.6573497,67.46962929,15.89900155
6.32,1.552015894,0.531649664,0.4440445051,0.3998930048,0,-387.9360045,72.31611132,16.78170477
6.33,4.578604035,0.5511700543,0.4397351262,0.4031638396,0,-401.319002,77.58987653,17.68968121
6.34,7.663025939,0.5711757468,0.4354413161,0.406601086,0,-412.2303558,83.30487638,18.61500778
6.35,10.7732501,0.5915509127,0.4311696418,0.4102044928,0,-420.134295,89.46771212,19.54807503
6.36,13.87241142,0.612163314,0.426925167,0.4139714235,0,-424.5940226,96.07624137,20.47782343
6.37,16.92021015,0.6328682075,0.422711673,0.4178966848,0,-425.3320079,103.1186598,21.39216305
6.38,19.87488015,0.6535134029,0.4185318931,0.421972481,0,-422.2815279,110.573281,22.27856404
6.39,22.69557372,0.6739451131,0.4143877368,0.4261885144,0,-415.6184149,118.4091718,23.12477212
6.4,25.34490796,0.694014104,0.4102804851,0.4305322406,0,-405.7641035,126.5876851,23.91957239
6.41,27.79135225,0.7135815831,0.4062109529,0.4349892685,0,-393.3561,135.0647802,24.65350568
6.42,30.01113434,0.7325242834,0.4021796151,0.4395438722,0,-379.1888236,143.7938751,25.3194403
6.43,31.98940976,0.7507383085,0.3981867037,0.4441795722,0,-364.1343741,152.7288661,25.91292293
6.44,33.72056386,0.7681414767,0.3942322779,0.4488797293,0,-349.0570644,161.8269186,26.43226916
6.45,35.20766387,0.7846741078,0.3903162757,0.4536280992,0,-334.7361686,171.0506838,26.87839916
6.46,36.46121366,0.8002983887,0.3864385496,0.4584093045,0,-321.8083077,180.3697161,27.2544641
6.47,37.49745261,0.8149965957,0.3825988925,0.4632091934,0,-310.7354827,189.7610201,27.56533578
6.48,38.33646989,0.828768532,0.3787970552,0.4680150753,0,-301.7988726,199.2088028,27.81704097
6.49,39.0003792,0.8416285435,0.3750327594,0.4728158366,0,-295.1138098,208.703613,28.01621376
6.5,39.51173562,0.8536024356,0.3713057061,0.477601952,0,-290.6587707,218.2411015,28.16962069
6.51,39.89229825,0.8647245392,0.3676155821,0.4823654166,0,-288.3108106,227.8206316,28.28378947
6.52,40.16216911,0.8750350868,0.3639620646,0.4870996214,0,-287.8810786,237.4439302,28.36475073
6.53,40.33928338,0.8845779866,0.3603448243,0.4917991966,0,-289.1460474,247.1139098,28.41788501
6.54,40.43919184,0.8933990174,0.3567635277,0.4964598429,0,-291.8721863,256.8337286,28.44785755
6.55,40.47506291,0.9015444243,0.3532178393,0.501078164,0,-295.8335239,266.6061092,28.45861887
6.56,40.45783229,0.9090598716,0.3497074227,0.5056515111,0,-300.8226992,276.4328938,28.45344969
6.57,40.39643817,0.9159896966,0.3462319414,0.5101778445,0,-306.6567154,286.3148011,28.43503145
6.58,40.29809428,0.9223764044,0.34279106,0.5146556145,0,-313.1787863,296.2513355,28.40552828
6.59,40.16856679,0.9282603531,0.3393844444,0.5190836619,0,-320.2575795,306.2408047,28.36667004
6.6,40.01243382,0.9336795798,0.3360117626,0.5234611367,0,-327.7849267,316.280407,28.31983015
6.61,39.83331605,0.9386697313,0.3326726848,0.5277874327,0,-335.6728015,326.3663568,28.26609481
6.62,39.63407374,0.9432640684,0.3293668835,0.5320621353,0,-343.8501081,336.4940255,28.20632212
6.63,39.41697031,0.9474935202,0.3260940341,0.5362849813,0,-352.2596181,346.6580839,28.14119109
6.64,39.18380484,0.9513867722,0.3228538148,0.5404558269,0,-360.8552347,356.8526365,28.07124145
6.65,38.93601772,0.9549703743,0.3196459066,0.5445746235,0,-369.5996586,367.0713415,27.99690531
6.66,38.67477345,0.9582688599,0.3164699935,0.5486413984,0,-378.4624607,377.3075167,27.91853204
6.67,38.40102503,0.9613048705,0.3133257627,0.5526562407,0,-387.4185317,387.55423,27.83640751
6.68,38.11556337,0.9640992805,0.3102129043,0.5566192898,0,-396.4468589,397.8043753,27.75076901
6.69,37.81905519,0.9666713193,0.3071311114,0.5605307265,0,-405.5295757,408.050737,27.66181656
6.7,37.5120718,0.9690386897,0.3040800804,0.5643907666,0,-414.6512334,418.2860428,27.56972154
6.71,37.19511097,0.9712176802,0.3010595106,0.5681996551,0,-423.798247,428.5030079,27.47463329
6.72,36.86861349,0.9732232713,0.2980691046,0.5719576623,0,-432.9584783,438.6943722,27.37668405
6.73,36.5329758,0.9750692359,0.2951085678,0.5756650799,0,-442.120923,448.8529307,27.27599274
6.74,36.18855947,0.9767682328,0.2921776089,0.5793222189,0,-451.2754775,458.9715599,27.17266784
6.75,35.83569849,0.9783318935,0.2892759394,0.5829294066,0,-460.4127656,469.0432389,27.06680955
6.76,35.47470484,0.9797709038,0.2864032741,0.5864869851,0,-469.5240093,479.0610687,26.95851145
6.77,35.10587269,0.9810950783,0.2835593307,0.5899953095,0,-478.6009337,489.0182875,26.84786181
6.78,34.7294817,0.9823134302,0.2807438299,0.5934547465,0,-487.635696,498.9082847,26.73494451
6.79,34.34579951,0.9834342358,0.2779564953,0.5968656733,0,-496.6208332,508.7246123,26.61983985
6.8,33.9550837,0.9844650933,0.2751970536,0.6002284765,0,-505.5492227,518.4609949,26.50262511
6.81,33.55758331,0.9854129779,0.2724652346,0.6035435508,0,-514.4140537,528.1113388,26.38337499
6.82,33.15353998,0.9862842918,0.2697607706,0.6068112988,0,-523.2088052,537.6697389,26.26216199
6.83,32.74318889,0.9870849111,0.2670833971,0.6100321295,0,-531.9272297,547.1304851,26.13905667
6.84,32.32675946,0.987820228,0.2644328527,0.6132064582,0,-540.5633408,556.4880678,26.01412784
6.85,31.90447593,0.9884951903,0.2618088784,0.6163347053,0,-549.1114038,565.7371821,25.88744278
6.86,31.47655774,0.9891143376,0.2592112184,0.6194172961,0,-557.5659283,574.8727311,25.75906732
6.87,31.04321989,0.9896818341,0.2566396198,0.6224546602,0,-565.9216622,583.8898291,25.62906597
6.88,30.60467318,0.9902014995,0.2540938323,0.6254472305,0,-574.1735871,592.7838032,25.49750196
6.89,30.16112444,0.9906768365,0.2515736086,0.6283954434,0,-582.3169139,601.5501947,25.36443733
6.9,29.7127766,0.9911110571,0.2490787042,0.6312997377,0,-590.3470796,610.18476,25.22993298
6.91,29.25982885,0.9915071055,0.2466088772,0.6341605546,0,-598.2597436,618.6834703,25.09404865
6.92,28.80247669,0.9918676801,0.2441638888,0.6369783371,0,-606.050785,627.0425117,24.95684301
6.93,28.340912,0.9921952534,0.2417435027,0.6397535295,0,-613.7162994,635.2582836,24.8183736
6.94,27.87532304,0.99249209,0.2393474856,0.6424865771,0,-621.2525959,643.3273977,24.67869691
6.95,27.40589449,0.9927602633,0.2369756066,0.645177926,0,-628.6561939,651.2466761,24.53786835
6.96,26.93280746,0.9930016709,0.2346276378,0.6478280226,0,-635.92382,659.0131485,24.39594224
6.97,26.45623948,0.9932180487,0.232303354,0.6504373133,0,-643.0524048,666.6240502,24.25297184
6.98,25.97636449,0.9934109834,0.2300025327,0.653006244,0,-650.0390792,674.0768186,24.10900935
6.99,25.49335285,0.9935819248,0.2277249539,0.6555352603,0,-656.8811711,681.3690901,23.96410586
7,25.00737131,0.9937321961,0.2254704006,0.6580248068,0,-663.5762014,688.4986962,23.81831139
7.01,24.518583,0.9938630042,0.2232386582,0.6604753268,0,-670.1218804,695.4636598,23.6716749
7.02,24.02714746,0.9939754486,0.221029515,0.6628872623,0,-676.5161034,702.2621911,23.52424424
7.03,23.53322055,0.9940705296,0.2188427617,0.6652610539,0,-682.7569467,708.8926833,23.37606617
7.04,23.03695455,0.9941491559,0.216678192,0.6675971399,0,-688.8426635,715.3537077,23.22718636
7.05,22.53849804,0.9942121521,0.2145356019,0.669895957,0,-694.7716793,721.6440096,23.07764941
7.06,22.037996,0.9942602644,0.2124147901,0.6721579392,0,-700.5425872,727.762503,22.9274988
7.07,21.53558974,0.9942941666,0.2103155583,0.6743835183,0,-706.1541436,733.7082659,22.77677692
7.08,21.03141696,0.9943144657,0.2082377102,0.6765731233,0,-711.6052636,739.4805354,22.62552509
7.09,20.5256117,0.9943217068,0.2061810527,0.6787271805,0,-716.8950158,745.0787023,22.47378351
7.1,20.0183044,0.9943163774,0.204145395,0.6808461133,0,-722.0226179,750.5023064,22.32159132
7.11,19.5096219,0.9942989112,0.2021305489,0.6829303417,0,-726.9874317,755.7510308,22.16898657
7.12,18.99968745,0.9942696928,0.2001363289,0.6849802828,0,-731.7889582,760.824697,22.01600624
7.13,18.48862073,0.9942290601,0.1981625521,0.6869963499,0,-736.4268328,765.7232598,21.86268622
7.14,17.97653789,0.994177308,0.1962090381,0.6889789532,0,-740.9008207,770.446802,21.70906137
7.15,17.46355155,0.9941146913,0.1942756093,0.6909284991,0,-745.2108112,774.9955288,21.55516547
7.16,16.94977089,0.9940414269,0.1923620904,0.6928453901,0,-749.3568139,779.3697635,21.40103127
7.17,16.43530159,0.9939576968,0.1904683089,0.6947300251,0,-753.3389532,783.5699416,21.24669048
7.18,15.92024597,0.9938636497,0.1885940948,0.6965827992,0,-757.1574637,787.5966064,21.09217379
7.19,15.40470294,0.9937594033,0.1867392807,0.6984041032,0,-760.8126855,791.4504035,20.93751088
7.2,14.88876809,0.9936450462,0.1849037018,0.700194324,0,-764.3050594,795.1320762,20.78273043
7.21,14.37253373,0.9935206394,0.1830871958,0.7019538444,0,-767.6351226,798.6424606,20.62786012
7.22,13.85608891,0.9933862177,0.1812896031,0.7036830429,0,-770.8035039,801.9824808,20.47292667
7.23,13.33951951,0.9932417913,0.1795107665,0.7053822939,0,-773.8109192,805.1531443,20.31795585
7.24,12.82290822,0.9930873471,0.1777505317,0.7070519673,0,-776.6581676,808.1555375,20.16297247
7.25,12.30633468,0.9929228494,0.1760087465,0.708692429,0,-779.3461263,810.9908212,20.0080004
7.26,11.78987544,0.9927482416,0.1742852618,0.7103040401,0,-781.8757471,813.6602262,19.85306263
7.27,11.27360409,0.9925634463,0.1725799307,0.7118871577,0,-784.2480522,816.1650494,19.69818123
7.28,10.75759125,0.9923683669,0.170892609,0.7134421342,0,-786.4641299,818.506649,19.54337738
7.29,10.24190469,0.992162888,0.1692231551,0.7149693176,0,-788.5251308,820.6864414,19.38867141
7.3,9.726609314,0.9919468761,0.16757143,0.7164690516,0,-790.4322642,822.7058966,19.23408279
7.31,9.211767272,0.9917201802,0.1659372972,0.7179416752,0,-792.1867945,824.5665347,19.07963018
7.32,8.697437993,0.9914826322,0.1643206229,0.719387523,0,-793.7900371,826.2699222,18.9253314
7.33,8.183678245,0.9912340479,0.1627212758,0.7208069251,0,-795.2433554,827.8176689,18.77120347
7.34,7.670542192,0.9909742269,0.1611391271,0.7222002073,0,-796.5481573,829.2114236,18.61726266
7.35,7.158081454,0.990702953,0.1595740509,0.7235676905,0,-797.7058919,830.4528719,18.46352444
7.36,6.646345162,0.990419995,0.1580259235,0.7249096915,0,-798.7180466,831.543732,18.31000355
7.37,6.135380017,0.9901251064,0.1564946241,0.7262265224,0,-799.5861436,832.4857527,18.15671401
7.38,5.625230347,0.989818026,0.1549800343,0.7275184909,0,-800.3117375,833.2807093,18.0036691
7.39,5.115938164,0.9894984781,0.1534820383,0.7287859002,0,-800.8964121,833.9304021,17.85088145
7.4,4.607543219,0.9891661725,0.1520005231,0.7300290494,0,-801.3417777,834.4366526,17.69836297
7.41,4.100083062,0.9888208046,0.1505353781,0.7312482326,0,-801.649469,834.8013014,17.54612492
7.42,3.593593096,0.9884620559,0.1490864952,0.73244374,0,-801.8211417,835.0262058,17.39417793
7.43,3.088106631,0.9880895936,0.1476537692,0.7336158572,0,-801.858471,835.1132375,17.24253199
7.44,2.583654939,0.987703071,0.1462370972,0.7347648656,0,-801.7631487,835.0642797,17.09119648
7.45,2.080267311,0.9873021274,0.1448363792,0.7358910422,0,-801.5368811,834.8812259,16.94018019
7.46,1.577971104,0.9868863879,0.1434515173,0.7369946597,0,-801.181387,834.565977,16.78949133
7.47,1.076791798,0.9864554638,0.1420824168,0.7380759867,0,-800.6983957,834.12044,16.63913754
7.48,0.5767530462,0.9860089524,0.140728985,0.7391352874,0,-800.0896448,833.5465257,16.48912591
7.49,0.07787672166,0.9855464367,0.1393911322,0.7401728219,0,-799.3568785,832.846147,16.33946302
7.5,-0.4198170304,0.9850674858,0.1380687711,0.7411888463,0,-798.5018457,832.0212174,16.19015489
7.51,-0.9163097466,0.9845716542,0.136761817,0.7421836123,0,-797.5262987,831.0736493,16.04120708
7.52,-1.411584599,0.9840584825,0.1354701877,0.7431573677,0,-796.4319907,830.0053524,15.89262462
7.53,-1.905626351,0.9835274966,0.1341938036,0.7441103564,0,-795.2206752,828.8182323,15.74441209
7.54,-2.398421311,0.9829782077,0.1329325876,0.7450428181,0,-793.8941039,827.5141892,15.59657361
7.55,-2.889957297,0.9824101126,0.1316864653,0.7459549886,0,-792.4540254,826.0951167,15.44911281
7.56,-3.380223588,0.981822693,0.1304553645,0.7468470999,0,-790.9021837,824.5629001,15.30203292
7.57,-3.869210893,0.9812154158,0.1292392159,0.74771938,0,-789.2403172,822.9194158,15.15533673
7.58,-4.356911309,0.9805877323,0.1280379523,0.7485720531,0,-787.4701571,821.1665298,15.00902661
7.59,-4.84331829,0.979939079,0.1268515093,0.7494053397,0,-785.5934261,819.306097,14.86310451
7.6,-5.328426612,0.9792688764,0.1256798247,0.7502194566,0,-783.6118376,817.3399597,14.71757202
7.61,-5.812232343,0.9785765295,0.124522839,0.7510146167,0,-781.5270943,815.2699471,14.5724303
7.62,-6.294732813,0.9778614271,0.1233804948,0.7517910294,0,-779.3408869,813.0978741,14.42768016
7.63,-6.77592659,0.9771229422,0.1222527373,0.7525489004,0,-777.0548933,810.8255407,14.28332202
7.64,-7.255813454,0.976360431,0.121139514,0.753288432,0,-774.6707774,808.4547308,14.13935596
7.65,-7.734394378,0.9755732335,0.1200407748,0.7540098228,0,-772.1901882,805.9872117,13.99578169
7.66,-8.211671505,0.9747606726,0.1189564717,0.7547132679,0,-769.6147583,803.4247333,13.85259855
7.67,-8.687648134,0.9739220541,0.1178865593,0.7553989592,0,-766.9461036,800.769027,13.70980556
7.68,-9.162328705,0.9730566667,0.1168309941,0.7560670849,0,-764.1858216,798.0218056,13.56740139
7.69,-9.635718793,0.9721637815,0.115789735,0.75671783,0,-761.335491,795.1847618,13.42538436
7.7,-10.10782509,0.9712426514,0.114762743,0.7573513761,0,-758.3966702,792.2595682,13.28375247
7.71,-10.57865542,0.9702925118,0.1137499811,0.7579679017,0,-755.3708966,789.2478762,13.14250337
7.72,-11.0482187,0.9693125792,0.1127514145,0.7585675818,0,-752.2596852,786.1513156,13.00163439
7.73,-11.516525,0.9683020519,0.1117670104,0.7591505884,0,-749.0645284,782.9714936,12.8611425
7.74,-11.98358548,0.967260109,0.110796738,0.7597170901,0,-745.7868939,779.7099942,12.72102436
7.75,-12.44941246,0.9661859104,0.1098405683,0.7602672527,0,-742.4282245,776.3683777,12.58127626
7.76,-12.91401938,0.9650785967,0.1088984741,0.7608012386,0,-738.9899365,772.9481798,12.44189419
7.77,-13.37742087,0.9639372884,0.1079704302,0.7613192073,0,-735.4734189,769.4509112,12.30287374
7.78,-13.83963273,0.9627610861,0.107056413,0.7618213152,0,-731.8800321,765.8780562,12.16421018
7.79,-14.30067196,0.9615490698,0.1061564007,0.7623077156,0,-728.2111068,762.2310728,12.02589841
7.8,-14.7605568,0.9603002987,0.1052703728,0.7627785591,0,-724.4679429,758.5113913,11.88793296
7.81,-15.21930677,0.959013811,0.1043983107,0.763233993,0,-720.6518081,754.7204138,11.75030797
7.82,-15.67694266,0.9576886231,0.1035401971,0.7636741619,0,-716.7639367,750.8595133,11.6130172
7.83,-16.13348666,0.9563237298,0.1026960162,0.7640992075,0,-712.8055284,746.930033,11.476054
7.84,-16.58896229,0.9549181032,0.1018657532,0.7645092685,0,-708.7777469,742.9332853,11.33941131
7.85,-17.04339456,0.9534706931,0.1010493949,0.7649044807,0,-704.6817186,738.8705507,11.20308163
7.86,-17.49680995,0.9519804259,0.1002469292,0.7652849774,0,-700.5185308,734.7430774,11.06705701
7.87,-17.94923652,0.9504462045,0.0994583451,0.7656508886,0,-696.2892308,730.5520797,10.93132904
7.88,-18.40070392,0.9488669075,0.0986836325,0.7660023418,0,-691.994824,726.2987375,10.79588882
7.89,-18.85124352,0.9472413891,0.09792278237,0.7663394615,0,-687.6362725,721.9841949,10.66072694
7.9,-19.30088844,0.9455684782,0.09717578653,0.7666623696,0,-683.2144935,717.6095594,10.52583347
7.91,-19.74967364,0.943846978,0.09644263761,0.7669711851,0,-678.7303575,713.1759005,10.39119791
7.92,-20.19763602,0.9420756655,0.09572332895,0.767266024,0,-674.1846871,708.6842487,10.2568092
7.93,-20.64481448,0.9402532905,0.09501785456,0.7675469999,0,-669.5782547,704.1355945,10.12265566
7.94,-21.09125004,0.9383785753,0.09432620904,0.7678142234,0,-664.9117811,699.5308865,9.988724989
7.95,-21.53698592,0.9364502135,0.09364838751,0.7680678021,0,-660.1859339,694.8710309,9.855004223
7.96,-21.98206767,0.9344668697,0.09298438556,0.7683078412,0,-655.4013251,690.1568897,9.7214797
7.97,-22.42654321,0.9324271785,0.09233419917,0.7685344428,0,-650.5585099,685.3892797,9.588137036
7.98,-22.87046304,0.9303297434,0.09169782469,0.7687477061,0,-645.6579847,680.5689706,9.454961088
7.99,-23.31388027,0.928173136,0.09107525875,0.7689477277,0,-640.7001849,675.6966844,9.321935919
8,-23.75685079,0.925955895,0.09046649823,0.769134601,0,-635.6854835,670.7730932,9.189044764
8.01,-24.19943336,0.9236765249,0.08987154024,0.7693084168,0,-630.614189,665.7988182,9.056269992
8.02,-24.64168977,0.9213334952,0.08929038207,0.7694692628,0,-625.4865435,660.7744281,8.923593068
8.03,-25.08368497,0.9189252388,0.08872302116,0.7696172236,0,-620.3027209,655.7004377,8.79099451
8.04,-25.52548715,0.9164501506,0.08816945509,0.7697523811,0,-615.0628252,650.5773064,8.658453855
8.05,-25.96716796,0.9139065864,0.08762968156,0.769874814,0,-609.7668883,645.4054366,8.525949612
8.06,-26.40880259,0.911292861,0.08710369839,0.7699845978,0,-604.4148688,640.1851725,8.393459222
8.07,-26.85046994,0.908607247,0.08659150355,0.770081805,0,-599.0066496,634.9167983,8.260959017
8.08,-27.29225276,0.9058479726,0.08609309512,0.7701665049,0,-593.5420369,629.6005371,8.128424172
8.09,-27.73423778,0.9030132199,0.08560847135,0.7702387636,0,-588.0207581,624.2365492,7.995828666
8.1,-28.17651589,0.9001011229,0.08513763071,0.7702986439,0,-582.4424604,618.8249309,7.863145232
8.11,-28.61918227,0.8971097657,0.08468057186,0.7703462052,0,-576.8067095,613.365713,7.730345318
8.12,-29.06233654,0.8940371798,0.08423729378,0.7703815035,0,-571.1129881,607.8588597,7.597399039
8.13,-29.50608289,0.8908813421,0.08380779577,0.7704045913,0,-565.360695,602.3042673,7.464275132
8.14,-29.95053028,0.8876401723,0.08339207756,0.7704155178,0,-559.5491436,596.701763,7.330940916
8.15,-30.39579253,0.8843115301,0.08299013936,0.7704143283,0,-553.6775616,591.0511039,7.197362241
8.16,-30.84198849,0.880893213,0.08260198197,0.7704010646,0,-547.74509,585.3519761,7.063503454
8.17,-31.28924217,0.8773829528,0.08222760686,0.7703757646,0,-541.7507828,579.6039939,6.92932735
8.18,-31.73768287,0.8737784127,0.08186701629,0.7703384627,0,-535.6936069,573.8066988,6.794795138
8.19,-32.18744534,0.8700771846,0.08152021343,0.770289189,0,-529.5724422,567.9595596,6.659866398
8.2,-32.63866984,0.8662767853,0.08118720247,0.7702279699,0,-523.386082,562.0619715,6.524499048
8.21,-33.09150229,0.8623746532,0.08086798876,0.7701548277,0,-517.1332342,556.1132563,6.388649313
8.22,-33.54609436,0.8583681452,0.08056257898,0.7700697806,0,-510.8125224,550.1126624,6.252271691
8.23,-34.00260356,0.8542545323,0.08027098127,0.7699728426,0,-504.4224879,544.059365,6.115318931
8.24,-34.46119329,0.8500309967,0.07999320538,0.7698640233,0,-497.9615921,537.9524672,5.977742013
8.25,-34.92203289,0.8456946274,0.07972926287,0.7697433281,0,-491.4282196,531.7910007,5.839490134
8.26,-35.38529768,0.8412424167,0.07947916728,0.7696107581,0,-484.820682,525.5739275,5.700510696
8.27,-35.85116895,0.8366712561,0.0792429343,0.7694663097,0,-478.137223,519.3001414,5.560749314
8.28,-36.31983394,0.8319779328,0.07902058201,0.7693099749,0,-471.3760233,512.9684705,5.420149819
8.29,-36.79148573,0.8271591254,0.07881213105,0.7691417411,0,-464.5352081,506.5776802,5.278654281
8.3,-37.26632319,0.8222114006,0.07861760482,0.7689615911,0,-457.6128546,500.1264768,5.136203043
8.31,-37.74455079,0.8171312095,0.07843702976,0.768769503,0,-450.6070013,493.6135112,4.992734764
8.32,-38.22637839,0.8119148842,0.07827043555,0.7685654502,0,-443.515659,487.0373845,4.848186484
8.33,-38.71202098,0.8065586347,0.07811785534,0.7683494015,0,-436.3368234,480.3966535,4.702493707
8.34,-39.20169833,0.8010585464,0.07797932606,0.7681213208,0,-429.0684894,473.6898377,4.5555905
8.35,-39.69563459,0.7954105778,0.07785488863,0.7678811675,0,-421.7086675,466.915427,4.407409622
8.36,-40.19405774,0.789610559,0.07774458827,0.7676288962,0,-414.255403,460.0718913,4.257882679
8.37,-40.69719899,0.7836541904,0.0776484748,0.7673644571,0,-406.7067976,453.1576901,4.106940304
8.38,-41.20529206,0.7775370436,0.07756660295,0.7670877956,0,-399.0610336,446.1712855,3.954512383
8.39,-41.71857232,0.7712545618,0.07749903266,0.7667988529,0,-391.3164015,439.1111548,3.800528305
8.4,-42.23727576,0.7648020627,0.07744582948,0.7664975658,0,-383.471331,431.9758065,3.644917273
8.41,-42.76163784,0.7581747421,0.07740706489,0.7661838671,0,-375.5244261,424.7637975,3.487608649
8.42,-43.29189214,0.7513676803,0.07738281669,0.7658576855,0,-367.4745035,417.4737522,3.328532358
8.43,-43.82826881,0.7443758494,0.07737316943,0.7655189462,0,-359.3206361,410.104385,3.167619356
8.44,-44.3709928,0.7371941241,0.07737821486,0.7651675709,0,-351.0622007,402.654524,3.004802161
8.45,-44.92028184,0.7298172947,0.07739805231,0.7648034783,0,-342.6989308,395.1231383,2.840015448
8.46,-45.4763442,0.7222400841,0.07743278926,0.7644265845,0,-334.2309744,387.5093682,2.67319674
8.47,-46.03937612,0.7144571676,0.07748254177,0.7640368034,0,-325.6589572,379.8125579,2.504287165
8.48,-46.60955894,0.7064631977,0.07754743506,0.7636340471,0,-316.9840511,372.0322919,2.333232317
8.49,-47.18705597,0.6982528335,0.07762760402,0.7632182268,0,-308.2080478,364.1684345,2.159983209
8.5,-47.7720089,0.6898207761,0.07772319376,0.7627892529,0,-299.333438,356.221173,1.984497329
8.51,-48.364534,0.6811618089,0.07783436019,0.7623470365,0,-290.3634949,348.1910642,1.8067398
8.52,-48.96471782,0.672270846,0.07796127059,0.7618914896,0,-281.302362,340.0790842,1.626684655
8.53,-49.57261262,0.6631429875,0.07810410413,0.7614225261,0,-272.1551445,331.8866818,1.444316215
8.54,-50.1882314,0.653773583,0.07826305239,0.760940063,0,-262.9280029,323.6158344,1.259630581
8.55,-50.81154258,0.6441583044,0.07843831986,0.7604440212,0,-253.6282464,315.2691077,1.072637226
8.56,-51.44246437,0.6342932277,0.0786301243,0.759934327,0,-244.2644264,306.8497159,0.8833606896
8.57,-52.08085885,0.6241749255,0.07883869707,0.7594109129,0,-234.8464253,298.3615851,0.6918423437
8.58,-52.72652589,0.6138005698,0.07906428326,0.7588737194,0,-225.3855387,289.8094158,0.4981422341
8.59,-53.37919682,0.6031680457,0.07930714173,0.7583226959,0,-215.8945478,281.1987452,0.3023409528
8.6,-54.03852826,0.5922760757,0.07956754486,0.7577578026,0,-206.3877774,272.5360077,0.1045415209
8.61,-54.70409588,0.5811243548,0.07984577809,0.757179012,0,-196.8811355,263.8285912,-0.0951287635
8.62,-55.37538853,0.5697136954,0.08014213913,0.7565863101,0,-187.3921285,255.0848872,-0.2965165593
8.63,-56.05180286,0.55804618,0.08045693682,0.7559796986,0,-177.9398478,246.3143334,-0.4994408568
8.64,-56.73263853,0.5461253216,0.08079048951,0.755359196,0,-168.5449217,237.527445,-0.7036915593
8.65,-57.41709449,0.5339562268,0.08114312306,0.7547248396,0,-159.2294271,228.7358326,-0.9090283465
8.66,-58.10426634,0.5215457609,0.08151516824,0.754076687,0,-150.0167555,219.9522035,-1.115179902
8.67,-58.79314531,0.5089027083,0.08190695757,0.7534148177,0,-140.9314303,211.1903435,-1.321843593
8.68,-59.48261896,0.4960379249,0.08231882159,0.7527393344,0,-131.9988704,202.4650758,-1.528685689
8.69,-60.17147403,0.4829644759,0.08275108446,0.7520503644,0,-123.2451005,193.7921952,-1.735342208
8.7,-60.85840158,0.4696977515,0.08320405901,0.7513480609,0,-114.6964075,185.1883742,-1.941420473
8.71,-61.54200479,0.4562555547,0.08367804114,0.7506326037,0,-106.3789481,176.6710399,-2.146501438
8.72,-62.22080948,0.4426581523,0.08417330376,0.7499042003,0,-98.31831275,168.2582211,-2.350142843
8.73,-62.89327736,0.4289282818,0.08469009023,0.7491630859,0,-90.53905789,159.9683657,-2.551883207
8.74,-63.55782221,0.4150911071,0.08522860758,0.748409524,0,-83.0642182,151.8201298,-2.751246662
8.75,-64.21282853,0.4011741161,0.08578901952,0.747643806,0,-75.91481721,143.8321421,-2.947748558
8.76,-64.85667259,0.3872069563,0.08637143954,0.7468662507,0,-69.10939443,136.0227484,-3.140901776
8.77,-65.48774529,0.3732212056,0.08697592428,0.7460772033,0,-62.66357028,128.4097414,-3.330223587
8.78,-66.10447631,0.3592500773,0.08760246742,0.7452770344,0,-56.58966973,121.0100847,-3.515242894
8.79,-66.70535881,0.3453280644,0.08825099435,0.7444661379,0,-50.89642457,113.8396389,-3.695507643
8.8,-67.28897385,0.3314905276,0.08892135777,0.7436449296,0,-45.58877125,106.9128997,-3.870592156
8.81,-67.85401378,0.3177732383,0.08961333461,0.7428138442,0,-40.66775715,100.2427566,-4.040104134
8.82,-68.39930355,0.3042118882,0.09032662427,0.7419733331,0,-36.13056216,93.84028282,-4.203691065
8.83,-68.92381937,0.2908415814,0.09106084843,0.7411238612,0,-31.97063623,87.71456391,-4.361045811
8.84,-69.4267038,0.2776963259,0.0918155524,0.740265904,0,-28.17794681,81.87257136,-4.511911139
8.85,-69.90727684,0.2648085422,0.09259020813,0.7393999444,0,-24.73932339,76.31908663,-4.656083052
8.86,-70.36504268,0.2522086048,0.09338421865,0.7385264693,0,-21.63888149,71.0566774,-4.793412803
8.87,-70.79969182,0.2399244348,0.09419692402,0.7376459664,0,-18.85850384,66.08572589,-4.923807546
8.88,-71.21109884,0.2279811545,0.09502760831,0.7367589209,0,-16.37835496,61.40450681,-5.047229653
8.89,-71.59931588,0.2164008149,0.09587550765,0.7358658128,0,-14.17740448,57.00930993,-5.163694765
8.9,-71.96456244,0.2052022024,0.09673981888,0.7349671135,0,-12.23393676,52.89460068,-5.273268732
8.91,-72.30721203,0.1944007261,0.0976197086,0.734063284,0,-10.52602671,49.0532111,-5.376063609
8.92,-72.62777635,0.1840083854,0.09851432232,0.7331547718,0,-9.031966473,45.47655224,-5.472232906
8.93,-72.92688778,0.1740338117,0.09942279344,0.7322420094,0,-7.730631828,42.15483963,-5.561966333
8.94,-73.20528079,0.1644823779,0.1003442518,0.7313254128,0,-6.601782256,39.07732316,-5.645484237
8.95,-73.46377316,0.1553563644,0.1012778318,0.7304053796,0,-5.626292866,36.23251405,-5.723031949
8.96,-73.7032474,0.1466551718,0.1022226795,0.7294822888,0,-4.786320277,33.60840225,-5.79487422
8.97,-73.92463298,0.1383755691,0.1031779588,0.7285564994,0,-4.065407459,31.19265925,-5.861289894
8.98,-74.12888986,0.1305119652,0.1041428575,0.7276283505,0,-3.448534652,28.97282225,-5.922566958
8.99,-74.31699345,0.1230566933,0.1051165911,0.7266981611,0,-2.922124632,26.93645742,-5.978998035
9,-74.48992131,0.1160003001,0.1060984071,0.7257662301,0,-2.474011085,25.0713006,-6.030876393
9.01,-74.64864163,0.1093318304,0.1070875873,0.7248328366,0,-2.093378632,23.3653755,-6.078492488
9.02,-74.79410353,0.1030391004,0.1080834496,0.7238982407,0,-1.770682454,21.80708974,-6.12213106
9.03,-74.92722914,0.09710895645,0.1090853496,0.7229626838,0,-1.497554522,20.38531,-6.162068743
9.04,-75.04890729,0.09152751357,0.110092681,0.7220263895,0,-1.266702386,19.08941818,-6.198572186
9.05,-75.15998871,0.08628037259,0.1111048752,0.7210895644,0,-1.071805331,17.90935028,-6.231896613
9.06,-75.26128269,0.08135281437,0.1121214014,0.7201523988,0,-0.9074116764,16.83562041,-6.262284807
9.07,-75.35355481,0.0767299708,0.1131417652,0.719215068,0,-0.768839963,15.85933191,-6.289966443
9.08,-75.43752576,0.07239697292,0.1141655076,0.7182777326,0,-0.6520859759,14.97217787,-6.315157729
9.09,-75.51387101,0.0683390773,0.1151922038,0.7173405403,0,-0.5537368032,14.16643288,-6.338061304
9.1,-75.58322115,0.06454177192,0.1162214611,0.7164036257,0,-0.4708925813,13.43493795,-6.358866346
9.11,-75.64616285,0.06099086323,0.1172529179,0.7154671124,0,-0.4010961337,12.77108009,-6.377748856
9.12,-75.7032402,0.05767254607,0.1182862412,0.7145311127,0,-0.3422703853,12.16876812,-6.39487206
9.13,-75.7549564,0.05457345847,0.1193211253,0.7135957292,0,-0.2926632081,11.62240567,-6.41038692
9.14,-75.8017757,0.05168072289,0.1203572899,0.7126610555,0,-0.2507992058,11.12686272,-6.424432711
9.15,-75.84412548,0.04898197584,0.1213944782,0.7117271764,0,-0.2154378594,10.67744613,-6.437137643
9.16,-75.88239838,0.04646538737,0.1224324554,0.7107941692,0,-0.1855374146,10.26987012,-6.448619513
9.17,-75.91695454,0.04411967203,0.123471007,0.7098621041,0,-0.1602238906,9.900227095,-6.458986361
9.18,-75.94812377,0.04193409265,0.124509937,0.7089310446,0,-0.1387646079,9.564959217,-6.46833713
9.19,-75.9762077,0.03989845819,0.1255490669,0.7080010486,0,-0.1205456675,9.260831049,-6.476762311
9.2,-76.00148189,0.03800311667,0.1265882339,0.7070721682,0,-0.105052861,8.984903486,-6.484344568
9.21,-76.02419779,0.03623894424,0.1276272898,0.7061444508,0,-0.09185553793,8.734509083,-6.491159337
9.22,-76.04458466,0.03459733122,0.1286660995,0.7052179393,0,-0.0805930091,8.507228888,-6.497275397
9.23,-76.06285137,0.03307016572,0.1297045404,0.7042926723,0,-0.07096311397,8.300870792,-6.502755412
9.24,-76.07918812,0.03164981553,0.1307425007,0.7033686849,0,-0.06271262596,8.113449413,-6.507656435
9.25,-76.09376794,0.03032910888,0.131779879,0.7024460087,0,-0.05562921395,7.943167479,-6.512030382
9.26,-76.10674825,0.02910131425,0.132816583,0.7015246721,0,-0.04953471676,7.788398657,-6.515924476
9.27,-76.11827216,0.0279601199,0.1338525289,0.7006047009,0,-0.04427952234,7.647671773,-6.519381649
9.28,-76.12846976,0.02689961316,0.1348876406,0.6996861182,0,-0.03973787456,7.519656351,-6.522440927
9.29,-76.13745923,0.02591425985,0.1359218491,0.6987689447,0,-0.03580395699,7.403149386,-6.52513777
9.3,-76.14534799,0.02499888402,0.1369550916,0.6978531993,0,-0.03238862661,7.29706328,-6.527504398
9.31,-76.1522336,0.02414864807,0.1379873111,0.6969388988,0,-0.02941669036,7.20041485,-6.529570081
9.32,-76.15820468,0.02335903347,0.139018456,0.6960260582,0,-0.02682463453,7.11231534,-6.531361405
9.33,-76.16334174,0.02262582212,0.1400484795,0.6951146909,0,-0.02455873163,7.031961344,-6.532902521
9.34,-76.16771789,0.0219450784,0.1410773389,0.6942048092,0,-0.02257346163,6.958626582,-6.534215367
9.35,-76.17139957,0.02131313195,0.1421049957,0.6932964238,0,-0.02083019491,6.891654439,-6.535319872
9.36,-76.17444713,0.02072656129,0.143131415,0.6923895441,0,-0.01929609311,6.830451227,-6.53623414
9.37,-76.1769154,0.02018217812,0.144156565,0.6914841789,0,-0.01794319108,6.774480073,-6.536974619
9.38,-76.17885419,0.01967701255,0.1451804171,0.6905803355,0,-0.01674762983,6.723255407,-6.537556258
9.39,-76.1803088,0.01920829896,0.1462029452,0.6896780207,0,-0.01568901482,6.676337981,-6.537992641
9.4,-76.18132039,0.01877346275,0.1472241257,0.6887772404,0,-0.01474987887,6.633330362,-6.538296117
9.41,-76.18192637,0.01837010776,0.1482439373,0.6878779996,0,-0.01391523203,6.59387288,-6.538477912
9.42,-76.18216079,0.01799600445,0.1492623607,0.6869803028,0,-0.01317218398,6.557639955,-6.538548238
9.43,-76.1820546,0.01764907878,0.1502793784,0.6860841539,0,-0.01250962687,6.524336793,-6.538516379
9.44,-76.18163595,0.01732740177,0.1512949746,0.6851895562,0,-0.01191796865,6.493696405,-6.538390786
9.45,-76.18093049,0.01702917964,0.1523091351,0.6842965126,0,-0.01138890851,6.465476916,-6.538179148
9.46,-76.17996154,0.01675274468,0.153321847,0.6834050253,0,-0.01091524751,6.439459138,-6.537888463
9.47,-76.17875035,0.01649654658,0.1543330987,0.6825150965,0,-0.01049072872,6.415444386,-6.537525106
9.48,-76.17731627,0.01625914439,0.1553428797,0.6816267275,0,-0.01010990203,6.3932525,-6.53709488
9.49,-76.17567691,0.01603919899,0.1563511806,0.6807399197,0,-0.009768009662,6.372720069,-6.536603073
9.5,-76.17384835,0.015835466,0.157357993,0.679854674,0,-0.009460889019,6.353698825,-6.536054506
9.51,-76.17184524,0.01564678927,0.1583633093,0.6789709911,0,-0.009184890215,6.336054197,-6.535453571
9.52,-76.16968091,0.01547209465,0.1593671226,0.6780888713,0,-0.008936805851,6.319664004,-6.534804274
9.53,-76.16736757,0.01531038434,0.1603694269,0.6772083147,0,-0.008713811173,6.304417276,-6.534110271
9.54,-76.16491631,0.01516073149,0.1613702169,0.6763293215,0,-0.008513412979,6.29021319,-6.533374894
9.55,-76.16233729,0.01502227524,0.1623694876,0.6754518912,0,-0.008333405929,6.276960114,-6.532601188
9.56,-76.15963977,0.01489421608,0.1633672347,0.6745760234,0,-0.008171835102,6.264574736,-6.531791932
9.57,-76.15683221,0.0147758115,0.1643634547,0.6737017176,0,-0.008026963876,6.252981285,-6.530949662
9.58,-76.15392233,0.01466637202,0.165358144,0.6728289731,0,-0.007897246306,6.24211082,-6.530076698
9.59,-76.15091719,0.01456525736,0.1663512999,0.6719577889,0,-0.00778130334,6.231900597,-6.529175158
9.6,-76.14782326,0.01447187305,0.1673429197,0.671088164,0,-0.007677902295,6.222293487,-6.528246979
9.61,-76.14464644,0.01438566708,0.1683330014,0.6702200974,0,-0.007585939123,6.213237458,-6.527293933
9.62,-76.14139214,0.01430612697,0.1693215431,0.6693535879,0,-0.00750442305,6.2046851,-6.526317641
9.63,-76.13806528,0.0142327769,0.1703085432,0.6684886341,0,-0.00743246326,6.196593201,-6.525319584
9.64,-76.1346704,0.01416517514,0.1712940005,0.6676252346,0,-0.00736925731,6.188922361,-6.52430112
9.65,-76.13121164,0.01410291161,0.1722779138,0.6667633881,0,-0.007314081061,6.181636641,-6.523263492
9.66,-76.12769279,0.01404560559,0.1732602823,0.665903093,0,-0.007266279881,6.174703249,-6.522207837
9.67,-76.12411733,0.01399290368,0.1742411054,0.6650443476,0,-0.007225260964,6.168092253,-6.521135199
9.68,-76.12048844,0.01394447781,0.1752203827,0.6641871504,0,-0.007190486608,6.161776318,-6.520046533
9.69,-76.11680905,0.01390002346,0.1761981139,0.6633314995,0,-0.007161468318,6.155730479,-6.518942714
9.7,-76.11308182,0.01385925793,0.1771742989,0.6624773934,0,-0.007137761618,6.14993192,-6.517824547
9.71,-76.10930922,0.01382191882,0.1781489377,0.6616248301,0,-0.007118961494,6.144359786,-6.516692767
9.72,-76.1054935,0.01378776258,0.1791220304,0.6607738079,0,-0.007104698371,6.138995004,-6.515548051
9.73,-76.10163673,0.01375656311,0.1800935774,0.6599243248,0,-0.007094634551,6.133820128,-6.514391018
9.74,-76.0977408,0.01372811058,0.1810635789,0.659076379,0,-0.007088461071,6.128819192,-6.513222239
9.75,-76.09380745,0.0137022102,0.1820320356,0.6582299685,0,-0.007085894912,6.123977581,-6.512042236
9.76,-76.0898383,0.01367868118,0.1829989479,0.6573850914,0,-0.007086676512,6.119281909,-6.510851489
9.77,-76.0858348,0.01365735572,0.1839643166,0.6565417457,0,-0.007090567564,6.114719915,-6.509650439
9.78,-76.08179831,0.01363807807,0.1849281424,0.6556999293,0,-0.007097349041,6.110280361,-6.508439492
9.79,-76.07773006,0.01362070365,0.1858904261,0.6548596402,0,-0.007106819441,6.105952945,-6.507219019
9.8,-76.07363121,0.0136050983,0.1868511685,0.6540208764,0,-0.00711879321,6.101728221,-6.505989364
9.81,-76.0695028,0.01359113747,0.1878103707,0.6531836359,0,-0.007133099325,6.097597519,-6.50475084
9.82,-76.06534579,0.01357870558,0.1887680335,0.6523479165,0,-0.007149580034,6.093552888,-6.503503738
9.83,-76.06116107,0.01356769533,0.1897241581,0.6515137161,0,-0.007168089705,6.089587022,-6.502248322
9.84,-76.05694946,0.01355800717,0.1906787456,0.6506810327,0,-0.007188493801,6.085693218,-6.500984839
9.85,-76.05271171,0.01354954865,0.191631797,0.6498498641,0,-0.007210667954,6.081865314,-6.499713514
9.86,-76.04844851,0.01354223401,0.1925833135,0.6490202082,0,-0.007234497116,6.078097647,-6.498434552
9.87,-76.04416049,0.01353598363,0.1935332964,0.6481920628,0,-0.007259874805,6.074385014,-6.497148146
9.88,-76.03984823,0.01353072361,0.1944817468,0.647365426,0,-0.007286702412,6.070722628,-6.49585447
9.89,-76.03551229,0.01352638538,0.1954286661,0.6465402953,0,-0.007314888571,6.067106085,-6.494553686
9.9,-76.03115314,0.01352290526,0.1963740556,0.6457166689,0,-0.007344348591,6.063531334,-6.493245943
9.91,-76.02677125,0.01352022419,0.1973179165,0.6448945443,0,-0.007375003935,6.059994646,-6.491931376
9.92,-76.02236704,0.01351828732,0.1982602503,0.6440739197,0,-0.007406781742,6.056492584,-6.490610113
9.93,-76.01794089,0.01351704377,0.1992010582,0.6432547926,0,-0.007439614399,6.053021987,-6.489282267
9.94,-76.01349316,0.01351644628,0.2001403418,0.642437161,0,-0.007473439137,6.049579939,-6.487947947
9.95,-76.00902417,0.01351645103,0.2010781022,0.6416210228,0,-0.007508197673,6.046163752,-6.48660725
9.96,-76.00453422,0.01351701731,0.2020143411,0.6408063756,0,-0.007543835872,6.042770951,-6.485260266
9.97,-76.00002359,0.01351810737,0.2029490598,0.6399932175,0,-0.007580303444,6.039399251,-6.483907077
9.98,-75.99549254,0.01351968614,0.2038822598,0.6391815461,0,-0.007617553661,6.036046544,-6.482547761
9.99,-75.99094129,0.0135217211,0.2048139426,0.6383713594,0,-0.007655543099,6.032710885,-6.481182387
10,-75.98637006,0.01352418204,0.2057441095,0.6375626551,0,-0.007694231399,6.029390479,-6.479811019
10.01,-75.98177906,0.01352704095,0.2066727622,0.636755431,0,-0.007733581046,6.026083668,-6.478433717
10.02,-75.97716845,0.01353027181,0.207599902,0.6359496851,0,-0.007773557168,6.022788921,-6.477050535
10.03,-75.97253841,0.01353385049,0.2085255306,0.635145415,0,-0.007814127347,6.019504824,-6.475661522
10.04,-75.96788908,0.01353775457,0.2094496493,0.6343426187,0,-0.00785526145,6.01623007,-6.474266725
10.05,-75.96322061,0.01354196327,0.2103722598,0.633541294,0,-0.007896931462,6.01296345,-6.472866184
10.06,-75.95853313,0.01354645729,0.2112933635,0.6327414387,0,-0.007939111344,6.009703848,-6.471459939
10.07,-75.95382675,0.01355121871,0.212212962,0.6319430506,0,-0.007981776893,6.00645023,-6.470048024
10.08,-75.94910157,0.01355623093,0.2131310568,0.6311461276,0,-0.008024905617,6.003201641,-6.468630471
10.09,-75.9443577,0.0135614785,0.2140476495,0.6303506675,0,-0.008068476615,5.999957197,-6.467207311
10.1,-75.93959523,0.01356694713,0.2149627415,0.6295566681,0,-0.008112470468,5.996716079,-6.465778568
10.11,-75.93481423,0.01357262352,0.2158763345,0.6287641273,0,-0.008156869139,5.99347753,-6.464344269
10.12,-75.93001478,0.01357849534,0.21678843,0.6279730429,0,-0.008201655878,5.99024085,-6.462904434
10.13,-75.92519695,0.01358455116,0.2176990295,0.6271834128,0,-0.008246815135,5.987005388,-6.461459084
10.14,-75.92036079,0.01359078037,0.2186081346,0.6263952349,0,-0.008292332479,5.983770544,-6.460008236
10.15,-75.91550636,0.01359717311,0.2195157469,0.6256085069,0,-0.00833819452,5.98053576,-6.458551909
10.16,-75.91063372,0.01360372025,0.2204218679,0.6248232267,0,-0.008384388843,5.97730052,-6.457090115
10.17,-75.9057429,0.0136104133,0.2213264991,0.6240393922,0,-0.008430903938,5.974064347,-6.455622869
10.18,-75.90083394,0.01361724441,0.2222296422,0.6232570012,0,-0.008477729145,5.970826798,-6.454150182
10.19,-75.89590688,0.01362420626,0.2231312987,0.6224760516,0,-0.00852485459,5.967587462,-6.452672065
10.2,-75.89096176,0.0136312921,0.2240314702,0.6216965413,0,-0.008572271139,5.964345957,-6.451188528
10.21,-75.8859986,0.01363849564,0.2249301582,0.6209184681,0,-0.008619970346,5.961101933,-6.449699579
10.22,-75.88101742,0.01364581106,0.2258273644,0.62014183,0,-0.008667944405,5.957855062,-6.448205225
10.23,-75.87601824,0.01365323294,0.2267230902,0.6193666247,0,-0.008716186114,5.95460504,-6.446705472
10.24,-75.87100109,0.0136607563,0.2276173372,0.6185928502,0,-0.008764688828,5.951351588,-6.445200327
10.25,-75.86596598,0.01366837646,0.2285101071,0.6178205043,0,-0.008813446426,5.948094444,-6.443689793
10.26,-75.86091292,0.01367608914,0.2294014013,0.617049585,0,-0.008862453277,5.944833368,-6.442173875
10.27,-75.85584192,0.01368389033,0.2302912214,0.6162800901,0,-0.008911704205,5.941568136,-6.440652576
10.28,-75.850753,0.01369177633,0.2311795691,0.6155120175,0,-0.008961194463,5.938298542,-6.439125899
10.29,-75.84564615,0.01369974371,0.2320664458,0.6147453652,0,-0.0090109197,5.935024392,-6.437593846
10.3,-75.84052139,0.01370778928,0.2329518532,0.6139801309,0,-0.00906087594,5.93174551,-6.436056417
10.31,-75.83537872,0.01371591011,0.2338357928,0.6132163127,0,-0.009111059554,5.928461731,-6.434513615
10.32,-75.83021813,0.01372410345,0.2347182662,0.6124539084,0,-0.00916146724,5.925172903,-6.43296544
10.33,-75.82503964,0.01373236678,0.2355992749,0.611692916,0,-0.009212095998,5.921878884,-6.431411891
10.34,-75.81984323,0.01374069776,0.2364788204,0.6109333333,0,-0.009262943115,5.918579546,-6.429852969
10.35,-75.81462891,0.01374909421,0.2373569045,0.6101751584,0,-0.009314006145,5.915274767,-6.428288672
10.36,-75.80939667,0.01375755414,0.2382335286,0.609418389,0,-0.00936528289,5.911964435,-6.426719001
10.37,-75.80414651,0.01376607567,0.2391086942,0.6086630232,0,-0.009416771384,5.908648449,-6.425143953
10.38,-75.79887842,0.0137746571,0.239982403,0.6079090588,0,-0.009468469882,5.905326714,-6.423563527
10.39,-75.7935924,0.01378329682,0.2408546564,0.6071564938,0,-0.00952037684,5.901999142,-6.421977721
10.4,-75.78828844,0.01379199338,0.2417254562,0.6064053262,0,-0.009572490908,5.898665654,-6.420386532
10.41,-75.78296653,0.01380074541,0.2425948037,0.6056555539,0,-0.009624810915,5.895326174,-6.418789959
10.42,-75.77762667,0.01380955166,0.2434627006,0.6049071748,0,-0.009677335854,5.891980636,-6.417188
10.43,-75.77226883,0.01381841096,0.2443291484,0.6041601869,0,-0.00973006488,5.888628977,-6.41558065
10.44,-75.76689303,0.01382732225,0.2451941486,0.6034145881,0,-0.009782997292,5.88527114,-6.413967908
10.45,-75.76149924,0.01383628454,0.2460577029,0.6026703765,0,-0.009836132527,5.881907073,-6.412349771
10.46,-75.75608745,0.01384529693,0.2469198127,0.6019275499,0,-0.009889470153,5.878536728,-6.410726234
10.47,-75.75065765,0.01385435856,0.2477804796,0.6011861063,0,-0.009943009858,5.875160063,-6.409097296
10.48,-75.74520984,0.01386346867,0.2486397052,0.6004460438,0,-0.009996751445,5.871777038,-6.407462952
10.49,-75.73974399,0.01387262655,0.249497491,0.5997073602,0,-0.01005069482,5.868387618,-6.405823198
10.5,-75.73426011,0.01388183155,0.2503538385,0.5989700536,0,-0.01010484,5.864991772,-6.404178033
10.51,-75.72875817,0.01389108306,0.2512087493,0.5982341219,0,-0.01015918707,5.861589469,-6.402527451
10.52,-75.72323816,0.01390038054,0.2520622249,0.5974995631,0,-0.01021373624,5.858180686,-6.400871448
10.53,-75.71770007,0.01390972347,0.2529142669,0.5967663753,0,-0.01026848778,5.854765399,-6.399210022
10.54,-75.71214389,0.01391911141,0.2537648767,0.5960345564,0,-0.01032344204,5.851343589,-6.397543168
10.55,-75.70656961,0.01392854393,0.254614056,0.5953041044,0,-0.01037859945,5.847915238,-6.395870883
10.56,-75.70097721,0.01393802064,0.2554618062,0.5945750173,0,-0.01043396049,5.844480332,-6.394193162
10.57,-75.69536667,0.01394754119,0.2563081289,0.5938472932,0,-0.01048952574,5.841038858,-6.392510001
10.58,-75.68973799,0.01395710526,0.2571530256,0.5931209299,0,-0.01054529581,5.837590805,-6.390821396
10.59,-75.68409115,0.01396671256,0.2579964979,0.5923959256,0,-0.01060127138,5.834136165,-6.389127344
10.6,-75.67842613,0.01397636284,0.2588385472,0.5916722783,0,-0.01065745319,5.830674932,-6.38742784
10.61,-75.67274294,0.01398605586,0.2596791752,0.590949986,0,-0.01071384202,5.8272071,-6.385722881
10.62,-75.66704154,0.01399579139,0.2605183832,0.5902290467,0,-0.0107704387,5.823732666,-6.384012461
10.63,-75.66132193,0.01400556926,0.2613561729,0.5895094584,0,-0.01082724412,5.82025163,-6.382296578
10.64,-75.65558409,0.01401538929,0.2621925457,0.5887912192,0,-0.01088425919,5.81676399,-6.380575227
10.65,-75.64982801,0.01402525133,0.2630275032,0.5880743271,0,-0.01094148489,5.813269748,-6.378848403
10.66,-75.64405368,0.01403515525,0.263861047,0.5873587801,0,-0.0109989222,5.809768907,-6.377116104
10.67,-75.63826108,0.01404510094,0.2646931784,0.5866445764,0,-0.01105657219,5.806261471,-6.375378325
10.68,-75.63245021,0.01405508828,0.265523899,0.5859317139,0,-0.0111144359,5.802747444,-6.373635062
10.69,-75.62662104,0.01406511719,0.2663532104,0.5852201907,0,-0.01117251447,5.799226834,-6.371886312
10.7,-75.62077356,0.0140751876,0.267181114,0.5845100049,0,-0.01123080902,5.795699647,-6.370132069
10.71,-75.61490777,0.01408529945,0.2680076113,0.5838011545,0,-0.01128932072,5.792165891,-6.368372331
10.72,-75.60902364,0.01409545268,0.2688327039,0.5830936376,0,-0.01134805078,5.788625577,-6.366607093
10.73,-75.60312117,0.01410564727,0.2696563933,0.5823874522,0,-0.01140700041,5.785078713,-6.364836352
10.74,-75.59720035,0.01411588316,0.2704786809,0.5816825965,0,-0.01146617088,5.781525312,-6.363060104
10.75,-75.59126115,0.01412616035,0.2712995683,0.5809790685,0,-0.01152556345,5.777965386,-6.361278345
10.76,-75.58530357,0.01413647883,0.272119057,0.5802768662,0,-0.01158517943,5.774398946,-6.359491072
10.77,-75.5793276,0.01414683858,0.2729371484,0.5795759878,0,-0.01164502014,5.770826006,-6.35769828
10.78,-75.57333322,0.01415723962,0.2737538441,0.5788764314,0,-0.01170508692,5.767246581,-6.355899967
10.79,-75.56732043,0.01416768194,0.2745691455,0.578178195,0,-0.01176538114,5.763660685,-6.354096128
10.8,-75.5612892,0.01417816558,0.2753830542,0.5774812768,0,-0.01182590419,5.760068335,-6.352286761
10.81,-75.55523954,0.01418869054,0.2761955716,0.5767856747,0,-0.01188665747,5.756469545,-6.350471861
10.82,-75.54917142,0.01419925686,0.2770066993,0.5760913871,0,-0.01194764241,5.752864333,-6.348651426
10.83,-75.54308484,0.01420986457,0.2778164386,0.5753984118,0,-0.01200886045,5.749252716,-6.346825452
10.84,-75.53697978,0.01422051371,0.2786247912,0.5747067472,0,-0.01207031305,5.745634712,-6.344993935
10.85,-75.53085624,0.01423120431,0.2794317585,0.5740163912,0,-0.01213200168,5.742010339,-6.343156873
10.86,-75.52471421,0.01424193643,0.2802373419,0.5733273419,0,-0.01219392785,5.738379617,-6.341314263
10.87,-75.51855367,0.01425271011,0.281041543,0.5726395976,0,-0.01225609305,5.734742564,-6.339466101
10.88,-75.51237461,0.01426352541,0.2818443632,0.5719531564,0,-0.01231849881,5.731099201,-6.337612384
10.89,-75.50617703,0.01427438238,0.2826458041,0.5712680162,0,-0.01238114668,5.727449548,-6.33575311
10.9,-75.49996092,0.01428528108,0.283445867,0.5705841754,0,-0.01244403821,5.723793626,-6.333888275
10.91,-75.49372626,0.01429622158,0.2842445535,0.569901632,0,-0.01250717496,5.720131455,-6.332017877
10.92,-75.48747304,0.01430720394,0.2850418651,0.5692203842,0,-0.01257055852,5.716463058,-6.330141912
10.93,-75.48120126,0.01431822822,0.2858378032,0.5685404301,0,-0.01263419049,5.712788456,-6.328260379
10.94,-75.47491092,0.0143292945,0.2866323692,0.5678617678,0,-0.01269807247,5.709107672,-6.326373275
10.95,-75.46860199,0.01434040285,0.2874255648,0.5671843956,0,-0.01276220608,5.705420729,-6.324480596
10.96,-75.46227447,0.01435155334,0.2882173912,0.5665083115,0,-0.01282659297,5.70172765,-6.322582342
10.97,-75.45592836,0.01436274604,0.2890078501,0.5658335137,0,-0.01289123478,5.698028458,-6.320678508
10.98,-75.44956364,0.01437398104,0.2897969428,0.5651600004,0,-0.01295613318,5.694323177,-6.318769093
10.99,-75.44318032,0.01438525841,0.2905846709,0.5644877698,0,-0.01302128982,5.690611831,-6.316854095
11,-75.43677837,0.01439657823,0.2913710357,0.5638168199,0,-0.01308670641,5.686894444,-6.314933511
11.01,-75.4303578,0.01440794058,0.2921560388,0.5631471491,0,-0.01315238463,5.683171042,-6.313007339
11.02,-75.42391859,0.01441934555,0.2929396816,0.5624787554,0,-0.01321832619,5.67944165,-6.311075578
11.03,-75.41746075,0.01443079322,0.2937219655,0.561811637,0,-0.01328453282,5.675706292,-6.309138225
11.04,-75.41098426,0.01444228367,0.2945028921,0.5611457922,0,-0.01335100625,5.671964995,-6.307195279
11.05,-75.40448912,0.01445381699,0.2952824628,0.5604812191,0,-0.01341774821,5.668217784,-6.305246737
11.06,-75.39797533,0.01446539326,0.296060679,0.5598179159,0,-0.01348476047,5.664464686,-6.303292598
11.07,-75.39144287,0.01447701258,0.2968375422,0.5591558807,0,-0.01355204478,5.660705727,-6.30133286
11.08,-75.38489174,0.01448867503,0.2976130538,0.5584951119,0,-0.01361960293,5.656940935,-6.299367522
11.09,-75.37832194,0.01450038069,0.2983872153,0.5578356075,0,-0.01368743669,5.653170335,-6.297396583
11.1,-75.37173347,0.01451212967,0.2991600282,0.5571773659,0,-0.01375554788,5.649393955,-6.29542004
11.11,-75.36512631,0.01452392204,0.2999314938,0.5565203851,0,-0.0138239383,5.645611823,-6.293437893
11.12,-75.35850046,0.01453575791,0.3007016137,0.5558646634,0,-0.01389260976,5.641823967,-6.291450139
11.13,-75.35185593,0.01454763735,0.3014703892,0.5552101991,0,-0.0139615641,5.638030414,-6.289456779
11.14,-75.3451927,0.01455956046,0.3022378219,0.5545569903,0,-0.01403080317,5.634231193,-6.287457811
11.15,-75.33851078,0.01457152734,0.3030039131,0.5539050353,0,-0.0141003288,5.630426332,-6.285453235
11.16,-75.33181016,0.01458353807,0.3037686643,0.5532543322,0,-0.01417014287,5.62661586,-6.283443048
11.17,-75.32509083,0.01459559275,0.304532077,0.5526048794,0,-0.01424024725,5.622799806,-6.28142725
11.18,-75.3183528,0.01460769147,0.3052941525,0.551956675,0,-0.01431064383,5.618978199,-6.279405841
11.19,-75.31159607,0.01461983433,0.3060548923,0.5513097172,0,-0.01438133448,5.615151069,-6.27737882
11.2,-75.30482062,0.01463202141,0.3068142979,0.5506640044,0,-0.01445232114,5.611318444,-6.275346187
11.21,-75.29802647,0.01464425281,0.3075723706,0.5500195348,0,-0.01452360569,5.607480355,-6.27330794
11.22,-75.2912136,0.01465652862,0.308329112,0.5493763065,0,-0.01459519009,5.603636832,-6.271264079
11.23,-75.28438202,0.01466884895,0.3090845234,0.5487343179,0,-0.01466707625,5.599787905,-6.269214605
11.24,-75.27753172,0.01468121387,0.3098386063,0.5480935672,0,-0.01473926613,5.595933604,-6.267159517
11.25,-75.27066271,0.01469362349,0.3105913621,0.5474540527,0,-0.01481176169,5.59207396,-6.265098814
11.26,-75.26377499,0.0147060779,0.3113427922,0.5468157726,0,-0.01488456489,5.588209004,-6.263032497
11.27,-75.25686855,0.01471857719,0.3120928981,0.5461787251,0,-0.01495767772,5.584338767,-6.260960566
11.28,-75.2499434,0.01473112146,0.3128416811,0.5455429086,0,-0.01503110216,5.580463279,-6.25888302
11.29,-75.24299954,0.01474371081,0.3135891427,0.5449083213,0,-0.01510484021,5.576582573,-6.256799861
11.3,-75.23603696,0.01475634532,0.3143352844,0.5442749614,0,-0.01517889389,5.57269668,-6.254711088
11.31,-75.22905567,0.01476902509,0.3150801075,0.5436428273,0,-0.01525326522,5.568805631,-6.252616701
11.32,-75.22205567,0.01478175022,0.3158236135,0.5430119173,0,-0.01532795622,5.564909458,-6.250516702
11.33,-75.21503697,0.0147945208,0.3165658037,0.5423822295,0,-0.01540296894,5.561008194,-6.24841109
11.34,-75.20799956,0.01480733692,0.3173066797,0.5417537624,0,-0.01547830544,5.557101871,-6.246299867
11.35,-75.20094344,0.01482019868,0.3180462427,0.5411265141,0,-0.01555396778,5.553190521,-6.244183032
11.36,-75.19386863,0.01483310618,0.3187844943,0.540500483,0,-0.01562995803,5.549274178,-6.242060588
11.37,-75.18677512,0.0148460595,0.3195214359,0.5398756674,0,-0.01570627828,5.545352872,-6.239932535
11.38,-75.17966291,0.01485905875,0.3202570688,0.5392520655,0,-0.01578293062,5.541426639,-6.237798873
11.39,-75.17253201,0.01487210401,0.3209913944,0.5386296757,0,-0.01585991717,5.53749551,-6.235659604
11.4,-75.16538243,0.01488519538,0.3217244142,0.5380084963,0,-0.01593724005,5.53355952,-6.233514729
11.41,-75.15821417,0.01489833295,0.3224561297,0.5373885255,0,-0.01601490137,5.529618701,-6.23136425
11.42,-75.15102722,0.01491151683,0.3231865421,0.5367697617,0,-0.01609290328,5.525673087,-6.229208167
11.43,-75.14382161,0.01492474709,0.3239156529,0.5361522032,0,-0.01617124794,5.521722712,-6.227046482
11.44,-75.13659732,0.01493802384,0.3246434635,0.5355358484,0,-0.0162499375,5.51776761,-6.224879197
11.45,-75.12935438,0.01495134716,0.3253699753,0.5349206954,0,-0.01632897414,5.513807815,-6.222706314
11.46,-75.12209278,0.01496471716,0.3260951898,0.5343067427,0,-0.01640836004,5.509843361,-6.220527833
11.47,-75.11481252,0.01497813392,0.3268191082,0.5336939886,0,-0.0164880974,5.505874284,-6.218343757
11.48,-75.10751363,0.01499159754,0.3275417321,0.5330824314,0,-0.01656818842,5.501900616,-6.216154088
11.49,-75.10019609,0.01500510811,0.3282630628,0.5324720695,0,-0.01664863533,5.497922394,-6.213958828
11.5,-75.09285993,0.01501866573,0.3289831017,0.5318629011,0,-0.01672944034,5.493939651,-6.211757979
11.51,-75.08550514,0.01503227048,0.3297018502,0.5312549246,0,-0.0168106057,5.489952423,-6.209551542
11.52,-75.07813174,0.01504592246,0.3304193097,0.5306481383,0,-0.01689213366,5.485960745,-6.207339521
11.53,-75.07073972,0.01505962176,0.3311354817,0.5300425407,0,-0.01697402649,5.481964653,-6.205121917
11.54,-75.06332911,0.01507336847,0.3318503674,0.52943813,0,-0.01705628645,5.477964182,-6.202898734
11.55,-75.05589991,0.01508716269,0.3325639683,0.5288349046,0,-0.01713891583,5.473959367,-6.200669973
11.56,-75.04845213,0.0151010045,0.3332762858,0.5282328629,0,-0.01722191694,5.469950244,-6.198435638
11.57,-75.04098577,0.01511489401,0.3339873213,0.5276320031,0,-0.01730529207,5.465936849,-6.19619573
11.58,-75.03350085,0.01512883129,0.3346970761,0.5270323237,0,-0.01738904356,5.461919218,-6.193950254
11.59,-75.02599737,0.01514281644,0.3354055517,0.526433823,0,-0.01747317372,5.457897388,-6.191699211
11.6,-75.01847535,0.01515684956,0.3361127495,0.5258364994,0,-0.0175576849,5.453871394,-6.189442605
11.61,-75.0109348,0.01517093073,0.3368186707,0.5252403513,0,-0.01764257946,5.449841273,-6.187180439
11.62,-75.00337572,0.01518506004,0.3375233169,0.524645377,0,-0.01772785977,5.445807062,-6.184912715
11.63,-74.99579813,0.01519923758,0.3382266894,0.5240515749,0,-0.01781352819,5.441768797,-6.182639439
11.64,-74.98820204,0.01521346345,0.3389287896,0.5234589434,0,-0.01789958713,5.437726514,-6.180360611
11.65,-74.98058746,0.01522773773,0.3396296188,0.5228674808,0,-0.01798603898,5.433680252,-6.178076238
11.66,-74.9729544,0.01524206052,0.3403291785,0.5222771856,0,-0.01807288616,5.429630047,-6.175786321
11.67,-74.96530288,0.01525643189,0.34102747,0.5216880561,0,-0.01816013109,5.425575936,-6.173490864
11.68,-74.9576329,0.01527085195,0.3417244948,0.5211000907,0,-0.01824777621,5.421517957,-6.171189871
11.69,-74.94994449,0.01528532078,0.3424202541,0.5205132878,0,-0.01833582398,5.417456147,-6.168883347
11.7,-74.94223765,0.01529983847,0.3431147494,0.5199276458,0,-0.01842427684,5.413390543,-6.166571295
11.71,-74.93451239,0.01531440511,0.343807982,0.5193431631,0,-0.01851313727,5.409321183,-6.164253718
11.72,-74.92676874,0.01532902079,0.3444999534,0.5187598381,0,-0.01860240777,5.405248106,-6.161930622
11.73,-74.9190067,0.01534368559,0.3451906649,0.5181776692,0,-0.01869209083,5.401171349,-6.15960201
11.74,-74.91122629,0.0153583996,0.3458801178,0.5175966547,0,-0.01878218895,5.39709095,-6.157267887
11.75,-74.90342752,0.01537316291,0.3465683136,0.5170167933,0,-0.01887270467,5.393006947,-6.154928257
11.76,-74.89561041,0.01538797561,0.3472552536,0.5164380831,0,-0.01896364051,5.388919379,-6.152583124
11.77,-74.88777498,0.01540283779,0.3479409392,0.5158605226,0,-0.01905499903,5.384828283,-6.150232494
11.78,-74.87992124,0.01541774952,0.3486253717,0.5152841104,0,-0.01914678277,5.380733699,-6.147876371
11.79,-74.8720492,0.01543271091,0.3493085526,0.5147088447,0,-0.01923899433,5.376635666,-6.145514759
11.8,-74.86415888,0.01544772203,0.3499904832,0.514134724,0,-0.01933163627,5.37253422,-6.143147664
11.81,-74.8562503,0.01546278296,0.3506711648,0.5135617467,0,-0.01942471119,5.368429403,-6.14077509
11.82,-74.84832348,0.01547789381,0.3513505989,0.5129899112,0,-0.01951822172,5.364321252,-6.138397043
11.83,-74.84037843,0.01549305464,0.3520287868,0.5124192161,0,-0.01961217046,5.360209806,-6.136013528
11.84,-74.83241516,0.01550826555,0.3527057298,0.5118496596,0,-0.01970656005,5.356095105,-6.133624549
11.85,-74.82443371,0.01552352663,0.3533814294,0.5112812403,0,-0.01980139314,5.351977188,-6.131230114
11.86,-74.81643408,0.01553883795,0.3540558869,0.5107139566,0,-0.0198966724,5.347856095,-6.128830225
11.87,-74.8084163,0.0155541996,0.3547291036,0.5101478069,0,-0.01999240048,5.343731864,-6.126424891
11.88,-74.80038038,0.01556961166,0.3554010809,0.5095827897,0,-0.02008858009,5.339604535,-6.124014115
11.89,-74.79232635,0.01558507422,0.3560718202,0.5090189034,0,-0.02018521391,5.335474148,-6.121597904
11.9,-74.78425421,0.01560058737,0.3567413229,0.5084561465,0,-0.02028230467,5.331340743,-6.119176263
11.91,-74.776164,0.01561615118,0.3574095902,0.5078945175,0,-0.02037985508,5.327204359,-6.116749199
11.92,-74.76805572,0.01563176573,0.3580766236,0.5073340146,0,-0.02047786788,5.323065037,-6.114316717
11.93,-74.75992941,0.01564743112,0.3587424245,0.5067746366,0,-0.02057634583,5.318922816,-6.111878823
11.94,-74.75178508,0.01566314742,0.3594069941,0.5062163817,0,-0.02067529169,5.314777736,-6.109435525
11.95,-74.74362276,0.01567891471,0.3600703338,0.5056592485,0,-0.02077470823,5.310629839,-6.106986827
11.96,-74.73544246,0.01569473308,0.360732445,0.5051032354,0,-0.02087459824,5.306479163,-6.104532737
11.97,-74.7272442,0.01571060261,0.361393329,0.5045483409,0,-0.02097496454,5.302325749,-6.10207326
11.98,-74.71902801,0.01572652338,0.3620529872,0.5039945635,0,-0.02107580993,5.298169638,-6.099608404
11.99,-74.71079392,0.01574249546,0.362711421,0.5034419016,0,-0.02117713725,5.29401087,-6.097138175
12,-74.70254193,0.01575851895,0.3633686316,0.5028903537,0,-0.02127894933,5.289849487,-6.09466258
12.01,-74.69427208,0.01577459391,0.3640246205,0.5023399183,0,-0.02138124905,5.285685527,-6.092181625
12.02,-74.68598439,0.01579072044,0.364679389,0.5017905939,0,-0.02148403926,5.281519033,-6.089695318
12.03,-74.67767888,0.0158068986,0.3653329385,0.5012423789,0,-0.02158732285,5.277350046,-6.087203665
12.04,-74.66935558,0.01582312848,0.3659852702,0.5006952719,0,-0.02169110273,5.273178605,-6.084706675
12.05,-74.66101451,0.01583941016,0.3666363856,0.5001492713,0,-0.02179538179,5.269004752,-6.082204353
12.06,-74.65265569,0.01585574372,0.3672862859,0.4996043757,0,-0.02190016297,5.264828529,-6.079696707
12.07,-74.64427915,0.01587212923,0.3679349726,0.4990605834,0,-0.0220054492,5.260649976,-6.077183745
12.08,-74.63588491,0.01588856676,0.368582447,0.4985178931,0,-0.02211124344,5.256469135,-6.074665474
12.09,-74.62747301,0.01590505641,0.3692287103,0.4979763032,0,-0.02221754866,5.252286046,-6.072141902
12.1,-74.61904345,0.01592159824,0.3698737641,0.4974358122,0,-0.02232436782,5.248100751,-6.069613036
12.11,-74.61059628,0.01593819234,0.3705176096,0.4968964186,0,-0.02243170393,5.243913292,-6.067078885
12.12,-74.60213152,0.01595483877,0.3711602481,0.496358121,0,-0.02253956,5.23972371,-6.064539455
12.13,-74.59364919,0.01597153762,0.371801681,0.4958209177,0,-0.02264793904,5.235532047,-6.061994756
12.14,-74.58514931,0.01598828896,0.3724419096,0.4952848074,0,-0.02275684409,5.231338344,-6.059444794
12.15,-74.57663193,0.01600509286,0.3730809354,0.4947497886,0,-0.0228662782,5.227142643,-6.056889579
12.16,-74.56809706,0.01602194941,0.3737187595,0.4942158598,0,-0.02297624444,5.222944985,-6.054329118
12.17,-74.55954473,0.01603885867,0.3743553834,0.4936830194,0,-0.02308674588,5.218745413,-6.051763419
12.18,-74.55097497,0.01605582072,0.3749908084,0.4931512661,0,-0.02319778562,5.214543969,-6.049192492
12.19,-74.54238781,0.01607283563,0.3756250358,0.4926205983,0,-0.02330936676,5.210340693,-6.046616344
12.2,-74.53378328,0.01608990348,0.376258067,0.4920910145,0,-0.02342149242,5.206135628,-6.044034985
12.21,-74.52516141,0.01610702434,0.3768899032,0.4915625133,0,-0.02353416573,5.201928817,-6.041448422
12.22,-74.51652222,0.01612419829,0.377520546,0.4910350933,0,-0.02364738985,5.197720301,-6.038856665
12.23,-74.50786574,0.01614142538,0.3781499964,0.4905087529,0,-0.02376116794,5.193510122,-6.036259722
12.24,-74.49919201,0.01615870571,0.378778256,0.4899834907,0,-0.02387550318,5.189298323,-6.033657603
12.25,-74.49050106,0.01617603933,0.3794053261,0.4894593052,0,-0.02399039876,5.185084945,-6.031050317
12.26,-74.48179291,0.01619342632,0.3800312079,0.488936195,0,-0.02410585788,5.180870032,-6.028437872
12.27,-74.47306759,0.01621086676,0.3806559028,0.4884141586,0,-0.02422188377,5.176653624,-6.025820278
12.28,-74.46432515,0.0162283607,0.3812794121,0.4878931946,0,-0.02433847967,5.172435765,-6.023197544
12.29,-74.4555656,0.01624590822,0.3819017372,0.4873733014,0,-0.02445564882,5.168216498,-6.020569679
12.3,-74.44678898,0.0162635094,0.3825228794,0.4868544777,0,-0.02457339449,5.163995863,-6.017936694
12.31,-74.43799532,0.0162811643,0.38314284,0.486336722,0,-0.02469171996,5.159773905,-6.015298597
12.32,-74.42918466,0.01629887298,0.3837616204,0.4858200328,0,-0.02481062852,5.155550665,-6.012655399
12.33,-74.42035703,0.01631663552,0.3843792219,0.4853044088,0,-0.02493012349,5.151326186,-6.010007108
12.34,-74.41151245,0.01633445199,0.3849956457,0.4847898484,0,-0.02505020819,5.14710051,-6.007353736
12.35,-74.40265097,0.01635232245,0.3856108933,0.4842763502,0,-0.02517088595,5.142873681,-6.004695291
12.36,-74.39377261,0.01637024697,0.3862249659,0.4837639129,0,-0.02529216014,5.13864574,-6.002031784
12.37,-74.38487742,0.01638822561,0.386837865,0.4832525349,0,-0.02541403412,5.134416731,-5.999363225
12.38,-74.37596541,0.01640625845,0.3874495917,0.4827422148,0,-0.02553651127,5.130186696,-5.996689624
12.39,-74.36703664,0.01642434555,0.3880601475,0.4822329512,0,-0.025659595,5.125955677,-5.994010992
12.4,-74.35809113,0.01644248697,0.3886695336,0.4817247426,0,-0.02578328871,5.121723719,-5.991327338
12.41,-74.34912891,0.01646068279,0.3892777514,0.4812175877,0,-0.02590759584,5.117490863,-5.988638674
12.42,-74.34015003,0.01647893306,0.3898848021,0.480711485,0,-0.02603251984,5.113257152,-5.985945009
12.43,-74.33115452,0.01649723784,0.3904906873,0.4802064331,0,-0.02615806415,5.109022629,-5.983246355
12.44,-74.32214241,0.01651559721,0.391095408,0.4797024306,0,-0.02628423226,5.104787337,-5.980542722
12.45,-74.31311374,0.01653401123,0.3916989657,0.479199476,0,-0.02641102766,5.100551319,-5.977834121
12.46,-74.30406854,0.01655247995,0.3923013617,0.4786975679,0,-0.02653845384,5.096314618,-5.975120563
12.47,-74.29500686,0.01657100345,0.3929025973,0.478196705,0,-0.02666651434,5.092077276,-5.972402058
12.48,-74.28592873,0.01658958178,0.3935026737,0.4776968858,0,-0.02679521268,5.087839337,-5.969678619
12.49,-74.27683418,0.016608215,0.3941015925,0.4771981089,0,-0.02692455242,5.083600844,-5.966950255
12.5,-74.26772326,0.01662690319,0.3946993547,0.4767003728,0,-0.02705453713,5.079361838,-5.964216979
12.51,-74.258596,0.01664564639,0.3952959619,0.4762036763,0,-0.02718517038,5.075122365,-5.961478801
12.52,-74.24945244,0.01666444466,0.3958914152,0.4757080179,0,-0.02731645578,5.070882465,-5.958735733
12.53,-74.24029262,0.01668329808,0.396485716,0.4752133961,0,-0.02744839693,5.066642183,-5.955987786
12.54,-74.23111658,0.01670220669,0.3970788656,0.4747198096,0,-0.02758099748,5.062401562,-5.953234973
12.55,-74.22192435,0.01672117056,0.3976708654,0.4742272571,0,-0.02771426105,5.058160643,-5.950477304
12.56,-74.21271597,0.01674018974,0.3982617165,0.473735737,0,-0.02784819131,5.053919472,-5.947714791
12.57,-74.20349149,0.0167592643,0.3988514205,0.473245248,0,-0.02798279193,5.049678089,-5.944947447
12.58,-74.19425094,0.01677839428,0.3994399785,0.4727557887,0,-0.02811806662,5.045436539,-5.942175282
12.59,-74.18499437,0.01679757975,0.4000273918,0.4722673578,0,-0.02825401906,5.041194865,-5.93939831
12.6,-74.17572181,0.01681682077,0.4006136619,0.4717799538,0,-0.02839065299,5.036953109,-5.936616542
12.61,-74.1664333,0.01683611739,0.4011987899,0.4712935753,0,-0.02852797215,5.032711314,-5.933829989
12.62,-74.15712889,0.01685546966,0.4017827772,0.4708082211,0,-0.02866598029,5.028469524,-5.931038666
12.63,-74.14780861,0.01687487764,0.4023656252,0.4703238896,0,-0.02880468117,5.024227781,-5.928242583
12.64,-74.13847251,0.01689434139,0.402947335,0.4698405795,0,-0.02894407859,5.019986129,-5.925441753
12.65,-74.12912063,0.01691386096,0.4035279081,0.4693582895,0,-0.02908417635,5.015744611,-5.922636189
12.66,-74.11975301,0.0169334364,0.4041073457,0.4688770181,0,-0.02922497826,5.011503269,-5.919825903
12.67,-74.11036969,0.01695306777,0.4046856492,0.468396764,0,-0.02936648816,5.007262146,-5.917010907
12.68,-74.10097072,0.01697275512,0.4052628198,0.4679175258,0,-0.02950870989,5.003021286,-5.914191215
12.69,-74.09155613,0.01699249851,0.4058388588,0.4674393022,0,-0.02965164733,4.998780731,-5.91136684
12.7,-74.08212598,0.01701229797,0.4064137676,0.4669620918,0,-0.02979530436,4.994540525,-5.908537793
12.71,-74.0726803,0.01703215357,0.4069875475,0.4664858931,0,-0.02993968487,4.99030071,-5.905704089
12.72,-74.06321913,0.01705206536,0.4075601997,0.466010705,0,-0.03008479277,4.986061329,-5.902865739
12.73,-74.05374253,0.01707203339,0.4081317256,0.4655365259,0,-0.03023063201,4.981822425,-5.900022758
12.74,-74.04425053,0.0170920577,0.4087021265,0.4650633546,0,-0.03037720652,4.977584041,-5.897175158
12.75,-74.03474317,0.01711213835,0.4092714037,0.4645911896,0,-0.03052452026,4.97334622,-5.894322952
12.76,-74.02522052,0.01713227538,0.4098395584,0.4641200297,0,-0.03067257722,4.969109005,-5.891466155
12.77,-74.01568259,0.01715246885,0.410406592,0.4636498734,0,-0.03082138139,4.964872438,-5.888604778
12.78,-74.00612946,0.01717271879,0.4109725057,0.4631807194,0,-0.03097093678,4.960636563,-5.885738837
12.79,-73.99656115,0.01719302527,0.4115373009,0.4627125664,0,-0.03112124741,4.956401421,-5.882868344
12.8,-73.98697771,0.01721338832,0.4121009789,0.4622454131,0,-0.03127231734,4.952167057,-5.879993312
12.81,-73.97737919,0.01723380799,0.412663541,0.461779258,0,-0.03142415063,4.947933512,-5.877113757
12.82,-73.96776564,0.01725428433,0.4132249885,0.4613140998,0,-0.03157675134,4.943700829,-5.874229691
12.83,-73.95813709,0.01727481738,0.4137853226,0.4608499372,0,-0.03173012357,4.939469051,-5.871341128
12.84,-73.94849361,0.01729540719,0.4143445446,0.4603867689,0,-0.03188427143,4.93523822,-5.868448082
12.85,-73.93883523,0.0173160538,0.414902656,0.4599245935,0,-0.03203919905,4.93100838,-5.865550568
12.86,-73.92916199,0.01733675725,0.4154596579,0.4594634096,0,-0.03219491057,4.926779572,-5.862648598
12.87,-73.91947396,0.0173575176,0.4160155516,0.459003216,0,-0.03235141015,4.922551839,-5.859742189
12.88,-73.90977118,0.01737833487,0.4165703385,0.4585440113,0,-0.03250870196,4.918325224,-5.856831353
12.89,-73.90005368,0.01739920912,0.4171240198,0.4580857941,0,-0.03266679019,4.91409977,-5.853916105
12.9,-73.89032153,0.01742014038,0.4176765968,0.4576285632,0,-0.03282567906,4.909875517,-5.850996459
12.91,-73.88057477,0.0174411287,0.4182280709,0.4571723172,0,-0.03298537278,4.90565251,-5.84807243
12.92,-73.87081344,0.01746217411,0.4187784433,0.4567170548,0,-0.0331458756,4.90143079,-5.845144032
12.93,-73.8610376,0.01748327666,0.4193277153,0.4562627746,0,-0.03330719177,4.897210399,-5.84221128
12.94,-73.85124729,0.01750443638,0.4198758882,0.4558094754,0,-0.03346932558,4.892991381,-5.839274188
12.95,-73.84144257,0.01752565332,0.4204229633,0.4553571558,0,-0.0336322813,4.888773776,-5.836332772
12.96,-73.83162349,0.01754692751,0.4209689419,0.4549058144,0,-0.03379606326,4.884557628,-5.833387046
12.97,-73.82179008,0.01756825899,0.4215138253,0.4544554501,0,-0.03396067577,4.880342977,-5.830437024
12.98,-73.81194241,0.0175896478,0.4220576147,0.4540060614,0,-0.03412612317,4.876129867,-5.827482722
12.99,-73.80208052,0.01761109397,0.4226003115,0.4535576471,0,-0.03429240982,4.87191834,-5.824524155
13,-73.79220446,0.01763259754,0.4231419169,0.4531102058,0,-0.0344595401,4.867708437,-5.821561338
13.01,-73.78231429,0.01765415855,0.4236824322,0.4526637362,0,-0.0346275184,4.8635002,-5.818594286
13.02,-73.77241004,0.01767577703,0.4242218587,0.4522182371,0,-0.03479634912,4.859293671,-5.815623013
13.03,-73.76249179,0.01769745301,0.4247601978,0.451773707,0,-0.0349660367,4.855088892,-5.812647536
13.04,-73.75255957,0.01771918654,0.4252974506,0.4513301447,0,-0.03513658556,4.850885905,-5.80966787
13.05,-73.74261343,0.01774097763,0.4258336185,0.450887549,0,-0.03530800017,4.846684751,-5.80668403
13.06,-73.73265344,0.01776282633,0.4263687028,0.4504459184,0,-0.035480285,4.842485472,-5.803696032
13.07,-73.72267963,0.01778473267,0.4269027047,0.4500052517,0,-0.03565344455,4.83828811,-5.80070389
13.08,-73.71269207,0.01780669667,0.4274356255,0.4495655476,0,-0.03582748332,4.834092706,-5.797707622
13.09,-73.7026908,0.01782871838,0.4279674665,0.4491268048,0,-0.03600240584,4.829899301,-5.794707241
13.1,-73.69267588,0.01785079781,0.428498229,0.448689022,0,-0.03617821665,4.825707938,-5.791702765
13.11,-73.68264736,0.01787293501,0.4290279143,0.4482521979,0,-0.0363549203,4.821518657,-5.788694208
13.12,-73.67260529,0.01789512999,0.4295565237,0.4478163312,0,-0.03653252139,4.817331499,-5.785681587
13.13,-73.66254973,0.01791738279,0.4300840584,0.4473814206,0,-0.03671102448,4.813146506,-5.782664918
13.14,-73.65248072,0.01793969344,0.4306105197,0.4469474648,0,-0.03689043421,4.808963719,-5.779644216
13.15,-73.64239833,0.01796206196,0.4311359089,0.4465144626,0,-0.03707075518,4.80478318,-5.776619498
13.16,-73.6323026,0.01798448838,0.4316602272,0.4460824126,0,-0.03725199205,4.800604928,-5.773590779
13.17,-73.62219359,0.01800697273,0.4321834761,0.4456513136,0,-0.03743414948,4.796429005,-5.770558076
13.18,-73.61207135,0.01802951503,0.4327056566,0.4452211642,0,-0.03761723213,4.792255452,-5.767521405
13.19,-73.60193594,0.0180521153,0.4332267702,0.4447919633,0,-0.03780124471,4.78808431,-5.764480782
13.2,-73.59178741,0.01807477358,0.4337468181,0.4443637095,0,-0.03798619192,4.783915619,-5.761436224
13.21,-73.58162582,0.01809748989,0.4342658015,0.4439364015,0,-0.0381720785,4.77974942,-5.758387747
13.22,-73.57145122,0.01812026424,0.4347837218,0.443510038,0,-0.03835890917,4.775585754,-5.755335367
13.23,-73.56126367,0.01814309667,0.4353005802,0.4430846179,0,-0.03854668872,4.771424661,-5.752279101
13.24,-73.55106322,0.01816598719,0.4358163779,0.4426601397,0,-0.03873542191,4.767266181,-5.749218966
13.25,-73.54084993,0.01818893582,0.4363311164,0.4422366023,0,-0.03892511353,4.763110355,-5.746154978
13.26,-73.53062384,0.0182119426,0.4368447968,0.4418140043,0,-0.03911576841,4.758957224,-5.743087153
13.27,-73.52038503,0.01823500753,0.4373574204,0.4413923446,0,-0.03930739136,4.754806826,-5.740015509
13.28,-73.51013354,0.01825813063,0.4378689885,0.4409716217,0,-0.03949998724,4.750659204,-5.736940062
13.29,-73.49986943,0.01828131193,0.4383795024,0.4405518345,0,-0.0396935609,4.746514395,-5.73386083
13.3,-73.48959276,0.01830455145,0.4388889633,0.4401329817,0,-0.03988811722,4.742372441,-5.730777828
13.31,-73.47930358,0.0183278492,0.4393973725,0.439715062,0,-0.0400836611,4.738233381,-5.727691074
13.32,-73.46900195,0.0183512052,0.4399047313,0.4392980741,0,-0.04028019745,4.734097256,-5.724600586
13.33,-73.45868793,0.01837461946,0.4404110409,0.4388820169,0,-0.0404777312,4.729964104,-5.721506379
13.34,-73.44836157,0.01839809201,0.4409163027,0.438466889,0,-0.0406762673,4.725833965,-5.718408471
13.35,-73.43802293,0.01842162285,0.4414205179,0.4380526892,0,-0.04087581071,4.72170688,-5.71530688
13.36,-73.42767207,0.01844521201,0.4419236877,0.4376394161,0,-0.0410763664,4.717582886,-5.712201622
13.37,-73.41730905,0.01846885949,0.4424258134,0.4372270687,0,-0.04127793938,4.713462024,-5.709092715
13.38,-73.40693392,0.01849256532,0.4429268963,0.4368156455,0,-0.04148053465,4.709344334,-5.705980176
13.39,-73.39654674,0.01851632949,0.4434269377,0.4364051454,0,-0.04168415725,4.705229853,-5.702864023
13.4,-73.38614757,0.01854015203,0.4439259388,0.4359955671,0,-0.04188881223,4.701118621,-5.699744272
13.41,-73.37573647,0.01856403295,0.4444239009,0.4355869094,0,-0.04209450464,4.697010677,-5.696620942
13.42,-73.3653135,0.01858797226,0.4449208253,0.4351791709,0,-0.04230123956,4.692906061,-5.693494049
13.43,-73.35487871,0.01861196996,0.4454167132,0.4347723505,0,-0.0425090221,4.68880481,-5.690363612
13.44,-73.34443216,0.01863602607,0.4459115659,0.4343664469,0,-0.04271785737,4.684706963,-5.687229648
13.45,-73.33397392,0.0186601406,0.4464053846,0.4339614589,0,-0.04292775049,4.680612559,-5.684092175
13.46,-73.32350403,0.01868431356,0.4468981707,0.4335573852,0,-0.04313870662,4.676521637,-5.68095121
13.47,-73.31302257,0.01870854495,0.4473899254,0.4331542245,0,-0.04335073091,4.672434235,-5.677806771
13.48,-73.30252959,0.01873283478,0.4478806498,0.4327519757,0,-0.04356382855,4.668350391,-5.674658876
13.49,-73.29202514,0.01875718305,0.4483703454,0.4323506374,0,-0.04377800473,4.664270144,-5.671507543
13.5,-73.2815093,0.01878158978,0.4488590134,0.4319502086,0,-0.04399326467,4.660193531,-5.66835279
13.51,-73.27098211,0.01880605497,0.449346655,0.4315506878,0,-0.04420961359,4.65612059,-5.665194634
13.52,-73.26044365,0.01883057862,0.4498332715,0.4311520739,0,-0.04442705675,4.65205136,-5.662033094
13.53,-73.24989396,0.01885516074,0.4503188641,0.4307543656,0,-0.04464559939,4.647985878,-5.658868187
13.54,-73.23933311,0.01887980133,0.4508034342,0.4303575618,0,-0.04486524681,4.643924182,-5.655699932
13.55,-73.22876116,0.01890450039,0.4512869829,0.4299616611,0,-0.0450860043,4.63986631,-5.652528347
13.56,-73.21817817,0.01892925793,0.4517695116,0.4295666623,0,-0.04530787717,4.635812298,-5.64935345
13.57,-73.2075842,0.01895407394,0.4522510214,0.4291725643,0,-0.04553087075,4.631762185,-5.646175259
13.58,-73.19697931,0.01897894843,0.4527315137,0.4287793658,0,-0.04575499038,4.627716007,-5.642993793
13.59,-73.18636356,0.0190038814,0.4532109896,0.4283870655,0,-0.04598024143,4.623673802,-5.639809069
13.6,-73.17573702,0.01902887284,0.4536894506,0.4279956622,0,-0.04620662927,4.619635606,-5.636621106
13.61,-73.16509974,0.01905392276,0.4541668977,0.4276051548,0,-0.04643415929,4.615601457,-5.633429922
13.62,-73.15445179,0.01907903115,0.4546433323,0.4272155419,0,-0.04666283691,4.611571392,-5.630235536
13.63,-73.14379322,0.01910419801,0.4551187556,0.4268268224,0,-0.04689266756,4.607545447,-5.627037966
13.64,-73.1331241,0.01912942334,0.4555931689,0.426438995,0,-0.04712365666,4.603523659,-5.623837231
13.65,-73.1224445,0.01915470713,0.4560665735,0.4260520585,0,-0.04735580969,4.599506064,-5.620633349
13.66,-73.11175446,0.01918004938,0.4565389705,0.4256660118,0,-0.04758913212,4.595492699,-5.617426339
13.67,-73.10105406,0.01920545009,0.4570103612,0.4252808535,0,-0.04782362943,4.5914836,-5.614216219
13.68,-73.09034336,0.01923090924,0.457480747,0.4248965824,0,-0.04805930714,4.587478802,-5.611003007
13.69,-73.07962241,0.01925642683,0.4579501289,0.4245131974,0,-0.04829617077,4.583478343,-5.607786724
13.7,-73.06889129,0.01928200286,0.4584185084,0.4241306973,0,-0.04853422586,4.579482258,-5.604567386
13.71,-73.05815005,0.01930763732,0.4588858866,0.4237490807,0,-0.04877347795,4.575490583,-5.601345014
13.72,-73.04739875,0.01933333019,0.4593522648,0.4233683466,0,-0.04901393263,4.571503354,-5.598119625
13.73,-73.03663746,0.01935908147,0.4598176442,0.4229884936,0,-0.04925559547,4.567520605,-5.594891239
13.74,-73.02586625,0.01938489114,0.4602820261,0.4226095207,0,-0.04949847209,4.563542373,-5.591659874
13.75,-73.01508516,0.01941075921,0.4607454117,0.4222314265,0,-0.0497425681,4.559568693,-5.588425549
13.76,-73.00429428,0.01943668565,0.4612078023,0.4218542099,0,-0.04998788912,4.5555996,-5.585188284
13.77,-72.99349365,0.01946267045,0.4616691992,0.4214778696,0,-0.05023444082,4.551635129,-5.581948096
13.78,-72.98268335,0.01948871361,0.4621296035,0.4211024045,0,-0.05048222886,4.547675315,-5.578705006
13.79,-72.97186344,0.0195148151,0.4625890166,0.4207278134,0,-0.05073125891,4.543720193,-5.575459031
13.8,-72.96103397,0.01954097492,0.4630474396,0.420354095,0,-0.05098153668,4.539769798,-5.572210191
13.81,-72.95019502,0.01956719305,0.4635048738,0.4199812481,0,-0.05123306788,4.535824164,-5.568958506
13.82,-72.93934664,0.01959346947,0.4639613205,0.4196092716,0,-0.05148585823,4.531883326,-5.565703993
13.83,-72.92848891,0.01961980417,0.4644167809,0.4192381642,0,-0.05173991347,4.527947318,-5.562446673
13.84,-72.91762188,0.01964619714,0.4648712562,0.4188679248,0,-0.05199523936,4.524016174,-5.559186564
13.85,-72.90674562,0.01967264834,0.4653247477,0.4184985521,0,-0.05225184169,4.520089928,-5.555923686
13.86,-72.89586019,0.01969915777,0.4657772566,0.418130045,0,-0.05250972623,4.516168615,-5.552658057
13.87,-72.88496566,0.01972572541,0.4662287842,0.4177624022,0,-0.05276889878,4.512252268,-5.549389697
13.88,-72.87406208,0.01975235124,0.4666793317,0.4173956226,0,-0.05302936518,4.508340922,-5.546118625
13.89,-72.86314954,0.01977903523,0.4671289003,0.417029705,0,-0.05329113125,4.504434608,-5.542844861
13.9,-72.85222808,0.01980577737,0.4675774914,0.4166646481,0,-0.05355420283,4.500533362,-5.539568423
13.91,-72.84129777,0.01983257764,0.468025106,0.4163004508,0,-0.05381858581,4.496637216,-5.536289332
13.92,-72.83035869,0.01985943601,0.4684717456,0.4159371119,0,-0.05408428604,4.492746203,-5.533007606
13.93,-72.81941088,0.01988635245,0.4689174112,0.4155746303,0,-0.05435130943,4.488860358,-5.529723264
13.94,-72.80845442,0.01991332696,0.4693621042,0.4152130046,0,-0.05461966189,4.484979711,-5.526436327
13.95,-72.79748938,0.01994035949,0.4698058257,0.4148522338,0,-0.05488934933,4.481104297,-5.523146813
13.96,-72.78651581,0.01996745004,0.4702485771,0.4144923166,0,-0.0551603777,4.477234148,-5.519854742
13.97,-72.77553378,0.01999459856,0.4706903595,0.4141332518,0,-0.05543275295,4.473369297,-5.516560134
13.98,-72.76454336,0.02002180504,0.4711311742,0.4137750383,0,-0.05570648104,4.469509776,-5.513263007
13.99,-72.75354461,0.02004906944,0.4715710224,0.413417675,0,-0.05598156796,4.465655617,-5.509963382
14,-72.74253759,0.02007639175,0.4720099054,0.4130611605,0,-0.0562580197,4.461806852,-5.506661278
14.01,-72.73152238,0.02010377193,0.4724478244,0.4127054937,0,-0.05653584227,4.457963514,-5.503356714
14.02,-72.72049903,0.02013120995,0.4728847805,0.4123506735,0,-0.05681504169,4.454125634,-5.50004971
14.03,-72.70946762,0.02015870578,0.4733207752,0.4119966987,0,-0.05709562402,4.450293245,-5.496740286
14.04,-72.6984282,0.02018625939,0.4737558095,0.411643568,0,-0.05737759528,4.446466377,-5.49342846
14.05,-72.68738085,0.02021387076,0.4741898847,0.4112912804,0,-0.05766096156,4.442645062,-5.490114254
14.06,-72.67632562,0.02024153984,0.4746230021,0.4109398346,0,-0.05794572894,4.438829332,-5.486797686
14.07,-72.66526259,0.02026926661,0.4750551628,0.4105892294,0,-0.0582319035,4.435019218,-5.483478776
14.08,-72.65419181,0.02029705103,0.4754863682,0.4102394638,0,-0.05851949136,4.43121475,-5.480157544
14.09,-72.64311336,0.02032489307,0.4759166193,0.4098905364,0,-0.05880849863,4.42741596,-5.476834009
14.1,-72.6320273,0.02035279269,0.4763459176,0.4095424462,0,-0.05909893146,4.423622879,-5.473508191
14.11,-72.6209337,0.02038074987,0.4767742641,0.4091951919,0,-0.059390796,4.419835537,-5.47018011
14.12,-72.60983262,0.02040876455,0.4772016602,0.4088487724,0,-0.05968409839,4.416053965,-5.466849786
14.13,-72.59872412,0.02043683671,0.477628107,0.4085031866,0,-0.05997884483,4.412278193,-5.463517237
14.14,-72.58760828,0.02046496631,0.4780536057,0.4081584332,0,-0.0602750415,4.408508251,-5.460182485
14.15,-72.57648516,0.0204931533,0.4784781577,0.4078145111,0,-0.0605726946,4.40474417,-5.456845548
14.16,-72.56535482,0.02052139766,0.478901764,0.4074714191,0,-0.06087181035,4.400985979,-5.453506447
14.17,-72.55421734,0.02054969934,0.479324426,0.4071291561,0,-0.06117239498,4.397233709,-5.450165201
14.18,-72.54307277,0.0205780583,0.4797461449,0.4067877208,0,-0.06147445473,4.393487388,-5.44682183
14.19,-72.53192118,0.02060647449,0.4801669219,0.4064471122,0,-0.06177799585,4.389747047,-5.443476354
14.2,-72.52076264,0.02063494789,0.4805867581,0.406107329,0,-0.06208302462,4.386012715,-5.440128793
14.21,-72.50959722,0.02066347844,0.4810056549,0.4057683701,0,-0.0623895473,4.382284421,-5.436779166
14.22,-72.49842498,0.0206920661,0.4814236135,0.4054302344,0,-0.0626975702,4.378562194,-5.433427494
14.23,-72.48724599,0.02072071083,0.481840635,0.4050929206,0,-0.06300709962,4.374846064,-5.430073796
14.24,-72.4760603,0.02074941258,0.4822567207,0.4047564277,0,-0.06331814188,4.371136059,-5.426718091
14.25,-72.464868,0.02077817132,0.4826718718,0.4044207544,0,-0.06363070331,4.367432208,-5.423360401
14.26,-72.45366915,0.02080698698,0.4830860896,0.4040858996,0,-0.06394479024,4.363734539,-5.420000745
14.27,-72.44246381,0.02083585953,0.4834993752,0.4037518621,0,-0.06426040904,4.360043081,-5.416639142
14.28,-72.43125204,0.02086478891,0.4839117299,0.4034186409,0,-0.06457756608,4.356357862,-5.413275613
14.29,-72.42003392,0.02089377509,0.4843231548,0.4030862346,0,-0.06489626772,4.35267891,-5.409910177
14.3,-72.40880951,0.02092281801,0.4847336513,0.4027546422,0,-0.06521652036,4.349006253,-5.406542854
14.31,-72.39757888,0.02095191762,0.4851432204,0.4024238625,0,-0.06553833041,4.34533992,-5.403173664
14.32,-72.38634209,0.02098107387,0.4855518635,0.4020938944,0,-0.06586170427,4.341679937,-5.399802628
14.33,-72.37509922,0.02101028671,0.4859595817,0.4017647367,0,-0.06618664838,4.338026332,-5.396429765
14.34,-72.36385031,0.02103955609,0.4863663763,0.4014363883,0,-0.06651316916,4.334379133,-5.393055094
14.35,-72.35259546,0.02106888196,0.4867722485,0.401108848,0,-0.06684127307,4.330738367,-5.389678637
14.36,-72.34133471,0.02109826426,0.4871771994,0.4007821146,0,-0.06717096657,4.327104062,-5.386300412
14.37,-72.33006813,0.02112770294,0.4875812304,0.400456187,0,-0.06750225612,4.323476243,-5.382920439
14.38,-72.3187958,0.02115719794,0.4879843425,0.4001310641,0,-0.06783514821,4.319854938,-5.37953874
14.39,-72.30751777,0.02118674922,0.488386537,0.3998067448,0,-0.06816964934,4.316240174,-5.376155332
14.4,-72.29623412,0.02121635671,0.4887878152,0.3994832277,0,-0.068505766,4.312631977,-5.372770237
14.41,-72.28494492,0.02124602036,0.4891881782,0.3991605119,0,-0.0688435047,4.309030373,-5.369383475
14.42,-72.27365021,0.0212757401,0.4895876273,0.3988385962,0,-0.06918287198,4.305435389,-5.365995064
14.43,-72.26235009,0.0213055159,0.4899861636,0.3985174794,0,-0.06952387437,4.301847051,-5.362605026
14.44,-72.2510446,0.02133534767,0.4903837883,0.3981971604,0,-0.06986651841,4.298265385,-5.35921338
14.45,-72.23973382,0.02136523537,0.4907805028,0.397877638,0,-0.07021081066,4.294690416,-5.355820146
14.46,-72.22841781,0.02139517893,0.4911763081,0.3975589111,0,-0.07055675768,4.291122171,-5.352425343
14.47,-72.21709664,0.0214251783,0.4915712054,0.3972409786,0,-0.07090436605,4.287560675,-5.349028993
14.48,-72.20577038,0.02145523341,0.4919651961,0.3969238393,0,-0.07125364236,4.284005952,-5.345631114
14.49,-72.19443909,0.0214853442,0.4923582812,0.3966074921,0,-0.0716045932,4.28045803,-5.342231727
14.5,-72.18310284,0.0215155106,0.4927504621,0.3962919358,0,-0.07195722517,4.276916931,-5.338830851
14.51,-72.17176169,0.02154573256,0.4931417398,0.3959771694,0,-0.07231154489,4.273382682,-5.335428506
14.52,-72.16041571,0.02157601001,0.4935321156,0.3956631916,0,-0.07266755899,4.269855308,-5.332024713
14.53,-72.14906497,0.02160634289,0.4939215907,0.3953500013,0,-0.07302527409,4.266334832,-5.328619491
14.54,-72.13770953,0.02163673112,0.4943101663,0.3950375974,0,-0.07338469685,4.26282128,-5.32521286
14.55,-72.12634947,0.02166717465,0.4946978437,0.3947259788,0,-0.0737458339,4.259314675,-5.32180484
14.56,-72.11498484,0.0216976734,0.4950846239,0.3944151443,0,-0.07410869191,4.255815042,-5.318395451
14.57,-72.10361571,0.02172822731,0.4954705082,0.3941050927,0,-0.07447327755,4.252322406,-5.314984712
14.58,-72.09224215,0.02175883631,0.4958554978,0.3937958231,0,-0.07483959749,4.248836789,-5.311572644
14.59,-72.08086422,0.02178950033,0.4962395939,0.3934873341,0,-0.07520765843,4.245358216,-5.308159266
14.6,-72.06948199,0.02182021929,0.4966227976,0.3931796248,0,-0.07557746705,4.24188671,-5.304744598
14.61,-72.05809553,0.02185099314,0.4970051103,0.3928726939,0,-0.07594903006,4.238422294,-5.30132866
14.62,-72.04670491,0.0218818218,0.4973865331,0.3925665403,0,-0.07632235417,4.234964993,-5.297911472
14.63,-72.03531018,0.02191270519,0.4977670671,0.392261163,0,-0.0766974461,4.231514829,-5.294493054
14.64,-72.02391142,0.02194364325,0.4981467136,0.3919565607,0,-0.07707431257,4.228071825,-5.291073425
14.65,-72.01250868,0.0219746359,0.4985254737,0.3916527323,0,-0.07745296031,4.224636005,-5.287652605
14.66,-72.00110205,0.02200568307,0.4989033488,0.3913496768,0,-0.07783339607,4.22120739,-5.284230614
14.67,-71.98969157,0.02203678468,0.4992803399,0.3910473929,0,-0.0782156266,4.217786003,-5.280807472
14.68,-71.97827733,0.02206794065,0.4996564482,0.3907458797,0,-0.07859965865,4.214371868,-5.277383198
14.69,-71.96685938,0.02209915092,0.5000316749,0.3904451358,0,-0.07898549899,4.210965005,-5.273957813
14.7,-71.95543778,0.0221304154,0.5004060213,0.3901451603,0,-0.07937315438,4.207565438,-5.270531335
14.71,-71.94401262,0.02216173401,0.5007794885,0.3898459519,0,-0.07976263161,4.204173188,-5.267103785
14.72,-71.93258394,0.02219310669,0.5011520777,0.3895475097,0,-0.08015393745,4.200788278,-5.263675182
14.73,-71.92115182,0.02222453334,0.5015237901,0.3892498323,0,-0.08054707869,4.197410728,-5.260245546
14.74,-71.90971632,0.0222560139,0.5018946269,0.3889529188,0,-0.08094206214,4.19404056,-5.256814897
14.75,-71.89827752,0.02228754827,0.5022645892,0.388656768,0,-0.08133889459,4.190677796,-5.253383255
14.76,-71.88683546,0.02231913639,0.5026336783,0.3883613788,0,-0.08173758285,4.187322458,-5.249950638
14.77,-71.87539022,0.02235077816,0.5030018954,0.38806675,0,-0.08213813374,4.183974565,-5.246517067
14.78,-71.86394187,0.02238247351,0.5033692416,0.3877728806,0,-0.08254055408,4.180634139,-5.243082561
14.79,-71.85249046,0.02241422235,0.503735718,0.3874797694,0,-0.08294485069,4.177301202,-5.239647139
14.8,-71.84103607,0.0224460246,0.504101326,0.3871874153,0,-0.08335103041,4.173975773,-5.236210822
14.81,-71.82957876,0.02247788018,0.5044660667,0.3868958172,0,-0.08375910006,4.170657873,-5.232773629
14.82,-71.8181186,0.02250978899,0.5048299412,0.3866049739,0,-0.0841690665,4.167347523,-5.22933558
14.83,-71.80665564,0.02254175096,0.5051929507,0.3863148844,0,-0.08458093656,4.164044742,-5.225896693
14.84,-71.79518996,0.022573766,0.5055550965,0.3860255476,0,-0.08499471711,4.160749552,-5.222456989
14.85,-71.78372162,0.02260583402,0.5059163797,0.3857369623,0,-0.08541041499,4.157461971,-5.219016487
14.86,-71.77225069,0.02263795494,0.5062768015,0.3854491274,0,-0.08582803707,4.154182019,-5.215575206
14.87,-71.76077722,0.02267012866,0.506636363,0.3851620417,0,-0.08624759021,4.150909717,-5.212133166
14.88,-71.74930129,0.02270235509,0.5069950655,0.3848757043,0,-0.08666908128,4.147645084,-5.208690386
14.89,-71.73782295,0.02273463416,0.5073529101,0.384590114,0,-0.08709251715,4.144388138,-5.205246886
14.9,-71.72634228,0.02276696576,0.507709898,0.3843052696,0,-0.08751790471,4.1411389,-5.201802685
14.91,-71.71485934,0.0227993498,0.5080660304,0.38402117,0,-0.08794525082,4.137897389,-5.198357802
14.92,-71.70337419,0.0228317862,0.5084213084,0.3837378142,0,-0.08837456238,4.134663622,-5.194912257
14.93,-71.6918869,0.02286427487,0.5087757332,0.383455201,0,-0.08880584627,4.13143762,-5.191466069
14.94,-71.68039753,0.0228968157,0.5091293061,0.3831733294,0,-0.08923910939,4.1282194,-5.188019258
14.95,-71.66890614,0.0229294086,0.5094820281,0.3828921982,0,-0.08967435862,4.125008981,-5.184571842
14.96,-71.6574128,0.02296205349,0.5098339005,0.3826118062,0,-0.09011160086,4.121806383,-5.181123841
14.97,-71.64591758,0.02299475027,0.5101849244,0.3823321525,0,-0.09055084302,4.118611621,-5.177675274
14.98,-71.63442053,0.02302749883,0.5105351009,0.3820532359,0,-0.09099209199,4.115424716,-5.17422616
14.99,-71.62292173,0.02306029909,0.5108844314,0.3817750552,0,-0.09143535467,4.112245684,-5.170776519
15,-71.61142123,0.02309315095,0.5112329168,0.3814976094,0,-0.09188063798,4.109074544,-5.16732637
15.01,-71.5999191,0.02312605431,0.5115805585,0.3812208975,0,-0.09232794882,4.105911312,-5.163875731
15.02,-71.58841541,0.02315900907,0.5119273575,0.3809449181,0,-0.09277729409,4.102756007,-5.160424622
15.03,-71.57691021,0.02319201513,0.5122733151,0.3806696704,0,-0.09322868072,4.099608647,-5.156973062
15.04,-71.56540357,0.0232250724,0.5126184324,0.3803951531,0,-0.09368211561,4.096469247,-5.15352107
15.05,-71.55389555,0.02325818077,0.5129627105,0.3801213652,0,-0.09413760568,4.093337825,-5.150068665
15.06,-71.54238622,0.02329134014,0.5133061507,0.3798483055,0,-0.09459515784,4.090214399,-5.146615865
15.07,-71.53087564,0.02332455042,0.5136487541,0.3795759731,0,-0.09505477901,4.087098984,-5.143162691
15.08,-71.51936387,0.02335781149,0.5139905219,0.3793043666,0,-0.0955164761,4.083991597,-5.139709161
15.09,-71.50785098,0.02339112327,0.5143314552,0.3790334852,0,-0.09598025604,4.080892256,-5.136255293
15.1,-71.49633702,0.02342448563,0.5146715552,0.3787633276,0,-0.09644612573,4.077800976,-5.132801107
15.11,-71.48482207,0.02345789849,0.515010823,0.3784938927,0,-0.0969140921,4.074717773,-5.129346622
15.12,-71.47330619,0.02349136173,0.5153492599,0.3782251795,0,-0.09738416206,4.071642663,-5.125891856
15.13,-71.46178943,0.02352487525,0.5156868669,0.3779571869,0,-0.09785634253,4.068575664,-5.122436828
15.14,-71.45027186,0.02355843894,0.5160236453,0.3776899138,0,-0.09833064042,4.065516789,-5.118981557
15.15,-71.43875354,0.0235920527,0.5163595962,0.377423359,0,-0.09880706266,4.062466055,-5.115526062
15.16,-71.42723454,0.02362571643,0.5166947208,0.3771575216,0,-0.09928561616,4.059423477,-5.112070361
15.17,-71.41571491,0.02365943,0.5170290202,0.3768924003,0,-0.09976630783,4.056389071,-5.108614473
15.18,-71.40419472,0.02369319332,0.5173624955,0.3766279941,0,-0.1002491446,4.053362852,-5.105158417
15.19,-71.39267404,0.02372700628,0.517695148,0.3763643019,0,-0.1007341333,4.050344835,-5.101702211
15.2,-71.38115291,0.02376086876,0.5180269788,0.3761013226,0,-0.101221281,4.047335035,-5.098245874
15.21,-71.36963141,0.02379478065,0.518357989,0.3758390551,0,-0.1017105944,4.044333467,-5.094789424
15.22,-71.3581096,0.02382874185,0.5186881798,0.3755774983,0,-0.1022020806,4.041340144,-5.091332881
15.23,-71.34658754,0.02386275225,0.5190175524,0.3753166511,0,-0.1026957464,4.038355083,-5.087876262
15.24,-71.33506528,0.02389681172,0.5193461079,0.3750565125,0,-0.1031915988,4.035378297,-5.084419585
15.25,-71.3235429,0.02393092017,0.5196738474,0.3747970813,0,-0.1036896445,4.0324098,-5.08096287
15.26,-71.31202045,0.02396507747,0.5200007722,0.3745383565,0,-0.1041898906,4.029449607,-5.077506135
15.27,-71.30049799,0.02399928351,0.5203268833,0.374280337,0,-0.1046923439,4.026497732,-5.074049398
15.28,-71.28897559,0.02403353817,0.5206521819,0.3740230216,0,-0.1051970113,4.023554188,-5.070592677
15.29,-71.2774533,0.02406784135,0.5209766692,0.3737664093,0,-0.1057038997,4.020618989,-5.067135991
15.3,-71.26593119,0.02410219293,0.5213003464,0.373510499,0,-0.106213016,4.017692148,-5.063679358
15.31,-71.25440932,0.02413659278,0.5216232144,0.3732552896,0,-0.106724367,4.01477368,-5.060222796
15.32,-71.24288774,0.0241710408,0.5219452746,0.37300078,0,-0.1072379596,4.011863597,-5.056766323
15.33,-71.23136653,0.02420553686,0.5222665281,0.3727469692,0,-0.1077538008,4.008961912,-5.053309958
15.34,-71.21984573,0.02424008085,0.5225869759,0.3724938561,0,-0.1082718973,4.006068639,-5.049853718
15.35,-71.20832541,0.02427467265,0.5229066193,0.3722414395,0,-0.108792256,4.00318379,-5.046397622
15.36,-71.19680563,0.02430931214,0.5232254594,0.3719897183,0,-0.1093148839,4.000307379,-5.042941688
15.37,-71.18528644,0.0243439992,0.5235434973,0.3717386916,0,-0.1098397876,3.997439417,-5.039485933
15.38,-71.17376792,0.0243787337,0.5238607342,0.3714883582,0,-0.1103669742,3.994579917,-5.036030376
15.39,-71.16225011,0.02441351554,0.5241771712,0.3712387171,0,-0.1108964504,3.991728892,-5.032575034
15.4,-71.15073309,0.02444834458,0.5244928095,0.370989767,0,-0.111428223,3.988886353,-5.029119926
15.41,-71.1392169,0.0244832207,0.5248076502,0.3707415071,0,-0.111962299,3.986052314,-5.025665069
15.42,-71.12770161,0.02451814378,0.5251216944,0.3704939362,0,-0.112498685,3.983226785,-5.022210482
15.43,-71.11618727,0.02455311371,0.5254349433,0.3702470531,0,-0.113037388,3.980409778,-5.018756181
15.44,-71.10467395,0.02458813034,0.5257473981,0.3700008569,0,-0.1135784148,3.977601306,-5.015302185
15.45,-71.0931617,0.02462319357,0.5260590598,0.3697553464,0,-0.1141217721,3.97480138,-5.011848511
15.46,-71.08165059,0.02465830326,0.5263699296,0.3695105206,0,-0.1146674667,3.972010011,-5.008395177
15.47,-71.07014067,0.02469345929,0.5266800086,0.3692663784,0,-0.1152155055,3.96922721,-5.004942201
15.48,-71.058632,0.02472866153,0.526989298,0.3690229187,0,-0.1157658952,3.96645299,-5.0014896
15.49,-71.04712464,0.02476390985,0.527297799,0.3687801404,0,-0.1163186426,3.963687359,-4.998037392
15.5,-71.03561865,0.02479920414,0.5276055125,0.3685380425,0,-0.1168737545,3.960930331,-4.994585594
15.51,-71.02411408,0.02483454425,0.5279124399,0.3682966239,0,-0.1174312376,3.958181914,-4.991134224
15.52,-71.012611,0.02486993007,0.5282185821,0.3680558835,0,-0.1179910987,3.955442121,-4.987683299
15.53,-71.00110945,0.02490536146,0.5285239404,0.3678158202,0,-0.1185533445,3.952710961,-4.984232836
15.54,-70.98960951,0.02494083829,0.5288285159,0.3675764329,0,-0.1191179817,3.949988445,-4.980782853
15.55,-70.97811122,0.02497636044,0.5291323097,0.3673377207,0,-0.1196850172,3.947274582,-4.977333367
15.56,-70.96661465,0.02501192777,0.5294353229,0.3670996823,0,-0.1202544575,3.944569385,-4.973884396
15.57,-70.95511985,0.02504754015,0.5297375566,0.3668623168,0,-0.1208263094,3.941872861,-4.970435956
15.58,-70.94362688,0.02508319745,0.5300390121,0.366625623,0,-0.1214005797,3.939185021,-4.966988065
15.59,-70.9321358,0.02511889953,0.5303396904,0.3663896,0,-0.1219772749,3.936505876,-4.96354074
15.6,-70.92064666,0.02515464628,0.5306395926,0.3661542465,0,-0.1225564018,3.933835433,-4.960093998
15.61,-70.90915952,0.02519043754,0.5309387199,0.3659195616,0,-0.1231379671,3.931173704,-4.956647856
15.62,-70.89767444,0.02522627319,0.5312370734,0.3656855442,0,-0.1237219773,3.928520697,-4.953202331
15.63,-70.88619147,0.02526215309,0.5315346543,0.3654521932,0,-0.1243084392,3.925876421,-4.94975744
15.64,-70.87471067,0.02529807711,0.5318314636,0.3652195075,0,-0.1248973594,3.923240886,-4.9463132
15.65,-70.86323209,0.02533404511,0.5321275024,0.3649874861,0,-0.1254887444,3.9206141,-4.942869628
15.66,-70.8517558,0.02537005696,0.532422772,0.3647561278,0,-0.126082601,3.917996073,-4.93942674
15.67,-70.84028185,0.02540611252,0.5327172733,0.3645254318,0,-0.1266789357,3.915386814,-4.935984554
15.68,-70.82881028,0.02544221165,0.5330110076,0.3642953967,0,-0.1272777551,3.91278633,-4.932543085
15.69,-70.81734117,0.02547835422,0.533303976,0.3640660217,0,-0.1278790658,3.91019463,-4.929102352
15.7,-70.80587457,0.02551454008,0.5335961795,0.3638373056,0,-0.1284828744,3.907611723,-4.92566237
15.71,-70.79441052,0.0255507691,0.5338876194,0.3636092474,0,-0.1290891873,3.905037617,-4.922223156
15.72,-70.78294909,0.02558704114,0.5341782966,0.3633818459,0,-0.1296980112,3.90247232,-4.918784727
15.73,-70.77149033,0.02562335606,0.5344682124,0.3631551002,0,-0.1303093526,3.89991584,-4.915347099
15.74,-70.7600343,0.02565971372,0.5347573679,0.3629290092,0,-0.1309232179,3.897368185,-4.911910289
15.75,-70.74858104,0.02569611398,0.5350457641,0.3627035717,0,-0.1315396138,3.894829363,-4.908474313
15.76,-70.73713062,0.0257325567,0.5353334022,0.3624787868,0,-0.1321585466,3.892299381,-4.905039187
15.77,-70.72568309,0.02576904174,0.5356202833,0.3622546534,0,-0.1327800228,3.889778247,-4.901604928
15.78,-70.71423851,0.02580556894,0.5359064085,0.3620311704,0,-0.133404049,3.887265969,-4.898171552
15.79,-70.70279692,0.02584213818,0.5361917789,0.3618083368,0,-0.1340306315,3.884762553,-4.894739076
15.8,-70.69135838,0.02587874931,0.5364763956,0.3615861515,0,-0.1346597768,3.882268006,-4.891307515
15.81,-70.67992295,0.02591540219,0.5367602599,0.3613646133,0,-0.1352914914,3.879782337,-4.887876886
15.82,-70.66849068,0.02595209666,0.5370433726,0.3611437214,0,-0.1359257815,3.877305551,-4.884447204
15.83,-70.65706162,0.02598883259,0.5373257351,0.3609234746,0,-0.1365626536,3.874837656,-4.881018486
15.84,-70.64563583,0.02602560984,0.5376073483,0.3607038718,0,-0.137202114,3.872378658,-4.877590748
15.85,-70.63421335,0.02606242824,0.5378882134,0.360484912,0,-0.1378441692,3.869928564,-4.874164006
15.86,-70.62279425,0.02609928767,0.5381683315,0.3602665942,0,-0.1384888254,3.867487381,-4.870738276
15.87,-70.61137858,0.02613618798,0.5384477037,0.3600489172,0,-0.139136089,3.865055114,-4.867313573
15.88,-70.59996638,0.02617312901,0.5387263311,0.3598318801,0,-0.1397859663,3.86263177,-4.863889914
15.89,-70.58855771,0.02621011061,0.5390042148,0.3596154817,0,-0.1404384636,3.860217354,-4.860467314
15.9,-70.57715263,0.02624713265,0.5392813559,0.3593997211,0,-0.141093587,3.857811874,-4.857045789
15.91,-70.56575118,0.02628419498,0.5395577556,0.3591845971,0,-0.141751343,3.855415335,-4.853625354
15.92,-70.55435342,0.02632129744,0.5398334148,0.3589701087,0,-0.1424117377,3.853027743,-4.850206026
15.93,-70.5429594,0.02635843988,0.5401083349,0.3587562548,0,-0.1430747774,3.850649103,-4.846787819
15.94,-70.53156917,0.02639562216,0.5403825167,0.3585430345,0,-0.1437404682,3.848279421,-4.84337075
15.95,-70.52018278,0.02643284412,0.5406559615,0.3583304465,0,-0.1444088164,3.845918702,-4.839954834
15.96,-70.50880028,0.02647010562,0.5409286703,0.35811849,0,-0.1450798281,3.843566952,-4.836540085
15.97,-70.49742174,0.02650740651,0.5412006442,0.3579071638,0,-0.1457535094,3.841224176,-4.833126521
15.98,-70.48604718,0.02654474662,0.5414718844,0.3576964669,0,-0.1464298665,3.838890379,-4.829714155
15.99,-70.47467668,0.02658212582,0.5417423919,0.3574863982,0,-0.1471089055,3.836565566,-4.826303004
16,-70.46331027,0.02661954395,0.5420121678,0.3572769566,0,-0.1477906325,3.834249742,-4.822893082
16.01,-70.45194802,0.02665700085,0.5422812132,0.3570681413,0,-0.1484750536,3.831942912,-4.819484405
16.02,-70.44058996,0.02669449638,0.5425495293,0.3568599509,0,-0.1491621747,3.82964508,-4.816076988
16.03,-70.42923615,0.02673203037,0.5428171171,0.3566523847,0,-0.149852002,3.827356251,-4.812670846
16.04,-70.41788665,0.02676960268,0.5430839776,0.3564454414,0,-0.1505445415,3.82507643,-4.809265994
16.05,-70.40654149,0.02680721315,0.5433501121,0.35623912,0,-0.1512397991,3.82280562,-4.805862446
16.06,-70.39520073,0.02684486163,0.5436155216,0.3560334195,0,-0.1519377808,3.820543826,-4.802460219
16.07,-70.38386442,0.02688254795,0.5438802071,0.3558283389,0,-0.1526384926,3.818291053,-4.799059326
16.08,-70.37253261,0.02692027198,0.5441441699,0.355623877,0,-0.1533419403,3.816047303,-4.795659783
16.09,-70.36120535,0.02695803354,0.5444074109,0.3554200329,0,-0.15404813,3.813812582,-4.792261605
16.1,-70.34988268,0.02699583248,0.5446699312,0.3552168055,0,-0.1547570674,3.811586892,-4.788864805
16.11,-70.33856467,0.02703366865,0.5449317321,0.3550141937,0,-0.1554687585,3.809370238,-4.7854694
16.12,-70.32725134,0.02707154189,0.5451928144,0.3548121966,0,-0.156183209,3.807162624,-4.782075402
16.13,-70.31594276,0.02710945203,0.5454531794,0.354610813,0,-0.1569004249,3.804964052,-4.778682828
16.14,-70.30463897,0.02714739893,0.545712828,0.354410042,0,-0.1576204119,3.802774526,-4.775291692
16.15,-70.29334003,0.02718538243,0.5459717615,0.3542098824,0,-0.1583431757,3.800594049,-4.771902008
16.16,-70.28204597,0.02722340236,0.5462299809,0.3540103332,0,-0.1590687222,3.798422625,-4.76851379
16.17,-70.27075684,0.02726145856,0.5464874872,0.3538113935,0,-0.159797057,3.796260257,-4.765127053
16.18,-70.25947271,0.02729955089,0.5467442815,0.3536130621,0,-0.1605281859,3.794106947,-4.761741812
16.19,-70.2481936,0.02733767916,0.547000365,0.353415338,0,-0.1612621145,3.791962699,-4.75835808
16.2,-70.23691957,0.02737584324,0.5472557387,0.3532182202,0,-0.1619988485,3.789827515,-4.754975872
16.21,-70.22565067,0.02741404295,0.5475104037,0.3530217076,0,-0.1627383936,3.787701398,-4.751595201
16.22,-70.21438694,0.02745227813,0.5477643611,0.3528257993,0,-0.1634807552,3.78558435,-4.748216083
16.23,-70.20312844,0.02749054862,0.5480176119,0.352630494,0,-0.1642259391,3.783476375,-4.744838531
16.24,-70.1918752,0.02752885427,0.5482701573,0.3524357909,0,-0.1649739508,3.781377474,-4.741462559
16.25,-70.18062727,0.02756719491,0.5485219983,0.3522416889,0,-0.1657247957,3.77928765,-4.738088181
16.26,-70.16938471,0.02760557037,0.548773136,0.3520481869,0,-0.1664784795,3.777206905,-4.734715412
16.27,-70.15814755,0.02764398049,0.5490235714,0.3518552839,0,-0.1672350076,3.77513524,-4.731344264
16.28,-70.14691584,0.02768242511,0.5492733057,0.3516629789,0,-0.1679943854,3.773072659,-4.727974752
16.29,-70.13568963,0.02772090407,0.5495223399,0.3514712708,0,-0.1687566184,3.771019162,-4.72460689
16.3,-70.12446897,0.0277594172,0.5497706751,0.3512801586,0,-0.169521712,3.768974752,-4.721240691
16.31,-70.11325389,0.02779796434,0.5500183124,0.3510896413,0,-0.1702896715,3.766939431,-4.717876168
16.32,-70.10204446,0.02783654532,0.5502652528,0.3508997178,0,-0.1710605024,3.764913199,-4.714513337
16.33,-70.0908407,0.02787515997,0.5505114974,0.3507103872,0,-0.1718342098,3.762896059,-4.711152209
16.34,-70.07964266,0.02791380814,0.5507570473,0.3505216482,0,-0.1726107992,3.760888011,-4.707792799
16.35,-70.0684504,0.02795248966,0.5510019036,0.3503335,0,-0.1733902758,3.758889058,-4.70443512
16.36,-70.05726395,0.02799120436,0.5512460673,0.3501459416,0,-0.1741726449,3.7568992,-4.701079186
16.37,-70.04608336,0.02802995207,0.5514895395,0.3499589717,0,-0.1749579115,3.754918439,-4.697725009
16.38,-70.03490868,0.02806873263,0.5517323213,0.3497725895,0,-0.175746081,3.752946775,-4.694372603
16.39,-70.02373994,0.02810754586,0.5519744136,0.349586794,0,-0.1765371585,3.750984209,-4.691021982
16.4,-70.01257719,0.02814639162,0.5522158177,0.349401584,0,-0.1773311491,3.749030743,-4.687673158
16.41,-70.00142048,0.02818526971,0.5524565346,0.3492169585,0,-0.178128058,3.747086377,-4.684326145
16.42,-69.99026985,0.02822417999,0.5526965653,0.3490329166,0,-0.17892789,3.745151112,-4.680980955
16.43,-69.97912534,0.02826312227,0.5529359109,0.3488494572,0,-0.1797306505,3.743224948,-4.677637603
16.44,-69.967987,0.02830209639,0.5531745724,0.3486665792,0,-0.1805363442,3.741307886,-4.6742961
16.45,-69.95685487,0.02834110219,0.553412551,0.3484842817,0,-0.1813449762,3.739399925,-4.67095646
16.46,-69.94572898,0.02838013948,0.5536498476,0.3483025636,0,-0.1821565515,3.737501068,-4.667618695
16.47,-69.9346094,0.02841920811,0.5538864634,0.3481214239,0,-0.182971075,3.735611313,-4.664282819
16.48,-69.92349615,0.02845830791,0.5541223994,0.3479408615,0,-0.1837885516,3.73373066,-4.660948844
16.49,-69.91238928,0.02849743869,0.5543576567,0.3477608755,0,-0.184608986,3.731859111,-4.657616783
16.5,-69.90128883,0.0285366003,0.5545922363,0.3475814648,0,-0.1854323832,3.729996664,-4.654286648
16.51,-69.89019484,0.02857579256,0.5548261393,0.3474026284,0,-0.186258748,3.72814332,-4.650958453
16.52,-69.87910736,0.0286150153,0.5550593668,0.3472243652,0,-0.187088085,3.726299078,-4.647632209
16.53,-69.86802643,0.02865426835,0.5552919197,0.3470466743,0,-0.1879203991,3.724463939,-4.644307929
16.54,-69.85695209,0.02869355154,0.5555237992,0.3468695546,0,-0.188755695,3.7226379,-4.640985627
16.55,-69.84588438,0.02873286469,0.5557550064,0.3466930051,0,-0.1895939772,3.720820963,-4.637665313
16.56,-69.83482334,0.02877220764,0.5559855421,0.3465170248,0,-0.1904352505,3.719013127,-4.634347001
16.57,-69.82376901,0.0288115802,0.5562154077,0.3463416127,0,-0.1912795195,3.717214391,-4.631030702
16.58,-69.81272143,0.02885098222,0.556444604,0.3461667677,0,-0.1921267886,3.715424753,-4.62771643
16.59,-69.80168065,0.02889041352,0.5566731321,0.3459924888,0,-0.1929770625,3.713644214,-4.624404196
16.6,-69.79064671,0.02892987391,0.5569009931,0.3458187751,0,-0.1938303457,3.711872773,-4.621094012
16.61,-69.77961963,0.02896936324,0.557128188,0.3456456254,0,-0.1946866426,3.710110427,-4.61778589
16.62,-69.76859948,0.02900888132,0.557354718,0.3454730388,0,-0.1955459577,3.708357177,-4.614479843
16.63,-69.75758627,0.02904842798,0.5575805839,0.3453010142,0,-0.1964082954,3.706613022,-4.611175882
16.64,-69.74658007,0.02908800305,0.557805787,0.3451295507,0,-0.1972736599,3.704877959,-4.60787402
16.65,-69.73558089,0.02912760636,0.5580303281,0.3449586472,0,-0.1981420558,3.703151987,-4.604574268
16.66,-69.72458879,0.02916723772,0.5582542085,0.3447883027,0,-0.1990134872,3.701435106,-4.601276638
16.67,-69.71360381,0.02920689697,0.5584774291,0.3446185162,0,-0.1998879585,3.699727313,-4.597981142
16.68,-69.70262597,0.02924658392,0.5586999909,0.3444492867,0,-0.2007654738,3.698028608,-4.594687791
16.69,-69.69165533,0.02928629841,0.5589218951,0.3442806132,0,-0.2016460374,3.696338987,-4.591396598
16.7,-69.68069191,0.02932604025,0.5591431426,0.3441124946,0,-0.2025296534,3.694658451,-4.588107573
16.71,-69.66973576,0.02936580928,0.5593637346,0.3439449299,0,-0.2034163259,3.692986996,-4.584820729
16.72,-69.65878692,0.02940560531,0.559583672,0.3437779182,0,-0.2043060591,3.691324621,-4.581536077
16.73,-69.64784543,0.02944542817,0.5598029558,0.3436114583,0,-0.205198857,3.689671324,-4.578253628
16.74,-69.63691131,0.02948527768,0.5600215872,0.3434455494,0,-0.2060947235,3.688027103,-4.574973393
16.75,-69.62598462,0.02952515367,0.5602395672,0.3432801904,0,-0.2069936627,3.686391956,-4.571695385
16.76,-69.61506538,0.02956505596,0.5604568968,0.3431153803,0,-0.2078956786,3.68476588,-4.568419615
16.77,-69.60415364,0.02960498437,0.560673577,0.3429511181,0,-0.2088007749,3.683148874,-4.565146093
16.78,-69.59324943,0.02964493872,0.560889609,0.3427874027,0,-0.2097089556,3.681540934,-4.56187483
16.79,-69.5823528,0.02968491884,0.5611049936,0.3426242332,0,-0.2106202246,3.679942059,-4.558605839
16.8,-69.57146377,0.02972492455,0.561319732,0.3424616086,0,-0.2115345855,3.678352246,-4.55533913
16.81,-69.56058238,0.02976495567,0.5615338253,0.3422995278,0,-0.2124520422,3.676771492,-4.552074714
16.82,-69.54970867,0.02980501202,0.5617472743,0.3421379898,0,-0.2133725984,3.675199795,-4.548812602
16.83,-69.53884268,0.02984509343,0.5619600802,0.3419769937,0,-0.2142962577,3.673637152,-4.545552805
16.84,-69.52798445,0.02988519971,0.5621722441,0.3418165385,0,-0.2152230238,3.672083559,-4.542295334
16.85,-69.517134,0.02992533068,0.5623837668,0.341656623,0,-0.2161529003,3.670539015,-4.5390402
16.86,-69.50629138,0.02996548618,0.5625946496,0.3414972464,0,-0.2170858907,3.669003517,-4.535787413
16.87,-69.49545662,0.03000566601,0.5628048933,0.3413384076,0,-0.2180219986,3.66747706,-4.532536985
16.88,-69.48462975,0.03004587,0.5630144991,0.3411801057,0,-0.2189612275,3.665959642,-4.529288925
16.89,-69.47381082,0.03008609797,0.5632234679,0.3410223396,0,-0.2199035807,3.664451261,-4.526043245
16.9,-69.46299985,0.03012634974,0.5634318008,0.3408651083,0,-0.2208490618,3.662951912,-4.522799956
16.91,-69.45219689,0.03016662514,0.5636394989,0.3407084108,0,-0.221797674,3.661461592,-4.519559066
16.92,-69.44140196,0.03020692397,0.5638465631,0.3405522462,0,-0.2227494206,3.659980298,-4.516320588
16.93,-69.4306151,0.03024724606,0.5640529944,0.3403966133,0,-0.2237043051,3.658508027,-4.513084531
16.94,-69.41983636,0.03028759122,0.564258794,0.3402415113,0,-0.2246623305,3.657044774,-4.509850907
16.95,-69.40906575,0.03032795929,0.5644639628,0.3400869392,0,-0.2256235002,3.655590537,-4.506619724
16.96,-69.39830331,0.03036835008,0.5646685018,0.3399328958,0,-0.2265878172,3.654145311,-4.503390994
16.97,-69.38754909,0.0304087634,0.5648724122,0.3397793803,0,-0.2275552847,3.652709093,-4.500164727
16.98,-69.37680311,0.03044919907,0.5650756948,0.3396263917,0,-0.2285259057,3.651281879,-4.496940932
16.99,-69.3660654,0.03048965693,0.5652783507,0.3394739288,0,-0.2294996834,3.649863665,-4.49371962
17,-69.355336,0.03053013677,0.565480381,0.3393219909,0,-0.2304766206,3.648454447,-4.490500801
17.01,-69.34461495,0.03057063843,0.5656817867,0.3391705768,0,-0.2314567204,3.647054221,-4.487284486
17.02,-69.33390228,0.03061116171,0.5658825687,0.3390196855,0,-0.2324399856,3.645662984,-4.484070683
17.03,-69.32319801,0.03065170645,0.5660827282,0.3388693161,0,-0.2334264191,3.64428073,-4.480859403
17.04,-69.31250219,0.03069227245,0.5662822661,0.3387194676,0,-0.2344160238,3.642907455,-4.477650656
17.05,-69.30181484,0.03073285953,0.5664811834,0.338570139,0,-0.2354088023,3.641543156,-4.474444451
17.06,-69.29113599,0.03077346752,0.5666794811,0.3384213293,0,-0.2364047576,3.640187828,-4.471240798
17.07,-69.28046569,0.03081409622,0.5668771604,0.3382730375,0,-0.2374038922,3.638841467,-4.468039708
17.08,-69.26980396,0.03085474547,0.5670742221,0.3381252626,0,-0.2384062088,3.637504067,-4.464841189
17.09,-69.25915084,0.03089541506,0.5672706674,0.3379780037,0,-0.23941171,3.636175625,-4.461645251
17.1,-69.24850635,0.03093610483,0.5674664972,0.3378312596,0,-0.2404203984,3.634856136,-4.458451904
17.11,-69.23787052,0.03097681459,0.5676617125,0.3376850295,0,-0.2414322764,3.633545594,-4.455261157
17.12,-69.2272434,0.03101754415,0.5678563143,0.3375393124,0,-0.2424473467,3.632243996,-4.45207302
17.13,-69.21662501,0.03105829334,0.5680503038,0.3373941073,0,-0.2434656115,3.630951337,-4.448887502
17.14,-69.20601537,0.03109906196,0.5682436818,0.3372494132,0,-0.2444870734,3.629667611,-4.445704612
17.15,-69.19541453,0.03113984984,0.5684364493,0.337105229,0,-0.2455117346,3.628392814,-4.44252436
17.16,-69.18482252,0.0311806568,0.5686286075,0.3369615539,0,-0.2465395974,3.627126941,-4.439346756
17.17,-69.17423936,0.03122148264,0.5688201573,0.3368183869,0,-0.2475706641,3.625869986,-4.436171807
17.18,-69.16366508,0.03126232719,0.5690110997,0.3366757268,0,-0.2486049369,3.624621945,-4.432999524
17.19,-69.15309972,0.03130319026,0.5692014357,0.3365335729,0,-0.2496424179,3.623382812,-4.429829915
17.2,-69.1425433,0.03134407167,0.5693911663,0.336391924,0,-0.2506831093,3.622152582,-4.42666299
17.21,-69.13199586,0.03138497123,0.5695802926,0.3362507793,0,-0.2517270132,3.620931249,-4.423498757
17.22,-69.12145742,0.03142588876,0.5697688155,0.3361101377,0,-0.2527741315,3.619718809,-4.420337226
17.23,-69.11092802,0.03146682408,0.569956736,0.3359699982,0,-0.2538244662,3.618515256,-4.417178405
17.24,-69.10040768,0.031507777,0.5701440552,0.33583036,0,-0.2548780194,3.617320584,-4.414022303
17.25,-69.08989643,0.03154874734,0.570330774,0.3356912219,0,-0.2559347927,3.616134788,-4.410868929
17.26,-69.07939431,0.03158973491,0.5705168935,0.335552583,0,-0.2569947882,3.614957862,-4.407718292
17.27,-69.06890134,0.03163073952,0.5707024147,0.3354144424,0,-0.2580580076,3.613789801,-4.404570401
17.28,-69.05841754,0.03167176101,0.5708873385,0.335276799,0,-0.2591244526,3.612630598,-4.401425263
17.29,-69.04794296,0.03171279917,0.5710716659,0.3351396519,0,-0.2601941249,3.611480249,-4.398282889
17.3,-69.03747762,0.03175385382,0.571255398,0.3350030001,0,-0.2612670263,3.610338746,-4.395143286
17.31,-69.02702154,0.03179492479,0.5714385358,0.3348668426,0,-0.2623431582,3.609206085,-4.392006462
17.32,-69.01657476,0.03183601187,0.5716210802,0.3347311786,0,-0.2634225222,3.608082258,-4.388872427
17.33,-69.0061373,0.0318771149,0.5718030323,0.3345960069,0,-0.2645051199,3.606967261,-4.385741189
17.34,-68.99570919,0.03191823369,0.571984393,0.3344613266,0,-0.2655909527,3.605861087,-4.382612756
17.35,-68.98529045,0.03195936804,0.5721651634,0.3343271368,0,-0.266680022,3.60476373,-4.379487136
17.36,-68.97488113,0.03200051778,0.5723453444,0.3341934364,0,-0.2677723292,3.603675184,-4.376364338
17.37,-68.96448123,0.03204168272,0.572524937,0.3340602245,0,-0.2688678756,3.602595442,-4.37324437
17.38,-68.9540908,0.03208286267,0.5727039423,0.3339275002,0,-0.2699666625,3.601524498,-4.37012724
17.39,-68.94370985,0.03212405745,0.5728823611,0.3337952624,0,-0.271068691,3.600462347,-4.367012956
17.4,-68.93333842,0.03216526688,0.5730601946,0.3336635103,0,-0.2721739624,3.59940898,-4.363901527
17.41,-68.92297653,0.03220649076,0.5732374437,0.3335322427,0,-0.2732824777,3.598364392,-4.36079296
17.42,-68.91262421,0.03224772892,0.5734141094,0.3334014589,0,-0.274394238,3.597328577,-4.357687263
17.43,-68.90228148,0.03228898116,0.5735901927,0.3332711577,0,-0.2755092444,3.596301527,-4.354584445
17.44,-68.89194838,0.0323302473,0.5737656945,0.3331413382,0,-0.2766274978,3.595283237,-4.351484513
17.45,-68.88162492,0.03237152716,0.5739406159,0.3330119995,0,-0.2777489992,3.594273699,-4.348387475
17.46,-68.87131113,0.03241282056,0.5741149579,0.3328831407,0,-0.2788737493,3.593272906,-4.345293339
17.47,-68.86100704,0.03245412729,0.5742887214,0.3327547606,0,-0.2800017491,3.592280853,-4.342202112
17.48,-68.85071268,0.03249544719,0.5744619074,0.3326268584,0,-0.2811329993,3.591297531,-4.339113803
17.49,-68.84042806,0.03253678006,0.5746345169,0.3324994332,0,-0.2822675006,3.590322935,-4.336028419
17.5,-68.83015323,0.03257812571,0.5748065509,0.3323724838,0,-0.2834052536,3.589357057,-4.332945968
17.51,-68.81988819,0.03261948397,0.5749780104,0.3322460095,0,-0.2845462591,3.588399889,-4.329866457
17.52,-68.80963298,0.03266085465,0.5751488964,0.3321200092,0,-0.2856905175,3.587451426,-4.326789893
17.53,-68.79938762,0.03270223755,0.5753192098,0.331994482,0,-0.2868380294,3.58651166,-4.323716285
17.54,-68.78915213,0.0327436325,0.5754889516,0.3318694269,0,-0.2879887953,3.585580584,-4.32064564
17.55,-68.77892655,0.03278503931,0.5756581228,0.3317448429,0,-0.2891428155,3.58465819,-4.317577965
17.56,-68.76871089,0.03282645779,0.5758267245,0.3316207291,0,-0.2903000904,3.583744471,-4.314513267
17.57,-68.75850518,0.03286788776,0.5759947575,0.3314970846,0,-0.2914606204,3.582839421,-4.311451554
17.58,-68.74830944,0.03290932903,0.5761622228,0.3313739084,0,-0.2926244056,3.581943031,-4.308392833
17.59,-68.7381237,0.03295078142,0.5763291215,0.3312511994,0,-0.2937914464,3.581055294,-4.305337111
17.6,-68.72794798,0.03299224473,0.5764954544,0.3311289569,0,-0.2949617428,3.580176203,-4.302284395
17.61,-68.71778231,0.03303371879,0.5766612227,0.3310071798,0,-0.2961352949,3.57930575,-4.299234694
17.62,-68.70762671,0.0330752034,0.5768264272,0.3308858671,0,-0.2973121029,3.578443927,-4.296188012
17.63,-68.6974812,0.03311669839,0.576991069,0.330765018,0,-0.2984921666,3.577590728,-4.293144359
17.64,-68.6873458,0.03315820356,0.5771551489,0.3306446314,0,-0.2996754861,3.576746144,-4.29010374
17.65,-68.67722054,0.03319971873,0.577318668,0.3305247064,0,-0.3008620612,3.575910168,-4.287066163
17.66,-68.66710545,0.03324124371,0.5774816273,0.3304052422,0,-0.3020518918,3.575082791,-4.284031634
17.67,-68.65700054,0.03328277833,0.5776440277,0.3302862376,0,-0.3032449777,3.574264006,-4.281000161
17.68,-68.64690583,0.03332432238,0.5778058703,0.3301676918,0,-0.3044413185,3.573453806,-4.277971749
17.69,-68.63682136,0.03336587569,0.5779671558,0.3300496038,0,-0.3056409141,3.572652182,-4.274946407
17.7,-68.62674714,0.03340743807,0.5781278855,0.3299319726,0,-0.3068437639,3.571859126,-4.271924141
17.71,-68.61668319,0.03344900933,0.5782880601,0.3298147974,0,-0.3080498676,3.571074631,-4.268904957
17.72,-68.60662954,0.03349058929,0.5784476807,0.3296980772,0,-0.3092592247,3.570298688,-4.265888862
17.73,-68.59658621,0.03353217776,0.5786067483,0.329581811,0,-0.3104718347,3.569531289,-4.262875863
17.74,-68.58655322,0.03357377456,0.5787652638,0.3294659979,0,-0.3116876969,3.568772426,-4.259865966
17.75,-68.57653059,0.0336153795,0.5789232282,0.329350637,0,-0.3129068108,3.568022091,-4.256859177
17.76,-68.56651835,0.03365699239,0.5790806424,0.3292357272,0,-0.3141291756,3.567280275,-4.253855504
17.77,-68.55651651,0.03369861306,0.5792375074,0.3291212677,0,-0.3153547906,3.566546971,-4.250854953
17.78,-68.5465251,0.0337402413,0.5793938242,0.3290072576,0,-0.316583655,3.56582217,-4.24785753
17.79,-68.53654414,0.03378187695,0.5795495938,0.3288936958,0,-0.3178157679,3.565105864,-4.244863241
17.8,-68.52657364,0.0338235198,0.579704817,0.3287805814,0,-0.3190511284,3.564398044,-4.241872093
17.81,-68.51661364,0.03386516968,0.579859495,0.3286679136,0,-0.3202897356,3.563698702,-4.238884092
17.82,-68.50666415,0.0339068264,0.5800136285,0.3285556913,0,-0.3215315884,3.563007829,-4.235899244
17.83,-68.49672519,0.03394848978,0.5801672187,0.3284439137,0,-0.3227766857,3.562325417,-4.232917556
17.84,-68.48679678,0.03399015962,0.5803202664,0.3283325797,0,-0.3240250264,3.561651457,-4.229939033
17.85,-68.47687894,0.03403183575,0.5804727726,0.3282216885,0,-0.3252766094,3.56098594,-4.226963683
17.86,-68.4669717,0.03407351798,0.5806247383,0.3281112391,0,-0.3265314333,3.560328859,-4.223991509
17.87,-68.45707507,0.03411520612,0.5807761644,0.3280012306,0,-0.3277894969,3.559680203,-4.22102252
17.88,-68.44718907,0.03415689998,0.580927052,0.327891662,0,-0.3290507989,3.559039965,-4.21805672
17.89,-68.43731372,0.03419859939,0.5810774018,0.3277825325,0,-0.3303153378,3.558408136,-4.215094117
17.9,-68.42744905,0.03424030415,0.581227215,0.327673841,0,-0.3315831121,3.557784706,-4.212134715
17.91,-68.41759507,0.03428201409,0.5813764924,0.3275655867,0,-0.3328541203,3.557169668,-4.20917852
17.92,-68.4077518,0.03432372901,0.581525235,0.3274577687,0,-0.334128361,3.556563011,-4.206225539
17.93,-68.39791926,0.03436544873,0.5816734438,0.3273503859,0,-0.3354058323,3.555964727,-4.203275777
17.94,-68.38809746,0.03440717307,0.5818211197,0.3272434375,0,-0.3366865327,3.555374807,-4.200329239
17.95,-68.37828644,0.03444890184,0.5819682637,0.3271369225,0,-0.3379704604,3.554793242,-4.197385933
17.96,-68.36848621,0.03449063485,0.5821148767,0.32703084,0,-0.3392576135,3.554220023,-4.194445862
17.97,-68.35869678,0.03453237192,0.5822609597,0.3269251891,0,-0.3405479903,3.55365514,-4.191509034
17.98,-68.34891818,0.03457411287,0.5824065136,0.3268199689,0,-0.3418415889,3.553098585,-4.188575453
17.99,-68.33915042,0.03461585751,0.5825515394,0.3267151784,0,-0.3431384072,3.552550349,-4.185645125
18,-68.32939352,0.03465760566,0.582696038,0.3266108167,0,-0.3444384432,3.552010421,-4.182718056
18.01,-68.3196475,0.03469935713,0.5828400104,0.3265068829,0,-0.3457416948,3.551478793,-4.17979425
18.02,-68.30991238,0.03474111173,0.5829834575,0.326403376,0,-0.34704816,3.550955455,-4.176873714
18.03,-68.30018818,0.03478286929,0.5831263803,0.3263002952,0,-0.3483578365,3.550440399,-4.173956454
18.04,-68.29047491,0.03482462961,0.5832687796,0.3261976395,0,-0.349670722,3.549933614,-4.171042473
18.05,-68.28077259,0.03486639252,0.5834106566,0.326095408,0,-0.3509868143,3.549435091,-4.168131778
18.06,-68.27108125,0.03490815782,0.583552012,0.3259935998,0,-0.3523061109,3.54894482,-4.165224374
18.07,-68.26140089,0.03494992534,0.5836928469,0.325892214,0,-0.3536286095,3.548462793,-4.162320266
18.08,-68.25173153,0.03499169489,0.5838331622,0.3257912495,0,-0.3549543076,3.547988999,-4.159419459
18.09,-68.2420732,0.03503346628,0.5839729588,0.3256907056,0,-0.3562832026,3.547523429,-4.156521959
18.1,-68.2324259,0.03507523934,0.5841122377,0.3255905813,0,-0.3576152919,3.547066074,-4.15362777
18.11,-68.22278966,0.03511701387,0.5842509999,0.3254908757,0,-0.3589505729,3.546616923,-4.150736898
18.12,-68.2131645,0.0351587897,0.5843892461,0.3253915879,0,-0.3602890429,3.546175966,-4.147849349
18.13,-68.20355042,0.03520056664,0.5845269775,0.325292717,0,-0.3616306991,3.545743195,-4.144965126
18.14,-68.19394745,0.0352423445,0.584664195,0.3251942619,0,-0.3629755386,3.545318599,-4.142084234
18.15,-68.1843556,0.03528412311,0.5848008994,0.325096222,0,-0.3643235586,3.544902169,-4.13920668
18.16,-68.17477489,0.03532590227,0.5849370917,0.3249985961,0,-0.3656747562,3.544493893,-4.136332468
18.17,-68.16520534,0.03536768181,0.5850727728,0.3249013835,0,-0.3670291283,3.544093764,-4.133461602
18.18,-68.15564696,0.03540946154,0.5852079438,0.3248045831,0,-0.3683866719,3.54370177,-4.130594087
18.19,-68.14609976,0.03545124128,0.5853426055,0.3247081942,0,-0.3697473838,3.543317902,-4.127729929
18.2,-68.13656378,0.03549302084,0.5854767588,0.3246122157,0,-0.371111261,3.542942149,-4.124869133
18.21,-68.12703901,0.03553480005,0.5856104048,0.3245166468,0,-0.3724783001,3.542574502,-4.122011702
18.22,-68.11752547,0.03557657871,0.5857435442,0.3244214866,0,-0.3738484978,3.542214951,-4.119157641
18.23,-68.10802319,0.03561835665,0.5858761782,0.3243267342,0,-0.3752218509,3.541863484,-4.116306956
18.24,-68.09853217,0.03566013369,0.5860083075,0.3242323886,0,-0.3765983558,3.541520093,-4.113459651
18.25,-68.08905243,0.03570190963,0.5861399331,0.3241384489,0,-0.3779780092,3.541184767,-4.11061573
18.26,-68.07958399,0.0357436843,0.5862710561,0.3240449143,0,-0.3793608075,3.540857495,-4.107775198
18.27,-68.07012687,0.03578545751,0.5864016772,0.3239517839,0,-0.3807467472,3.540538268,-4.104938061
18.28,-68.06068107,0.03582722909,0.5865317974,0.3238590567,0,-0.3821358245,3.540227075,-4.102104321
18.29,-68.05124661,0.03586899885,0.5866614176,0.3237667319,0,-0.3835280358,3.539923905,-4.099273984
18.3,-68.04182351,0.0359107666,0.5867905389,0.3236748084,0,-0.3849233773,3.539628749,-4.096447054
18.31,-68.03241178,0.03595253217,0.586919162,0.3235832856,0,-0.3863218452,3.539341596,-4.093623535
18.32,-68.02301144,0.03599429537,0.587047288,0.3234921624,0,-0.3877234357,3.539062435,-4.090803432
18.33,-68.0136225,0.03603605602,0.5871749177,0.3234014379,0,-0.3891281447,3.538791255,-4.08798675
18.34,-68.00424497,0.03607781394,0.5873020521,0.3233111113,0,-0.3905359683,3.538528048,-4.085173492
18.35,-67.99487888,0.03611956895,0.5874286921,0.3232211816,0,-0.3919469025,3.538272801,-4.082363663
18.36,-67.98552422,0.03616132087,0.5875548387,0.323131648,0,-0.393360943,3.538025504,-4.079557267
18.37,-67.97618103,0.0362030695,0.5876804927,0.3230425096,0,-0.3947780858,3.537786147,-4.076754308
18.38,-67.9668493,0.03624481468,0.5878056551,0.3229537654,0,-0.3961983267,3.537554719,-4.073954791
18.39,-67.95752906,0.03628655622,0.5879303267,0.3228654146,0,-0.3976216612,3.537331209,-4.071158719
18.4,-67.94822032,0.03632829394,0.5880545086,0.3227774563,0,-0.3990480851,3.537115606,-4.068366097
18.41,-67.9389231,0.03637002766,0.5881782017,0.3226898896,0,-0.400477594,3.5369079,-4.065576929
18.42,-67.9296374,0.03641175719,0.5883014068,0.3226027136,0,-0.4019101834,3.53670808,-4.062791219
18.43,-67.92036323,0.03645348236,0.5884241249,0.3225159274,0,-0.4033458487,3.536516135,-4.06000897
18.44,-67.91110063,0.03649520299,0.5885463568,0.3224295301,0,-0.4047845854,3.536332054,-4.057230188
18.45,-67.90184958,0.03653691889,0.5886681036,0.3223435209,0,-0.4062263888,3.536155827,-4.054454875
18.46,-67.89261012,0.03657862989,0.5887893662,0.3222578988,0,-0.4076712543,3.535987441,-4.051683036
18.47,-67.88338225,0.03662033579,0.5889101454,0.322172663,0,-0.409119177,3.535826887,-4.048914675
18.48,-67.87416599,0.03666203644,0.5890304421,0.3220878126,0,-0.4105701521,3.535674154,-4.046149796
18.49,-67.86496134,0.03670373163,0.5891502574,0.3220033466,0,-0.4120241747,3.535529229,-4.043388402
18.5,-67.85576832,0.0367454212,0.589269592,0.3219192643,0,-0.41348124,3.535392103,-4.040630497
18.51,-67.84658695,0.03678710496,0.589388447,0.3218355647,0,-0.4149413428,3.535262764,-4.037876085
18.52,-67.83741723,0.03682878273,0.5895068231,0.3217522469,0,-0.4164044782,3.535141201,-4.03512517
18.53,-67.82825919,0.03687045434,0.5896247215,0.3216693101,0,-0.4178706409,3.535027402,-4.032377756
18.54,-67.81911282,0.03691211959,0.5897421428,0.3215867534,0,-0.4193398259,3.534921357,-4.029633846
18.55,-67.80997814,0.03695377833,0.5898590882,0.3215045759,0,-0.4208120278,3.534823055,-4.026893443
18.56,-67.80085517,0.03699543035,0.5899755584,0.3214227767,0,-0.4222872414,3.534732483,-4.024156552
18.57,-67.79174392,0.03703707549,0.5900915544,0.3213413549,0,-0.4237654612,3.534649632,-4.021423177
18.58,-67.7826444,0.03707871357,0.590207077,0.3212603098,0,-0.425246682,3.534574488,-4.01869332
18.59,-67.77355662,0.03712034441,0.5903221273,0.3211796403,0,-0.4267308981,3.534507042,-4.015966985
18.6,-67.76448059,0.03716196782,0.5904367061,0.3210993456,0,-0.4282181041,3.534447282,-4.013244176
18.61,-67.75541632,0.03720358363,0.5905508143,0.3210194249,0,-0.4297082944,3.534395195,-4.010524896
18.62,-67.74636383,0.03724519166,0.5906644529,0.3209398772,0,-0.4312014632,3.534350772,-4.007809149
18.63,-67.73732313,0.03728679173,0.5907776226,0.3208607018,0,-0.4326976048,3.534313999,-4.005096938
18.64,-67.72829422,0.03732838367,0.5908903245,0.3207818976,0,-0.4341967136,3.534284867,-4.002388267
18.65,-67.71927713,0.03736996729,0.5910025595,0.320703464,0,-0.4356987835,3.534263362,-3.999683138
18.66,-67.71027185,0.03741154242,0.5911143284,0.3206253999,0,-0.4372038088,3.534249474,-3.996981556
18.67,-67.70127841,0.03745310887,0.5912256321,0.3205477045,0,-0.4387117835,3.534243191,-3.994283524
18.68,-67.69229682,0.03749466648,0.5913364716,0.320470377,0,-0.4402227015,3.534244502,-3.991589045
18.69,-67.68332707,0.03753621506,0.5914468477,0.3203934164,0,-0.4417365567,3.534253394,-3.988898122
18.7,-67.67436919,0.03757775444,0.5915567614,0.320316822,0,-0.443253343,3.534269856,-3.986210758
18.71,-67.66542319,0.03761928443,0.5916662135,0.3202405928,0,-0.4447730543,3.534293876,-3.983526957
18.72,-67.65648907,0.03766080486,0.591775205,0.3201647279,0,-0.4462956842,3.534325443,-3.980846722
18.73,-67.64756686,0.03770231556,0.5918837368,0.3200892266,0,-0.4478212264,3.534364544,-3.978170057
18.74,-67.63865654,0.03774381635,0.5919918097,0.320014088,0,-0.4493496746,3.534411168,-3.975496963
18.75,-67.62975815,0.03778530704,0.5920994246,0.3199393111,0,-0.4508810222,3.534465303,-3.972827445
18.76,-67.62087168,0.03782678747,0.5922065825,0.3198648952,0,-0.4524152628,3.534526937,-3.970161505
18.77,-67.61199716,0.03786825745,0.5923132843,0.3197908393,0,-0.4539523899,3.534596058,-3.967499147
18.78,-67.60313458,0.03790971681,0.5924195308,0.3197171427,0,-0.4554923967,3.534672654,-3.964840373
18.79,-67.59428396,0.03795116537,0.5925253229,0.3196438044,0,-0.4570352767,3.534756714,-3.962185187
18.8,-67.58544531,0.03799260296,0.5926306616,0.3195708236,0,-0.458581023,3.534848224,-3.959533592
18.81,-67.57661863,0.0380340294,0.5927355476,0.3194981994,0,-0.460129629,3.534947173,-3.95688559
18.82,-67.56780395,0.03807544452,0.5928399821,0.319425931,0,-0.4616810876,3.53505355,-3.954241184
18.83,-67.55900126,0.03811684813,0.5929439657,0.3193540175,0,-0.4632353919,3.535167341,-3.951600378
18.84,-67.55021058,0.03815824006,0.5930474994,0.3192824581,0,-0.4647925351,3.535288535,-3.948963175
18.85,-67.54143192,0.03819962015,0.5931505841,0.3192112519,0,-0.46635251,3.53541712,-3.946329576
18.86,-67.53266529,0.0382409882,0.5932532207,0.3191403981,0,-0.4679153096,3.535553083,-3.943699586
18.87,-67.52391069,0.03828234405,0.5933554101,0.3190698957,0,-0.4694809267,3.535696412,-3.941073206
18.88,-67.51516814,0.03832368752,0.5934571532,0.3189997441,0,-0.471049354,3.535847095,-3.938450441
18.89,-67.50643764,0.03836501844,0.5935584508,0.3189299422,0,-0.4726205842,3.536005119,-3.935831291
18.9,-67.4977192,0.03840633663,0.5936593038,0.3188604893,0,-0.4741946101,3.536170473,-3.933215761
18.91,-67.48901284,0.03844764191,0.5937597132,0.3187913845,0,-0.4757714242,3.536343144,-3.930603853
18.92,-67.48031856,0.03848893412,0.5938596799,0.318722627,0,-0.4773510191,3.536523119,-3.927995569
18.93,-67.47163638,0.03853021307,0.5939592046,0.3186542159,0,-0.4789333872,3.536710386,-3.925390913
18.94,-67.46296629,0.0385714786,0.5940582883,0.3185861503,0,-0.480518521,3.536904933,-3.922789886
18.95,-67.45430831,0.03861273052,0.5941569319,0.3185184295,0,-0.4821064127,3.537106748,-3.920192493
18.96,-67.44566245,0.03865396867,0.5942551362,0.3184510525,0,-0.4836970548,3.537315817,-3.917598734
18.97,-67.43702871,0.03869519287,0.5943529022,0.3183840186,0,-0.4852904394,3.537532128,-3.915008614
18.98,-67.42840711,0.03873640295,0.5944502308,0.3183173269,0,-0.4868865586,3.537755669,-3.912422134
18.99,-67.41979766,0.03877759873,0.5945471227,0.3182509765,0,-0.4884854048,3.537986427,-3.909839297
19,-67.41120035,0.03881878004,0.5946435789,0.3181849667,0,-0.4900869698,3.53822439,-3.907260105
19.01,-67.4026152,0.03885994671,0.5947396004,0.3181192965,0,-0.4916912457,3.538469544,-3.904684561
19.02,-67.39404223,0.03890109856,0.5948351878,0.3180539652,0,-0.4932982244,3.538721878,-3.902112668
19.03,-67.38548143,0.03894223542,0.5949303422,0.3179889718,0,-0.4949078978,3.538981378,-3.899544428
19.04,-67.37693281,0.03898335712,0.5950250645,0.3179243156,0,-0.4965202577,3.539248031,-3.896979843
19.05,-67.36839639,0.03902446348,0.5951193554,0.3178599958,0,-0.4981352958,3.539521826,-3.894418916
19.06,-67.35987217,0.03906555434,0.5952132159,0.3177960114,0,-0.499753004,3.539802749,-3.89186165
19.07,-67.35136015,0.03910662951,0.5953066468,0.3177323616,0,-0.5013733737,3.540090787,-3.889308046
19.08,-67.34286036,0.03914768884,0.5953996491,0.3176690457,0,-0.5029963967,3.540385928,-3.886758107
19.09,-67.33437278,0.03918873213,0.5954922236,0.3176060628,0,-0.5046220643,3.540688158,-3.884211835
19.1,-67.32589744,0.03922975924,0.5955843711,0.317543412,0,-0.5062503681,3.540997466,-3.881669233
19.11,-67.31743434,0.03927076997,0.5956760927,0.3174810926,0,-0.5078812995,3.541313837,-3.879130303
19.12,-67.30898349,0.03931176416,0.595767389,0.3174191036,0,-0.5095148497,3.541637259,-3.876595047
19.13,-67.30054489,0.03935274164,0.5958582611,0.3173574444,0,-0.5111510102,3.541967719,-3.874063468
19.14,-67.29211856,0.03939370224,0.5959487097,0.3172961139,0,-0.5127897721,3.542305203,-3.871535567
19.15,-67.28370449,0.03943464578,0.5960387358,0.3172351115,0,-0.5144311265,3.5426497,-3.869011348
19.16,-67.27530271,0.0394755721,0.5961283401,0.3171744362,0,-0.5160750646,3.543001195,-3.866490812
19.17,-67.2669132,0.03951648102,0.5962175237,0.3171140873,0,-0.5177215775,3.543359676,-3.863973961
19.18,-67.25853599,0.03955737237,0.5963062874,0.317054064,0,-0.519370656,3.54372513,-3.861460797
19.19,-67.25017108,0.03959824598,0.596394632,0.3169943653,0,-0.5210222912,3.544097543,-3.858951323
19.2,-67.24181847,0.03963910169,0.5964825584,0.3169349905,0,-0.5226764738,3.544476902,-3.856445541
19.21,-67.23347818,0.03967993932,0.5965700674,0.3168759388,0,-0.5243331948,3.544863194,-3.853943453
19.22,-67.2251502,0.03972075869,0.59665716,0.3168172094,0,-0.5259924449,3.545256405,-3.851445061
19.23,-67.21683456,0.03976155965,0.596743837,0.3167588013,0,-0.5276542147,3.545656524,-3.848950367
19.24,-67.20853125,0.03980234202,0.5968300993,0.3167007139,0,-0.5293184948,3.546063535,-3.846459374
19.25,-67.20024027,0.03984310563,0.5969159477,0.3166429463,0,-0.5309852759,3.546477426,-3.843972082
19.26,-67.19196165,0.03988385031,0.5970013832,0.3165854976,0,-0.5326545485,3.546898184,-3.841488495
19.27,-67.18369538,0.03992457589,0.5970864065,0.3165283671,0,-0.534326303,3.547325795,-3.839008614
19.28,-67.17544147,0.0399652822,0.5971710185,0.3164715539,0,-0.5360005298,3.547760245,-3.836532441
19.29,-67.16719993,0.04000596908,0.5972552202,0.3164150572,0,-0.5376772193,3.548201522,-3.834059978
19.3,-67.15897076,0.04004663635,0.5973390123,0.3163588763,0,-0.5393563616,3.548649612,-3.831591227
19.31,-67.15075397,0.04008728384,0.5974223957,0.3163030102,0,-0.5410379472,3.549104501,-3.829126191
19.32,-67.14254957,0.0401279114,0.5975053713,0.3162474582,0,-0.542721966,3.549566175,-3.82666487
19.33,-67.13435756,0.04016851884,0.59758794,0.3161922195,0,-0.5444084083,3.550034622,-3.824207267
19.34,-67.12617795,0.040209106,0.5976701026,0.3161372933,0,-0.546097264,3.550509827,-3.821753384
19.35,-67.11801074,0.04024967271,0.5977518599,0.3160826787,0,-0.5477885232,3.550991778,-3.819303223
19.36,-67.10985595,0.0402902188,0.5978332129,0.3160283749,0,-0.5494821757,3.55148046,-3.816856785
19.37,-67.10171358,0.04033074411,0.5979141624,0.3159743812,0,-0.5511782115,3.551975859,-3.814414073
19.38,-67.09358362,0.04037124846,0.5979947092,0.3159206967,0,-0.5528766204,3.552477963,-3.811975087
19.39,-67.0854661,0.0404117317,0.5980748542,0.3158673206,0,-0.5545773921,3.552986757,-3.809539831
19.4,-67.07736102,0.04045219364,0.5981545983,0.3158142522,0,-0.5562805162,3.553502227,-3.807108305
19.41,-67.06926837,0.04049263413,0.5982339423,0.3157614906,0,-0.5579859826,3.55402436,-3.804680512
19.42,-67.06118818,0.040533053,0.5983128871,0.3157090349,0,-0.5596937806,3.554553142,-3.802256453
19.43,-67.05312043,0.04057345008,0.5983914335,0.3156568845,0,-0.5614038999,3.555088559,-3.79983613
19.44,-67.04506515,0.0406138252,0.5984695824,0.3156050385,0,-0.5631163299,3.555630598,-3.797419545
19.45,-67.03702233,0.0406541782,0.5985473347,0.3155534961,0,-0.56483106,3.556179244,-3.795006699
19.46,-67.02899198,0.0406945089,0.5986246911,0.3155022566,0,-0.5665480797,3.556734483,-3.792597594
19.47,-67.02097411,0.04073481715,0.5987016526,0.315451319,0,-0.568267378,3.557296302,-3.790192232
19.48,-67.01296872,0.04077510278,0.59877822,0.3154006826,0,-0.5699889444,3.557864687,-3.787790615
19.49,-67.00497581,0.04081536562,0.5988543941,0.3153503467,0,-0.5717127679,3.558439623,-3.785392743
19.5,-66.9969954,0.0408556055,0.5989301758,0.3153003104,0,-0.5734388378,3.559021096,-3.78299862
19.51,-66.98902749,0.04089582226,0.599005566,0.3152505729,0,-0.575167143,3.559609093,-3.780608246
19.52,-66.98107208,0.04093601573,0.5990805655,0.3152011334,0,-0.5768976726,3.560203599,-3.778221623
19.53,-66.97312917,0.04097618575,0.5991551752,0.3151519912,0,-0.5786304155,3.560804601,-3.775838752
19.54,-66.96519879,0.04101633215,0.5992293958,0.3151031454,0,-0.5803653606,3.561412084,-3.773459636
19.55,-66.95728092,0.04105645477,0.5993032283,0.3150545953,0,-0.5821024967,3.562026033,-3.771084275
19.56,-66.94937557,0.04109655344,0.5993766735,0.31500634,0,-0.5838418127,3.562646436,-3.768712672
19.57,-66.94148276,0.04113662799,0.5994497323,0.3149583788,0,-0.5855832972,3.563273277,-3.766344827
19.58,-66.93360248,0.04117667827,0.5995224054,0.3149107109,0,-0.5873269389,3.563906542,-3.763980743
19.59,-66.92573474,0.0412167041,0.5995946938,0.3148633355,0,-0.5890727264,3.564546217,-3.761620421
19.6,-66.91787954,0.04125670533,0.5996665982,0.3148162518,0,-0.5908206483,3.565192288,-3.759263862
19.61,-66.91003689,0.04129668178,0.5997381196,0.314769459,0,-0.5925706931,3.56584474,-3.756911068
19.62,-66.9022068,0.04133663329,0.5998092587,0.3147229564,0,-0.5943228492,3.566503559,-3.754562041
19.63,-66.89438927,0.04137655971,0.5998800165,0.3146767431,0,-0.5960771049,3.567168731,-3.752216781
19.64,-66.8865843,0.04141646086,0.5999503937,0.3146308184,0,-0.5978334487,3.567840241,-3.74987529
19.65,-66.8787919,0.04145633658,0.6000203912,0.3145851815,0,-0.5995918688,3.568518074,-3.74753757
19.66,-66.87101207,0.04149618671,0.6000900099,0.3145398316,0,-0.6013523534,3.569202217,-3.745203622
19.67,-66.86324483,0.04153601108,0.6001592505,0.314494768,0,-0.6031148906,3.569892655,-3.742873448
19.68,-66.85549016,0.04157580953,0.600228114,0.3144499898,0,-0.6048794686,3.570589373,-3.740547049
19.69,-66.84774809,0.0416155819,0.6002966011,0.3144054962,0,-0.6066460754,3.571292356,-3.738224426
19.7,-66.8400186,0.04165532803,0.6003647128,0.3143612866,0,-0.6084146991,3.57200159,-3.73590558
19.71,-66.83230171,0.04169504774,0.6004324497,0.31431736,0,-0.6101853275,3.572717061,-3.733590514
19.72,-66.82459743,0.04173474089,0.6004998129,0.3142737158,0,-0.6119579485,3.573438754,-3.731279228
19.73,-66.81690575,0.0417744073,0.6005668031,0.3142303532,0,-0.61373255,3.574166654,-3.728971724
19.74,-66.80922668,0.04181404681,0.6006334211,0.3141872714,0,-0.6155091197,3.574900746,-3.726668003
19.75,-66.80156022,0.04185365926,0.6006996678,0.3141444695,0,-0.6172876453,3.575641016,-3.724368066
19.76,-66.79390638,0.0418932445,0.600765544,0.314101947,0,-0.6190681146,3.576387448,-3.722071915
19.77,-66.78626517,0.04193280235,0.6008310506,0.3140597029,0,-0.6208505151,3.577140029,-3.719779551
19.78,-66.77863658,0.04197233265,0.6008961885,0.3140177365,0,-0.6226348343,3.577898743,-3.717490975
19.79,-66.77102063,0.04201183525,0.6009609583,0.313976047,0,-0.6244210598,3.578663576,-3.715206189
19.8,-66.76341731,0.04205130998,0.601025361,0.3139346337,0,-0.6262091791,3.579434512,-3.712925194
19.81,-66.75582663,0.04209075668,0.6010893974,0.3138934959,0,-0.6279991794,3.580211537,-3.71064799
19.82,-66.7482486,0.04213017518,0.6011530683,0.3138526326,0,-0.6297910482,3.580994635,-3.70837458
19.83,-66.74068322,0.04216956534,0.6012163746,0.3138120432,0,-0.6315847727,3.581783793,-3.706104965
19.84,-66.73313048,0.04220892698,0.6012793171,0.3137717269,0,-0.6333803402,3.582578994,-3.703839145
19.85,-66.72559041,0.04224825994,0.6013418966,0.313731683,0,-0.6351777377,3.583380224,-3.701577122
19.86,-66.71806299,0.04228756407,0.601404114,0.3136919106,0,-0.6369769525,3.584187468,-3.699318898
19.87,-66.71054824,0.04232683921,0.6014659701,0.313652409,0,-0.6387779716,3.585000711,-3.697064472
19.88,-66.70304616,0.04236608518,0.6015274656,0.3136131775,0,-0.6405807821,3.585819937,-3.694813848
19.89,-66.69555675,0.04240530185,0.6015886015,0.3135742153,0,-0.6423853708,3.586645131,-3.692567025
19.9,-66.68808001,0.04244448903,0.6016493786,0.3135355216,0,-0.6441917247,3.587476279,-3.690324004
19.91,-66.68061596,0.04248364657,0.6017097977,0.3134970956,0,-0.6459998306,3.588313366,-3.688084788
19.92,-66.67316459,0.04252277432,0.6017698596,0.3134589367,0,-0.6478096754,3.589156375,-3.685849377
19.93,-66.66572591,0.04256187212,0.6018295652,0.3134210441,0,-0.6496212457,3.590005291,-3.683617773
19.94,-66.65829992,0.04260093979,0.6018889152,0.3133834169,0,-0.6514345284,3.5908601,-3.681389975
19.95,-66.65088662,0.04263997719,0.6019479106,0.3133460545,0,-0.6532495099,3.591720787,-3.679165987
19.96,-66.64348602,0.04267898416,0.602006552,0.3133089561,0,-0.655066177,3.592587335,-3.676945807
19.97,-66.63609813,0.04271796053,0.6020648405,0.3132721209,0,-0.6568845161,3.593459729,-3.674729439
19.98,-66.62872294,0.04275690615,0.6021227767,0.3132355482,0,-0.6587045137,3.594337955,-3.672516882
19.99,-66.62136046,0.04279582085,0.6021803614,0.3131992372,0,-0.6605261563,3.595221996,-3.670308139
20,-66.6140107,0.04283470448,0.6022375957,0.3131631872,0,-0.6623494302,3.596111838,-3.668103209
20.01,-66.60667365,0.04287355689,0.6022944801,0.3131273975,0,-0.6641743218,3.597007464,-3.665902094
20.02,-66.59934932,0.0429123779,0.6023510156,0.3130918672,0,-0.6660008174,3.597908859,-3.663704796
20.03,-66.59203771,0.04295116737,0.602407203,0.3130565957,0,-0.6678289031,3.598816008,-3.661511314
20.04,-66.58473884,0.04298992514,0.6024630432,0.3130215822,0,-0.6696585651,3.599728896,-3.659321651
20.05,-66.57745269,0.04302865104,0.6025185368,0.3129868259,0,-0.6714897896,3.600647506,-3.657135807
20.06,-66.57017928,0.04306734492,0.6025736848,0.3129523261,0,-0.6733225627,3.601571823,-3.654953783
20.07,-66.5629186,0.04310600663,0.6026284879,0.3129180821,0,-0.6751568703,3.602501831,-3.65277558
20.08,-66.55567066,0.04314463599,0.602682947,0.312884093,0,-0.6769926984,3.603437515,-3.650601199
20.09,-66.54843547,0.04318323287,0.6027370629,0.3128503583,0,-0.678830033,3.604378859,-3.648430642
20.1,-66.54121303,0.04322179709,0.6027908365,0.3128168771,0,-0.6806688598,3.605325847,-3.646263909
20.11,-66.53400334,0.04326032851,0.6028442684,0.3127836486,0,-0.6825091648,3.606278464,-3.644101001
20.12,-66.5268064,0.04329882696,0.6028973596,0.3127506722,0,-0.6843509337,3.607236694,-3.641941919
20.13,-66.51962221,0.04333729229,0.6029501109,0.3127179472,0,-0.6861941522,3.60820052,-3.639786664
20.14,-66.51245079,0.04337572434,0.6030025231,0.3126854727,0,-0.688038806,3.609169927,-3.637635237
20.15,-66.50529213,0.04341412295,0.6030545969,0.312653248,0,-0.6898848806,3.6101449,-3.63548764
20.16,-66.49814624,0.04345248797,0.6031063332,0.3126212724,0,-0.6917323617,3.611125422,-3.633343872
20.17,-66.49101312,0.04349081925,0.6031577329,0.3125895452,0,-0.6935812348,3.612111477,-3.631203935
20.18,-66.48389277,0.04352911662,0.6032087967,0.3125580656,0,-0.6954314853,3.61310305,-3.62906783
20.19,-66.47678519,0.04356737993,0.6032595254,0.3125268329,0,-0.6972830987,3.614100124,-3.626935558
20.2,-66.4696904,0.04360560903,0.6033099199,0.3124958464,0,-0.6991360602,3.615102684,-3.624807119
20.21,-66.46260838,0.04364380375,0.6033599809,0.3124651053,0,-0.7009903554,3.616110713,-3.622682515
20.22,-66.45553915,0.04368196394,0.6034097093,0.3124346089,0,-0.7028459693,3.617124195,-3.620561746
20.23,-66.44848271,0.04372008946,0.6034591059,0.3124043564,0,-0.7047028873,3.618143115,-3.618444814
20.24,-66.44143906,0.04375818013,0.6035081715,0.3123743473,0,-0.7065610945,3.619167456,-3.616331719
20.25,-66.43440821,0.04379623581,0.6035569069,0.3123445806,0,-0.7084205761,3.620197201,-3.614222462
20.26,-66.42739015,0.04383425634,0.6036053129,0.3123150557,0,-0.710281317,3.621232336,-3.612117044
20.27,-66.42038489,0.04387224157,0.6036533904,0.3122857719,0,-0.7121433024,3.622272842,-3.610015466
20.28,-66.41339243,0.04391019134,0.60370114,0.3122567284,0,-0.7140065173,3.623318705,-3.607917729
20.29,-66.40641278,0.04394810549,0.6037485627,0.3122279245,0,-0.7158709465,3.624369909,-3.605823834
20.3,-66.39944593,0.04398598388,0.6037956592,0.3121993595,0,-0.7177365749,3.625426435,-3.60373378
20.31,-66.3924919,0.04402382635,0.6038424304,0.3121710327,0,-0.7196033874,3.62648827,-3.60164757
20.32,-66.38555068,0.04406163274,0.603888877,0.3121429433,0,-0.7214713688,3.627555395,-3.599565204
20.33,-66.37862228,0.0440994029,0.6039349999,0.3121150906,0,-0.7233405039,3.628627795,-3.597486683
20.34,-66.37170669,0.04413713668,0.6039807998,0.312087474,0,-0.7252107772,3.629705453,-3.595412008
20.35,-66.36480393,0.04417483392,0.6040262776,0.3120600926,0,-0.7270821735,3.630788353,-3.59334118
20.36,-66.357914,0.04421249446,0.604071434,0.3120329458,0,-0.7289546774,3.631876478,-3.591274199
20.37,-66.35103689,0.04425011816,0.6041162699,0.3120060328,0,-0.7308282734,3.632969811,-3.589211066
20.38,-66.34417261,0.04428770487,0.6041607861,0.3119793529,0,-0.7327029461,3.634068338,-3.587151782
20.39,-66.33732116,0.04432525442,0.6042049833,0.3119529055,0,-0.7345786799,3.635172039,-3.585096348
20.4,-66.33048255,0.04436276667,0.6042488625,0.3119266898,0,-0.7364554592,3.6362809,-3.583044764
20.41,-66.32365677,0.04440024145,0.6042924243,0.3119007051,0,-0.7383332684,3.637394903,-3.580997032
20.42,-66.31684384,0.04443767863,0.6043356695,0.3118749506,0,-0.7402120919,3.638514032,-3.578953152
20.43,-66.31004375,0.04447507805,0.604378599,0.3118494257,0,-0.7420919139,3.63963827,-3.576913125
20.44,-66.30325651,0.04451243954,0.6044212136,0.3118241296,0,-0.7439727186,3.640767601,-3.574876952
20.45,-66.29648211,0.04454976298,0.6044635141,0.3117990617,0,-0.7458544903,3.641902007,-3.572844633
20.46,-66.28972056,0.04458704819,0.6045055012,0.3117742213,0,-0.7477372131,3.643041472,-3.570816169
20.47,-66.28297187,0.04462429502,0.6045471758,0.3117496075,0,-0.7496208711,3.644185979,-3.568791562
20.48,-66.27623604,0.04466150333,0.6045885386,0.3117252198,0,-0.7515054484,3.645335512,-3.566770811
20.49,-66.26951306,0.04469867297,0.6046295905,0.3117010574,0,-0.753390929,3.646490053,-3.564753917
20.5,-66.26280294,0.04473580378,0.6046703322,0.3116771195,0,-0.7552772968,3.647649585,-3.562740882
20.51,-66.25610569,0.04477289561,0.6047107646,0.3116534056,0,-0.7571645359,3.648814092,-3.560731706
20.52,-66.2494213,0.0448099483,0.6047508884,0.3116299149,0,-0.75905263,3.649983556,-3.558726389
20.53,-66.24274978,0.04484696172,0.6047907045,0.3116066467,0,-0.760941563,3.651157961,-3.556724933
20.54,-66.23609113,0.0448839357,0.6048302136,0.3115836002,0,-0.7628313187,3.65233729,-3.554727338
20.55,-66.22944535,0.0449208701,0.6048694165,0.3115607749,0,-0.7647218809,3.653521526,-3.552733605
20.56,-66.22281245,0.04495776476,0.604908314,0.3115381699,0,-0.7666132333,3.654710651,-3.550743735
20.57,-66.21619243,0.04499461953,0.6049469069,0.3115157846,0,-0.7685053596,3.655904648,-3.548757728
20.58,-66.20958528,0.04503143427,0.604985196,0.3114936183,0,-0.7703982433,3.657103501,-3.546775585
20.59,-66.20299102,0.04506820882,0.6050231821,0.3114716703,0,-0.7722918682,3.658307192,-3.544797306
20.6,-66.19640964,0.04510494303,0.6050608659,0.3114499399,0,-0.7741862176,3.659515704,-3.542822893
20.61,-66.18984115,0.04514163676,0.6050982483,0.3114284264,0,-0.7760812752,3.660729019,-3.540852346
20.62,-66.18328555,0.04517828985,0.6051353301,0.3114071292,0,-0.7779770243,3.661947122,-3.538885666
20.63,-66.17674284,0.04521490215,0.6051721121,0.3113860474,0,-0.7798734484,3.663169993,-3.536922853
20.64,-66.17021303,0.04525147351,0.6052085949,0.3113651804,0,-0.781770531,3.664397617,-3.534963908
20.65,-66.16369611,0.04528800379,0.6052447795,0.3113445276,0,-0.7836682552,3.665629975,-3.533008832
20.66,-66.15719208,0.04532449283,0.6052806666,0.3113240882,0,-0.7855666045,3.66686705,-3.531057625
20.67,-66.15070096,0.04536094048,0.6053162569,0.3113038615,0,-0.7874655621,3.668108825,-3.529110289
20.68,-66.14422275,0.0453973466,0.6053515514,0.3112838469,0,-0.7893651111,3.669355283,-3.527166824
20.69,-66.13775743,0.04543371104,0.6053865507,0.3112640437,0,-0.7912652348,3.670606406,-3.525227229
20.7,-66.13130502,0.04547003364,0.6054212557,0.3112444511,0,-0.7931659163,3.671862176,-3.523291507
20.71,-66.12486553,0.04550631426,0.6054556671,0.3112250685,0,-0.7950671388,3.673122576,-3.521359658
20.72,-66.11843894,0.04554255276,0.6054897857,0.3112058953,0,-0.7969688851,3.674387589,-3.519431682
20.73,-66.11202527,0.04557874897,0.6055236124,0.3111869306,0,-0.7988711385,3.675657197,-3.51750758
20.74,-66.10562451,0.04561490276,0.6055571478,0.3111681739,0,-0.8007738819,3.676931382,-3.515587353
20.75,-66.09923667,0.04565101397,0.6055903928,0.3111496244,0,-0.8026770981,3.678210126,-3.513671002
20.76,-66.09286175,0.04568708246,0.6056233481,0.3111312815,0,-0.8045807702,3.679493413,-3.511758526
20.77,-66.08649975,0.04572310808,0.6056560146,0.3111131445,0,-0.8064848809,3.680781224,-3.509849926
20.78,-66.08015068,0.04575909068,0.605688393,0.3110952127,0,-0.8083894132,3.682073541,-3.507945204
20.79,-66.07381453,0.04579503011,0.6057204841,0.3110774854,0,-0.8102943497,3.683370348,-3.50604436
20.8,-66.06749131,0.04583092624,0.6057522886,0.311059962,0,-0.8121996733,3.684671625,-3.504147394
20.81,-66.06118103,0.0458667789,0.6057838074,0.3110426417,0,-0.8141053666,3.685977356,-3.502254308
20.82,-66.05488367,0.04590258795,0.6058150413,0.3110255239,0,-0.8160114124,3.687287522,-3.500365101
20.83,-66.04859925,0.04593835325,0.605845991,0.3110086079,0,-0.8179177932,3.688602106,-3.498479774
20.84,-66.04232776,0.04597407464,0.6058766572,0.3109918931,0,-0.8198244918,3.68992109,-3.496598328
20.85,-66.03606921,0.04600975199,0.6059070408,0.3109753787,0,-0.8217314906,3.691244455,-3.494720764
20.86,-66.02982361,0.04604538514,0.6059371426,0.3109590641,0,-0.8236387722,3.692572184,-3.492847082
20.87,-66.02359094,0.04608097395,0.6059669633,0.3109429487,0,-0.825546319,3.693904259,-3.490977282
20.88,-66.01737122,0.04611651828,0.6059965037,0.3109270316,0,-0.8274541136,3.695240662,-3.489111366
20.89,-66.01116444,0.04615201797,0.6060257646,0.3109113124,0,-0.8293621384,3.696581374,-3.487249333
20.9,-66.00497062,0.04618747288,0.6060547467,0.3108957902,0,-0.8312703758,3.697926379,-3.485391185
20.91,-65.99878974,0.04622288286,0.6060834509,0.3108804645,0,-0.833178808,3.699275657,-3.483536922
20.92,-65.99262182,0.04625824778,0.6061118778,0.3108653345,0,-0.8350874175,3.70062919,-3.481686545
20.93,-65.98646685,0.04629356748,0.6061400283,0.3108503997,0,-0.8369961865,3.70198696,-3.479840054
20.94,-65.98032483,0.04632884181,0.6061679032,0.3108356593,0,-0.8389050973,3.70334895,-3.47799745
20.95,-65.97419578,0.04636407064,0.6061955032,0.3108211126,0,-0.8408141321,3.704715141,-3.476158733
20.96,-65.96807968,0.04639925381,0.6062228291,0.310806759,0,-0.8427232731,3.706085514,-3.474323903
20.97,-65.96197654,0.04643439119,0.6062498816,0.3107925979,0,-0.8446325024,3.707460051,-3.472492963
20.98,-65.95588637,0.04646948263,0.6062766616,0.3107786285,0,-0.8465418022,3.708838735,-3.470665911
20.99,-65.94980916,0.04650452798,0.6063031698,0.3107648502,0,-0.8484511545,3.710221546,-3.468842749
21,-65.94374492,0.0465395271,0.6063294069,0.3107512624,0,-0.8503605414,3.711608467,-3.467023477
21.01,-65.93769365,0.04657447984,0.6063553738,0.3107378644,0,-0.8522699449,3.712999479,-3.465208096
21.02,-65.93165535,0.04660938607,0.6063810713,0.3107246554,0,-0.8541793471,3.714394563,-3.463396606
21.03,-65.92563003,0.04664424563,0.6064065,0.310711635,0,-0.8560887298,3.715793701,-3.461589008
21.04,-65.91961767,0.04667905838,0.6064316607,0.3106988023,0,-0.857998075,3.717196875,-3.459785302
21.05,-65.9136183,0.04671382418,0.6064565543,0.3106861568,0,-0.8599073646,3.718604065,-3.457985489
21.06,-65.9076319,0.04674854289,0.6064811815,0.3106736978,0,-0.8618165804,3.720015255,-3.456189569
21.07,-65.90165848,0.04678321436,0.606505543,0.3106614247,0,-0.8637257044,3.721430424,-3.454397544
21.08,-65.89569804,0.04681783845,0.6065296396,0.3106493367,0,-0.8656347182,3.722849555,-3.452609413
21.09,-65.88975059,0.04685241502,0.6065534721,0.3106374332,0,-0.8675436038,3.724272628,-3.450825177
21.1,-65.88381612,0.04688694391,0.6065770413,0.3106257136,0,-0.8694523427,3.725699625,-3.449044836
21.11,-65.87789464,0.046921425,0.6066003479,0.3106141772,0,-0.8713609168,3.727130528,-3.447268391
21.12,-65.87198614,0.04695585814,0.6066233927,0.3106028234,0,-0.8732693076,3.728565317,-3.445495843
21.13,-65.86609064,0.04699024318,0.6066461764,0.3105916516,0,-0.875177497,3.730003974,-3.443727193
21.14,-65.86020813,0.04702457998,0.6066686998,0.310580661,0,-0.8770854665,3.73144648,-3.441962439
21.15,-65.85433861,0.04705886841,0.6066909637,0.310569851,0,-0.8789931976,3.732892817,-3.440201584
21.16,-65.84848209,0.04709310831,0.6067129688,0.310559221,0,-0.8809006721,3.734342965,-3.438444628
21.17,-65.84263857,0.04712729955,0.606734716,0.3105487703,0,-0.8828078714,3.735796905,-3.43669157
21.18,-65.83680804,0.04716144199,0.6067562059,0.3105384983,0,-0.884714777,3.737254619,-3.434942413
21.19,-65.83099052,0.04719553548,0.6067774393,0.3105284043,0,-0.8866213704,3.738716088,-3.433197155
21.2,-65.82518599,0.04722957989,0.6067984169,0.3105184877,0,-0.8885276331,3.740181293,-3.431455798
21.21,-65.81939447,0.04726357506,0.6068191396,0.3105087479,0,-0.8904335466,3.741650215,-3.429718342
21.22,-65.81361596,0.04729752087,0.6068396082,0.3104991841,0,-0.8923390922,3.743122834,-3.427984788
21.23,-65.80785045,0.04733141717,0.6068598232,0.3104897958,0,-0.8942442513,3.744599132,-3.426255136
21.24,-65.80209796,0.04736526381,0.6068797856,0.3104805824,0,-0.8961490054,3.74607909,-3.424529387
21.25,-65.79635847,0.04739906067,0.6068994961,0.3104715431,0,-0.8980533356,3.747562689,-3.422807541
21.26,-65.79063199,0.04743280759,0.6069189554,0.3104626774,0,-0.8999572233,3.749049909,-3.421089598
21.27,-65.78491853,0.04746650444,0.6069381643,0.3104539845,0,-0.9018606499,3.750540731,-3.419375559
21.28,-65.77921808,0.04750015108,0.6069571235,0.310445464,0,-0.9037635966,3.752035136,-3.417665425
21.29,-65.77353065,0.04753374737,0.6069758338,0.310437115,0,-0.9056660445,3.753533105,-3.415959196
21.3,-65.76785624,0.04756729317,0.606994296,0.3104289371,0,-0.907567975,3.755034619,-3.414256873
21.31,-65.76219485,0.04760078834,0.6070125108,0.3104209294,0,-0.9094693692,3.756539659,-3.412558455
21.32,-65.75654648,0.04763423274,0.6070304789,0.3104130916,0,-0.9113702082,3.758048204,-3.410863944
21.33,-65.75091113,0.04766762623,0.6070482012,0.3104054228,0,-0.9132704733,3.759560236,-3.409173339
21.34,-65.74528881,0.04770096867,0.6070656784,0.3103979224,0,-0.9151701455,3.761075736,-3.407486642
21.35,-65.73967951,0.04773425993,0.6070829112,0.3103905899,0,-0.9170692059,3.762594684,-3.405803853
21.36,-65.73408324,0.04776749987,0.6070999003,0.3103834246,0,-0.9189676357,3.76411706,-3.404124972
21.37,-65.7285,0.04780068834,0.6071166466,0.3103764258,0,-0.9208654158,3.765642846,-3.40245
21.38,-65.72292979,0.0478338252,0.6071331508,0.310369593,0,-0.9227625273,3.767172021,-3.400778937
21.39,-65.71737261,0.04786691033,0.6071494136,0.3103629255,0,-0.9246589512,3.768704566,-3.399111784
21.4,-65.71182847,0.04789994359,0.6071654358,0.3103564226,0,-0.9265546685,3.770240462,-3.39744854
21.41,-65.70629736,0.04793292482,0.6071812182,0.3103500838,0,-0.9284496602,3.771779689,-3.395789207
21.42,-65.70077928,0.04796585391,0.6071967614,0.3103439084,0,-0.9303439072,3.773322228,-3.394133785
21.43,-65.69527425,0.04799873071,0.6072120662,0.3103378959,0,-0.9322373905,3.774868059,-3.392482275
21.44,-65.68978225,0.04803155508,0.6072271335,0.3103320454,0,-0.9341300909,3.776417162,-3.390834676
21.45,-65.6843033,0.04806432688,0.6072419639,0.3103263566,0,-0.9360219894,3.777969518,-3.389190989
21.46,-65.67883738,0.04809704599,0.6072565581,0.3103208287,0,-0.9379130668,3.779525107,-3.387551215
21.47,-65.67338451,0.04812971226,0.607270917,0.310315461,0,-0.9398033041,3.781083908,-3.385915354
21.48,-65.66794469,0.04816232556,0.6072850413,0.3103102531,0,-0.9416926819,3.782645904,-3.384283407
21.49,-65.66251791,0.04819488575,0.6072989316,0.3103052042,0,-0.9435811813,3.784211073,-3.382655373
21.5,-65.65710418,0.04822739269,0.6073125889,0.3103003138,0,-0.9454687829,3.785779396,-3.381031254
21.51,-65.6517035,0.04825984625,0.6073260138,0.3102955812,0,-0.9473554675,3.787350853,-3.37941105
21.52,-65.64631587,0.0482922463,0.607339207,0.3102910058,0,-0.949241216,3.788925424,-3.37779476
21.53,-65.64094129,0.04832459269,0.6073521693,0.3102865871,0,-0.951126009,3.79050309,-3.376182386
21.54,-65.63557976,0.0483568853,0.6073649015,0.3102823242,0,-0.9530098274,3.79208383,-3.374573928
21.55,-65.63023129,0.04838912399,0.6073774042,0.3102782168,0,-0.9548926518,3.793667624,-3.372969387
21.56,-65.62489587,0.04842130861,0.6073896783,0.3102742641,0,-0.956774463,3.795254453,-3.371368762
21.57,-65.61957351,0.04845343905,0.6074017245,0.3102704655,0,-0.9586552416,3.796844297,-3.369772054
21.58,-65.61426421,0.04848551516,0.6074135435,0.3102668205,0,-0.9605349683,3.798437135,-3.368179264
21.59,-65.60896797,0.04851753682,0.607425136,0.3102633284,0,-0.9624136238,3.800032948,-3.366590392
21.6,-65.60368479,0.04854950387,0.6074365029,0.3102599886,0,-0.9642911888,3.801631715,-3.365005438
21.61,-65.59841468,0.0485814162,0.6074476448,0.3102568004,0,-0.9661676439,3.803233416,-3.363424403
21.62,-65.59315762,0.04861327367,0.6074585624,0.3102537634,0,-0.9680429697,3.804838031,-3.361847286
21.63,-65.58791363,0.04864507615,0.6074692566,0.3102508768,0,-0.9699171468,3.80644554,-3.360274089
21.64,-65.58268271,0.04867682349,0.6074797281,0.3102481401,0,-0.9717901558,3.808055924,-3.358704812
21.65,-65.57746485,0.04870851558,0.6074899775,0.3102455526,0,-0.9736619774,3.80966916,-3.357139455
21.66,-65.57226006,0.04874015227,0.6075000057,0.3102431138,0,-0.9755325921,3.811285231,-3.355578019
21.67,-65.56706834,0.04877173344,0.6075098134,0.3102408231,0,-0.9774019804,3.812904114,-3.354020503
21.68,-65.5618897,0.04880325895,0.6075194012,0.3102386798,0,-0.979270123,3.81452579,-3.352466909
21.69,-65.55672412,0.04883472866,0.6075287701,0.3102366833,0,-0.9811370003,3.816150239,-3.350917236
21.7,-65.55157162,0.04886614246,0.6075379206,0.3102348331,0,-0.9830025929,3.81777744,-3.349371485
21.71,-65.54643219,0.0488975002,0.6075468535,0.3102331285,0,-0.9848668814,3.819407373,-3.347829656
21.72,-65.54130583,0.04892880176,0.6075555696,0.310231569,0,-0.9867298463,3.821040017,-3.34629175
21.73,-65.53619256,0.048960047,0.6075640696,0.3102301538,0,-0.988591468,3.822675352,-3.344757767
21.74,-65.53109236,0.04899123579,0.6075723541,0.3102288826,0,-0.9904517271,3.824313358,-3.343227707
21.75,-65.52600523,0.049022368,0.6075804241,0.3102277545,0,-0.992310604,3.825954014,-3.34170157
21.76,-65.52093119,0.04905344351,0.6075882802,0.3102267691,0,-0.9941680793,3.8275973,-3.340179358
21.77,-65.51587023,0.04908446217,0.607595923,0.3102259258,0,-0.9960241334,3.829243194,-3.33866107
21.78,-65.51082235,0.04911542387,0.6076033535,0.3102252239,0,-0.9978787469,3.830891678,-3.337146706
21.79,-65.50578756,0.04914632846,0.6076105722,0.3102246629,0,-0.9997319001,3.832542729,-3.335636267
21.8,-65.50076584,0.04917717583,0.6076175799,0.3102242421,0,-1.001583573,3.834196328,-3.334129753
21.81,-65.49575722,0.04920796584,0.6076243774,0.310223961,0,-1.003433748,3.835852454,-3.332627165
21.82,-65.49076168,0.04923869836,0.6076309654,0.3102238189,0,-1.005282403,3.837511086,-3.331128503
21.83,-65.48577922,0.04926937326,0.6076373446,0.3102238154,0,-1.00712952,3.839172204,-3.329633766
21.84,-65.48080985,0.04929999042,0.6076435157,0.3102239497,0,-1.008975078,3.840835786,-3.328142956
21.85,-65.47585358,0.0493305497,0.6076494795,0.3102242213,0,-1.01081906,3.842501812,-3.326656073
21.86,-65.47091039,0.04936105099,0.6076552367,0.3102246297,0,-1.012661444,3.844170262,-3.325173117
21.87,-65.46598029,0.04939149414,0.607660788,0.3102251741,0,-1.014502211,3.845841115,-3.323694087
21.88,-65.46106329,0.04942187903,0.6076661342,0.3102258542,0,-1.016341343,3.84751435,-3.322218986
21.89,-65.45615937,0.04945220554,0.607671276,0.3102266691,0,-1.018178818,3.849189945,-3.320747811
21.9,-65.45126855,0.04948247354,0.607676214,0.3102276184,0,-1.020014618,3.850867881,-3.319280565
21.91,-65.44639083,0.04951268289,0.6076809491,0.3102287016,0,-1.021848723,3.852548136,-3.317817248
21.92,-65.4415262,0.04954283348,0.607685482,0.3102299179,0,-1.023681114,3.85423069,-3.316357859
21.93,-65.43667466,0.04957292518,0.6076898133,0.3102312668,0,-1.02551177,3.855915521,-3.314902398
21.94,-65.43183622,0.04960295786,0.6076939439,0.3102327477,0,-1.027340673,3.85760261,-3.313450867
21.95,-65.42701088,0.04963293139,0.6076978744,0.3102343601,0,-1.029167802,3.859291933,-3.312003265
21.96,-65.42219864,0.04966284565,0.6077016055,0.3102361033,0,-1.030993138,3.860983472,-3.310559592
21.97,-65.4173995,0.04969270052,0.607705138,0.3102379769,0,-1.032816662,3.862677205,-3.309119849
21.98,-65.41261345,0.04972249586,0.6077084726,0.3102399801,0,-1.034638354,3.86437311,-3.307684036
21.99,-65.40784051,0.04975223156,0.6077116101,0.3102421125,0,-1.036458194,3.866071167,-3.306252154
22,-65.40308067,0.04978190748,0.6077145511,0.3102443734,0,-1.038276163,3.867771355,-3.304824201
22.01,-65.39833393,0.04981152351,0.6077172963,0.3102467624,0,-1.040092242,3.869473652,-3.30340018
22.02,-65.3936003,0.04984107951,0.6077198466,0.3102492787,0,-1.04190641,3.871178038,-3.301980089
22.03,-65.38887976,0.04987057538,0.6077222025,0.3102519218,0,-1.043718648,3.872884491,-3.300563929
22.04,-65.38417233,0.04990001097,0.6077243649,0.3102546912,0,-1.045528936,3.874592991,-3.2991517
22.05,-65.37947801,0.04992938618,0.6077263344,0.3102575862,0,-1.047337256,3.876303516,-3.297743403
22.06,-65.37479679,0.04995870087,0.6077281118,0.3102606064,0,-1.049143587,3.878016044,-3.296339037
22.07,-65.37012868,0.04998795492,0.6077296977,0.310263751,0,-1.05094791,3.879730556,-3.294938604
22.08,-65.36547367,0.05001714821,0.607731093,0.3102670197,0,-1.052750206,3.881447029,-3.293542102
22.09,-65.36083177,0.05004628062,0.6077322983,0.3102704117,0,-1.054550454,3.883165442,-3.292149532
22.1,-65.35620298,0.05007535203,0.6077333143,0.3102739266,0,-1.056348635,3.884885774,-3.290760895
22.11,-65.3515873,0.05010436231,0.6077341417,0.3102775637,0,-1.058144731,3.886608003,-3.28937619
22.12,-65.34698472,0.05013331134,0.6077347813,0.3102813225,0,-1.05993872,3.88833211,-3.287995417
22.13,-65.34239526,0.050162199,0.6077352338,0.3102852024,0,-1.061730585,3.890058071,-3.286618577
22.14,-65.3378189,0.05019102518,0.6077354999,0.3102892028,0,-1.063520304,3.891785866,-3.285245671
22.15,-65.33325566,0.05021978974,0.6077355803,0.3102933233,0,-1.06530786,3.893515473,-3.283876697
22.16,-65.32870552,0.05024849258,0.6077354758,0.3102975631,0,-1.067093231,3.895246871,-3.282511656
22.17,-65.3241685,0.05027713356,0.6077351869,0.3103019218,0,-1.0688764,3.896980039,-3.281150549
22.18,-65.31964458,0.05030571258,0.6077347145,0.3103063988,0,-1.070657346,3.898714954,-3.279793375
22.19,-65.31513378,0.0503342295,0.6077340593,0.3103109936,0,-1.07243605,3.900451597,-3.278440134
22.2,-65.31063609,0.05036268422,0.6077332219,0.3103157055,0,-1.074212493,3.902189944,-3.277090827
22.21,-65.30615151,0.05039107661,0.6077322031,0.310320534,0,-1.075986654,3.903929976,-3.275745454
22.22,-65.30168005,0.05041940655,0.6077310036,0.3103254786,0,-1.077758515,3.905671669,-3.274404014
22.23,-65.2972217,0.05044767393,0.6077296241,0.3103305387,0,-1.079528057,3.907415004,-3.273066509
22.24,-65.29277646,0.05047587863,0.6077280653,0.3103357137,0,-1.08129526,3.909159957,-3.271732937
22.25,-65.28834433,0.05050402053,0.6077263279,0.3103410031,0,-1.083060104,3.910906508,-3.270403299
22.26,-65.28392532,0.05053209951,0.6077244127,0.3103464063,0,-1.08482257,3.912654635,-3.269077596
22.27,-65.27951942,0.05056011546,0.6077223203,0.3103519227,0,-1.086582639,3.914404317,-3.267755826
22.28,-65.27512664,0.05058806826,0.6077200514,0.3103575519,0,-1.088340292,3.916155531,-3.266437991
22.29,-65.27074697,0.05061595779,0.6077176068,0.3103632932,0,-1.090095508,3.917908256,-3.26512409
22.3,-65.26638041,0.05064378394,0.6077149871,0.3103691462,0,-1.09184827,3.919662471,-3.263814123
22.31,-65.26202697,0.05067154659,0.6077121931,0.3103751102,0,-1.093598558,3.921418154,-3.26250809
22.32,-65.25768664,0.05069924563,0.6077092254,0.3103811847,0,-1.095346351,3.923175284,-3.261205992
22.33,-65.25335943,0.05072688094,0.6077060849,0.3103873691,0,-1.097091632,3.924933837,-3.259907828
22.34,-65.24904533,0.0507544524,0.6077027721,0.310393663,0,-1.098834381,3.926693794,-3.258613598
22.35,-65.24474434,0.05078195991,0.6076992877,0.3104000656,0,-1.100574579,3.928455131,-3.257323303
22.36,-65.24045647,0.05080940335,0.6076956326,0.3104065766,0,-1.102312206,3.930217828,-3.256036942
22.37,-65.23618172,0.0508367826,0.6076918073,0.3104131954,0,-1.104047243,3.931981863,-3.254754515
22.38,-65.23192007,0.05086409756,0.6076878127,0.3104199213,0,-1.105779671,3.933747213,-3.253476022
22.39,-65.22767155,0.0508913481,0.6076836493,0.310426754,0,-1.107509472,3.935513858,-3.252201464
22.4,-65.22343613,0.05091853412,0.6076793179,0.3104336927,0,-1.109236626,3.937281774,-3.25093084
22.41,-65.21921383,0.0509456555,0.6076748192,0.310440737,0,-1.110961113,3.939050942,-3.24966415
22.42,-65.21500465,0.05097271213,0.6076701538,0.3104478864,0,-1.112682915,3.940821337,-3.248401394
22.43,-65.21080857,0.05099970391,0.6076653226,0.3104551402,0,-1.114402013,3.94259294,-3.247142572
22.44,-65.20662561,0.05102663071,0.6076603261,0.310462498,0,-1.116118388,3.944365727,-3.245887684
22.45,-65.20245577,0.05105349243,0.6076551652,0.3104699592,0,-1.117832021,3.946139677,-3.24463673
22.46,-65.19829903,0.05108028896,0.6076498404,0.3104775233,0,-1.119542892,3.947914769,-3.243389709
22.47,-65.19415541,0.05110702019,0.6076443525,0.3104851896,0,-1.121250983,3.94969098,-3.242146623
22.48,-65.1900249,0.051133686,0.6076387021,0.3104929578,0,-1.122956275,3.951468288,-3.24090747
22.49,-65.1859075,0.05116028629,0.6076328901,0.3105008272,0,-1.124658749,3.953246671,-3.23967225
22.5,-65.18180321,0.05118682095,0.607626917,0.3105087974,0,-1.126358386,3.955026108,-3.238440964
22.51,-65.17771204,0.05121328987,0.6076207835,0.3105168677,0,-1.128055167,3.956806577,-3.237213611
22.52,-65.17363397,0.05123969295,0.6076144905,0.3105250377,0,-1.129749074,3.958588055,-3.23599019
22.53,-65.16956901,0.05126603006,0.6076080384,0.3105333067,0,-1.131440088,3.96037052,-3.234770703
22.54,-65.16551716,0.05129230112,0.6076014282,0.3105416744,0,-1.133128189,3.962153951,-3.233555149
22.55,-65.16147842,0.051318506,0.6075946603,0.3105501401,0,-1.13481336,3.963938326,-3.232343527
22.56,-65.15745279,0.05134464461,0.6075877356,0.3105587033,0,-1.136495581,3.965723623,-3.231135837
22.57,-65.15344027,0.05137071683,0.6075806547,0.3105673635,0,-1.138174834,3.967509818,-3.22993208
22.58,-65.14944085,0.05139672256,0.6075734183,0.3105761201,0,-1.1398511,3.969296892,-3.228732255
22.59,-65.14545454,0.0514226617,0.6075660271,0.3105849727,0,-1.14152436,3.971084821,-3.227536361
22.6,-65.14148133,0.05144853413,0.6075584818,0.3105939207,0,-1.143194596,3.972873583,-3.226344399
22.61,-65.13752123,0.05147433976,0.6075507831,0.3106029635,0,-1.14486179,3.974663157,-3.225156369
22.62,-65.13357423,0.05150007848,0.6075429317,0.3106121006,0,-1.146525923,3.97645352,-3.223972269
22.63,-65.12964034,0.05152575019,0.6075349282,0.3106213316,0,-1.148186976,3.978244651,-3.222792101
22.64,-65.12571954,0.05155135478,0.6075267733,0.3106306559,0,-1.14984493,3.980036526,-3.221615862
22.65,-65.12181185,0.05157689215,0.6075184678,0.3106400729,0,-1.151499769,3.981829125,-3.220443555
22.66,-65.11791726,0.05160236219,0.6075100123,0.3106495822,0,-1.153151472,3.983622425,-3.219275177
22.67,-65.11403576,0.05162776481,0.6075014076,0.3106591832,0,-1.154800022,3.985416403,-3.218110729
22.68,-65.11016737,0.0516530999,0.6074926542,0.3106688754,0,-1.1564454,3.987211038,-3.216950211
22.69,-65.10631207,0.05167836736,0.6074837528,0.3106786582,0,-1.158087589,3.989006308,-3.215793622
22.7,-65.10246987,0.05170356708,0.6074747043,0.3106885312,0,-1.159726569,3.99080219,-3.214640961
22.71,-65.09864077,0.05172869898,0.6074655092,0.3106984939,0,-1.161362323,3.992598663,-3.21349223
22.72,-65.09482475,0.05175376295,0.6074561682,0.3107085456,0,-1.162994833,3.994395703,-3.212347426
22.73,-65.09102183,0.05177875888,0.607446682,0.310718686,0,-1.164624079,3.99619329,-3.21120655
22.74,-65.08723201,0.05180368668,0.6074370513,0.3107289144,0,-1.166250045,3.997991401,-3.210069602
22.75,-65.08345527,0.05182854625,0.6074272768,0.3107392304,0,-1.167872712,3.999790013,-3.208936581
22.76,-65.07969162,0.05185333749,0.6074173592,0.3107496335,0,-1.169492063,4.001589105,-3.207807486
22.77,-65.07594106,0.05187806031,0.607407299,0.3107601231,0,-1.171108078,4.003388654,-3.206682318
22.78,-65.07220358,0.0519027146,0.6073970971,0.3107706987,0,-1.172720741,4.005188638,-3.205561075
22.79,-65.0684792,0.05192730027,0.6073867541,0.3107813598,0,-1.174330032,4.006989035,-3.204443759
22.8,-65.06476789,0.05195181722,0.6073762707,0.3107921059,0,-1.175935936,4.008789823,-3.203330367
22.81,-65.06106967,0.05197626535,0.6073656475,0.3108029365,0,-1.177538433,4.010590979,-3.2022209
22.82,-65.05738452,0.05200064457,0.6073548852,0.3108138511,0,-1.179137505,4.012392482,-3.201115357
22.83,-65.05371246,0.05202495479,0.6073439845,0.3108248492,0,-1.180733136,4.014194309,-3.200013737
22.84,-65.05005347,0.0520491959,0.6073329461,0.3108359302,0,-1.182325307,4.015996438,-3.198916041
22.85,-65.04640756,0.05207336782,0.6073217707,0.3108470936,0,-1.183914001,4.017798846,-3.197822268
22.86,-65.04277472,0.05209747045,0.6073104589,0.310858339,0,-1.1854992,4.019601512,-3.196732416
22.87,-65.03915496,0.05212150369,0.6072990114,0.3108696658,0,-1.187080887,4.021404414,-3.195646487
22.88,-65.03554826,0.05214546746,0.6072874288,0.3108810736,0,-1.188659044,4.023207528,-3.194564478
22.89,-65.03195464,0.05216936165,0.607275712,0.3108925618,0,-1.190233653,4.025010833,-3.193486391
22.9,-65.02837408,0.05219318619,0.6072638614,0.3109041299,0,-1.191804697,4.026814307,-3.192412223
22.91,-65.02480658,0.05221694097,0.6072518778,0.3109157774,0,-1.19337216,4.028617927,-3.191341975
22.92,-65.02125215,0.05224062591,0.6072397619,0.3109275039,0,-1.194936023,4.030421672,-3.190275645
22.93,-65.01771078,0.05226424091,0.6072275144,0.3109393087,0,-1.196496268,4.032225518,-3.189213235
22.94,-65.01418247,0.05228778588,0.6072151358,0.3109511915,0,-1.19805288,4.034029444,-3.188154741
22.95,-65.01066722,0.05231126074,0.6072026269,0.3109631517,0,-1.199605841,4.035833427,-3.187100165
22.96,-65.00716502,0.0523346654,0.6071899884,0.3109751888,0,-1.201155133,4.037637446,-3.186049506
22.97,-65.00367587,0.05235799976,0.6071772209,0.3109873024,0,-1.20270074,4.039441478,-3.185002762
22.98,-65.00019978,0.05238126374,0.607164325,0.3109994918,0,-1.204242645,4.0412455,-3.183959933
22.99,-64.99673673,0.05240445725,0.6071513015,0.3110117567,0,-1.20578083,4.043049491,-3.182921019
23,-64.99328673,0.0524275802,0.6071381511,0.3110240965,0,-1.207315279,4.044853429,-3.181886019
23.01,-64.98984977,0.05245063251,0.6071248742,0.3110365108,0,-1.208845974,4.04665729,-3.180854932
23.02,-64.98642586,0.05247361408,0.6071114718,0.3110489989,0,-1.210372899,4.048461054,-3.179827757
23.03,-64.98301498,0.05249652485,0.6070979443,0.3110615606,0,-1.211896038,4.050264697,-3.178804494
23.04,-64.97961714,0.05251936471,0.6070842925,0.3110741952,0,-1.213415373,4.052068197,-3.177785142
23.05,-64.97623233,0.05254213358,0.6070705171,0.3110869022,0,-1.214930888,4.053871533,-3.1767697
23.06,-64.97286056,0.05256483139,0.6070566186,0.3110996813,0,-1.216442565,4.055674682,-3.175758167
23.07,-64.96950181,0.05258745804,0.6070425978,0.3111125318,0,-1.21795039,4.057477622,-3.174750543
23.08,-64.96615609,0.05261001346,0.6070284553,0.3111254533,0,-1.219454345,4.05928033,-3.173746827
23.09,-64.96282339,0.05263249755,0.6070141918,0.3111384453,0,-1.220954413,4.061082785,-3.172747018
23.1,-64.95950372,0.05265491025,0.606999808,0.3111515074,0,-1.222450579,4.062884964,-3.171751115
23.11,-64.95619706,0.05267725146,0.6069853044,0.311164639,0,-1.223942826,4.064686845,-3.170759117
23.12,-64.95290341,0.05269952111,0.6069706818,0.3111778396,0,-1.225431137,4.066488406,-3.169771024
23.13,-64.94962278,0.05272171911,0.6069559408,0.3111911088,0,-1.226915497,4.068289625,-3.168786834
23.14,-64.94635516,0.05274384539,0.6069410821,0.3112044461,0,-1.228395889,4.070090479,-3.167806547
23.15,-64.94310054,0.05276589987,0.6069261063,0.311217851,0,-1.229872298,4.071890947,-3.166830162
23.16,-64.93985893,0.05278788246,0.6069110141,0.311231323,0,-1.231344707,4.073691006,-3.165857678
23.17,-64.93663031,0.05280979309,0.6068958061,0.3112448616,0,-1.2328131,4.075490635,-3.164889094
23.18,-64.93341469,0.05283163169,0.606880483,0.3112584664,0,-1.234277462,4.07728981,-3.163924408
23.19,-64.93021207,0.05285339817,0.6068650455,0.3112721369,0,-1.235737776,4.07908851,-3.162963621
23.2,-64.92702244,0.05287509246,0.6068494942,0.3112858726,0,-1.237194027,4.080886712,-3.162006731
23.21,-64.92384579,0.05289671448,0.6068338297,0.311299673,0,-1.238646199,4.082684396,-3.161053736
23.22,-64.92068212,0.05291826415,0.6068180527,0.3113135376,0,-1.240094277,4.084481538,-3.160104637
23.23,-64.91753144,0.05293974141,0.6068021639,0.311327466,0,-1.241538244,4.086278116,-3.159159432
23.24,-64.91439373,0.05296114617,0.6067861639,0.3113414577,0,-1.242978086,4.088074109,-3.158218119
23.25,-64.911269,0.05298247837,0.6067700534,0.3113555122,0,-1.244413786,4.089869494,-3.157280699
23.26,-64.90815723,0.05300373793,0.6067538329,0.3113696291,0,-1.24584533,4.091664249,-3.156347169
23.27,-64.90505843,0.05302492478,0.6067375032,0.3113838078,0,-1.247272702,4.093458352,-3.155417529
23.28,-64.90197259,0.05304603885,0.6067210649,0.3113980479,0,-1.248695887,4.095251782,-3.154491777
23.29,-64.89889971,0.05306708006,0.6067045187,0.311412349,0,-1.250114869,4.097044516,-3.153569913
23.3,-64.89583978,0.05308804834,0.6066878651,0.3114267105,0,-1.251529635,4.098836531,-3.152651935
23.31,-64.89279281,0.05310894363,0.6066711049,0.311441132,0,-1.252940167,4.100627807,-3.151737843
23.32,-64.88975878,0.05312976585,0.6066542387,0.311455613,0,-1.254346452,4.102418321,-3.150827634
23.33,-64.88673769,0.05315051494,0.6066372671,0.3114701531,0,-1.255748475,4.104208051,-3.149921308
23.34,-64.88372954,0.05317119083,0.6066201908,0.3114847518,0,-1.25714622,4.105996976,-3.149018863
23.35,-64.88073433,0.05319179344,0.6066030103,0.3114994086,0,-1.258539674,4.107785072,-3.148120299
23.36,-64.87775204,0.05321232272,0.6065857265,0.311514123,0,-1.25992882,4.109572319,-3.147225613
23.37,-64.87478269,0.0532327786,0.6065683398,0.3115288946,0,-1.261313646,4.111358695,-3.146334806
23.38,-64.87182625,0.053253161,0.606550851,0.311543723,0,-1.262694135,4.113144176,-3.145447874
23.39,-64.86888273,0.05327346987,0.6065332607,0.3115586076,0,-1.264070274,4.114928743,-3.144564818
23.4,-64.86595212,0.05329370514,0.6065155694,0.3115735481,0,-1.265442048,4.116712372,-3.143685636
23.41,-64.86303442,0.05331386675,0.606497778,0.3115885438,0,-1.266809443,4.118495042,-3.142810326
23.42,-64.86012962,0.05333395463,0.6064798869,0.3116035945,0,-1.268172444,4.120276731,-3.141938887
23.43,-64.85723773,0.05335396872,0.6064618968,0.3116186996,0,-1.269531038,4.122057417,-3.141071318
23.44,-64.85435872,0.05337390896,0.6064438085,0.3116338586,0,-1.270885209,4.123837079,-3.140207617
23.45,-64.85149261,0.05339377529,0.6064256224,0.3116490712,0,-1.272234945,4.125615695,-3.139347783
23.46,-64.84863938,0.05341356764,0.6064073392,0.3116643368,0,-1.273580232,4.127393242,-3.138491814
23.47,-64.84579903,0.05343328596,0.6063889597,0.311679655,0,-1.274921054,4.129169699,-3.137639709
23.48,-64.84297156,0.05345293019,0.6063704843,0.3116950254,0,-1.276257399,4.130945045,-3.136791467
23.49,-64.84015695,0.05347250026,0.6063519138,0.3117104474,0,-1.277589253,4.132719258,-3.135947086
23.5,-64.83735521,0.05349199613,0.6063332487,0.3117259207,0,-1.278916602,4.134492316,-3.135106564
23.51,-64.83456633,0.05351141772,0.6063144897,0.3117414447,0,-1.280239432,4.136264197,-3.1342699
23.52,-64.83179031,0.05353076499,0.6062956375,0.3117570191,0,-1.281557731,4.13803488,-3.133437093
23.53,-64.82902713,0.05355003789,0.6062766926,0.3117726434,0,-1.282871483,4.139804343,-3.13260814
23.54,-64.8262768,0.05356923634,0.6062576557,0.3117883171,0,-1.284180678,4.141572564,-3.131783041
23.55,-64.82353931,0.05358836031,0.6062385275,0.3118040398,0,-1.2854853,4.143339523,-3.130961793
23.56,-64.82081465,0.05360740972,0.6062193084,0.311819811,0,-1.286785337,4.145105197,-3.130144395
23.57,-64.81810282,0.05362638455,0.6061999992,0.3118356304,0,-1.288080775,4.146869564,-3.129330845
23.58,-64.81540381,0.05364528471,0.6061806006,0.3118514973,0,-1.289371603,4.148632604,-3.128521142
23.59,-64.81271761,0.05366411018,0.606161113,0.3118674115,0,-1.290657806,4.150394295,-3.127715284
23.6,-64.81004423,0.05368286089,0.6061415372,0.3118833724,0,-1.291939372,4.152154616,-3.126913268
23.61,-64.80738365,0.0537015368,0.6061218737,0.3118993797,0,-1.293216288,4.153913544,-3.126115095
23.62,-64.80473587,0.05372013785,0.6061021233,0.3119154328,0,-1.294488541,4.155671059,-3.125320761
23.63,-64.80210088,0.053738664,0.6060822864,0.3119315313,0,-1.29575612,4.157427139,-3.124530265
23.64,-64.79947868,0.05375711519,0.6060623638,0.3119476748,0,-1.297019011,4.159181763,-3.123743605
23.65,-64.79686926,0.05377549138,0.606042356,0.3119638629,0,-1.298277201,4.16093491,-3.122960779
23.66,-64.79427262,0.05379379252,0.6060222637,0.3119800951,0,-1.299530679,4.162686558,-3.122181786
23.67,-64.79168874,0.05381201857,0.6060020875,0.3119963709,0,-1.300779433,4.164436685,-3.121406623
23.68,-64.78911763,0.05383016948,0.605981828,0.31201269,0,-1.302023449,4.166185272,-3.120635289
23.69,-64.78655927,0.0538482452,0.6059614858,0.3120290519,0,-1.303262717,4.167932296,-3.119867782
23.7,-64.78401366,0.0538662457,0.6059410616,0.3120454561,0,-1.304497224,4.169677736,-3.119104099
23.71,-64.7814808,0.05388417092,0.6059205559,0.3120619023,0,-1.305726958,4.171421571,-3.118344239
23.72,-64.77896067,0.05390202082,0.6058999693,0.3120783899,0,-1.306951907,4.17316378,-3.117588201
23.73,-64.77645327,0.05391979536,0.6058793026,0.3120949187,0,-1.30817206,4.174904343,-3.116835981
23.74,-64.77395859,0.05393749451,0.6058585562,0.312111488,0,-1.309387405,4.176643237,-3.116087578
23.75,-64.77147663,0.05395511821,0.6058377309,0.3121280976,0,-1.31059793,4.178380441,-3.11534299
23.76,-64.76900738,0.05397266644,0.6058168271,0.3121447469,0,-1.311803624,4.180115936,-3.114602214
23.77,-64.76655083,0.05399013914,0.6057958456,0.3121614356,0,-1.313004476,4.181849699,-3.113865249
23.78,-64.76410698,0.05400753629,0.605774787,0.3121781631,0,-1.314200474,4.18358171,-3.113132093
23.79,-64.76167581,0.05402485784,0.6057536517,0.3121949292,0,-1.315391608,4.185311948,-3.112402744
23.8,-64.75925733,0.05404210376,0.6057324405,0.3122117333,0,-1.316577865,4.187040393,-3.111677198
23.81,-64.75685152,0.05405927401,0.605711154,0.3122285751,0,-1.317759235,4.188767022,-3.110955455
23.82,-64.75445837,0.05407636855,0.6056897928,0.3122454541,0,-1.318935708,4.190491816,-3.110237511
23.83,-64.75207789,0.05409338736,0.6056683574,0.3122623698,0,-1.320107272,4.192214753,-3.109523366
23.84,-64.74971005,0.05411033039,0.6056468485,0.3122793219,0,-1.321273917,4.193935813,-3.108813015
23.85,-64.74735486,0.05412719762,0.6056252667,0.31229631,0,-1.322435631,4.195654976,-3.108106458
23.86,-64.74501231,0.05414398901,0.6056036125,0.3123133335,0,-1.323592406,4.19737222,-3.107403692
23.87,-64.74268238,0.05416070453,0.6055818866,0.3123303922,0,-1.324744229,4.199087525,-3.106704714
23.88,-64.74036508,0.05417734415,0.6055600896,0.3123474856,0,-1.325891091,4.20080087,-3.106009523
23.89,-64.73806038,0.05419390784,0.6055382221,0.3123646132,0,-1.327032981,4.202512235,-3.105318115
23.9,-64.7357683,0.05421039556,0.6055162847,0.3123817747,0,-1.32816989,4.204221599,-3.104630489
23.91,-64.7334888,0.0542268073,0.605494278,0.3123989696,0,-1.329301807,4.205928942,-3.103946641
23.92,-64.7312219,0.05424314303,0.6054722025,0.3124161975,0,-1.330428723,4.207634243,-3.103266571
23.93,-64.72896758,0.05425940271,0.6054500589,0.312433458,0,-1.331550627,4.209337481,-3.102590274
23.94,-64.72672583,0.05427558632,0.6054278478,0.3124507507,0,-1.33266751,4.211038638,-3.101917749
23.95,-64.72449665,0.05429169384,0.6054055697,0.3124680751,0,-1.333779362,4.212737691,-3.101248994
23.96,-64.72228002,0.05430772524,0.6053832253,0.312485431,0,-1.334886173,4.214434622,-3.100584005
23.97,-64.72007593,0.05432368049,0.6053608152,0.3125028177,0,-1.335987935,4.216129409,-3.09992278
23.98,-64.71788439,0.05433955958,0.6053383398,0.3125202351,0,-1.337084638,4.217822032,-3.099265316
23.99,-64.71570537,0.05435536248,0.6053158,0.3125376825,0,-1.338176272,4.219512472,-3.098611611
24,-64.71353888,0.05437108918,0.6052931961,0.3125551597,0,-1.339262828,4.221200707,-3.097961663
24.01,-64.71138489,0.05438673964,0.6052705288,0.3125726662,0,-1.340344298,4.222886719,-3.097315468
24.02,-64.70924341,0.05440231386,0.6052477988,0.3125902016,0,-1.341420673,4.224570487,-3.096673023
24.03,-64.70711442,0.05441781181,0.6052250065,0.3126077655,0,-1.342491942,4.226251991,-3.096034327
24.04,-64.70499792,0.05443323347,0.6052021526,0.3126253575,0,-1.343558099,4.227931211,-3.095399377
24.05,-64.7028939,0.05444857883,0.6051792377,0.3126429772,0,-1.344619134,4.229608127,-3.094768169
24.06,-64.70080234,0.05446384787,0.6051562623,0.3126606242,0,-1.345675038,4.231282719,-3.094140701
24.07,-64.69872323,0.05447904057,0.605133227,0.3126782981,0,-1.346725804,4.232954968,-3.09351697
24.08,-64.69665658,0.05449415692,0.6051101325,0.3126959985,0,-1.347771423,4.234624854,-3.092896973
24.09,-64.69460236,0.05450919692,0.6050869792,0.312713725,0,-1.348811886,4.236292357,-3.092280708
24.1,-64.69256057,0.05452416053,0.6050637678,0.3127314771,0,-1.349847186,4.237957457,-3.091668171
24.11,-64.6905312,0.05453904776,0.6050404989,0.3127492546,0,-1.350877315,4.239620134,-3.091059359
24.12,-64.68851423,0.05455385858,0.605017173,0.312767057,0,-1.351902264,4.24128037,-3.09045427
24.13,-64.68650967,0.054568593,0.6049937907,0.3127848839,0,-1.352922026,4.242938144,-3.089852901
24.14,-64.6845175,0.05458325099,0.6049703526,0.3128027349,0,-1.353936593,4.244593438,-3.089255249
24.15,-64.6825377,0.05459783256,0.6049468592,0.3128206096,0,-1.354945958,4.246246231,-3.08866131
24.16,-64.68057027,0.05461233769,0.6049233112,0.3128385076,0,-1.355950113,4.247896504,-3.088071081
24.17,-64.6786152,0.05462676637,0.6048997091,0.3128564286,0,-1.35694905,4.249544238,-3.087484561
24.18,-64.67667248,0.0546411186,0.6048760535,0.3128743721,0,-1.357942763,4.251189414,-3.086901744
24.19,-64.6747421,0.05465539438,0.6048523449,0.3128923377,0,-1.358931245,4.252832012,-3.086322629
24.2,-64.67282404,0.0546695937,0.6048285839,0.3129103251,0,-1.359914487,4.254472014,-3.085747212
24.21,-64.6709183,0.05468371655,0.6048047712,0.3129283339,0,-1.360892484,4.2561094,-3.08517549
24.22,-64.66902486,0.05469776294,0.6047809072,0.3129463636,0,-1.361865229,4.25774415,-3.084607459
24.23,-64.66714373,0.05471173286,0.6047569925,0.312964414,0,-1.362832714,4.259376247,-3.084043118
24.24,-64.66527487,0.05472562631,0.6047330278,0.3129824846,0,-1.363794933,4.26100567,-3.083482461
24.25,-64.66341829,0.05473944329,0.6047090135,0.313000575,0,-1.36475188,4.262632402,-3.082925486
24.26,-64.66157397,0.0547531838,0.6046849502,0.3130186848,0,-1.365703549,4.264256423,-3.08237219
24.27,-64.6597419,0.05476684784,0.6046608386,0.3130368137,0,-1.366649932,4.265877715,-3.081822569
24.28,-64.65792207,0.05478043541,0.6046366791,0.3130549613,0,-1.367591024,4.267496258,-3.08127662
24.29,-64.65611447,0.05479394653,0.6046124723,0.3130731272,0,-1.368526819,4.269112033,-3.08073434
24.3,-64.65431908,0.05480738119,0.6045882188,0.313091311,0,-1.369457311,4.270725024,-3.080195724
24.31,-64.6525359,0.05482073939,0.6045639191,0.3131095124,0,-1.370382493,4.27233521,-3.07966077
24.32,-64.65076492,0.05483402115,0.6045395739,0.3131277309,0,-1.371302361,4.273942573,-3.079129475
24.33,-64.64900611,0.05484722647,0.6045151835,0.3131459662,0,-1.372216909,4.275547095,-3.078601834
24.34,-64.64725948,0.05486035536,0.6044907488,0.313164218,0,-1.37312613,4.277148757,-3.078077844
24.35,-64.645525,0.05487340782,0.60446627,0.3131824857,0,-1.374030021,4.278747541,-3.077557501
24.36,-64.64380268,0.05488638387,0.6044417479,0.3132007691,0,-1.374928575,4.280343429,-3.077040803
24.37,-64.64209248,0.05489928352,0.604417183,0.3132190678,0,-1.375821787,4.281936402,-3.076527744
24.38,-64.64039441,0.05491210677,0.6043925758,0.3132373815,0,-1.376709653,4.283526442,-3.076018323
24.39,-64.63870845,0.05492485365,0.6043679269,0.3132557097,0,-1.377592167,4.285113532,-3.075512534
24.4,-64.63703458,0.05493752416,0.6043432369,0.313274052,0,-1.378469324,4.286697652,-3.075010374
24.41,-64.6353728,0.05495011832,0.6043185062,0.3132924082,0,-1.37934112,4.288278785,-3.07451184
24.42,-64.63372309,0.05496263615,0.6042937354,0.3133107778,0,-1.380207551,4.289856914,-3.074016928
24.43,-64.63208545,0.05497507765,0.6042689252,0.3133291605,0,-1.381068611,4.291432019,-3.073525634
24.44,-64.63045984,0.05498744284,0.6042440759,0.3133475559,0,-1.381924297,4.293004084,-3.073037953
24.45,-64.62884628,0.05499973176,0.6042191882,0.3133659636,0,-1.382774604,4.294573091,-3.072553883
24.46,-64.62724473,0.0550119444,0.6041942627,0.3133843833,0,-1.383619527,4.296139022,-3.07207342
24.47,-64.62565519,0.0550240808,0.6041692998,0.3134028147,0,-1.384459064,4.297701859,-3.071596558
24.48,-64.62407765,0.05503614097,0.6041443001,0.3134212573,0,-1.38529321,4.299261584,-3.071123296
24.49,-64.62251209,0.05504812493,0.6041192641,0.3134397107,0,-1.386121962,4.300818181,-3.070653628
24.5,-64.6209585,0.05506003271,0.6040941924,0.3134581748,0,-1.386945314,4.302371632,-3.07018755
24.51,-64.61941686,0.05507186433,0.6040690856,0.313476649,0,-1.387763266,4.303921919,-3.069725059
24.52,-64.61788717,0.05508361982,0.6040439441,0.313495133,0,-1.388575811,4.305469025,-3.06926615
24.53,-64.6163694,0.05509529919,0.6040187685,0.3135136265,0,-1.389382949,4.307012933,-3.06881082
24.54,-64.61486355,0.05510690248,0.6039935593,0.313532129,0,-1.390184674,4.308553626,-3.068359064
24.55,-64.61336959,0.05511842972,0.6039683171,0.3135506404,0,-1.390980984,4.310091087,-3.067910878
24.56,-64.61188753,0.05512988092,0.6039430423,0.3135691601,0,-1.391771877,4.311625298,-3.067466258
24.57,-64.61041733,0.05514125613,0.6039177356,0.3135876879,0,-1.392557349,4.313156243,-3.067025199
24.58,-64.60895899,0.05515255536,0.6038923975,0.3136062233,0,-1.393337397,4.314683904,-3.066587698
24.59,-64.6075125,0.05516377865,0.6038670284,0.3136247661,0,-1.39411202,4.316208265,-3.066153751
24.6,-64.60607784,0.05517492604,0.603841629,0.3136433159,0,-1.394881213,4.31772931,-3.065723352
24.61,-64.60465499,0.05518599755,0.6038161997,0.3136618724,0,-1.395644976,4.319247021,-3.065296498
24.62,-64.60324395,0.05519699322,0.6037907411,0.3136804351,0,-1.396403306,4.320761382,-3.064873184
24.63,-64.60184469,0.05520791309,0.6037652537,0.3136990038,0,-1.397156201,4.322272376,-3.064453406
24.64,-64.6004572,0.05521875718,0.603739738,0.313717578,0,-1.397903658,4.323779986,-3.064037159
24.65,-64.59908146,0.05522952554,0.6037141945,0.3137361576,0,-1.398645676,4.325284198,-3.063624439
24.66,-64.59771747,0.05524021821,0.6036886239,0.313754742,0,-1.399382253,4.326784993,-3.063215242
24.67,-64.59636521,0.05525083521,0.6036630264,0.313773331,0,-1.400113387,4.328282356,-3.062809563
24.68,-64.59502466,0.0552613766,0.6036374028,0.3137919243,0,-1.400839077,4.32977627,-3.062407397
24.69,-64.5936958,0.05527184241,0.6036117536,0.3138105214,0,-1.401559322,4.331266721,-3.06200874
24.7,-64.59237862,0.05528223268,0.6035860791,0.3138291221,0,-1.402274119,4.33275369,-3.061613587
24.71,-64.59107311,0.05529254745,0.6035603801,0.313847726,0,-1.402983469,4.334237163,-3.061221934
24.72,-64.58977925,0.05530278678,0.6035346568,0.3138663328,0,-1.403687369,4.335717124,-3.060833776
24.73,-64.58849703,0.05531295069,0.60350891,0.3138849421,0,-1.404385819,4.337193556,-3.060449109
24.74,-64.58722642,0.05532303925,0.6034831401,0.3139035536,0,-1.405078819,4.338666444,-3.060067927
24.75,-64.58596742,0.05533305249,0.6034573476,0.3139221669,0,-1.405766366,4.340135773,-3.059690225
24.76,-64.58472,0.05534299046,0.603431533,0.3139407818,0,-1.406448462,4.341601526,-3.059316
24.77,-64.58348415,0.05535285321,0.6034056968,0.3139593979,0,-1.407125105,4.343063689,-3.058945246
24.78,-64.58225986,0.05536264078,0.6033798395,0.3139780149,0,-1.407796294,4.344522245,-3.058577958
24.79,-64.58104711,0.05537235324,0.6033539617,0.3139966324,0,-1.408462031,4.34597718,-3.058214132
24.8,-64.57984588,0.05538199062,0.6033280639,0.3140152501,0,-1.409122314,4.347428478,-3.057853763
24.81,-64.57865615,0.05539155299,0.6033021465,0.3140338677,0,-1.409777144,4.348876124,-3.057496845
24.82,-64.57747791,0.05540104039,0.60327621,0.3140524848,0,-1.41042652,4.350320102,-3.057143374
24.83,-64.57631115,0.05541045288,0.603250255,0.3140711012,0,-1.411070444,4.351760399,-3.056793345
24.84,-64.57515584,0.05541979052,0.603224282,0.3140897165,0,-1.411708915,4.353196998,-3.056446752
24.85,-64.57401197,0.05542905335,0.6031982914,0.3141083303,0,-1.412341934,4.354629885,-3.056103591
24.86,-64.57287952,0.05543824144,0.6031722837,0.3141269424,0,-1.412969502,4.356059045,-3.055763856
24.87,-64.57175848,0.05544735484,0.6031462595,0.3141455525,0,-1.413591619,4.357484464,-3.055427543
24.88,-64.57064882,0.05545639361,0.6031202193,0.3141641601,0,-1.414208286,4.358906126,-3.055094647
24.89,-64.56955054,0.05546535782,0.6030941635,0.314182765,0,-1.414819504,4.360324017,-3.054765161
24.9,-64.5684636,0.05547424752,0.6030680926,0.314201367,0,-1.415425274,4.361738123,-3.054439081
24.91,-64.56738801,0.05548306277,0.6030420071,0.3142199655,0,-1.416025598,4.363148429,-3.054116402
24.92,-64.56632373,0.05549180365,0.6030159076,0.3142385604,0,-1.416620477,4.364554921,-3.053797118
24.93,-64.56527075,0.0555004702,0.6029897944,0.3142571514,0,-1.417209912,4.365957585,-3.053481224
24.94,-64.56422905,0.0555090625,0.6029636681,0.314275738,0,-1.417793905,4.367356406,-3.053168715
24.95,-64.56319862,0.05551758061,0.6029375293,0.31429432,0,-1.418372457,4.368751371,-3.052859585
24.96,-64.56217943,0.0555260246,0.6029113782,0.3143128972,0,-1.418945571,4.370142465,-3.052553829
24.97,-64.56117147,0.05553439454,0.6028852155,0.3143314691,0,-1.419513248,4.371529675,-3.052251441
24.98,-64.56017472,0.05554269049,0.6028590417,0.3143500354,0,-1.42007549,4.372912986,-3.051952417
24.99,-64.55918917,0.05555091253,0.6028328571,0.3143685959,0,-1.4206323,4.374292386,-3.05165675
25,-64.55821478,0.05555906072,0.6028066624,0.3143871503,0,-1.42118368,4.37566786,-3.051364435
25.01,-64.55725156,0.05556713514,0.6027804579,0.3144056981,0,-1.421729632,4.377039394,-3.051075467
25.02,-64.55629946,0.05557513585,0.6027542441,0.3144242393,0,-1.422270159,4.378406976,-3.050789839
25.03,-64.55535849,0.05558306294,0.6027280216,0.3144427733,0,-1.422805264,4.379770592,-3.050507547
25.04,-64.55442861,0.05559091648,0.6027017907,0.3144613,0,-1.423334949,4.381130229,-3.050228584
25.05,-64.55350982,0.05559869654,0.6026755521,0.3144798189,0,-1.423859217,4.382485873,-3.049952945
25.06,-64.55260208,0.0556064032,0.602649306,0.3144983299,0,-1.424378071,4.383837511,-3.049680624
25.07,-64.55170539,0.05561403653,0.6026230531,0.3145168327,0,-1.424891514,4.385185131,-3.049411616
25.08,-64.55081971,0.05562159663,0.6025967938,0.3145353268,0,-1.425399551,4.386528718,-3.049145914
25.09,-64.54994504,0.05562908355,0.6025705285,0.3145538121,0,-1.425902183,4.387868262,-3.048883513
25.1,-64.54908136,0.05563649739,0.6025442577,0.3145722881,0,-1.426399415,4.389203748,-3.048624408
25.11,-64.54822864,0.05564383823,0.602517982,0.3145907547,0,-1.42689125,4.390535163,-3.048368591
25.12,-64.54738686,0.05565110615,0.6024917016,0.3146092116,0,-1.427377691,4.391862497,-3.048116058
25.13,-64.54655601,0.05565830123,0.6024654172,0.3146276583,0,-1.427858744,4.393185735,-3.047866802
25.14,-64.54573606,0.05566542356,0.6024391292,0.3146460947,0,-1.428334411,4.394504866,-3.047620817
25.15,-64.54492699,0.05567247322,0.602412838,0.3146645205,0,-1.428804697,4.395819876,-3.047378097
25.16,-64.54412879,0.05567945029,0.602386544,0.3146829353,0,-1.429269606,4.397130755,-3.047138637
25.17,-64.54334143,0.05568635488,0.6023602479,0.3147013389,0,-1.429729143,4.39843749,-3.04690243
25.18,-64.5425649,0.05569318706,0.6023339499,0.314719731,0,-1.430183311,4.399740068,-3.046669471
25.19,-64.54179917,0.05569994692,0.6023076506,0.3147381113,0,-1.430632116,4.401038478,-3.046439752
25.2,-64.54104423,0.05570663456,0.6022813504,0.3147564795,0,-1.431075562,4.402332708,-3.046213268
25.21,-64.54030004,0.05571325006,0.6022550498,0.3147748353,0,-1.431513653,4.403622746,-3.045990013
25.22,-64.5395666,0.05571979352,0.6022287492,0.3147931784,0,-1.431946396,4.40490858,-3.045769981
25.23,-64.53884388,0.05572626503,0.6022024491,0.3148115086,0,-1.432373794,4.406190199,-3.045553164
25.24,-64.53813186,0.05573266469,0.6021761498,0.3148298256,0,-1.432795854,4.407467592,-3.045339558
25.25,-64.53743052,0.05573899258,0.602149852,0.3148481291,0,-1.433212579,4.408740747,-3.045129155
25.26,-64.53673983,0.05574524882,0.6021235559,0.3148664188,0,-1.433623977,4.410009652,-3.04492195
25.27,-64.53605979,0.05575143349,0.6020972621,0.3148846944,0,-1.434030052,4.411274297,-3.044717936
25.28,-64.53539035,0.05575754668,0.602070971,0.3149029557,0,-1.434430809,4.41253467,-3.044517106
25.29,-64.53473151,0.05576358852,0.6020446831,0.3149212023,0,-1.434826255,4.413790761,-3.044319454
25.3,-64.53408325,0.05576955908,0.6020183987,0.3149394341,0,-1.435216396,4.415042558,-3.044124974
25.31,-64.53344553,0.05577545847,0.6019921183,0.3149576507,0,-1.435601236,4.41629005,-3.043933659
25.32,-64.53281834,0.0557812868,0.6019658424,0.3149758518,0,-1.435980784,4.417533228,-3.043745503
25.33,-64.53220166,0.05578704417,0.6019395714,0.3149940373,0,-1.436355044,4.418772079,-3.043560498
25.34,-64.53159547,0.05579273068,0.6019133056,0.3150122067,0,-1.436724023,4.420006594,-3.04337864
25.35,-64.53099973,0.05579834643,0.6018870457,0.3150303599,0,-1.437087728,4.421236763,-3.04319992
25.36,-64.53041444,0.05580389154,0.6018607919,0.3150484966,0,-1.437446164,4.422462574,-3.043024332
25.37,-64.52983957,0.05580936611,0.6018345448,0.3150666165,0,-1.43779934,4.423684018,-3.04285187
25.38,-64.52927509,0.05581477024,0.6018083046,0.3150847193,0,-1.438147261,4.424901085,-3.042682527
25.39,-64.52872099,0.05582010405,0.601782072,0.3151028048,0,-1.438489934,4.426113764,-3.042516296
25.4,-64.52817723,0.05582536765,0.6017558473,0.3151208728,0,-1.438827366,4.427322045,-3.04235317
25.41,-64.52764381,0.05583056114,0.6017296308,0.3151389228,0,-1.439159565,4.428525919,-3.042193142
25.42,-64.52712069,0.05583568464,0.6017034232,0.3151569548,0,-1.439486538,4.429725376,-3.042036207
25.43,-64.52660785,0.05584073827,0.6016772247,0.3151749684,0,-1.439808292,4.430920406,-3.041882356
25.44,-64.52610528,0.05584572213,0.6016510357,0.3151929633,0,-1.440124834,4.432111,-3.041731583
25.45,-64.52561294,0.05585063634,0.6016248568,0.3152109394,0,-1.440436173,4.433297148,-3.041583881
25.46,-64.52513081,0.05585548101,0.6015986883,0.3152288963,0,-1.440742315,4.43447884,-3.041439243
25.47,-64.52465887,0.05586025627,0.6015725307,0.3152468339,0,-1.441043269,4.435656069,-3.041297662
25.48,-64.52419711,0.05586496222,0.6015463843,0.3152647517,0,-1.441339042,4.436828823,-3.041159132
25.49,-64.52374548,0.055869599,0.6015202495,0.3152826497,0,-1.441629643,4.437997095,-3.041023644
25.5,-64.52330397,0.05587416671,0.6014941268,0.3153005275,0,-1.44191508,4.439160876,-3.040891192
25.51,-64.52287256,0.05587866548,0.6014680167,0.3153183848,0,-1.44219536,4.440320156,-3.040761769
25.52,-64.52245123,0.05588309542,0.6014419194,0.3153362215,0,-1.442470492,4.441474926,-3.040635368
25.53,-64.52203994,0.05588745667,0.6014158354,0.3153540373,0,-1.442740486,4.442625179,-3.040511981
25.54,-64.52163867,0.05589174935,0.6013897651,0.3153718319,0,-1.443005348,4.443770905,-3.040391602
25.55,-64.52124741,0.05589597357,0.6013637089,0.3153896051,0,-1.443265088,4.444912096,-3.040274222
25.56,-64.52086612,0.05590012947,0.6013376673,0.3154073567,0,-1.443519715,4.446048745,-3.040159836
25.57,-64.52049478,0.05590421717,0.6013116405,0.3154250863,0,-1.443769238,4.447180841,-3.040048435
25.58,-64.52013338,0.05590823679,0.6012856291,0.3154427938,0,-1.444013665,4.448308378,-3.039940013
25.59,-64.51978187,0.05591218847,0.6012596334,0.3154604789,0,-1.444253006,4.449431347,-3.039834561
25.6,-64.51944024,0.05591607234,0.6012336538,0.3154781414,0,-1.44448727,4.450549741,-3.039732073
25.61,-64.51910847,0.05591988851,0.6012076907,0.315495781,0,-1.444716466,4.451663551,-3.039632541
25.62,-64.51878653,0.05592363714,0.6011817445,0.3155133975,0,-1.444940604,4.452772769,-3.039535958
25.63,-64.51847439,0.05592731833,0.6011558156,0.3155309907,0,-1.445159692,4.453877389,-3.039442316
25.64,-64.51817202,0.05593093224,0.6011299043,0.3155485603,0,-1.445373742,4.454977403,-3.039351607
25.65,-64.51787942,0.05593447899,0.6011040111,0.315566106,0,-1.445582762,4.456072802,-3.039263825
25.66,-64.51759654,0.05593795872,0.6010781364,0.3155836277,0,-1.445786763,4.457163581,-3.039178962
25.67,-64.51732337,0.05594137155,0.6010522806,0.3156011251,0,-1.445985754,4.458249731,-3.03909701
25.68,-64.51705987,0.05594471764,0.6010264439,0.315618598,0,-1.446179745,4.459331245,-3.039017961
25.69,-64.51680603,0.05594799711,0.6010006269,0.3156360461,0,-1.446368747,4.460408117,-3.038941809
25.7,-64.51656181,0.05595121011,0.6009748298,0.3156534693,0,-1.44655277,4.46148034,-3.038868544
25.71,-64.5163272,0.05595435676,0.6009490532,0.3156708672,0,-1.446731824,4.462547906,-3.03879816
25.72,-64.51610216,0.05595743722,0.6009232972,0.3156882397,0,-1.44690592,4.463610809,-3.038730649
25.73,-64.51588668,0.05596045163,0.6008975624,0.3157055866,0,-1.447075067,4.464669043,-3.038666003
25.74,-64.51568071,0.05596340012,0.6008718491,0.3157229075,0,-1.447239278,4.465722601,-3.038604214
25.75,-64.51548425,0.05596628283,0.6008461577,0.3157402024,0,-1.447398563,4.466771476,-3.038545275
25.76,-64.51529726,0.05596909992,0.6008204885,0.3157574709,0,-1.447552931,4.467815663,-3.038489178
25.77,-64.51511971,0.05597185152,0.600794842,0.3157747128,0,-1.447702396,4.468855155,-3.038435914
25.78,-64.51495159,0.05597453779,0.6007692184,0.315791928,0,-1.447846967,4.469889946,-3.038385476
25.79,-64.51479285,0.05597715886,0.6007436182,0.3158091161,0,-1.447986656,4.470920029,-3.038337856
25.8,-64.51464349,0.05597971488,0.6007180417,0.3158262771,0,-1.448121473,4.471945401,-3.038293047
25.81,-64.51450346,0.05598220601,0.6006924893,0.3158434106,0,-1.448251432,4.472966053,-3.038251039
25.82,-64.51437275,0.05598463239,0.6006669614,0.3158605165,0,-1.448376542,4.473981981,-3.038211825
25.83,-64.51425133,0.05598699417,0.6006414582,0.3158775945,0,-1.448496815,4.47499318,-3.038175398
25.84,-64.51413916,0.0559892915,0.6006159803,0.3158946444,0,-1.448612263,4.475999644,-3.038141748
25.85,-64.51403623,0.05599152453,0.6005905278,0.3159116661,0,-1.448722898,4.477001367,-3.038110869
25.86,-64.5139425,0.05599369342,0.6005651013,0.3159286592,0,-1.448828732,4.477998344,-3.038082751
25.87,-64.51385796,0.05599579831,0.600539701,0.3159456236,0,-1.448929777,4.47899057,-3.038057387
25.88,-64.51378256,0.05599783937,0.6005143273,0.3159625591,0,-1.449026043,4.479978041,-3.038034769
25.89,-64.51371629,0.05599981675,0.6004889805,0.3159794655,0,-1.449117545,4.480960751,-3.038014888
25.9,-64.51365912,0.0560017306,0.6004636611,0.3159963426,0,-1.449204294,4.481938695,-3.037997736
25.91,-64.51361102,0.05600358108,0.6004383692,0.3160131901,0,-1.449286302,4.482911869,-3.037983305
25.92,-64.51357196,0.05600536834,0.6004131054,0.3160300078,0,-1.449363581,4.483880268,-3.037971587
25.93,-64.51354191,0.05600709255,0.6003878699,0.3160467956,0,-1.449436145,4.484843887,-3.037962573
25.94,-64.51352085,0.05600875387,0.6003626632,0.3160635533,0,-1.449504006,4.485802723,-3.037956255
25.95,-64.51350875,0.05601035245,0.6003374854,0.3160802806,0,-1.449567176,4.486756771,-3.037952625
25.96,-64.51350558,0.05601188845,0.600312337,0.3160969774,0,-1.449625668,4.487706027,-3.037951674
25.97,-64.51351131,0.05601336204,0.6002872183,0.3161136434,0,-1.449679495,4.488650487,-3.037953394
25.98,-64.51352592,0.05601477338,0.6002621297,0.3161302785,0,-1.44972867,4.489590147,-3.037957777
25.99,-64.51354938,0.05601612264,0.6002370714,0.3161468824,0,-1.449773207,4.490525002,-3.037964814
26,-64.51358165,0.05601740997,0.6002120439,0.316163455,0,-1.449813117,4.49145505,-3.037974496
26.01,-64.51362272,0.05601863554,0.6001870474,0.3161799961,0,-1.449848415,4.492380286,-3.037986816
26.02,-64.51367255,0.05601979952,0.6001620823,0.3161965054,0,-1.449879113,4.493300708,-3.038001764
26.03,-64.51373111,0.05602090208,0.6001371489,0.3162129828,0,-1.449905226,4.494216311,-3.038019332
26.04,-64.51379837,0.05602194337,0.6001122476,0.3162294282,0,-1.449926766,4.495127093,-3.038039511
26.05,-64.51387431,0.05602292358,0.6000873786,0.3162458412,0,-1.449943748,4.49603305,-3.038062294
26.06,-64.5139589,0.05602384286,0.6000625423,0.3162622217,0,-1.449956184,4.496934179,-3.03808767
26.07,-64.51405211,0.0560247014,0.600037739,0.3162785696,0,-1.449964088,4.497830477,-3.038115633
26.08,-64.51415391,0.05602549935,0.6000129691,0.3162948846,0,-1.449967475,4.498721942,-3.038146172
26.09,-64.51426427,0.05602623689,0.5999882329,0.3163111666,0,-1.449966358,4.499608569,-3.03817928
26.1,-64.51438316,0.05602691419,0.5999635306,0.3163274154,0,-1.449960751,4.500490358,-3.038214947
26.11,-64.51451055,0.05602753143,0.5999388626,0.3163436308,0,-1.449950668,4.501367305,-3.038253165
26.12,-64.51464642,0.05602808878,0.5999142292,0.3163598126,0,-1.449936124,4.502239408,-3.038293925
26.13,-64.51479073,0.05602858642,0.5998896307,0.3163759606,0,-1.449917132,4.503106664,-3.038337218
26.14,-64.51494345,0.05602902451,0.5998650675,0.3163920747,0,-1.449893707,4.503969071,-3.038383036
26.15,-64.51510456,0.05602940323,0.5998405399,0.3164081546,0,-1.449865863,4.504826628,-3.038431369
26.16,-64.51527403,0.05602972277,0.599816048,0.3164242003,0,-1.449833614,4.505679331,-3.038482209
26.17,-64.51545182,0.0560299833,0.5997915924,0.3164402115,0,-1.449796976,4.50652718,-3.038535547
26.18,-64.51563791,0.05603018499,0.5997671732,0.316456188,0,-1.449755963,4.507370172,-3.038591374
26.19,-64.51583227,0.05603032803,0.5997427908,0.3164721298,0,-1.449710589,4.508208305,-3.038649681
26.2,-64.51603486,0.05603041259,0.5997184455,0.3164880365,0,-1.44966087,4.509041579,-3.038710459
26.21,-64.51624567,0.05603043886,0.5996941376,0.3165039081,0,-1.449606819,4.509869991,-3.0387737
26.22,-64.51646464,0.05603040702,0.5996698673,0.3165197444,0,-1.449548453,4.51069354,-3.038839393
26.23,-64.51669177,0.05603031725,0.599645635,0.3165355452,0,-1.449485785,4.511512225,-3.038907531
26.24,-64.51692701,0.05603016973,0.599621441,0.3165513103,0,-1.449418831,4.512326045,-3.038978104
26.25,-64.51717034,0.05602996465,0.5995972856,0.3165670396,0,-1.449347607,4.513134999,-3.039051102
26.26,-64.51742173,0.05602970218,0.599573169,0.3165827329,0,-1.449272127,4.513939085,-3.039126518
26.27,-64.51768114,0.05602938252,0.5995490916,0.31659839,0,-1.449192406,4.514738303,-3.039204342
26.28,-64.51794855,0.05602900585,0.5995250536,0.3166140109,0,-1.44910846,4.515532652,-3.039284565
26.29,-64.51822392,0.05602857235,0.5995010553,0.3166295952,0,-1.449020305,4.516322131,-3.039367177
26.3,-64.51850723,0.05602808222,0.5994770971,0.316645143,0,-1.448927955,4.51710674,-3.039452169
26.31,-64.51879844,0.05602753563,0.5994531791,0.3166606539,0,-1.448831427,4.517886479,-3.039539533
26.32,-64.51909753,0.05602693279,0.5994293017,0.3166761279,0,-1.448730736,4.518661347,-3.039629259
26.33,-64.51940446,0.05602627387,0.5994054652,0.3166915647,0,-1.448625898,4.519431344,-3.039721338
26.34,-64.5197192,0.05602555907,0.5993816699,0.3167069643,0,-1.448516928,4.520196469,-3.039815761
26.35,-64.52004173,0.05602478858,0.5993579159,0.3167223265,0,-1.448403842,4.520956723,-3.039912518
26.36,-64.520372,0.05602396258,0.5993342037,0.3167376512,0,-1.448286656,4.521712107,-3.0400116
26.37,-64.52070999,0.05602308128,0.5993105334,0.3167529381,0,-1.448165387,4.522462619,-3.040112998
26.38,-64.52105567,0.05602214485,0.5992869054,0.3167681871,0,-1.448040049,4.52320826,-3.040216702
26.39,-64.52140901,0.05602115351,0.5992633199,0.3167833981,0,-1.44791066,4.523949032,-3.040322704
26.4,-64.52176998,0.05602010743,0.5992397772,0.316798571,0,-1.447777235,4.524684933,-3.040430993
26.41,-64.52213854,0.05601900681,0.5992162776,0.3168137055,0,-1.44763979,4.525415966,-3.040541561
26.42,-64.52251466,0.05601785185,0.5991928212,0.3168288016,0,-1.447498343,4.52614213,-3.040654398
26.43,-64.52289831,0.05601664274,0.5991694085,0.3168438591,0,-1.447352908,4.526863427,-3.040769494
26.44,-64.52328947,0.05601537968,0.5991460396,0.3168588778,0,-1.447203503,4.527579857,-3.040886841
26.45,-64.52368809,0.05601406287,0.5991227148,0.3168738577,0,-1.447050143,4.528291422,-3.041006428
26.46,-64.52409416,0.0560126925,0.5990994344,0.3168887985,0,-1.446892846,4.528998122,-3.041128247
26.47,-64.52450762,0.05601126877,0.5990761986,0.3169037001,0,-1.446731628,4.529699959,-3.041252287
26.48,-64.52492847,0.05600979188,0.5990530077,0.3169185625,0,-1.446566506,4.530396934,-3.04137854
26.49,-64.52535665,0.05600826203,0.599029862,0.3169333854,0,-1.446397496,4.531089049,-3.041506995
26.5,-64.52579215,0.05600667942,0.5990067616,0.3169481687,0,-1.446224614,4.531776305,-3.041637644
26.51,-64.52623492,0.05600504425,0.5989837069,0.3169629123,0,-1.446047879,4.532458703,-3.041770476
26.52,-64.52668494,0.05600335671,0.5989606981,0.3169776161,0,-1.445867306,4.533136247,-3.041905483
26.53,-64.52714218,0.05600161702,0.5989377355,0.3169922799,0,-1.445682913,4.533808936,-3.042042654
26.54,-64.5276066,0.05599982537,0.5989148192,0.3170069035,0,-1.445494715,4.534476774,-3.04218198
26.55,-64.52807817,0.05599798197,0.5988919496,0.317021487,0,-1.445302732,4.535139763,-3.042323451
26.56,-64.52855686,0.05599608701,0.5988691268,0.31703603,0,-1.445106978,4.535797904,-3.042467058
26.57,-64.52904264,0.05599414071,0.5988463512,0.3170505326,0,-1.444907473,4.5364512,-3.042612791
26.58,-64.52953547,0.05599214326,0.598823623,0.3170649945,0,-1.444704232,4.537099654,-3.042760641
26.59,-64.53003532,0.05599009488,0.5988009423,0.3170794157,0,-1.444497272,4.537743267,-3.042910597
26.6,-64.53054217,0.05598799576,0.5987783095,0.317093796,0,-1.444286612,4.538382042,-3.04306265
26.61,-64.53105597,0.05598584612,0.5987557248,0.3171081353,0,-1.444072269,4.539015983,-3.04321679
26.62,-64.53157669,0.05598364615,0.5987331883,0.3171224335,0,-1.443854259,4.539645091,-3.043373008
26.63,-64.53210431,0.05598139608,0.5987107004,0.3171366905,0,-1.4436326,4.540269369,-3.043531294
26.64,-64.53263879,0.05597909609,0.5986882613,0.3171509061,0,-1.44340731,4.540888822,-3.043691638
26.65,-64.5331801,0.05597674641,0.5986658712,0.3171650802,0,-1.443178405,4.541503451,-3.04385403
26.66,-64.5337282,0.05597434724,0.5986435303,0.3171792127,0,-1.442945905,4.54211326,-3.04401846
26.67,-64.53428307,0.05597189878,0.5986212388,0.3171933035,0,-1.442709825,4.542718252,-3.04418492
26.68,-64.53484466,0.05596940126,0.598598997,0.3172073525,0,-1.442470184,4.54331843,-3.044353398
26.69,-64.53541295,0.05596685487,0.5985768051,0.3172213595,0,-1.442226999,4.543913798,-3.044523886
26.7,-64.53598791,0.05596425984,0.5985546634,0.3172353245,0,-1.441980289,4.54450436,-3.044696372
26.71,-64.5365695,0.05596161636,0.5985325719,0.3172492473,0,-1.44173007,4.545090119,-3.044870849
26.72,-64.53715768,0.05595892465,0.598510531,0.3172631279,0,-1.441476361,4.545671079,-3.045047304
26.73,-64.53775243,0.05595618493,0.5984885409,0.317276966,0,-1.441219179,4.546247244,-3.04522573
26.74,-64.53835372,0.05595339741,0.5984666018,0.3172907617,0,-1.440958542,4.546818617,-3.045406115
26.75,-64.5389615,0.05595056229,0.5984447138,0.3173045147,0,-1.440694468,4.547385204,-3.04558845
26.76,-64.53957575,0.0559476798,0.5984228773,0.3173182251,0,-1.440426976,4.547947007,-3.045772725
26.77,-64.54019644,0.05594475014,0.5984010923,0.3173318926,0,-1.440156082,4.548504032,-3.045958931
26.78,-64.54082352,0.05594177353,0.5983793592,0.3173455172,0,-1.439881805,4.549056282,-3.046147056
26.79,-64.54145697,0.05593875018,0.5983576781,0.3173590989,0,-1.439604163,4.549603762,-3.046337092
26.8,-64.54209676,0.05593568031,0.5983360493,0.3173726374,0,-1.439323174,4.550146477,-3.046529028
26.81,-64.54274285,0.05593256414,0.5983144728,0.3173861326,0,-1.439038857,4.55068443,-3.046722854
26.82,-64.5433952,0.05592940188,0.598292949,0.3173995846,0,-1.438751228,4.551217628,-3.046918561
26.83,-64.54405379,0.05592619374,0.598271478,0.3174129931,0,-1.438460307,4.551746075,-3.047116138
26.84,-64.54471858,0.05592293995,0.59825006,0.3174263582,0,-1.438166112,4.552269775,-3.047315575
26.85,-64.54538954,0.05591964072,0.5982286953,0.3174396796,0,-1.43786866,4.552788733,-3.047516863
26.86,-64.54606664,0.05591629626,0.598207384,0.3174529573,0,-1.43756797,4.553302956,-3.047719991
26.87,-64.54674983,0.05591290681,0.5981861262,0.3174661913,0,-1.437264061,4.553812448,-3.04792495
26.88,-64.5474391,0.05590947256,0.5981649223,0.3174793813,0,-1.436956951,4.554317213,-3.048131729
26.89,-64.54813439,0.05590599375,0.5981437724,0.3174925274,0,-1.436646657,4.554817259,-3.048340318
26.9,-64.54883569,0.05590247058,0.5981226766,0.3175056294,0,-1.436333199,4.555312589,-3.048550707
26.91,-64.54954295,0.05589890329,0.5981016352,0.3175186872,0,-1.436016594,4.555803211,-3.048762886
26.92,-64.55025615,0.05589529209,0.5980806483,0.3175317008,0,-1.435696861,4.556289128,-3.048976846
26.93,-64.55097525,0.05589163719,0.5980597161,0.3175446701,0,-1.43537402,4.556770348,-3.049192576
26.94,-64.55170022,0.05588793883,0.5980388389,0.317557595,0,-1.435048087,4.557246876,-3.049410065
26.95,-64.55243102,0.05588419721,0.5980180167,0.3175704753,0,-1.434719081,4.557718717,-3.049629305
26.96,-64.55316761,0.05588041257,0.5979972498,0.3175833111,0,-1.434387022,4.558185879,-3.049850284
26.97,-64.55390998,0.05587658512,0.5979765383,0.3175961022,0,-1.434051927,4.558648366,-3.050072993
26.98,-64.55465807,0.05587271509,0.5979558824,0.3176088486,0,-1.433713815,4.559106186,-3.050297421
26.99,-64.55541186,0.05586880269,0.5979352823,0.3176215501,0,-1.433372705,4.559559344,-3.050523559
27,-64.55617132,0.05586484815,0.5979147382,0.3176342068,0,-1.433028616,4.560007848,-3.050751396
27.01,-64.55693641,0.05586085169,0.5978942502,0.3176468185,0,-1.432681565,4.560451702,-3.050980923
27.02,-64.55770709,0.05585681353,0.5978738185,0.3176593851,0,-1.432331571,4.560890915,-3.051212128
27.03,-64.55848334,0.0558527339,0.5978534432,0.3176719066,0,-1.431978654,4.561325492,-3.051445003
27.04,-64.55926512,0.05584861302,0.5978331245,0.3176843828,0,-1.431622831,4.561755441,-3.051679536
27.05,-64.56005239,0.05584445112,0.5978128626,0.3176968138,0,-1.431264122,4.562180768,-3.051915718
27.06,-64.56084513,0.05584024841,0.5977926577,0.3177091995,0,-1.430902546,4.56260148,-3.052153538
27.07,-64.56164329,0.05583600512,0.5977725099,0.3177215397,0,-1.430538119,4.563017584,-3.052392987
27.08,-64.56244684,0.05583172148,0.5977524193,0.3177338345,0,-1.430170863,4.563429087,-3.052634053
27.09,-64.56325576,0.05582739771,0.5977323861,0.3177460836,0,-1.429800795,4.563835997,-3.052876728
27.1,-64.56407,0.05582303404,0.5977124105,0.3177582872,0,-1.429427934,4.56423832,-3.053121001
27.11,-64.56488954,0.05581863068,0.5976924926,0.3177704451,0,-1.429052298,4.564636064,-3.053366861
27.12,-64.56571433,0.05581418788,0.5976726326,0.3177825572,0,-1.428673908,4.565029237,-3.053614299
27.13,-64.56654435,0.05580970584,0.5976528306,0.3177946234,0,-1.42829278,4.565417845,-3.053863304
27.14,-64.56737955,0.0558051848,0.5976330868,0.3178066439,0,-1.427908935,4.565801897,-3.054113866
27.15,-64.56821992,0.05580062498,0.5976134013,0.3178186183,0,-1.427522391,4.566181401,-3.054365975
27.16,-64.5690654,0.05579602662,0.5975937743,0.3178305468,0,-1.427133166,4.566556363,-3.054619621
27.17,-64.56991598,0.05579138993,0.5975742058,0.3178424291,0,-1.42674128,4.566926792,-3.054874793
27.18,-64.57077161,0.05578671514,0.5975546961,0.3178542654,0,-1.426346751,4.567292695,-3.055131482
27.19,-64.57163226,0.05578200248,0.5975352453,0.3178660555,0,-1.425949599,4.567654081,-3.055389677
27.2,-64.57249789,0.05577725217,0.5975158535,0.3178777993,0,-1.425549841,4.568010959,-3.055649367
27.21,-64.57336848,0.05577246445,0.5974965208,0.3178894969,0,-1.425147497,4.568363335,-3.055910544
27.22,-64.57424399,0.05576763954,0.5974772475,0.317901148,0,-1.424742586,4.568711218,-3.056173196
27.23,-64.57512438,0.05576277767,0.5974580336,0.3179127528,0,-1.424335127,4.569054617,-3.056437313
27.24,-64.57600962,0.05575787906,0.5974388792,0.3179243112,0,-1.423925138,4.56939354,-3.056702885
27.25,-64.57689968,0.05575294395,0.5974197845,0.317935823,0,-1.423512638,4.569727995,-3.056969903
27.26,-64.57779452,0.05574797255,0.5974007497,0.3179472883,0,-1.423097646,4.570057991,-3.057238355
27.27,-64.5786941,0.05574296511,0.5973817748,0.317958707,0,-1.422680181,4.570383537,-3.057508231
27.28,-64.57959841,0.05573792184,0.5973628599,0.317970079,0,-1.422260262,4.570704641,-3.057779522
27.29,-64.58050739,0.05573284298,0.5973440052,0.3179814043,0,-1.421837908,4.571021313,-3.058052217
27.3,-64.58142102,0.05572772875,0.5973252109,0.3179926829,0,-1.421413136,4.571333561,-3.058326306
27.31,-64.58233926,0.05572257938,0.597306477,0.3180039147,0,-1.420985968,4.571641393,-3.058601778
27.32,-64.58326208,0.0557173951,0.5972878036,0.3180150997,0,-1.42055642,4.57194482,-3.058878624
27.33,-64.58418944,0.05571217615,0.5972691909,0.3180262378,0,-1.420124512,4.57224385,-3.059156833
27.34,-64.58512132,0.05570692274,0.597250639,0.3180373289,0,-1.419690263,4.572538492,-3.059436396
27.35,-64.58605767,0.0557016351,0.597232148,0.3180483732,0,-1.419253692,4.572828756,-3.059717301
27.36,-64.58699846,0.05569631347,0.597213718,0.3180593704,0,-1.418814817,4.573114651,-3.059999539
27.37,-64.58794366,0.05569095808,0.5971953492,0.3180703206,0,-1.418373657,4.573396186,-3.060283099
27.38,-64.58889324,0.05568556915,0.5971770415,0.3180812237,0,-1.417930232,4.573673371,-3.060567972
27.39,-64.58984716,0.05568014691,0.5971587953,0.3180920797,0,-1.417484559,4.573946215,-3.060854147
27.4,-64.59080538,0.05567469159,0.5971406104,0.3181028886,0,-1.417036658,4.574214728,-3.061141614
27.41,-64.59176787,0.05566920343,0.5971224871,0.3181136503,0,-1.416586548,4.57447892,-3.061430362
27.42,-64.59273461,0.05566368264,0.5971044255,0.3181243648,0,-1.416134246,4.574738801,-3.061720382
27.43,-64.59370555,0.05565812946,0.5970864256,0.318135032,0,-1.415679773,4.574994379,-3.062011664
27.44,-64.59468066,0.05565254413,0.5970684876,0.318145652,0,-1.415223147,4.575245666,-3.062304197
27.45,-64.5956599,0.05564692685,0.5970506115,0.3181562247,0,-1.414764386,4.575492671,-3.06259797
27.46,-64.59664325,0.05564127788,0.5970327975,0.31816675,0,-1.414303509,4.575735404,-3.062892975
27.47,-64.59763067,0.05563559743,0.5970150456,0.318177228,0,-1.413840535,4.575973876,-3.063189201
27.48,-64.59862212,0.05562988574,0.596997356,0.3181876586,0,-1.413375483,4.576208096,-3.063486637
27.49,-64.59961758,0.05562414303,0.5969797287,0.3181980418,0,-1.412908371,4.576438075,-3.063785273
27.5,-64.600617,0.05561836954,0.5969621638,0.3182083775,0,-1.412439218,4.576663823,-3.0640851
27.51,-64.60162036,0.05561256549,0.5969446615,0.3182186658,0,-1.411968043,4.576885351,-3.064386107
27.52,-64.60262761,0.05560673111,0.5969272217,0.3182289067,0,-1.411494864,4.577102668,-3.064688284
27.53,-64.60363874,0.05560086664,0.5969098447,0.3182391,0,-1.4110197,4.577315786,-3.064991621
27.54,-64.60465369,0.05559497229,0.5968925304,0.3182492457,0,-1.41054257,4.577524715,-3.065296107
27.55,-64.60567244,0.05558904831,0.5968752789,0.318259344,0,-1.410063492,4.577729466,-3.065601733
27.56,-64.60669496,0.05558309491,0.5968580904,0.3182693947,0,-1.409582485,4.577930049,-3.065908489
27.57,-64.60772121,0.05557711233,0.5968409649,0.3182793978,0,-1.409099567,4.578126475,-3.066216364
27.58,-64.60875116,0.0555711008,0.5968239025,0.3182893533,0,-1.408614757,4.578318756,-3.066525349
27.59,-64.60978478,0.05556506055,0.5968069033,0.3182992611,0,-1.408128073,4.578506901,-3.066835433
27.6,-64.61082202,0.0555589918,0.5967899674,0.3183091214,0,-1.407639534,4.578690922,-3.067146606
27.61,-64.61186286,0.05555289478,0.5967730947,0.318318934,0,-1.407149159,4.578870831,-3.067458858
27.62,-64.61290727,0.05554676973,0.5967562854,0.318328699,0,-1.406656965,4.579046637,-3.06777218
27.63,-64.6139552,0.05554061686,0.5967395397,0.3183384163,0,-1.406162972,4.579218352,-3.06808656
27.64,-64.61500663,0.05553443642,0.5967228574,0.3183480859,0,-1.405667197,4.579385988,-3.068401989
27.65,-64.61606152,0.05552822862,0.5967062387,0.3183577078,0,-1.40516966,4.579549556,-3.068718457
27.66,-64.61711985,0.0555219937,0.5966896838,0.318367282,0,-1.404670378,4.579709066,-3.069035954
27.67,-64.61818157,0.05551573188,0.5966731925,0.3183768086,0,-1.404169369,4.579864532,-3.06935447
27.68,-64.61924665,0.05550944339,0.596656765,0.3183862874,0,-1.403666653,4.580015962,-3.069673995
27.69,-64.62031506,0.05550312846,0.5966404014,0.3183957185,0,-1.403162247,4.580163371,-3.069994519
27.7,-64.62138677,0.05549678732,0.5966241018,0.3184051019,0,-1.40265617,4.580306768,-3.070316032
27.71,-64.62246174,0.0554904202,0.5966078661,0.3184144375,0,-1.40214844,4.580446166,-3.070638523
27.72,-64.62353995,0.05548402731,0.5965916944,0.3184237255,0,-1.401639075,4.580581576,-3.070961984
27.73,-64.62462134,0.0554776089,0.5965755868,0.3184329657,0,-1.401128093,4.580713011,-3.071286403
27.74,-64.6257059,0.05547116518,0.5965595434,0.3184421581,0,-1.400615513,4.580840481,-3.071611771
27.75,-64.6267936,0.05546469639,0.5965435642,0.3184513029,0,-1.400101352,4.580963998,-3.071938079
27.76,-64.62788438,0.05545820274,0.5965276492,0.3184603999,0,-1.399585629,4.581083576,-3.072265315
27.77,-64.62897824,0.05545168448,0.5965117985,0.3184694492,0,-1.399068362,4.581199224,-3.072593471
27.78,-64.63007512,0.05544514181,0.5964960122,0.3184784507,0,-1.398549568,4.581310957,-3.072922536
27.79,-64.631175,0.05543857498,0.5964802903,0.3184874045,0,-1.398029267,4.581418785,-3.073252501
27.8,-64.63227785,0.0554319842,0.5964646328,0.3184963107,0,-1.397507475,4.581522721,-3.073583355
27.81,-64.63338363,0.05542536971,0.5964490398,0.3185051691,0,-1.396984211,4.581622776,-3.073915089
27.82,-64.63449231,0.05541873172,0.5964335114,0.3185139797,0,-1.396459492,4.581718964,-3.074247693
27.83,-64.63560386,0.05541207046,0.5964180475,0.3185227427,0,-1.395933337,4.581811296,-3.074581157
27.84,-64.63671823,0.05540538616,0.5964026482,0.318531458,0,-1.395405763,4.581899785,-3.07491547
27.85,-64.63783542,0.05539867904,0.5963873136,0.3185401257,0,-1.394876789,4.581984443,-3.075250625
27.86,-64.63895536,0.05539194934,0.5963720436,0.3185487456,0,-1.394346432,4.582065282,-3.075586609
27.87,-64.64007805,0.05538519726,0.5963568384,0.3185573179,0,-1.393814709,4.582142315,-3.075923415
27.88,-64.64120344,0.05537842304,0.596341698,0.3185658425,0,-1.393281638,4.582215555,-3.076261031
27.89,-64.6423315,0.0553716269,0.5963266223,0.3185743195,0,-1.392747238,4.582285014,-3.076599449
27.9,-64.64346219,0.05536480906,0.5963116115,0.3185827489,0,-1.392211525,4.582350705,-3.076938658
27.91,-64.6445955,0.05535796975,0.5962966655,0.3185911307,0,-1.391674518,4.58241264,-3.077278649
27.92,-64.64573137,0.0553511092,0.5962817844,0.3185994649,0,-1.391136234,4.582470832,-3.077619411
27.93,-64.64686979,0.05534422761,0.5962669682,0.3186077515,0,-1.39059669,4.582525294,-3.077960937
27.94,-64.64801071,0.05533732523,0.5962522169,0.3186159906,0,-1.390055903,4.582576038,-3.078303214
27.95,-64.64915412,0.05533040226,0.5962375306,0.3186241821,0,-1.389513892,4.582623078,-3.078646235
27.96,-64.65029996,0.05532345893,0.5962229093,0.3186323261,0,-1.388970674,4.582666426,-3.078989989
27.97,-64.65144822,0.05531649547,0.596208353,0.3186404226,0,-1.388426266,4.582706095,-3.079334466
27.98,-64.65259886,0.05530951209,0.5961938618,0.3186484716,0,-1.387880686,4.582742099,-3.079679658
27.99,-64.65375185,0.05530250902,0.5961794355,0.3186564732,0,-1.38733395,4.58277445,-3.080025554
28,-64.65490715,0.05529548647,0.5961650744,0.3186644273,0,-1.386786076,4.582803161,-3.080372144
28.01,-64.65606473,0.05528844468,0.5961507783,0.318672334,0,-1.386237081,4.582828245,-3.08071942
28.02,-64.65722457,0.05528138385,0.5961365473,0.3186801933,0,-1.385686983,4.582849716,-3.081067371
28.03,-64.65838663,0.0552743042,0.5961223814,0.3186880053,0,-1.385135797,4.582867587,-3.081415989
28.04,-64.65955088,0.05526720597,0.5961082806,0.3186957699,0,-1.384583543,4.582881871,-3.081765263
28.05,-64.66071728,0.05526008936,0.596094245,0.3187034872,0,-1.384030236,4.58289258,-3.082115184
28.06,-64.66188581,0.0552529546,0.5960802745,0.3187111573,0,-1.383475893,4.58289973,-3.082465743
28.07,-64.66305643,0.05524580191,0.5960663691,0.3187187801,0,-1.382920533,4.582903332,-3.08281693
28.08,-64.66422912,0.0552386315,0.596052529,0.3187263556,0,-1.38236417,4.5829034,-3.083168735
28.09,-64.66540383,0.05523144359,0.5960387539,0.318733884,0,-1.381806823,4.582899948,-3.083521149
28.1,-64.66658055,0.05522423839,0.5960250441,0.3187413652,0,-1.381248507,4.582892989,-3.083874164
28.11,-64.66775923,0.05521701614,0.5960113994,0.3187487993,0,-1.380689241,4.582882537,-3.084227768
28.12,-64.66893985,0.05520977703,0.5959978199,0.3187561863,0,-1.38012904,4.582868604,-3.084581954
28.13,-64.67012237,0.0552025213,0.5959843055,0.3187635262,0,-1.379567921,4.582851205,-3.084936711
28.14,-64.67130677,0.05519524915,0.5959708563,0.3187708191,0,-1.379005902,4.582830354,-3.08529203
28.15,-64.67249301,0.05518796081,0.5959574723,0.318778065,0,-1.378442997,4.582806063,-3.085647902
28.16,-64.67368106,0.05518065648,0.5959441535,0.318785264,0,-1.377879225,4.582778346,-3.086004318
28.17,-64.67487089,0.05517333638,0.5959308998,0.318792416,0,-1.377314601,4.582747218,-3.086361268
28.18,-64.67606248,0.05516600073,0.5959177113,0.3187995212,0,-1.376749142,4.582712692,-3.086718743
28.19,-64.67725578,0.05515864974,0.5959045879,0.3188065795,0,-1.376182864,4.582674781,-3.087076734
28.2,-64.67845077,0.05515128362,0.5958915296,0.318813591,0,-1.375615784,4.5826335,-3.087435231
28.21,-64.67964742,0.05514390259,0.5958785365,0.3188205557,0,-1.375047917,4.582588862,-3.087794226
28.22,-64.68084569,0.05513650687,0.5958656085,0.3188274738,0,-1.374479281,4.582540881,-3.088153708
28.23,-64.68204557,0.05512909665,0.5958527456,0.3188343451,0,-1.373909891,4.582489571,-3.08851367
28.24,-64.683247,0.05512167217,0.5958399478,0.3188411698,0,-1.373339764,4.582434946,-3.088874101
28.25,-64.68444998,0.05511423361,0.595827215,0.3188479479,0,-1.372768915,4.582377019,-3.089234993
28.26,-64.68565446,0.05510678121,0.5958145473,0.3188546795,0,-1.372197361,4.582315806,-3.089596337
28.27,-64.68686041,0.05509931517,0.5958019447,0.3188613645,0,-1.371625118,4.582251319,-3.089958123
28.28,-64.68806781,0.05509183569,0.5957894071,0.3188680031,0,-1.371052201,4.582183573,-3.090320342
28.29,-64.68927662,0.055084343,0.5957769344,0.3188745953,0,-1.370478626,4.582112581,-3.090682986
28.3,-64.69048682,0.05507683729,0.5957645268,0.3188811411,0,-1.36990441,4.582038359,-3.091046045
28.31,-64.69169837,0.05506931878,0.5957521841,0.3188876406,0,-1.369329567,4.581960919,-3.09140951
28.32,-64.69291124,0.05506178768,0.5957399064,0.3188940939,0,-1.368754115,4.581880277,-3.091773373
28.33,-64.69412541,0.05505424419,0.5957276935,0.3189005009,0,-1.368178068,4.581796446,-3.092137624
28.34,-64.69534085,0.05504668853,0.5957155456,0.3189068617,0,-1.367601442,4.58170944,-3.092502255
28.35,-64.69655752,0.05503912089,0.5957034625,0.3189131765,0,-1.367024252,4.581619274,-3.092867256
28.36,-64.69777539,0.05503154149,0.5956914442,0.3189194451,0,-1.366446515,4.581525961,-3.093232618
28.37,-64.69899445,0.05502395053,0.5956794907,0.3189256678,0,-1.365868245,4.581429517,-3.093598334
28.38,-64.70021464,0.05501634822,0.595667602,0.3189318445,0,-1.365289458,4.581329955,-3.093964393
28.39,-64.70143596,0.05500873477,0.595655778,0.3189379753,0,-1.36471017,4.581227289,-3.094330787
28.4,-64.70265836,0.05500111037,0.5956440187,0.3189440602,0,-1.364130395,4.581121535,-3.094697508
28.41,-64.70388182,0.05499347523,0.5956323241,0.3189500993,0,-1.363550149,4.581012705,-3.095064546
28.42,-64.70510631,0.05498582955,0.5956206941,0.3189560927,0,-1.362969447,4.580900815,-3.095431893
28.43,-64.7063318,0.05497817355,0.5956091287,0.3189620405,0,-1.362388305,4.58078588,-3.09579954
28.44,-64.70755826,0.05497050742,0.5955976279,0.3189679425,0,-1.361806736,4.580667912,-3.096167479
28.45,-64.70878567,0.05496283136,0.5955861916,0.3189737991,0,-1.361224757,4.580546927,-3.0965357
28.46,-64.71001398,0.05495514557,0.5955748197,0.3189796101,0,-1.360642382,4.580422939,-3.096904194
28.47,-64.71124318,0.05494745026,0.5955635123,0.3189853757,0,-1.360059626,4.580295963,-3.097272955
28.48,-64.71247324,0.05493974563,0.5955522693,0.3189910959,0,-1.359476505,4.580166013,-3.097641972
28.49,-64.71370412,0.05493203187,0.5955410906,0.3189967707,0,-1.358893031,4.580033103,-3.098011237
28.5,-64.71493581,0.05492430919,0.5955299763,0.3190024003,0,-1.358309222,4.579897248,-3.098380742
28.51,-64.71616826,0.05491657779,0.5955189261,0.3190079847,0,-1.35772509,4.579758463,-3.098750478
28.52,-64.71740146,0.05490883786,0.5955079402,0.319013524,0,-1.357140652,4.579616761,-3.099120437
28.53,-64.71863536,0.0549010896,0.5954970185,0.3190190182,0,-1.35655592,4.579472158,-3.099490609
28.54,-64.71986996,0.05489333321,0.5954861609,0.3190244674,0,-1.35597091,4.579324668,-3.099860988
28.55,-64.72110521,0.05488556888,0.5954753673,0.3190298716,0,-1.355385637,4.579174306,-3.100231563
28.56,-64.72234109,0.05487779681,0.5954646377,0.3190352309,0,-1.354800114,4.579021086,-3.100602327
28.57,-64.72357757,0.05487001721,0.5954539721,0.3190405455,0,-1.354214356,4.578865022,-3.100973272
28.58,-64.72481463,0.05486223025,0.5954433704,0.3190458153,0,-1.353628378,4.57870613,-3.101344389
28.59,-64.72605223,0.05485443614,0.5954328325,0.3190510404,0,-1.353042192,4.578544424,-3.10171567
28.6,-64.72729035,0.05484663508,0.5954223585,0.319056221,0,-1.352455815,4.578379919,-3.102087106
28.61,-64.72852896,0.05483882724,0.5954119481,0.3190613569,0,-1.351869259,4.578212628,-3.102458689
28.62,-64.72976804,0.05483101283,0.5954016015,0.3190664485,0,-1.351282538,4.578042568,-3.102830411
28.63,-64.73100755,0.05482319204,0.5953913184,0.3190714956,0,-1.350695667,4.577869752,-3.103202264
28.64,-64.73224746,0.05481536507,0.5953810989,0.3190764984,0,-1.35010866,4.577694195,-3.103574239
28.65,-64.73348776,0.05480753209,0.5953709429,0.3190814569,0,-1.349521529,4.577515912,-3.103946329
28.66,-64.73472842,0.0547996933,0.5953608503,0.3190863713,0,-1.34893429,4.577334917,-3.104318525
28.67,-64.7359694,0.0547918489,0.5953508212,0.3190912415,0,-1.348346956,4.577151226,-3.104690819
28.68,-64.73721068,0.05478399907,0.5953408553,0.3190960677,0,-1.34775954,4.576964852,-3.105063203
28.69,-64.73845223,0.05477614399,0.5953309526,0.31910085,0,-1.347172056,4.576775811,-3.105435669
28.7,-64.73969403,0.05476828387,0.5953211131,0.3191055884,0,-1.346584518,4.576584117,-3.105808209
28.71,-64.74093605,0.05476041888,0.5953113367,0.319110283,0,-1.345996939,4.576389786,-3.106180814
28.72,-64.74217826,0.05475254921,0.5953016234,0.3191149338,0,-1.345409332,4.57619283,-3.106553478
28.73,-64.74342064,0.05474467505,0.595291973,0.319119541,0,-1.344821711,4.575993266,-3.106926192
28.74,-64.74466316,0.05473679658,0.5952823855,0.3191241046,0,-1.344234089,4.575791109,-3.107298948
28.75,-64.74590579,0.05472891399,0.5952728609,0.3191286247,0,-1.343646479,4.575586372,-3.107671738
28.76,-64.74714851,0.05472102746,0.5952633989,0.3191331013,0,-1.343058895,4.575379071,-3.108044554
28.77,-64.7483913,0.05471313717,0.5952539997,0.3191375347,0,-1.34247135,4.575169219,-3.108417389
28.78,-64.74963411,0.05470524332,0.5952446631,0.3191419248,0,-1.341883856,4.574956833,-3.108790234
28.79,-64.75087694,0.05469734608,0.595235389,0.3191462716,0,-1.341296426,4.574741927,-3.109163083
28.8,-64.75211975,0.05468944563,0.5952261773,0.3191505754,0,-1.340709074,4.574524515,-3.109535926
28.81,-64.75336252,0.05468154216,0.595217028,0.3191548362,0,-1.340121812,4.574304613,-3.109908757
28.82,-64.75460523,0.05467363584,0.595207941,0.319159054,0,-1.339534654,4.574082234,-3.110281568
28.83,-64.75584784,0.05466572685,0.5951989162,0.319163229,0,-1.338947611,4.573857395,-3.110654351
28.84,-64.75709033,0.05465781538,0.5951899536,0.3191673612,0,-1.338360696,4.573630108,-3.111027098
28.85,-64.75833267,0.0546499016,0.595181053,0.3191714508,0,-1.337773923,4.57340039,-3.111399802
28.86,-64.75957485,0.05464198569,0.5951722144,0.3191754977,0,-1.337187303,4.573168255,-3.111772455
28.87,-64.76081684,0.05463406783,0.5951634376,0.3191795021,0,-1.33660085,4.572933718,-3.112145051
28.88,-64.7620586,0.05462614819,0.5951547227,0.319183464,0,-1.336014574,4.572696793,-3.11251758
28.89,-64.76330012,0.05461822695,0.5951460694,0.3191873837,0,-1.33542849,4.572457495,-3.112890036
28.9,-64.76454137,0.05461030428,0.5951374778,0.319191261,0,-1.334842608,4.572215839,-3.113262411
28.91,-64.76578233,0.05460238037,0.5951289478,0.3191950962,0,-1.334256942,4.571971839,-3.113634698
28.92,-64.76702297,0.05459445538,0.5951204792,0.3191988893,0,-1.333671503,4.571725511,-3.11400689
28.93,-64.76826326,0.05458652948,0.5951120719,0.3192026404,0,-1.333086303,4.571476869,-3.114378979
28.94,-64.76950319,0.05457860286,0.595103726,0.3192063496,0,-1.332501355,4.571225928,-3.114750957
28.95,-64.77074273,0.05457067568,0.5950954412,0.319210017,0,-1.331916671,4.570972702,-3.115122818
28.96,-64.77198185,0.0545627481,0.5950872175,0.3192136427,0,-1.331332262,4.570717207,-3.115494554
28.97,-64.77322053,0.05455482031,0.5950790548,0.3192172267,0,-1.33074814,4.570459456,-3.115866158
28.98,-64.77445874,0.05454689248,0.595070953,0.3192207692,0,-1.330164317,4.570199465,-3.116237622
28.99,-64.77569647,0.05453896476,0.5950629121,0.3192242702,0,-1.329580804,4.569937249,-3.116608941
29,-64.77693368,0.05453103734,0.5950549318,0.3192277298,0,-1.328997614,4.569672821,-3.116980105
29.01,-64.77817036,0.05452311037,0.5950470122,0.3192311482,0,-1.328414757,4.569406197,-3.117351109
29.02,-64.77940648,0.05451518403,0.5950391531,0.3192345254,0,-1.327832246,4.569137391,-3.117721945
29.03,-64.78064202,0.05450725848,0.5950313544,0.3192378615,0,-1.327250091,4.568866418,-3.118092606
29.04,-64.78187695,0.05449933389,0.5950236161,0.3192411566,0,-1.326668305,4.568593293,-3.118463085
29.05,-64.78311125,0.05449141042,0.5950159379,0.3192444108,0,-1.326086898,4.56831803,-3.118833375
29.06,-64.7843449,0.05448348823,0.5950083199,0.3192476243,0,-1.325505882,4.568040644,-3.119203469
29.07,-64.78557787,0.0544755675,0.595000762,0.319250797,0,-1.324925267,4.56776115,-3.11957336
29.08,-64.78681014,0.05446764838,0.5949932639,0.3192539291,0,-1.324345066,4.567479561,-3.119943042
29.09,-64.78804169,0.05445973103,0.5949858257,0.3192570207,0,-1.323765288,4.567195894,-3.120312507
29.1,-64.78927249,0.05445181562,0.5949784472,0.3192600718,0,-1.323185945,4.566910162,-3.120681748
29.11,-64.79050253,0.05444390231,0.5949711283,0.3192630827,0,-1.322607049,4.566622379,-3.121050759
29.12,-64.79173178,0.05443599125,0.5949638689,0.3192660533,0,-1.322028609,4.566332561,-3.121419533
29.13,-64.79296021,0.05442808262,0.594956669,0.3192689838,0,-1.321450636,4.566040722,-3.121788063
29.14,-64.79418781,0.05442017655,0.5949495283,0.3192718742,0,-1.320873142,4.565746877,-3.122156343
29.15,-64.79541455,0.05441227323,0.5949424468,0.3192747247,0,-1.320296137,4.56545104,-3.122524366
29.16,-64.79664041,0.05440437279,0.5949354244,0.3192775354,0,-1.319719631,4.565153225,-3.122892124
29.17,-64.79786537,0.0543964754,0.594928461,0.3192803064,0,-1.319143635,4.564853448,-3.123259612
29.18,-64.79908941,0.05438858121,0.5949215564,0.3192830377,0,-1.31856816,4.564551722,-3.123626823
29.19,-64.8003125,0.05438069038,0.5949147106,0.3192857296,0,-1.317993215,4.564248062,-3.12399375
29.2,-64.80153463,0.05437280306,0.5949079234,0.3192883819,0,-1.317418812,4.563942483,-3.124360388
29.21,-64.80275576,0.05436491941,0.5949011947,0.319290995,0,-1.31684496,4.563634998,-3.124726728
29.22,-64.80397588,0.05435703958,0.5948945245,0.3192935688,0,-1.31627167,4.563325623,-3.125092765
29.23,-64.80519498,0.05434916372,0.5948879125,0.3192961035,0,-1.315698952,4.563014372,-3.125458493
29.24,-64.80641302,0.05434129198,0.5948813587,0.3192985992,0,-1.315126816,4.56270126,-3.125823905
29.25,-64.80762998,0.05433342451,0.5948748631,0.319301056,0,-1.314555272,4.5623863,-3.126188994
29.26,-64.80884585,0.05432556147,0.5948684253,0.3193034739,0,-1.313984329,4.562069506,-3.126553755
29.27,-64.8100606,0.054317703,0.5948620454,0.3193058532,0,-1.313413999,4.561750895,-3.126918181
29.28,-64.81127422,0.05430984926,0.5948557232,0.3193081938,0,-1.312844289,4.561430479,-3.127282265
29.29,-64.81248667,0.05430200038,0.5948494587,0.319310496,0,-1.312275212,4.561108272,-3.127646002
29.3,-64.81369795,0.05429415651,0.5948432516,0.3193127597,0,-1.311706775,4.560784291,-3.128009385
29.31,-64.81490803,0.05428631781,0.5948371018,0.3193149852,0,-1.311138989,4.560458547,-3.128372409
29.32,-64.81611689,0.05427848442,0.5948310093,0.3193171724,0,-1.310571863,4.560131057,-3.128735066
29.33,-64.8173245,0.05427065648,0.594824974,0.3193193216,0,-1.310005406,4.559801833,-3.129097351
29.34,-64.81853086,0.05426283414,0.5948189956,0.3193214328,0,-1.309439629,4.559470891,-3.129459259
29.35,-64.81973594,0.05425501753,0.5948130741,0.3193235062,0,-1.308874541,4.559138244,-3.129820782
29.36,-64.82093971,0.05424720681,0.5948072094,0.3193255418,0,-1.30831015,4.558803907,-3.130181914
29.37,-64.82214217,0.05423940212,0.5948014013,0.3193275397,0,-1.307746466,4.558467894,-3.130542651
29.38,-64.82334328,0.05423160359,0.5947956497,0.3193295002,0,-1.307183498,4.558130219,-3.130902985
29.39,-64.82454304,0.05422381137,0.5947899545,0.3193314231,0,-1.306621256,4.557790896,-3.131262911
29.4,-64.82574141,0.05421602559,0.5947843155,0.3193333088,0,-1.306059748,4.557449938,-3.131622423
29.41,-64.82693839,0.0542082464,0.5947787327,0.3193351572,0,-1.305498983,4.557107362,-3.131981516
29.42,-64.82813394,0.05420047393,0.5947732059,0.3193369685,0,-1.30493897,4.556763179,-3.132340183
29.43,-64.82932806,0.05419270832,0.594767735,0.3193387429,0,-1.304379719,4.556417405,-3.132698418
29.44,-64.83052072,0.05418494971,0.5947623198,0.3193404803,0,-1.303821238,4.556070053,-3.133056216
29.45,-64.83171191,0.05417719823,0.5947569602,0.319342181,0,-1.303263535,4.555721137,-3.133413572
29.46,-64.83290159,0.05416945403,0.5947516561,0.319343845,0,-1.302706619,4.555370672,-3.133770478
29.47,-64.83408977,0.05416171722,0.5947464074,0.3193454725,0,-1.302150499,4.555018671,-3.134126931
29.48,-64.83527641,0.05415398795,0.5947412139,0.3193470635,0,-1.301595184,4.554665148,-3.134482924
29.49,-64.83646151,0.05414626635,0.5947360755,0.3193486181,0,-1.301040682,4.554310117,-3.134838452
29.5,-64.83764503,0.05413855255,0.5947309921,0.3193501366,0,-1.300487001,4.553953592,-3.135193508
29.51,-64.83882696,0.05413084669,0.5947259635,0.319351619,0,-1.299934149,4.553595586,-3.135548088
29.52,-64.84000729,0.05412314889,0.5947209896,0.3193530653,0,-1.299382136,4.553236114,-3.135902186
29.53,-64.84118599,0.05411545928,0.5947160703,0.3193544758,0,-1.298830968,4.55287519,-3.136255797
29.54,-64.84236305,0.054107778,0.5947112054,0.3193558505,0,-1.298280655,4.552512826,-3.136608915
29.55,-64.84353845,0.05410010517,0.5947063948,0.3193571896,0,-1.297731205,4.552149037,-3.136961535
29.56,-64.84471217,0.05409244092,0.5947016384,0.3193584931,0,-1.297182625,4.551783837,-3.137313651
29.57,-64.8458842,0.05408478537,0.594696936,0.3193597612,0,-1.296634923,4.551417239,-3.137665259
29.58,-64.84705451,0.05407713866,0.5946922874,0.319360994,0,-1.296088107,4.551049257,-3.138016352
29.59,-64.84822309,0.0540695009,0.5946876927,0.3193621915,0,-1.295542186,4.550679905,-3.138366926
29.6,-64.84938992,0.05406187223,0.5946831515,0.319363354,0,-1.294997167,4.550309195,-3.138716975
29.61,-64.85055498,0.05405425276,0.5946786639,0.3193644816,0,-1.294453057,4.549937142,-3.139066494
29.62,-64.85171826,0.05404664263,0.5946742296,0.3193655743,0,-1.293909865,4.54956376,-3.139415479
29.63,-64.85287974,0.05403904194,0.5946698484,0.3193666322,0,-1.293367597,4.549189061,-3.139763923
29.64,-64.85403941,0.05403145083,0.5946655204,0.3193676555,0,-1.292826262,4.548813059,-3.140111822
29.65,-64.85519724,0.05402386942,0.5946612452,0.3193686444,0,-1.292285867,4.548435768,-3.140459171
29.66,-64.85635322,0.05401629782,0.5946570229,0.3193695988,0,-1.29174642,4.548057201,-3.140805965
29.67,-64.85750733,0.05400873615,0.5946528531,0.3193705189,0,-1.291207927,4.547677372,-3.141152198
29.68,-64.85865956,0.05400118454,0.5946487359,0.319371405,0,-1.290670396,4.547296294,-3.141497867
29.69,-64.85980988,0.0539936431,0.594644671,0.3193722569,0,-1.290133834,4.546913979,-3.141842965
29.7,-64.86095829,0.05398611195,0.5946406584,0.319373075,0,-1.289598249,4.546530443,-3.142187488
29.71,-64.86210477,0.0539785912,0.5946366978,0.3193738592,0,-1.289063647,4.546145697,-3.142531432
29.72,-64.8632493,0.05397108097,0.5946327891,0.3193746098,0,-1.288530036,4.545759756,-3.14287479
29.73,-64.86439187,0.05396358138,0.5946289323,0.3193753268,0,-1.287997422,4.545372632,-3.14321756
29.74,-64.86553245,0.05395609254,0.594625127,0.3193760104,0,-1.287465813,4.544984338,-3.143559735
29.75,-64.86667104,0.05394861456,0.5946213732,0.3193766606,0,-1.286935215,4.544594888,-3.143901311
29.76,-64.86780761,0.05394114755,0.5946176708,0.3193772776,0,-1.286405636,4.544204295,-3.144242283
29.77,-64.86894216,0.05393369164,0.5946140196,0.3193778615,0,-1.285877081,4.543812572,-3.144582647
29.78,-64.87007466,0.05392624692,0.5946104195,0.3193784125,0,-1.285349558,4.543419732,-3.144922399
29.79,-64.87120511,0.05391881351,0.5946068702,0.3193789306,0,-1.284823073,4.543025788,-3.145261533
29.8,-64.87233348,0.05391139152,0.5946033717,0.319379416,0,-1.284297632,4.542630752,-3.145600044
29.81,-64.87345976,0.05390398106,0.5945999238,0.3193798687,0,-1.283773243,4.542234639,-3.145937929
29.82,-64.87458395,0.05389658223,0.5945965264,0.319380289,0,-1.283249912,4.541837461,-3.146275184
29.83,-64.87570601,0.05388919515,0.5945931793,0.3193806769,0,-1.282727645,4.541439231,-3.146611802
29.84,-64.87682594,0.05388181992,0.5945898824,0.3193810325,0,-1.282206448,4.541039962,-3.146947781
29.85,-64.87794372,0.05387445664,0.5945866355,0.319381356,0,-1.281686329,4.540639666,-3.147283115
29.86,-64.87905934,0.05386710543,0.5945834384,0.3193816475,0,-1.281167292,4.540238356,-3.147617801
29.87,-64.88017278,0.05385976638,0.5945802911,0.3193819071,0,-1.280649344,4.539836046,-3.147951833
29.88,-64.88128403,0.0538524396,0.5945771933,0.3193821349,0,-1.280132491,4.539432748,-3.148285209
29.89,-64.88239307,0.05384512519,0.5945741449,0.3193823311,0,-1.27961674,4.539028474,-3.148617922
29.9,-64.8834999,0.05383782326,0.5945711458,0.3193824958,0,-1.279102095,4.538623237,-3.14894997
29.91,-64.88460449,0.0538305339,0.5945681958,0.3193826291,0,-1.278588564,4.538217051,-3.149281348
29.92,-64.88570684,0.05382325722,0.5945652948,0.319382731,0,-1.278076152,4.537809927,-3.149612051
29.93,-64.88680692,0.05381599332,0.5945624426,0.3193828018,0,-1.277564865,4.537401878,-3.149942077
29.94,-64.88790473,0.05380874229,0.594559639,0.3193828416,0,-1.277054708,4.536992917,-3.15027142
29.95,-64.88900025,0.05380150424,0.5945568839,0.3193828505,0,-1.276545688,4.536583056,-3.150600076
29.96,-64.89009347,0.05379427925,0.5945541772,0.3193828285,0,-1.27603781,4.536172307,-3.150928042
29.97,-64.89118438,0.05378706744,0.5945515186,0.3193827759,0,-1.275531078,4.535760683,-3.151255314
29.98,-64.89227296,0.05377986889,0.5945489081,0.3193826928,0,-1.2750255,4.535348197,-3.151581887
29.99,-64.89335919,0.05377268371,0.5945463455,0.3193825792,0,-1.274521081,4.534934861,-3.151907757
30,-64.89444307,0.05376551198,0.5945438306,0.3193824353,0,-1.274017825,4.534520687,-3.152232921
30.01,-64.89552458,0.0537583538,0.5945413633,0.3193822612,0,-1.273515739,4.534105687,-3.152557375
30.02,-64.89660372,0.05375120926,0.5945389434,0.3193820571,0,-1.273014827,4.533689874,-3.152881116
30.03,-64.89768046,0.05374407846,0.5945365707,0.3193818231,0,-1.272515095,4.533273259,-3.153204138
30.04,-64.89875479,0.05373696149,0.5945342452,0.3193815592,0,-1.272016548,4.532855856,-3.153526438
30.05,-64.89982671,0.05372985843,0.5945319666,0.3193812656,0,-1.27151919,4.532437675,-3.153848014
30.06,-64.9008962,0.05372276938,0.5945297348,0.3193809425,0,-1.271023028,4.53201873,-3.15416886
30.07,-64.90196325,0.05371569444,0.5945275496,0.3193805899,0,-1.270528067,4.531599033,-3.154488974
30.08,-64.90302784,0.05370863368,0.5945254109,0.3193802081,0,-1.27003431,4.531178594,-3.154808351
30.09,-64.90408996,0.0537015872,0.5945233185,0.319379797,0,-1.269541764,4.530757427,-3.155126988
30.1,-64.90514961,0.05369455508,0.5945212723,0.3193793569,0,-1.269050432,4.530335543,-3.155444882
30.11,-64.90620676,0.05368753741,0.5945192721,0.3193788878,0,-1.26856032,4.529912954,-3.155762028
30.12,-64.90726141,0.05368053427,0.5945173177,0.3193783899,0,-1.268071433,4.529489673,-3.156078424
30.13,-64.90831355,0.05367354576,0.594515409,0.3193778633,0,-1.267583775,4.52906571,-3.156394066
30.14,-64.90936317,0.05366657196,0.5945135458,0.3193773081,0,-1.26709735,4.528641078,-3.15670895
30.15,-64.91041024,0.05365961294,0.5945117279,0.3193767245,0,-1.266612164,4.528215789,-3.157023073
30.16,-64.91145477,0.0536526688,0.5945099553,0.3193761126,0,-1.266128221,4.527789853,-3.157336432
30.17,-64.91249675,0.05364573961,0.5945082277,0.3193754724,0,-1.265645526,4.527363284,-3.157649024
30.18,-64.91353615,0.05363882546,0.594506545,0.3193748042,0,-1.265164082,4.526936092,-3.157960844
30.19,-64.91457296,0.05363192643,0.5945049071,0.3193741081,0,-1.264683894,4.526508289,-3.158271889
30.2,-64.91560719,0.0536250426,0.5945033137,0.3193733841,0,-1.264204967,4.526079887,-3.158582158
30.21,-64.91663882,0.05361817405,0.5945017646,0.3193726324,0,-1.263727305,4.525650896,-3.158891645
30.22,-64.91766783,0.05361132085,0.5945002599,0.3193718532,0,-1.263250912,4.52522133,-3.159200348
30.23,-64.91869421,0.05360448309,0.5944987992,0.3193710465,0,-1.262775792,4.524791199,-3.159508264
30.24,-64.91971797,0.05359766084,0.5944973824,0.3193702125,0,-1.262301949,4.524360514,-3.15981539
30.25,-64.92073907,0.05359085418,0.5944960093,0.3193693513,0,-1.261829388,4.523929287,-3.160121722
30.26,-64.92175753,0.05358406319,0.5944946799,0.319368463,0,-1.261358112,4.52349753,-3.160427258
30.27,-64.92277331,0.05357728793,0.5944933939,0.3193675478,0,-1.260888126,4.523065253,-3.160731994
30.28,-64.92378643,0.05357052849,0.5944921511,0.3193666057,0,-1.260419432,4.522632468,-3.161035928
30.29,-64.92479685,0.05356378494,0.5944909514,0.319365637,0,-1.259952036,4.522199186,-3.161339056
30.3,-64.92580458,0.05355705736,0.5944897947,0.3193646417,0,-1.259485941,4.521765418,-3.161641375
30.31,-64.92680961,0.05355034581,0.5944886808,0.3193636199,0,-1.25902115,4.521331175,-3.161942884
30.32,-64.92781192,0.05354365036,0.5944876095,0.3193625718,0,-1.258557668,4.520896468,-3.162243577
30.33,-64.92881151,0.05353697109,0.5944865806,0.3193614975,0,-1.258095498,4.52046131,-3.162543454
30.34,-64.92980837,0.05353030808,0.594485594,0.3193603972,0,-1.257634643,4.520025709,-3.162842511
30.35,-64.93080248,0.05352366138,0.5944846495,0.3193592709,0,-1.257175108,4.519589678,-3.163140744
30.36,-64.93179384,0.05351703106,0.594483747,0.3193581188,0,-1.256716895,4.519153227,-3.163438153
30.37,-64.93278244,0.0535104172,0.5944828862,0.319356941,0,-1.256260009,4.518716368,-3.163734733
30.38,-64.93376827,0.05350381987,0.5944820671,0.3193557377,0,-1.255804452,4.51827911,-3.164030481
30.39,-64.93475132,0.05349723912,0.5944812895,0.3193545089,0,-1.255350228,4.517841466,-3.164325397
30.4,-64.93573159,0.05349067503,0.5944805531,0.3193532547,0,-1.25489734,4.517403445,-3.164619476
30.41,-64.93670905,0.05348412767,0.5944798579,0.3193519754,0,-1.254445792,4.516965058,-3.164912716
30.42,-64.93768371,0.05347759708,0.5944792037,0.3193506711,0,-1.253995586,4.516526317,-3.165205114
30.43,-64.93865556,0.05347108335,0.5944785902,0.3193493418,0,-1.253546726,4.516087231,-3.165496668
30.44,-64.93962459,0.05346458654,0.5944780174,0.3193479876,0,-1.253099216,4.515647811,-3.165787376
30.45,-64.94059078,0.0534581067,0.5944774851,0.3193466088,0,-1.252653057,4.515208068,-3.166077235
30.46,-64.94155414,0.0534516439,0.5944769931,0.3193452055,0,-1.252208254,4.514768013,-3.166366242
30.47,-64.94251465,0.0534451982,0.5944765412,0.3193437777,0,-1.251764808,4.514327655,-3.166654395
30.48,-64.94347231,0.05343876967,0.5944761292,0.3193423256,0,-1.251322724,4.513887006,-3.166941692
30.49,-64.9444271,0.05343235835,0.5944757571,0.3193408493,0,-1.250882003,4.513446075,-3.16722813
30.5,-64.94537902,0.05342596432,0.5944754246,0.3193393489,0,-1.250442649,4.513004873,-3.167513707
30.51,-64.94632807,0.05341958763,0.5944751316,0.3193378246,0,-1.250004665,4.512563411,-3.16779842
30.52,-64.94727423,0.05341322834,0.5944748779,0.3193362765,0,-1.249568053,4.512121698,-3.168082268
30.53,-64.94821749,0.0534068865,0.5944746634,0.3193347047,0,-1.249132816,4.511679744,-3.168365248
30.54,-64.94915786,0.05340056218,0.5944744878,0.3193331094,0,-1.248698956,4.511237561,-3.168647357
30.55,-64.95009532,0.05339425542,0.594474351,0.3193314907,0,-1.248266477,4.510795158,-3.168928595
30.56,-64.95102986,0.05338796629,0.5944742529,0.3193298486,0,-1.24783538,4.510352545,-3.169208957
30.57,-64.95196148,0.05338169484,0.5944741933,0.3193281833,0,-1.247405669,4.509909732,-3.169488443
30.58,-64.95289017,0.05337544112,0.5944741719,0.319326495,0,-1.246977345,4.50946673,-3.16976705
30.59,-64.95381592,0.05336920519,0.5944741887,0.3193247838,0,-1.246550412,4.509023547,-3.170044777
30.6,-64.95473873,0.0533629871,0.5944742435,0.3193230498,0,-1.246124871,4.508580195,-3.17032162
30.61,-64.95565859,0.0533567869,0.5944743361,0.319321293,0,-1.245700725,4.508136683,-3.170597578
30.62,-64.9565755,0.05335060465,0.5944744663,0.3193195138,0,-1.245277976,4.507693021,-3.170872649
30.63,-64.95748944,0.05334444039,0.5944746339,0.3193177121,0,-1.244856626,4.507249218,-3.171146832
30.64,-64.95840041,0.05333829418,0.5944748389,0.3193158881,0,-1.244436679,4.506805285,-3.171420123
30.65,-64.95930841,0.05333216606,0.5944750811,0.3193140419,0,-1.244018134,4.506361231,-3.171692522
30.66,-64.96021342,0.05332605608,0.5944753602,0.3193121736,0,-1.243600996,4.505917065,-3.171964026
30.67,-64.96111545,0.0533199643,0.5944756761,0.3193102835,0,-1.243185266,4.505472799,-3.172234634
30.68,-64.96201448,0.05331389076,0.5944760286,0.3193083715,0,-1.242770946,4.50502844,-3.172504343
30.69,-64.96291051,0.0533078355,0.5944764176,0.3193064379,0,-1.242358038,4.504583998,-3.172773152
30.7,-64.96380353,0.05330179858,0.5944768429,0.3193044827,0,-1.241946544,4.504139484,-3.173041059
30.71,-64.96469354,0.05329578004,0.5944773043,0.319302506,0,-1.241536465,4.503694906,-3.173308063
30.72,-64.96558054,0.05328977992,0.5944778017,0.3193005081,0,-1.241127805,4.503250274,-3.173574161
30.73,-64.96646451,0.05328379827,0.5944783349,0.319298489,0,-1.240720563,4.502805598,-3.173839352
30.74,-64.96734545,0.05327783514,0.5944789037,0.3192964488,0,-1.240314744,4.502360886,-3.174103634
30.75,-64.96822336,0.05327189056,0.594479508,0.3192943877,0,-1.239910347,4.501916147,-3.174367007
30.76,-64.96909822,0.05326596458,0.5944801475,0.3192923058,0,-1.239507375,4.501471392,-3.174629467
30.77,-64.96997004,0.05326005725,0.5944808222,0.3192902032,0,-1.239105829,4.50102663,-3.174891013
30.78,-64.97083882,0.0532541686,0.5944815319,0.31928808,0,-1.238705711,4.500581869,-3.175151645
30.79,-64.97170453,0.05324829867,0.5944822763,0.3192859364,0,-1.238307023,4.500137118,-3.17541136
30.8,-64.97256719,0.0532424475,0.5944830554,0.3192837725,0,-1.237909766,4.499692387,-3.175670157
30.81,-64.97342678,0.05323661514,0.5944838689,0.3192815884,0,-1.237513942,4.499247685,-3.175928034
30.82,-64.9742833,0.05323080162,0.5944847167,0.3192793842,0,-1.237119551,4.49880302,-3.176184991
30.83,-64.97513675,0.05322500699,0.5944855986,0.3192771601,0,-1.236726596,4.498358402,-3.176441025
30.84,-64.97598712,0.05321923127,0.5944865145,0.3192749162,0,-1.236335078,4.49791384,-3.176696135
30.85,-64.9768344,0.05321347451,0.5944874642,0.3192726526,0,-1.235944998,4.497469342,-3.17695032
30.86,-64.9776786,0.05320773675,0.5944884475,0.3192703694,0,-1.235556358,4.497024917,-3.177203579
30.87,-64.9785197,0.05320201801,0.5944894642,0.3192680668,0,-1.235169158,4.496580574,-3.177455909
30.88,-64.9793577,0.05319631834,0.5944905142,0.3192657448,0,-1.2347834,4.496136322,-3.177707311
30.89,-64.98019261,0.05319063777,0.5944915973,0.3192634036,0,-1.234399086,4.495692169,-3.177957783
30.9,-64.98102441,0.05318497633,0.5944927134,0.3192610434,0,-1.234016215,4.495248124,-3.178207323
30.91,-64.9818531,0.05317933406,0.5944938622,0.3192586642,0,-1.23363479,4.494804196,-3.17845593
30.92,-64.98267868,0.05317371099,0.5944950437,0.3192562661,0,-1.233254811,4.494360392,-3.178703603
30.93,-64.98350114,0.05316810715,0.5944962576,0.3192538494,0,-1.23287628,4.493916723,-3.178950341
30.94,-64.98432048,0.05316252258,0.5944975038,0.319251414,0,-1.232499197,4.493473195,-3.179196143
30.95,-64.98513669,0.05315695731,0.594498782,0.3192489602,0,-1.232123564,4.493029818,-3.179441008
30.96,-64.98594978,0.05315141136,0.5945000923,0.3192464881,0,-1.231749381,4.4925866,-3.179684934
30.97,-64.98675974,0.05314588477,0.5945014343,0.3192439977,0,-1.231376649,4.49214355,-3.179927921
30.98,-64.98756656,0.05314037757,0.5945028079,0.3192414892,0,-1.231005369,4.491700674,-3.180169968
30.99,-64.98837024,0.05313488979,0.5945042129,0.3192389628,0,-1.230635541,4.491257983,-3.180411073
31,-64.98917079,0.05312942145,0.5945056493,0.3192364184,0,-1.230267168,4.490815484,-3.180651236
31.01,-64.98996818,0.05312397258,0.5945071167,0.3192338564,0,-1.229900248,4.490373184,-3.180890455
31.02,-64.99076243,0.05311854321,0.5945086151,0.3192312767,0,-1.229534784,4.489931093,-3.18112873
31.03,-64.99155353,0.05311313337,0.5945101442,0.3192286795,0,-1.229170775,4.489489219,-3.18136606
31.04,-64.99234148,0.05310774308,0.594511704,0.319226065,0,-1.228808223,4.489047568,-3.181602444
31.05,-64.99312627,0.05310237237,0.5945132942,0.3192234332,0,-1.228447128,4.488606151,-3.181837882
31.06,-64.9939079,0.05309702127,0.5945149147,0.3192207842,0,-1.228087489,4.488164973,-3.182072371
31.07,-64.99468637,0.05309168979,0.5945165652,0.3192181183,0,-1.227729309,4.487724044,-3.182305912
31.08,-64.99546168,0.05308637797,0.5945182458,0.3192154355,0,-1.227372588,4.487283371,-3.182538504
31.09,-64.99623382,0.05308108582,0.5945199561,0.3192127358,0,-1.227017325,4.486842961,-3.182770145
31.1,-64.99700279,0.05307581337,0.594521696,0.3192100196,0,-1.226663521,4.486402824,-3.183000836
31.11,-64.99776859,0.05307056065,0.5945234653,0.3192072868,0,-1.226311178,4.485962966,-3.183230576
31.12,-64.99853121,0.05306532766,0.594525264,0.3192045376,0,-1.225960294,4.485523395,-3.183459363
31.13,-64.99929066,0.05306011444,0.5945270917,0.3192017721,0,-1.22561087,4.485084119,-3.183687198
31.14,-65.00004693,0.05305492101,0.5945289484,0.3191989904,0,-1.225262907,4.484645145,-3.18391408
31.15,-65.00080002,0.05304974738,0.5945308339,0.3191961927,0,-1.224916405,4.484206481,-3.184140007
31.16,-65.00154993,0.05304459357,0.594532748,0.319193379,0,-1.224571365,4.483768135,-3.18436498
31.17,-65.00229666,0.05303945961,0.5945346906,0.3191905495,0,-1.224227785,4.483330113,-3.184588997
31.18,-65.0030402,0.05303434552,0.5945366614,0.3191877043,0,-1.223885667,4.482892425,-3.18481206
31.19,-65.00378055,0.0530292513,0.5945386604,0.3191848436,0,-1.22354501,4.482455075,-3.185034165
31.2,-65.00451772,0.05302417699,0.5945406873,0.3191819673,0,-1.223205815,4.482018073,-3.185255315
31.21,-65.00525169,0.05301912258,0.594542742,0.3191790758,0,-1.222868081,4.481581426,-3.185475507
31.22,-65.00598247,0.05301408812,0.5945448243,0.319176169,0,-1.22253181,4.48114514,-3.185694742
31.23,-65.00671006,0.0530090736,0.5945469341,0.3191732471,0,-1.222197,4.480709223,-3.185913018
31.24,-65.00743446,0.05300407904,0.5945490712,0.3191703102,0,-1.221863651,4.480273682,-3.186130337
31.25,-65.00815565,0.05299910446,0.5945512355,0.3191673584,0,-1.221531764,4.479838525,-3.186346696
31.26,-65.00887366,0.05299414988,0.5945534267,0.3191643919,0,-1.221201339,4.479403758,-3.186562097
31.27,-65.00958846,0.0529892153,0.5945556447,0.3191614107,0,-1.220872375,4.478969388,-3.186776538
31.28,-65.01030007,0.05298430074,0.5945578894,0.319158415,0,-1.220544872,4.478535423,-3.18699002
31.29,-65.01100847,0.05297940622,0.5945601606,0.3191554049,0,-1.220218829,4.478101869,-3.187202541
31.3,-65.01171368,0.05297453174,0.594562458,0.3191523806,0,-1.219894248,4.477668733,-3.187414103
31.31,-65.01241568,0.05296967732,0.5945647817,0.319149342,0,-1.219571127,4.477236023,-3.187624704
31.32,-65.01311448,0.05296484297,0.5945671313,0.3191462894,0,-1.219249466,4.476803744,-3.187834344
31.33,-65.01381008,0.0529600287,0.5945695067,0.3191432228,0,-1.218929265,4.476371905,-3.188043023
31.34,-65.01450247,0.05295523452,0.5945719079,0.3191401425,0,-1.218610524,4.475940511,-3.188250741
31.35,-65.01519166,0.05295046045,0.5945743345,0.3191370484,0,-1.218293242,4.47550957,-3.188457499
31.36,-65.01587765,0.05294570648,0.5945767865,0.3191339407,0,-1.217977418,4.475079087,-3.188663294
31.37,-65.01656043,0.05294097263,0.5945792636,0.3191308195,0,-1.217663053,4.474649071,-3.188868129
31.38,-65.01724001,0.05293625892,0.5945817658,0.319127685,0,-1.217350145,4.474219526,-3.189072002
31.39,-65.01791638,0.05293156533,0.5945842928,0.3191245372,0,-1.217038695,4.473790461,-3.189274913
31.4,-65.01858954,0.05292689189,0.5945868446,0.3191213763,0,-1.216728701,4.47336188,-3.189476863
31.41,-65.0192595,0.05292223861,0.5945894208,0.3191182024,0,-1.216420164,4.472933792,-3.189677851
31.42,-65.01992626,0.05291760548,0.5945920215,0.3191150155,0,-1.216113083,4.472506202,-3.189877877
31.43,-65.02058981,0.05291299251,0.5945946463,0.3191118159,0,-1.215807456,4.472079116,-3.190076942
31.44,-65.02125015,0.05290839971,0.5945972952,0.3191086036,0,-1.215503284,4.471652541,-3.190275046
31.45,-65.02190729,0.05290382709,0.594599968,0.3191053787,0,-1.215200566,4.471226484,-3.190472188
31.46,-65.02256123,0.05289927464,0.5946026646,0.3191021414,0,-1.214899301,4.47080095,-3.190668368
31.47,-65.02321196,0.05289474238,0.5946053847,0.3190988917,0,-1.214599488,4.470375946,-3.190863587
31.48,-65.02385948,0.05289023031,0.5946081282,0.3190956298,0,-1.214301127,4.469951478,-3.191057845
31.49,-65.02450381,0.05288573843,0.594610895,0.3190923557,0,-1.214004216,4.469527552,-3.191251143
31.5,-65.02514493,0.05288126674,0.5946136849,0.3190890697,0,-1.213708756,4.469104174,-3.191443479
31.51,-65.02578285,0.05287681525,0.5946164977,0.3190857718,0,-1.213414745,4.46868135,-3.191634854
31.52,-65.02641756,0.05287238396,0.5946193333,0.3190824621,0,-1.213122182,4.468259087,-3.191825269
31.53,-65.02704908,0.05286797286,0.5946221915,0.3190791407,0,-1.212831067,4.46783739,-3.192014724
31.54,-65.0276774,0.05286358197,0.5946250722,0.3190758078,0,-1.212541398,4.467416265,-3.192203219
31.55,-65.02830251,0.05285921128,0.5946279752,0.3190724634,0,-1.212253175,4.466995718,-3.192390754
31.56,-65.02892443,0.05285486079,0.5946309003,0.3190691077,0,-1.211966397,4.466575755,-3.19257733
31.57,-65.02954315,0.0528505305,0.5946338474,0.3190657407,0,-1.211681062,4.466156382,-3.192762946
31.58,-65.03015868,0.05284622042,0.5946368163,0.3190623627,0,-1.211397171,4.465737604,-3.192947604
31.59,-65.03077101,0.05284193053,0.5946398069,0.3190589736,0,-1.211114721,4.465319428,-3.193131303
31.6,-65.03138015,0.05283766084,0.5946428191,0.3190555737,0,-1.210833711,4.464901858,-3.193314045
31.61,-65.03198609,0.05283341135,0.5946458525,0.3190521629,0,-1.210554142,4.464484901,-3.193495828
31.62,-65.03258885,0.05282918205,0.5946489072,0.3190487415,0,-1.21027601,4.464068563,-3.193676654
31.63,-65.03318841,0.05282497295,0.594651983,0.3190453095,0,-1.209999316,4.463652848,-3.193856524
31.64,-65.03378479,0.05282078403,0.5946550796,0.3190418671,0,-1.209724059,4.463237763,-3.194035437
31.65,-65.03437798,0.0528166153,0.594658197,0.3190384143,0,-1.209450236,4.462823312,-3.194213393
31.66,-65.03496798,0.05281246675,0.5946613349,0.3190349513,0,-1.209177847,4.462409502,-3.194390395
31.67,-65.0355548,0.05280833837,0.5946644933,0.3190314781,0,-1.208906891,4.461996338,-3.194566441
31.68,-65.03613844,0.05280423017,0.5946676719,0.3190279949,0,-1.208637366,4.461583824,-3.194741533
31.69,-65.0367189,0.05280014213,0.5946708706,0.3190245018,0,-1.208369271,4.461171967,-3.194915671
31.7,-65.03729618,0.05279607425,0.5946740893,0.3190209989,0,-1.208102605,4.460760772,-3.195088855
31.71,-65.03787029,0.05279202653,0.5946773279,0.3190174862,0,-1.207837367,4.460350244,-3.195261087
31.72,-65.03844122,0.05278799895,0.594680586,0.319013964,0,-1.207573554,4.459940388,-3.195432366
31.73,-65.03900898,0.05278399152,0.5946838637,0.3190104323,0,-1.207311167,4.459531209,-3.195602694
31.74,-65.03957357,0.05278000422,0.5946871607,0.3190068912,0,-1.207050202,4.459122713,-3.195772071
31.75,-65.04013499,0.05277603704,0.5946904769,0.3190033408,0,-1.20679066,4.458714905,-3.195940497
31.76,-65.04069324,0.05277208999,0.5946938122,0.3189997813,0,-1.206532539,4.45830779,-3.196107973
31.77,-65.04124834,0.05276816304,0.5946971663,0.3189962127,0,-1.206275836,4.457901372,-3.196274501
31.78,-65.04180027,0.05276425619,0.5947005392,0.3189926351,0,-1.206020552,4.457495657,-3.19644008
31.79,-65.04234904,0.05276036944,0.5947039306,0.3189890487,0,-1.205766683,4.457090649,-3.196604711
31.8,-65.04289465,0.05275650276,0.5947073405,0.3189854535,0,-1.205514229,4.456686354,-3.196768396
31.81,-65.04343711,0.05275265616,0.5947107687,0.3189818497,0,-1.205263188,4.456282777,-3.196931134
31.82,-65.04397642,0.05274882962,0.5947142149,0.3189782373,0,-1.205013559,4.455879922,-3.197092927
31.83,-65.04451258,0.05274502313,0.5947176792,0.3189746165,0,-1.20476534,4.455477794,-3.197253775
31.84,-65.0450456,0.05274123668,0.5947211613,0.3189709874,0,-1.204518529,4.455076398,-3.197413679
31.85,-65.04557547,0.05273747025,0.5947246611,0.31896735,0,-1.204273125,4.454675739,-3.19757264
31.86,-65.0461022,0.05273372384,0.5947281784,0.3189637045,0,-1.204029126,4.454275821,-3.197730659
31.87,-65.04662579,0.05272999744,0.5947317131,0.318960051,0,-1.203786531,4.453876649,-3.197887737
31.88,-65.04714625,0.05272629102,0.594735265,0.3189563896,0,-1.203545337,4.453478227,-3.198043874
31.89,-65.04766357,0.05272260459,0.594738834,0.3189527203,0,-1.203305543,4.45308056,-3.198199071
31.9,-65.04817777,0.05271893811,0.5947424199,0.3189490433,0,-1.203067148,4.452683653,-3.19835333
31.91,-65.04868883,0.05271529159,0.5947460226,0.3189453587,0,-1.20283015,4.452287511,-3.19850665
31.92,-65.04919678,0.05271166501,0.594749642,0.3189416666,0,-1.202594546,4.451892136,-3.198659034
31.93,-65.04970161,0.05270805835,0.5947532778,0.3189379671,0,-1.202360335,4.451497535,-3.198810482
31.94,-65.05020332,0.05270447159,0.59475693,0.3189342603,0,-1.202127516,4.451103711,-3.198960995
31.95,-65.05070191,0.05270090473,0.5947605983,0.3189305462,0,-1.201896086,4.450710669,-3.199110574
31.96,-65.0511974,0.05269735774,0.5947642828,0.3189268251,0,-1.201666044,4.450318413,-3.199259219
31.97,-65.05168978,0.05269383062,0.5947679831,0.3189230969,0,-1.201437388,4.449926948,-3.199406933
31.98,-65.05217905,0.05269032333,0.5947716991,0.3189193618,0,-1.201210116,4.449536277,-3.199553715
31.99,-65.05266523,0.05268683588,0.5947754308,0.3189156199,0,-1.200984225,4.449146404,-3.199699568
32,-65.0531483,0.05268336824,0.5947791779,0.3189118713,0,-1.200759715,4.448757335,-3.199844491
32.01,-65.05362829,0.05267992039,0.5947829404,0.3189081161,0,-1.200536583,4.448369072,-3.199988487
32.02,-65.05410519,0.05267649232,0.594786718,0.3189043544,0,-1.200314827,4.447981621,-3.200131556
32.03,-65.054579,0.05267308401,0.5947905107,0.3189005862,0,-1.200094446,4.447594985,-3.200273699
32.04,-65.05504972,0.05266969543,0.5947943182,0.3188968118,0,-1.199875437,4.447209168,-3.200414917
32.05,-65.05551737,0.05266632658,0.5947981405,0.3188930311,0,-1.199657798,4.446824174,-3.200555212
32.06,-65.05598195,0.05266297743,0.5948019774,0.3188892443,0,-1.199441528,4.446440008,-3.200694584
32.07,-65.05644345,0.05265964797,0.5948058287,0.3188854515,0,-1.199226623,4.446056672,-3.200833036
32.08,-65.05690189,0.05265633817,0.5948096943,0.3188816527,0,-1.199013083,4.445674172,-3.200970567
32.09,-65.05735726,0.05265304801,0.5948135741,0.3188778481,0,-1.198800906,4.44529251,-3.201107179
32.1,-65.05780958,0.05264977748,0.594817468,0.3188740378,0,-1.198590088,4.444911691,-3.201242874
32.11,-65.05825884,0.05264652655,0.5948213757,0.3188702218,0,-1.198380628,4.444531718,-3.201377652
32.12,-65.05870505,0.0526432952,0.5948252971,0.3188664003,0,-1.198172524,4.444152595,-3.201511515
32.13,-65.05914821,0.05264008341,0.5948292322,0.3188625734,0,-1.197965774,4.443774326,-3.201644464
32.14,-65.05958833,0.05263689117,0.5948331807,0.3188587411,0,-1.197760375,4.443396914,-3.2017765
32.15,-65.06002541,0.05263371844,0.5948371425,0.3188549035,0,-1.197556326,4.443020364,-3.201907624
32.16,-65.06045946,0.05263056521,0.5948411175,0.3188510608,0,-1.197353624,4.442644678,-3.202037839
32.17,-65.06089048,0.05262743145,0.5948451056,0.318847213,0,-1.197152267,4.44226986,-3.202167144
32.18,-65.06131847,0.05262431715,0.5948491065,0.3188433602,0,-1.196952252,4.441895914,-3.202295542
32.19,-65.06174344,0.05262122227,0.5948531203,0.3188395026,0,-1.196753579,4.441522843,-3.202423033
32.2,-65.0621654,0.0526181468,0.5948571466,0.3188356401,0,-1.196556244,4.441150651,-3.20254962
32.21,-65.06258434,0.05261509071,0.5948611854,0.318831773,0,-1.196360244,4.440779341,-3.202675302
32.22,-65.06300028,0.05261205397,0.5948652366,0.3188279013,0,-1.196165579,4.440408916,-3.202800083
32.23,-65.06341321,0.05260903657,0.5948692999,0.318824025,0,-1.195972245,4.440039381,-3.202923962
32.24,-65.06382314,0.05260603848,0.5948733754,0.3188201444,0,-1.19578024,4.439670737,-3.203046942
32.25,-65.06423008,0.05260305967,0.5948774627,0.3188162594,0,-1.195589562,4.439302989,-3.203169024
32.26,-65.06463403,0.05260010013,0.5948815619,0.3188123702,0,-1.195400209,4.438936139,-3.203290209
32.27,-65.065035,0.05259715981,0.5948856727,0.3188084768,0,-1.195212178,4.438570192,-3.203410499
32.28,-65.06543298,0.05259423871,0.5948897951,0.3188045794,0,-1.195025467,4.438205149,-3.203529895
32.29,-65.06582799,0.05259133679,0.5948939288,0.3188006781,0,-1.194840073,4.437841015,-3.203648398
32.3,-65.06622004,0.05258845402,0.5948980738,0.3187967729,0,-1.194655995,4.437477792,-3.203766011
32.31,-65.06660911,0.05258559038,0.5949022299,0.3187928639,0,-1.194473229,4.437115483,-3.203882733
32.32,-65.06699523,0.05258274585,0.594906397,0.3187889512,0,-1.194291773,4.436754092,-3.203998568
32.33,-65.06737839,0.05257992039,0.594910575,0.3187850349,0,-1.194111625,4.436393621,-3.204113516
32.34,-65.0677586,0.05257711399,0.5949147636,0.3187811151,0,-1.193932782,4.436034074,-3.20422758
32.35,-65.06813586,0.0525743266,0.5949189629,0.3187771918,0,-1.193755243,4.435675453,-3.204340759
32.36,-65.06851019,0.05257155821,0.5949231726,0.3187732653,0,-1.193579003,4.435317762,-3.204453057
32.37,-65.06888158,0.05256880879,0.5949273926,0.3187693355,0,-1.193404062,4.434961003,-3.204564474
32.38,-65.06925004,0.0525660783,0.5949316228,0.3187654025,0,-1.193230416,4.434605179,-3.204675012
32.39,-65.06961558,0.05256336672,0.5949358631,0.3187614665,0,-1.193058064,4.434250292,-3.204784673
32.4,-65.06997819,0.05256067402,0.5949401132,0.3187575275,0,-1.192887001,4.433896347,-3.204893458
32.41,-65.0703379,0.05255800017,0.5949443732,0.3187535856,0,-1.192717227,4.433543344,-3.205001369
32.42,-65.07069469,0.05255534515,0.5949486428,0.3187496409,0,-1.192548737,4.433191288,-3.205108407
32.43,-65.07104858,0.05255270892,0.594952922,0.3187456935,0,-1.192381531,4.432840181,-3.205214574
32.44,-65.07139957,0.05255009145,0.5949572105,0.3187417434,0,-1.192215605,4.432490025,-3.205319872
32.45,-65.07174767,0.05254749271,0.5949615083,0.3187377908,0,-1.192050956,4.432140824,-3.205424302
32.46,-65.07209289,0.05254491267,0.5949658153,0.3187338357,0,-1.191887582,4.431792579,-3.205527866
32.47,-65.07243522,0.05254235131,0.5949701313,0.3187298783,0,-1.191725481,4.431445293,-3.205630565
32.48,-65.07277467,0.05253980859,0.5949744561,0.3187259185,0,-1.19156465,4.43109897,-3.205732402
32.49,-65.07311126,0.05253728448,0.5949787897,0.3187219566,0,-1.191405086,4.43075361,-3.205833378
32.5,-65.07344498,0.05253477894,0.594983132,0.3187179925,0,-1.191246786,4.430409217,-3.205933493
32.51,-65.07377584,0.05253229196,0.5949874827,0.3187140264,0,-1.191089748,4.430065794,-3.206032752
32.52,-65.07410385,0.05252982349,0.5949918418,0.3187100583,0,-1.190933969,4.429723342,-3.206131154
32.53,-65.07442901,0.0525273735,0.5949962092,0.3187060884,0,-1.190779447,4.429381864,-3.206228702
32.54,-65.07475132,0.05252494196,0.5950005846,0.3187021166,0,-1.190626178,4.429041363,-3.206325397
32.55,-65.0750708,0.05252252885,0.5950049681,0.3186981432,0,-1.190474161,4.42870184,-3.206421241
32.56,-65.07538745,0.05252013411,0.5950093594,0.3186941681,0,-1.190323392,4.428363298,-3.206516236
32.57,-65.07570128,0.05251775774,0.5950137585,0.3186901915,0,-1.190173869,4.42802574,-3.206610383
32.58,-65.07601228,0.05251539968,0.5950181652,0.3186862134,0,-1.190025588,4.427689166,-3.206703685
32.59,-65.07632048,0.05251305991,0.5950225794,0.318682234,0,-1.189878548,4.427353581,-3.206796143
32.6,-65.07662586,0.0525107384,0.595027001,0.3186782532,0,-1.189732745,4.427018985,-3.206887759
32.61,-65.07692845,0.0525084351,0.5950314298,0.3186742713,0,-1.189588177,4.426685381,-3.206978535
32.62,-65.07722824,0.05250614999,0.5950358657,0.3186702882,0,-1.189444841,4.426352771,-3.207068472
32.63,-65.07752524,0.05250388303,0.5950403086,0.318666304,0,-1.189302734,4.426021158,-3.207157572
32.64,-65.07781946,0.05250163419,0.5950447585,0.3186623189,0,-1.189161853,4.425690542,-3.207245838
32.65,-65.0781109,0.05249940343,0.595049215,0.3186583328,0,-1.189022196,4.425360927,-3.20733327
32.66,-65.07839957,0.05249719072,0.5950536782,0.318654346,0,-1.188883759,4.425032313,-3.207419871
32.67,-65.07868548,0.05249499602,0.595058148,0.3186503584,0,-1.188746541,4.424704704,-3.207505643
32.68,-65.07896862,0.0524928193,0.5950626241,0.3186463701,0,-1.188610537,4.424378101,-3.207590587
32.69,-65.07924902,0.05249066052,0.5950671065,0.3186423813,0,-1.188475745,4.424052506,-3.207674705
32.7,-65.07952667,0.05248851965,0.595071595,0.3186383919,0,-1.188342163,4.42372792,-3.207758
32.71,-65.07980157,0.05248639665,0.5950760896,0.3186344022,0,-1.188209788,4.423404347,-3.207840472
32.72,-65.08007375,0.05248429149,0.5950805901,0.318630412,0,-1.188078616,4.423081786,-3.207922125
32.73,-65.0803432,0.05248220412,0.5950850964,0.3186264217,0,-1.187948644,4.422760241,-3.208002959
32.74,-65.08060992,0.05248013452,0.5950896084,0.3186224311,0,-1.187819871,4.422439713,-3.208082977
32.75,-65.08087394,0.05247808264,0.5950941259,0.3186184404,0,-1.187692292,4.422120204,-3.208162181
32.76,-65.08113524,0.05247604845,0.5950986489,0.3186144496,0,-1.187565906,4.421801715,-3.208240572
32.77,-65.08139384,0.05247403191,0.5951031772,0.3186104589,0,-1.187440708,4.421484248,-3.208318153
32.78,-65.08164975,0.05247203299,0.5951077107,0.3186064683,0,-1.187316697,4.421167805,-3.208394925
32.79,-65.08190297,0.05247005165,0.5951122493,0.3186024778,0,-1.187193869,4.420852387,-3.208470891
32.8,-65.08215351,0.05246808784,0.5951167929,0.3185984877,0,-1.187072222,4.420537996,-3.208546052
32.81,-65.08240137,0.05246614154,0.5951213413,0.3185944978,0,-1.186951752,4.420224634,-3.20862041
32.82,-65.08264656,0.0524642127,0.5951258945,0.3185905084,0,-1.186832456,4.419912301,-3.208693967
32.83,-65.08288909,0.05246230129,0.5951304523,0.3185865194,0,-1.186714332,4.419601,-3.208766726
32.84,-65.08312896,0.05246040727,0.5951350146,0.318582531,0,-1.186597376,4.419290732,-3.208838688
32.85,-65.08336618,0.0524585306,0.5951395814,0.3185785433,0,-1.186481586,4.418981499,-3.208909854
32.86,-65.08360076,0.05245667124,0.5951441524,0.3185745562,0,-1.186366958,4.418673301,-3.208980229
32.87,-65.08383271,0.05245482915,0.5951487276,0.3185705699,0,-1.18625349,4.418366141,-3.209049812
32.88,-65.08406202,0.05245300429,0.5951533069,0.3185665844,0,-1.186141178,4.418060019,-3.209118606
32.89,-65.08428871,0.05245119663,0.5951578901,0.3185625999,0,-1.18603002,4.417754937,-3.209186614
32.9,-65.08451279,0.05244940613,0.5951624772,0.3185586163,0,-1.185920012,4.417450897,-3.209253837
32.91,-65.08473426,0.05244763274,0.595167068,0.3185546338,0,-1.185811152,4.417147899,-3.209320277
32.92,-65.08495312,0.05244587643,0.5951716624,0.3185506524,0,-1.185703436,4.416845945,-3.209385936
32.93,-65.08516939,0.05244413715,0.5951762603,0.3185466723,0,-1.185596862,4.416545036,-3.209450817
32.94,-65.08538307,0.05244241487,0.5951808616,0.3185426934,0,-1.185491426,4.416245173,-3.209514921
32.95,-65.08559417,0.05244070955,0.5951854662,0.3185387158,0,-1.185387125,4.415946358,-3.209578251
32.96,-65.08580269,0.05243902115,0.595190074,0.3185347396,0,-1.185283957,4.415648591,-3.209640808
32.97,-65.08600865,0.05243734962,0.5951946849,0.318530765,0,-1.185181918,4.415351874,-3.209702594
32.98,-65.08621204,0.05243569493,0.5951992987,0.3185267918,0,-1.185081004,4.415056208,-3.209763613
32.99,-65.08641288,0.05243405703,0.5952039153,0.3185228203,0,-1.184981214,4.414761593,-3.209823865
33,-65.08661117,0.05243243589,0.5952085348,0.3185188505,0,-1.184882544,4.414468032,-3.209883352
33.01,-65.08680693,0.05243083146,0.5952131568,0.3185148824,0,-1.184784991,4.414175525,-3.209942078
33.02,-65.08700015,0.0524292437,0.5952177814,0.3185109162,0,-1.184688552,4.413884072,-3.210000044
33.03,-65.08719084,0.05242767258,0.5952224084,0.3185069518,0,-1.184593223,4.413593676,-3.210057252
33.04,-65.08737901,0.05242611804,0.5952270377,0.3185029894,0,-1.184499002,4.413304337,-3.210113704
33.05,-65.08756467,0.05242458005,0.5952316693,0.318499029,0,-1.184405885,4.413016055,-3.210169402
33.06,-65.08774783,0.05242305857,0.5952363029,0.3184950708,0,-1.18431387,4.412728832,-3.210224349
33.07,-65.08792849,0.05242155356,0.5952409386,0.3184911146,0,-1.184222953,4.412442669,-3.210278547
33.08,-65.08810666,0.05242006497,0.5952455761,0.3184871607,0,-1.184133131,4.412157566,-3.210331997
33.09,-65.08828234,0.05241859276,0.5952502154,0.3184832091,0,-1.184044401,4.411873525,-3.210384702
33.1,-65.08845555,0.05241713688,0.5952548565,0.3184792598,0,-1.18395676,4.411590545,-3.210436664
33.11,-65.08862628,0.05241569731,0.5952594991,0.3184753129,0,-1.183870204,4.411308629,-3.210487885
33.12,-65.08879456,0.05241427399,0.5952641432,0.3184713685,0,-1.183784731,4.411027776,-3.210538368
33.13,-65.08896038,0.05241286688,0.5952687887,0.3184674267,0,-1.183700337,4.410747988,-3.210588114
33.14,-65.08912375,0.05241147594,0.5952734355,0.3184634874,0,-1.18361702,4.410469264,-3.210637126
33.15,-65.08928469,0.05241010112,0.5952780834,0.3184595509,0,-1.183534775,4.410191607,-3.210685406
33.16,-65.08944318,0.05240874239,0.5952827324,0.3184556171,0,-1.1834536,4.409915015,-3.210732955
33.17,-65.08959926,0.0524073997,0.5952873825,0.318451686,0,-1.183373492,4.409639491,-3.210779777
33.18,-65.08975291,0.052406073,0.5952920333,0.3184477579,0,-1.183294448,4.409365035,-3.210825873
33.19,-65.08990415,0.05240476226,0.595296685,0.3184438326,0,-1.183216464,4.409091646,-3.210871246
33.2,-65.09005299,0.05240346743,0.5953013373,0.3184399104,0,-1.183139537,4.408819327,-3.210915898
33.21,-65.09019943,0.05240218847,0.5953059903,0.3184359911,0,-1.183063663,4.408548077,-3.21095983
33.22,-65.09034349,0.05240092533,0.5953106437,0.318432075,0,-1.182988841,4.408277897,-3.211003046
33.23,-65.09048516,0.05239967797,0.5953152974,0.3184281621,0,-1.182915066,4.408008787,-3.211045547
33.24,-65.09062445,0.05239844634,0.5953199515,0.3184242524,0,-1.182842335,4.407740748,-3.211087336
33.25,-65.09076138,0.0523972304,0.5953246058,0.318420346,0,-1.182770646,4.40747378,-3.211128414
33.26,-65.09089595,0.05239603012,0.5953292601,0.3184164429,0,-1.182699994,4.407207884,-3.211168785
33.27,-65.09102816,0.05239484543,0.5953339145,0.3184125432,0,-1.182630377,4.40694306,-3.211208449
33.28,-65.09115804,0.05239367631,0.5953385687,0.318408647,0,-1.182561792,4.406679308,-3.211247411
33.29,-65.09128557,0.0523925227,0.5953432228,0.3184047544,0,-1.182494235,4.40641663,-3.211285671
33.3,-65.09141077,0.05239138456,0.5953478765,0.3184008653,0,-1.182427702,4.406155024,-3.211323232
33.31,-65.09153365,0.05239026184,0.5953525299,0.3183969799,0,-1.182362192,4.405894492,-3.211360096
33.32,-65.09165422,0.05238915451,0.5953571828,0.3183930981,0,-1.1822977,4.405635034,-3.211396266
33.33,-65.09177248,0.05238806251,0.5953618351,0.3183892202,0,-1.182234223,4.40537665,-3.211431743
33.34,-65.09188844,0.0523869858,0.5953664867,0.318385346,0,-1.182171758,4.40511934,-3.211466531
33.35,-65.0920021,0.05238592434,0.5953711376,0.3183814758,0,-1.182110302,4.404863105,-3.21150063
33.36,-65.09211348,0.05238487808,0.5953757876,0.3183776094,0,-1.182049851,4.404607944,-3.211534045
33.37,-65.09222258,0.05238384697,0.5953804367,0.3183737471,0,-1.181990403,4.404353859,-3.211566775
33.38,-65.09232942,0.05238283098,0.5953850848,0.3183698888,0,-1.181931954,4.404100848,-3.211598825
33.39,-65.09243399,0.05238183005,0.5953897317,0.3183660346,0,-1.181874501,4.403848913,-3.211630197
33.4,-65.0925363,0.05238084414,0.5953943774,0.3183621845,0,-1.18181804,4.403598053,-3.211660891
33.41,-65.09263637,0.05237987321,0.5953990218,0.3183583387,0,-1.181762568,4.403348268,-3.211690912
33.42,-65.0927342,0.0523789172,0.5954036647,0.3183544971,0,-1.181708082,4.403099559,-3.211720261
33.43,-65.0928298,0.05237797608,0.5954083062,0.3183506599,0,-1.181654579,4.402851926,-3.21174894
33.44,-65.09292317,0.05237704979,0.5954129461,0.318346827,0,-1.181602055,4.402605368,-3.211776952
33.45,-65.09301433,0.05237613829,0.5954175844,0.3183429986,0,-1.181550507,4.402359885,-3.211804299
33.46,-65.09310328,0.05237524154,0.5954222208,0.3183391746,0,-1.181499932,4.402115479,-3.211830983
33.47,-65.09319002,0.05237435949,0.5954268555,0.3183353552,0,-1.181450327,4.401872148,-3.211857007
33.48,-65.09327458,0.0523734921,0.5954314882,0.3183315404,0,-1.181401688,4.401629892,-3.211882373
33.49,-65.09335694,0.05237263931,0.5954361189,0.3183277302,0,-1.181354012,4.401388712,-3.211907083
33.5,-65.09343713,0.05237180108,0.5954407474,0.3183239247,0,-1.181307295,4.401148607,-3.211931139
33.51,-65.09351515,0.05237097736,0.5954453738,0.318320124,0,-1.181261535,4.400909578,-3.211954545
33.52,-65.093591,0.05237016812,0.5954499979,0.318316328,0,-1.181216728,4.400671623,-3.211977301
33.53,-65.0936647,0.05236937329,0.5954546196,0.3183125369,0,-1.181172871,4.400434744,-3.211999411
33.54,-65.09373626,0.05236859284,0.5954592389,0.3183087508,0,-1.181129961,4.40019894,-3.212020877
33.55,-65.09380567,0.05236782672,0.5954638556,0.3183049695,0,-1.181087993,4.39996421,-3.212041701
33.56,-65.09387295,0.05236707488,0.5954684698,0.3183011933,0,-1.181046966,4.399730554,-3.212061885
33.57,-65.09393811,0.05236633727,0.5954730812,0.3182974221,0,-1.181006875,4.399497973,-3.212081432
33.58,-65.09400114,0.05236561386,0.5954776898,0.3182936561,0,-1.180967717,4.399266466,-3.212100343
33.59,-65.09406208,0.05236490458,0.5954822956,0.3182898951,0,-1.180929489,4.399036032,-3.212118623
33.6,-65.09412091,0.0523642094,0.5954868984,0.3182861394,0,-1.180892188,4.398806672,-3.212136272
33.61,-65.09417764,0.05236352827,0.5954914982,0.318282389,0,-1.18085581,4.398578385,-3.212153293
33.62,-65.09423229,0.05236286113,0.5954960948,0.3182786438,0,-1.180820353,4.39835117,-3.212169688
33.63,-65.09428487,0.05236220796,0.5955006883,0.318274904,0,-1.180785812,4.398125028,-3.21218546
33.64,-65.09433537,0.05236156868,0.5955052784,0.3182711696,0,-1.180752184,4.397899958,-3.212200612
33.65,-65.09438381,0.05236094327,0.5955098653,0.3182674407,0,-1.180719467,4.39767596,-3.212215144
33.66,-65.0944302,0.05236033167,0.5955144486,0.3182637172,0,-1.180687656,4.397453034,-3.21222906
33.67,-65.09447454,0.05235973383,0.5955190285,0.3182599993,0,-1.180656749,4.397231178,-3.212242363
33.68,-65.09451685,0.05235914971,0.5955236047,0.3182562869,0,-1.180626742,4.397010392,-3.212255054
33.69,-65.09455712,0.05235857926,0.5955281773,0.3182525802,0,-1.180597631,4.396790677,-3.212267135
33.7,-65.09459537,0.05235802243,0.5955327461,0.3182488792,0,-1.180569415,4.396572031,-3.21227861
33.71,-65.0946316,0.05235747917,0.5955373111,0.3182451839,0,-1.180542088,4.396354454,-3.21228948
33.72,-65.09466583,0.05235694945,0.5955418722,0.3182414944,0,-1.180515648,4.396137945,-3.212299748
33.73,-65.09469805,0.0523564332,0.5955464293,0.3182378107,0,-1.180490092,4.395922505,-3.212309416
33.74,-65.09472829,0.05235593038,0.5955509823,0.3182341329,0,-1.180465416,4.395708132,-3.212318487
33.75,-65.09475654,0.05235544095,0.5955555311,0.3182304609,0,-1.180441616,4.395494826,-3.212326962
33.76,-65.09478282,0.05235496485,0.5955600758,0.3182267949,0,-1.180418691,4.395282586,-3.212334845
33.77,-65.09480712,0.05235450205,0.5955646161,0.318223135,0,-1.180396635,4.395071412,-3.212342137
33.78,-65.09482947,0.05235405248,0.5955691521,0.318219481,0,-1.180375446,4.394861303,-3.212348842
33.79,-65.09484987,0.05235361611,0.5955736837,0.3182158332,0,-1.180355121,4.394652259,-3.21235496
33.8,-65.09486832,0.05235319288,0.5955782107,0.3182121914,0,-1.180335656,4.394444278,-3.212360495
33.81,-65.09488483,0.05235278275,0.5955827331,0.3182085559,0,-1.180317049,4.394237361,-3.21236545
33.82,-65.09489942,0.05235238566,0.5955872508,0.3182049265,0,-1.180299294,4.394031506,-3.212369825
33.83,-65.09491208,0.05235200158,0.5955917639,0.3182013034,0,-1.18028239,4.393826713,-3.212373625
33.84,-65.09492283,0.05235163045,0.5955962721,0.3181976866,0,-1.180266333,4.393622981,-3.21237685
33.85,-65.09493168,0.05235127223,0.5956007754,0.3181940762,0,-1.180251119,4.393420309,-3.212379504
33.86,-65.09493863,0.05235092686,0.5956052737,0.3181904721,0,-1.180236745,4.393218697,-3.212381589
33.87,-65.09494369,0.05235059431,0.5956097671,0.3181868745,0,-1.180223209,4.393018144,-3.212383107
33.88,-65.09494687,0.05235027451,0.5956142553,0.3181832833,0,-1.180210506,4.392818649,-3.212384061
33.89,-65.09494818,0.05234996742,0.5956187383,0.3181796986,0,-1.180198633,4.392620211,-3.212384453
33.9,-65.09494762,0.052349673,0.5956232162,0.3181761205,0,-1.180187587,4.39242283,-3.212384285
33.91,-65.0949452,0.0523493912,0.5956276887,0.3181725489,0,-1.180177365,4.392226504,-3.212383559
33.92,-65.09494093,0.05234912196,0.5956321558,0.318168984,0,-1.180167963,4.392031233,-3.212382279
33.93,-65.09493482,0.05234886524,0.5956366174,0.3181654257,0,-1.180159378,4.391837016,-3.212380446
33.94,-65.09492688,0.05234862099,0.5956410736,0.3181618742,0,-1.180151607,4.391643852,-3.212378063
33.95,-65.09491711,0.05234838917,0.5956455242,0.3181583293,0,-1.180144646,4.39145174,-3.212375132
33.96,-65.09490552,0.05234816972,0.5956499691,0.3181547913,0,-1.180138492,4.391260679,-3.212371655
33.97,-65.09489212,0.05234796259,0.5956544083,0.3181512601,0,-1.180133141,4.391070669,-3.212367636
33.98,-65.09487692,0.05234776774,0.5956588417,0.3181477357,0,-1.180128591,4.390881708,-3.212363075
33.99,-65.09485992,0.05234758512,0.5956632692,0.3181442182,0,-1.180124837,4.390693795,-3.212357977
34,-65.09484114,0.05234741469,0.5956676908,0.3181407077,0,-1.180121878,4.39050693,-3.212352342
34.01,-65.09482058,0.05234725638,0.5956721064,0.3181372041,0,-1.180119709,4.390321111,-3.212346174
34.02,-65.09479825,0.05234711016,0.595676516,0.3181337076,0,-1.180118326,4.390136338,-3.212339474
34.03,-65.09477415,0.05234697597,0.5956809195,0.3181302181,0,-1.180117728,4.389952609,-3.212332246
34.04,-65.0947483,0.05234685377,0.5956853167,0.3181267356,0,-1.180117909,4.389769924,-3.212324491
34.05,-65.09472071,0.05234674351,0.5956897077,0.3181232603,0,-1.180118868,4.389588281,-3.212316212
34.06,-65.09469137,0.05234664513,0.5956940924,0.3181197921,0,-1.180120601,4.389407679,-3.212307411
34.07,-65.0946603,0.0523465586,0.5956984708,0.3181163311,0,-1.180123103,4.389228118,-3.212298091
34.08,-65.09462751,0.05234648386,0.5957028427,0.3181128774,0,-1.180126373,4.389049595,-3.212288253
34.09,-65.094593,0.05234642087,0.5957072081,0.3181094308,0,-1.180130407,4.388872111,-3.212277901
34.1,-65.09455679,0.05234636957,0.5957115669,0.3181059916,0,-1.180135201,4.388695664,-3.212267037
34.11,-65.09451888,0.05234632992,0.5957159191,0.3181025597,0,-1.180140753,4.388520252,-3.212255663
34.12,-65.09447927,0.05234630186,0.5957202646,0.3180991352,0,-1.180147058,4.388345875,-3.212243781
34.13,-65.09443798,0.05234628536,0.5957246033,0.318095718,0,-1.180154113,4.388172532,-3.212231394
34.14,-65.09439501,0.05234628036,0.5957289353,0.3180923083,0,-1.180161916,4.388000221,-3.212218504
34.15,-65.09435038,0.05234628681,0.5957332604,0.3180889061,0,-1.180170463,4.387828941,-3.212205113
34.16,-65.09430408,0.05234630466,0.5957375785,0.3180855113,0,-1.18017975,4.387658691,-3.212191225
34.17,-65.09425613,0.05234633387,0.5957418897,0.3180821241,0,-1.180189775,4.38748947,-3.21217684
34.18,-65.09420654,0.05234637439,0.5957461938,0.3180787444,0,-1.180200533,4.387321276,-3.212161962
34.19,-65.09415531,0.05234642617,0.5957504908,0.3180753723,0,-1.180212023,4.387154108,-3.212146594
34.2,-65.09410245,0.05234648915,0.5957547806,0.3180720078,0,-1.180224239,4.386987965,-3.212130736
34.21,-65.09404797,0.0523465633,0.5957590632,0.318068651,0,-1.18023718,4.386822846,-3.212114392
34.22,-65.09399188,0.05234664856,0.5957633386,0.3180653018,0,-1.180250842,4.38665875,-3.212097565
34.23,-65.09393418,0.05234674488,0.5957676066,0.3180619604,0,-1.180265221,4.386495675,-3.212080255
34.24,-65.09387489,0.05234685222,0.5957718672,0.3180586267,0,-1.180280314,4.386333619,-3.212062467
34.25,-65.093814,0.05234697053,0.5957761203,0.3180553008,0,-1.180296118,4.386172582,-3.212044201
34.26,-65.09375154,0.05234709975,0.5957803659,0.3180519827,0,-1.180312629,4.386012562,-3.212025461
34.27,-65.0936875,0.05234723985,0.595784604,0.3180486725,0,-1.180329845,4.385853558,-3.212006249
34.28,-65.09362189,0.05234739077,0.5957888345,0.3180453701,0,-1.180347763,4.385695568,-3.211986567
34.29,-65.09355472,0.05234755246,0.5957930572,0.3180420755,0,-1.180366377,4.385538592,-3.211966417
34.3,-65.09348601,0.05234772487,0.5957972723,0.318038789,0,-1.180385687,4.385382627,-3.211945802
34.31,-65.09341575,0.05234790796,0.5958014796,0.3180355103,0,-1.180405687,4.385227672,-3.211924725
34.32,-65.09334395,0.05234810168,0.595805679,0.3180322397,0,-1.180426376,4.385073727,-3.211903186
34.33,-65.09327063,0.05234830598,0.5958098705,0.318028977,0,-1.180447749,4.384920788,-3.21188119
34.34,-65.09319579,0.05234852081,0.5958140541,0.3180257224,0,-1.180469803,4.384768856,-3.211858738
34.35,-65.09311944,0.05234874612,0.5958182297,0.3180224759,0,-1.180492536,4.384617928,-3.211835833
34.36,-65.09304159,0.05234898187,0.5958223972,0.3180192375,0,-1.180515943,4.384468004,-3.211812476
34.37,-65.09296224,0.052349228,0.5958265567,0.3180160071,0,-1.180540022,4.384319081,-3.211788671
34.38,-65.0928814,0.05234948447,0.595830708,0.318012785,0,-1.180564769,4.384171158,-3.21176442
34.39,-65.09279908,0.05234975123,0.5958348511,0.3180095709,0,-1.180590181,4.384024234,-3.211739724
34.4,-65.09271529,0.05235002823,0.5958389859,0.3180063651,0,-1.180616255,4.383878307,-3.211714586
34.41,-65.09263003,0.05235031542,0.5958431125,0.3180031675,0,-1.180642988,4.383733376,-3.211689009
34.42,-65.09254332,0.05235061275,0.5958472306,0.3179999782,0,-1.180670376,4.383589439,-3.211662995
34.43,-65.09245516,0.05235092018,0.5958513404,0.3179967972,0,-1.180698416,4.383446494,-3.211636547
34.44,-65.09236555,0.05235123766,0.5958554417,0.3179936244,0,-1.180727105,4.383304541,-3.211609665
34.45,-65.09227451,0.05235156514,0.5958595346,0.31799046,0,-1.180756439,4.383163577,-3.211582354
34.46,-65.09218205,0.05235190257,0.5958636188,0.3179873039,0,-1.180786416,4.3830236,-3.211554615
34.47,-65.09208817,0.0523522499,0.5958676945,0.3179841562,0,-1.180817031,4.38288461,-3.21152645
34.48,-65.09199287,0.05235260709,0.5958717615,0.3179810169,0,-1.180848283,4.382746605,-3.211497862
34.49,-65.09189618,0.05235297409,0.5958758199,0.317977886,0,-1.180880167,4.382609583,-3.211468854
34.5,-65.09179809,0.05235335084,0.5958798695,0.3179747636,0,-1.18091268,4.382473542,-3.211439427
34.51,-65.09169861,0.0523537373,0.5958839103,0.3179716496,0,-1.18094582,4.382338481,-3.211409583
34.52,-65.09159775,0.05235413343,0.5958879422,0.3179685441,0,-1.180979582,4.382204398,-3.211379326
34.53,-65.09149552,0.05235453917,0.5958919653,0.3179654472,0,-1.181013965,4.382071292,-3.211348657
34.54,-65.09139193,0.05235495448,0.5958959795,0.3179623588,0,-1.181048963,4.381939161,-3.211317579
34.55,-65.09128698,0.0523553793,0.5958999847,0.3179592789,0,-1.181084575,4.381808003,-3.211286093
34.56,-65.09118068,0.0523558136,0.5959039809,0.3179562077,0,-1.181120797,4.381677816,-3.211254203
34.57,-65.09107304,0.05235625732,0.595907968,0.317953145,0,-1.181157626,4.381548599,-3.211221911
34.58,-65.09096406,0.05235671042,0.595911946,0.317950091,0,-1.181195059,4.38142035,-3.211189218
34.59,-65.09085376,0.05235717284,0.5959159149,0.3179470456,0,-1.181233091,4.381293068,-3.211156128
34.6,-65.09074214,0.05235764455,0.5959198746,0.3179440089,0,-1.181271722,4.38116675,-3.211122642
34.61,-65.09062921,0.05235812548,0.595923825,0.3179409809,0,-1.181310946,4.381041396,-3.211088763
34.62,-65.09051498,0.0523586156,0.5959277662,0.3179379616,0,-1.181350761,4.380917002,-3.211054493
34.63,-65.09039945,0.05235911486,0.595931698,0.317934951,0,-1.181391164,4.380793568,-3.211019834
34.64,-65.09028263,0.0523596232,0.5959356205,0.3179319492,0,-1.181432151,4.380671091,-3.210984789
34.65,-65.09016453,0.05236014059,0.5959395336,0.3179289562,0,-1.181473719,4.380549571,-3.21094936
34.66,-65.09004516,0.05236066697,0.5959434372,0.3179259719,0,-1.181515866,4.380429004,-3.210913549
34.67,-65.08992453,0.0523612023,0.5959473314,0.3179229965,0,-1.181558587,4.38030939,-3.210877358
34.68,-65.08980263,0.05236174652,0.595951216,0.3179200299,0,-1.181601881,4.380190726,-3.21084079
34.69,-65.08967949,0.0523622996,0.5959550911,0.3179170721,0,-1.181645743,4.380073011,-3.210803848
34.7,-65.08955511,0.05236286148,0.5959589566,0.3179141232,0,-1.18169017,4.379956243,-3.210766532
34.71,-65.08942949,0.05236343212,0.5959628124,0.3179111832,0,-1.18173516,4.37984042,-3.210728846
34.72,-65.08930264,0.05236401147,0.5959666585,0.3179082521,0,-1.181780708,4.379725541,-3.210690791
34.73,-65.08917457,0.05236459948,0.595970495,0.31790533,0,-1.181826813,4.379611602,-3.210652371
34.74,-65.08904529,0.0523651961,0.5959743216,0.3179024167,0,-1.181873471,4.379498603,-3.210613586
34.75,-65.0889148,0.0523658013,0.5959781385,0.3178995125,0,-1.181920678,4.379386542,-3.210574441
34.76,-65.08878312,0.05236641501,0.5959819455,0.3178966172,0,-1.181968432,4.379275416,-3.210534936
34.77,-65.08865025,0.0523670372,0.5959857426,0.3178937309,0,-1.182016729,4.379165224,-3.210495074
34.78,-65.08851619,0.05236766782,0.5959895299,0.3178908536,0,-1.182065567,4.379055965,-3.210454857
34.79,-65.08838096,0.05236830681,0.5959933072,0.3178879853,0,-1.182114941,4.378947635,-3.210414288
34.8,-65.08824456,0.05236895414,0.5959970745,0.3178851261,0,-1.18216485,4.378840233,-3.210373368
34.81,-65.088107,0.05236960976,0.5960008318,0.3178822759,0,-1.182215289,4.378733758,-3.2103321
34.82,-65.08796829,0.05237027361,0.596004579,0.3178794348,0,-1.182266257,4.378628207,-3.210290487
34.83,-65.08782843,0.05237094566,0.5960083162,0.3178766028,0,-1.182317749,4.378523578,-3.21024853
34.84,-65.08768744,0.05237162585,0.5960120432,0.3178737799,0,-1.182369762,4.37841987,-3.210206232
34.85,-65.08754531,0.05237231414,0.5960157601,0.3178709662,0,-1.182422294,4.37831708,-3.210163594
34.86,-65.08740206,0.05237301049,0.5960194667,0.3178681615,0,-1.182475341,4.378215207,-3.210120619
34.87,-65.0872577,0.05237371484,0.5960231632,0.317865366,0,-1.182528901,4.378114248,-3.21007731
34.88,-65.08711223,0.05237442715,0.5960268493,0.3178625797,0,-1.18258297,4.378014202,-3.210033668
34.89,-65.08696565,0.05237514737,0.5960305252,0.3178598026,0,-1.182637544,4.377915066,-3.209989696
34.9,-65.08681799,0.05237587546,0.5960341908,0.3178570346,0,-1.182692622,4.377816839,-3.209945396
34.91,-65.08666923,0.05237661137,0.596037846,0.3178542758,0,-1.1827482,4.377719519,-3.20990077
34.92,-65.0865194,0.05237735506,0.5960414908,0.3178515263,0,-1.182804274,4.377623103,-3.20985582
34.93,-65.0863685,0.05237810647,0.5960451252,0.317848786,0,-1.182860843,4.37752759,-3.209810549
34.94,-65.08621653,0.05237886557,0.5960487491,0.317846055,0,-1.182917902,4.377432977,-3.209764958
34.95,-65.0860635,0.0523796323,0.5960523626,0.3178433332,0,-1.182975448,4.377339262,-3.20971905
34.96,-65.08590942,0.05238040662,0.5960559655,0.3178406207,0,-1.183033479,4.377246444,-3.209672827
34.97,-65.08575431,0.05238118848,0.5960595579,0.3178379174,0,-1.183091992,4.377154521,-3.209626292
34.98,-65.08559815,0.05238197784,0.5960631397,0.3178352235,0,-1.183150983,4.37706349,-3.209579445
34.99,-65.08544097,0.05238277466,0.5960667109,0.3178325388,0,-1.18321045,4.376973349,-3.209532291
35,-65.08528277,0.05238357888,0.5960702714,0.3178298635,0,-1.183270389,4.376884096,-3.20948483
35.01,-65.08512355,0.05238439046,0.5960738213,0.3178271975,0,-1.183330797,4.37679573,-3.209437065
35.02,-65.08496333,0.05238520935,0.5960773605,0.3178245409,0,-1.183391672,4.376708247,-3.209388998
35.03,-65.0848021,0.05238603552,0.596080889,0.3178218936,0,-1.18345301,4.376621647,-3.209340631
35.04,-65.08463989,0.0523868689,0.5960844067,0.3178192557,0,-1.183514808,4.376535926,-3.209291967
35.05,-65.08447669,0.05238770947,0.5960879137,0.3178166271,0,-1.183577064,4.376451083,-3.209243007
35.06,-65.08431251,0.05238855717,0.5960914098,0.3178140079,0,-1.183639773,4.376367116,-3.209193753
35.07,-65.08414736,0.05238941195,0.5960948951,0.3178113982,0,-1.183702934,4.376284023,-3.209144209
35.08,-65.08398125,0.05239027378,0.5960983696,0.3178087978,0,-1.183766544,4.3762018,-3.209094375
35.09,-65.08381418,0.0523911426,0.5961018331,0.3178062068,0,-1.183830598,4.376120447,-3.209044255
35.1,-65.08364617,0.05239201838,0.5961052858,0.3178036253,0,-1.183895095,4.376039962,-3.20899385
35.11,-65.08347721,0.05239290106,0.5961087275,0.3178010532,0,-1.183960031,4.375960341,-3.208943162
35.12,-65.08330731,0.0523937906,0.5961121582,0.3177984905,0,-1.184025403,4.375881583,-3.208892193
35.13,-65.08313649,0.05239468696,0.5961155779,0.3177959373,0,-1.184091209,4.375803686,-3.208840946
35.14,-65.08296474,0.05239559009,0.5961189867,0.3177933936,0,-1.184157444,4.375726647,-3.208789423
35.15,-65.08279209,0.05239649994,0.5961223844,0.3177908593,0,-1.184224108,4.375650465,-3.208737626
35.16,-65.08261852,0.05239741648,0.596125771,0.3177883345,0,-1.184291195,4.375575136,-3.208685556
35.17,-65.08244406,0.05239833966,0.5961291465,0.3177858192,0,-1.184358704,4.37550066,-3.208633217
35.18,-65.0822687,0.05239926943,0.5961325109,0.3177833133,0,-1.184426632,4.375427034,-3.208580609
35.19,-65.08209245,0.05240020574,0.5961358642,0.317780817,0,-1.184494975,4.375354255,-3.208527736
35.2,-65.08191533,0.05240114856,0.5961392063,0.3177783302,0,-1.184563731,4.375282322,-3.208474599
35.21,-65.08173734,0.05240209784,0.5961425373,0.3177758529,0,-1.184632896,4.375211232,-3.208421201
35.22,-65.08155848,0.05240305354,0.596145857,0.3177733851,0,-1.184702468,4.375140983,-3.208367543
35.23,-65.08137876,0.0524040156,0.5961491655,0.3177709268,0,-1.184772444,4.375071573,-3.208313627
35.24,-65.08119819,0.05240498399,0.5961524628,0.3177684781,0,-1.184842821,4.375002999,-3.208259456
35.25,-65.08101677,0.05240595866,0.5961557488,0.3177660389,0,-1.184913595,4.37493526,-3.208205032
35.26,-65.08083452,0.05240693957,0.5961590235,0.3177636093,0,-1.184984765,4.374868352,-3.208150357
35.27,-65.08065144,0.05240792668,0.5961622869,0.3177611892,0,-1.185056327,4.374802275,-3.208095432
35.28,-65.08046754,0.05240891993,0.5961655389,0.3177587787,0,-1.185128278,4.374737025,-3.208040261
35.29,-65.08028281,0.05240991929,0.5961687797,0.3177563777,0,-1.185200616,4.374672601,-3.207984844
35.3,-65.08009728,0.05241092472,0.596172009,0.3177539863,0,-1.185273336,4.374609,-3.207929184
35.31,-65.07991095,0.05241193616,0.5961752269,0.3177516045,0,-1.185346438,4.37454622,-3.207873284
35.32,-65.07972381,0.05241295358,0.5961784334,0.3177492322,0,-1.185419917,4.374484258,-3.207817144
35.33,-65.07953589,0.05241397693,0.5961816285,0.3177468696,0,-1.185493771,4.374423113,-3.207760767
35.34,-65.07934719,0.05241500616,0.5961848122,0.3177445165,0,-1.185567997,4.374362781,-3.207704156
35.35,-65.07915771,0.05241604125,0.5961879844,0.317742173,0,-1.185642592,4.374303262,-3.207647312
35.36,-65.07896746,0.05241708213,0.596191145,0.3177398391,0,-1.185717553,4.374244552,-3.207590237
35.37,-65.07877644,0.05241812878,0.5961942942,0.3177375148,0,-1.185792877,4.374186649,-3.207532933
35.38,-65.07858468,0.05241918113,0.5961974319,0.3177352002,0,-1.185868562,4.374129551,-3.207475403
35.39,-65.07839216,0.05242023916,0.596200558,0.3177328951,0,-1.185944605,4.374073256,-3.207417647
35.4,-65.0781989,0.05242130282,0.5962036726,0.3177305996,0,-1.186021003,4.374017761,-3.207359669
35.41,-65.0780049,0.05242237207,0.5962067756,0.3177283138,0,-1.186097752,4.373963064,-3.20730147
35.42,-65.07781018,0.05242344686,0.596209867,0.3177260375,0,-1.186174851,4.373909163,-3.207243053
35.43,-65.07761473,0.05242452715,0.5962129468,0.3177237709,0,-1.186252296,4.373856055,-3.207184419
35.44,-65.07741857,0.0524256129,0.5962160149,0.3177215139,0,-1.186330085,4.373803738,-3.20712557
35.45,-65.07722169,0.05242670407,0.5962190715,0.3177192666,0,-1.186408214,4.37375221,-3.207066508
35.46,-65.07702412,0.0524278006,0.5962221163,0.3177170288,0,-1.186486681,4.373701468,-3.207007235
35.47,-65.07682585,0.05242890247,0.5962251495,0.3177148007,0,-1.186565484,4.373651511,-3.206947754
35.48,-65.07662689,0.05243000963,0.5962281711,0.3177125823,0,-1.186644618,4.373602335,-3.206888066
35.49,-65.07642724,0.05243112203,0.5962311809,0.3177103734,0,-1.186724083,4.373553938,-3.206828172
35.5,-65.07622692,0.05243223964,0.596234179,0.3177081742,0,-1.186803874,4.373506319,-3.206768076
35.51,-65.07602593,0.05243336241,0.5962371654,0.3177059846,0,-1.186883989,4.373459474,-3.206707779
35.52,-65.07582428,0.0524344903,0.5962401401,0.3177038047,0,-1.186964425,4.373413402,-3.206647283
35.53,-65.07562197,0.05243562326,0.596243103,0.3177016344,0,-1.18704518,4.373368099,-3.20658659
35.54,-65.07541901,0.05243676127,0.5962460541,0.3176994737,0,-1.18712625,4.373323565,-3.206525702
35.55,-65.0752154,0.05243790427,0.5962489935,0.3176973227,0,-1.187207634,4.373279795,-3.20646462
35.56,-65.07501116,0.05243905222,0.596251921,0.3176951813,0,-1.187289327,4.373236788,-3.206403348
35.57,-65.07480629,0.05244020508,0.5962548368,0.3176930496,0,-1.187371329,4.373194542,-3.206341886
35.58,-65.07460079,0.05244136281,0.5962577407,0.3176909275,0,-1.187453634,4.373153054,-3.206280236
35.59,-65.07439467,0.05244252537,0.5962606329,0.317688815,0,-1.187536242,4.373112322,-3.206218401
35.6,-65.07418794,0.05244369271,0.5962635131,0.3176867122,0,-1.187619149,4.373072343,-3.206156383
35.61,-65.07398061,0.05244486481,0.5962663816,0.317684619,0,-1.187702353,4.373033115,-3.206094183
35.62,-65.07377268,0.0524460416,0.5962692382,0.3176825354,0,-1.187785851,4.372994636,-3.206031803
35.63,-65.07356415,0.05244722307,0.5962720829,0.3176804615,0,-1.187869639,4.372956903,-3.205969245
35.64,-65.07335504,0.05244840915,0.5962749157,0.3176783972,0,-1.187953717,4.372919913,-3.205906512
35.65,-65.07314535,0.05244959981,0.5962777366,0.3176763426,0,-1.18803808,4.372883666,-3.205843604
35.66,-65.07293508,0.05245079502,0.5962805457,0.3176742976,0,-1.188122726,4.372848157,-3.205780524
35.67,-65.07272425,0.05245199473,0.5962833428,0.3176722622,0,-1.188207652,4.372813384,-3.205717274
35.68,-65.07251285,0.05245319889,0.596286128,0.3176702364,0,-1.188292856,4.372779346,-3.205653856
35.69,-65.0723009,0.05245440748,0.5962889013,0.3176682203,0,-1.188378336,4.37274604,-3.205590271
35.7,-65.0720884,0.05245562045,0.5962916626,0.3176662138,0,-1.188464087,4.372713463,-3.205526521
35.71,-65.07187536,0.05245683775,0.596294412,0.3176642169,0,-1.188550109,4.372681613,-3.205462608
35.72,-65.07166178,0.05245805935,0.5962971494,0.3176622297,0,-1.188636397,4.372650487,-3.205398535
35.73,-65.07144767,0.05245928521,0.5962998749,0.317660252,0,-1.18872295,4.372620084,-3.205334302
35.74,-65.07123304,0.05246051529,0.5963025884,0.317658284,0,-1.188809765,4.3725904,-3.205269913
35.75,-65.07101789,0.05246174954,0.59630529,0.3176563256,0,-1.188896838,4.372561434,-3.205205367
35.76,-65.07080223,0.05246298794,0.5963079795,0.3176543768,0,-1.188984169,4.372533182,-3.205140669
35.77,-65.07058606,0.05246423043,0.5963106571,0.3176524376,0,-1.189071753,4.372505643,-3.205075818
35.78,-65.07036939,0.05246547698,0.5963133226,0.317650508,0,-1.189159589,4.372478813,-3.205010818
35.79,-65.07015223,0.05246672755,0.5963159762,0.317648588,0,-1.189247673,4.372452691,-3.204945669
35.8,-65.06993458,0.0524679821,0.5963186177,0.3176466776,0,-1.189336004,4.372427274,-3.204880374
35.81,-65.06971645,0.05246924059,0.5963212473,0.3176447768,0,-1.189424578,4.37240256,-3.204814935
35.82,-65.06949784,0.05247050298,0.5963238648,0.3176428855,0,-1.189513393,4.372378546,-3.204749353
35.83,-65.06927877,0.05247176923,0.5963264703,0.3176410039,0,-1.189602446,4.37235523,-3.20468363
35.84,-65.06905923,0.05247303931,0.5963290637,0.3176391318,0,-1.189691735,4.372332609,-3.204617769
35.85,-65.06883923,0.05247431317,0.5963316452,0.3176372693,0,-1.189781257,4.37231068,-3.20455177
35.86,-65.06861878,0.05247559077,0.5963342145,0.3176354164,0,-1.18987101,4.372289443,-3.204485635
35.87,-65.06839789,0.05247687208,0.5963367719,0.3176335731,0,-1.189960991,4.372268893,-3.204419367
35.88,-65.06817656,0.05247815706,0.5963393172,0.3176317393,0,-1.190051198,4.372249028,-3.204352967
35.89,-65.06795479,0.05247944566,0.5963418504,0.317629915,0,-1.190141627,4.372229846,-3.204286437
35.9,-65.06773259,0.05248073786,0.5963443716,0.3176281003,0,-1.190232277,4.372211345,-3.204219778
35.91,-65.06750998,0.0524820336,0.5963468807,0.3176262952,0,-1.190323145,4.372193522,-3.204152993
35.92,-65.06728694,0.05248333286,0.5963493778,0.3176244995,0,-1.190414228,4.372176375,-3.204086083
35.93,-65.0670635,0.0524846356,0.5963518627,0.3176227135,0,-1.190505524,4.372159901,-3.20401905
35.94,-65.06683965,0.05248594177,0.5963543357,0.3176209369,0,-1.190597031,4.372144097,-3.203951896
35.95,-65.06661541,0.05248725134,0.5963567965,0.3176191699,0,-1.190688745,4.372128962,-3.203884622
35.96,-65.06639077,0.05248856427,0.5963592453,0.3176174123,0,-1.190780665,4.372114492,-3.20381723
35.97,-65.06616574,0.05248988052,0.596361682,0.3176156643,0,-1.190872787,4.372100685,-3.203749722
35.98,-65.06594033,0.05249120006,0.5963641066,0.3176139258,0,-1.19096511,4.372087539,-3.2036821
35.99,-65.06571455,0.05249252284,0.5963665192,0.3176121968,0,-1.191057631,4.372075052,-3.203614364
36,-65.06548839,0.05249384883,0.5963689197,0.3176104772,0,-1.191150347,4.37206322,-3.203546518
36.01,-65.06526188,0.052495178,0.596371308,0.3176087672,0,-1.191243257,4.372052042,-3.203478563
36.02,-65.065035,0.0524965103,0.5963736844,0.3176070666,0,-1.191336356,4.372041514,-3.2034105
36.03,-65.06480777,0.0524978457,0.5963760486,0.3176053754,0,-1.191429644,4.372031635,-3.203342332
36.04,-65.0645802,0.05249918416,0.5963784007,0.3176036938,0,-1.191523118,4.372022402,-3.203274059
36.05,-65.06435228,0.05250052564,0.5963807408,0.3176020216,0,-1.191616774,4.372013812,-3.203205684
36.06,-65.06412403,0.05250187011,0.5963830688,0.3176003588,0,-1.191710612,4.372005863,-3.203137208
36.07,-65.06389544,0.05250321752,0.5963853847,0.3175987054,0,-1.191804627,4.371998552,-3.203068632
36.08,-65.06366653,0.05250456785,0.5963876885,0.3175970615,0,-1.191898819,4.371991877,-3.20299996
36.09,-65.06343731,0.05250592106,0.5963899802,0.317595427,0,-1.191993184,4.371985836,-3.202931192
36.1,-65.06320776,0.0525072771,0.5963922599,0.3175938019,0,-1.19208772,4.371980426,-3.202862329
36.11,-65.06297791,0.05250863595,0.5963945275,0.3175921863,0,-1.192182424,4.371975644,-3.202793374
36.12,-65.06274776,0.05250999756,0.596396783,0.31759058,0,-1.192277295,4.371971488,-3.202724329
36.13,-65.06251731,0.05251136191,0.5963990265,0.3175889831,0,-1.19237233,4.371967955,-3.202655194
36.14,-65.06228657,0.05251272895,0.5964012578,0.3175873955,0,-1.192467526,4.371965044,-3.202585972
36.15,-65.06205555,0.05251409864,0.5964034771,0.3175858174,0,-1.192562882,4.371962751,-3.202516664
36.16,-65.06182424,0.05251547096,0.5964056844,0.3175842486,0,-1.192658394,4.371961073,-3.202447272
36.17,-65.06159266,0.05251684586,0.5964078795,0.3175826891,0,-1.192754061,4.37196001,-3.202377797
36.18,-65.0613608,0.05251822332,0.5964100626,0.317581139,0,-1.192849879,4.371959557,-3.202308241
36.19,-65.06112869,0.05251960329,0.5964122337,0.3175795982,0,-1.192945848,4.371959713,-3.202238606
36.2,-65.06089631,0.05252098573,0.5964143927,0.3175780667,0,-1.193041964,4.371960475,-3.202168893
36.21,-65.06066368,0.05252237062,0.5964165396,0.3175765445,0,-1.193138224,4.37196184,-3.202099104
36.22,-65.0604308,0.05252375792,0.5964186745,0.3175750317,0,-1.193234628,4.371963806,-3.202029241
36.23,-65.06019768,0.05252514759,0.5964207974,0.3175735281,0,-1.193331172,4.371966371,-3.201959304
36.24,-65.05996432,0.0525265396,0.5964229082,0.3175720338,0,-1.193427853,4.371969532,-3.201889297
36.25,-65.05973073,0.05252793391,0.596425007,0.3175705488,0,-1.193524671,4.371973286,-3.201819219
36.26,-65.05949691,0.05252933049,0.5964270937,0.317569073,0,-1.193621622,4.371977631,-3.201749074
36.27,-65.05926287,0.05253072931,0.5964291684,0.3175676065,0,-1.193718705,4.371982565,-3.201678861
36.28,-65.05902861,0.05253213032,0.5964312312,0.3175661492,0,-1.193815916,4.371988085,-3.201608584
36.29,-65.05879414,0.05253353349,0.5964332818,0.3175647011,0,-1.193913254,4.371994188,-3.201538243
36.3,-65.05855947,0.05253493879,0.5964353205,0.3175632623,0,-1.194010716,4.372000872,-3.201467841
36.31,-65.05832459,0.05253634619,0.5964373472,0.3175618326,0,-1.1941083,4.372008135,-3.201397378
36.32,-65.05808952,0.05253775565,0.5964393619,0.3175604122,0,-1.194206004,4.372015973,-3.201326856
36.33,-65.05785426,0.05253916713,0.5964413645,0.3175590009,0,-1.194303825,4.372024386,-3.201256277
36.34,-65.05761881,0.0525405806,0.5964433552,0.3175575988,0,-1.194401762,4.372033369,-3.201185642
36.35,-65.05738318,0.05254199604,0.596445334,0.3175562059,0,-1.194499812,4.37204292,-3.201114953
36.36,-65.05714737,0.05254341339,0.5964473007,0.3175548221,0,-1.194597973,4.372053038,-3.201044212
36.37,-65.0569114,0.05254483264,0.5964492555,0.3175534475,0,-1.194696242,4.372063719,-3.200973419
36.38,-65.05667526,0.05254625374,0.5964511983,0.3175520819,0,-1.194794618,4.372074961,-3.200902577
36.39,-65.05643895,0.05254767667,0.5964531292,0.3175507255,0,-1.194893098,4.372086762,-3.200831686
36.4,-65.0562025,0.05254910138,0.5964550481,0.3175493782,0,-1.19499168,4.372099118,-3.200760749
36.41,-65.05596589,0.05255052785,0.5964569551,0.31754804,0,-1.195090362,4.372112028,-3.200689767
36.42,-65.05572914,0.05255195604,0.5964588501,0.3175467108,0,-1.195189141,4.372125489,-3.200618741
36.43,-65.05549224,0.05255338592,0.5964607333,0.3175453907,0,-1.195288016,4.372139499,-3.200547673
36.44,-65.05525521,0.05255481746,0.5964626045,0.3175440796,0,-1.195386984,4.372154054,-3.200476564
36.45,-65.05501805,0.05255625062,0.5964644638,0.3175427776,0,-1.195486043,4.372169153,-3.200405416
36.46,-65.05478077,0.05255768538,0.5964663112,0.3175414846,0,-1.195585191,4.372184793,-3.200334231
36.47,-65.05454336,0.05255912169,0.5964681468,0.3175402007,0,-1.195684426,4.372200972,-3.200263009
36.48,-65.05430584,0.05256055952,0.5964699704,0.3175389257,0,-1.195783745,4.372217686,-3.200191753
36.49,-65.05406821,0.05256199885,0.5964717822,0.3175376597,0,-1.195883147,4.372234934,-3.200120463
36.5,-65.05383047,0.05256343964,0.5964735822,0.3175364027,0,-1.19598263,4.372252713,-3.200049141
36.51,-65.05359263,0.05256488185,0.5964753703,0.3175351546,0,-1.19608219,4.372271021,-3.199977789
36.52,-65.05335469,0.05256632546,0.5964771465,0.3175339155,0,-1.196181826,4.372289854,-3.199906408
36.53,-65.05311666,0.05256777044,0.5964789109,0.3175326853,0,-1.196281537,4.372309211,-3.199834999
36.54,-65.05287855,0.05256921674,0.5964806635,0.317531464,0,-1.196381319,4.37232909,-3.199763564
36.55,-65.05264035,0.05257066435,0.5964824043,0.3175302516,0,-1.196481172,4.372349486,-3.199692105
36.56,-65.05240207,0.05257211322,0.5964841333,0.3175290481,0,-1.196581091,4.372370399,-3.199620622
36.57,-65.05216372,0.05257356333,0.5964858505,0.3175278535,0,-1.196681077,4.372391826,-3.199549117
36.58,-65.05192531,0.05257501464,0.5964875559,0.3175266677,0,-1.196781126,4.372413763,-3.199477592
36.59,-65.05168683,0.05257646713,0.5964892495,0.3175254908,0,-1.196881236,4.372436209,-3.199406048
36.6,-65.05144829,0.05257792076,0.5964909314,0.3175243228,0,-1.196981406,4.372459162,-3.199334486
36.61,-65.05120969,0.0525793755,0.5964926016,0.3175231635,0,-1.197081633,4.372482617,-3.199262908
36.62,-65.05097105,0.05258083132,0.59649426,0.317522013,0,-1.197181916,4.372506575,-3.199191315
36.63,-65.05073236,0.05258228818,0.5964959067,0.3175208714,0,-1.197282251,4.37253103,-3.199119709
36.64,-65.05049363,0.05258374606,0.5964975417,0.3175197385,0,-1.197382638,4.372555982,-3.19904809
36.65,-65.05025487,0.05258520493,0.596499165,0.3175186143,0,-1.197483074,4.372581428,-3.198976461
36.66,-65.05001607,0.05258666476,0.5965007766,0.3175174989,0,-1.197583557,4.372607365,-3.198904822
36.67,-65.04977725,0.05258812551,0.5965023765,0.3175163923,0,-1.197684086,4.372633791,-3.198833175
36.68,-65.0495384,0.05258958716,0.5965039648,0.3175152943,0,-1.197784657,4.372660703,-3.198761521
36.69,-65.04929954,0.05259104967,0.5965055414,0.3175142051,0,-1.19788527,4.372688099,-3.198689863
36.7,-65.04906067,0.05259251301,0.5965071064,0.3175131245,0,-1.197985922,4.372715976,-3.1986182
36.71,-65.04882178,0.05259397716,0.5965086598,0.3175120526,0,-1.19808661,4.372744332,-3.198546534
36.72,-65.04858289,0.05259544208,0.5965102016,0.3175109893,0,-1.198187335,4.372773165,-3.198474867
36.73,-65.048344,0.05259690774,0.5965117318,0.3175099347,0,-1.198288092,4.372802471,-3.1984032
36.74,-65.04810512,0.05259837412,0.5965132504,0.3175088887,0,-1.19838888,4.372832249,-3.198331535
36.75,-65.04786624,0.05259984119,0.5965147574,0.3175078513,0,-1.198489698,4.372862496,-3.198259872
36.76,-65.04762738,0.0526013089,0.5965162529,0.3175068225,0,-1.198590544,4.37289321,-3.198188213
36.77,-65.04738853,0.05260277725,0.5965177368,0.3175058022,0,-1.198691414,4.372924388,-3.198116559
36.78,-65.04714971,0.05260424619,0.5965192092,0.3175047905,0,-1.198792308,4.372956027,-3.198044912
36.79,-65.04691091,0.05260571569,0.5965206701,0.3175037874,0,-1.198893224,4.372988126,-3.197973272
36.8,-65.04667214,0.05260718573,0.5965221195,0.3175027928,0,-1.198994159,4.373020681,-3.197901642
36.81,-65.04643341,0.05260865628,0.5965235574,0.3175018066,0,-1.199095112,4.37305369,-3.197830022
36.82,-65.04619471,0.05261012731,0.5965249839,0.317500829,0,-1.199196081,4.373087152,-3.197758414
36.83,-65.04595606,0.05261159879,0.5965263989,0.3174998598,0,-1.199297063,4.373121063,-3.197686818
36.84,-65.04571746,0.05261307069,0.5965278025,0.3174988991,0,-1.199398058,4.37315542,-3.197615237
36.85,-65.0454789,0.05261454299,0.5965291946,0.3174979469,0,-1.199499063,4.373190223,-3.197543671
36.86,-65.04524041,0.05261601564,0.5965305754,0.317497003,0,-1.199600076,4.373225467,-3.197472123
36.87,-65.04500197,0.05261748864,0.5965319447,0.3174960676,0,-1.199701095,4.373261151,-3.197400592
36.88,-65.0447636,0.05261896194,0.5965333027,0.3174951406,0,-1.199802119,4.373297272,-3.19732908
36.89,-65.04452529,0.05262043552,0.5965346493,0.3174942219,0,-1.199903145,4.373333828,-3.197257588
36.9,-65.04428706,0.05262190935,0.5965359846,0.3174933116,0,-1.200004172,4.373370816,-3.197186119
36.91,-65.04404891,0.05262338341,0.5965373086,0.3174924096,0,-1.200105199,4.373408234,-3.197114672
36.92,-65.04381083,0.05262485766,0.5965386212,0.3174915159,0,-1.200206222,4.373446079,-3.197043249
36.93,-65.04357284,0.05262633208,0.5965399226,0.3174906306,0,-1.200307241,4.373484349,-3.196971852
36.94,-65.04333494,0.05262780664,0.5965412127,0.3174897535,0,-1.200408253,4.373523042,-3.196900481
36.95,-65.04309713,0.05262928131,0.5965424915,0.3174888847,0,-1.200509257,4.373562155,-3.196829138
36.96,-65.04285941,0.05263075606,0.5965437591,0.3174880241,0,-1.20061025,4.373601686,-3.196757824
36.97,-65.0426218,0.05263223088,0.5965450154,0.3174871718,0,-1.200711232,4.373641632,-3.19668654
36.98,-65.04238429,0.05263370572,0.5965462606,0.3174863277,0,-1.2008122,4.373681992,-3.196615288
36.99,-65.04214689,0.05263518057,0.5965474945,0.3174854917,0,-1.200913152,4.373722761,-3.196544068
37,-65.0419096,0.05263665539,0.5965487173,0.317484664,0,-1.201014088,4.373763939,-3.196472881
37.01,-65.04167243,0.05263813016,0.5965499289,0.3174838444,0,-1.201115004,4.373805522,-3.19640173
37.02,-65.04143538,0.05263960486,0.5965511294,0.317483033,0,-1.201215899,4.373847509,-3.196330614
37.03,-65.04119845,0.05264107945,0.5965523188,0.3174822297,0,-1.201316772,4.373889896,-3.196259536
37.04,-65.04096165,0.05264255391,0.5965534971,0.3174814344,0,-1.20141762,4.373932682,-3.196188496
37.05,-65.04072499,0.05264402821,0.5965546643,0.3174806473,0,-1.201518442,4.373975864,-3.196117496
37.06,-65.04048845,0.05264550233,0.5965558204,0.3174798683,0,-1.201619237,4.374019439,-3.196046536
37.07,-65.04025206,0.05264697624,0.5965569655,0.3174790972,0,-1.201720002,4.374063406,-3.195975618
37.08,-65.04001581,0.05264844991,0.5965580995,0.3174783343,0,-1.201820735,4.374107762,-3.195904743
37.09,-65.03977971,0.05264992333,0.5965592226,0.3174775793,0,-1.201921436,4.374152504,-3.195833913
37.1,-65.03954376,0.05265139645,0.5965603346,0.3174768323,0,-1.202022102,4.37419763,-3.195763127
37.11,-65.03930796,0.05265286926,0.5965614357,0.3174760933,0,-1.202122732,4.374243138,-3.195692387
37.12,-65.03907232,0.05265434173,0.5965625258,0.3174753623,0,-1.202223323,4.374289026,-3.195621695
37.13,-65.03883684,0.05265581384,0.596563605,0.3174746392,0,-1.202323875,4.37433529,-3.195551052
37.14,-65.03860153,0.05265728556,0.5965646733,0.317473924,0,-1.202424385,4.374381929,-3.195480458
37.15,-65.03836638,0.05265875686,0.5965657307,0.3174732167,0,-1.202524853,4.37442894,-3.195409915
37.16,-65.03813141,0.05266022772,0.5965667772,0.3174725173,0,-1.202625275,4.374476321,-3.195339423
37.17,-65.03789662,0.05266169811,0.5965678129,0.3174718257,0,-1.202725651,4.374524069,-3.195268985
37.18,-65.037662,0.05266316802,0.5965688377,0.317471142,0,-1.20282598,4.374572183,-3.1951986
37.19,-65.03742757,0.0526646374,0.5965698518,0.3174704661,0,-1.202926258,4.374620659,-3.195128271
37.2,-65.03719332,0.05266610625,0.596570855,0.317469798,0,-1.203026485,4.374669496,-3.195057997
37.21,-65.03695927,0.05266757453,0.5965718474,0.3174691377,0,-1.203126659,4.374718691,-3.194987781
37.22,-65.03672541,0.05266904222,0.5965728291,0.3174684852,0,-1.203226779,4.374768241,-3.194917623
37.23,-65.03649175,0.0526705093,0.5965738001,0.3174678404,0,-1.203326842,4.374818145,-3.194847524
37.24,-65.03625829,0.05267197573,0.5965747604,0.3174672033,0,-1.203426848,4.3748684,-3.194777486
37.25,-65.03602503,0.05267344151,0.5965757099,0.3174665739,0,-1.203526794,4.374919003,-3.194707509
37.26,-65.03579198,0.0526749066,0.5965766488,0.3174659522,0,-1.203626679,4.374969953,-3.194637595
37.27,-65.03555915,0.05267637097,0.5965775771,0.3174653382,0,-1.203726502,4.375021247,-3.194567744
37.28,-65.03532652,0.05267783461,0.5965784947,0.3174647318,0,-1.20382626,4.375072882,-3.194497957
37.29,-65.03509412,0.05267929749,0.5965794017,0.317464133,0,-1.203925953,4.375124857,-3.194428236
37.3,-65.03486194,0.05268075959,0.5965802982,0.3174635419,0,-1.204025579,4.375177169,-3.194358581
37.31,-65.03462998,0.05268222088,0.596581184,0.3174629583,0,-1.204125136,4.375229816,-3.194288994
37.32,-65.03439825,0.05268368134,0.5965820594,0.3174623823,0,-1.204224622,4.375282794,-3.194219476
37.33,-65.03416676,0.05268514095,0.5965829242,0.3174618138,0,-1.204324037,4.375336103,-3.194150027
37.34,-65.03393549,0.05268659968,0.5965837785,0.3174612529,0,-1.204423378,4.37538974,-3.194080648
37.35,-65.03370447,0.05268805751,0.5965846223,0.3174606995,0,-1.204522644,4.375443702,-3.194011341
37.36,-65.03347369,0.05268951442,0.5965854557,0.3174601535,0,-1.204621834,4.375497987,-3.193942107
37.37,-65.03324315,0.05269097038,0.5965862786,0.317459615,0,-1.204720945,4.375552593,-3.193872946
37.38,-65.03301287,0.05269242538,0.5965870911,0.317459084,0,-1.204819978,4.375607518,-3.19380386
37.39,-65.03278283,0.05269387938,0.5965878933,0.3174585603,0,-1.204918929,4.375662759,-3.193734848
37.4,-65.03255305,0.05269533237,0.5965886851,0.3174580441,0,-1.205017798,4.375718314,-3.193665914
37.41,-65.03232352,0.05269678432,0.5965894665,0.3174575352,0,-1.205116582,4.37577418,-3.193597056
37.42,-65.03209426,0.05269823521,0.5965902376,0.3174570337,0,-1.205215282,4.375830356,-3.193528277
37.43,-65.03186526,0.05269968503,0.5965909985,0.3174565396,0,-1.205313894,4.375886839,-3.193459578
37.44,-65.03163653,0.05270113373,0.596591749,0.3174560527,0,-1.205412419,4.375943626,-3.193390958
37.45,-65.03140806,0.05270258132,0.5965924893,0.3174555732,0,-1.205510853,4.376000717,-3.193322419
37.46,-65.03117988,0.05270402775,0.5965932194,0.3174551009,0,-1.205609196,4.376058107,-3.193253963
37.47,-65.03095196,0.05270547302,0.5965939392,0.3174546359,0,-1.205707446,4.376115796,-3.193185589
37.48,-65.03072433,0.05270691709,0.5965946489,0.3174541781,0,-1.205805603,4.37617378,-3.1931173
37.49,-65.03049698,0.05270835995,0.5965953484,0.3174537276,0,-1.205903663,4.376232058,-3.193049095
37.5,-65.03026992,0.05270980158,0.5965960378,0.3174532842,0,-1.206001627,4.376290627,-3.192980976
37.51,-65.03004314,0.05271124195,0.5965967171,0.317452848,0,-1.206099493,4.376349485,-3.192912943
37.52,-65.02981666,0.05271268105,0.5965973863,0.3174524189,0,-1.206197258,4.37640863,-3.192844998
37.53,-65.02959047,0.05271411884,0.5965980454,0.317451997,0,-1.206294923,4.376468059,-3.192777142
37.54,-65.02936458,0.05271555532,0.5965986945,0.3174515822,0,-1.206392485,4.376527771,-3.192709375
37.55,-65.02913899,0.05271699046,0.5965993335,0.3174511745,0,-1.206489943,4.376587763,-3.192641698
37.56,-65.02891371,0.05271842423,0.5965999626,0.3174507738,0,-1.206587295,4.376648032,-3.192574112
37.57,-65.02868873,0.05271985663,0.5966005817,0.3174503802,0,-1.206684542,4.376708577,-3.192506618
37.58,-65.02846405,0.05272128762,0.5966011909,0.3174499935,0,-1.206781679,4.376769395,-3.192439216
37.59,-65.0282397,0.05272271719,0.5966017901,0.3174496139,0,-1.206878708,4.376830485,-3.192371909
37.6,-65.02801565,0.05272414531,0.5966023795,0.3174492413,0,-1.206975626,4.376891843,-3.192304696
37.61,-65.02779193,0.05272557197,0.596602959,0.3174488756,0,-1.207072432,4.376953468,-3.192237578
37.62,-65.02756852,0.05272699714,0.5966035286,0.3174485169,0,-1.207169124,4.377015358,-3.192170557
37.63,-65.02734544,0.05272842081,0.5966040884,0.3174481651,0,-1.207265702,4.37707751,-3.192103633
37.64,-65.02712269,0.05272984296,0.5966046384,0.3174478201,0,-1.207362163,4.377139922,-3.192036806
37.65,-65.02690026,0.05273126356,0.5966051787,0.3174474821,0,-1.207458508,4.377202592,-3.191970079
37.66,-65.02667817,0.0527326826,0.5966057092,0.3174471508,0,-1.207554733,4.377265517,-3.191903451
37.67,-65.02645641,0.05273410005,0.5966062299,0.3174468264,0,-1.207650839,4.377328697,-3.191836923
37.68,-65.02623499,0.0527355159,0.596606741,0.3174465089,0,-1.207746824,4.377392127,-3.191770497
37.69,-65.02601391,0.05273693013,0.5966072424,0.317446198,0,-1.207842685,4.377455807,-3.191704172
37.7,-65.02579317,0.05273834271,0.5966077342,0.317445894,0,-1.207938424,4.377519734,-3.19163795
37.71,-65.02557278,0.05273975364,0.5966082163,0.3174455967,0,-1.208034037,4.377583905,-3.191571833
37.72,-65.02535273,0.05274116288,0.5966086889,0.3174453061,0,-1.208129523,4.377648319,-3.191505819
37.73,-65.02513304,0.05274257042,0.5966091518,0.3174450222,0,-1.208224883,4.377712974,-3.191439911
37.74,-65.02491369,0.05274397624,0.5966096053,0.317444745,0,-1.208320113,4.377777867,-3.191374108
37.75,-65.02469471,0.05274538033,0.5966100492,0.3174444744,0,-1.208415213,4.377842996,-3.191308413
37.76,-65.02447608,0.05274678265,0.5966104836,0.3174442104,0,-1.208510182,4.377908359,-3.191242825
37.77,-65.02425782,0.05274818321,0.5966109086,0.3174439531,0,-1.208605019,4.377973955,-3.191177345
37.78,-65.02403992,0.05274958197,0.5966113241,0.3174437023,0,-1.208699722,4.37803978,-3.191111975
37.79,-65.02382238,0.05275097891,0.5966117302,0.3174434581,0,-1.20879429,4.378105832,-3.191046714
37.8,-65.02360521,0.05275237403,0.5966121269,0.3174432205,0,-1.208888721,4.37817211,-3.190981564
37.81,-65.02338842,0.0527537673,0.5966125142,0.3174429893,0,-1.208983016,4.378238612,-3.190916525
37.82,-65.02317199,0.0527551587,0.5966128922,0.3174427647,0,-1.209077171,4.378305334,-3.190851598
37.83,-65.02295595,0.05275654822,0.5966132609,0.3174425465,0,-1.209171188,4.378372276,-3.190786785
37.84,-65.02274028,0.05275793583,0.5966136203,0.3174423348,0,-1.209265063,4.378439435,-3.190722085
37.85,-65.022525,0.05275932152,0.5966139705,0.3174421295,0,-1.209358796,4.378506809,-3.190657499
37.86,-65.02231009,0.05276070528,0.5966143114,0.3174419306,0,-1.209452386,4.378574395,-3.190593028
37.87,-65.02209558,0.05276208708,0.5966146431,0.3174417381,0,-1.209545832,4.378642193,-3.190528673
37.88,-65.02188145,0.05276346691,0.5966149656,0.3174415519,0,-1.209639132,4.378710199,-3.190464434
37.89,-65.02166771,0.05276484474,0.596615279,0.3174413721,0,-1.209732285,4.378778411,-3.190400313
37.9,-65.02145436,0.05276622057,0.5966155833,0.3174411986,0,-1.209825291,4.378846828,-3.190336309
37.91,-65.02124141,0.05276759437,0.5966158785,0.3174410314,0,-1.209918148,4.378915447,-3.190272424
37.92,-65.02102886,0.05276896613,0.5966161645,0.3174408705,0,-1.210010854,4.378984267,-3.190208659
37.93,-65.02081671,0.05277033583,0.5966164416,0.3174407158,0,-1.21010341,4.379053285,-3.190145013
37.94,-65.02060496,0.05277170346,0.5966167096,0.3174405673,0,-1.210195813,4.379122498,-3.190081488
37.95,-65.02039362,0.05277306899,0.5966169687,0.3174404251,0,-1.210288063,4.379191906,-3.190018085
37.96,-65.02018268,0.05277443241,0.5966172187,0.317440289,0,-1.210380159,4.379261506,-3.189954803
37.97,-65.01997215,0.05277579371,0.5966174599,0.317440159,0,-1.210472099,4.379331296,-3.189891644
37.98,-65.01976203,0.05277715287,0.5966176921,0.3174400353,0,-1.210563882,4.379401274,-3.189828609
37.99,-65.01955232,0.05277850986,0.5966179155,0.3174399176,0,-1.210655508,4.379471438,-3.189765697
38,-65.01934303,0.05277986468,0.5966181299,0.317439806,0,-1.210746975,4.379541786,-3.18970291
38.01,-65.01913416,0.05278121731,0.5966183356,0.3174397004,0,-1.210838282,4.379612315,-3.189640249
38.02,-65.01892571,0.05278256774,0.5966185325,0.317439601,0,-1.210929428,4.379683025,-3.189577713
38.03,-65.01871768,0.05278391594,0.5966187206,0.3174395075,0,-1.211020413,4.379753912,-3.189515304
38.04,-65.01851007,0.0527852619,0.5966188999,0.31743942,0,-1.211111234,4.379824974,-3.189453022
38.05,-65.0183029,0.05278660561,0.5966190706,0.3174393385,0,-1.211201892,4.379896211,-3.189390869
38.06,-65.01809614,0.05278794704,0.5966192325,0.317439263,0,-1.211292384,4.379967619,-3.189328843
38.07,-65.01788982,0.05278928619,0.5966193858,0.3174391934,0,-1.211382711,4.380039197,-3.189266947
38.08,-65.01768394,0.05279062304,0.5966195304,0.3174391297,0,-1.211472871,4.380110943,-3.189205181
38.09,-65.01747848,0.05279195758,0.5966196665,0.3174390718,0,-1.211562862,4.380182854,-3.189143545
38.1,-65.01727347,0.05279328978,0.596619794,0.3174390199,0,-1.211652685,4.380254929,-3.18908204
38.11,-65.01706889,0.05279461964,0.5966199129,0.3174389737,0,-1.211742337,4.380327166,-3.189020666
38.12,-65.01686475,0.05279594713,0.5966200233,0.3174389334,0,-1.211831819,4.380399563,-3.188959425
38.13,-65.01666105,0.05279727225,0.5966201252,0.3174388989,0,-1.211921129,4.380472117,-3.188898316
38.14,-65.0164578,0.05279859497,0.5966202186,0.3174388701,0,-1.212010266,4.380544827,-3.188837341
38.15,-65.016255,0.05279991529,0.5966203036,0.3174388471,0,-1.212099229,4.380617692,-3.1887765
38.16,-65.01605264,0.05280123319,0.5966203802,0.3174388298,0,-1.212188017,4.380690708,-3.188715793
38.17,-65.01585074,0.05280254866,0.5966204484,0.3174388182,0,-1.212276629,4.380763873,-3.188655221
38.18,-65.01564928,0.05280386167,0.5966205083,0.3174388123,0,-1.212365065,4.380837187,-3.188594785
38.19,-65.01544829,0.05280517222,0.5966205598,0.3174388121,0,-1.212453323,4.380910647,-3.188534486
38.2,-65.01524774,0.0528064803,0.596620603,0.3174388174,0,-1.212541402,4.380984251,-3.188474323
38.21,-65.01504766,0.05280778588,0.596620638,0.3174388284,0,-1.212629302,4.381057998,-3.188414297
38.22,-65.01484803,0.05280908895,0.5966206647,0.3174388449,0,-1.212717022,4.381131884,-3.188354409
38.23,-65.01464887,0.05281038951,0.5966206832,0.3174388671,0,-1.21280456,4.381205909,-3.18829466
38.24,-65.01445017,0.05281168753,0.5966206936,0.3174388947,0,-1.212891916,4.38128007,-3.18823505
38.25,-65.01425193,0.05281298301,0.5966206957,0.3174389279,0,-1.212979089,4.381354366,-3.188175579
38.26,-65.01405416,0.05281427592,0.5966206898,0.3174389665,0,-1.213066078,4.381428794,-3.188116248
38.27,-65.01385686,0.05281556626,0.5966206758,0.3174390107,0,-1.213152882,4.381503353,-3.188057058
38.28,-65.01366003,0.05281685401,0.5966206536,0.3174390602,0,-1.2132395,4.381578041,-3.187998009
38.29,-65.01346367,0.05281813916,0.5966206235,0.3174391152,0,-1.213325932,4.381652855,-3.187939101
38.3,-65.01326779,0.05281942169,0.5966205853,0.3174391756,0,-1.213412176,4.381727795,-3.187880336
38.31,-65.01307238,0.0528207016,0.5966205392,0.3174392414,0,-1.213498232,4.381802858,-3.187821713
38.32,-65.01287744,0.05282197887,0.5966204851,0.3174393125,0,-1.213584099,4.381878042,-3.187763233
38.33,-65.01268299,0.05282325348,0.5966204231,0.317439389,0,-1.213669775,4.381953345,-3.187704897
38.34,-65.01248902,0.05282452543,0.5966203532,0.3174394707,0,-1.213755261,4.382028766,-3.187646705
38.35,-65.01229553,0.0528257947,0.5966202754,0.3174395577,0,-1.213840555,4.382104302,-3.187588658
38.36,-65.01210252,0.05282706128,0.5966201898,0.31743965,0,-1.213925657,4.382179952,-3.187530756
38.37,-65.01191,0.05282832515,0.5966200964,0.3174397476,0,-1.214010566,4.382255714,-3.187473
38.38,-65.01171796,0.05282958631,0.5966199952,0.3174398503,0,-1.21409528,4.382331586,-3.187415389
38.39,-65.01152642,0.05283084474,0.5966198862,0.3174399582,0,-1.214179799,4.382407567,-3.187357925
38.4,-65.01133536,0.05283210043,0.5966197695,0.3174400713,0,-1.214264123,4.382483653,-3.187300608
38.41,-65.0111448,0.05283335337,0.5966196452,0.3174401896,0,-1.21434825,4.382559845,-3.187243439
38.42,-65.01095473,0.05283460354,0.5966195131,0.317440313,0,-1.21443218,4.382636139,-3.187186418
38.43,-65.01076515,0.05283585093,0.5966193735,0.3174404414,0,-1.214515912,4.382712534,-3.187129544
38.44,-65.01057607,0.05283709554,0.5966192262,0.317440575,0,-1.214599445,4.382789028,-3.18707282
38.45,-65.01038748,0.05283833734,0.5966190714,0.3174407135,0,-1.214682779,4.382865619,-3.187016245
38.46,-65.0101994,0.05283957633,0.596618909,0.3174408572,0,-1.214765912,4.382942306,-3.18695982
38.47,-65.01001182,0.0528408125,0.5966187391,0.3174410058,0,-1.214848844,4.383019087,-3.186903545
38.48,-65.00982473,0.05284204584,0.5966185617,0.3174411594,0,-1.214931574,4.383095959,-3.18684742
38.49,-65.00963816,0.05284327633,0.5966183768,0.3174413179,0,-1.215014102,4.383172922,-3.186791447
38.5,-65.00945208,0.05284450396,0.5966181846,0.3174414814,0,-1.215096426,4.383249972,-3.186735625
38.51,-65.00926651,0.05284572872,0.5966179849,0.3174416498,0,-1.215178547,4.38332711,-3.186679954
38.52,-65.00908145,0.0528469506,0.5966177779,0.3174418231,0,-1.215260462,4.383404332,-3.186624436
38.53,-65.0088969,0.05284816959,0.5966175635,0.3174420013,0,-1.215342173,4.383481637,-3.186569071
38.54,-65.00871286,0.05284938568,0.5966173418,0.3174421843,0,-1.215423677,4.383559024,-3.186513859
38.55,-65.00852933,0.05285059886,0.5966171128,0.3174423721,0,-1.215504974,4.38363649,-3.1864588
38.56,-65.00834632,0.05285180912,0.5966168766,0.3174425647,0,-1.215586064,4.383714033,-3.186403895
38.57,-65.00816382,0.05285301644,0.5966166331,0.3174427621,0,-1.215666945,4.383791653,-3.186349145
38.58,-65.00798183,0.05285422082,0.5966163825,0.3174429643,0,-1.215747618,4.383869347,-3.186294549
38.59,-65.00780036,0.05285542224,0.5966161247,0.3174431711,0,-1.215828081,4.383947113,-3.186240108
38.6,-65.00761941,0.0528566207,0.5966158598,0.3174433827,0,-1.215908334,4.384024951,-3.186185822
38.61,-65.00743898,0.05285781618,0.5966155877,0.317443599,0,-1.215988376,4.384102857,-3.186131693
38.62,-65.00725906,0.05285900868,0.5966153086,0.3174438199,0,-1.216068207,4.384180831,-3.186077719
38.63,-65.00707967,0.05286019819,0.5966150225,0.3174440454,0,-1.216147825,4.38425887,-3.186023902
38.64,-65.00690081,0.05286138469,0.5966147293,0.3174442756,0,-1.216227231,4.384336974,-3.185970242
38.65,-65.00672246,0.05286256817,0.5966144291,0.3174445103,0,-1.216306423,4.384415139,-3.185916739
38.66,-65.00654465,0.05286374863,0.596614122,0.3174447496,0,-1.216385401,4.384493365,-3.185863394
38.67,-65.00636736,0.05286492606,0.596613808,0.3174449935,0,-1.216464164,4.38457165,-3.185810207
38.68,-65.00619059,0.05286610044,0.596613487,0.3174452418,0,-1.216542712,4.384649992,-3.185757178
38.69,-65.00601436,0.05286727177,0.5966131592,0.3174454947,0,-1.216621045,4.38472839,-3.185704308
38.7,-65.00583865,0.05286844004,0.5966128246,0.317445752,0,-1.21669916,4.384806842,-3.185651596
38.71,-65.00566348,0.05286960524,0.5966124832,0.3174460138,0,-1.216777059,4.384885345,-3.185599044
38.72,-65.00548884,0.05287076735,0.5966121349,0.31744628,0,-1.21685474,4.3849639,-3.185546652
38.73,-65.00531473,0.05287192638,0.59661178,0.3174465506,0,-1.216932202,4.385042503,-3.185494419
38.74,-65.00514116,0.05287308231,0.5966114183,0.3174468256,0,-1.217009446,4.385121153,-3.185442347
38.75,-65.00496812,0.05287423512,0.5966110499,0.317447105,0,-1.21708647,4.385199849,-3.185390436
38.76,-65.00479562,0.05287538483,0.5966106749,0.3174473886,0,-1.217163274,4.385278588,-3.185338685
38.77,-65.00462365,0.0528765314,0.5966102932,0.3174476766,0,-1.217239858,4.38535737,-3.185287096
38.78,-65.00445223,0.05287767485,0.596609905,0.3174479689,0,-1.217316221,4.385436193,-3.185235668
38.79,-65.00428134,0.05287881515,0.5966095101,0.3174482655,0,-1.217392362,4.385515055,-3.185184402
38.8,-65.00411099,0.0528799523,0.5966091088,0.3174485663,0,-1.21746828,4.385593954,-3.185133298
38.81,-65.00394119,0.05288108629,0.5966087009,0.3174488713,0,-1.217543976,4.385672889,-3.185082356
38.82,-65.00377192,0.05288221711,0.5966082865,0.3174491805,0,-1.217619449,4.385751858,-3.185031577
38.83,-65.0036032,0.05288334476,0.5966078657,0.3174494939,0,-1.217694698,4.385830859,-3.184980961
38.84,-65.00343503,0.05288446922,0.5966074385,0.3174498114,0,-1.217769723,4.385909892,-3.184930508
38.85,-65.0032674,0.0528855905,0.5966070049,0.3174501331,0,-1.217844523,4.385988954,-3.184880219
38.86,-65.00310031,0.05288670857,0.5966065649,0.3174504589,0,-1.217919097,4.386068044,-3.184830094
38.87,-65.00293377,0.05288782343,0.5966061186,0.3174507887,0,-1.217993446,4.38614716,-3.184780132
38.88,-65.00276778,0.05288893508,0.596605666,0.3174511226,0,-1.218067569,4.386226301,-3.184730335
38.89,-65.00260234,0.05289004351,0.5966052071,0.3174514606,0,-1.218141464,4.386305465,-3.184680703
38.9,-65.00243745,0.05289114871,0.596604742,0.3174518025,0,-1.218215133,4.386384651,-3.184631235
38.91,-65.00227311,0.05289225067,0.5966042707,0.3174521485,0,-1.218288574,4.386463857,-3.184581933
38.92,-65.00210932,0.05289334938,0.5966037932,0.3174524984,0,-1.218361786,4.386543081,-3.184532795
38.93,-65.00194608,0.05289444484,0.5966033095,0.3174528523,0,-1.21843477,4.386622322,-3.184483824
38.94,-65.00178339,0.05289553704,0.5966028198,0.3174532101,0,-1.218507525,4.386701578,-3.184435018
38.95,-65.00162126,0.05289662598,0.5966023239,0.3174535718,0,-1.21858005,4.386780849,-3.184386378
38.96,-65.00145968,0.05289771164,0.596601822,0.3174539373,0,-1.218652345,4.386860131,-3.184337904
38.97,-65.00129866,0.05289879402,0.596601314,0.3174543068,0,-1.21872441,4.386939425,-3.184289597
38.98,-65.00113819,0.05289987311,0.5966008001,0.31745468,0,-1.218796244,4.387018728,-3.184241457
38.99,-65.00097828,0.05290094891,0.5966002801,0.3174550571,0,-1.218867846,4.387098038,-3.184193483
39,-65.00081892,0.05290202141,0.5965997542,0.317455438,0,-1.218939217,4.387177355,-3.184145677
39.01,-65.00066013,0.0529030906,0.5965992225,0.3174558226,0,-1.219010356,4.387256677,-3.184098038
39.02,-65.00050189,0.05290415647,0.5965986848,0.317456211,0,-1.219081262,4.387336002,-3.184050567
39.03,-65.00034421,0.05290521903,0.5965981413,0.317456603,0,-1.219151935,4.387415329,-3.184003263
39.04,-65.00018709,0.05290627825,0.5965975919,0.3174569988,0,-1.219222375,4.387494656,-3.183956128
39.05,-65.00003053,0.05290733415,0.5965970368,0.3174573983,0,-1.219292581,4.387573982,-3.18390916
39.06,-64.99987454,0.0529083867,0.5965964759,0.3174578014,0,-1.219362553,4.387653306,-3.183862361
39.07,-64.9997191,0.05290943591,0.5965959092,0.3174582081,0,-1.21943229,4.387732625,-3.183815731
39.08,-64.99956423,0.05291048177,0.5965953369,0.3174586185,0,-1.219501793,4.387811939,-3.183769269
39.09,-64.99940992,0.05291152427,0.5965947589,0.3174590324,0,-1.21957106,4.387891246,-3.183722976
39.1,-64.99925617,0.05291256341,0.5965941752,0.3174594499,0,-1.219640092,4.387970544,-3.183676852
39.11,-64.99910299,0.05291359918,0.596593586,0.317459871,0,-1.219708888,4.388049833,-3.183630898
39.12,-64.99895038,0.05291463157,0.5965929911,0.3174602955,0,-1.219777447,4.388129111,-3.183585113
39.13,-64.99879832,0.05291566059,0.5965923907,0.3174607236,0,-1.21984577,4.388208375,-3.183539497
39.14,-64.99864684,0.05291668621,0.5965917847,0.3174611551,0,-1.219913855,4.388287626,-3.183494051
39.15,-64.99849592,0.05291770845,0.5965911733,0.3174615901,0,-1.219981704,4.388366861,-3.183448776
39.16,-64.99834557,0.05291872729,0.5965905564,0.3174620285,0,-1.220049314,4.388446079,-3.18340367
39.17,-64.99819578,0.05291974273,0.5965899341,0.3174624703,0,-1.220116687,4.388525279,-3.183358734
39.18,-64.99804656,0.05292075476,0.5965893063,0.3174629155,0,-1.220183822,4.388604459,-3.183313969
39.19,-64.99789791,0.05292176338,0.5965886732,0.3174633641,0,-1.220250717,4.388683618,-3.183269374
39.2,-64.99774983,0.05292276859,0.5965880348,0.317463816,0,-1.220317374,4.388762755,-3.18322495
39.21,-64.99760232,0.05292377037,0.596587391,0.3174642712,0,-1.220383792,4.388841868,-3.183180697
39.22,-64.99745538,0.05292476872,0.5965867419,0.3174647298,0,-1.22044997,4.388920955,-3.183136614
39.23,-64.99730901,0.05292576365,0.5965860876,0.3174651916,0,-1.220515908,4.389000016,-3.183092703
39.24,-64.99716321,0.05292675514,0.596585428,0.3174656566,0,-1.220581606,4.389079048,-3.183048963
39.25,-64.99701798,0.05292774318,0.5965847632,0.3174661249,0,-1.220647064,4.389158052,-3.183005394
39.26,-64.99687332,0.05292872778,0.5965840933,0.3174665964,0,-1.220712281,4.389237024,-3.182961997
39.27,-64.99672924,0.05292970894,0.5965834182,0.3174670711,0,-1.220777257,4.389315965,-3.182918771
39.28,-64.99658572,0.05293068663,0.5965827381,0.3174675489,0,-1.220841992,4.389394872,-3.182875716
39.29,-64.99644278,0.05293166087,0.5965820528,0.3174680299,0,-1.220906485,4.389473745,-3.182832834
39.3,-64.99630041,0.05293263165,0.5965813625,0.317468514,0,-1.220970737,4.389552581,-3.182790123
39.31,-64.99615861,0.05293359896,0.5965806671,0.3174690013,0,-1.221034747,4.38963138,-3.182747584
39.32,-64.99601739,0.0529345628,0.5965799668,0.3174694915,0,-1.221098515,4.389710141,-3.182705217
39.33,-64.99587674,0.05293552317,0.5965792615,0.3174699849,0,-1.22116204,4.389788861,-3.182663022
39.34,-64.99573667,0.05293648005,0.5965785513,0.3174704813,0,-1.221225323,4.38986754,-3.182621
39.35,-64.99559717,0.05293743346,0.5965778361,0.3174709807,0,-1.221288362,4.389946177,-3.18257915
39.36,-64.99545824,0.05293838338,0.5965771161,0.3174714831,0,-1.221351159,4.39002477,-3.182537472
39.37,-64.99531989,0.0529393298,0.5965763913,0.3174719884,0,-1.221413712,4.390103317,-3.182495967
39.38,-64.99518211,0.05294027274,0.5965756616,0.3174724967,0,-1.221476022,4.390181818,-3.182454634
39.39,-64.99504491,0.05294121218,0.5965749271,0.317473008,0,-1.221538088,4.390260271,-3.182413474
39.4,-64.99490829,0.05294214812,0.5965741879,0.3174735221,0,-1.22159991,4.390338676,-3.182372486
39.41,-64.99477224,0.05294308055,0.5965734439,0.3174740391,0,-1.221661488,4.39041703,-3.182331671
39.42,-64.99463676,0.05294400948,0.5965726953,0.317474559,0,-1.221722822,4.390495333,-3.182291029
39.43,-64.99450187,0.0529449349,0.596571942,0.3174750817,0,-1.221783911,4.390573582,-3.18225056
39.44,-64.99436755,0.05294585681,0.596571184,0.3174756073,0,-1.221844756,4.390651778,-3.182210264
39.45,-64.9942338,0.0529467752,0.5965704214,0.3174761356,0,-1.221905356,4.390729919,-3.182170141
39.46,-64.99410064,0.05294769007,0.5965696542,0.3174766667,0,-1.221965711,4.390808003,-3.182130191
39.47,-64.99396804,0.05294860142,0.5965688825,0.3174772006,0,-1.22202582,4.390886029,-3.182090413
39.48,-64.99383603,0.05294950924,0.5965681063,0.3174777372,0,-1.222085684,4.390963997,-3.182050809
39.49,-64.99370459,0.05295041354,0.5965673255,0.3174782766,0,-1.222145303,4.391041904,-3.182011378
39.5,-64.99357374,0.0529513143,0.5965665403,0.3174788186,0,-1.222204676,4.39111975,-3.181972121
39.51,-64.99344345,0.05295221154,0.5965657507,0.3174793633,0,-1.222263804,4.391197534,-3.181933036
39.52,-64.99331375,0.05295310524,0.5965649566,0.3174799106,0,-1.222322685,4.391275253,-3.181894125
39.53,-64.99318462,0.0529539954,0.5965641582,0.3174804606,0,-1.222381321,4.391352908,-3.181855387
39.54,-64.99305607,0.05295488202,0.5965633554,0.3174810132,0,-1.22243971,4.391430497,-3.181816822
39.55,-64.9929281,0.0529557651,0.5965625482,0.3174815683,0,-1.222497853,4.391508018,-3.181778431
39.56,-64.99280071,0.05295664463,0.5965617368,0.3174821261,0,-1.22255575,4.391585471,-3.181740212
39.57,-64.99267389,0.05295752062,0.5965609211,0.3174826863,0,-1.2226134,4.391662854,-3.181702168
39.58,-64.99254765,0.05295839306,0.5965601012,0.3174832491,0,-1.222670803,4.391740166,-3.181664296
39.59,-64.99242199,0.05295926195,0.5965592771,0.3174838145,0,-1.22272796,4.391817407,-3.181626598
39.6,-64.99229691,0.05296012729,0.5965584488,0.3174843822,0,-1.22278487,4.391894574,-3.181589073
39.61,-64.99217241,0.05296098907,0.5965576163,0.3174849525,0,-1.222841533,4.391971667,-3.181551722
39.62,-64.99204848,0.05296184729,0.5965567797,0.3174855252,0,-1.222897949,4.392048684,-3.181514544
39.63,-64.99192513,0.05296270196,0.596555939,0.3174861003,0,-1.222954118,4.392125625,-3.181477539
39.64,-64.99180236,0.05296355307,0.5965550943,0.3174866778,0,-1.22301004,4.392202489,-3.181440708
39.65,-64.99168016,0.05296440062,0.5965542455,0.3174872577,0,-1.223065714,4.392279273,-3.181404049
39.66,-64.99155855,0.0529652446,0.5965533927,0.31748784,0,-1.223121142,4.392355978,-3.181367565
39.67,-64.99143751,0.05296608502,0.5965525359,0.3174884246,0,-1.223176322,4.392432602,-3.181331253
39.68,-64.99131705,0.05296692188,0.5965516752,0.3174890115,0,-1.223231254,4.392509143,-3.181295115
39.69,-64.99119717,0.05296775517,0.5965508105,0.3174896007,0,-1.223285939,4.392585601,-3.18125915
39.7,-64.99107786,0.05296858489,0.596549942,0.3174901922,0,-1.223340377,4.392661975,-3.181223358
39.71,-64.99095913,0.05296941104,0.5965490696,0.3174907859,0,-1.223394567,4.392738264,-3.181187739
39.72,-64.99084098,0.05297023362,0.5965481933,0.3174913819,0,-1.223448509,4.392814466,-3.181152294
39.73,-64.9907234,0.05297105263,0.5965473133,0.3174919801,0,-1.223502204,4.392890581,-3.181117021
39.74,-64.99060641,0.05297186807,0.5965464294,0.3174925805,0,-1.223555651,4.392966607,-3.181081922
39.75,-64.99048998,0.05297267994,0.5965455418,0.317493183,0,-1.223608851,4.393042543,-3.181046995
39.76,-64.99037414,0.05297348823,0.5965446505,0.3174937878,0,-1.223661802,4.393118388,-3.181012242
39.77,-64.99025887,0.05297429295,0.5965437554,0.3174943946,0,-1.223714506,4.393194142,-3.180977661
39.78,-64.99014418,0.0529750941,0.5965428567,0.3174950036,0,-1.223766963,4.393269803,-3.180943254
39.79,-64.99003006,0.05297589166,0.5965419544,0.3174956147,0,-1.223819171,4.39334537,-3.180909019
39.8,-64.98991652,0.05297668566,0.5965410484,0.3174962278,0,-1.223871132,4.393420842,-3.180874957
39.81,-64.98980356,0.05297747607,0.5965401389,0.317496843,0,-1.223922845,4.393496218,-3.180841067
39.82,-64.98969117,0.05297826291,0.5965392258,0.3174974602,0,-1.22397431,4.393571497,-3.180807351
39.83,-64.98957935,0.05297904617,0.5965383091,0.3174980795,0,-1.224025528,4.393646678,-3.180773806
39.84,-64.98946812,0.05297982586,0.596537389,0.3174987007,0,-1.224076498,4.39372176,-3.180740435
39.85,-64.98935745,0.05298060196,0.5965364654,0.317499324,0,-1.22412722,4.393796742,-3.180707235
39.86,-64.98924736,0.05298137449,0.5965355383,0.3174999492,0,-1.224177694,4.393871623,-3.180674208
39.87,-64.98913785,0.05298214344,0.5965346078,0.3175005763,0,-1.224227921,4.393946402,-3.180641354
39.88,-64.9890289,0.05298290881,0.5965336739,0.3175012053,0,-1.224277901,4.394021078,-3.180608671
39.89,-64.98892054,0.05298367061,0.5965327367,0.3175018362,0,-1.224327632,4.39409565,-3.180576161
39.9,-64.98881274,0.05298442883,0.5965317961,0.3175024691,0,-1.224377117,4.394170117,-3.180543822
39.91,-64.98870552,0.05298518347,0.5965308522,0.3175031037,0,-1.224426353,4.394244479,-3.180511656
39.92,-64.98859887,0.05298593453,0.596529905,0.3175037402,0,-1.224475343,4.394318733,-3.180479661
39.93,-64.98849279,0.05298668202,0.5965289546,0.3175043786,0,-1.224524085,4.394392879,-3.180447838
39.94,-64.98838729,0.05298742592,0.5965280009,0.3175050187,0,-1.22457258,4.394466917,-3.180416187
39.95,-64.98828236,0.05298816626,0.596527044,0.3175056606,0,-1.224620827,4.394540845,-3.180384707
39.96,-64.98817799,0.05298890302,0.596526084,0.3175063043,0,-1.224668828,4.394614662,-3.180353398
39.97,-64.9880742,0.0529896362,0.5965251208,0.3175069497,0,-1.224716581,4.394688368,-3.180322261
39.98,-64.98797099,0.05299036581,0.5965241545,0.3175075968,0,-1.224764087,4.394761961,-3.180291296
39.99,-64.98786834,0.05299109185,0.5965231851,0.3175082457,0,-1.224811347,4.39483544,-3.180260501
40,-64.98776626,0.05299181431,0.5965222126,0.3175088962,0,-1.224858359,4.394908806,-3.180229877
40.01,-64.98766475,0.0529925332,0.5965212371,0.3175095484,0,-1.224905125,4.394982055,-3.180199424
40.02,-64.98756381,0.05299324852,0.5965202586,0.3175102022,0,-1.224951644,4.395055189,-3.180169142
40.03,-64.98746344,0.05299396027,0.5965192771,0.3175108577,0,-1.224997917,4.395128205,-3.180139031
40.04,-64.98736363,0.05299466845,0.5965182926,0.3175115148,0,-1.225043943,4.395201104,-3.18010909
40.05,-64.9872644,0.05299537307,0.5965173052,0.3175121734,0,-1.225089723,4.395273883,-3.180079319
40.06,-64.98716573,0.05299607411,0.5965163149,0.3175128337,0,-1.225135256,4.395346543,-3.180049719
40.07,-64.98706763,0.05299677159,0.5965153217,0.3175134955,0,-1.225180544,4.395419082,-3.180020288
40.08,-64.98697009,0.05299746551,0.5965143257,0.3175141588,0,-1.225225585,4.3954915,-3.179991028
40.09,-64.98687313,0.05299815587,0.5965133269,0.3175148236,0,-1.225270381,4.395563795,-3.179961938
40.1,-64.98677672,0.05299884266,0.5965123252,0.3175154899,0,-1.225314931,4.395635966,-3.179933017
40.11,-64.98668089,0.05299952589,0.5965113208,0.3175161578,0,-1.225359235,4.395708014,-3.179904266
40.12,-64.98658561,0.05300020557,0.5965103136,0.317516827,0,-1.225403294,4.395779937,-3.179875684
40.13,-64.9864909,0.05300088168,0.5965093037,0.3175174977,0,-1.225447108,4.395851733,-3.179847271
40.14,-64.98639676,0.05300155424,0.5965082911,0.3175181699,0,-1.225490676,4.395923403,-3.179819028
40.15,-64.98630318,0.05300222325,0.5965072759,0.3175188434,0,-1.225533999,4.395994946,-3.179790954
40.16,-64.98621016,0.05300288871,0.596506258,0.3175195183,0,-1.225577078,4.39606636,-3.179763048
40.17,-64.9861177,0.05300355061,0.5965052375,0.3175201946,0,-1.225619912,4.396137645,-3.179735311
40.18,-64.98602581,0.05300420897,0.5965042144,0.3175208723,0,-1.225662501,4.3962088,-3.179707742
40.19,-64.98593447,0.05300486378,0.5965031887,0.3175215512,0,-1.225704846,4.396279824,-3.179680342
40.2,-64.9858437,0.05300551505,0.5965021605,0.3175222315,0,-1.225746946,4.396350717,-3.17965311
40.21,-64.98575349,0.05300616278,0.5965011298,0.3175229131,0,-1.225788803,4.396421477,-3.179626046
40.22,-64.98566383,0.05300680696,0.5965000967,0.3175235959,0,-1.225830415,4.396492104,-3.17959915
40.23,-64.98557474,0.05300744761,0.596499061,0.3175242801,0,-1.225871784,4.396562597,-3.179572421
40.24,-64.9854862,0.05300808472,0.5964980229,0.3175249654,0,-1.225912909,4.396632956,-3.17954586
40.25,-64.98539822,0.05300871829,0.5964969825,0.317525652,0,-1.225953792,4.396703178,-3.179519466
40.26,-64.9853108,0.05300934834,0.5964959396,0.3175263398,0,-1.22599443,4.396773265,-3.17949324
40.27,-64.98522393,0.05300997486,0.5964948944,0.3175270287,0,-1.226034826,4.396843214,-3.17946718
40.28,-64.98513762,0.05301059785,0.5964938468,0.3175277189,0,-1.22607498,4.396913025,-3.179441287
40.29,-64.98505187,0.05301121731,0.596492797,0.3175284101,0,-1.22611489,4.396982698,-3.17941556
40.3,-64.98496667,0.05301183326,0.5964917449,0.3175291026,0,-1.226154559,4.397052231,-3.17939
40.31,-64.98488202,0.05301244568,0.5964906905,0.3175297961,0,-1.226193985,4.397121625,-3.179364606
40.32,-64.98479793,0.05301305459,0.5964896339,0.3175304907,0,-1.226233169,4.397190877,-3.179339378
40.33,-64.98471439,0.05301365999,0.5964885751,0.3175311864,0,-1.226272112,4.397259988,-3.179314316
40.34,-64.9846314,0.05301426187,0.5964875141,0.3175318832,0,-1.226310813,4.397328957,-3.17928942
40.35,-64.98454896,0.05301486025,0.5964864509,0.317532581,0,-1.226349273,4.397397782,-3.179264688
40.36,-64.98446707,0.05301545512,0.5964853857,0.3175332799,0,-1.226387492,4.397466464,-3.179240122
40.37,-64.98438574,0.05301604649,0.5964843183,0.3175339798,0,-1.22642547,4.397535001,-3.179215721
40.38,-64.98430495,0.05301663436,0.5964832488,0.3175346806,0,-1.226463208,4.397603393,-3.179191485
40.39,-64.98422471,0.05301721874,0.5964821774,0.3175353825,0,-1.226500705,4.397671639,-3.179167414
40.4,-64.98414502,0.05301779962,0.5964811038,0.3175360852,0,-1.226537962,4.397739739,-3.179143506
40.41,-64.98406588,0.05301837701,0.5964800283,0.317536789,0,-1.22657498,4.397807691,-3.179119763
40.42,-64.98398728,0.05301895092,0.5964789508,0.3175374936,0,-1.226611758,4.397875496,-3.179096184
40.43,-64.98390923,0.05301952134,0.5964778713,0.3175381992,0,-1.226648296,4.397943151,-3.179072768
40.44,-64.98383172,0.05302008828,0.59647679,0.3175389057,0,-1.226684596,4.398010658,-3.179049516
40.45,-64.98375476,0.05302065174,0.5964757067,0.317539613,0,-1.226720656,4.398078014,-3.179026428
40.46,-64.98367834,0.05302121173,0.5964746215,0.3175403212,0,-1.226756479,4.39814522,-3.179003502
40.47,-64.98360246,0.05302176825,0.5964735345,0.3175410302,0,-1.226792062,4.398212275,-3.178980739
40.48,-64.98352713,0.0530223213,0.5964724456,0.3175417401,0,-1.226827408,4.398279177,-3.178958139
40.49,-64.98345234,0.05302287089,0.596471355,0.3175424507,0,-1.226862516,4.398345927,-3.178935701
40.5,-64.98337808,0.05302341702,0.5964702626,0.3175431622,0,-1.226897387,4.398412524,-3.178913425
40.51,-64.98330437,0.0530239597,0.5964691684,0.3175438744,0,-1.226932021,4.398478967,-3.178891311
40.52,-64.9832312,0.05302449892,0.5964680724,0.3175445874,0,-1.226966417,4.398545255,-3.178869359
40.53,-64.98315856,0.05302503469,0.5964669748,0.3175453011,0,-1.227000577,4.398611388,-3.178847568
40.54,-64.98308646,0.05302556702,0.5964658755,0.3175460156,0,-1.227034501,4.398677366,-3.178825938
40.55,-64.9830149,0.05302609591,0.5964647745,0.3175467308,0,-1.227068189,4.398743187,-3.178804469
40.56,-64.98294387,0.05302662136,0.5964636719,0.3175474466,0,-1.227101641,4.398808851,-3.178783161
40.57,-64.98287338,0.05302714338,0.5964625677,0.3175481631,0,-1.227134858,4.398874357,-3.178762013
40.58,-64.98280342,0.05302766197,0.5964614619,0.3175488803,0,-1.227167839,4.398939706,-3.178741026
40.59,-64.98273399,0.05302817713,0.5964603545,0.3175495982,0,-1.227200586,4.399004895,-3.178720198
40.6,-64.9826651,0.05302868887,0.5964592456,0.3175503166,0,-1.227233098,4.399069925,-3.17869953
40.61,-64.98259674,0.0530291972,0.5964581351,0.3175510357,0,-1.227265376,4.399134795,-3.178679022
40.62,-64.98252891,0.05302970211,0.5964570232,0.3175517553,0,-1.227297421,4.399199505,-3.178658673
40.63,-64.98246161,0.05303020361,0.5964559098,0.3175524756,0,-1.227329231,4.399264054,-3.178638482
40.64,-64.98239484,0.05303070171,0.596454795,0.3175531964,0,-1.227360809,4.39932844,-3.178618451
40.65,-64.98232859,0.05303119641,0.5964536787,0.3175539177,0,-1.227392153,4.399392665,-3.178598577
40.66,-64.98226287,0.05303168772,0.596452561,0.3175546396,0,-1.227423265,4.399456727,-3.178578862
40.67,-64.98219768,0.05303217563,0.596451442,0.317555362,0,-1.227454145,4.399520625,-3.178559305
40.68,-64.98213302,0.05303266015,0.5964503216,0.3175560849,0,-1.227484793,4.39958436,-3.178539905
40.69,-64.98206888,0.0530331413,0.5964491998,0.3175568083,0,-1.22751521,4.39964793,-3.178520663
40.7,-64.98200526,0.05303361906,0.5964480768,0.3175575322,0,-1.227545395,4.399711335,-3.178501577
40.71,-64.98194216,0.05303409345,0.5964469525,0.3175582565,0,-1.227575349,4.399774575,-3.178482649
40.72,-64.98187959,0.05303456448,0.5964458269,0.3175589812,0,-1.227605073,4.399837649,-3.178463877
40.73,-64.98181754,0.05303503214,0.5964447001,0.3175597064,0,-1.227634566,4.399900556,-3.178445261
40.74,-64.981756,0.05303549644,0.596443572,0.3175604319,0,-1.22766383,4.399963296,-3.178426801
40.75,-64.98169499,0.05303595738,0.5964424428,0.3175611579,0,-1.227692864,4.400025868,-3.178408497
40.76,-64.98163449,0.05303641498,0.5964413124,0.3175618842,0,-1.22772167,4.400088272,-3.178390348
40.77,-64.98157451,0.05303686923,0.5964401808,0.3175626109,0,-1.227750246,4.400150508,-3.178372354
40.78,-64.98151505,0.05303732014,0.5964390482,0.317563338,0,-1.227778594,4.400212575,-3.178354515
40.79,-64.9814561,0.05303776772,0.5964379144,0.3175640654,0,-1.227806714,4.400274472,-3.178336831
40.8,-64.98139767,0.05303821196,0.5964367795,0.3175647931,0,-1.227834607,4.400336199,-3.178319301
40.81,-64.98133975,0.05303865288,0.5964356436,0.3175655211,0,-1.227862272,4.400397755,-3.178301925
40.82,-64.98128234,0.05303909048,0.5964345067,0.3175662493,0,-1.22788971,4.400459141,-3.178284702
40.83,-64.98122544,0.05303952477,0.5964333687,0.3175669779,0,-1.227916922,4.400520355,-3.178267633
40.84,-64.98116906,0.05303995574,0.5964322298,0.3175677067,0,-1.227943908,4.400581397,-3.178250717
40.85,-64.98111318,0.05304038342,0.5964310898,0.3175684357,0,-1.227970668,4.400642266,-3.178233953
40.86,-64.98105781,0.05304080779,0.596429949,0.317569165,0,-1.227997202,4.400702963,-3.178217343
40.87,-64.98100295,0.05304122886,0.5964288072,0.3175698945,0,-1.228023512,4.400763486,-3.178200884
40.88,-64.98094859,0.05304164665,0.5964276645,0.3175706242,0,-1.228049597,4.400823836,-3.178184577
40.89,-64.98089474,0.05304206116,0.5964265209,0.3175713541,0,-1.228075458,4.400884011,-3.178168422
40.9,-64.98084139,0.05304247238,0.5964253765,0.3175720841,0,-1.228101095,4.400944012,-3.178152418
40.91,-64.98078855,0.05304288034,0.5964242312,0.3175728143,0,-1.228126509,4.401003838,-3.178136565
40.92,-64.98073621,0.05304328502,0.5964230851,0.3175735446,0,-1.228151699,4.401063488,-3.178120862
40.93,-64.98068437,0.05304368645,0.5964219382,0.3175742751,0,-1.228176667,4.401122962,-3.17810531
40.94,-64.98063303,0.05304408461,0.5964207905,0.3175750056,0,-1.228201413,4.40118226,-3.178089908
40.95,-64.98058219,0.05304447953,0.5964196421,0.3175757363,0,-1.228225938,4.401241381,-3.178074656
40.96,-64.98053184,0.0530448712,0.596418493,0.317576467,0,-1.228250241,4.401300325,-3.178059553
40.97,-64.980482,0.05304525963,0.5964173431,0.3175771978,0,-1.228274323,4.401359092,-3.178044599
40.98,-64.98043265,0.05304564483,0.5964161926,0.3175779287,0,-1.228298184,4.40141768,-3.178029794
40.99,-64.98038379,0.0530460268,0.5964150414,0.3175786596,0,-1.228321826,4.401476091,-3.178015137
41,-64.98033543,0.05304640555,0.5964138895,0.3175793906,0,-1.228345247,4.401534322,-3.178000628
41.01,-64.98028756,0.05304678108,0.5964127371,0.3175801215,0,-1.22836845,4.401592375,-3.177986267
41.02,-64.98024018,0.0530471534,0.596411584,0.3175808524,0,-1.228391434,4.401650247,-3.177972054
41.03,-64.98019329,0.05304752251,0.5964104303,0.3175815834,0,-1.228414199,4.40170794,-3.177957988
41.04,-64.98014689,0.05304788843,0.5964092761,0.3175823143,0,-1.228436747,4.401765453,-3.177944068
41.05,-64.98010099,0.05304825115,0.5964081213,0.3175830451,0,-1.228459076,4.401822785,-3.177930296
41.06,-64.98005556,0.05304861068,0.596406966,0.3175837759,0,-1.228481189,4.401879937,-3.177916669
41.07,-64.98001063,0.05304896704,0.5964058103,0.3175845067,0,-1.228503086,4.401936907,-3.177903188
41.08,-64.97996617,0.05304932022,0.596404654,0.3175852373,0,-1.228524766,4.401993695,-3.177889852
41.09,-64.97992221,0.05304967023,0.5964034973,0.3175859679,0,-1.22854623,4.402050301,-3.177876662
41.1,-64.97987872,0.05305001707,0.5964023401,0.3175866983,0,-1.228567479,4.402106725,-3.177863617
41.11,-64.97983572,0.05305036076,0.5964011825,0.3175874286,0,-1.228588513,4.402162967,-3.177850716
41.12,-64.9797932,0.0530507013,0.5964000245,0.3175881588,0,-1.228609333,4.402219025,-3.177837959
41.13,-64.97975115,0.0530510387,0.5963988662,0.3175888888,0,-1.228629939,4.4022749,-3.177825346
41.14,-64.97970959,0.05305137296,0.5963977075,0.3175896187,0,-1.228650332,4.402330591,-3.177812877
41.15,-64.9796685,0.05305170408,0.5963965484,0.3175903484,0,-1.228670511,4.402386099,-3.17780055
41.16,-64.97962789,0.05305203208,0.5963953891,0.3175910779,0,-1.228690478,4.402441422,-3.177788367
41.17,-64.97958775,0.05305235696,0.5963942294,0.3175918072,0,-1.228710233,4.402496561,-3.177776326
41.18,-64.97954809,0.05305267873,0.5963930694,0.3175925363,0,-1.228729776,4.402551515,-3.177764427
41.19,-64.9795089,0.05305299739,0.5963919092,0.3175932651,0,-1.228749108,4.402606283,-3.177752669
41.2,-64.97947018,0.05305331295,0.5963907488,0.3175939938,0,-1.22876823,4.402660866,-3.177741054
41.21,-64.97943193,0.05305362542,0.5963895881,0.3175947221,0,-1.228787141,4.402715264,-3.177729579
41.22,-64.97939415,0.0530539348,0.5963884273,0.3175954502,0,-1.228805842,4.402769475,-3.177718245
41.23,-64.97935684,0.0530542411,0.5963872662,0.317596178,0,-1.228824334,4.4028235,-3.177707051
41.24,-64.97931999,0.05305454433,0.596386105,0.3175969056,0,-1.228842618,4.402877339,-3.177695997
41.25,-64.97928361,0.05305484449,0.5963849437,0.3175976328,0,-1.228860693,4.40293099,-3.177685083
41.26,-64.9792477,0.05305514159,0.5963837822,0.3175983597,0,-1.22887856,4.402984455,-3.177674309
41.27,-64.97921224,0.05305543563,0.5963826207,0.3175990863,0,-1.22889622,4.403037732,-3.177663673
41.28,-64.97917725,0.05305572663,0.596381459,0.3175998125,0,-1.228913673,4.403090822,-3.177653175
41.29,-64.97914272,0.05305601459,0.5963802973,0.3176005384,0,-1.22893092,4.403143723,-3.177642816
41.3,-64.97910865,0.05305629951,0.5963791355,0.3176012639,0,-1.228947961,4.403196437,-3.177632595
41.31,-64.97907504,0.05305658141,0.5963779738,0.317601989,0,-1.228964796,4.403248962,-3.177622512
41.32,-64.97904188,0.05305686028,0.596376812,0.3176027138,0,-1.228981427,4.403301299,-3.177612565
41.33,-64.97900918,0.05305713615,0.5963756502,0.3176034381,0,-1.228997853,4.403353447,-3.177602755
41.34,-64.97897694,0.053057409,0.5963744884,0.3176041621,0,-1.229014076,4.403405405,-3.177593082
41.35,-64.97894515,0.05305767886,0.5963733267,0.3176048856,0,-1.229030095,4.403457175,-3.177583545
41.36,-64.97891381,0.05305794572,0.5963721651,0.3176056086,0,-1.229045911,4.403508755,-3.177574143
41.37,-64.97888292,0.0530582096,0.5963710035,0.3176063313,0,-1.229061524,4.403560145,-3.177564877
41.38,-64.97885248,0.0530584705,0.5963698421,0.3176070534,0,-1.229076936,4.403611345,-3.177555745
41.39,-64.9788225,0.05305872843,0.5963686808,0.3176077751,0,-1.229092147,4.403662355,-3.177546749
41.4,-64.97879295,0.05305898339,0.5963675196,0.3176084963,0,-1.229107156,4.403713175,-3.177537886
41.41,-64.97876386,0.0530592354,0.5963663585,0.317609217,0,-1.229121966,4.403763804,-3.177529157
41.42,-64.97873521,0.05305948446,0.5963651977,0.3176099372,0,-1.229136575,4.403814243,-3.177520562
41.43,-64.978707,0.05305973057,0.596364037,0.3176106568,0,-1.229150985,4.403864491,-3.1775121
41.44,-64.97867923,0.05305997375,0.5963628766,0.317611376,0,-1.229165197,4.403914547,-3.17750377
41.45,-64.97865191,0.05306021399,0.5963617164,0.3176120945,0,-1.22917921,4.403964412,-3.177495573
41.46,-64.97862503,0.05306045132,0.5963605564,0.3176128126,0,-1.229193025,4.404014086,-3.177487508
41.47,-64.97859858,0.05306068573,0.5963593967,0.3176135301,0,-1.229206643,4.404063568,-3.177479574
41.48,-64.97857257,0.05306091724,0.5963582373,0.3176142469,0,-1.229220064,4.404112859,-3.177471772
41.49,-64.978547,0.05306114584,0.5963570782,0.3176149632,0,-1.229233289,4.404161957,-3.1774641
41.5,-64.97852186,0.05306137155,0.5963559194,0.317615679,0,-1.229246319,4.404210863,-3.177456559
41.51,-64.97849716,0.05306159438,0.5963547609,0.317616394,0,-1.229259153,4.404259577,-3.177449148
41.52,-64.97847289,0.05306181432,0.5963536028,0.3176171085,0,-1.229271793,4.404308099,-3.177441867
41.53,-64.97844905,0.0530620314,0.5963524451,0.3176178224,0,-1.229284239,4.404356428,-3.177434715
41.54,-64.97842564,0.05306224562,0.5963512878,0.3176185356,0,-1.229296491,4.404404564,-3.177427691
41.55,-64.97840266,0.05306245697,0.5963501308,0.3176192481,0,-1.22930855,4.404452507,-3.177420797
41.56,-64.9783801,0.05306266548,0.5963489743,0.31761996,0,-1.229320416,4.404500258,-3.17741403
41.57,-64.97835797,0.05306287115,0.5963478182,0.3176206712,0,-1.229332091,4.404547815,-3.177407392
41.58,-64.97833627,0.05306307399,0.5963466626,0.3176213817,0,-1.229343574,4.404595179,-3.17740088
41.59,-64.97831499,0.053063274,0.5963455075,0.3176220915,0,-1.229354867,4.40464235,-3.177394496
41.6,-64.97829413,0.05306347119,0.5963443528,0.3176228006,0,-1.229365969,4.404689327,-3.177388238
41.61,-64.97827369,0.05306366557,0.5963431987,0.317623509,0,-1.229376881,4.404736111,-3.177382106
41.62,-64.97825367,0.05306385715,0.596342045,0.3176242167,0,-1.229387604,4.404782701,-3.177376101
41.63,-64.97823407,0.05306404593,0.5963408919,0.3176249236,0,-1.229398139,4.404829097,-3.17737022
41.64,-64.97821488,0.05306423193,0.5963397394,0.3176256297,0,-1.229408485,4.404875299,-3.177364465
41.65,-64.97819611,0.05306441514,0.5963385875,0.3176263352,0,-1.229418644,4.404921307,-3.177358834
41.66,-64.97817776,0.05306459558,0.5963374361,0.3176270398,0,-1.229428616,4.404967121,-3.177353328
41.67,-64.97815982,0.05306477326,0.5963362853,0.3176277437,0,-1.229438401,4.405012741,-3.177347945
41.68,-64.97814229,0.05306494818,0.5963351352,0.3176284467,0,-1.229448,4.405058167,-3.177342686
41.69,-64.97812517,0.05306512035,0.5963339857,0.317629149,0,-1.229457414,4.405103398,-3.17733755
41.7,-64.97810845,0.05306528978,0.5963328368,0.3176298504,0,-1.229466643,4.405148435,-3.177332536
41.71,-64.97809215,0.05306545647,0.5963316887,0.3176305511,0,-1.229475688,4.405193278,-3.177327645
41.72,-64.97807625,0.05306562044,0.5963305412,0.3176312509,0,-1.229484549,4.405237925,-3.177322876
41.73,-64.97806076,0.05306578169,0.5963293944,0.3176319499,0,-1.229493228,4.405282378,-3.177318228
41.74,-64.97804567,0.05306594023,0.5963282483,0.317632648,0,-1.229501723,4.405326637,-3.177313701
41.75,-64.97803098,0.05306609607,0.596327103,0.3176333452,0,-1.229510037,4.405370701,-3.177309295
41.76,-64.9780167,0.05306624921,0.5963259584,0.3176340416,0,-1.229518169,4.405414569,-3.177305009
41.77,-64.97800281,0.05306639967,0.5963248146,0.3176347371,0,-1.22952612,4.405458243,-3.177300843
41.78,-64.97798932,0.05306654745,0.5963236715,0.3176354317,0,-1.229533891,4.405501722,-3.177296797
41.79,-64.97797623,0.05306669255,0.5963225293,0.3176361254,0,-1.229541482,4.405545007,-3.17729287
41.8,-64.97796354,0.053066835,0.5963213879,0.3176368183,0,-1.229548893,4.405588096,-3.177289061
41.81,-64.97795123,0.05306697478,0.5963202473,0.3176375102,0,-1.229556127,4.40563099,-3.17728537
41.82,-64.97793933,0.05306711193,0.5963191075,0.3176382011,0,-1.229563182,4.405673689,-3.177281798
41.83,-64.97792781,0.05306724643,0.5963179686,0.3176388911,0,-1.22957006,4.405716193,-3.177278342
41.84,-64.97791668,0.0530673783,0.5963168305,0.3176395802,0,-1.229576761,4.405758502,-3.177275004
41.85,-64.97790594,0.05306750755,0.5963156934,0.3176402684,0,-1.229583285,4.405800616,-3.177271783
41.86,-64.97789559,0.05306763418,0.5963145571,0.3176409555,0,-1.229589634,4.405842534,-3.177268677
41.87,-64.97788563,0.05306775821,0.5963134218,0.3176416417,0,-1.229595808,4.405884258,-3.177265688
41.88,-64.97787605,0.05306787964,0.5963122874,0.3176423269,0,-1.229601807,4.405925786,-3.177262814
41.89,-64.97786685,0.05306799848,0.5963111539,0.3176430111,0,-1.229607632,4.405967119,-3.177260055
41.9,-64.97785803,0.05306811473,0.5963100215,0.3176436944,0,-1.229613283,4.406008257,-3.17725741
41.91,-64.9778496,0.05306822842,0.5963088899,0.3176443766,0,-1.229618762,4.4060492,-3.17725488
41.92,-64.97784154,0.05306833953,0.5963077594,0.3176450578,0,-1.229624069,4.406089947,-3.177252463
41.93,-64.97783387,0.05306844809,0.5963066299,0.3176457379,0,-1.229629203,4.4061305,-3.17725016
41.94,-64.97782657,0.0530685541,0.5963055014,0.3176464171,0,-1.229634167,4.406170857,-3.17724797
41.95,-64.97781964,0.05306865756,0.5963043739,0.3176470952,0,-1.22963896,4.40621102,-3.177245892
41.96,-64.97781309,0.0530687585,0.5963032475,0.3176477722,0,-1.229643583,4.406250987,-3.177243927
41.97,-64.97780691,0.05306885691,0.5963021221,0.3176484482,0,-1.229648037,4.406290759,-3.177242073
41.98,-64.9778011,0.0530689528,0.5963009978,0.3176491231,0,-1.229652322,4.406330336,-3.177240331
41.99,-64.97779566,0.05306904618,0.5962998746,0.3176497969,0,-1.229656439,4.406369718,-3.177238699
42,-64.97779059,0.05306913706,0.5962987525,0.3176504696,0,-1.229660388,4.406408905,-3.177237178
42.01,-64.97778589,0.05306922545,0.5962976315,0.3176511413,0,-1.229664171,4.406447897,-3.177235767
42.02,-64.97778155,0.05306931136,0.5962965116,0.3176518118,0,-1.229667787,4.406486694,-3.177234466
42.03,-64.97777758,0.05306939479,0.5962953929,0.3176524813,0,-1.229671237,4.406525297,-3.177233274
42.04,-64.97777397,0.05306947576,0.5962942754,0.3176531496,0,-1.229674522,4.406563704,-3.17723219
42.05,-64.97777072,0.05306955426,0.596293159,0.3176538168,0,-1.229677642,4.406601917,-3.177231215
42.06,-64.97776783,0.05306963032,0.5962920438,0.3176544828,0,-1.229680598,4.406639935,-3.177230349
42.07,-64.9777653,0.05306970393,0.5962909298,0.3176551477,0,-1.229683391,4.406677759,-3.177229589
42.08,-64.97776312,0.05306977511,0.596289817,0.3176558115,0,-1.229686021,4.406715388,-3.177228937
42.09,-64.97776131,0.05306984387,0.5962887054,0.3176564741,0,-1.229688488,4.406752822,-3.177228392
42.1,-64.97775984,0.05306991021,0.5962875951,0.3176571355,0,-1.229690794,4.406790062,-3.177227953
42.11,-64.97775873,0.05306997414,0.596286486,0.3176577958,0,-1.229692939,4.406827108,-3.177227619
42.12,-64.97775797,0.05307003567,0.5962853782,0.3176584549,0,-1.229694924,4.406863959,-3.177227392
42.13,-64.97775756,0.0530700948,0.5962842717,0.3176591128,0,-1.229696748,4.406900616,-3.177227269
42.14,-64.9777575,0.05307015156,0.5962831664,0.3176597694,0,-1.229698414,4.406937079,-3.177227251
42.15,-64.97775779,0.05307020594,0.5962820625,0.3176604249,0,-1.22969992,4.406973349,-3.177227337
42.16,-64.97775843,0.05307025796,0.5962809598,0.3176610792,0,-1.229701269,4.407009424,-3.177227528
42.17,-64.9777594,0.05307030762,0.5962798585,0.3176617322,0,-1.22970246,4.407045305,-3.177227821
42.18,-64.97776073,0.05307035492,0.5962787585,0.3176623841,0,-1.229703494,4.407080992,-3.177228218
42.19,-64.97776239,0.05307039989,0.5962776599,0.3176630346,0,-1.229704373,4.407116486,-3.177228717
42.2,-64.97776439,0.05307044253,0.5962765627,0.317663684,0,-1.229705095,4.407151786,-3.177229318
42.21,-64.97776674,0.05307048284,0.5962754668,0.3176643321,0,-1.229705662,4.407186893,-3.177230021
42.22,-64.97776942,0.05307052084,0.5962743723,0.3176649789,0,-1.229706075,4.407221807,-3.177230825
42.23,-64.97777243,0.05307055653,0.5962732792,0.3176656245,0,-1.229706334,4.407256527,-3.17723173
42.24,-64.97777579,0.05307058993,0.5962721876,0.3176662688,0,-1.22970644,4.407291054,-3.177232736
42.25,-64.97777947,0.05307062103,0.5962710973,0.3176669118,0,-1.229706393,4.407325388,-3.177233841
42.26,-64.97778349,0.05307064985,0.5962700085,0.3176675535,0,-1.229706194,4.40735953,-3.177235046
42.27,-64.97778784,0.05307067641,0.5962689212,0.317668194,0,-1.229705844,4.407393478,-3.177236351
42.28,-64.97779251,0.05307070069,0.5962678353,0.3176688331,0,-1.229705343,4.407427234,-3.177237754
42.29,-64.97779752,0.05307072273,0.5962667509,0.317669471,0,-1.229704692,4.407460798,-3.177239255
42.3,-64.97780285,0.05307074251,0.5962656679,0.3176701075,0,-1.229703891,4.407494169,-3.177240855
42.31,-64.97780851,0.05307076006,0.5962645865,0.3176707427,0,-1.229702941,4.407527348,-3.177242552
42.32,-64.97781449,0.05307077538,0.5962635066,0.3176713766,0,-1.229701843,4.407560335,-3.177244346
42.33,-64.97782079,0.05307078848,0.5962624282,0.3176720091,0,-1.229700597,4.40759313,-3.177246237
42.34,-64.97782741,0.05307079937,0.5962613513,0.3176726404,0,-1.229699203,4.407625733,-3.177248224
42.35,-64.97783435,0.05307080806,0.596260276,0.3176732702,0,-1.229697664,4.407658144,-3.177250306
42.36,-64.97784161,0.05307081455,0.5962592022,0.3176738987,0,-1.229695978,4.407690364,-3.177252484
42.37,-64.97784919,0.05307081885,0.59625813,0.3176745259,0,-1.229694147,4.407722393,-3.177254758
42.38,-64.97785708,0.05307082098,0.5962570593,0.3176751517,0,-1.229692171,4.407754231,-3.177257125
42.39,-64.97786529,0.05307082094,0.5962559903,0.3176757761,0,-1.229690051,4.407785877,-3.177259587
42.4,-64.97787381,0.05307081874,0.5962549228,0.3176763991,0,-1.229687788,4.407817333,-3.177262142
42.41,-64.97788264,0.05307081439,0.596253857,0.3176770208,0,-1.229685382,4.407848598,-3.177264791
42.42,-64.97789178,0.05307080789,0.5962527928,0.317677641,0,-1.229682833,4.407879673,-3.177267533
42.43,-64.97790122,0.05307079927,0.5962517302,0.3176782599,0,-1.229680143,4.407910557,-3.177270367
42.44,-64.97791098,0.05307078851,0.5962506692,0.3176788774,0,-1.229677312,4.407941251,-3.177273293
42.45,-64.97792104,0.05307077564,0.5962496099,0.3176794934,0,-1.22967434,4.407971755,-3.177276311
42.46,-64.9779314,0.05307076067,0.5962485523,0.3176801081,0,-1.229671229,4.40800207,-3.17727942
42.47,-64.97794206,0.05307074359,0.5962474963,0.3176807213,0,-1.229667978,4.408032195,-3.177282619
42.48,-64.97795303,0.05307072443,0.596246442,0.3176813331,0,-1.229664589,4.40806213,-3.177285909
42.49,-64.9779643,0.05307070318,0.5962453895,0.3176819434,0,-1.229661062,4.408091876,-3.177289289
42.5,-64.97797586,0.05307067986,0.5962443386,0.3176825524,0,-1.229657397,4.408121433,-3.177292758
42.51,-64.97798772,0.05307065448,0.5962432894,0.3176831598,0,-1.229653596,4.408150802,-3.177296316
42.52,-64.97799988,0.05307062704,0.596242242,0.3176837659,0,-1.229649659,4.408179981,-3.177299963
42.53,-64.97801233,0.05307059755,0.5962411963,0.3176843705,0,-1.229645586,4.408208973,-3.177303698
42.54,-64.97802507,0.05307056603,0.5962401523,0.3176849736,0,-1.229641378,4.408237776,-3.177307521
42.55,-64.9780381,0.05307053248,0.5962391101,0.3176855752,0,-1.229637036,4.408266391,-3.177311431
42.56,-64.97805143,0.05307049691,0.5962380697,0.3176861754,0,-1.22963256,4.408294818,-3.177315429
42.57,-64.97806504,0.05307045932,0.596237031,0.3176867741,0,-1.229627951,4.408323057,-3.177319512
42.58,-64.97807894,0.05307041974,0.5962359941,0.3176873713,0,-1.22962321,4.40835111,-3.177323682
42.59,-64.97809312,0.05307037816,0.596234959,0.3176879671,0,-1.229618336,4.408378975,-3.177327937
42.6,-64.97810759,0.05307033459,0.5962339257,0.3176885613,0,-1.229613332,4.408406653,-3.177332278
42.61,-64.97812235,0.05307028905,0.5962328943,0.317689154,0,-1.229608197,4.408434144,-3.177336704
42.62,-64.97813738,0.05307024154,0.5962318646,0.3176897453,0,-1.229602932,4.408461449,-3.177341213
42.63,-64.97815269,0.05307019207,0.5962308368,0.317690335,0,-1.229597538,4.408488568,-3.177345807
42.64,-64.97816828,0.05307014065,0.5962298108,0.3176909232,0,-1.229592015,4.408515501,-3.177350485
42.65,-64.97818415,0.05307008729,0.5962287867,0.3176915099,0,-1.229586364,4.408542248,-3.177355245
42.66,-64.97820029,0.053070032,0.5962277644,0.3176920951,0,-1.229580585,4.408568809,-3.177360088
42.67,-64.97821671,0.05306997479,0.596226744,0.3176926788,0,-1.229574679,4.408595185,-3.177365014
42.68,-64.9782334,0.05306991565,0.5962257255,0.3176932609,0,-1.229568647,4.408621376,-3.177370021
42.69,-64.97825037,0.05306985462,0.5962247089,0.3176938414,0,-1.22956249,4.408647382,-3.17737511
42.7,-64.9782676,0.05306979168,0.5962236942,0.3176944205,0,-1.229556207,4.408673204,-3.17738028
42.71,-64.9782851,0.05306972686,0.5962226813,0.317694998,0,-1.2295498,4.408698841,-3.17738553
42.72,-64.97830287,0.05306966016,0.5962216704,0.3176955739,0,-1.229543269,4.408724294,-3.177390861
42.73,-64.9783209,0.05306959158,0.5962206614,0.3176961483,0,-1.229536615,4.408749563,-3.177396271
42.74,-64.9783392,0.05306952115,0.5962196543,0.3176967211,0,-1.229529838,4.408774649,-3.17740176
42.75,-64.97835776,0.05306944886,0.5962186492,0.3176972923,0,-1.229522939,4.408799551,-3.177407329
42.76,-64.97837659,0.05306937473,0.596217646,0.317697862,0,-1.229515919,4.408824271,-3.177412976
42.77,-64.97839567,0.05306929876,0.5962166448,0.3176984301,0,-1.229508778,4.408848807,-3.177418701
42.78,-64.97841501,0.05306922096,0.5962156456,0.3176989966,0,-1.229501517,4.408873161,-3.177424504
42.79,-64.97843461,0.05306914134,0.5962146483,0.3176995616,0,-1.229494137,4.408897333,-3.177430384
42.8,-64.97845447,0.05306905992,0.596213653,0.3177001249,0,-1.229486637,4.408921323,-3.177436341
42.81,-64.97847458,0.05306897669,0.5962126597,0.3177006867,0,-1.22947902,4.408945131,-3.177442374
42.82,-64.97849494,0.05306889167,0.5962116683,0.3177012469,0,-1.229471284,4.408968758,-3.177448483
42.83,-64.97851556,0.05306880487,0.596210679,0.3177018054,0,-1.229463432,4.408992203,-3.177454668
42.84,-64.97853642,0.0530687163,0.5962096917,0.3177023624,0,-1.229455463,4.409015468,-3.177460927
42.85,-64.97855754,0.05306862596,0.5962087065,0.3177029177,0,-1.229447378,4.409038552,-3.177467262
42.86,-64.9785789,0.05306853386,0.5962077232,0.3177034715,0,-1.229439178,4.409061456,-3.177473671
42.87,-64.97860051,0.05306844001,0.596206742,0.3177040236,0,-1.229430863,4.409084179,-3.177480153
42.88,-64.97862237,0.05306834443,0.5962057628,0.3177045741,0,-1.229422434,4.409106723,-3.17748671
42.89,-64.97864446,0.05306824711,0.5962047857,0.317705123,0,-1.229413892,4.409129088,-3.177493339
42.9,-64.9786668,0.05306814807,0.5962038107,0.3177056702,0,-1.229405238,4.409151273,-3.177500041
42.91,-64.97868938,0.05306804732,0.5962028377,0.3177062158,0,-1.229396471,4.40917328,-3.177506815
42.92,-64.9787122,0.05306794487,0.5962018668,0.3177067598,0,-1.229387592,4.409195108,-3.17751366
42.93,-64.97873526,0.05306784072,0.5962008979,0.3177073022,0,-1.229378602,4.409216758,-3.177520578
42.94,-64.97875855,0.05306773488,0.5961999312,0.3177078429,0,-1.229369503,4.40923823,-3.177527566
42.95,-64.97878208,0.05306762737,0.5961989665,0.3177083819,0,-1.229360293,4.409259524,-3.177534624
42.96,-64.97880584,0.05306751818,0.596198004,0.3177089193,0,-1.229350974,4.409280641,-3.177541753
42.97,-64.97882984,0.05306740734,0.5961970436,0.317709455,0,-1.229341547,4.40930158,-3.177548952
42.98,-64.97885407,0.05306729484,0.5961960852,0.3177099891,0,-1.229332012,4.409322344,-3.17755622
42.99,-64.97887852,0.0530671807,0.5961951291,0.3177105216,0,-1.229322369,4.40934293,-3.177563556
43,-64.9789032,0.05306706493,0.596194175,0.3177110523,0,-1.22931262,4.409363341,-3.177570961
43.01,-64.97892812,0.05306694753,0.5961932231,0.3177115814,0,-1.229302765,4.409383576,-3.177578435
43.02,-64.97895325,0.05306682851,0.5961922733,0.3177121088,0,-1.229292804,4.409403635,-3.177585976
43.03,-64.97897861,0.05306670788,0.5961913257,0.3177126346,0,-1.229282739,4.409423519,-3.177593584
43.04,-64.9790042,0.05306658566,0.5961903802,0.3177131587,0,-1.229272569,4.409443229,-3.177601259
43.05,-64.97903,0.05306646185,0.5961894369,0.3177136811,0,-1.229262295,4.409462764,-3.177609
43.06,-64.97905602,0.05306633645,0.5961884958,0.3177142018,0,-1.229251919,4.409482125,-3.177616807
43.07,-64.97908227,0.05306620948,0.5961875569,0.3177147208,0,-1.22924144,4.409501312,-3.17762468
43.08,-64.97910873,0.05306608094,0.5961866201,0.3177152381,0,-1.229230859,4.409520326,-3.177632618
43.09,-64.9791354,0.05306595085,0.5961856855,0.3177157537,0,-1.229220177,4.409539166,-3.177640621
43.1,-64.97916229,0.05306581921,0.5961847531,0.3177162677,0,-1.229209394,4.409557834,-3.177648688
43.11,-64.9791894,0.05306568604,0.596183823,0.3177167799,0,-1.229198512,4.409576329,-3.17765682
43.12,-64.97921671,0.05306555133,0.596182895,0.3177172905,0,-1.22918753,4.409594652,-3.177665014
43.13,-64.97924424,0.0530654151,0.5961819693,0.3177177993,0,-1.229176449,4.409612803,-3.177673272
43.14,-64.97927198,0.05306527736,0.5961810457,0.3177183064,0,-1.22916527,4.409630783,-3.177681593
43.15,-64.97929992,0.05306513812,0.5961801244,0.3177188119,0,-1.229153993,4.409648591,-3.177689975
43.16,-64.97932807,0.05306499738,0.5961792054,0.3177193156,0,-1.229142619,4.409666229,-3.17769842
43.17,-64.97935642,0.05306485515,0.5961782886,0.3177198176,0,-1.229131149,4.409683697,-3.177706926
43.18,-64.97938498,0.05306471145,0.596177374,0.3177203178,0,-1.229119583,4.409700994,-3.177715494
43.19,-64.97941374,0.05306456628,0.5961764617,0.3177208164,0,-1.229107922,4.409718122,-3.177724122
43.2,-64.9794427,0.05306441964,0.5961755516,0.3177213132,0,-1.229096166,4.40973508,-3.17773281
43.21,-64.97947186,0.05306427156,0.5961746438,0.3177218083,0,-1.229084316,4.40975187,-3.177741558
43.22,-64.97950122,0.05306412203,0.5961737382,0.3177223017,0,-1.229072373,4.40976849,-3.177750366
43.23,-64.97953078,0.05306397106,0.596172835,0.3177227934,0,-1.229060337,4.409784943,-3.177759233
43.24,-64.97956053,0.05306381867,0.596171934,0.3177232833,0,-1.229048208,4.409801227,-3.177768158
43.25,-64.97959047,0.05306366486,0.5961710353,0.3177237715,0,-1.229035988,4.409817344,-3.177777142
43.26,-64.97962061,0.05306350965,0.5961701388,0.3177242579,0,-1.229023677,4.409833294,-3.177786183
43.27,-64.97965094,0.05306335303,0.5961692447,0.3177247426,0,-1.229011276,4.409849077,-3.177795282
43.28,-64.97968146,0.05306319502,0.5961683529,0.3177252256,0,-1.228998784,4.409864693,-3.177804438
43.29,-64.97971217,0.05306303563,0.5961674634,0.3177257068,0,-1.228986204,4.409880144,-3.177813651
43.3,-64.97974307,0.05306287486,0.5961665762,0.3177261863,0,-1.228973535,4.409895428,-3.17782292
43.31,-64.97977415,0.05306271272,0.5961656913,0.317726664,0,-1.228960777,4.409910548,-3.177832245
43.32,-64.97980542,0.05306254923,0.5961648087,0.31772714,0,-1.228947932,4.409925502,-3.177841625
43.33,-64.97983687,0.05306238439,0.5961639284,0.3177276142,0,-1.228935001,4.409940292,-3.17785106
43.34,-64.9798685,0.05306221821,0.5961630505,0.3177280867,0,-1.228921983,4.409954917,-3.17786055
43.35,-64.97990031,0.05306205069,0.5961621749,0.3177285574,0,-1.228908879,4.409969379,-3.177870094
43.36,-64.97993231,0.05306188185,0.5961613017,0.3177290264,0,-1.22889569,4.409983677,-3.177879692
43.37,-64.97996448,0.0530617117,0.5961604308,0.3177294936,0,-1.228882416,4.409997812,-3.177889344
43.38,-64.97999683,0.05306154024,0.5961595622,0.317729959,0,-1.228869059,4.410011785,-3.177899049
43.39,-64.98002935,0.05306136748,0.596158696,0.3177304227,0,-1.228855618,4.410025595,-3.177908806
43.4,-64.98006205,0.05306119343,0.5961578321,0.3177308846,0,-1.228842095,4.410039243,-3.177918615
43.41,-64.98009492,0.0530610181,0.5961569706,0.3177313448,0,-1.228828489,4.41005273,-3.177928477
43.42,-64.98012797,0.0530608415,0.5961561115,0.3177318032,0,-1.228814802,4.410066056,-3.17793839
43.43,-64.98016118,0.05306066363,0.5961552548,0.3177322598,0,-1.228801033,4.410079221,-3.177948354
43.44,-64.98019456,0.05306048451,0.5961544004,0.3177327146,0,-1.228787184,4.410092225,-3.177958369
43.45,-64.98022811,0.05306030414,0.5961535484,0.3177331677,0,-1.228773255,4.41010507,-3.177968434
43.46,-64.98026183,0.05306012253,0.5961526987,0.317733619,0,-1.228759247,4.410117755,-3.177978549
43.47,-64.98029571,0.05305993969,0.5961518515,0.3177340685,0,-1.228745161,4.410130281,-3.177988713
43.48,-64.98032976,0.05305975562,0.5961510066,0.3177345163,0,-1.228730996,4.410142648,-3.177998927
43.49,-64.98036397,0.05305957035,0.5961501642,0.3177349622,0,-1.228716753,4.410154857,-3.17800919
43.5,-64.98039834,0.05305938386,0.5961493241,0.3177354064,0,-1.228702434,4.410166907,-3.178019501
43.51,-64.98043286,0.05305919618,0.5961484865,0.3177358488,0,-1.228688038,4.410178801,-3.178029859
43.52,-64.98046755,0.05305900731,0.5961476512,0.3177362895,0,-1.228673566,4.410190537,-3.178040266
43.53,-64.9805024,0.05305881726,0.5961468184,0.3177367283,0,-1.228659019,4.410202116,-3.17805072
43.54,-64.9805374,0.05305862604,0.5961459879,0.3177371654,0,-1.228644397,4.410213539,-3.17806122
43.55,-64.98057256,0.05305843365,0.5961451599,0.3177376006,0,-1.228629702,4.410224806,-3.178071767
43.56,-64.98060787,0.0530582401,0.5961443343,0.3177380341,0,-1.228614932,4.410235918,-3.17808236
43.57,-64.98064333,0.05305804541,0.5961435111,0.3177384658,0,-1.22860009,4.410246874,-3.178092999
43.58,-64.98067894,0.05305784958,0.5961426904,0.3177388958,0,-1.228585175,4.410257676,-3.178103682
43.59,-64.9807147,0.05305765262,0.5961418721,0.3177393239,0,-1.228570189,4.410268324,-3.178114411
43.6,-64.98075062,0.05305745454,0.5961410562,0.3177397502,0,-1.228555131,4.410278817,-3.178125185
43.61,-64.98078667,0.05305725534,0.5961402427,0.3177401748,0,-1.228540002,4.410289158,-3.178136002
43.62,-64.98082288,0.05305705503,0.5961394317,0.3177405975,0,-1.228524804,4.410299345,-3.178146863
43.63,-64.98085923,0.05305685363,0.5961386232,0.3177410185,0,-1.228509536,4.410309379,-3.178157768
43.64,-64.98089572,0.05305665114,0.596137817,0.3177414377,0,-1.228494198,4.410319262,-3.178168716
43.65,-64.98093235,0.05305644756,0.5961370133,0.3177418551,0,-1.228478793,4.410328992,-3.178179706
43.66,-64.98096913,0.05305624291,0.5961362121,0.3177422707,0,-1.228463319,4.410338572,-3.178190739
43.67,-64.98100604,0.0530560372,0.5961354133,0.3177426844,0,-1.228447778,4.410348,-3.178201813
43.68,-64.9810431,0.05305583043,0.596134617,0.3177430964,0,-1.228432171,4.410357278,-3.178212929
43.69,-64.98108029,0.05305562261,0.5961338232,0.3177435066,0,-1.228416497,4.410366406,-3.178224086
43.7,-64.98111761,0.05305541375,0.5961330318,0.317743915,0,-1.228400757,4.410375384,-3.178235284
43.71,-64.98115507,0.05305520385,0.5961322428,0.3177443216,0,-1.228384953,4.410384213,-3.178246522
43.72,-64.98119267,0.05305499293,0.5961314564,0.3177447265,0,-1.228369084,4.410392893,-3.1782578
43.73,-64.98123039,0.053054781,0.5961306724,0.3177451295,0,-1.228353151,4.410401425,-3.178269118
43.74,-64.98126825,0.05305456805,0.5961298909,0.3177455307,0,-1.228337154,4.410409809,-3.178280475
43.75,-64.98130624,0.05305435411,0.5961291118,0.3177459301,0,-1.228321095,4.410418045,-3.178291871
43.76,-64.98134435,0.05305413917,0.5961283353,0.3177463277,0,-1.228304973,4.410426134,-3.178303305
43.77,-64.98138259,0.05305392325,0.5961275612,0.3177467235,0,-1.22828879,4.410434077,-3.178314778
43.78,-64.98142096,0.05305370635,0.5961267896,0.3177471175,0,-1.228272545,4.410441874,-3.178326288
43.79,-64.98145945,0.05305348849,0.5961260204,0.3177475098,0,-1.22825624,4.410449524,-3.178337836
43.8,-64.98149807,0.05305326966,0.5961252538,0.3177479002,0,-1.228239875,4.41045703,-3.178349421
43.81,-64.98153681,0.05305304988,0.5961244897,0.3177482888,0,-1.22822345,4.41046439,-3.178361042
43.82,-64.98157567,0.05305282915,0.596123728,0.3177486756,0,-1.228206966,4.410471607,-3.1783727
43.83,-64.98161465,0.05305260749,0.5961229688,0.3177490606,0,-1.228190423,4.410478679,-3.178384394
43.84,-64.98165374,0.0530523849,0.5961222122,0.3177494438,0,-1.228173823,4.410485607,-3.178396123
43.85,-64.98169296,0.05305216139,0.596121458,0.3177498252,0,-1.228157165,4.410492393,-3.178407888
43.86,-64.98173229,0.05305193697,0.5961207063,0.3177502049,0,-1.228140451,4.410499036,-3.178419687
43.87,-64.98177174,0.05305171164,0.5961199571,0.3177505827,0,-1.22812368,4.410505537,-3.178431521
43.88,-64.9818113,0.05305148542,0.5961192105,0.3177509587,0,-1.228106853,4.410511895,-3.178443389
43.89,-64.98185097,0.05305125831,0.5961184663,0.3177513329,0,-1.228089971,4.410518113,-3.178455291
43.9,-64.98189075,0.05305103031,0.5961177246,0.3177517053,0,-1.228073035,4.41052419,-3.178467226
43.91,-64.98193065,0.05305080144,0.5961169855,0.3177520759,0,-1.228056044,4.410530126,-3.178479194
43.92,-64.98197065,0.05305057171,0.5961162488,0.3177524447,0,-1.228038999,4.410535922,-3.178491195
43.93,-64.98201076,0.05305034111,0.5961155147,0.3177528118,0,-1.228021902,4.410541579,-3.178503228
43.94,-64.98205098,0.05305010967,0.5961147831,0.317753177,0,-1.228004752,4.410547097,-3.178515294
43.95,-64.9820913,0.05304987739,0.596114054,0.3177535404,0,-1.22798755,4.410552476,-3.178527391
43.96,-64.98213173,0.05304964427,0.5961133274,0.317753902,0,-1.227970296,4.410557717,-3.178539519
43.97,-64.98217226,0.05304941032,0.5961126033,0.3177542618,0,-1.227952992,4.41056282,-3.178551678
43.98,-64.98221289,0.05304917556,0.5961118817,0.3177546198,0,-1.227935637,4.410567786,-3.178563868
43.99,-64.98225362,0.05304893998,0.5961111627,0.3177549761,0,-1.227918232,4.410572615,-3.178576087
44,-64.98229446,0.0530487036,0.5961104461,0.3177553305,0,-1.227900778,4.410577307,-3.178588337
44.01,-64.98233539,0.05304846642,0.5961097321,0.3177556831,0,-1.227883275,4.410581864,-3.178600616
44.02,-64.98237642,0.05304822846,0.5961090206,0.317756034,0,-1.227865723,4.410586286,-3.178612925
44.03,-64.98241754,0.05304798971,0.5961083117,0.317756383,0,-1.227848124,4.410590572,-3.178625262
44.04,-64.98245876,0.05304775019,0.5961076052,0.3177567303,0,-1.227830477,4.410594724,-3.178637628
44.05,-64.98250007,0.05304750991,0.5961069013,0.3177570757,0,-1.227812784,4.410598742,-3.178650022
44.06,-64.98254148,0.05304726887,0.5961061999,0.3177574194,0,-1.227795045,4.410602626,-3.178662443
44.07,-64.98258297,0.05304702708,0.596105501,0.3177577612,0,-1.227777259,4.410606377,-3.178674892
44.08,-64.98262456,0.05304678454,0.5961048047,0.3177581013,0,-1.227759429,4.410609995,-3.178687369
44.09,-64.98266624,0.05304654127,0.5961041109,0.3177584396,0,-1.227741553,4.410613481,-3.178699872
44.1,-64.982708,0.05304629727,0.5961034196,0.3177587761,0,-1.227723634,4.410616836,-3.178712401
44.11,-64.98274985,0.05304605256,0.5961027308,0.3177591108,0,-1.227705671,4.410620059,-3.178724956
44.12,-64.98279179,0.05304580713,0.5961020446,0.3177594437,0,-1.227687665,4.410623151,-3.178737537
44.13,-64.98283381,0.05304556099,0.5961013609,0.3177597749,0,-1.227669616,4.410626113,-3.178750144
44.14,-64.98287592,0.05304531416,0.5961006797,0.3177601042,0,-1.227651525,4.410628945,-3.178762775
44.15,-64.98291811,0.05304506664,0.5961000011,0.3177604318,0,-1.227633392,4.410631647,-3.178775432
44.16,-64.98296037,0.05304481843,0.596099325,0.3177607575,0,-1.227615218,4.410634221,-3.178788112
44.17,-64.98300272,0.05304456955,0.5960986514,0.3177610815,0,-1.227597004,4.410636666,-3.178800817
44.18,-64.98304515,0.05304432,0.5960979804,0.3177614037,0,-1.227578749,4.410638983,-3.178813545
44.19,-64.98308766,0.05304406979,0.5960973118,0.3177617242,0,-1.227560455,4.410641172,-3.178826297
44.2,-64.98313024,0.05304381893,0.5960966459,0.3177620428,0,-1.227542121,4.410643234,-3.178839072
44.21,-64.9831729,0.05304356742,0.5960959824,0.3177623597,0,-1.227523749,4.41064517,-3.178851869
44.22,-64.98321563,0.05304331527,0.5960953215,0.3177626748,0,-1.227505339,4.410646979,-3.178864689
44.23,-64.98325844,0.05304306249,0.5960946631,0.3177629881,0,-1.227486891,4.410648663,-3.178877531
44.24,-64.98330131,0.05304280909,0.5960940072,0.3177632996,0,-1.227468406,4.410650222,-3.178890394
44.25,-64.98334426,0.05304255507,0.5960933539,0.3177636094,0,-1.227449885,4.410651656,-3.178903279
44.26,-64.98338728,0.05304230044,0.5960927031,0.3177639174,0,-1.227431327,4.410652965,-3.178916185
44.27,-64.98343037,0.05304204521,0.5960920549,0.3177642236,0,-1.227412734,4.410654151,-3.178929112
44.28,-64.98347353,0.05304178939,0.5960914092,0.317764528,0,-1.227394105,4.410655213,-3.178942059
44.29,-64.98351675,0.05304153297,0.596090766,0.3177648307,0,-1.227375442,4.410656153,-3.178955026
44.3,-64.98356004,0.05304127598,0.5960901253,0.3177651316,0,-1.227356745,4.41065697,-3.178968013
44.31,-64.9836034,0.05304101841,0.5960894872,0.3177654307,0,-1.227338014,4.410657665,-3.178981019
44.32,-64.98364681,0.05304076028,0.5960888516,0.3177657281,0,-1.227319249,4.410658239,-3.178994044
44.33,-64.9836903,0.05304050159,0.5960882185,0.3177660237,0,-1.227300452,4.410658692,-3.179007089
44.34,-64.98373384,0.05304024235,0.596087588,0.3177663176,0,-1.227281623,4.410659024,-3.179020151
44.35,-64.98377744,0.05303998256,0.59608696,0.3177666097,0,-1.227262762,4.410659237,-3.179033232
44.36,-64.9838211,0.05303972223,0.5960863345,0.3177669,0,-1.22724387,4.41065933,-3.179046331
44.37,-64.98386482,0.05303946137,0.5960857115,0.3177671886,0,-1.227224947,4.410659303,-3.179059447
44.38,-64.9839086,0.05303919999,0.5960850911,0.3177674754,0,-1.227205993,4.410659158,-3.17907258
44.39,-64.98395243,0.0530389381,0.5960844732,0.3177677604,0,-1.22718701,4.410658895,-3.17908573
44.4,-64.98399632,0.05303867569,0.5960838578,0.3177680437,0,-1.227167997,4.410658515,-3.179098897
44.41,-64.98404027,0.05303841278,0.596083245,0.3177683253,0,-1.227148956,4.410658017,-3.17911208
44.42,-64.98408426,0.05303814937,0.5960826347,0.3177686051,0,-1.227129886,4.410657403,-3.179125278
44.43,-64.98412831,0.05303788548,0.5960820269,0.3177688832,0,-1.227110788,4.410656672,-3.179138493
44.44,-64.98417241,0.0530376211,0.5960814216,0.3177691595,0,-1.227091662,4.410655826,-3.179151723
44.45,-64.98421656,0.05303735625,0.5960808189,0.3177694341,0,-1.22707251,4.410654864,-3.179164967
44.46,-64.98426076,0.05303709094,0.5960802186,0.3177697069,0,-1.227053331,4.410653788,-3.179178227
44.47,-64.984305,0.05303682516,0.5960796209,0.317769978,0,-1.227034126,4.410652597,-3.179191501
44.48,-64.9843493,0.05303655892,0.5960790258,0.3177702473,0,-1.227014895,4.410651292,-3.179204789
44.49,-64.98439363,0.05303629224,0.5960784331,0.3177705149,0,-1.226995639,4.410649874,-3.17921809
44.5,-64.98443802,0.05303602512,0.5960778429,0.3177707808,0,-1.226976358,4.410648344,-3.179231405
44.51,-64.98448245,0.05303575757,0.5960772553,0.317771045,0,-1.226957053,4.410646701,-3.179244734
44.52,-64.98452692,0.05303548958,0.5960766702,0.3177713074,0,-1.226937725,4.410644946,-3.179258075
44.53,-64.98457143,0.05303522118,0.5960760876,0.3177715681,0,-1.226918373,4.410643079,-3.179271428
44.54,-64.98461598,0.05303495237,0.5960755075,0.317771827,0,-1.226898998,4.410641102,-3.179284794
44.55,-64.98466057,0.05303468314,0.5960749299,0.3177720843,0,-1.226879601,4.410639015,-3.179298172
44.56,-64.98470521,0.05303441352,0.5960743548,0.3177723398,0,-1.226860181,4.410636817,-3.179311562
44.57,-64.98474988,0.0530341435,0.5960737823,0.3177725936,0,-1.22684074,4.41063451,-3.179324963
44.58,-64.98479458,0.0530338731,0.5960732122,0.3177728456,0,-1.226821279,4.410632093,-3.179338374
44.59,-64.98483932,0.05303360232,0.5960726447,0.317773096,0,-1.226801796,4.410629569,-3.179351797
44.6,-64.9848841,0.05303333116,0.5960720796,0.3177733446,0,-1.226782293,4.410626936,-3.17936523
44.61,-64.98492891,0.05303305964,0.5960715171,0.3177735916,0,-1.226762771,4.410624196,-3.179378673
44.62,-64.98497376,0.05303278776,0.5960709571,0.3177738368,0,-1.226743229,4.410621348,-3.179392127
44.63,-64.98501863,0.05303251552,0.5960703995,0.3177740803,0,-1.226723669,4.410618394,-3.179405589
44.64,-64.98506354,0.05303224294,0.5960698445,0.3177743221,0,-1.22670409,4.410615334,-3.179419061
44.65,-64.98510847,0.05303197001,0.5960692919,0.3177745622,0,-1.226684493,4.410612168,-3.179432542
44.66,-64.98515344,0.05303169676,0.5960687419,0.3177748006,0,-1.226664879,4.410608898,-3.179446032
44.67,-64.98519843,0.05303142317,0.5960681943,0.3177750373,0,-1.226645247,4.410605522,-3.17945953
44.68,-64.98524345,0.05303114926,0.5960676492,0.3177752723,0,-1.226625599,4.410602042,-3.179473036
44.69,-64.9852885,0.05303087504,0.5960671067,0.3177755056,0,-1.226605935,4.410598459,-3.179486551
44.7,-64.98533357,0.05303060051,0.5960665666,0.3177757373,0,-1.226586254,4.410594772,-3.179500072
44.71,-64.98537867,0.05303032568,0.596066029,0.3177759672,0,-1.226566559,4.410590983,-3.179513601
44.72,-64.98542379,0.05303005055,0.5960654939,0.3177761954,0,-1.226546848,4.410587091,-3.179527137
44.73,-64.98546893,0.05302977514,0.5960649612,0.317776422,0,-1.226527124,4.410583097,-3.17954068
44.74,-64.9855141,0.05302949944,0.5960644311,0.3177766469,0,-1.226507385,4.410579003,-3.179554229
44.75,-64.98555928,0.05302922346,0.5960639034,0.3177768701,0,-1.226487632,4.410574807,-3.179567784
44.76,-64.98560448,0.05302894722,0.5960633782,0.3177770916,0,-1.226467866,4.410570511,-3.179581345
44.77,-64.98564971,0.05302867071,0.5960628554,0.3177773115,0,-1.226448087,4.410566115,-3.179594912
44.78,-64.98569495,0.05302839394,0.5960623352,0.3177775296,0,-1.226428296,4.41056162,-3.179608484
44.79,-64.9857402,0.05302811692,0.5960618174,0.3177777462,0,-1.226408493,4.410557026,-3.179622061
44.8,-64.98578547,0.05302783966,0.596061302,0.317777961,0,-1.226388679,4.410552334,-3.179635642
44.81,-64.98583076,0.05302756216,0.5960607892,0.3177781742,0,-1.226368853,4.410547543,-3.179649229
44.82,-64.98587606,0.05302728442,0.5960602788,0.3177783857,0,-1.226349017,4.410542655,-3.179662819
44.83,-64.98592138,0.05302700646,0.5960597708,0.3177785956,0,-1.22632917,4.410537671,-3.179676413
44.84,-64.9859667,0.05302672828,0.5960592653,0.3177788038,0,-1.226309314,4.410532589,-3.179690011
44.85,-64.98601204,0.05302644989,0.5960587623,0.3177790103,0,-1.226289448,4.410527412,-3.179703613
44.86,-64.98605739,0.05302617128,0.5960582617,0.3177792152,0,-1.226269572,4.410522139,-3.179717217
44.87,-64.98610275,0.05302589248,0.5960577636,0.3177794185,0,-1.226249689,4.410516772,-3.179730825
44.88,-64.98614812,0.05302561347,0.5960572679,0.3177796201,0,-1.226229797,4.410511309,-3.179744435
44.89,-64.98619349,0.05302533428,0.5960567747,0.31777982,0,-1.226209897,4.410505753,-3.179758047
44.9,-64.98623887,0.05302505491,0.5960562839,0.3177800184,0,-1.22618999,4.410500103,-3.179771662
44.91,-64.98628426,0.05302477535,0.5960557955,0.3177802151,0,-1.226170075,4.41049436,-3.179785278
44.92,-64.98632965,0.05302449563,0.5960553096,0.3177804101,0,-1.226150154,4.410488524,-3.179798896
44.93,-64.98637505,0.05302421573,0.5960548261,0.3177806035,0,-1.226130227,4.410482596,-3.179812515
44.94,-64.98642045,0.05302393568,0.5960543451,0.3177807953,0,-1.226110294,4.410476576,-3.179826135
44.95,-64.98646585,0.05302365548,0.5960538665,0.3177809855,0,-1.226090355,4.410470466,-3.179839755
44.96,-64.98651126,0.05302337512,0.5960533903,0.3177811741,0,-1.226070412,4.410464264,-3.179853377
44.97,-64.98655666,0.05302309463,0.5960529165,0.317781361,0,-1.226050464,4.410457972,-3.179866998
44.98,-64.98660207,0.05302281399,0.5960524452,0.3177815463,0,-1.226030511,4.410451591,-3.17988062
44.99,-64.98664747,0.05302253323,0.5960519762,0.31778173,0,-1.226010555,4.41044512,-3.179894241
45,-64.98669287,0.05302225234,0.5960515097,0.3177819121,0,-1.225990595,4.41043856,-3.179907862
45.01,-64.98673827,0.05302197133,0.5960510456,0.3177820926,0,-1.225970632,4.410431912,-3.179921481
45.02,-64.98678367,0.05302169021,0.5960505839,0.3177822715,0,-1.225950666,4.410425177,-3.1799351
45.03,-64.98682906,0.05302140898,0.5960501246,0.3177824487,0,-1.225930698,4.410418354,-3.179948718
45.04,-64.98687445,0.05302112765,0.5960496677,0.3177826244,0,-1.225910728,4.410411444,-3.179962334
45.05,-64.98691983,0.05302084622,0.5960492132,0.3177827985,0,-1.225890757,4.410404447,-3.179975948
45.06,-64.9869652,0.05302056471,0.5960487612,0.317782971,0,-1.225870784,4.410397365,-3.17998956
45.07,-64.98701057,0.05302028311,0.5960483115,0.3177831419,0,-1.22585081,4.410390197,-3.18000317
45.08,-64.98705592,0.05302000142,0.5960478641,0.3177833112,0,-1.225830836,4.410382944,-3.180016777
45.09,-64.98710127,0.05301971967,0.5960474192,0.317783479,0,-1.225810862,4.410375607,-3.180030382
45.1,-64.98714661,0.05301943785,0.5960469767,0.3177836451,0,-1.225790888,4.410368186,-3.180043983
45.11,-64.98719194,0.05301915596,0.5960465365,0.3177838097,0,-1.225770915,4.410360681,-3.180057582
45.12,-64.98723725,0.05301887402,0.5960460988,0.3177839727,0,-1.225750943,4.410353093,-3.180071176
45.13,-64.98728256,0.05301859202,0.5960456634,0.3177841342,0,-1.225730972,4.410345422,-3.180084767
45.14,-64.98732785,0.05301830999,0.5960452303,0.317784294,0,-1.225711003,4.41033767,-3.180098354
45.15,-64.98737312,0.05301802791,0.5960447997,0.3177844523,0,-1.225691037,4.410329835,-3.180111937
45.16,-64.98741839,0.05301774579,0.5960443714,0.3177846091,0,-1.225671072,4.41032192,-3.180125516
45.17,-64.98746363,0.05301746365,0.5960439454,0.3177847643,0,-1.225651111,4.410313924,-3.180139089
45.18,-64.98750886,0.05301718148,0.5960435218,0.3177849179,0,-1.225631153,4.410305847,-3.180152658
45.19,-64.98755407,0.05301689929,0.5960431006,0.31778507,0,-1.225611198,4.410297691,-3.180166221
45.2,-64.98759926,0.05301661709,0.5960426817,0.3177852206,0,-1.225591247,4.410289455,-3.180179779
45.21,-64.98764444,0.05301633489,0.5960422652,0.3177853696,0,-1.225571301,4.410281141,-3.180193332
45.22,-64.98768959,0.05301605268,0.596041851,0.317785517,0,-1.225551359,4.410272748,-3.180206878
45.23,-64.98773473,0.05301577047,0.5960414392,0.3177856629,0,-1.225531423,4.410264278,-3.180220419
45.24,-64.98777984,0.05301548827,0.5960410297,0.3177858073,0,-1.225511491,4.41025573,-3.180233953
45.25,-64.98782493,0.05301520609,0.5960406225,0.3177859502,0,-1.225491566,4.410247105,-3.18024748
45.26,-64.98787,0.05301492392,0.5960402177,0.3177860915,0,-1.225471646,4.410238404,-3.180261001
45.27,-64.98791505,0.05301464178,0.5960398151,0.3177862313,0,-1.225451733,4.410229626,-3.180274515
45.28,-64.98796007,0.05301435966,0.5960394149,0.3177863696,0,-1.225431827,4.410220773,-3.180288021
45.29,-64.98800507,0.05301407758,0.596039017,0.3177865064,0,-1.225411928,4.410211845,-3.18030152
45.3,-64.98805004,0.05301379554,0.5960386215,0.3177866417,0,-1.225392036,4.410202843,-3.180315012
45.31,-64.98809498,0.05301351355,0.5960382282,0.3177867754,0,-1.225372152,4.410193766,-3.180328495
45.32,-64.9881399,0.0530132316,0.5960378373,0.3177869077,0,-1.225352276,4.410184616,-3.18034197
45.33,-64.98818479,0.05301294971,0.5960374486,0.3177870384,0,-1.225332408,4.410175392,-3.180355437
45.34,-64.98822965,0.05301266788,0.5960370623,0.3177871676,0,-1.22531255,4.410166096,-3.180368896
45.35,-64.98827448,0.05301238611,0.5960366782,0.3177872954,0,-1.2252927,4.410156728,-3.180382345
45.36,-64.98831929,0.05301210442,0.5960362965,0.3177874217,0,-1.22527286,4.410147287,-3.180395786
45.37,-64.98836406,0.0530118228,0.596035917,0.3177875464,0,-1.22525303,4.410137776,-3.180409217
45.38,-64.9884088,0.05301154126,0.5960355398,0.3177876697,0,-1.22523321,4.410128193,-3.180422639
45.39,-64.9884535,0.0530112598,0.5960351649,0.3177877915,0,-1.2252134,4.41011854,-3.180436051
45.4,-64.98849818,0.05301097843,0.5960347922,0.3177879119,0,-1.225193601,4.410108818,-3.180449453
45.41,-64.98854282,0.05301069716,0.5960344219,0.3177880307,0,-1.225173813,4.410099025,-3.180462845
45.42,-64.98858742,0.05301041599,0.5960340538,0.3177881481,0,-1.225154037,4.410089164,-3.180476227
45.43,-64.988632,0.05301013493,0.5960336879,0.317788264,0,-1.225134272,4.410079234,-3.180489599
45.44,-64.98867653,0.05300985397,0.5960333243,0.3177883785,0,-1.225114519,4.410069236,-3.180502959
45.45,-64.98872103,0.05300957313,0.596032963,0.3177884915,0,-1.225094779,4.41005917,-3.180516309
45.46,-64.98876549,0.0530092924,0.5960326039,0.3177886031,0,-1.225075052,4.410049038,-3.180529648
45.47,-64.98880992,0.0530090118,0.5960322471,0.3177887131,0,-1.225055337,4.410038838,-3.180542975
45.48,-64.9888543,0.05300873133,0.5960318925,0.3177888218,0,-1.225035636,4.410028572,-3.180556291
45.49,-64.98889865,0.053008451,0.5960315402,0.317788929,0,-1.225015949,4.410018241,-3.180569595
45.5,-64.98894296,0.0530081708,0.5960311901,0.3177890348,0,-1.224996275,4.410007844,-3.180582887
45.51,-64.98898722,0.05300789074,0.5960308422,0.3177891391,0,-1.224976616,4.409997382,-3.180596167
45.52,-64.98903145,0.05300761083,0.5960304965,0.317789242,0,-1.224956971,4.409986856,-3.180609435
45.53,-64.98907563,0.05300733108,0.5960301531,0.3177893435,0,-1.224937342,4.409976266,-3.18062269
45.54,-64.98911977,0.05300705148,0.5960298119,0.3177894435,0,-1.224917727,4.409965612,-3.180635932
45.55,-64.98916387,0.05300677204,0.5960294728,0.3177895421,0,-1.224898128,4.409954895,-3.180649161
45.56,-64.98920792,0.05300649277,0.596029136,0.3177896393,0,-1.224878545,4.409944116,-3.180662377
45.57,-64.98925193,0.05300621367,0.5960288014,0.3177897351,0,-1.224858978,4.409933274,-3.18067558
45.58,-64.9892959,0.05300593475,0.596028469,0.3177898295,0,-1.224839427,4.409922371,-3.18068877
45.59,-64.98933982,0.053005656,0.5960281388,0.3177899225,0,-1.224819893,4.409911406,-3.180701945
45.6,-64.98938369,0.05300537744,0.5960278108,0.3177900141,0,-1.224800376,4.409900381,-3.180715107
45.61,-64.98942752,0.05300509907,0.596027485,0.3177901042,0,-1.224780876,4.409889295,-3.180728255
45.62,-64.98947129,0.05300482089,0.5960271613,0.317790193,0,-1.224761394,4.409878149,-3.180741388
45.63,-64.98951502,0.05300454291,0.5960268399,0.3177902804,0,-1.22474193,4.409866944,-3.180754507
45.64,-64.9895587,0.05300426513,0.5960265206,0.3177903664,0,-1.224722484,4.40985568,-3.180767611
45.65,-64.98960233,0.05300398756,0.5960262034,0.317790451,0,-1.224703056,4.409844357,-3.1807807
45.66,-64.98964591,0.0530037102,0.5960258884,0.3177905343,0,-1.224683647,4.409832977,-3.180793774
45.67,-64.98968944,0.05300343305,0.5960255756,0.3177906162,0,-1.224664257,4.409821538,-3.180806833
45.68,-64.98973292,0.05300315613,0.596025265,0.3177906967,0,-1.224644887,4.409810042,-3.180819877
45.69,-64.98977635,0.05300287943,0.5960249565,0.3177907758,0,-1.224625536,4.40979849,-3.180832905
45.7,-64.98981972,0.05300260296,0.5960246501,0.3177908536,0,-1.224606205,4.409786881,-3.180845917
45.71,-64.98986305,0.05300232671,0.5960243459,0.31779093,0,-1.224586894,4.409775216,-3.180858914
45.72,-64.98990631,0.05300205071,0.5960240438,0.3177910051,0,-1.224567603,4.409763496,-3.180871894
45.73,-64.98994953,0.05300177495,0.5960237438,0.3177910788,0,-1.224548333,4.409751721,-3.180884858
45.74,-64.98999268,0.05300149943,0.596023446,0.3177911511,0,-1.224529085,4.409739891,-3.180897805
45.75,-64.99003578,0.05300122416,0.5960231502,0.3177912221,0,-1.224509857,4.409728007,-3.180910735
45.76,-64.99007883,0.05300094915,0.5960228566,0.3177912918,0,-1.224490651,4.40971607,-3.180923649
45.77,-64.99012182,0.0530006744,0.5960225651,0.3177913602,0,-1.224471467,4.409704079,-3.180936546
45.78,-64.99016475,0.0530003999,0.5960222758,0.3177914272,0,-1.224452305,4.409692035,-3.180949426
45.79,-64.99020763,0.05300012567,0.5960219885,0.3177914929,0,-1.224433165,4.409679939,-3.180962288
45.8,-64.99025044,0.05299985172,0.5960217033,0.3177915573,0,-1.224414048,4.409667791,-3.180975132
45.81,-64.9902932,0.05299957803,0.5960214202,0.3177916203,0,-1.224394954,4.409655591,-3.180987959
45.82,-64.99033589,0.05299930463,0.5960211392,0.317791682,0,-1.224375883,4.409643341,-3.181000768
45.83,-64.99037853,0.0529990315,0.5960208602,0.3177917425,0,-1.224356835,4.409631039,-3.181013559
45.84,-64.99042111,0.05299875867,0.5960205834,0.3177918016,0,-1.224337811,4.409618688,-3.181026332
45.85,-64.99046362,0.05299848612,0.5960203086,0.3177918594,0,-1.22431881,4.409606287,-3.181039087
45.86,-64.99050608,0.05299821387,0.5960200359,0.3177919159,0,-1.224299834,4.409593836,-3.181051823
45.87,-64.99054847,0.05299794191,0.5960197652,0.3177919712,0,-1.224280883,4.409581337,-3.18106454
45.88,-64.99059079,0.05299767026,0.5960194967,0.3177920251,0,-1.224261956,4.409568789,-3.181077238
45.89,-64.99063306,0.05299739892,0.5960192301,0.3177920777,0,-1.224243054,4.409556193,-3.181089917
45.9,-64.99067526,0.05299712788,0.5960189656,0.3177921291,0,-1.224224177,4.409543549,-3.181102577
45.91,-64.99071739,0.05299685716,0.5960187032,0.3177921792,0,-1.224205326,4.409530858,-3.181115218
45.92,-64.99075946,0.05299658675,0.5960184427,0.317792228,0,-1.2241865,4.40951812,-3.181127839
45.93,-64.99080147,0.05299631667,0.5960181844,0.3177922756,0,-1.224167701,4.409505336,-3.181140441
45.94,-64.99084341,0.05299604691,0.596017928,0.3177923219,0,-1.224148927,4.409492506,-3.181153022
45.95,-64.99088528,0.05299577748,0.5960176737,0.3177923669,0,-1.22413018,4.409479631,-3.181165584
45.96,-64.99092708,0.05299550838,0.5960174213,0.3177924107,0,-1.224111459,4.409466711,-3.181178125
45.97,-64.99096882,0.05299523962,0.596017171,0.3177924532,0,-1.224092766,4.409453745,-3.181190647
45.98,-64.99101049,0.0529949712,0.5960169227,0.3177924945,0,-1.224074099,4.409440736,-3.181203147
45.99,-64.99105209,0.05299470312,0.5960166764,0.3177925345,0,-1.22405546,4.409427683,-3.181215627
46,-64.99109362,0.05299443539,0.5960164321,0.3177925733,0,-1.224036849,4.409414586,-3.181228087
46.01,-64.99113508,0.05299416801,0.5960161898,0.3177926108,0,-1.224018265,4.409401447,-3.181240525
46.02,-64.99117648,0.05299390098,0.5960159494,0.3177926472,0,-1.22399971,4.409388264,-3.181252943
46.03,-64.9912178,0.05299363431,0.5960157111,0.3177926822,0,-1.223981182,4.40937504,-3.181265339
46.04,-64.99125905,0.05299336801,0.5960154747,0.3177927161,0,-1.223962684,4.409361774,-3.181277714
46.05,-64.99130022,0.05299310207,0.5960152403,0.3177927488,0,-1.223944214,4.409348467,-3.181290067
46.06,-64.99134133,0.0529928365,0.5960150079,0.3177927802,0,-1.223925773,4.409335119,-3.181302399
46.07,-64.99138236,0.0529925713,0.5960147774,0.3177928104,0,-1.223907361,4.40932173,-3.181314709
46.08,-64.99142332,0.05299230647,0.5960145488,0.3177928395,0,-1.223888979,4.409308301,-3.181326997
46.09,-64.99146421,0.05299204203,0.5960143223,0.3177928673,0,-1.223870626,4.409294833,-3.181339263
46.1,-64.99150502,0.05299177796,0.5960140976,0.3177928939,0,-1.223852304,4.409281325,-3.181351506
46.11,-64.99154576,0.05299151429,0.5960138749,0.3177929194,0,-1.223834011,4.409267779,-3.181363728
46.12,-64.99158642,0.052991251,0.5960136541,0.3177929436,0,-1.223815749,4.409254194,-3.181375927
46.13,-64.99162701,0.05299098811,0.5960134353,0.3177929667,0,-1.223797517,4.409240571,-3.181388103
46.14,-64.99166752,0.05299072561,0.5960132184,0.3177929886,0,-1.223779316,4.40922691,-3.181400256
46.15,-64.99170796,0.05299046351,0.5960130034,0.3177930093,0,-1.223761146,4.409213212,-3.181412387
46.16,-64.99174831,0.05299020181,0.5960127903,0.3177930288,0,-1.223743008,4.409199478,-3.181424494
46.17,-64.9917886,0.05298994052,0.5960125791,0.3177930472,0,-1.2237249,4.409185707,-3.181436579
46.18,-64.9918288,0.05298967964,0.5960123698,0.3177930644,0,-1.223706825,4.4091719,-3.18144864
46.19,-64.99186892,0.05298941918,0.5960121624,0.3177930804,0,-1.223688781,4.409158057,-3.181460677
46.2,-64.99190897,0.05298915912,0.5960119569,0.3177930953,0,-1.223670769,4.409144179,-3.181472691
46.21,-64.99194894,0.05298889949,0.5960117533,0.3177931091,0,-1.223652789,4.409130267,-3.181484681
46.22,-64.99198883,0.05298864028,0.5960115515,0.3177931217,0,-1.223634842,4.40911632,-3.181496648
46.23,-64.99202863,0.05298838149,0.5960113517,0.3177931331,0,-1.223616927,4.409102339,-3.18150859
46.24,-64.99206836,0.05298812314,0.5960111537,0.3177931434,0,-1.223599046,4.409088324,-3.181520509
46.25,-64.99210801,0.05298786521,0.5960109575,0.3177931526,0,-1.223581197,4.409074277,-3.181532403
46.26,-64.99214758,0.05298760772,0.5960107632,0.3177931607,0,-1.223563381,4.409060196,-3.181544273
46.27,-64.99218706,0.05298735067,0.5960105708,0.3177931676,0,-1.223545599,4.409046083,-3.181556118
46.28,-64.99222646,0.05298709406,0.5960103802,0.3177931734,0,-1.223527851,4.409031938,-3.181567939
46.29,-64.99226578,0.05298683789,0.5960101915,0.3177931782,0,-1.223510136,4.409017762,-3.181579735
46.3,-64.99230502,0.05298658217,0.5960100045,0.3177931817,0,-1.223492456,4.409003554,-3.181591506
46.31,-64.99234418,0.0529863269,0.5960098195,0.3177931842,0,-1.223474809,4.408989315,-3.181603253
46.32,-64.99238325,0.05298607208,0.5960096362,0.3177931856,0,-1.223457197,4.408975046,-3.181614974
46.33,-64.99242223,0.05298581771,0.5960094547,0.3177931859,0,-1.22343962,4.408960747,-3.18162667
46.34,-64.99246113,0.05298556381,0.5960092751,0.3177931851,0,-1.223422077,4.408946418,-3.18163834
46.35,-64.99249995,0.05298531037,0.5960090973,0.3177931832,0,-1.22340457,4.40893206,-3.181649986
46.36,-64.99253868,0.05298505739,0.5960089213,0.3177931802,0,-1.223387097,4.408917673,-3.181661605
46.37,-64.99257733,0.05298480488,0.596008747,0.3177931762,0,-1.22336966,4.408903257,-3.181673199
46.38,-64.99261589,0.05298455284,0.5960085746,0.317793171,0,-1.223352258,4.408888813,-3.181684768
46.39,-64.99265437,0.05298430128,0.5960084039,0.3177931648,0,-1.223334892,4.408874342,-3.18169631
46.4,-64.99269276,0.05298405018,0.596008235,0.3177931576,0,-1.223317562,4.408859843,-3.181707827
46.41,-64.99273106,0.05298379957,0.5960080679,0.3177931492,0,-1.223300268,4.408845317,-3.181719317
46.42,-64.99276927,0.05298354944,0.5960079026,0.3177931398,0,-1.22328301,4.408830765,-3.181730781
46.43,-64.9928074,0.0529832998,0.596007739,0.3177931294,0,-1.223265788,4.408816186,-3.181742219
46.44,-64.99284543,0.05298305064,0.5960075772,0.3177931179,0,-1.223248603,4.408801581,-3.18175363
46.45,-64.99288338,0.05298280197,0.5960074171,0.3177931054,0,-1.223231455,4.408786951,-3.181765015
46.46,-64.99292124,0.05298255379,0.5960072588,0.3177930918,0,-1.223214344,4.408772296,-3.181776373
46.47,-64.99295901,0.05298230611,0.5960071022,0.3177930772,0,-1.223197269,4.408757616,-3.181787704
46.48,-64.9929967,0.05298205893,0.5960069473,0.3177930615,0,-1.223180232,4.408742912,-3.181799009
46.49,-64.99303429,0.05298181224,0.5960067942,0.3177930448,0,-1.223163233,4.408728184,-3.181810286
46.5,-64.99307179,0.05298156606,0.5960066428,0.3177930271,0,-1.223146271,4.408713432,-3.181821537
46.51,-64.9931092,0.05298132039,0.5960064931,0.3177930084,0,-1.223129346,4.408698657,-3.18183276
46.52,-64.99314652,0.05298107522,0.5960063451,0.3177929887,0,-1.22311246,4.408683859,-3.181843956
46.53,-64.99318375,0.05298083056,0.5960061988,0.317792968,0,-1.223095611,4.408669038,-3.181855124
46.54,-64.99322089,0.05298058642,0.5960060542,0.3177929462,0,-1.223078801,4.408654196,-3.181866266
46.55,-64.99325793,0.05298034279,0.5960059113,0.3177929235,0,-1.223062029,4.408639331,-3.181877379
46.56,-64.99329488,0.05298009969,0.5960057701,0.3177928997,0,-1.223045296,4.408624445,-3.181888465
46.57,-64.99333174,0.0529798571,0.5960056306,0.317792875,0,-1.223028601,4.408609538,-3.181899523
46.58,-64.99336851,0.05297961503,0.5960054927,0.3177928493,0,-1.223011946,4.408594611,-3.181910554
46.59,-64.99340519,0.05297937349,0.5960053565,0.3177928226,0,-1.222995329,4.408579663,-3.181921556
46.6,-64.99344177,0.05297913248,0.596005222,0.3177927949,0,-1.222978751,4.408564695,-3.18193253
46.61,-64.99347825,0.052978892,0.5960050892,0.3177927662,0,-1.222962213,4.408549708,-3.181943476
46.62,-64.99351465,0.05297865205,0.5960049579,0.3177927366,0,-1.222945714,4.408534701,-3.181954394
46.63,-64.99355095,0.05297841264,0.5960048284,0.317792706,0,-1.222929254,4.408519675,-3.181965284
46.64,-64.99358715,0.05297817376,0.5960047005,0.3177926745,0,-1.222912834,4.408504631,-3.181976145
46.65,-64.99362326,0.05297793543,0.5960045742,0.317792642,0,-1.222896455,4.408489569,-3.181986978
46.66,-64.99365927,0.05297769763,0.5960044495,0.3177926085,0,-1.222880115,4.408474489,-3.181997782
46.67,-64.99369519,0.05297746038,0.5960043265,0.3177925741,0,-1.222863815,4.408459391,-3.182008557
46.68,-64.99373101,0.05297722368,0.5960042051,0.3177925387,0,-1.222847556,4.408444276,-3.182019304
46.69,-64.99376674,0.05297698753,0.5960040852,0.3177925025,0,-1.222831337,4.408429145,-3.182030022
46.7,-64.99380237,0.05297675192,0.596003967,0.3177924652,0,-1.222815158,4.408413997,-3.182040711
46.71,-64.9938379,0.05297651687,0.5960038504,0.3177924271,0,-1.222799021,4.408398833,-3.182051371
46.72,-64.99387334,0.05297628238,0.5960037354,0.317792388,0,-1.222782924,4.408383653,-3.182062001
46.73,-64.99390868,0.05297604844,0.596003622,0.317792348,0,-1.222766868,4.408368458,-3.182072603
46.74,-64.99394392,0.05297581506,0.5960035102,0.3177923071,0,-1.222750853,4.408353248,-3.182083175
46.75,-64.99397906,0.05297558225,0.5960033999,0.3177922652,0,-1.22273488,4.408338023,-3.182093718
46.76,-64.99401411,0.05297535,0.5960032912,0.3177922225,0,-1.222718948,4.408322784,-3.182104232
46.77,-64.99404905,0.05297511831,0.5960031841,0.3177921789,0,-1.222703057,4.40830753,-3.182114716
46.78,-64.9940839,0.05297488719,0.5960030785,0.3177921343,0,-1.222687208,4.408292264,-3.18212517
46.79,-64.99411865,0.05297465664,0.5960029745,0.3177920889,0,-1.222671401,4.408276983,-3.182135595
46.8,-64.9941533,0.05297442667,0.596002872,0.3177920426,0,-1.222655635,4.40826169,-3.18214599
46.81,-64.99418785,0.05297419727,0.5960027711,0.3177919953,0,-1.222639912,4.408246384,-3.182156355
46.82,-64.9942223,0.05297396844,0.5960026717,0.3177919473,0,-1.22262423,4.408231066,-3.182166691
46.83,-64.99425665,0.05297374019,0.5960025738,0.3177918983,0,-1.222608591,4.408215736,-3.182176996
46.84,-64.99429091,0.05297351253,0.5960024774,0.3177918484,0,-1.222592994,4.408200394,-3.182187272
46.85,-64.99432506,0.05297328544,0.5960023826,0.3177917977,0,-1.22257744,4.408185041,-3.182197517
46.86,-64.99435911,0.05297305894,0.5960022893,0.3177917462,0,-1.222561928,4.408169677,-3.182207732
46.87,-64.99439306,0.05297283302,0.5960021975,0.3177916937,0,-1.222546459,4.408154302,-3.182217917
46.88,-64.99442691,0.0529726077,0.5960021072,0.3177916404,0,-1.222531033,4.408138917,-3.182228072
46.89,-64.99446065,0.05297238296,0.5960020184,0.3177915863,0,-1.22251565,4.408123522,-3.182238196
46.9,-64.9944943,0.05297215881,0.596001931,0.3177915313,0,-1.22250031,4.408108117,-3.18224829
46.91,-64.99452784,0.05297193526,0.5960018452,0.3177914755,0,-1.222485012,4.408092703,-3.182258353
46.92,-64.99456129,0.0529717123,0.5960017608,0.3177914188,0,-1.222469759,4.40807728,-3.182268386
46.93,-64.99459463,0.05297148993,0.5960016779,0.3177913613,0,-1.222454548,4.408061848,-3.182278388
46.94,-64.99462786,0.05297126817,0.5960015964,0.317791303,0,-1.222439381,4.408046408,-3.182288359
46.95,-64.994661,0.052971047,0.5960015165,0.3177912438,0,-1.222424258,4.408030959,-3.1822983
46.96,-64.99469403,0.05297082644,0.5960014379,0.3177911839,0,-1.222409178,4.408015503,-3.18230821
46.97,-64.99472696,0.05297060648,0.5960013608,0.3177911231,0,-1.222394142,4.40800004,-3.182318088
46.98,-64.99475979,0.05297038713,0.5960012852,0.3177910615,0,-1.22237915,4.40798457,-3.182327936
46.99,-64.99479251,0.05297016838,0.596001211,0.3177909991,0,-1.222364202,4.407969092,-3.182337753
47,-64.99482513,0.05296995025,0.5960011382,0.3177909359,0,-1.222349298,4.407953608,-3.182347539
47.01,-64.99485765,0.05296973272,0.5960010668,0.3177908719,0,-1.222334438,4.407938119,-3.182357294
47.02,-64.99489006,0.0529695158,0.5960009969,0.3177908071,0,-1.222319622,4.407922623,-3.182367017
47.03,-64.99492237,0.0529692995,0.5960009284,0.3177907415,0,-1.222304851,4.407907122,-3.18237671
47.04,-64.99495457,0.05296908381,0.5960008612,0.3177906751,0,-1.222290124,4.407891615,-3.182386371
47.05,-64.99498667,0.05296886874,0.5960007955,0.317790608,0,-1.222275442,4.407876104,-3.182396001
47.06,-64.99501866,0.05296865429,0.5960007312,0.31779054,0,-1.222260805,4.407860588,-3.182405599
47.07,-64.99505055,0.05296844046,0.5960006682,0.3177904713,0,-1.222246212,4.407845067,-3.182415166
47.08,-64.99508234,0.05296822725,0.5960006066,0.3177904019,0,-1.222231664,4.407829543,-3.182424701
47.09,-64.99511402,0.05296801466,0.5960005464,0.3177903317,0,-1.222217161,4.407814015,-3.182434205
47.1,-64.99514559,0.05296780269,0.5960004876,0.3177902607,0,-1.222202703,4.407798484,-3.182443677
47.11,-64.99517706,0.05296759135,0.5960004301,0.3177901889,0,-1.22218829,4.407782949,-3.182453117
47.12,-64.99520842,0.05296738064,0.596000374,0.3177901164,0,-1.222173922,4.407767412,-3.182462526
47.13,-64.99523968,0.05296717056,0.5960003193,0.3177900432,0,-1.2221596,4.407751873,-3.182471903
47.14,-64.99527083,0.0529669611,0.5960002659,0.3177899692,0,-1.222145322,4.407736331,-3.182481248
47.15,-64.99530187,0.05296675228,0.5960002138,0.3177898945,0,-1.222131091,4.407720787,-3.182490562
47.16,-64.99533281,0.05296654409,0.5960001631,0.3177898191,0,-1.222116904,4.407705242,-3.182499843
47.17,-64.99536364,0.05296633653,0.5960001137,0.3177897429,0,-1.222102764,4.407689695,-3.182509093
47.18,-64.99539437,0.05296612961,0.5960000656,0.317789666,0,-1.222088669,4.407674148,-3.18251831
47.19,-64.99542499,0.05296592333,0.5960000188,0.3177895884,0,-1.222074619,4.4076586,-3.182527496
47.2,-64.9954555,0.05296571768,0.5959999733,0.31778951,0,-1.222060616,4.407643051,-3.182536649
47.21,-64.9954859,0.05296551267,0.5959999292,0.317789431,0,-1.222046658,4.407627502,-3.18254577
47.22,-64.9955162,0.05296530831,0.5959998863,0.3177893512,0,-1.222032747,4.407611954,-3.182554859
47.23,-64.99554639,0.05296510458,0.5959998447,0.3177892708,0,-1.222018881,4.407596406,-3.182563916
47.24,-64.99557647,0.0529649015,0.5959998044,0.3177891896,0,-1.222005062,4.407580858,-3.182572941
47.25,-64.99560644,0.05296469906,0.5959997654,0.3177891078,0,-1.221991288,4.407565312,-3.182581933
47.26,-64.99563631,0.05296449726,0.5959997277,0.3177890252,0,-1.221977561,4.407549767,-3.182590894
47.27,-64.99566607,0.05296429612,0.5959996912,0.317788942,0,-1.22196388,4.407534224,-3.182599821
47.28,-64.99569572,0.05296409562,0.595999656,0.3177888581,0,-1.221950246,4.407518682,-3.182608717
47.29,-64.99572527,0.05296389577,0.5959996221,0.3177887735,0,-1.221936658,4.407503143,-3.18261758
47.3,-64.9957547,0.05296369657,0.5959995894,0.3177886883,0,-1.221923116,4.407487606,-3.18262641
47.31,-64.99578403,0.05296349802,0.5959995579,0.3177886024,0,-1.221909621,4.407472072,-3.182635208
47.32,-64.99581325,0.05296330012,0.5959995277,0.3177885158,0,-1.221896173,4.407456541,-3.182643974
47.33,-64.99584235,0.05296310287,0.5959994988,0.3177884285,0,-1.221882771,4.407441013,-3.182652706
47.34,-64.99587136,0.05296290628,0.595999471,0.3177883406,0,-1.221869416,4.407425489,-3.182661407
47.35,-64.99590025,0.05296271035,0.5959994445,0.3177882521,0,-1.221856108,4.407409968,-3.182670074
47.36,-64.99592903,0.05296251507,0.5959994191,0.3177881629,0,-1.221842846,4.407394452,-3.182678709
47.37,-64.99595771,0.05296232045,0.595999395,0.317788073,0,-1.221829632,4.40737894,-3.182687312
47.38,-64.99598627,0.05296212648,0.5959993721,0.3177879826,0,-1.221816464,4.407363433,-3.182695881
47.39,-64.99601473,0.05296193318,0.5959993504,0.3177878915,0,-1.221803344,4.40734793,-3.182704418
47.4,-64.99604307,0.05296174053,0.5959993299,0.3177877997,0,-1.22179027,4.407332433,-3.182712922
47.41,-64.99607131,0.05296154855,0.5959993106,0.3177877074,0,-1.221777244,4.407316941,-3.182721394
47.42,-64.99609944,0.05296135723,0.5959992924,0.3177876144,0,-1.221764265,4.407301455,-3.182729832
47.43,-64.99612746,0.05296116657,0.5959992754,0.3177875208,0,-1.221751333,4.407285975,-3.182738238
47.44,-64.99615537,0.05296097658,0.5959992596,0.3177874265,0,-1.221738448,4.407270502,-3.182746611
47.45,-64.99618317,0.05296078725,0.595999245,0.3177873317,0,-1.221725611,4.407255034,-3.182754951
47.46,-64.99621086,0.05296059858,0.5959992315,0.3177872363,0,-1.221712821,4.407239574,-3.182763257
47.47,-64.99623844,0.05296041058,0.5959992192,0.3177871402,0,-1.221700078,4.407224121,-3.182771531
47.48,-64.99626591,0.05296022325,0.595999208,0.3177870436,0,-1.221687383,4.407208674,-3.182779773
47.49,-64.99629327,0.05296003659,0.5959991979,0.3177869464,0,-1.221674735,4.407193236,-3.182787981
47.5,-64.99632052,0.0529598506,0.595999189,0.3177868486,0,-1.221662135,4.407177805,-3.182796156
47.51,-64.99634766,0.05295966527,0.5959991812,0.3177867502,0,-1.221649582,4.407162382,-3.182804298
47.52,-64.99637469,0.05295948062,0.5959991745,0.3177866512,0,-1.221637077,4.407146968,-3.182812407
47.53,-64.99640161,0.05295929664,0.5959991689,0.3177865517,0,-1.22162462,4.407131562,-3.182820483
47.54,-64.99642842,0.05295911333,0.5959991645,0.3177864516,0,-1.22161221,4.407116165,-3.182828525
47.55,-64.99645512,0.05295893069,0.5959991611,0.3177863509,0,-1.221599848,4.407100777,-3.182836535
47.56,-64.99648171,0.05295874872,0.5959991589,0.3177862496,0,-1.221587534,4.407085399,-3.182844512
47.57,-64.99650818,0.05295856743,0.5959991577,0.3177861478,0,-1.221575268,4.40707003,-3.182852455
47.58,-64.99653455,0.05295838682,0.5959991576,0.3177860455,0,-1.221563049,4.40705467,-3.182860366
47.59,-64.99656081,0.05295820687,0.5959991586,0.3177859425,0,-1.221550878,4.407039321,-3.182868243
47.6,-64.99658696,0.05295802761,0.5959991607,0.3177858391,0,-1.221538755,4.407023983,-3.182876087
47.61,-64.99661299,0.05295784902,0.5959991639,0.3177857351,0,-1.22152668,4.407008654,-3.182883898
47.62,-64.99663892,0.05295767111,0.5959991681,0.3177856305,0,-1.221514653,4.406993337,-3.182891675
47.63,-64.99666473,0.05295749388,0.5959991733,0.3177855255,0,-1.221502674,4.40697803,-3.18289942
47.64,-64.99669044,0.05295731732,0.5959991797,0.3177854199,0,-1.221490743,4.406962735,-3.182907131
47.65,-64.99671603,0.05295714145,0.595999187,0.3177853137,0,-1.22147886,4.406947451,-3.182914809
47.66,-64.99674151,0.05295696625,0.5959991954,0.3177852071,0,-1.221467025,4.40693218,-3.182922454
47.67,-64.99676688,0.05295679173,0.5959992049,0.3177850999,0,-1.221455238,4.40691692,-3.182930065
47.68,-64.99679214,0.0529566179,0.5959992153,0.3177849922,0,-1.221443499,4.406901672,-3.182937643
47.69,-64.99681729,0.05295644474,0.5959992268,0.317784884,0,-1.221431808,4.406886437,-3.182945188
47.7,-64.99684233,0.05295627227,0.5959992393,0.3177847753,0,-1.221420166,4.406871214,-3.1829527
47.71,-64.99686726,0.05295610047,0.5959992528,0.3177846661,0,-1.221408571,4.406856005,-3.182960178
47.72,-64.99689208,0.05295592936,0.5959992673,0.3177845564,0,-1.221397025,4.406840808,-3.182967623
47.73,-64.99691678,0.05295575894,0.5959992829,0.3177844462,0,-1.221385527,4.406825625,-3.182975035
47.74,-64.99694138,0.0529555892,0.5959992994,0.3177843355,0,-1.221374077,4.406810456,-3.182982414
47.75,-64.99696586,0.05295542014,0.5959993169,0.3177842244,0,-1.221362675,4.4067953,-3.182989759
47.76,-64.99699024,0.05295525176,0.5959993354,0.3177841127,0,-1.221351322,4.406780158,-3.182997071
47.77,-64.9970145,0.05295508407,0.5959993548,0.3177840006,0,-1.221340016,4.406765031,-3.18300435
47.78,-64.99703865,0.05295491706,0.5959993752,0.317783888,0,-1.22132876,4.406749918,-3.183011595
47.79,-64.99706269,0.05295475074,0.5959993966,0.3177837749,0,-1.221317551,4.40673482,-3.183018807
47.8,-64.99708662,0.05295458511,0.595999419,0.3177836614,0,-1.221306391,4.406719737,-3.183025986
47.81,-64.99711044,0.05295442016,0.5959994423,0.3177835474,0,-1.221295278,4.406704669,-3.183033131
47.82,-64.99713414,0.0529542559,0.5959994666,0.3177834329,0,-1.221284215,4.406689617,-3.183040243
47.83,-64.99715774,0.05295409232,0.5959994918,0.317783318,0,-1.221273199,4.40667458,-3.183047322
47.84,-64.99718123,0.05295392943,0.5959995179,0.3177832026,0,-1.221262232,4.406659559,-3.183054368
47.85,-64.9972046,0.05295376723,0.595999545,0.3177830868,0,-1.221251313,4.406644554,-3.18306138
47.86,-64.99722786,0.05295360571,0.595999573,0.3177829706,0,-1.221240443,4.406629565,-3.183068359
47.87,-64.99725101,0.05295344488,0.5959996019,0.3177828539,0,-1.221229621,4.406614593,-3.183075304
47.88,-64.99727406,0.05295328474,0.5959996317,0.3177827368,0,-1.221218847,4.406599637,-3.183082217
47.89,-64.99729699,0.05295312529,0.5959996624,0.3177826192,0,-1.221208122,4.406584698,-3.183089096
47.9,-64.99731981,0.05295296653,0.5959996941,0.3177825012,0,-1.221197445,4.406569776,-3.183095942
47.91,-64.99734251,0.05295280845,0.5959997266,0.3177823828,0,-1.221186816,4.406554872,-3.183102754
47.92,-64.99736511,0.05295265107,0.59599976,0.317782264,0,-1.221176235,4.406539985,-3.183109534
47.93,-64.9973876,0.05295249437,0.5959997943,0.3177821448,0,-1.221165703,4.406525116,-3.18311628
47.94,-64.99740997,0.05295233836,0.5959998295,0.3177820251,0,-1.22115522,4.406510265,-3.183122992
47.95,-64.99743224,0.05295218304,0.5959998656,0.3177819051,0,-1.221144784,4.406495432,-3.183129672
47.96,-64.99745439,0.05295202841,0.5959999025,0.3177817846,0,-1.221134397,4.406480617,-3.183136318
47.97,-64.99747644,0.05295187447,0.5959999403,0.3177816638,0,-1.221124059,4.406465821,-3.183142931
47.98,-64.99749837,0.05295172121,0.595999979,0.3177815425,0,-1.221113768,4.406451043,-3.183149511
47.99,-64.99752019,0.05295156865,0.5960000185,0.3177814209,0,-1.221103526,4.406436285,-3.183156058
48,-64.9975419,0.05295141678,0.5960000588,0.3177812988,0,-1.221093333,4.406421545,-3.183162571
48.01,-64.99756351,0.05295126559,0.5960001,0.3177811764,0,-1.221083187,4.406406825,-3.183169052
48.02,-64.997585,0.0529511151,0.5960001421,0.3177810536,0,-1.22107309,4.406392125,-3.183175499
48.03,-64.99760638,0.0529509653,0.5960001849,0.3177809304,0,-1.221063042,4.406377444,-3.183181913
48.04,-64.99762765,0.05295081618,0.5960002286,0.3177808069,0,-1.221053041,4.406362783,-3.183188294
48.05,-64.99764881,0.05295066775,0.5960002731,0.317780683,0,-1.221043089,4.406348142,-3.183194642
48.06,-64.99766985,0.05295052002,0.5960003185,0.3177805587,0,-1.221033185,4.406333522,-3.183200956
48.07,-64.99769079,0.05295037297,0.5960003646,0.3177804341,0,-1.221023329,4.406318921,-3.183207238
48.08,-64.99771162,0.05295022662,0.5960004115,0.3177803091,0,-1.221013522,4.406304342,-3.183213486
48.09,-64.99773234,0.05295008095,0.5960004593,0.3177801837,0,-1.221003762,4.406289783,-3.183219702
48.1,-64.99775295,0.05294993597,0.5960005078,0.317780058,0,-1.220994051,4.406275246,-3.183225884
48.11,-64.99777345,0.05294979168,0.5960005571,0.317779932,0,-1.220984388,4.40626073,-3.183232034
48.12,-64.99779383,0.05294964808,0.5960006072,0.3177798056,0,-1.220974773,4.406246235,-3.18323815
48.13,-64.99781411,0.05294950517,0.5960006581,0.3177796788,0,-1.220965207,4.406231761,-3.183244234
48.14,-64.99783428,0.05294936295,0.5960007097,0.3177795518,0,-1.220955688,4.40621731,-3.183250284
48.15,-64.99785434,0.05294922142,0.5960007621,0.3177794244,0,-1.220946218,4.40620288,-3.183256302
48.16,-64.99787429,0.05294908058,0.5960008153,0.3177792967,0,-1.220936796,4.406188473,-3.183262286
48.17,-64.99789413,0.05294894042,0.5960008692,0.3177791686,0,-1.220927421,4.406174088,-3.183268238
48.18,-64.99791386,0.05294880096,0.5960009239,0.3177790402,0,-1.220918095,4.406159725,-3.183274157
48.19,-64.99793348,0.05294866218,0.5960009793,0.3177789115,0,-1.220908817,4.406145385,-3.183280043
48.2,-64.99795299,0.05294852409,0.5960010354,0.3177787825,0,-1.220899587,4.406131068,-3.183285896
48.21,-64.99797239,0.05294838669,0.5960010923,0.3177786532,0,-1.220890405,4.406116774,-3.183291716
48.22,-64.99799168,0.05294824997,0.5960011499,0.3177785236,0,-1.22088127,4.406102503,-3.183297504
48.23,-64.99801086,0.05294811395,0.5960012082,0.3177783937,0,-1.220872184,4.406088255,-3.183303259
48.24,-64.99802994,0.05294797861,0.5960012673,0.3177782635,0,-1.220863146,4.406074031,-3.183308981
48.25,-64.9980489,0.05294784396,0.596001327,0.317778133,0,-1.220854155,4.406059831,-3.18331467
48.26,-64.99806776,0.05294770999,0.5960013875,0.3177780022,0,-1.220845212,4.406045654,-3.183320327
48.27,-64.9980865,0.05294757671,0.5960014487,0.3177778711,0,-1.220836317,4.406031502,-3.183325951
48.28,-64.99810514,0.05294744412,0.5960015105,0.3177777397,0,-1.22082747,4.406017373,-3.183331542
48.29,-64.99812367,0.05294731221,0.5960015731,0.3177776081,0,-1.220818671,4.406003269,-3.183337101
48.3,-64.99814209,0.05294718099,0.5960016363,0.3177774761,0,-1.220809919,4.40598919,-3.183342627
48.31,-64.9981604,0.05294705045,0.5960017002,0.3177773439,0,-1.220801215,4.405975135,-3.183348121
48.32,-64.99817861,0.0529469206,0.5960017648,0.3177772114,0,-1.220792559,4.405961105,-3.183353582
48.33,-64.9981967,0.05294679143,0.5960018301,0.3177770787,0,-1.22078395,4.4059471,-3.183359011
48.34,-64.99821469,0.05294666295,0.596001896,0.3177769457,0,-1.220775389,4.405933121,-3.183364407
48.35,-64.99823257,0.05294653515,0.5960019626,0.3177768124,0,-1.220766875,4.405919166,-3.183369771
48.36,-64.99825034,0.05294640804,0.5960020298,0.3177766789,0,-1.220758409,4.405905237,-3.183375102
48.37,-64.998268,0.0529462816,0.5960020977,0.3177765451,0,-1.22074999,4.405891334,-3.183380401
48.38,-64.99828556,0.05294615586,0.5960021662,0.3177764111,0,-1.220741619,4.405877456,-3.183385668
48.39,-64.99830301,0.05294603079,0.5960022354,0.3177762768,0,-1.220733295,4.405863605,-3.183390902
48.4,-64.99832035,0.0529459064,0.5960023052,0.3177761423,0,-1.220725018,4.405849779,-3.183396104
48.41,-64.99833758,0.0529457827,0.5960023756,0.3177760076,0,-1.220716789,4.40583598,-3.183401274
48.42,-64.99835471,0.05294565967,0.5960024467,0.3177758726,0,-1.220708607,4.405822207,-3.183406412
48.43,-64.99837172,0.05294553733,0.5960025183,0.3177757374,0,-1.220700472,4.405808461,-3.183411517
48.44,-64.99838864,0.05294541567,0.5960025906,0.3177756019,0,-1.220692385,4.405794741,-3.183416591
48.45,-64.99840544,0.05294529469,0.5960026635,0.3177754662,0,-1.220684345,4.405781048,-3.183421632
48.46,-64.99842214,0.05294517438,0.596002737,0.3177753304,0,-1.220676351,4.405767383,-3.183426641
48.47,-64.99843873,0.05294505476,0.596002811,0.3177751942,0,-1.220668405,4.405753744,-3.183431618
48.48,-64.99845521,0.05294493581,0.5960028857,0.3177750579,0,-1.220660506,4.405740132,-3.183436563
48.49,-64.99847159,0.05294481754,0.596002961,0.3177749214,0,-1.220652654,4.405726548,-3.183441477
48.5,-64.99848786,0.05294469995,0.5960030368,0.3177747846,0,-1.220644848,4.405712992,-3.183446358
48.51,-64.99850402,0.05294458303,0.5960031132,0.3177746477,0,-1.22063709,4.405699463,-3.183451207
48.52,-64.99852008,0.05294446679,0.5960031902,0.3177745105,0,-1.220629378,4.405685962,-3.183456025
48.53,-64.99853604,0.05294435122,0.5960032678,0.3177743732,0,-1.220621713,4.405672489,-3.183460811
48.54,-64.99855188,0.05294423633,0.5960033459,0.3177742357,0,-1.220614095,4.405659044,-3.183465565
48.55,-64.99856762,0.05294412212,0.5960034246,0.3177740979,0,-1.220606524,4.405645628,-3.183470287
48.56,-64.99858326,0.05294400857,0.5960035038,0.31777396,0,-1.220598999,4.40563224,-3.183474978
48.57,-64.99859879,0.0529438957,0.5960035836,0.3177738219,0,-1.220591521,4.40561888,-3.183479637
48.58,-64.99861421,0.05294378351,0.5960036639,0.3177736836,0,-1.220584089,4.405605549,-3.183484264
48.59,-64.99862953,0.05294367198,0.5960037447,0.3177735451,0,-1.220576704,4.405592246,-3.18348886
48.6,-64.99864475,0.05294356113,0.5960038261,0.3177734065,0,-1.220569365,4.405578973,-3.183493424
48.61,-64.99865986,0.05294345094,0.596003908,0.3177732677,0,-1.220562072,4.405565729,-3.183497957
48.62,-64.99867486,0.05294334143,0.5960039905,0.3177731287,0,-1.220554826,4.405552513,-3.183502458
48.63,-64.99868976,0.05294323258,0.5960040734,0.3177729896,0,-1.220547626,4.405539328,-3.183506928
48.64,-64.99870456,0.05294312441,0.5960041569,0.3177728503,0,-1.220540473,4.405526171,-3.183511367
48.65,-64.99871925,0.0529430169,0.5960042409,0.3177727108,0,-1.220533365,4.405513044,-3.183515774
48.66,-64.99873383,0.05294291006,0.5960043253,0.3177725712,0,-1.220526304,4.405499947,-3.18352015
48.67,-64.99874832,0.05294280388,0.5960044103,0.3177724314,0,-1.220519288,4.405486879,-3.183524495
48.68,-64.9987627,0.05294269837,0.5960044958,0.3177722915,0,-1.220512319,4.405473842,-3.183528809
48.69,-64.99877697,0.05294259353,0.5960045817,0.3177721514,0,-1.220505395,4.405460834,-3.183533092
48.7,-64.99879114,0.05294248935,0.5960046681,0.3177720112,0,-1.220498517,4.405447857,-3.183537343
48.71,-64.99880521,0.05294238583,0.596004755,0.3177718709,0,-1.220491686,4.405434909,-3.183541564
48.72,-64.99881918,0.05294228298,0.5960048424,0.3177717304,0,-1.220484899,4.405421993,-3.183545753
48.73,-64.99883304,0.05294218079,0.5960049303,0.3177715898,0,-1.220478159,4.405409106,-3.183549912
48.74,-64.9988468,0.05294207926,0.5960050186,0.317771449,0,-1.220471464,4.405396251,-3.183554039
48.75,-64.99886045,0.05294197839,0.5960051074,0.3177713081,0,-1.220464815,4.405383426,-3.183558136
48.76,-64.99887401,0.05294187817,0.5960051966,0.3177711671,0,-1.220458211,4.405370632,-3.183562202
48.77,-64.99888746,0.05294177862,0.5960052863,0.317771026,0,-1.220451652,4.405357869,-3.183566237
48.78,-64.99890081,0.05294167973,0.5960053764,0.3177708848,0,-1.220445139,4.405345137,-3.183570242
48.79,-64.99891405,0.05294158149,0.596005467,0.3177707434,0,-1.220438671,4.405332436,-3.183574216
48.8,-64.9989272,0.05294148391,0.5960055579,0.317770602,0,-1.220432249,4.405319766,-3.183578159
48.81,-64.99894024,0.05294138699,0.5960056494,0.3177704604,0,-1.220425871,4.405307128,-3.183582072
48.82,-64.99895318,0.05294129072,0.5960057412,0.3177703187,0,-1.220419539,4.405294521,-3.183585954
48.83,-64.99896602,0.0529411951,0.5960058335,0.3177701769,0,-1.220413252,4.405281946,-3.183589806
48.84,-64.99897876,0.05294110014,0.5960059262,0.3177700351,0,-1.220407009,4.405269403,-3.183593628
48.85,-64.9989914,0.05294100583,0.5960060193,0.3177698931,0,-1.220400812,4.405256891,-3.183597419
48.86,-64.99900393,0.05294091217,0.5960061128,0.317769751,0,-1.220394659,4.405244412,-3.18360118
48.87,-64.99901637,0.05294081916,0.5960062067,0.3177696089,0,-1.220388552,4.405231964,-3.18360491
48.88,-64.9990287,0.0529407268,0.596006301,0.3177694666,0,-1.220382488,4.405219548,-3.183608611
48.89,-64.99904094,0.05294063509,0.5960063957,0.3177693243,0,-1.22037647,4.405207165,-3.183612281
48.9,-64.99905307,0.05294054402,0.5960064908,0.3177691819,0,-1.220370496,4.405194814,-3.183615921
48.91,-64.99906511,0.05294045361,0.5960065863,0.3177690394,0,-1.220364566,4.405182496,-3.183619532
48.92,-64.99907704,0.05294036384,0.5960066822,0.3177688968,0,-1.220358681,4.40517021,-3.183623112
48.93,-64.99908887,0.05294027471,0.5960067784,0.3177687542,0,-1.22035284,4.405157956,-3.183626662
48.94,-64.99910061,0.05294018623,0.596006875,0.3177686115,0,-1.220347043,4.405145736,-3.183630182
48.95,-64.99911224,0.05294009839,0.596006972,0.3177684687,0,-1.220341291,4.405133548,-3.183633673
48.96,-64.99912378,0.05294001119,0.5960070693,0.3177683259,0,-1.220335583,4.405121393,-3.183637134
48.97,-64.99913522,0.05293992463,0.596007167,0.317768183,0,-1.220329918,4.405109271,-3.183640565
48.98,-64.99914656,0.05293983872,0.596007265,0.31776804,0,-1.220324298,4.405097182,-3.183643967
48.99,-64.9991578,0.05293975344,0.5960073634,0.317767897,0,-1.220318722,4.405085127,-3.183647339
49,-64.99916894,0.0529396688,0.5960074622,0.3177677539,0,-1.220313189,4.405073104,-3.183650681
49.01,-64.99917998,0.0529395848,0.5960075612,0.3177676108,0,-1.2203077,4.405061115,-3.183653994
49.02,-64.99919093,0.05293950143,0.5960076607,0.3177674677,0,-1.220302255,4.405049159,-3.183657278
49.03,-64.99920177,0.0529394187,0.5960077604,0.3177673245,0,-1.220296853,4.405037237,-3.183660532
49.04,-64.99921252,0.0529393366,0.5960078605,0.3177671812,0,-1.220291495,4.405025349,-3.183663757
49.05,-64.99922318,0.05293925514,0.5960079608,0.317767038,0,-1.22028618,4.405013494,-3.183666953
49.06,-64.99923373,0.05293917431,0.5960080616,0.3177668946,0,-1.220280908,4.405001673,-3.183670119
49.07,-64.99924419,0.05293909411,0.5960081626,0.3177667513,0,-1.22027568,4.404989886,-3.183673256
49.08,-64.99925455,0.05293901454,0.5960082639,0.3177666079,0,-1.220270495,4.404978132,-3.183676365
49.09,-64.99926481,0.05293893559,0.5960083655,0.3177664645,0,-1.220265353,4.404966413,-3.183679444
49.1,-64.99927498,0.05293885728,0.5960084675,0.3177663211,0,-1.220260254,4.404954728,-3.183682494
49.11,-64.99928505,0.05293877959,0.5960085697,0.3177661776,0,-1.220255198,4.404943077,-3.183685516
49.12,-64.99929503,0.05293870253,0.5960086722,0.3177660342,0,-1.220250185,4.40493146,-3.183688509
49.13,-64.99930491,0.05293862609,0.596008775,0.3177658907,0,-1.220245214,4.404919878,-3.183691473
49.14,-64.99931469,0.05293855027,0.5960088781,0.3177657472,0,-1.220240286,4.40490833,-3.183694408
49.15,-64.99932438,0.05293847508,0.5960089815,0.3177656037,0,-1.220235401,4.404896816,-3.183697314
49.16,-64.99933397,0.05293840051,0.5960090851,0.3177654602,0,-1.220230558,4.404885337,-3.183700192
49.17,-64.99934347,0.05293832656,0.596009189,0.3177653167,0,-1.220225758,4.404873893,-3.183703042
49.18,-64.99935288,0.05293825322,0.5960092932,0.3177651731,0,-1.220221,4.404862484,-3.183705863
49.19,-64.99936219,0.05293818051,0.5960093976,0.3177650296,0,-1.220216285,4.404851109,-3.183708656
49.2,-64.9993714,0.05293810841,0.5960095023,0.3177648861,0,-1.220211611,4.404839769,-3.18371142
49.21,-64.99938052,0.05293803693,0.5960096073,0.3177647426,0,-1.22020698,4.404828464,-3.183714156
49.22,-64.99938955,0.05293796606,0.5960097125,0.3177645991,0,-1.22020239,4.404817194,-3.183716864
49.23,-64.99939848,0.0529378958,0.5960098179,0.3177644556,0,-1.220197843,4.404805958,-3.183719544
49.24,-64.99940732,0.05293782616,0.5960099236,0.3177643121,0,-1.220193337,4.404794759,-3.183722196
49.25,-64.99941606,0.05293775712,0.5960100295,0.3177641686,0,-1.220188873,4.404783594,-3.183724819
49.26,-64.99942472,0.0529376887,0.5960101357,0.3177640252,0,-1.220184451,4.404772464,-3.183727415
49.27,-64.99943328,0.05293762088,0.5960102421,0.3177638818,0,-1.22018007,4.40476137,-3.183729983
49.28,-64.99944174,0.05293755368,0.5960103487,0.3177637384,0,-1.220175731,4.404750311,-3.183732523
49.29,-64.99945012,0.05293748707,0.5960104555,0.317763595,0,-1.220171433,4.404739288,-3.183735035
49.3,-64.9994584,0.05293742108,0.5960105625,0.3177634516,0,-1.220167177,4.4047283,-3.18373752
49.31,-64.99946659,0.05293735568,0.5960106698,0.3177633083,0,-1.220162961,4.404717347,-3.183739977
49.32,-64.99947469,0.05293729089,0.5960107773,0.317763165,0,-1.220158787,4.40470643,-3.183742406
49.33,-64.99948269,0.0529372267,0.5960108849,0.3177630218,0,-1.220154654,4.404695549,-3.183744808
49.34,-64.99949061,0.05293716311,0.5960109928,0.3177628786,0,-1.220150561,4.404684704,-3.183747183
49.35,-64.99949843,0.05293710011,0.5960111009,0.3177627354,0,-1.22014651,4.404673894,-3.18374953
49.36,-64.99950617,0.05293703772,0.5960112091,0.3177625923,0,-1.220142499,4.40466312,-3.18375185
49.37,-64.99951381,0.05293697592,0.5960113176,0.3177624492,0,-1.220138529,4.404652383,-3.183754143
49.38,-64.99952136,0.05293691472,0.5960114262,0.3177623062,0,-1.2201346,4.404641681,-3.183756408
49.39,-64.99952882,0.05293685411,0.596011535,0.3177621632,0,-1.22013071,4.404631015,-3.183758647
49.4,-64.99953619,0.05293679409,0.596011644,0.3177620203,0,-1.220126862,4.404620385,-3.183760858
49.41,-64.99954348,0.05293673466,0.5960117532,0.3177618775,0,-1.220123053,4.404609791,-3.183763043
49.42,-64.99955067,0.05293667582,0.5960118625,0.3177617346,0,-1.220119285,4.404599233,-3.1837652
49.43,-64.99955777,0.05293661757,0.596011972,0.3177615919,0,-1.220115557,4.404588712,-3.183767331
49.44,-64.99956478,0.05293655991,0.5960120817,0.3177614492,0,-1.220111869,4.404578226,-3.183769435
49.45,-64.99957171,0.05293650283,0.5960121915,0.3177613066,0,-1.22010822,4.404567777,-3.183771513
49.46,-64.99957855,0.05293644634,0.5960123014,0.3177611641,0,-1.220104612,4.404557365,-3.183773564
49.47,-64.99958529,0.05293639043,0.5960124116,0.3177610216,0,-1.220101043,4.404546988,-3.183775588
49.48,-64.99959195,0.05293633511,0.5960125218,0.3177608792,0,-1.220097514,4.404536649,-3.183777586
49.49,-64.99959852,0.05293628036,0.5960126322,0.3177607368,0,-1.220094024,4.404526345,-3.183779557
49.5,-64.99960501,0.05293622619,0.5960127428,0.3177605946,0,-1.220090574,4.404516078,-3.183781502
49.51,-64.9996114,0.0529361726,0.5960128534,0.3177604524,0,-1.220087163,4.404505848,-3.183783421
49.52,-64.99961771,0.05293611959,0.5960129643,0.3177603103,0,-1.220083791,4.404495654,-3.183785314
49.53,-64.99962394,0.05293606715,0.5960130752,0.3177601683,0,-1.220080458,4.404485497,-3.183787181
49.54,-64.99963007,0.05293601529,0.5960131863,0.3177600264,0,-1.220077165,4.404475377,-3.183789021
49.55,-64.99963612,0.052935964,0.5960132974,0.3177598846,0,-1.22007391,4.404465293,-3.183790836
49.56,-64.99964208,0.05293591328,0.5960134087,0.3177597428,0,-1.220070694,4.404455246,-3.183792625
49.57,-64.99964796,0.05293586313,0.5960135201,0.3177596012,0,-1.220067517,4.404445236,-3.183794387
49.58,-64.99965375,0.05293581355,0.5960136317,0.3177594596,0,-1.220064378,4.404435263,-3.183796125
49.59,-64.99965945,0.05293576453,0.5960137433,0.3177593182,0,-1.220061278,4.404425326,-3.183797836
49.6,-64.99966507,0.05293571608,0.596013855,0.3177591768,0,-1.220058217,4.404415427,-3.183799522
49.61,-64.99967061,0.0529356682,0.5960139668,0.3177590356,0,-1.220055193,4.404405564,-3.183801182
49.62,-64.99967606,0.05293562088,0.5960140787,0.3177588944,0,-1.220052208,4.404395739,-3.183802817
49.63,-64.99968142,0.05293557412,0.5960141907,0.3177587534,0,-1.220049261,4.40438595,-3.183804426
49.64,-64.9996867,0.05293552792,0.5960143028,0.3177586125,0,-1.220046352,4.404376198,-3.183806011
49.65,-64.9996919,0.05293548227,0.596014415,0.3177584717,0,-1.220043481,4.404366484,-3.183807569
49.66,-64.99969701,0.05293543719,0.5960145273,0.317758331,0,-1.220040648,4.404356806,-3.183809103
49.67,-64.99970204,0.05293539266,0.5960146396,0.3177581904,0,-1.220037852,4.404347166,-3.183810612
49.68,-64.99970698,0.05293534868,0.596014752,0.3177580499,0,-1.220035094,4.404337563,-3.183812095
49.69,-64.99971185,0.05293530526,0.5960148645,0.3177579095,0,-1.220032374,4.404327997,-3.183813554
49.7,-64.99971663,0.05293526239,0.596014977,0.3177577693,0,-1.220029691,4.404318468,-3.183814988
49.71,-64.99972132,0.05293522007,0.5960150896,0.3177576292,0,-1.220027045,4.404308976,-3.183816397
49.72,-64.99972594,0.0529351783,0.5960152023,0.3177574892,0,-1.220024436,4.404299522,-3.183817781
49.73,-64.99973047,0.05293513708,0.596015315,0.3177573494,0,-1.220021865,4.404290105,-3.183819141
49.74,-64.99973492,0.0529350964,0.5960154278,0.3177572096,0,-1.22001933,4.404280725,-3.183820476
49.75,-64.99973929,0.05293505626,0.5960155406,0.31775707,0,-1.220016832,4.404271382,-3.183821786
49.76,-64.99974357,0.05293501667,0.5960156534,0.3177569306,0,-1.220014371,4.404262077,-3.183823072
49.77,-64.99974778,0.05293497762,0.5960157663,0.3177567913,0,-1.220011947,4.404252809,-3.183824334
49.78,-64.99975191,0.05293493911,0.5960158793,0.3177566521,0,-1.220009559,4.404243579,-3.183825572
49.79,-64.99975595,0.05293490114,0.5960159923,0.317756513,0,-1.220007208,4.404234386,-3.183826785
49.8,-64.99975991,0.0529348637,0.5960161053,0.3177563741,0,-1.220004893,4.40422523,-3.183827974
49.81,-64.9997638,0.0529348268,0.5960162183,0.3177562354,0,-1.220002614,4.404216112,-3.183829139
49.82,-64.9997676,0.05293479044,0.5960163314,0.3177560968,0,-1.220000372,4.404207031,-3.18383028
49.83,-64.99977132,0.0529347546,0.5960164445,0.3177559583,0,-1.219998165,4.404197988,-3.183831397
49.84,-64.99977497,0.0529347193,0.5960165576,0.31775582,0,-1.219995995,4.404188982,-3.183832491
49.85,-64.99977853,0.05293468453,0.5960166707,0.3177556818,0,-1.21999386,4.404180014,-3.18383356
49.86,-64.99978202,0.05293465029,0.5960167838,0.3177555438,0,-1.21999176,4.404171083,-3.183834606
49.87,-64.99978543,0.05293461657,0.596016897,0.317755406,0,-1.219989697,4.40416219,-3.183835629
49.88,-64.99978876,0.05293458337,0.5960170101,0.3177552683,0,-1.219987669,4.404153334,-3.183836627
49.89,-64.99979201,0.0529345507,0.5960171233,0.3177551308,0,-1.219985676,4.404144516,-3.183837603
49.9,-64.99979518,0.05293451856,0.5960172364,0.3177549934,0,-1.219983719,4.404135735,-3.183838555
49.91,-64.99979828,0.05293448693,0.5960173495,0.3177548562,0,-1.219981796,4.404126992,-3.183839484
49.92,-64.9998013,0.05293445582,0.5960174627,0.3177547191,0,-1.219979909,4.404118287,-3.183840389
49.93,-64.99980424,0.05293442523,0.5960175758,0.3177545823,0,-1.219978057,4.404109619,-3.183841272
49.94,-64.9998071,0.05293439516,0.5960176889,0.3177544455,0,-1.219976239,4.404100988,-3.183842131
49.95,-64.99980989,0.0529343656,0.596017802,0.317754309,0,-1.219974457,4.404092396,-3.183842967
49.96,-64.9998126,0.05293433655,0.5960179151,0.3177541727,0,-1.219972708,4.404083841,-3.183843781
49.97,-64.99981524,0.05293430801,0.5960180281,0.3177540365,0,-1.219970995,4.404075323,-3.183844572
49.98,-64.9998178,0.05293427998,0.5960181412,0.3177539005,0,-1.219969315,4.404066843,-3.183845339
49.99,-64.99982028,0.05293425247,0.5960182542,0.3177537646,0,-1.21996767,4.404058401,-3.183846085
50,-64.99982269,0.05293422545,0.5960183671,0.317753629,0,-1.21996606,4.404049996,-3.183846807
50.01,-64.99982502,0.05293419895,0.59601848,0.3177534935,0,-1.219964483,4.404041629,-3.183847507
50.02,-64.99982728,0.05293417294,0.5960185929,0.3177533582,0,-1.21996294,4.4040333,-3.183848185
50.03,-64.99982947,0.05293414744,0.5960187058,0.3177532231,0,-1.219961431,4.404025008,-3.183848841
50.04,-64.99983158,0.05293412244,0.5960188186,0.3177530882,0,-1.219959956,4.404016754,-3.183849474
50.05,-64.99983362,0.05293409794,0.5960189313,0.3177529535,0,-1.219958514,4.404008538,-3.183850085
50.06,-64.99983558,0.05293407394,0.5960190441,0.3177528189,0,-1.219957106,4.404000359,-3.183850673
50.07,-64.99983747,0.05293405043,0.5960191567,0.3177526846,0,-1.219955731,4.403992218,-3.18385124
50.08,-64.99983928,0.05293402741,0.5960192693,0.3177525504,0,-1.219954389,4.403984114,-3.183851785
50.09,-64.99984103,0.05293400489,0.5960193818,0.3177524165,0,-1.219953081,4.403976048,-3.183852308
50.1,-64.9998427,0.05293398286,0.5960194943,0.3177522827,0,-1.219951806,4.40396802,-3.183852809
50.11,-64.99984429,0.05293396132,0.5960196067,0.3177521492,0,-1.219950563,4.403960029,-3.183853288
50.12,-64.99984582,0.05293394026,0.5960197191,0.3177520158,0,-1.219949354,4.403952076,-3.183853746
50.13,-64.99984727,0.05293391969,0.5960198314,0.3177518827,0,-1.219948177,4.40394416,-3.183854182
50.14,-64.99984866,0.05293389961,0.5960199436,0.3177517497,0,-1.219947033,4.403936282,-3.183854597
50.15,-64.99984997,0.05293388001,0.5960200557,0.317751617,0,-1.219945921,4.403928442,-3.18385499
50.16,-64.99985121,0.05293386089,0.5960201677,0.3177514844,0,-1.219944842,4.403920639,-3.183855362
50.17,-64.99985238,0.05293384225,0.5960202797,0.3177513521,0,-1.219943795,4.403912874,-3.183855713
50.18,-64.99985347,0.05293382409,0.5960203916,0.31775122,0,-1.21994278,4.403905147,-3.183856042
50.19,-64.9998545,0.05293380641,0.5960205033,0.3177510881,0,-1.219941797,4.403897457,-3.183856351
50.2,-64.99985546,0.0529337892,0.596020615,0.3177509564,0,-1.219940846,4.403889804,-3.183856638
50.21,-64.99985635,0.05293377247,0.5960207267,0.3177508249,0,-1.219939927,4.403882189,-3.183856905
50.22,-64.99985717,0.0529337562,0.5960208382,0.3177506936,0,-1.219939039,4.403874612,-3.18385715
50.23,-64.99985792,0.05293374041,0.5960209496,0.3177505626,0,-1.219938183,4.403867072,-3.183857375
50.24,-64.9998586,0.05293372508,0.5960210609,0.3177504318,0,-1.219937359,4.403859569,-3.183857579
50.25,-64.99985921,0.05293371023,0.5960211721,0.3177503012,0,-1.219936565,4.403852104,-3.183857763
50.26,-64.99985975,0.05293369583,0.5960212832,0.3177501708,0,-1.219935803,4.403844677,-3.183857926
50.27,-64.99986023,0.05293368191,0.5960213942,0.3177500406,0,-1.219935073,4.403837287,-3.183858069
50.28,-64.99986064,0.05293366844,0.5960215051,0.3177499107,0,-1.219934373,4.403829934,-3.183858191
50.29,-64.99986098,0.05293365543,0.5960216158,0.317749781,0,-1.219933704,4.403822619,-3.183858293
50.3,-64.99986125,0.05293364289,0.5960217265,0.3177496515,0,-1.219933066,4.403815342,-3.183858375
50.31,-64.99986145,0.0529336308,0.596021837,0.3177495223,0,-1.219932458,4.403808101,-3.183858436
50.32,-64.99986159,0.05293361916,0.5960219474,0.3177493933,0,-1.219931881,4.403800898,-3.183858478
50.33,-64.99986167,0.05293360798,0.5960220577,0.3177492645,0,-1.219931335,4.403793733,-3.1838585
50.34,-64.99986167,0.05293359725,0.5960221678,0.3177491359,0,-1.219930819,4.403786605,-3.183858501
50.35,-64.99986161,0.05293358698,0.5960222778,0.3177490076,0,-1.219930333,4.403779514,-3.183858483
50.36,-64.99986149,0.05293357715,0.5960223877,0.3177488796,0,-1.219929877,4.40377246,-3.183858446
50.37,-64.99986129,0.05293356777,0.5960224975,0.3177487517,0,-1.219929451,4.403765444,-3.183858388
50.38,-64.99986104,0.05293355883,0.5960226071,0.3177486241,0,-1.219929055,4.403758464,-3.183858311
50.39,-64.99986072,0.05293355034,0.5960227166,0.3177484968,0,-1.219928688,4.403751523,-3.183858215
50.4,-64.99986033,0.0529335423,0.5960228259,0.3177483697,0,-1.219928352,4.403744618,-3.183858099
50.41,-64.99985988,0.05293353469,0.5960229351,0.3177482428,0,-1.219928044,4.40373775,-3.183857964
50.42,-64.99985936,0.05293352752,0.5960230441,0.3177481162,0,-1.219927767,4.40373092,-3.183857809
50.43,-64.99985879,0.05293352079,0.596023153,0.3177479898,0,-1.219927518,4.403724127,-3.183857636
50.44,-64.99985814,0.0529335145,0.5960232617,0.3177478637,0,-1.219927298,4.403717371,-3.183857443
50.45,-64.99985744,0.05293350864,0.5960233703,0.3177477379,0,-1.219927108,4.403710652,-3.183857232
50.46,-64.99985667,0.05293350321,0.5960234787,0.3177476122,0,-1.219926947,4.40370397,-3.183857001
50.47,-64.99985584,0.05293349821,0.596023587,0.3177474869,0,-1.219926814,4.403697325,-3.183856752
50.48,-64.99985495,0.05293349364,0.5960236951,0.3177473618,0,-1.21992671,4.403690717,-3.183856484
50.49,-64.99985399,0.0529334895,0.596023803,0.3177472369,0,-1.219926634,4.403684146,-3.183856197
50.5,-64.99985297,0.05293348579,0.5960239108,0.3177471123,0,-1.219926587,4.403677612,-3.183855892
50.51,-64.99985189,0.0529334825,0.5960240184,0.3177469879,0,-1.219926569,4.403671115,-3.183855568
50.52,-64.99985075,0.05293347963,0.5960241258,0.3177468639,0,-1.219926578,4.403664655,-3.183855226
50.53,-64.99984955,0.05293347719,0.596024233,0.31774674,0,-1.219926616,4.403658231,-3.183854865
50.54,-64.99984829,0.05293347516,0.5960243401,0.3177466165,0,-1.219926682,4.403651845,-3.183854486
50.55,-64.99984696,0.05293347355,0.596024447,0.3177464932,0,-1.219926775,4.403645495,-3.183854089
50.56,-64.99984558,0.05293347236,0.5960245537,0.3177463701,0,-1.219926896,4.403639182,-3.183853674
50.57,-64.99984414,0.05293347158,0.5960246603,0.3177462474,0,-1.219927045,4.403632906,-3.183853241
50.58,-64.99984263,0.05293347122,0.5960247666,0.3177461248,0,-1.219927222,4.403626666,-3.18385279
50.59,-64.99984107,0.05293347126,0.5960248728,0.3177460026,0,-1.219927425,4.403620463,-3.183852321
50.6,-64.99983945,0.05293347172,0.5960249787,0.3177458806,0,-1.219927657,4.403614297,-3.183851834
50.61,-64.99983777,0.05293347258,0.5960250845,0.3177457589,0,-1.219927915,4.403608167,-3.18385133
50.62,-64.99983603,0.05293347385,0.5960251901,0.3177456375,0,-1.2199282,4.403602074,-3.183850808
50.63,-64.99983423,0.05293347552,0.5960252955,0.3177455163,0,-1.219928512,4.403596018,-3.183850268
50.64,-64.99983237,0.05293347759,0.5960254006,0.3177453954,0,-1.219928851,4.403589997,-3.183849711
50.65,-64.99983046,0.05293348007,0.5960255056,0.3177452748,0,-1.219929217,4.403584014,-3.183849137
50.66,-64.99982848,0.05293348294,0.5960256104,0.3177451545,0,-1.21992961,4.403578067,-3.183848545
50.67,-64.99982645,0.05293348622,0.596025715,0.3177450344,0,-1.219930028,4.403572156,-3.183847936
50.68,-64.99982437,0.05293348988,0.5960258194,0.3177449147,0,-1.219930473,4.403566281,-3.18384731
50.69,-64.99982222,0.05293349395,0.5960259235,0.3177447951,0,-1.219930945,4.403560443,-3.183846667
50.7,-64.99982002,0.0529334984,0.5960260275,0.3177446759,0,-1.219931442,4.403554641,-3.183846007
50.71,-64.99981777,0.05293350325,0.5960261312,0.317744557,0,-1.219931966,4.403548875,-3.18384533
50.72,-64.99981546,0.05293350849,0.5960262347,0.3177444383,0,-1.219932515,4.403543145,-3.183844637
50.73,-64.99981309,0.05293351411,0.596026338,0.3177443199,0,-1.21993309,4.403537452,-3.183843926
50.74,-64.99981066,0.05293352012,0.5960264411,0.3177442018,0,-1.219933691,4.403531794,-3.183843199
50.75,-64.99980819,0.05293352651,0.596026544,0.317744084,0,-1.219934317,4.403526173,-3.183842456
50.76,-64.99980565,0.05293353329,0.5960266466,0.3177439665,0,-1.219934969,4.403520587,-3.183841696
50.77,-64.99980306,0.05293354044,0.596026749,0.3177438493,0,-1.219935646,4.403515038,-3.183840919
50.78,-64.99980042,0.05293354798,0.5960268512,0.3177437323,0,-1.219936348,4.403509525,-3.183840127
50.79,-64.99979773,0.05293355589,0.5960269531,0.3177436156,0,-1.219937075,4.403504047,-3.183839318
50.8,-64.99979498,0.05293356418,0.5960270549,0.3177434993,0,-1.219937827,4.403498605,-3.183838493
50.81,-64.99979217,0.05293357284,0.5960271564,0.3177433832,0,-1.219938604,4.403493199,-3.183837651
50.82,-64.99978931,0.05293358188,0.5960272576,0.3177432674,0,-1.219939406,4.403487829,-3.183836794
50.83,-64.9997864,0.05293359128,0.5960273586,0.3177431519,0,-1.219940232,4.403482494,-3.183835921
50.84,-64.99978344,0.05293360106,0.5960274594,0.3177430367,0,-1.219941083,4.403477195,-3.183835032
50.85,-64.99978043,0.0529336112,0.59602756,0.3177429218,0,-1.219941958,4.403471932,-3.183834128
50.86,-64.99977736,0.05293362171,0.5960276602,0.3177428072,0,-1.219942857,4.403466704,-3.183833207
50.87,-64.99977424,0.05293363258,0.5960277603,0.3177426929,0,-1.21994378,4.403461512,-3.183832272
50.88,-64.99977107,0.05293364381,0.5960278601,0.3177425788,0,-1.219944728,4.403456355,-3.18383132
50.89,-64.99976784,0.05293365541,0.5960279597,0.3177424651,0,-1.219945699,4.403451233,-3.183830353
50.9,-64.99976457,0.05293366736,0.596028059,0.3177423517,0,-1.219946694,4.403446147,-3.183829371
50.91,-64.99976125,0.05293367967,0.596028158,0.3177422386,0,-1.219947713,4.403441096,-3.183828374
50.92,-64.99975787,0.05293369234,0.5960282568,0.3177421258,0,-1.219948755,4.403436081,-3.183827361
50.93,-64.99975445,0.05293370536,0.5960283554,0.3177420132,0,-1.21994982,4.4034311,-3.183826334
50.94,-64.99975097,0.05293371873,0.5960284536,0.317741901,0,-1.219950909,4.403426155,-3.183825291
50.95,-64.99974745,0.05293373246,0.5960285517,0.3177417891,0,-1.219952021,4.403421245,-3.183824234
50.96,-64.99974387,0.05293374653,0.5960286494,0.3177416775,0,-1.219953156,4.40341637,-3.183823161
50.97,-64.99974025,0.05293376095,0.5960287469,0.3177415662,0,-1.219954315,4.40341153,-3.183822074
50.98,-64.99973657,0.05293377571,0.5960288442,0.3177414552,0,-1.219955495,4.403406725,-3.183820972
50.99,-64.99973285,0.05293379082,0.5960289412,0.3177413445,0,-1.219956699,4.403401954,-3.183819855
51,-64.99972908,0.05293380627,0.5960290379,0.3177412341,0,-1.219957925,4.403397219,-3.183818724
51.01,-64.99972526,0.05293382206,0.5960291343,0.3177411241,0,-1.219959174,4.403392518,-3.183817579
51.02,-64.9997214,0.05293383819,0.5960292305,0.3177410143,0,-1.219960445,4.403387852,-3.183816419
51.03,-64.99971748,0.05293385466,0.5960293264,0.3177409048,0,-1.219961738,4.403383221,-3.183815245
51.04,-64.99971352,0.05293387146,0.596029422,0.3177407957,0,-1.219963054,4.403378625,-3.183814056
51.05,-64.99970951,0.0529338886,0.5960295173,0.3177406869,0,-1.219964391,4.403374062,-3.183812854
51.06,-64.99970546,0.05293390607,0.5960296124,0.3177405784,0,-1.21996575,4.403369535,-3.183811637
51.07,-64.99970136,0.05293392386,0.5960297072,0.3177404701,0,-1.219967131,4.403365042,-3.183810407
51.08,-64.99969721,0.05293394199,0.5960298017,0.3177403623,0,-1.219968534,4.403360583,-3.183809162
51.09,-64.99969301,0.05293396044,0.5960298959,0.3177402547,0,-1.219969959,4.403356158,-3.183807904
51.1,-64.99968877,0.05293397922,0.5960299899,0.3177401474,0,-1.219971404,4.403351768,-3.183806632
51.11,-64.99968449,0.05293399833,0.5960300835,0.3177400405,0,-1.219972871,4.403347412,-3.183805347
51.12,-64.99968016,0.05293401775,0.5960301769,0.3177399338,0,-1.21997436,4.40334309,-3.183804047
51.13,-64.99967578,0.0529340375,0.59603027,0.3177398275,0,-1.219975869,4.403338803,-3.183802735
51.14,-64.99967136,0.05293405756,0.5960303628,0.3177397215,0,-1.219977399,4.403334549,-3.183801409
51.15,-64.9996669,0.05293407794,0.5960304553,0.3177396159,0,-1.21997895,4.403330329,-3.183800069
51.16,-64.99966239,0.05293409864,0.5960305475,0.3177395105,0,-1.219980522,4.403326144,-3.183798717
51.17,-64.99965784,0.05293411965,0.5960306394,0.3177394055,0,-1.219982115,4.403321992,-3.183797351
51.18,-64.99965324,0.05293414097,0.596030731,0.3177393007,0,-1.219983728,4.403317873,-3.183795972
51.19,-64.9996486,0.0529341626,0.5960308223,0.3177391963,0,-1.219985361,4.403313789,-3.18379458
51.2,-64.99964392,0.05293418454,0.5960309133,0.3177390923,0,-1.219987015,4.403309738,-3.183793175
51.21,-64.99963919,0.05293420679,0.5960310041,0.3177389885,0,-1.219988689,4.403305721,-3.183791757
51.22,-64.99963442,0.05293422934,0.5960310945,0.3177388851,0,-1.219990382,4.403301737,-3.183790327
51.23,-64.99962961,0.0529342522,0.5960311846,0.317738782,0,-1.219992096,4.403297787,-3.183788883
51.24,-64.99962476,0.05293427536,0.5960312744,0.3177386792,0,-1.21999383,4.40329387,-3.183787427
51.25,-64.99961986,0.05293429882,0.5960313639,0.3177385768,0,-1.219995583,4.403289987,-3.183785959
51.26,-64.99961493,0.05293432258,0.5960314531,0.3177384746,0,-1.219997356,4.403286137,-3.183784478
51.27,-64.99960995,0.05293434663,0.596031542,0.3177383728,0,-1.219999148,4.40328232,-3.183782985
51.28,-64.99960493,0.05293437098,0.5960316306,0.3177382713,0,-1.22000096,4.403278536,-3.183781479
51.29,-64.99959987,0.05293439562,0.5960317189,0.3177381702,0,-1.220002791,4.403274786,-3.183779961
51.3,-64.99959477,0.05293442056,0.5960318068,0.3177380694,0,-1.220004641,4.403271068,-3.183778431
51.31,-64.99958963,0.05293444579,0.5960318945,0.3177379689,0,-1.22000651,4.403267383,-3.183776889
51.32,-64.99958445,0.0529344713,0.5960319818,0.3177378687,0,-1.220008398,4.403263732,-3.183775335
51.33,-64.99957923,0.0529344971,0.5960320688,0.3177377689,0,-1.220010305,4.403260113,-3.183773769
51.34,-64.99957397,0.05293452319,0.5960321555,0.3177376694,0,-1.22001223,4.403256527,-3.183772192
51.35,-64.99956867,0.05293454956,0.5960322419,0.3177375702,0,-1.220014174,4.403252973,-3.183770602
51.36,-64.99956334,0.05293457621,0.596032328,0.3177374713,0,-1.220016136,4.403249452,-3.183769001
51.37,-64.99955796,0.05293460315,0.5960324137,0.3177373728,0,-1.220018117,4.403245964,-3.183767388
51.38,-64.99955255,0.05293463036,0.5960324991,0.3177372746,0,-1.220020116,4.403242508,-3.183765764
51.39,-64.99954709,0.05293465785,0.5960325842,0.3177371768,0,-1.220022133,4.403239085,-3.183764128
51.4,-64.9995416,0.05293468562,0.596032669,0.3177370793,0,-1.220024168,4.403235694,-3.183762481
51.41,-64.99953607,0.05293471365,0.5960327535,0.3177369821,0,-1.220026221,4.403232335,-3.183760822
51.42,-64.99953051,0.05293474197,0.5960328376,0.3177368852,0,-1.220028292,4.403229008,-3.183759152
51.43,-64.99952491,0.05293477055,0.5960329214,0.3177367887,0,-1.22003038,4.403225714,-3.183757472
51.44,-64.99951927,0.0529347994,0.5960330048,0.3177366925,0,-1.220032486,4.403222451,-3.18375578
51.45,-64.99951359,0.05293482852,0.596033088,0.3177365967,0,-1.220034609,4.403219221,-3.183754077
51.46,-64.99950788,0.0529348579,0.5960331708,0.3177365012,0,-1.22003675,4.403216022,-3.183752363
51.47,-64.99950213,0.05293488755,0.5960332532,0.317736406,0,-1.220038908,4.403212856,-3.183750638
51.48,-64.99949634,0.05293491746,0.5960333354,0.3177363111,0,-1.220041083,4.403209721,-3.183748903
51.49,-64.99949052,0.05293494763,0.5960334172,0.3177362166,0,-1.220043274,4.403206618,-3.183747157
51.5,-64.99948467,0.05293497806,0.5960334986,0.3177361225,0,-1.220045483,4.403203547,-3.1837454
51.51,-64.99947878,0.05293500875,0.5960335798,0.3177360286,0,-1.220047709,4.403200507,-3.183743633
51.52,-64.99947285,0.05293503969,0.5960336606,0.3177359351,0,-1.220049951,4.403197498,-3.183741855
51.53,-64.99946689,0.05293507089,0.596033741,0.317735842,0,-1.220052209,4.403194521,-3.183740067
51.54,-64.99946089,0.05293510234,0.5960338211,0.3177357492,0,-1.220054484,4.403191576,-3.183738268
51.55,-64.99945487,0.05293513405,0.5960339009,0.3177356567,0,-1.220056776,4.403188661,-3.18373646
51.56,-64.9994488,0.052935166,0.5960339803,0.3177355645,0,-1.220059083,4.403185778,-3.183734641
51.57,-64.99944271,0.0529351982,0.5960340594,0.3177354727,0,-1.220061407,4.403182926,-3.183732812
51.58,-64.99943658,0.05293523064,0.5960341382,0.3177353813,0,-1.220063747,4.403180105,-3.183730973
51.59,-64.99943041,0.05293526333,0.5960342166,0.3177352901,0,-1.220066102,4.403177315,-3.183729124
51.6,-64.99942422,0.05293529627,0.5960342946,0.3177351994,0,-1.220068473,4.403174556,-3.183727266
51.61,-64.99941799,0.05293532944,0.5960343723,0.3177351089,0,-1.22007086,4.403171828,-3.183725397
51.62,-64.99941173,0.05293536286,0.5960344497,0.3177350188,0,-1.220073263,4.40316913,-3.183723519
51.63,-64.99940544,0.05293539651,0.5960345267,0.3177349291,0,-1.22007568,4.403166463,-3.183721631
51.64,-64.99939911,0.0529354304,0.5960346033,0.3177348396,0,-1.220078114,4.403163827,-3.183719734
51.65,-64.99939276,0.05293546452,0.5960346797,0.3177347506,0,-1.220080562,4.403161221,-3.183717827
51.66,-64.99938637,0.05293549888,0.5960347556,0.3177346618,0,-1.220083025,4.403158646,-3.183715911
51.67,-64.99937995,0.05293553347,0.5960348312,0.3177345734,0,-1.220085504,4.403156101,-3.183713986
51.68,-64.9993735,0.05293556829,0.5960349065,0.3177344854,0,-1.220087997,4.403153586,-3.183712051
51.69,-64.99936702,0.05293560334,0.5960349814,0.3177343977,0,-1.220090505,4.403151102,-3.183710107
51.7,-64.99936051,0.05293563862,0.5960350559,0.3177343103,0,-1.220093028,4.403148648,-3.183708154
51.71,-64.99935397,0.05293567412,0.5960351301,0.3177342233,0,-1.220095565,4.403146224,-3.183706192
51.72,-64.9993474,0.05293570985,0.596035204,0.3177341366,0,-1.220098117,4.403143829,-3.183704221
51.73,-64.9993408,0.05293574579,0.5960352774,0.3177340502,0,-1.220100683,4.403141465,-3.183702241
51.74,-64.99933417,0.05293578196,0.5960353506,0.3177339643,0,-1.220103263,4.40313913,-3.183700252
51.75,-64.99932751,0.05293581835,0.5960354233,0.3177338786,0,-1.220105858,4.403136826,-3.183698254
51.76,-64.99932083,0.05293585496,0.5960354957,0.3177337933,0,-1.220108466,4.403134551,-3.183696248
51.77,-64.99931411,0.05293589178,0.5960355678,0.3177337083,0,-1.220111088,4.403132305,-3.183694233
51.78,-64.99930737,0.05293592881,0.5960356394,0.3177336237,0,-1.220113724,4.403130089,-3.18369221
51.79,-64.99930059,0.05293596606,0.5960357108,0.3177335394,0,-1.220116374,4.403127902,-3.183690178
51.8,-64.99929379,0.05293600352,0.5960357817,0.3177334555,0,-1.220119037,4.403125745,-3.183688138
51.81,-64.99928697,0.05293604119,0.5960358523,0.3177333719,0,-1.220121714,4.403123617,-3.18368609
51.82,-64.99928011,0.05293607907,0.5960359226,0.3177332887,0,-1.220124404,4.403121518,-3.183684033
51.83,-64.99927323,0.05293611715,0.5960359924,0.3177332058,0,-1.220127108,4.403119449,-3.183681968
51.84,-64.99926632,0.05293615544,0.5960360619,0.3177331232,0,-1.220129825,4.403117408,-3.183679895
51.85,-64.99925938,0.05293619394,0.5960361311,0.317733041,0,-1.220132554,4.403115396,-3.183677814
51.86,-64.99925242,0.05293623263,0.5960361998,0.3177329592,0,-1.220135297,4.403113414,-3.183675726
51.87,-64.99924543,0.05293627153,0.5960362682,0.3177328777,0,-1.220138052,4.403111459,-3.183673629
51.88,-64.99923841,0.05293631062,0.5960363363,0.3177327965,0,-1.22014082,4.403109534,-3.183671524
51.89,-64.99923137,0.05293634992,0.5960364039,0.3177327157,0,-1.220143601,4.403107637,-3.183669412
51.9,-64.99922431,0.0529363894,0.5960364712,0.3177326352,0,-1.220146394,4.403105769,-3.183667292
51.91,-64.99921722,0.05293642909,0.5960365382,0.3177325551,0,-1.2201492,4.403103929,-3.183665165
51.92,-64.9992101,0.05293646896,0.5960366047,0.3177324753,0,-1.220152018,4.403102118,-3.183663029
51.93,-64.99920296,0.05293650903,0.5960366709,0.3177323958,0,-1.220154848,4.403100335,-3.183660887
51.94,-64.99919579,0.05293654928,0.5960367367,0.3177323167,0,-1.220157691,4.40309858,-3.183658737
51.95,-64.9991886,0.05293658973,0.5960368022,0.317732238,0,-1.220160545,4.403096853,-3.18365658
51.96,-64.99918139,0.05293663036,0.5960368673,0.3177321596,0,-1.220163411,4.403095154,-3.183654416
51.97,-64.99917415,0.05293667117,0.596036932,0.3177320815,0,-1.220166289,4.403093483,-3.183652244
51.98,-64.99916688,0.05293671217,0.5960369963,0.3177320038,0,-1.220169179,4.40309184,-3.183650065
51.99,-64.9991596,0.05293675335,0.5960370602,0.3177319265,0,-1.22017208,4.403090225,-3.18364788
52,-64.99915229,0.05293679472,0.5960371238,0.3177318495,0,-1.220174993,4.403088638,-3.183645687
52.01,-64.99914496,0.05293683626,0.596037187,0.3177317728,0,-1.220177917,4.403087078,-3.183643487
52.02,-64.9991376,0.05293687798,0.5960372498,0.3177316965,0,-1.220180852,4.403085546,-3.183641281
52.03,-64.99913023,0.05293691987,0.5960373123,0.3177316205,0,-1.220183799,4.403084041,-3.183639068
52.04,-64.99912283,0.05293696194,0.5960373744,0.3177315449,0,-1.220186757,4.403082563,-3.183636848
52.05,-64.99911541,0.05293700418,0.5960374361,0.3177314696,0,-1.220189725,4.403081113,-3.183634622
52.06,-64.99910796,0.0529370466,0.5960374974,0.3177313946,0,-1.220192705,4.40307969,-3.183632389
52.07,-64.9991005,0.05293708918,0.5960375583,0.31773132,0,-1.220195695,4.403078294,-3.183630149
52.08,-64.99909301,0.05293713193,0.5960376189,0.3177312458,0,-1.220198696,4.403076925,-3.183627903
52.09,-64.9990855,0.05293717485,0.5960376791,0.3177311719,0,-1.220201707,4.403075583,-3.183625651
52.1,-64.99907798,0.05293721794,0.5960377389,0.3177310983,0,-1.220204729,4.403074268,-3.183623393
52.11,-64.99907043,0.05293726119,0.5960377983,0.3177310251,0,-1.220207761,4.40307298,-3.183621128
52.12,-64.99906286,0.0529373046,0.5960378574,0.3177309523,0,-1.220210804,4.403071718,-3.183618857
52.13,-64.99905527,0.05293734817,0.596037916,0.3177308798,0,-1.220213857,4.403070483,-3.18361658
52.14,-64.99904766,0.05293739191,0.5960379743,0.3177308076,0,-1.220216919,4.403069274,-3.183614298
52.15,-64.99904003,0.0529374358,0.5960380322,0.3177307358,0,-1.220219992,4.403068092,-3.183612009
52.16,-64.99903238,0.05293747984,0.5960380897,0.3177306643,0,-1.220223075,4.403066936,-3.183609714
52.17,-64.99902471,0.05293752405,0.5960381469,0.3177305932,0,-1.220226167,4.403065807,-3.183607414
52.18,-64.99901702,0.0529375684,0.5960382036,0.3177305224,0,-1.220229269,4.403064703,-3.183605107
52.19,-64.99900932,0.05293761291,0.59603826,0.3177304519,0,-1.22023238,4.403063626,-3.183602796
52.2,-64.99900159,0.05293765757,0.596038316,0.3177303818,0,-1.220235501,4.403062575,-3.183600478
52.21,-64.99899385,0.05293770238,0.5960383716,0.3177303121,0,-1.220238632,4.403061549,-3.183598155
52.22,-64.99898609,0.05293774734,0.5960384268,0.3177302427,0,-1.220241771,4.40306055,-3.183595827
52.23,-64.99897831,0.05293779245,0.5960384817,0.3177301736,0,-1.22024492,4.403059576,-3.183593493
52.24,-64.99897051,0.0529378377,0.5960385361,0.3177301049,0,-1.220248078,4.403058627,-3.183591154
52.25,-64.9989627,0.05293788309,0.5960385902,0.3177300365,0,-1.220251245,4.403057705,-3.183588809
52.26,-64.99895487,0.05293792862,0.5960386439,0.3177299685,0,-1.22025442,4.403056807,-3.18358646
52.27,-64.99894702,0.0529379743,0.5960386972,0.3177299008,0,-1.220257605,4.403055936,-3.183584105
52.28,-64.99893915,0.05293802012,0.5960387501,0.3177298335,0,-1.220260798,4.403055089,-3.183581745
52.29,-64.99893127,0.05293806607,0.5960388027,0.3177297665,0,-1.220264,4.403054268,-3.18357938
52.3,-64.99892337,0.05293811216,0.5960388548,0.3177296998,0,-1.22026721,4.403053471,-3.18357701
52.31,-64.99891545,0.05293815838,0.5960389066,0.3177296335,0,-1.220270428,4.4030527,-3.183574636
52.32,-64.99890752,0.05293820474,0.596038958,0.3177295676,0,-1.220273655,4.403051954,-3.183572256
52.33,-64.99889957,0.05293825123,0.596039009,0.317729502,0,-1.22027689,4.403051232,-3.183569872
52.34,-64.99889161,0.05293829786,0.5960390596,0.3177294367,0,-1.220280134,4.403050535,-3.183567483
52.35,-64.99888363,0.05293834461,0.5960391098,0.3177293718,0,-1.220283385,4.403049863,-3.18356509
52.36,-64.99887564,0.05293839149,0.5960391596,0.3177293072,0,-1.220286644,4.403049216,-3.183562691
52.37,-64.99886763,0.05293843849,0.5960392091,0.3177292429,0,-1.220289911,4.403048593,-3.183560289
52.38,-64.99885961,0.05293848563,0.5960392581,0.317729179,0,-1.220293185,4.403047994,-3.183557882
52.39,-64.99885157,0.05293853288,0.5960393068,0.3177291154,0,-1.220296467,4.40304742,-3.18355547
52.4,-64.99884352,0.05293858026,0.5960393551,0.3177290522,0,-1.220299757,4.403046869,-3.183553055
52.41,-64.99883545,0.05293862776,0.596039403,0.3177289893,0,-1.220303054,4.403046343,-3.183550635
52.42,-64.99882737,0.05293867538,0.5960394505,0.3177289268,0,-1.220306359,4.403045842,-3.183548211
52.43,-64.99881927,0.05293872311,0.5960394976,0.3177288646,0,-1.220309671,4.403045364,-3.183545782
52.44,-64.99881117,0.05293877097,0.5960395443,0.3177288028,0,-1.22031299,4.403044909,-3.18354335
52.45,-64.99880305,0.05293881894,0.5960395907,0.3177287412,0,-1.220316316,4.403044479,-3.183540914
52.46,-64.99879491,0.05293886702,0.5960396366,0.3177286801,0,-1.220319649,4.403044072,-3.183538474
52.47,-64.99878677,0.05293891522,0.5960396822,0.3177286192,0,-1.220322989,4.403043689,-3.18353603
52.48,-64.99877861,0.05293896353,0.5960397274,0.3177285587,0,-1.220326335,4.40304333,-3.183533582
52.49,-64.99877043,0.05293901194,0.5960397722,0.3177284986,0,-1.220329689,4.403042993,-3.18353113
52.5,-64.99876225,0.05293906047,0.5960398166,0.3177284388,0,-1.220333048,4.403042681,-3.183528675
52.51,-64.99875405,0.05293910911,0.5960398606,0.3177283793,0,-1.220336415,4.403042391,-3.183526216
52.52,-64.99874584,0.05293915785,0.5960399042,0.3177283202,0,-1.220339788,4.403042124,-3.183523753
52.53,-64.99873762,0.05293920669,0.5960399475,0.3177282614,0,-1.220343167,4.403041881,-3.183521287
52.54,-64.99872939,0.05293925564,0.5960399903,0.3177282029,0,-1.220346552,4.40304166,-3.183518818
52.55,-64.99872115,0.05293930469,0.5960400328,0.3177281448,0,-1.220349944,4.403041463,-3.183516345
52.56,-64.9987129,0.05293935384,0.5960400748,0.317728087,0,-1.220353342,4.403041288,-3.183513869
52.57,-64.99870463,0.05293940309,0.5960401165,0.3177280296,0,-1.220356745,4.403041136,-3.18351139
52.58,-64.99869636,0.05293945244,0.5960401578,0.3177279725,0,-1.220360155,4.403041006,-3.183508907
52.59,-64.99868807,0.05293950189,0.5960401987,0.3177279157,0,-1.22036357,4.403040899,-3.183506421
52.6,-64.99867978,0.05293955143,0.5960402393,0.3177278592,0,-1.220366991,4.403040814,-3.183503933
52.61,-64.99867147,0.05293960106,0.5960402794,0.3177278031,0,-1.220370418,4.403040752,-3.183501441
52.62,-64.99866315,0.05293965079,0.5960403191,0.3177277474,0,-1.22037385,4.403040712,-3.183498946
52.63,-64.99865483,0.05293970061,0.5960403585,0.317727692,0,-1.220377287,4.403040694,-3.183496448
52.64,-64.99864649,0.05293975052,0.5960403975,0.3177276369,0,-1.22038073,4.403040698,-3.183493948
52.65,-64.99863815,0.05293980052,0.596040436,0.3177275821,0,-1.220384178,4.403040724,-3.183491444
52.66,-64.99862979,0.0529398506,0.5960404742,0.3177275277,0,-1.220387632,4.403040772,-3.183488938
52.67,-64.99862143,0.05293990077,0.596040512,0.3177274736,0,-1.22039109,4.403040842,-3.18348643
52.68,-64.99861306,0.05293995103,0.5960405495,0.3177274198,0,-1.220394553,4.403040933,-3.183483918
52.69,-64.99860468,0.05294000137,0.5960405865,0.3177273664,0,-1.220398022,4.403041046,-3.183481404
52.7,-64.99859629,0.05294005179,0.5960406231,0.3177273133,0,-1.220401495,4.403041181,-3.183478888
52.71,-64.9985879,0.0529401023,0.5960406594,0.3177272606,0,-1.220404973,4.403041337,-3.183476369
52.72,-64.99857949,0.05294015288,0.5960406953,0.3177272081,0,-1.220408455,4.403041514,-3.183473848
52.73,-64.99857108,0.05294020354,0.5960407307,0.3177271561,0,-1.220411942,4.403041712,-3.183471324
52.74,-64.99856266,0.05294025428,0.5960407658,0.3177271043,0,-1.220415434,4.403041932,-3.183468799
52.75,-64.99855424,0.0529403051,0.5960408005,0.3177270529,0,-1.22041893,4.403042173,-3.183466271
52.76,-64.9985458,0.05294035599,0.5960408348,0.3177270018,0,-1.22042243,4.403042434,-3.183463741
52.77,-64.99853736,0.05294040695,0.5960408688,0.317726951,0,-1.220425934,4.403042717,-3.183461208
52.78,-64.99852891,0.05294045799,0.5960409023,0.3177269005,0,-1.220429443,4.40304302,-3.183458674
52.79,-64.99852046,0.05294050909,0.5960409355,0.3177268504,0,-1.220432956,4.403043344,-3.183456138
52.8,-64.998512,0.05294056027,0.5960409683,0.3177268007,0,-1.220436472,4.403043688,-3.1834536
52.81,-64.99850353,0.05294061151,0.5960410006,0.3177267512,0,-1.220439993,4.403044053,-3.183451059
52.82,-64.99849506,0.05294066283,0.5960410327,0.3177267021,0,-1.220443517,4.403044439,-3.183448518
52.83,-64.99848658,0.0529407142,0.5960410643,0.3177266533,0,-1.220447045,4.403044845,-3.183445974
52.84,-64.9984781,0.05294076565,0.5960410955,0.3177266048,0,-1.220450577,4.40304527,-3.183443429
52.85,-64.99846961,0.05294081715,0.5960411263,0.3177265567,0,-1.220454112,4.403045717,-3.183440882
52.86,-64.99846111,0.05294086872,0.5960411568,0.3177265088,0,-1.220457651,4.403046183,-3.183438333
52.87,-64.99845261,0.05294092035,0.5960411869,0.3177264614,0,-1.220461193,4.403046669,-3.183435783
52.88,-64.9984441,0.05294097204,0.5960412166,0.3177264142,0,-1.220464738,4.403047175,-3.183433231
52.89,-64.99843559,0.05294102379,0.5960412459,0.3177263674,0,-1.220468287,4.4030477,-3.183430678
52.9,-64.99842708,0.0529410756,0.5960412748,0.3177263208,0,-1.220471838,4.403048246,-3.183428124
52.91,-64.99841856,0.05294112746,0.5960413034,0.3177262746,0,-1.220475393,4.403048811,-3.183425568
52.92,-64.99841004,0.05294117937,0.5960413315,0.3177262288,0,-1.220478951,4.403049395,-3.183423011
52.93,-64.99840151,0.05294123135,0.5960413593,0.3177261832,0,-1.220482512,4.403049999,-3.183420452
52.94,-64.99839298,0.05294128337,0.5960413867,0.317726138,0,-1.220486075,4.403050622,-3.183417893
52.95,-64.99838444,0.05294133544,0.5960414137,0.3177260931,0,-1.220489642,4.403051265,-3.183415332
52.96,-64.9983759,0.05294138757,0.5960414403,0.3177260485,0,-1.22049321,4.403051926,-3.183412771
52.97,-64.99836736,0.05294143974,0.5960414666,0.3177260043,0,-1.220496782,4.403052607,-3.183410208
52.98,-64.99835881,0.05294149196,0.5960414924,0.3177259603,0,-1.220500356,4.403053306,-3.183407644
52.99,-64.99835027,0.05294154423,0.5960415179,0.3177259167,0,-1.220503932,4.403054025,-3.18340508
53,-64.99834171,0.05294159655,0.596041543,0.3177258734,0,-1.220507511,4.403054762,-3.183402514
53.01,-64.99833316,0.05294164891,0.5960415677,0.3177258304,0,-1.220511092,4.403055518,-3.183399948
53.02,-64.9983246,0.05294170131,0.5960415921,0.3177257878,0,-1.220514675,4.403056292,-3.183397381
53.03,-64.99831605,0.05294175375,0.596041616,0.3177257454,0,-1.220518261,4.403057085,-3.183394814
53.04,-64.99830748,0.05294180624,0.5960416396,0.3177257034,0,-1.220521848,4.403057896,-3.183392245
53.05,-64.99829892,0.05294185876,0.5960416628,0.3177256617,0,-1.220525438,4.403058726,-3.183389677
53.06,-64.99829036,0.05294191133,0.5960416857,0.3177256203,0,-1.220529029,4.403059573,-3.183387107
53.07,-64.99828179,0.05294196393,0.5960417081,0.3177255792,0,-1.220532622,4.403060439,-3.183384537
53.08,-64.99827322,0.05294201656,0.5960417302,0.3177255385,0,-1.220536217,4.403061323,-3.183381967
53.09,-64.99826465,0.05294206923,0.5960417519,0.317725498,0,-1.220539813,4.403062225,-3.183379396
53.1,-64.99825608,0.05294212194,0.5960417732,0.3177254579,0,-1.220543411,4.403063145,-3.183376825
53.11,-64.99824751,0.05294217468,0.5960417941,0.3177254181,0,-1.22054701,4.403064082,-3.183374253
53.12,-64.99823894,0.05294222745,0.5960418147,0.3177253786,0,-1.220550611,4.403065037,-3.183371682
53.13,-64.99823037,0.05294228025,0.5960418349,0.3177253394,0,-1.220554214,4.40306601,-3.18336911
53.14,-64.99822179,0.05294233308,0.5960418547,0.3177253005,0,-1.220557817,4.403067,-3.183366538
53.15,-64.99821322,0.05294238594,0.5960418741,0.3177252619,0,-1.220561422,4.403068008,-3.183363966
53.16,-64.99820465,0.05294243883,0.5960418932,0.3177252237,0,-1.220565028,4.403069033,-3.183361394
53.17,-64.99819607,0.05294249174,0.5960419118,0.3177251857,0,-1.220568635,4.403070075,-3.183358822
53.18,-64.9981875,0.05294254468,0.5960419302,0.3177251481,0,-1.220572243,4.403071134,-3.183356249
53.19,-64.99817892,0.05294259764,0.5960419481,0.3177251108,0,-1.220575851,4.40307221,-3.183353677
53.2,-64.99817035,0.05294265063,0.5960419657,0.3177250738,0,-1.220579461,4.403073304,-3.183351106
53.21,-64.99816178,0.05294270363,0.5960419829,0.3177250371,0,-1.220583071,4.403074414,-3.183348534
53.22,-64.99815321,0.05294275666,0.5960419997,0.3177250007,0,-1.220586683,4.40307554,-3.183345962
53.23,-64.99814464,0.05294280971,0.5960420161,0.3177249646,0,-1.220590294,4.403076684,-3.183343391
53.24,-64.99813607,0.05294286277,0.5960420322,0.3177249288,0,-1.220593907,4.403077844,-3.18334082
53.25,-64.9981275,0.05294291586,0.5960420479,0.3177248933,0,-1.220597519,4.403079021,-3.18333825
53.26,-64.99811893,0.05294296896,0.5960420632,0.3177248581,0,-1.220601132,4.403080213,-3.18333568
53.27,-64.99811037,0.05294302207,0.5960420782,0.3177248233,0,-1.220604746,4.403081423,-3.18333311
53.28,-64.9981018,0.0529430752,0.5960420928,0.3177247887,0,-1.22060836,4.403082648,-3.183330541
53.29,-64.99809324,0.05294312835,0.596042107,0.3177247544,0,-1.220611973,4.40308389,-3.183327973
53.3,-64.99808468,0.0529431815,0.5960421209,0.3177247205,0,-1.220615587,4.403085147,-3.183325405
53.31,-64.99807613,0.05294323467,0.5960421344,0.3177246868,0,-1.220619202,4.403086421,-3.183322838
53.32,-64.99806757,0.05294328784,0.5960421475,0.3177246534,0,-1.220622816,4.40308771,-3.183320271
53.33,-64.99805902,0.05294334103,0.5960421603,0.3177246204,0,-1.22062643,4.403089016,-3.183317706
53.34,-64.99805047,0.05294339422,0.5960421727,0.3177245876,0,-1.220630043,4.403090337,-3.183315141
53.35,-64.99804192,0.05294344742,0.5960421847,0.3177245552,0,-1.220633657,4.403091673,-3.183312576
53.36,-64.99803338,0.05294350063,0.5960421964,0.317724523,0,-1.22063727,4.403093025,-3.183310013
53.37,-64.99802484,0.05294355384,0.5960422077,0.3177244912,0,-1.220640883,4.403094392,-3.183307451
53.38,-64.9980163,0.05294360706,0.5960422186,0.3177244596,0,-1.220644496,4.403095775,-3.18330489
53.39,-64.99800776,0.05294366027,0.5960422292,0.3177244283,0,-1.220648108,4.403097173,-3.183302329
53.4,-64.99799923,0.05294371349,0.5960422394,0.3177243974,0,-1.220651719,4.403098586,-3.18329977
53.41,-64.99799071,0.05294376671,0.5960422492,0.3177243667,0,-1.22065533,4.403100014,-3.183297212
53.42,-64.99798218,0.05294381994,0.5960422587,0.3177243363,0,-1.22065894,4.403101457,-3.183294655
53.43,-64.99797366,0.05294387316,0.5960422679,0.3177243062,0,-1.220662549,4.403102915,-3.183292099
53.44,-64.99796515,0.05294392637,0.5960422766,0.3177242765,0,-1.220666158,4.403104388,-3.183289545
53.45,-64.99795664,0.05294397959,0.596042285,0.317724247,0,-1.220669765,4.403105875,-3.183286991
53.46,-64.99794813,0.0529440328,0.5960422931,0.3177242178,0,-1.220673372,4.403107377,-3.183284439
53.47,-64.99793963,0.052944086,0.5960423008,0.3177241888,0,-1.220676978,4.403108894,-3.183281889
53.48,-64.99793113,0.0529441392,0.5960423081,0.3177241602,0,-1.220680582,4.403110425,-3.183279339
53.49,-64.99792264,0.0529441924,0.5960423151,0.3177241319,0,-1.220684186,4.40311197,-3.183276792
53.5,-64.99791415,0.05294424558,0.5960423217,0.3177241039,0,-1.220687788,4.40311353,-3.183274245
53.51,-64.99790567,0.05294429876,0.5960423279,0.3177240761,0,-1.220691388,4.403115103,-3.183271701
53.52,-64.99789719,0.05294435192,0.5960423339,0.3177240487,0,-1.220694988,4.403116691,-3.183269157
53.53,-64.99788872,0.05294440508,0.5960423394,0.3177240215,0,-1.220698586,4.403118293,-3.183266616
53.54,-64.99788025,0.05294445822,0.5960423446,0.3177239946,0,-1.220702183,4.403119909,-3.183264076
53.55,-64.99787179,0.05294451135,0.5960423494,0.317723968,0,-1.220705778,4.403121538,-3.183261538
53.56,-64.99786334,0.05294456446,0.5960423539,0.3177239417,0,-1.220709371,4.403123181,-3.183259001
53.57,-64.99785489,0.05294461757,0.5960423581,0.3177239157,0,-1.220712963,4.403124838,-3.183256467
53.58,-64.99784645,0.05294467065,0.5960423619,0.3177238899,0,-1.220716553,4.403126509,-3.183253934
53.59,-64.99783801,0.05294472372,0.5960423653,0.3177238645,0,-1.220720141,4.403128193,-3.183251403
53.6,-64.99782958,0.05294477677,0.5960423684,0.3177238393,0,-1.220723728,4.40312989,-3.183248874
53.61,-64.99782116,0.05294482981,0.5960423711,0.3177238144,0,-1.220727312,4.4031316,-3.183246347
53.62,-64.99781274,0.05294488282,0.5960423735,0.3177237898,0,-1.220730895,4.403133324,-3.183243821
53.63,-64.99780433,0.05294493581,0.5960423755,0.3177237655,0,-1.220734475,4.403135061,-3.183241298
53.64,-64.99779592,0.05294498879,0.5960423772,0.3177237414,0,-1.220738053,4.403136811,-3.183238777
53.65,-64.99778753,0.05294504174,0.5960423786,0.3177237176,0,-1.22074163,4.403138573,-3.183236258
53.66,-64.99777914,0.05294509466,0.5960423796,0.3177236941,0,-1.220745204,4.403140349,-3.183233741
53.67,-64.99777076,0.05294514757,0.5960423802,0.3177236709,0,-1.220748775,4.403142137,-3.183231227
53.68,-64.99776238,0.05294520045,0.5960423805,0.317723648,0,-1.220752345,4.403143938,-3.183228714
53.69,-64.99775401,0.0529452533,0.5960423805,0.3177236253,0,-1.220755912,4.403145752,-3.183226204
53.7,-64.99774565,0.05294530613,0.5960423801,0.317723603,0,-1.220759476,4.403147578,-3.183223696
53.71,-64.9977373,0.05294535893,0.5960423794,0.3177235809,0,-1.220763038,4.403149417,-3.18322119
53.72,-64.99772896,0.0529454117,0.5960423783,0.317723559,0,-1.220766598,4.403151268,-3.183218687
53.73,-64.99772062,0.05294546444,0.5960423769,0.3177235375,0,-1.220770155,4.403153131,-3.183216186
53.74,-64.99771229,0.05294551715,0.5960423752,0.3177235162,0,-1.220773709,4.403155006,-3.183213688
53.75,-64.99770397,0.05294556983,0.5960423731,0.3177234952,0,-1.22077726,4.403156894,-3.183211192
53.76,-64.99769566,0.05294562248,0.5960423707,0.3177234744,0,-1.220780809,4.403158793,-3.183208699
53.77,-64.99768736,0.0529456751,0.5960423679,0.317723454,0,-1.220784355,4.403160704,-3.183206208
53.78,-64.99767906,0.05294572768,0.5960423648,0.3177234338,0,-1.220787897,4.403162627,-3.183203719
53.79,-64.99767078,0.05294578023,0.5960423614,0.3177234138,0,-1.220791437,4.403164562,-3.183201234
53.8,-64.9976625,0.05294583274,0.5960423576,0.3177233942,0,-1.220794974,4.403166508,-3.183198751
53.81,-64.99765423,0.05294588522,0.5960423535,0.3177233748,0,-1.220798508,4.403168466,-3.18319627
53.82,-64.99764598,0.05294593766,0.5960423491,0.3177233556,0,-1.220802039,4.403170436,-3.183193793
53.83,-64.99763773,0.05294599006,0.5960423443,0.3177233368,0,-1.220805566,4.403172417,-3.183191318
53.84,-64.99762949,0.05294604242,0.5960423392,0.3177233182,0,-1.22080909,4.403174409,-3.183188846
53.85,-64.99762126,0.05294609475,0.5960423337,0.3177232999,0,-1.220812611,4.403176412,-3.183186377
53.86,-64.99761304,0.05294614703,0.596042328,0.3177232818,0,-1.220816129,4.403178427,-3.183183911
53.87,-64.99760482,0.05294619927,0.5960423219,0.317723264,0,-1.220819643,4.403180452,-3.183181447
53.88,-64.99759662,0.05294625147,0.5960423154,0.3177232465,0,-1.220823153,4.403182489,-3.183178987
53.89,-64.99758843,0.05294630363,0.5960423087,0.3177232292,0,-1.220826661,4.403184536,-3.183176529
53.9,-64.99758025,0.05294635575,0.5960423016,0.3177232122,0,-1.220830164,4.403186595,-3.183174075
53.91,-64.99757208,0.05294640782,0.5960422942,0.3177231954,0,-1.220833664,4.403188664,-3.183171624
53.92,-64.99756392,0.05294645984,0.5960422864,0.3177231789,0,-1.22083716,4.403190743,-3.183169175
53.93,-64.99755577,0.05294651182,0.5960422784,0.3177231627,0,-1.220840653,4.403192833,-3.18316673
53.94,-64.99754763,0.05294656375,0.59604227,0.3177231467,0,-1.220844142,4.403194934,-3.183164288
53.95,-64.9975395,0.05294661564,0.5960422613,0.317723131,0,-1.220847627,4.403197045,-3.183161849
53.96,-64.99753138,0.05294666747,0.5960422522,0.3177231155,0,-1.220851108,4.403199166,-3.183159413
53.97,-64.99752327,0.05294671926,0.5960422429,0.3177231003,0,-1.220854585,4.403201298,-3.183156981
53.98,-64.99751517,0.052946771,0.5960422332,0.3177230854,0,-1.220858058,4.403203439,-3.183154552
53.99,-64.99750709,0.05294682269,0.5960422232,0.3177230707,0,-1.220861527,4.403205591,-3.183152126
54,-64.99749901,0.05294687432,0.5960422129,0.3177230562,0,-1.220864992,4.403207753,-3.183149703
54.01,-64.99749095,0.05294692591,0.5960422022,0.317723042,0,-1.220868453,4.403209924,-3.183147284
54.02,-64.99748289,0.05294697744,0.5960421913,0.3177230281,0,-1.22087191,4.403212106,-3.183144868
54.03,-64.99747485,0.05294702892,0.59604218,0.3177230144,0,-1.220875362,4.403214297,-3.183142456
54.04,-64.99746682,0.05294708034,0.5960421684,0.317723001,0,-1.22087881,4.403216497,-3.183140047
54.05,-64.99745881,0.05294713171,0.5960421565,0.3177229878,0,-1.220882254,4.403218708,-3.183137642
54.06,-64.9974508,0.05294718302,0.5960421442,0.3177229748,0,-1.220885694,4.403220927,-3.18313524
54.07,-64.99744281,0.05294723427,0.5960421317,0.3177229621,0,-1.220889129,4.403223156,-3.183132842
54.08,-64.99743482,0.05294728547,0.5960421189,0.3177229497,0,-1.220892559,4.403225395,-3.183130447
54.09,-64.99742685,0.05294733661,0.5960421057,0.3177229375,0,-1.220895986,4.403227643,-3.183128056
54.1,-64.9974189,0.05294738769,0.5960420922,0.3177229255,0,-1.220899407,4.403229899,-3.183125669
54.11,-64.99741095,0.05294743871,0.5960420784,0.3177229138,0,-1.220902824,4.403232165,-3.183123285
54.12,-64.99740302,0.05294748967,0.5960420643,0.3177229024,0,-1.220906236,4.40323444,-3.183120905
54.13,-64.9973951,0.05294754057,0.5960420499,0.3177228911,0,-1.220909644,4.403236724,-3.183118529
54.14,-64.99738719,0.05294759141,0.5960420352,0.3177228802,0,-1.220913046,4.403239017,-3.183116157
54.15,-64.99737929,0.05294764219,0.5960420202,0.3177228694,0,-1.220916444,4.403241318,-3.183113788
54.16,-64.99737141,0.0529476929,0.5960420049,0.3177228589,0,-1.220919837,4.403243628,-3.183111423
54.17,-64.99736354,0.05294774355,0.5960419892,0.3177228487,0,-1.220923226,4.403245947,-3.183109062
54.18,-64.99735568,0.05294779414,0.5960419733,0.3177228387,0,-1.220926609,4.403248274,-3.183106705
54.19,-64.99734784,0.05294784466,0.5960419571,0.3177228289,0,-1.220929987,4.40325061,-3.183104352
54.2,-64.99734001,0.05294789511,0.5960419405,0.3177228194,0,-1.22093336,4.403252954,-3.183102003
54.21,-64.99733219,0.0529479455,0.5960419237,0.3177228101,0,-1.220936728,4.403255306,-3.183099658
54.22,-64.99732439,0.05294799582,0.5960419065,0.317722801,0,-1.220940092,4.403257666,-3.183097316
54.23,-64.9973166,0.05294804607,0.5960418891,0.3177227922,0,-1.220943449,4.403260035,-3.183094979
54.24,-64.99730882,0.05294809625,0.5960418713,0.3177227836,0,-1.220946802,4.403262411,-3.183092646
54.25,-64.99730106,0.05294814637,0.5960418533,0.3177227752,0,-1.220950149,4.403264796,-3.183090317
54.26,-64.99729331,0.05294819641,0.5960418349,0.3177227671,0,-1.220953492,4.403267188,-3.183087992
54.27,-64.99728557,0.05294824638,0.5960418163,0.3177227592,0,-1.220956828,4.403269588,-3.183085671
54.28,-64.99727785,0.05294829629,0.5960417974,0.3177227515,0,-1.22096016,4.403271996,-3.183083354
54.29,-64.99727014,0.05294834612,0.5960417782,0.3177227441,0,-1.220963486,4.403274412,-3.183081042
54.3,-64.99726245,0.05294839588,0.5960417586,0.3177227369,0,-1.220966806,4.403276835,-3.183078734
54.31,-64.99725477,0.05294844556,0.5960417388,0.3177227299,0,-1.220970121,4.403279266,-3.18307643
54.32,-64.9972471,0.05294849517,0.5960417187,0.3177227231,0,-1.220973431,4.403281704,-3.18307413
54.33,-64.99723945,0.05294854471,0.5960416983,0.3177227166,0,-1.220976735,4.403284149,-3.183071835
54.34,-64.99723181,0.05294859417,0.5960416776,0.3177227103,0,-1.220980033,4.403286602,-3.183069544
54.35,-64.99722419,0.05294864356,0.5960416567,0.3177227042,0,-1.220983326,4.403289062,-3.183067257
54.36,-64.99721658,0.05294869287,0.5960416354,0.3177226984,0,-1.220986613,4.403291529,-3.183064974
54.37,-64.99720899,0.0529487421,0.5960416139,0.3177226928,0,-1.220989894,4.403294003,-3.183062696
54.38,-64.99720141,0.05294879126,0.596041592,0.3177226874,0,-1.220993169,4.403296484,-3.183060423
54.39,-64.99719385,0.05294884033,0.5960415699,0.3177226822,0,-1.220996439,4.403298972,-3.183058154
54.4,-64.9971863,0.05294888933,0.5960415475,0.3177226773,0,-1.220999702,4.403301466,-3.183055889
54.41,-64.99717876,0.05294893825,0.5960415248,0.3177226725,0,-1.22100296,4.403303967,-3.183053629
54.42,-64.99717125,0.05294898709,0.5960415018,0.317722668,0,-1.221006212,4.403306475,-3.183051374
54.43,-64.99716374,0.05294903585,0.5960414786,0.3177226637,0,-1.221009458,4.40330899,-3.183049122
54.44,-64.99715625,0.05294908453,0.5960414551,0.3177226596,0,-1.221012697,4.403311511,-3.183046876
54.45,-64.99714878,0.05294913312,0.5960414313,0.3177226558,0,-1.221015931,4.403314039,-3.183044634
54.46,-64.99714132,0.05294918164,0.5960414072,0.3177226521,0,-1.221019159,4.403316573,-3.183042397
54.47,-64.99713388,0.05294923007,0.5960413828,0.3177226487,0,-1.22102238,4.403319113,-3.183040164
54.48,-64.99712645,0.05294927841,0.5960413582,0.3177226455,0,-1.221025596,4.403321659,-3.183037936
54.49,-64.99711904,0.05294932668,0.5960413332,0.3177226425,0,-1.221028805,4.403324211,-3.183035713
54.5,-64.99711165,0.05294937486,0.596041308,0.3177226397,0,-1.221032008,4.40332677,-3.183033494
54.51,-64.99710427,0.05294942295,0.5960412826,0.3177226371,0,-1.221035204,4.403329334,-3.183031281
54.52,-64.99709691,0.05294947096,0.5960412568,0.3177226348,0,-1.221038395,4.403331905,-3.183029072
54.53,-64.99708956,0.05294951888,0.5960412308,0.3177226326,0,-1.221041579,4.403334481,-3.183026867
54.54,-64.99708223,0.05294956671,0.5960412046,0.3177226307,0,-1.221044756,4.403337063,-3.183024668
54.55,-64.99707491,0.05294961446,0.596041178,0.3177226289,0,-1.221047927,4.403339651,-3.183022473
54.56,-64.99706761,0.05294966212,0.5960411512,0.3177226274,0,-1.221051092,4.403342244,-3.183020283
54.57,-64.99706033,0.05294970969,0.5960411241,0.3177226261,0,-1.22105425,4.403344843,-3.183018098
54.58,-64.99705306,0.05294975717,0.5960410967,0.317722625,0,-1.221057402,4.403347447,-3.183015918
54.59,-64.99704581,0.05294980456,0.5960410691,0.3177226241,0,-1.221060547,4.403350057,-3.183013743
54.6,-64.99703858,0.05294985187,0.5960410412,0.3177226234,0,-1.221063686,4.403352672,-3.183011573
54.61,-64.99703136,0.05294989908,0.5960410131,0.3177226229,0,-1.221066818,4.403355292,-3.183009408
54.62,-64.99702416,0.0529499462,0.5960409847,0.3177226226,0,-1.221069943,4.403357918,-3.183007247
54.63,-64.99701697,0.05294999323,0.596040956,0.3177226225,0,-1.221073061,4.403360548,-3.183005092
54.64,-64.99700981,0.05295004016,0.5960409271,0.3177226226,0,-1.221076173,4.403363184,-3.183002942
54.65,-64.99700265,0.05295008701,0.5960408979,0.3177226229,0,-1.221079278,4.403365825,-3.183000796
54.66,-64.99699552,0.05295013376,0.5960408684,0.3177226234,0,-1.221082377,4.40336847,-3.182998656
54.67,-64.9969884,0.05295018041,0.5960408387,0.3177226241,0,-1.221085468,4.40337112,-3.182996521
54.68,-64.9969813,0.05295022698,0.5960408087,0.317722625,0,-1.221088553,4.403373776,-3.182994391
54.69,-64.99697422,0.05295027345,0.5960407785,0.3177226262,0,-1.22109163,4.403376435,-3.182992266
54.7,-64.99696715,0.05295031982,0.596040748,0.3177226275,0,-1.221094701,4.4033791,-3.182990146
54.71,-64.9969601,0.0529503661,0.5960407173,0.317722629,0,-1.221097765,4.403381769,-3.182988031
54.72,-64.99695307,0.05295041228,0.5960406863,0.3177226306,0,-1.221100822,4.403384442,-3.182985922
54.73,-64.99694606,0.05295045836,0.5960406551,0.3177226325,0,-1.221103872,4.40338712,-3.182983818
54.74,-64.99693906,0.05295050435,0.5960406236,0.3177226346,0,-1.221106914,4.403389802,-3.182981719
54.75,-64.99693208,0.05295055024,0.5960405918,0.3177226369,0,-1.22110995,4.403392488,-3.182979625
54.76,-64.99692512,0.05295059603,0.5960405598,0.3177226393,0,-1.221112979,4.403395179,-3.182977536
54.77,-64.99691818,0.05295064173,0.5960405276,0.317722642,0,-1.221116,4.403397874,-3.182975453
54.78,-64.99691125,0.05295068732,0.5960404951,0.3177226448,0,-1.221119015,4.403400572,-3.182973375
54.79,-64.99690434,0.05295073282,0.5960404624,0.3177226479,0,-1.221122022,4.403403275,-3.182971302
54.8,-64.99689745,0.05295077821,0.5960404294,0.3177226511,0,-1.221125022,4.403405982,-3.182969234
54.81,-64.99689057,0.05295082351,0.5960403962,0.3177226545,0,-1.221128014,4.403408693,-3.182967172
54.82,-64.99688372,0.0529508687,0.5960403628,0.3177226581,0,-1.221131,4.403411407,-3.182965115
54.83,-64.99687688,0.0529509138,0.596040329,0.3177226619,0,-1.221133978,4.403414125,-3.182963064
54.84,-64.99687006,0.05295095879,0.5960402951,0.3177226658,0,-1.221136949,4.403416847,-3.182961018
54.85,-64.99686326,0.05295100368,0.5960402609,0.31772267,0,-1.221139912,4.403419572,-3.182958977
54.86,-64.99685647,0.05295104846,0.5960402265,0.3177226743,0,-1.221142868,4.403422301,-3.182956942
54.87,-64.99684971,0.05295109315,0.5960401918,0.3177226788,0,-1.221145817,4.403425033,-3.182954912
54.88,-64.99684296,0.05295113773,0.5960401569,0.3177226835,0,-1.221148758,4.403427769,-3.182952888
54.89,-64.99683623,0.05295118221,0.5960401218,0.3177226884,0,-1.221151692,4.403430508,-3.182950869
54.9,-64.99682952,0.05295122658,0.5960400865,0.3177226934,0,-1.221154618,4.40343325,-3.182948855
54.91,-64.99682283,0.05295127085,0.5960400509,0.3177226987,0,-1.221157537,4.403435995,-3.182946848
54.92,-64.99681615,0.05295131501,0.596040015,0.3177227041,0,-1.221160448,4.403438744,-3.182944845
54.93,-64.99680949,0.05295135907,0.596039979,0.3177227097,0,-1.221163351,4.403441496,-3.182942848
54.94,-64.99680286,0.05295140302,0.5960399427,0.3177227154,0,-1.221166247,4.40344425,-3.182940857
54.95,-64.99679624,0.05295144686,0.5960399061,0.3177227214,0,-1.221169136,4.403447008,-3.182938871
54.96,-64.99678964,0.0529514906,0.5960398694,0.3177227275,0,-1.221172016,4.403449768,-3.182936891
54.97,-64.99678305,0.05295153424,0.5960398324,0.3177227338,0,-1.22117489,4.403452531,-3.182934916
54.98,-64.99677649,0.05295157776,0.5960397952,0.3177227402,0,-1.221177755,4.403455297,-3.182932947
54.99,-64.99676995,0.05295162118,0.5960397578,0.3177227469,0,-1.221180613,4.403458066,-3.182930984
55,-64.99676342,0.05295166449,0.5960397201,0.3177227537,0,-1.221183463,4.403460837,-3.182929026
55.01,-64.99675691,0.05295170769,0.5960396822,0.3177227606,0,-1.221186305,4.403463611,-3.182927074
55.02,-64.99675043,0.05295175078,0.5960396441,0.3177227678,0,-1.221189139,4.403466387,-3.182925128
55.03,-64.99674396,0.05295179376,0.5960396058,0.3177227751,0,-1.221191966,4.403469166,-3.182923187
55.04,-64.99673751,0.05295183663,0.5960395673,0.3177227826,0,-1.221194784,4.403471947,-3.182921252
55.05,-64.99673107,0.05295187939,0.5960395285,0.3177227902,0,-1.221197595,4.40347473,-3.182919322
55.06,-64.99672466,0.05295192205,0.5960394895,0.317722798,0,-1.221200398,4.403477516,-3.182917398
55.07,-64.99671827,0.05295196459,0.5960394503,0.317722806,0,-1.221203193,4.403480303,-3.182915481
55.08,-64.99671189,0.05295200702,0.5960394109,0.3177228142,0,-1.221205981,4.403483093,-3.182913568
55.09,-64.99670554,0.05295204934,0.5960393713,0.3177228225,0,-1.22120876,4.403485885,-3.182911662
55.1,-64.9966992,0.05295209154,0.5960393315,0.3177228309,0,-1.221211531,4.403488679,-3.182909761
55.11,-64.99669289,0.05295213364,0.5960392914,0.3177228396,0,-1.221214295,4.403491474,-3.182907866
55.12,-64.99668659,0.05295217562,0.5960392511,0.3177228483,0,-1.22121705,4.403494272,-3.182905977
55.13,-64.99668031,0.05295221749,0.5960392107,0.3177228573,0,-1.221219797,4.403497071,-3.182904094
55.14,-64.99667405,0.05295225925,0.59603917,0.3177228664,0,-1.221222536,4.403499872,-3.182902216
55.15,-64.99666781,0.05295230089,0.5960391291,0.3177228757,0,-1.221225267,4.403502675,-3.182900344
55.16,-64.99666159,0.05295234242,0.596039088,0.3177228851,0,-1.221227991,4.40350548,-3.182898478
55.17,-64.99665539,0.05295238383,0.5960390467,0.3177228947,0,-1.221230706,4.403508285,-3.182896618
55.18,-64.99664921,0.05295242514,0.5960390051,0.3177229044,0,-1.221233412,4.403511093,-3.182894764
55.19,-64.99664305,0.05295246632,0.5960389634,0.3177229143,0,-1.221236111,4.403513902,-3.182892916
55.2,-64.99663691,0.05295250739,0.5960389215,0.3177229244,0,-1.221238802,4.403516712,-3.182891073
55.21,-64.99663079,0.05295254835,0.5960388794,0.3177229346,0,-1.221241484,4.403519523,-3.182889237
55.22,-64.99662469,0.05295258919,0.596038837,0.3177229449,0,-1.221244158,4.403522336,-3.182887406
55.23,-64.99661861,0.05295262991,0.5960387945,0.3177229555,0,-1.221246824,4.40352515,-3.182885582
55.24,-64.99661254,0.05295267052,0.5960387518,0.3177229661,0,-1.221249482,4.403527965,-3.182883763
55.25,-64.9966065,0.05295271101,0.5960387089,0.3177229769,0,-1.221252131,4.403530781,-3.18288195
55.26,-64.99660048,0.05295275139,0.5960386657,0.3177229879,0,-1.221254772,4.403533599,-3.182880143
55.27,-64.99659447,0.05295279164,0.5960386224,0.317722999,0,-1.221257405,4.403536417,-3.182878342
55.28,-64.99658849,0.05295283178,0.5960385789,0.3177230102,0,-1.22126003,4.403539236,-3.182876547
55.29,-64.99658253,0.05295287181,0.5960385352,0.3177230216,0,-1.221262646,4.403542056,-3.182874758
55.3,-64.99657658,0.05295291171,0.5960384913,0.3177230332,0,-1.221265254,4.403544876,-3.182872975
55.31,-64.99657066,0.0529529515,0.5960384472,0.3177230449,0,-1.221267853,4.403547698,-3.182871198
55.32,-64.99656476,0.05295299116,0.5960384029,0.3177230567,0,-1.221270444,4.40355052,-3.182869427
55.33,-64.99655887,0.05295303071,0.5960383584,0.3177230687,0,-1.221273027,4.403553343,-3.182867662
55.34,-64.99655301,0.05295307014,0.5960383138,0.3177230808,0,-1.221275602,4.403556166,-3.182865903
55.35,-64.99654717,0.05295310945,0.5960382689,0.3177230931,0,-1.221278168,4.40355899,-3.18286415
55.36,-64.99654134,0.05295314864,0.5960382239,0.3177231055,0,-1.221280725,4.403561814,-3.182862403
55.37,-64.99653554,0.05295318771,0.5960381787,0.3177231181,0,-1.221283274,4.403564638,-3.182860662
55.38,-64.99652976,0.05295322667,0.5960381333,0.3177231308,0,-1.221285815,4.403567463,-3.182858927
55.39,-64.99652399,0.0529532655,0.5960380877,0.3177231436,0,-1.221288347,4.403570289,-3.182857198
55.4,-64.99651825,0.05295330421,0.5960380419,0.3177231565,0,-1.22129087,4.403573114,-3.182855475
55.41,-64.99651253,0.0529533428,0.5960379959,0.3177231696,0,-1.221293385,4.40357594,-3.182853759
55.42,-64.99650683,0.05295338126,0.5960379498,0.3177231829,0,-1.221295892,4.403578765,-3.182852048
55.43,-64.99650115,0.05295341961,0.5960379035,0.3177231963,0,-1.22129839,4.403581591,-3.182850344
55.44,-64.99649548,0.05295345784,0.596037857,0.3177232098,0,-1.22130088,4.403584417,-3.182848645
55.45,-64.99648984,0.05295349594,0.5960378103,0.3177232234,0,-1.22130336,4.403587243,-3.182846953
55.46,-64.99648422,0.05295353392,0.5960377635,0.3177232372,0,-1.221305833,4.403590068,-3.182845267
55.47,-64.99647862,0.05295357178,0.5960377164,0.3177232511,0,-1.221308296,4.403592894,-3.182843587
55.48,-64.99647304,0.05295360952,0.5960376692,0.3177232651,0,-1.221310752,4.403595719,-3.182841913
55.49,-64.99646748,0.05295364713,0.5960376219,0.3177232793,0,-1.221313198,4.403598544,-3.182840245
55.5,-64.99646195,0.05295368463,0.5960375743,0.3177232936,0,-1.221315636,4.403601369,-3.182838584
55.51,-64.99645643,0.052953722,0.5960375266,0.317723308,0,-1.221318065,4.403604193,-3.182836928
55.52,-64.99645093,0.05295375924,0.5960374787,0.3177233226,0,-1.221320486,4.403607017,-3.182835279
55.53,-64.99644545,0.05295379636,0.5960374307,0.3177233373,0,-1.221322898,4.40360984,-3.182833636
55.54,-64.99644,0.05295383336,0.5960373824,0.3177233521,0,-1.221325301,4.403612663,-3.182831999
55.55,-64.99643456,0.05295387024,0.5960373341,0.317723367,0,-1.221327696,4.403615485,-3.182830368
55.56,-64.99642914,0.05295390699,0.5960372855,0.3177233821,0,-1.221330081,4.403618307,-3.182828743
55.57,-64.99642375,0.05295394361,0.5960372368,0.3177233973,0,-1.221332458,4.403621128,-3.182827125
55.58,-64.99641837,0.05295398012,0.5960371879,0.3177234126,0,-1.221334827,4.403623948,-3.182825512
55.59,-64.99641302,0.05295401649,0.5960371389,0.317723428,0,-1.221337187,4.403626767,-3.182823906
55.6,-64.99640769,0.05295405275,0.5960370896,0.3177234435,0,-1.221339538,4.403629586,-3.182822306
55.61,-64.99640238,0.05295408887,0.5960370403,0.3177234592,0,-1.22134188,4.403632404,-3.182820713
55.62,-64.99639708,0.05295412488,0.5960369907,0.317723475,0,-1.221344213,4.403635221,-3.182819125
55.63,-64.99639181,0.05295416075,0.5960369411,0.3177234909,0,-1.221346538,4.403638036,-3.182817544
55.64,-64.99638656,0.05295419651,0.5960368912,0.3177235069,0,-1.221348854,4.403640851,-3.182815969
55.65,-64.99638133,0.05295423213,0.5960368412,0.3177235231,0,-1.221351161,4.403643665,-3.1828144
55.66,-64.99637613,0.05295426763,0.5960367911,0.3177235394,0,-1.221353459,4.403646477,-3.182812838
55.67,-64.99637094,0.05295430301,0.5960367407,0.3177235557,0,-1.221355749,4.403649289,-3.182811281
55.68,-64.99636577,0.05295433826,0.5960366903,0.3177235722,0,-1.221358029,4.403652099,-3.182809731
55.69,-64.99636062,0.05295437338,0.5960366397,0.3177235888,0,-1.221360301,4.403654907,-3.182808187
55.7,-64.9963555,0.05295440837,0.5960365889,0.3177236056,0,-1.221362564,4.403657715,-3.18280665
55.71,-64.99635039,0.05295444324,0.596036538,0.3177236224,0,-1.221364818,4.403660521,-3.182805118
55.72,-64.99634531,0.05295447799,0.5960364869,0.3177236394,0,-1.221367064,4.403663326,-3.182803593
55.73,-64.99634025,0.0529545126,0.5960364357,0.3177236564,0,-1.2213693,4.403666129,-3.182802074
55.74,-64.99633521,0.05295454709,0.5960363843,0.3177236736,0,-1.221371528,4.403668931,-3.182800562
55.75,-64.99633018,0.05295458145,0.5960363328,0.3177236909,0,-1.221373746,4.403671731,-3.182799055
55.76,-64.99632518,0.05295461569,0.5960362812,0.3177237083,0,-1.221375956,4.403674529,-3.182797555
55.77,-64.99632021,0.05295464979,0.5960362294,0.3177237258,0,-1.221378157,4.403677326,-3.182796062
55.78,-64.99631525,0.05295468377,0.5960361774,0.3177237434,0,-1.221380349,4.403680121,-3.182794574
55.79,-64.99631031,0.05295471763,0.5960361253,0.3177237611,0,-1.221382532,4.403682914,-3.182793093
55.8,-64.99630539,0.05295475135,0.5960360731,0.3177237789,0,-1.221384707,4.403685706,-3.182791618
55.81,-64.9963005,0.05295478495,0.5960360207,0.3177237968,0,-1.221386872,4.403688495,-3.182790149
55.82,-64.99629562,0.05295481841,0.5960359682,0.3177238148,0,-1.221389028,4.403691283,-3.182788687
55.83,-64.99629077,0.05295485175,0.5960359156,0.317723833,0,-1.221391176,4.403694069,-3.18278723
55.84,-64.99628594,0.05295488497,0.5960358628,0.3177238512,0,-1.221393315,4.403696853,-3.182785781
55.85,-64.99628112,0.05295491805,0.5960358099,0.3177238695,0,-1.221395444,4.403699635,-3.182784337
55.86,-64.99627633,0.05295495101,0.5960357568,0.317723888,0,-1.221397565,4.403702414,-3.1827829
55.87,-64.99627156,0.05295498383,0.5960357036,0.3177239065,0,-1.221399677,4.403705192,-3.182781469
55.88,-64.99626681,0.05295501653,0.5960356503,0.3177239251,0,-1.22140178,4.403707967,-3.182780044
55.89,-64.99626209,0.0529550491,0.5960355969,0.3177239439,0,-1.221403873,4.403710741,-3.182778626
55.9,-64.99625738,0.05295508154,0.5960355433,0.3177239627,0,-1.221405958,4.403713511,-3.182777213
55.91,-64.99625269,0.05295511385,0.5960354896,0.3177239816,0,-1.221408034,4.40371628,-3.182775808
55.92,-64.99624803,0.05295514603,0.5960354357,0.3177240007,0,-1.221410101,4.403719046,-3.182774408
55.93,-64.99624338,0.05295517809,0.5960353818,0.3177240198,0,-1.221412159,4.40372181,-3.182773015
55.94,-64.99623876,0.05295521001,0.5960353277,0.317724039,0,-1.221414208,4.403724572,-3.182771628
55.95,-64.99623416,0.05295524181,0.5960352735,0.3177240583,0,-1.221416249,4.403727331,-3.182770247
55.96,-64.99622958,0.05295527347,0.5960352191,0.3177240777,0,-1.22141828,4.403730087,-3.182768873
55.97,-64.99622502,0.05295530501,0.5960351646,0.3177240972,0,-1.221420302,4.403732841,-3.182767505
55.98,-64.99622048,0.05295533642,0.5960351101,0.3177241168,0,-1.221422315,4.403735592,-3.182766143
55.99,-64.99621596,0.0529553677,0.5960350553,0.3177241365,0,-1.221424319,4.403738341,-3.182764788
56,-64.99621146,0.05295539884,0.5960350005,0.3177241563,0,-1.221426314,4.403741087,-3.182763438
56.01,-64.99620699,0.05295542986,0.5960349456,0.3177241761,0,-1.2214283,4.40374383,-3.182762096
56.02,-64.99620253,0.05295546075,0.5960348905,0.3177241961,0,-1.221430278,4.403746571,-3.182760759
56.03,-64.9961981,0.05295549151,0.5960348353,0.3177242161,0,-1.221432246,4.403749308,-3.182759429
56.04,-64.99619368,0.05295552214,0.59603478,0.3177242362,0,-1.221434205,4.403752043,-3.182758105
56.05,-64.99618929,0.05295555264,0.5960347246,0.3177242564,0,-1.221436155,4.403754775,-3.182756787
56.06,-64.99618492,0.05295558301,0.596034669,0.3177242767,0,-1.221438096,4.403757504,-3.182755476
56.07,-64.99618057,0.05295561325,0.5960346134,0.3177242971,0,-1.221440029,4.40376023,-3.182754171
56.08,-64.99617624,0.05295564336,0.5960345576,0.3177243176,0,-1.221441952,4.403762953,-3.182752872
56.09,-64.99617193,0.05295567334,0.5960345017,0.3177243381,0,-1.221443866,4.403765673,-3.18275158
56.1,-64.99616764,0.05295570318,0.5960344457,0.3177243588,0,-1.221445771,4.403768389,-3.182750293
56.11,-64.99616338,0.0529557329,0.5960343896,0.3177243795,0,-1.221447667,4.403771103,-3.182749014
56.12,-64.99615913,0.05295576249,0.5960343334,0.3177244003,0,-1.221449554,4.403773813,-3.18274774
56.13,-64.99615491,0.05295579195,0.5960342771,0.3177244212,0,-1.221451433,4.403776521,-3.182746473
56.14,-64.99615071,0.05295582128,0.5960342207,0.3177244421,0,-1.221453302,4.403779225,-3.182745212
56.15,-64.99614652,0.05295585048,0.5960341642,0.3177244632,0,-1.221455162,4.403781925,-3.182743957
56.16,-64.99614236,0.05295587955,0.5960341075,0.3177244843,0,-1.221457013,4.403784623,-3.182742708
56.17,-64.99613822,0.05295590848,0.5960340508,0.3177245055,0,-1.221458855,4.403787317,-3.182741466
56.18,-64.9961341,0.05295593729,0.596033994,0.3177245267,0,-1.221460688,4.403790007,-3.18274023
56.19,-64.99613,0.05295596597,0.596033937,0.3177245481,0,-1.221462513,4.403792695,-3.182739001
56.2,-64.99612593,0.05295599452,0.59603388,0.3177245695,0,-1.221464328,4.403795378,-3.182737778
56.21,-64.99612187,0.05295602293,0.5960338228,0.317724591,0,-1.221466134,4.403798058,-3.182736561
56.22,-64.99611783,0.05295605122,0.5960337656,0.3177246126,0,-1.221467931,4.403800735,-3.18273535
56.23,-64.99611382,0.05295607937,0.5960337083,0.3177246342,0,-1.221469719,4.403803408,-3.182734145
56.24,-64.99610982,0.0529561074,0.5960336508,0.3177246559,0,-1.221471498,4.403806077,-3.182732947
56.25,-64.99610585,0.05295613529,0.5960335933,0.3177246777,0,-1.221473268,4.403808743,-3.182731755
56.26,-64.9961019,0.05295616306,0.5960335357,0.3177246996,0,-1.22147503,4.403811405,-3.182730569
56.27,-64.99609797,0.05295619069,0.5960334779,0.3177247215,0,-1.221476782,4.403814063,-3.18272939
56.28,-64.99609406,0.0529562182,0.5960334201,0.3177247435,0,-1.221478525,4.403816718,-3.182728217
56.29,-64.99609017,0.05295624557,0.5960333622,0.3177247656,0,-1.221480259,4.403819369,-3.18272705
56.3,-64.9960863,0.05295627281,0.5960333042,0.3177247877,0,-1.221481984,4.403822015,-3.182725889
56.31,-64.99608245,0.05295629993,0.5960332461,0.3177248099,0,-1.221483701,4.403824658,-3.182724735
56.32,-64.99607862,0.05295632691,0.5960331879,0.3177248322,0,-1.221485408,4.403827297,-3.182723586
56.33,-64.99607481,0.05295635376,0.5960331297,0.3177248545,0,-1.221487106,4.403829932,-3.182722444
56.34,-64.99607103,0.05295638048,0.5960330713,0.317724877,0,-1.221488795,4.403832564,-3.182721309
56.35,-64.99606726,0.05295640707,0.5960330129,0.3177248994,0,-1.221490476,4.403835191,-3.182720179
56.36,-64.99606352,0.05295643354,0.5960329544,0.317724922,0,-1.221492147,4.403837814,-3.182719056
56.37,-64.9960598,0.05295645987,0.5960328957,0.3177249446,0,-1.221493809,4.403840433,-3.182717939
56.38,-64.99605609,0.05295648607,0.5960328371,0.3177249672,0,-1.221495463,4.403843047,-3.182716828
56.39,-64.99605241,0.05295651214,0.5960327783,0.3177249899,0,-1.221497107,4.403845658,-3.182715723
56.4,-64.99604875,0.05295653808,0.5960327194,0.3177250127,0,-1.221498743,4.403848264,-3.182714625
56.41,-64.99604511,0.05295656389,0.5960326605,0.3177250356,0,-1.22150037,4.403850867,-3.182713533
56.42,-64.99604149,0.05295658957,0.5960326015,0.3177250585,0,-1.221501987,4.403853465,-3.182712447
56.43,-64.99603789,0.05295661512,0.5960325424,0.3177250814,0,-1.221503596,4.403856058,-3.182711367
56.44,-64.99603431,0.05295664055,0.5960324832,0.3177251045,0,-1.221505196,4.403858648,-3.182710293
56.45,-64.99603075,0.05295666584,0.5960324239,0.3177251275,0,-1.221506787,4.403861233,-3.182709226
56.46,-64.99602722,0.052956691,0.5960323646,0.3177251507,0,-1.221508369,4.403863813,-3.182708165
56.47,-64.9960237,0.05295671603,0.5960323052,0.3177251739,0,-1.221509942,4.40386639,-3.18270711
56.48,-64.9960202,0.05295674093,0.5960322457,0.3177251971,0,-1.221511506,4.403868961,-3.182706061
56.49,-64.99601673,0.0529567657,0.5960321862,0.3177252204,0,-1.221513061,4.403871529,-3.182705018
56.5,-64.99601327,0.05295679035,0.5960321265,0.3177252438,0,-1.221514607,4.403874092,-3.182703981
56.51,-64.99600984,0.05295681486,0.5960320668,0.3177252672,0,-1.221516145,4.40387665,-3.182702951
56.52,-64.99600642,0.05295683924,0.5960320071,0.3177252907,0,-1.221517673,4.403879203,-3.182701927
56.53,-64.99600303,0.0529568635,0.5960319472,0.3177253142,0,-1.221519193,4.403881753,-3.182700909
56.54,-64.99599966,0.05295688762,0.5960318873,0.3177253378,0,-1.221520704,4.403884297,-3.182699897
56.55,-64.9959963,0.05295691162,0.5960318274,0.3177253614,0,-1.221522206,4.403886837,-3.182698891
56.56,-64.99599297,0.05295693548,0.5960317673,0.3177253851,0,-1.221523699,4.403889372,-3.182697891
56.57,-64.99598966,0.05295695922,0.5960317072,0.3177254088,0,-1.221525183,4.403891902,-3.182696897
56.58,-64.99598637,0.05295698283,0.5960316471,0.3177254326,0,-1.221526659,4.403894428,-3.18269591
56.59,-64.9959831,0.05295700631,0.5960315868,0.3177254564,0,-1.221528125,4.403896949,-3.182694929
56.6,-64.99597984,0.05295702966,0.5960315265,0.3177254803,0,-1.221529583,4.403899465,-3.182693953
56.61,-64.99597661,0.05295705288,0.5960314662,0.3177255042,0,-1.221531032,4.403901976,-3.182692984
56.62,-64.9959734,0.05295707597,0.5960314057,0.3177255281,0,-1.221532472,4.403904482,-3.182692021
56.63,-64.99597021,0.05295709893,0.5960313453,0.3177255521,0,-1.221533903,4.403906984,-3.182691064
56.64,-64.99596704,0.05295712177,0.5960312847,0.3177255762,0,-1.221535325,4.40390948,-3.182690113
56.65,-64.99596389,0.05295714448,0.5960312241,0.3177256003,0,-1.221536739,4.403911972,-3.182689168
56.66,-64.99596077,0.05295716705,0.5960311635,0.3177256244,0,-1.221538144,4.403914458,-3.18268823
56.67,-64.99595766,0.0529571895,0.5960311027,0.3177256486,0,-1.22153954,4.40391694,-3.182687297
56.68,-64.99595457,0.05295721183,0.596031042,0.3177256729,0,-1.221540927,4.403919416,-3.18268637
56.69,-64.9959515,0.05295723402,0.5960309812,0.3177256971,0,-1.221542306,4.403921888,-3.18268545
56.7,-64.99594845,0.05295725609,0.5960309203,0.3177257214,0,-1.221543676,4.403924354,-3.182684535
56.71,-64.99594542,0.05295727802,0.5960308593,0.3177257458,0,-1.221545037,4.403926816,-3.182683626
56.72,-64.99594241,0.05295729983,0.5960307984,0.3177257702,0,-1.221546389,4.403929272,-3.182682724
56.73,-64.99593942,0.05295732151,0.5960307373,0.3177257946,0,-1.221547732,4.403931723,-3.182681827
56.74,-64.99593646,0.05295734307,0.5960306762,0.3177258191,0,-1.221549067,4.403934168,-3.182680937
56.75,-64.99593351,0.0529573645,0.5960306151,0.3177258436,0,-1.221550393,4.403936609,-3.182680052
56.76,-64.99593058,0.0529573858,0.5960305539,0.3177258681,0,-1.221551711,4.403939044,-3.182679174
56.77,-64.99592767,0.05295740697,0.5960304927,0.3177258927,0,-1.22155302,4.403941474,-3.182678301
56.78,-64.99592478,0.05295742801,0.5960304314,0.3177259173,0,-1.22155432,4.403943899,-3.182677435
56.79,-64.99592191,0.05295744893,0.5960303701,0.317725942,0,-1.221555611,4.403946318,-3.182676574
56.8,-64.99591907,0.05295746972,0.5960303087,0.3177259667,0,-1.221556894,4.403948733,-3.18267572
56.81,-64.99591624,0.05295749039,0.5960302473,0.3177259914,0,-1.221558168,4.403951141,-3.182674871
56.82,-64.99591343,0.05295751093,0.5960301858,0.3177260162,0,-1.221559433,4.403953545,-3.182674028
56.83,-64.99591064,0.05295753134,0.5960301243,0.317726041,0,-1.22156069,4.403955942,-3.182673191
56.84,-64.99590787,0.05295755162,0.5960300628,0.3177260658,0,-1.221561938,4.403958335,-3.18267236
56.85,-64.99590512,0.05295757178,0.5960300012,0.3177260907,0,-1.221563178,4.403960722,-3.182671536
56.86,-64.99590239,0.05295759181,0.5960299396,0.3177261155,0,-1.221564409,4.403963103,-3.182670717
56.87,-64.99589968,0.05295761172,0.5960298779,0.3177261405,0,-1.221565631,4.403965479,-3.182669903
56.88,-64.99589699,0.0529576315,0.5960298162,0.3177261654,0,-1.221566845,4.40396785,-3.182669096
56.89,-64.99589432,0.05295765115,0.5960297544,0.3177261904,0,-1.22156805,4.403970215,-3.182668295
56.9,-64.99589166,0.05295767068,0.5960296927,0.3177262154,0,-1.221569247,4.403972574,-3.182667499
56.91,-64.99588903,0.05295769009,0.5960296309,0.3177262404,0,-1.221570435,4.403974928,-3.18266671
56.92,-64.99588642,0.05295770936,0.596029569,0.3177262655,0,-1.221571614,4.403977276,-3.182665926
56.93,-64.99588383,0.05295772852,0.5960295071,0.3177262906,0,-1.221572785,4.403979618,-3.182665148
56.94,-64.99588125,0.05295774755,0.5960294452,0.3177263157,0,-1.221573948,4.403981955,-3.182664376
56.95,-64.9958787,0.05295776645,0.5960293833,0.3177263408,0,-1.221575102,4.403984286,-3.18266361
56.96,-64.99587617,0.05295778523,0.5960293213,0.317726366,0,-1.221576247,4.403986611,-3.18266285
56.97,-64.99587365,0.05295780388,0.5960292593,0.3177263912,0,-1.221577384,4.403988931,-3.182662095
56.98,-64.99587115,0.05295782241,0.5960291972,0.3177264164,0,-1.221578513,4.403991244,-3.182661346
56.99,-64.99586868,0.05295784081,0.5960291351,0.3177264417,0,-1.221579633,4.403993552,-3.182660603
57,-64.99586622,0.0529578591,0.596029073,0.3177264669,0,-1.221580745,4.403995855,-3.182659866
57.01,-64.99586378,0.05295787725,0.5960290109,0.3177264922,0,-1.221581848,4.403998151,-3.182659135
57.02,-64.99586136,0.05295789528,0.5960289488,0.3177265175,0,-1.221582943,4.404000442,-3.182658409
57.03,-64.99585896,0.05295791319,0.5960288866,0.3177265429,0,-1.221584029,4.404002726,-3.182657689
57.04,-64.99585658,0.05295793098,0.5960288244,0.3177265682,0,-1.221585107,4.404005005,-3.182656975
57.05,-64.99585422,0.05295794864,0.5960287621,0.3177265936,0,-1.221586177,4.404007278,-3.182656267
57.06,-64.99585188,0.05295796618,0.5960286999,0.317726619,0,-1.221587238,4.404009545,-3.182655564
57.07,-64.99584956,0.0529579836,0.5960286376,0.3177266444,0,-1.221588291,4.404011806,-3.182654867
57.08,-64.99584725,0.05295800089,0.5960285753,0.3177266698,0,-1.221589336,4.404014061,-3.182654176
57.09,-64.99584497,0.05295801806,0.596028513,0.3177266953,0,-1.221590372,4.40401631,-3.182653491
57.1,-64.9958427,0.05295803511,0.5960284507,0.3177267207,0,-1.2215914,4.404018553,-3.182652811
57.11,-64.99584046,0.05295805204,0.5960283883,0.3177267462,0,-1.221592419,4.40402079,-3.182652137
57.12,-64.99583823,0.05295806884,0.5960283259,0.3177267717,0,-1.221593431,4.404023022,-3.182651468
57.13,-64.99583602,0.05295808552,0.5960282635,0.3177267972,0,-1.221594434,4.404025247,-3.182650805
57.14,-64.99583383,0.05295810208,0.5960282011,0.3177268227,0,-1.221595428,4.404027465,-3.182650148
57.15,-64.99583166,0.05295811852,0.5960281387,0.3177268483,0,-1.221596415,4.404029678,-3.182649497
57.16,-64.9958295,0.05295813484,0.5960280762,0.3177268738,0,-1.221597393,4.404031885,-3.182648851
57.17,-64.99582737,0.05295815103,0.5960280138,0.3177268994,0,-1.221598363,4.404034086,-3.182648211
57.18,-64.99582525,0.05295816711,0.5960279513,0.317726925,0,-1.221599325,4.40403628,-3.182647576
57.19,-64.99582316,0.05295818306,0.5960278888,0.3177269506,0,-1.221600279,4.404038468,-3.182646947
57.2,-64.99582108,0.05295819889,0.5960278263,0.3177269762,0,-1.221601224,4.40404065,-3.182646323
57.21,-64.99581902,0.0529582146,0.5960277638,0.3177270018,0,-1.221602162,4.404042826,-3.182645706
57.22,-64.99581698,0.0529582302,0.5960277013,0.3177270274,0,-1.221603091,4.404044996,-3.182645093
57.23,-64.99581495,0.05295824567,0.5960276388,0.317727053,0,-1.221604012,4.404047159,-3.182644486
57.24,-64.99581295,0.05295826102,0.5960275762,0.3177270787,0,-1.221604925,4.404049317,-3.182643885
57.25,-64.99581096,0.05295827625,0.5960275137,0.3177271043,0,-1.22160583,4.404051467,-3.182643289
57.26,-64.995809,0.05295829136,0.5960274511,0.31772713,0,-1.221606726,4.404053612,-3.182642699
57.27,-64.99580705,0.05295830636,0.5960273886,0.3177271557,0,-1.221607615,4.40405575,-3.182642115
57.28,-64.99580512,0.05295832123,0.596027326,0.3177271814,0,-1.221608495,4.404057883,-3.182641535
57.29,-64.99580321,0.05295833599,0.5960272634,0.317727207,0,-1.221609368,4.404060008,-3.182640962
57.3,-64.99580131,0.05295835062,0.5960272008,0.3177272327,0,-1.221610232,4.404062128,-3.182640393
57.31,-64.99579944,0.05295836514,0.5960271382,0.3177272584,0,-1.221611089,4.404064241,-3.182639831
57.32,-64.99579758,0.05295837954,0.5960270757,0.3177272841,0,-1.221611937,4.404066347,-3.182639273
57.33,-64.99579574,0.05295839382,0.5960270131,0.3177273098,0,-1.221612778,4.404068448,-3.182638721
57.34,-64.99579392,0.05295840799,0.5960269505,0.3177273356,0,-1.22161361,4.404070541,-3.182638175
57.35,-64.99579211,0.05295842203,0.5960268879,0.3177273613,0,-1.221614435,4.404072629,-3.182637634
57.36,-64.99579033,0.05295843596,0.5960268253,0.317727387,0,-1.221615252,4.40407471,-3.182637098
57.37,-64.99578856,0.05295844977,0.5960267627,0.3177274127,0,-1.22161606,4.404076785,-3.182636568
57.38,-64.99578681,0.05295846346,0.5960267001,0.3177274384,0,-1.221616861,4.404078853,-3.182636043
57.39,-64.99578508,0.05295847704,0.5960266375,0.3177274642,0,-1.221617654,4.404080914,-3.182635524
57.4,-64.99578337,0.0529584905,0.5960265749,0.3177274899,0,-1.221618439,4.404082969,-3.18263501
57.41,-64.99578167,0.05295850385,0.5960265124,0.3177275156,0,-1.221619216,4.404085018,-3.182634501
57.42,-64.99577999,0.05295851707,0.5960264498,0.3177275414,0,-1.221619985,4.40408706,-3.182633998
57.43,-64.99577833,0.05295853018,0.5960263872,0.3177275671,0,-1.221620747,4.404089096,-3.182633499
57.44,-64.99577669,0.05295854318,0.5960263246,0.3177275928,0,-1.2216215,4.404091125,-3.182633007
57.45,-64.99577506,0.05295855606,0.5960262621,0.3177276185,0,-1.221622246,4.404093148,-3.182632519
57.46,-64.99577346,0.05295856883,0.5960261995,0.3177276443,0,-1.221622984,4.404095164,-3.182632037
57.47,-64.99577187,0.05295858148,0.596026137,0.31772767,0,-1.221623715,4.404097173,-3.18263156
57.48,-64.99577029,0.05295859401,0.5960260744,0.3177276957,0,-1.221624437,4.404099176,-3.182631088
57.49,-64.99576874,0.05295860643,0.5960260119,0.3177277214,0,-1.221625152,4.404101172,-3.182630622
57.5,-64.9957672,0.05295861874,0.5960259494,0.3177277471,0,-1.221625859,4.404103162,-3.182630161
57.51,-64.99576568,0.05295863093,0.5960258869,0.3177277728,0,-1.221626559,4.404105145,-3.182629705
57.52,-64.99576418,0.05295864301,0.5960258244,0.3177277985,0,-1.221627251,4.404107121,-3.182629254
57.53,-64.99576269,0.05295865497,0.5960257619,0.3177278242,0,-1.221627935,4.404109091,-3.182628808
57.54,-64.99576123,0.05295866682,0.5960256994,0.3177278499,0,-1.221628611,4.404111054,-3.182628368
57.55,-64.99575978,0.05295867856,0.596025637,0.3177278756,0,-1.22162928,4.40411301,-3.182627933
57.56,-64.99575834,0.05295869018,0.5960255745,0.3177279013,0,-1.221629941,4.40411496,-3.182627503
57.57,-64.99575693,0.05295870169,0.5960255121,0.317727927,0,-1.221630595,4.404116903,-3.182627078
57.58,-64.99575553,0.05295871309,0.5960254497,0.3177279526,0,-1.221631241,4.404118839,-3.182626658
57.59,-64.99575415,0.05295872438,0.5960253873,0.3177279783,0,-1.221631879,4.404120769,-3.182626244
57.6,-64.99575278,0.05295873555,0.5960253249,0.3177280039,0,-1.22163251,4.404122692,-3.182625834
57.61,-64.99575143,0.05295874662,0.5960252625,0.3177280296,0,-1.221633134,4.404124608,-3.18262543
57.62,-64.9957501,0.05295875757,0.5960252002,0.3177280552,0,-1.22163375,4.404126518,-3.18262503
57.63,-64.99574879,0.05295876841,0.5960251379,0.3177280808,0,-1.221634358,4.40412842,-3.182624636
57.64,-64.99574749,0.05295877914,0.5960250756,0.3177281064,0,-1.221634959,4.404130316,-3.182624247
57.65,-64.99574621,0.05295878975,0.5960250133,0.317728132,0,-1.221635552,4.404132205,-3.182623863
57.66,-64.99574495,0.05295880026,0.596024951,0.3177281576,0,-1.221636139,4.404134088,-3.182623484
57.67,-64.9957437,0.05295881066,0.5960248888,0.3177281832,0,-1.221636717,4.404135964,-3.18262311
57.68,-64.99574247,0.05295882094,0.5960248266,0.3177282088,0,-1.221637288,4.404137832,-3.18262274
57.69,-64.99574125,0.05295883112,0.5960247644,0.3177282343,0,-1.221637852,4.404139694,-3.182622376
57.7,-64.99574006,0.05295884119,0.5960247022,0.3177282599,0,-1.221638409,4.40414155,-3.182622017
57.71,-64.99573888,0.05295885115,0.59602464,0.3177282854,0,-1.221638958,4.404143398,-3.182621663
57.72,-64.99573771,0.05295886099,0.5960245779,0.3177283109,0,-1.2216395,4.40414524,-3.182621314
57.73,-64.99573657,0.05295887073,0.5960245158,0.3177283364,0,-1.221640034,4.404147074,-3.18262097
57.74,-64.99573543,0.05295888037,0.5960244537,0.3177283619,0,-1.221640562,4.404148902,-3.18262063
57.75,-64.99573432,0.05295888989,0.5960243917,0.3177283874,0,-1.221641082,4.404150723,-3.182620296
57.76,-64.99573322,0.0529588993,0.5960243297,0.3177284128,0,-1.221641594,4.404152538,-3.182619966
57.77,-64.99573214,0.05295890861,0.5960242677,0.3177284382,0,-1.2216421,4.404154345,-3.182619642
57.78,-64.99573107,0.05295891781,0.5960242057,0.3177284637,0,-1.221642598,4.404156146,-3.182619322
57.79,-64.99573002,0.0529589269,0.5960241438,0.3177284891,0,-1.221643089,4.404157939,-3.182619007
57.8,-64.99572899,0.05295893589,0.5960240819,0.3177285145,0,-1.221643573,4.404159726,-3.182618697
57.81,-64.99572797,0.05295894477,0.59602402,0.3177285398,0,-1.22164405,4.404161506,-3.182618392
57.82,-64.99572697,0.05295895354,0.5960239581,0.3177285652,0,-1.22164452,4.404163279,-3.182618091
57.83,-64.99572599,0.0529589622,0.5960238963,0.3177285905,0,-1.221644982,4.404165045,-3.182617796
57.84,-64.99572502,0.05295897076,0.5960238346,0.3177286158,0,-1.221645438,4.404166804,-3.182617505
57.85,-64.99572406,0.05295897922,0.5960237728,0.3177286411,0,-1.221645886,4.404168556,-3.182617219
57.86,-64.99572313,0.05295898756,0.5960237111,0.3177286664,0,-1.221646327,4.404170301,-3.182616938
57.87,-64.9957222,0.05295899581,0.5960236494,0.3177286916,0,-1.221646762,4.40417204,-3.182616661
57.88,-64.9957213,0.05295900395,0.5960235878,0.3177287169,0,-1.221647189,4.404173771,-3.182616389
57.89,-64.99572041,0.05295901198,0.5960235262,0.3177287421,0,-1.221647609,4.404175496,-3.182616122
57.9,-64.99571953,0.05295901991,0.5960234646,0.3177287673,0,-1.221648022,4.404177213,-3.18261586
57.91,-64.99571867,0.05295902773,0.5960234031,0.3177287924,0,-1.221648429,4.404178924,-3.182615602
57.92,-64.99571783,0.05295903546,0.5960233416,0.3177288176,0,-1.221648828,4.404180627,-3.182615349
57.93,-64.995717,0.05295904307,0.5960232801,0.3177288427,0,-1.22164922,4.404182324,-3.182615101
57.94,-64.99571619,0.05295905059,0.5960232187,0.3177288678,0,-1.221649606,4.404184014,-3.182614857
57.95,-64.99571539,0.052959058,0.5960231573,0.3177288929,0,-1.221649984,4.404185697,-3.182614618
57.96,-64.99571461,0.05295906531,0.596023096,0.3177289179,0,-1.221650356,4.404187372,-3.182614384
57.97,-64.99571385,0.05295907251,0.5960230347,0.317728943,0,-1.221650721,4.404189041,-3.182614154
57.98,-64.9957131,0.05295907962,0.5960229734,0.317728968,0,-1.221651079,4.404190703,-3.182613929
57.99,-64.99571236,0.05295908662,0.5960229122,0.317728993,0,-1.22165143,4.404192358,-3.182613708
58,-64.99571164,0.05295909352,0.596022851,0.3177290179,0,-1.221651775,4.404194006,-3.182613492
58.01,-64.99571094,0.05295910032,0.5960227899,0.3177290428,0,-1.221652113,4.404195647,-3.182613281
58.02,-64.99571025,0.05295910702,0.5960227288,0.3177290678,0,-1.221652444,4.404197281,-3.182613074
58.03,-64.99570957,0.05295911361,0.5960226677,0.3177290926,0,-1.221652768,4.404198908,-3.182612871
58.04,-64.99570891,0.05295912011,0.5960226067,0.3177291175,0,-1.221653085,4.404200528,-3.182612673
58.05,-64.99570827,0.05295912651,0.5960225458,0.3177291423,0,-1.221653396,4.40420214,-3.18261248
58.06,-64.99570764,0.0529591328,0.5960224848,0.3177291671,0,-1.2216537,4.404203746,-3.182612291
58.07,-64.99570702,0.052959139,0.596022424,0.3177291919,0,-1.221653998,4.404205345,-3.182612106
58.08,-64.99570642,0.0529591451,0.5960223632,0.3177292166,0,-1.221654289,4.404206937,-3.182611926
58.09,-64.99570584,0.0529591511,0.5960223024,0.3177292413,0,-1.221654573,4.404208522,-3.182611751
58.1,-64.99570527,0.052959157,0.5960222417,0.317729266,0,-1.221654851,4.4042101,-3.18261158
58.11,-64.99570471,0.0529591628,0.596022181,0.3177292906,0,-1.221655122,4.404211671,-3.182611413
58.12,-64.99570417,0.0529591685,0.5960221203,0.3177293153,0,-1.221655387,4.404213234,-3.18261125
58.13,-64.99570364,0.05295917411,0.5960220598,0.3177293399,0,-1.221655645,4.404214791,-3.182611092
58.14,-64.99570313,0.05295917961,0.5960219992,0.3177293644,0,-1.221655897,4.404216341,-3.182610939
58.15,-64.99570263,0.05295918502,0.5960219387,0.317729389,0,-1.221656142,4.404217884,-3.182610789
58.16,-64.99570215,0.05295919034,0.5960218783,0.3177294135,0,-1.22165638,4.404219419,-3.182610644
58.17,-64.99570168,0.05295919555,0.5960218179,0.3177294379,0,-1.221656613,4.404220948,-3.182610504
58.18,-64.99570122,0.05295920067,0.5960217576,0.3177294624,0,-1.221656838,4.40422247,-3.182610367
58.19,-64.99570078,0.0529592057,0.5960216973,0.3177294868,0,-1.221657058,4.404223984,-3.182610235
58.2,-64.99570036,0.05295921062,0.5960216371,0.3177295111,0,-1.221657271,4.404225492,-3.182610108
58.21,-64.99569995,0.05295921545,0.5960215769,0.3177295355,0,-1.221657478,4.404226993,-3.182609984
58.22,-64.99569955,0.05295922019,0.5960215168,0.3177295598,0,-1.221657678,4.404228486,-3.182609865
58.23,-64.99569917,0.05295922483,0.5960214568,0.3177295841,0,-1.221657872,4.404229973,-3.18260975
58.24,-64.9956988,0.05295922938,0.5960213968,0.3177296083,0,-1.22165806,4.404231452,-3.182609639
58.25,-64.99569844,0.05295923383,0.5960213368,0.3177296325,0,-1.221658241,4.404232925,-3.182609532
58.26,-64.9956981,0.05295923819,0.5960212769,0.3177296567,0,-1.221658416,4.40423439,-3.18260943
58.27,-64.99569777,0.05295924245,0.5960212171,0.3177296808,0,-1.221658585,4.404235848,-3.182609331
58.28,-64.99569746,0.05295924663,0.5960211573,0.3177297049,0,-1.221658748,4.4042373,-3.182609237
58.29,-64.99569716,0.0529592507,0.5960210976,0.317729729,0,-1.221658905,4.404238744,-3.182609147
58.3,-64.99569687,0.05295925469,0.5960210379,0.317729753,0,-1.221659055,4.404240181,-3.182609061
58.31,-64.9956966,0.05295925858,0.5960209783,0.317729777,0,-1.221659199,4.404241612,-3.18260898
58.32,-64.99569634,0.05295926238,0.5960209188,0.3177298009,0,-1.221659338,4.404243035,-3.182608902
58.33,-64.99569609,0.05295926609,0.5960208593,0.3177298249,0,-1.22165947,4.404244451,-3.182608828
58.34,-64.99569586,0.0529592697,0.5960207999,0.3177298487,0,-1.221659596,4.40424586,-3.182608759
58.35,-64.99569564,0.05295927323,0.5960207405,0.3177298726,0,-1.221659716,4.404247262,-3.182608693
58.36,-64.99569544,0.05295927666,0.5960206812,0.3177298964,0,-1.221659829,4.404248657,-3.182608632
58.37,-64.99569525,0.05295928,0.596020622,0.3177299202,0,-1.221659937,4.404250046,-3.182608575
58.38,-64.99569507,0.05295928326,0.5960205628,0.3177299439,0,-1.221660039,4.404251427,-3.182608521
58.39,-64.99569491,0.05295928642,0.5960205037,0.3177299676,0,-1.221660135,4.404252801,-3.182608472
58.4,-64.99569475,0.05295928949,0.5960204446,0.3177299912,0,-1.221660225,4.404254168,-3.182608426
58.41,-64.99569462,0.05295929247,0.5960203856,0.3177300148,0,-1.221660309,4.404255528,-3.182608385
58.42,-64.99569449,0.05295929536,0.5960203267,0.3177300384,0,-1.221660387,4.404256881,-3.182608347
58.43,-64.99569438,0.05295929817,0.5960202678,0.317730062,0,-1.221660459,4.404258227,-3.182608314
58.44,-64.99569428,0.05295930088,0.596020209,0.3177300854,0,-1.221660525,4.404259566,-3.182608284
58.45,-64.99569419,0.05295930351,0.5960201503,0.3177301089,0,-1.221660586,4.404260898,-3.182608258
58.46,-64.99569412,0.05295930605,0.5960200916,0.3177301323,0,-1.221660641,4.404262223,-3.182608236
58.47,-64.99569406,0.0529593085,0.596020033,0.3177301557,0,-1.221660689,4.40426354,-3.182608218
58.48,-64.99569401,0.05295931086,0.5960199745,0.317730179,0,-1.221660732,4.404264851,-3.182608204
58.49,-64.99569398,0.05295931314,0.596019916,0.3177302023,0,-1.22166077,4.404266155,-3.182608194
58.5,-64.99569396,0.05295931533,0.5960198576,0.3177302256,0,-1.221660801,4.404267452,-3.182608187
58.51,-64.99569395,0.05295931743,0.5960197993,0.3177302488,0,-1.221660827,4.404268742,-3.182608185
58.52,-64.99569395,0.05295931945,0.596019741,0.3177302719,0,-1.221660847,4.404270025,-3.182608186
58.53,-64.99569397,0.05295932138,0.5960196828,0.317730295,0,-1.221660862,4.404271301,-3.182608191
58.54,-64.995694,0.05295932322,0.5960196247,0.3177303181,0,-1.221660871,4.40427257,-3.182608199
58.55,-64.99569404,0.05295932498,0.5960195666,0.3177303412,0,-1.221660874,4.404273832,-3.182608212
58.56,-64.99569409,0.05295932666,0.5960195086,0.3177303641,0,-1.221660871,4.404275087,-3.182608228
58.57,-64.99569416,0.05295932825,0.5960194507,0.3177303871,0,-1.221660863,4.404276335,-3.182608248
58.58,-64.99569424,0.05295932975,0.5960193929,0.31773041,0,-1.22166085,4.404277576,-3.182608271
58.59,-64.99569433,0.05295933117,0.5960193351,0.3177304328,0,-1.221660831,4.404278811,-3.182608298
58.6,-64.99569443,0.05295933251,0.5960192774,0.3177304557,0,-1.221660806,4.404280038,-3.182608329
58.61,-64.99569455,0.05295933376,0.5960192198,0.3177304784,0,-1.221660776,4.404281258,-3.182608364
58.62,-64.99569467,0.05295933493,0.5960191622,0.3177305012,0,-1.221660741,4.404282471,-3.182608402
58.63,-64.99569481,0.05295933602,0.5960191047,0.3177305238,0,-1.221660699,4.404283678,-3.182608444
58.64,-64.99569496,0.05295933703,0.5960190473,0.3177305465,0,-1.221660653,4.404284877,-3.182608489
58.65,-64.99569513,0.05295933795,0.59601899,0.3177305691,0,-1.221660601,4.404286069,-3.182608538
58.66,-64.9956953,0.05295933879,0.5960189327,0.3177305916,0,-1.221660544,4.404287255,-3.182608591
58.67,-64.99569549,0.05295933955,0.5960188755,0.3177306141,0,-1.221660481,4.404288434,-3.182608647
58.68,-64.99569569,0.05295934023,0.5960188184,0.3177306365,0,-1.221660413,4.404289605,-3.182608706
58.69,-64.9956959,0.05295934083,0.5960187614,0.3177306589,0,-1.22166034,4.40429077,-3.18260877
58.7,-64.99569612,0.05295934135,0.5960187044,0.3177306813,0,-1.221660261,4.404291928,-3.182608836
58.71,-64.99569636,0.05295934178,0.5960186475,0.3177307036,0,-1.221660177,4.404293079,-3.182608907
58.72,-64.9956966,0.05295934214,0.5960185907,0.3177307259,0,-1.221660088,4.404294223,-3.18260898
58.73,-64.99569686,0.05295934242,0.596018534,0.3177307481,0,-1.221659994,4.40429536,-3.182609058
58.74,-64.99569713,0.05295934261,0.5960184773,0.3177307702,0,-1.221659894,4.40429649,-3.182609138
58.75,-64.99569741,0.05295934273,0.5960184207,0.3177307923,0,-1.221659789,4.404297614,-3.182609222
58.76,-64.9956977,0.05295934277,0.5960183642,0.3177308144,0,-1.221659679,4.40429873,-3.18260931
58.77,-64.995698,0.05295934273,0.5960183078,0.3177308364,0,-1.221659564,4.40429984,-3.182609401
58.78,-64.99569832,0.05295934262,0.5960182515,0.3177308584,0,-1.221659444,4.404300943,-3.182609495
58.79,-64.99569864,0.05295934242,0.5960181952,0.3177308803,0,-1.221659319,4.404302038,-3.182609593
58.8,-64.99569898,0.05295934215,0.596018139,0.3177309022,0,-1.221659188,4.404303127,-3.182609694
58.81,-64.99569933,0.0529593418,0.5960180829,0.317730924,0,-1.221659053,4.40430421,-3.182609798
58.82,-64.99569969,0.05295934137,0.5960180269,0.3177309458,0,-1.221658912,4.404305285,-3.182609906
58.83,-64.99570006,0.05295934087,0.596017971,0.3177309675,0,-1.221658767,4.404306354,-3.182610017
58.84,-64.99570044,0.05295934029,0.5960179151,0.3177309892,0,-1.221658616,4.404307415,-3.182610131
58.85,-64.99570083,0.05295933964,0.5960178593,0.3177310108,0,-1.221658461,4.40430847,-3.182610249
58.86,-64.99570123,0.05295933891,0.5960178036,0.3177310324,0,-1.2216583,4.404309518,-3.18261037
58.87,-64.99570165,0.0529593381,0.596017748,0.3177310539,0,-1.221658135,4.40431056,-3.182610494
58.88,-64.99570207,0.05295933722,0.5960176925,0.3177310754,0,-1.221657965,4.404311594,-3.182610622
58.89,-64.99570251,0.05295933627,0.596017637,0.3177310968,0,-1.22165779,4.404312622,-3.182610752
58.9,-64.99570295,0.05295933524,0.5960175816,0.3177311181,0,-1.22165761,4.404313643,-3.182610886
58.91,-64.99570341,0.05295933413,0.5960175264,0.3177311394,0,-1.221657425,4.404314657,-3.182611023
58.92,-64.99570388,0.05295933296,0.5960174712,0.3177311607,0,-1.221657235,4.404315664,-3.182611163
58.93,-64.99570436,0.05295933171,0.596017416,0.3177311819,0,-1.221657041,4.404316665,-3.182611307
58.94,-64.99570484,0.05295933038,0.596017361,0.3177312031,0,-1.221656842,4.404317659,-3.182611453
58.95,-64.99570534,0.05295932899,0.5960173061,0.3177312242,0,-1.221656638,4.404318646,-3.182611603
58.96,-64.99570585,0.05295932752,0.5960172512,0.3177312452,0,-1.221656429,4.404319626,-3.182611756
58.97,-64.99570637,0.05295932598,0.5960171964,0.3177312662,0,-1.221656216,4.4043206,-3.182611911
58.98,-64.9957069,0.05295932436,0.5960171417,0.3177312872,0,-1.221655998,4.404321567,-3.18261207
58.99,-64.99570744,0.05295932268,0.5960170871,0.3177313081,0,-1.221655775,4.404322527,-3.182612232
59,-64.99570799,0.05295932092,0.5960170326,0.3177313289,0,-1.221655547,4.40432348,-3.182612398
59.01,-64.99570855,0.0529593191,0.5960169782,0.3177313497,0,-1.221655315,4.404324427,-3.182612566
59.02,-64.99570912,0.0529593172,0.5960169238,0.3177313704,0,-1.221655079,4.404325367,-3.182612737
59.03,-64.9957097,0.05295931524,0.5960168696,0.3177313911,0,-1.221654838,4.404326301,-3.182612911
59.04,-64.99571029,0.0529593132,0.5960168154,0.3177314117,0,-1.221654592,4.404327227,-3.182613088
59.05,-64.99571089,0.05295931109,0.5960167613,0.3177314323,0,-1.221654342,4.404328147,-3.182613268
59.06,-64.9957115,0.05295930892,0.5960167073,0.3177314528,0,-1.221654087,4.404329061,-3.182613451
59.07,-64.99571212,0.05295930667,0.5960166534,0.3177314732,0,-1.221653828,4.404329968,-3.182613637
59.08,-64.99571275,0.05295930436,0.5960165996,0.3177314936,0,-1.221653564,4.404330868,-3.182613826
59.09,-64.99571339,0.05295930198,0.5960165459,0.317731514,0,-1.221653296,4.404331761,-3.182614018
59.1,-64.99571404,0.05295929953,0.5960164923,0.3177315343,0,-1.221653024,4.404332648,-3.182614213
59.11,-64.9957147,0.05295929701,0.5960164387,0.3177315545,0,-1.221652747,4.404333529,-3.182614411
59.12,-64.99571537,0.05295929443,0.5960163853,0.3177315747,0,-1.221652465,4.404334402,-3.182614611
59.13,-64.99571605,0.05295929178,0.5960163319,0.3177315948,0,-1.22165218,4.404335269,-3.182614815
59.14,-64.99571674,0.05295928906,0.5960162786,0.3177316149,0,-1.22165189,4.40433613,-3.182615021
59.15,-64.99571743,0.05295928628,0.5960162254,0.3177316349,0,-1.221651596,4.404336984,-3.18261523
59.16,-64.99571814,0.05295928343,0.5960161723,0.3177316549,0,-1.221651297,4.404337831,-3.182615442
59.17,-64.99571885,0.05295928051,0.5960161193,0.3177316748,0,-1.221650994,4.404338672,-3.182615656
59.18,-64.99571958,0.05295927753,0.5960160664,0.3177316946,0,-1.221650687,4.404339507,-3.182615874
59.19,-64.99572031,0.05295927448,0.5960160136,0.3177317144,0,-1.221650376,4.404340334,-3.182616094
59.2,-64.99572106,0.05295927137,0.5960159609,0.3177317341,0,-1.22165006,4.404341156,-3.182616317
59.21,-64.99572181,0.0529592682,0.5960159083,0.3177317538,0,-1.221649741,4.404341971,-3.182616543
59.22,-64.99572257,0.05295926496,0.5960158557,0.3177317734,0,-1.221649417,4.404342779,-3.182616771
59.23,-64.99572334,0.05295926166,0.5960158033,0.317731793,0,-1.221649089,4.404343581,-3.182617002
59.24,-64.99572412,0.05295925829,0.5960157509,0.3177318125,0,-1.221648757,4.404344376,-3.182617236
59.25,-64.99572491,0.05295925486,0.5960156987,0.3177318319,0,-1.221648421,4.404345165,-3.182617473
59.26,-64.99572571,0.05295925137,0.5960156465,0.3177318513,0,-1.221648081,4.404345947,-3.182617712
59.27,-64.99572651,0.05295924781,0.5960155944,0.3177318706,0,-1.221647737,4.404346723,-3.182617954
59.28,-64.99572733,0.05295924419,0.5960155424,0.3177318899,0,-1.221647388,4.404347493,-3.182618198
59.29,-64.99572815,0.05295924051,0.5960154906,0.3177319091,0,-1.221647036,4.404348256,-3.182618445
59.3,-64.99572898,0.05295923677,0.5960154388,0.3177319283,0,-1.22164668,4.404349012,-3.182618695
59.31,-64.99572982,0.05295923297,0.5960153871,0.3177319474,0,-1.22164632,4.404349763,-3.182618947
59.32,-64.99573067,0.05295922911,0.5960153355,0.3177319664,0,-1.221645956,4.404350507,-3.182619202
59.33,-64.99573153,0.05295922518,0.596015284,0.3177319854,0,-1.221645588,4.404351244,-3.182619459
59.34,-64.9957324,0.0529592212,0.5960152326,0.3177320043,0,-1.221645216,4.404351975,-3.182619719
59.35,-64.99573327,0.05295921716,0.5960151813,0.3177320231,0,-1.22164484,4.4043527,-3.182619981
59.36,-64.99573415,0.05295921305,0.5960151301,0.3177320419,0,-1.221644461,4.404353418,-3.182620246
59.37,-64.99573504,0.05295920889,0.5960150789,0.3177320607,0,-1.221644077,4.404354131,-3.182620513
59.38,-64.99573594,0.05295920467,0.5960150279,0.3177320794,0,-1.22164369,4.404354836,-3.182620783
59.39,-64.99573685,0.05295920039,0.596014977,0.317732098,0,-1.221643299,4.404355536,-3.182621056
59.4,-64.99573777,0.05295919605,0.5960149262,0.3177321166,0,-1.221642904,4.404356229,-3.18262133
59.41,-64.99573869,0.05295919165,0.5960148754,0.3177321351,0,-1.221642506,4.404356916,-3.182621608
59.42,-64.99573962,0.05295918719,0.5960148248,0.3177321535,0,-1.221642104,4.404357596,-3.182621887
59.43,-64.99574056,0.05295918268,0.5960147743,0.3177321719,0,-1.221641698,4.404358271,-3.182622169
59.44,-64.99574151,0.05295917811,0.5960147238,0.3177321902,0,-1.221641288,4.404358939,-3.182622454
59.45,-64.99574247,0.05295917349,0.5960146735,0.3177322085,0,-1.221640875,4.404359601,-3.18262274
59.46,-64.99574343,0.0529591688,0.5960146233,0.3177322267,0,-1.221640458,4.404360256,-3.182623029
59.47,-64.9957444,0.05295916406,0.5960145731,0.3177322448,0,-1.221640038,4.404360906,-3.182623321
59.48,-64.99574538,0.05295915927,0.5960145231,0.3177322629,0,-1.221639614,4.404361549,-3.182623615
59.49,-64.99574637,0.05295915442,0.5960144731,0.3177322809,0,-1.221639186,4.404362186,-3.182623911
59.5,-64.99574736,0.05295914951,0.5960144233,0.3177322989,0,-1.221638755,4.404362817,-3.182624209
59.51,-64.99574837,0.05295914455,0.5960143736,0.3177323168,0,-1.22163832,4.404363441,-3.18262451
59.52,-64.99574938,0.05295913953,0.5960143239,0.3177323346,0,-1.221637882,4.40436406,-3.182624813
59.53,-64.99575039,0.05295913446,0.5960142744,0.3177323524,0,-1.221637441,4.404364672,-3.182625118
59.54,-64.99575142,0.05295912934,0.5960142249,0.3177323701,0,-1.221636996,4.404365278,-3.182625426
59.55,-64.99575245,0.05295912416,0.5960141756,0.3177323877,0,-1.221636547,4.404365878,-3.182625735
59.56,-64.99575349,0.05295911893,0.5960141263,0.3177324053,0,-1.221636095,4.404366472,-3.182626047
59.57,-64.99575454,0.05295911365,0.5960140772,0.3177324229,0,-1.22163564,4.40436706,-3.182626361
59.58,-64.99575559,0.05295910831,0.5960140282,0.3177324403,0,-1.221635181,4.404367642,-3.182626678
59.59,-64.99575665,0.05295910292,0.5960139792,0.3177324577,0,-1.221634719,4.404368218,-3.182626996
59.6,-64.99575772,0.05295909748,0.5960139304,0.3177324751,0,-1.221634254,4.404368788,-3.182627317
59.61,-64.9957588,0.05295909199,0.5960138816,0.3177324924,0,-1.221633785,4.404369351,-3.182627639
59.62,-64.99575988,0.05295908644,0.596013833,0.3177325096,0,-1.221633314,4.404369909,-3.182627964
59.63,-64.99576097,0.05295908085,0.5960137845,0.3177325267,0,-1.221632838,4.40437046,-3.182628291
59.64,-64.99576207,0.0529590752,0.596013736,0.3177325438,0,-1.22163236,4.404371006,-3.18262862
59.65,-64.99576317,0.0529590695,0.5960136877,0.3177325609,0,-1.221631878,4.404371546,-3.182628951
59.66,-64.99576428,0.05295906375,0.5960136395,0.3177325779,0,-1.221631394,4.404372079,-3.182629284
59.67,-64.9957654,0.05295905796,0.5960135914,0.3177325948,0,-1.221630906,4.404372607,-3.18262962
59.68,-64.99576652,0.05295905211,0.5960135433,0.3177326116,0,-1.221630415,4.404373129,-3.182629957
59.69,-64.99576765,0.05295904621,0.5960134954,0.3177326284,0,-1.22162992,4.404373645,-3.182630296
59.7,-64.99576879,0.05295904027,0.5960134476,0.3177326451,0,-1.221629423,4.404374154,-3.182630637
59.71,-64.99576994,0.05295903427,0.5960133999,0.3177326618,0,-1.221628922,4.404374658,-3.182630981
59.72,-64.99577109,0.05295902823,0.5960133523,0.3177326784,0,-1.221628419,4.404375157,-3.182631326
59.73,-64.99577224,0.05295902214,0.5960133048,0.3177326949,0,-1.221627912,4.404375649,-3.182631673
59.74,-64.99577341,0.052959016,0.5960132573,0.3177327114,0,-1.221627403,4.404376135,-3.182632022
59.75,-64.99577458,0.05295900981,0.59601321,0.3177327278,0,-1.22162689,4.404376616,-3.182632373
59.76,-64.99577575,0.05295900358,0.5960131628,0.3177327441,0,-1.221626374,4.40437709,-3.182632726
59.77,-64.99577694,0.0529589973,0.5960131157,0.3177327604,0,-1.221625856,4.404377559,-3.182633081
59.78,-64.99577813,0.05295899097,0.5960130688,0.3177327767,0,-1.221625334,4.404378022,-3.182633438
59.79,-64.99577932,0.0529589846,0.5960130219,0.3177327928,0,-1.22162481,4.404378479,-3.182633797
59.8,-64.99578052,0.05295897818,0.5960129751,0.3177328089,0,-1.221624283,4.404378931,-3.182634157
59.81,-64.99578173,0.05295897172,0.5960129284,0.3177328249,0,-1.221623752,4.404379376,-3.18263452
59.82,-64.99578295,0.05295896521,0.5960128818,0.3177328409,0,-1.221623219,4.404379816,-3.182634884
59.83,-64.99578417,0.05295895865,0.5960128354,0.3177328568,0,-1.221622683,4.404380251,-3.18263525
59.84,-64.99578539,0.05295895205,0.596012789,0.3177328727,0,-1.221622145,4.404380679,-3.182635618
59.85,-64.99578663,0.05295894541,0.5960127427,0.3177328884,0,-1.221621603,4.404381102,-3.182635988
59.86,-64.99578786,0.05295893872,0.5960126966,0.3177329041,0,-1.221621059,4.404381519,-3.182636359
59.87,-64.99578911,0.05295893199,0.5960126505,0.3177329198,0,-1.221620512,4.40438193,-3.182636732
59.88,-64.99579036,0.05295892521,0.5960126046,0.3177329354,0,-1.221619962,4.404382336,-3.182637107
59.89,-64.99579161,0.05295891839,0.5960125588,0.3177329509,0,-1.221619409,4.404382736,-3.182637484
59.9,-64.99579287,0.05295891153,0.596012513,0.3177329664,0,-1.221618854,4.40438313,-3.182637862
59.91,-64.99579414,0.05295890462,0.5960124674,0.3177329818,0,-1.221618296,4.404383519,-3.182638242
59.92,-64.99579541,0.05295889768,0.5960124219,0.3177329971,0,-1.221617736,4.404383902,-3.182638624
59.93,-64.99579669,0.05295889069,0.5960123765,0.3177330124,0,-1.221617173,4.40438428,-3.182639007
59.94,-64.99579798,0.05295888366,0.5960123312,0.3177330276,0,-1.221616607,4.404384652,-3.182639393
59.95,-64.99579926,0.05295887658,0.5960122859,0.3177330427,0,-1.221616038,4.404385019,-3.182639779
59.96,-64.99580056,0.05295886947,0.5960122408,0.3177330578,0,-1.221615467,4.404385379,-3.182640168
59.97,-64.99580186,0.05295886232,0.5960121959,0.3177330728,0,-1.221614894,4.404385735,-3.182640558
59.98,-64.99580317,0.05295885512,0.596012151,0.3177330877,0,-1.221614318,4.404386085,-3.18264095
59.99,-64.99580448,0.05295884789,0.5960121062,0.3177331026,0,-1.221613739,4.404386429,-3.182641343
60,-64.99580579,0.05295884061,0.5960120615,0.3177331174,0,-1.221613158,4.404386768,-3.182641738
