t_ms,V_mV,m,h,n,Iinj_uAcm2,INa_uAcm2,IK_uAcm2,IL_uAcm2
0,-65,0.05293248526,0.5961207535,0.3176769141,0,-1.220057176,4.399733467,-3.1839
0.01,-64.9999579,0.05293249073,0.5961207526,0.3176769147,0,-1.220057107,4.399748934,-3.183887371
0.02,-64.99991609,0.05293250681,0.5961207501,0.3176769164,0,-1.22005777,4.399764364,-3.183874826
0.03,-64.99987454,0.05293253299,0.5961207458,0.3176769194,0,-1.22005913,4.399779761,-3.183862361
0.04,-64.99983325,0.05293256877,0.5961207398,0.3176769234,0,-1.220061154,4.399795125,-3.183849975
0.05,-64.99979221,0.05293261369,0.5961207321,0.3176769287,0,-1.220063809,4.39981046,-3.183837664
0.06,-64.99975143,0.05293266732,0.5961207228,0.3176769351,0,-1.220067066,4.399825768,-3.183825428
0.07,-64.99971088,0.05293272922,0.5961207118,0.3176769426,0,-1.220070894,4.399841051,-3.183813263
0.08,-64.99967056,0.05293279901,0.5961206991,0.3176769512,0,-1.220075265,4.39985631,-3.183801169
0.09,-64.99963047,0.05293287628,0.5961206848,0.3176769609,0,-1.220080154,4.399871548,-3.183789142
0.1,-64.99959061,0.05293296067,0.5961206689,0.3176769718,0,-1.220085534,4.399886766,-3.183777182
0.11,-64.99955095,0.05293305184,0.5961206514,0.3176769837,0,-1.220091382,4.399901965,-3.183765286
0.12,-64.99951151,0.05293314944,0.5961206323,0.3176769967,0,-1.220097673,4.399917148,-3.183753453
0.13,-64.99947227,0.05293325316,0.5961206116,0.3176770108,0,-1.220104387,4.399932316,-3.183741681
0.14,-64.99943323,0.0529333627,0.5961205893,0.317677026,0,-1.220111501,4.39994747,-3.18372997
0.15,-64.99939439,0.05293347775,0.5961205654,0.3176770422,0,-1.220118996,4.399962611,-3.183718317
0.16,-64.99935574,0.05293359805,0.59612054,0.3176770595,0,-1.220126853,4.399977741,-3.183706721
0.17,-64.99931727,0.05293372332,0.596120513,0.3176770779,0,-1.220135052,4.39999286,-3.183695182
0.18,-64.99927899,0.05293385332,0.5961204845,0.3176770972,0,-1.220143577,4.400007971,-3.183683697
0.19,-64.99924088,0.05293398781,0.5961204544,0.3176771177,0,-1.220152411,4.400023073,-3.183672265
0.2,-64.99920296,0.05293412654,0.5961204228,0.3176771391,0,-1.220161538,4.400038168,-3.183660887
0.21,-64.9991652,0.0529342693,0.5961203897,0.3176771616,0,-1.220170941,4.400053257,-3.183649559
0.22,-64.99912761,0.05293441588,0.5961203551,0.3176771851,0,-1.220180608,4.40006834,-3.183638283
0.23,-64.99909019,0.05293456609,0.596120319,0.3176772096,0,-1.220190524,4.400083418,-3.183627056
0.24,-64.99905293,0.05293471971,0.5961202814,0.3176772351,0,-1.220200676,4.400098493,-3.183615878
0.25,-64.99901582,0.05293487659,0.5961202423,0.3176772616,0,-1.22021105,4.400113564,-3.183604747
0.26,-64.99897888,0.05293503653,0.5961202018,0.3176772891,0,-1.220221636,4.400128632,-3.183593664
0.27,-64.99894209,0.05293519937,0.5961201598,0.3176773175,0,-1.220232421,4.400143698,-3.183582627
0.28,-64.99890545,0.05293536496,0.5961201163,0.317677347,0,-1.220243394,4.400158763,-3.183571636
0.29,-64.99886896,0.05293553313,0.5961200714,0.3176773774,0,-1.220254545,4.400173827,-3.183560689
0.3,-64.99883262,0.05293570375,0.596120025,0.3176774088,0,-1.220265864,4.40018889,-3.183549787
0.31,-64.99879643,0.05293587667,0.5961199772,0.3176774411,0,-1.22027734,4.400203953,-3.183538928
0.32,-64.99876038,0.05293605177,0.596119928,0.3176774744,0,-1.220288966,4.400219016,-3.183528113
0.33,-64.99872447,0.05293622892,0.5961198773,0.3176775087,0,-1.220300732,4.40023408,-3.18351734
0.34,-64.9986887,0.05293640798,0.5961198253,0.3176775439,0,-1.22031263,4.400249145,-3.183506609
0.35,-64.99865306,0.05293658886,0.5961197718,0.31767758,0,-1.220324651,4.400264211,-3.183495919
0.36,-64.99861757,0.05293677144,0.5961197169,0.3176776171,0,-1.220336789,4.400279279,-3.18348527
0.37,-64.99858221,0.05293695562,0.5961196607,0.317677655,0,-1.220349036,4.400294348,-3.183474662
0.38,-64.99854698,0.05293714128,0.5961196031,0.317677694,0,-1.220361385,4.400309419,-3.183464094
0.39,-64.99851189,0.05293732835,0.5961195441,0.3176777338,0,-1.220373829,4.400324493,-3.183453566
0.4,-64.99847692,0.05293751672,0.5961194837,0.3176777745,0,-1.220386362,4.400339569,-3.183443077
0.41,-64.99844209,0.05293770631,0.5961194219,0.3176778161,0,-1.220398978,4.400354648,-3.183432626
0.42,-64.99840738,0.05293789703,0.5961193589,0.3176778587,0,-1.220411671,4.400369729,-3.183422215
0.43,-64.9983728,0.05293808881,0.5961192944,0.3176779021,0,-1.220424436,4.400384813,-3.183411841
0.44,-64.99833835,0.05293828157,0.5961192286,0.3176779464,0,-1.220437267,4.400399901,-3.183401506
0.45,-64.99830403,0.05293847523,0.5961191615,0.3176779916,0,-1.220450159,4.400414991,-3.183391208
0.46,-64.99826983,0.05293866973,0.5961190931,0.3176780377,0,-1.220463108,4.400430084,-3.183380948
0.47,-64.99823575,0.052938865,0.5961190233,0.3176780846,0,-1.220476109,4.40044518,-3.183370724
0.48,-64.99820179,0.05293906097,0.5961189522,0.3176781325,0,-1.220489157,4.400460279,-3.183360538
0.49,-64.99816796,0.05293925759,0.5961188798,0.3176781811,0,-1.220502249,4.400475381,-3.183350388
0.5,-64.99813425,0.05293945479,0.5961188062,0.3176782307,0,-1.22051538,4.400490487,-3.183340274
0.51,-64.99810065,0.05293965253,0.5961187312,0.3176782811,0,-1.220528546,4.400505596,-3.183330196
0.52,-64.99806718,0.05293985075,0.5961186549,0.3176783323,0,-1.220541745,4.400520707,-3.183320155
0.53,-64.99803383,0.05294004939,0.5961185773,0.3176783844,0,-1.220554971,4.400535822,-3.183310149
0.54,-64.9980006,0.05294024841,0.5961184985,0.3176784373,0,-1.220568223,4.40055094,-3.183300179
0.55,-64.99796748,0.05294044777,0.5961184184,0.3176784911,0,-1.220581496,4.40056606,-3.183290244
0.56,-64.99793448,0.05294064741,0.5961183371,0.3176785457,0,-1.220594788,4.400581184,-3.183280345
0.57,-64.9979016,0.05294084731,0.5961182544,0.3176786011,0,-1.220608096,4.40059631,-3.183270481
0.58,-64.99786884,0.0529410474,0.5961181706,0.3176786573,0,-1.220621417,4.400611439,-3.183260651
0.59,-64.99783619,0.05294124767,0.5961180855,0.3176787144,0,-1.220634749,4.40062657,-3.183250857
0.6,-64.99780366,0.05294144807,0.5961179991,0.3176787722,0,-1.220648088,4.400641704,-3.183241097
0.61,-64.99777124,0.05294164856,0.5961179115,0.3176788309,0,-1.220661433,4.40065684,-3.183231372
0.62,-64.99773894,0.05294184912,0.5961178227,0.3176788903,0,-1.22067478,4.400671979,-3.183221681
0.63,-64.99770675,0.0529420497,0.5961177327,0.3176789506,0,-1.220688129,4.400687119,-3.183212025
0.64,-64.99767468,0.05294225029,0.5961176415,0.3176790116,0,-1.220701477,4.400702261,-3.183202403
0.65,-64.99764272,0.05294245084,0.596117549,0.3176790735,0,-1.220714821,4.400717406,-3.183192815
0.66,-64.99761087,0.05294265134,0.5961174554,0.3176791361,0,-1.22072816,4.400732551,-3.183183262
0.67,-64.99757914,0.05294285175,0.5961173605,0.3176791995,0,-1.220741492,4.400747699,-3.183173742
0.68,-64.99754752,0.05294305206,0.5961172645,0.3176792636,0,-1.220754815,4.400762847,-3.183164256
0.69,-64.99751602,0.05294325222,0.5961171673,0.3176793286,0,-1.220768128,4.400777997,-3.183154805
0.7,-64.99748462,0.05294345223,0.5961170689,0.3176793943,0,-1.220781428,4.400793148,-3.183145387
0.71,-64.99745334,0.05294365205,0.5961169693,0.3176794607,0,-1.220794715,4.400808299,-3.183136003
0.72,-64.99742217,0.05294385168,0.5961168686,0.3176795279,0,-1.220807987,4.400823451,-3.183126652
0.73,-64.99739112,0.05294405108,0.5961167667,0.3176795959,0,-1.220821243,4.400838604,-3.183117336
0.74,-64.99736017,0.05294425023,0.5961166637,0.3176796646,0,-1.22083448,4.400853757,-3.183108052
0.75,-64.99732934,0.05294444913,0.5961165595,0.317679734,0,-1.220847698,4.400868909,-3.183098803
0.76,-64.99729862,0.05294464774,0.5961164542,0.3176798042,0,-1.220860896,4.400884062,-3.183089587
0.77,-64.99726801,0.05294484606,0.5961163477,0.3176798751,0,-1.220874072,4.400899214,-3.183080404
0.78,-64.99723752,0.05294504406,0.5961162401,0.3176799468,0,-1.220887225,4.400914366,-3.183071255
0.79,-64.99720713,0.05294524173,0.5961161314,0.3176800191,0,-1.220900355,4.400929517,-3.18306214
0.8,-64.99717686,0.05294543906,0.5961160216,0.3176800922,0,-1.22091346,4.400944667,-3.183053057
0.81,-64.99714669,0.05294563603,0.5961159106,0.317680166,0,-1.220926538,4.400959815,-3.183044008
0.82,-64.99711664,0.05294583263,0.5961157986,0.3176802405,0,-1.220939591,4.400974963,-3.183034993
0.83,-64.9970867,0.05294602884,0.5961156854,0.3176803157,0,-1.220952615,4.400990108,-3.183026011
0.84,-64.99705687,0.05294622465,0.5961155712,0.3176803916,0,-1.220965611,4.401005252,-3.183017062
0.85,-64.99702715,0.05294642005,0.5961154559,0.3176804682,0,-1.220978577,4.401020394,-3.183008146
0.86,-64.99699755,0.05294661503,0.5961153395,0.3176805455,0,-1.220991513,4.401035533,-3.182999264
0.87,-64.99696805,0.05294680958,0.596115222,0.3176806235,0,-1.221004419,4.40105067,-3.182990415
0.88,-64.99693866,0.05294700368,0.5961151034,0.3176807022,0,-1.221017292,4.401065804,-3.182981599
0.89,-64.99690939,0.05294719732,0.5961149838,0.3176807815,0,-1.221030134,4.401080936,-3.182972816
0.9,-64.99688022,0.05294739051,0.5961148631,0.3176808615,0,-1.221042942,4.401096064,-3.182964067
0.91,-64.99685117,0.05294758321,0.5961147414,0.3176809422,0,-1.221055717,4.401111188,-3.182955351
0.92,-64.99682223,0.05294777544,0.5961146186,0.3176810236,0,-1.221068457,4.401126309,-3.182946668
0.93,-64.99679339,0.05294796718,0.5961144948,0.3176811056,0,-1.221081162,4.401141426,-3.182938018
0.94,-64.99676467,0.05294815841,0.5961143699,0.3176811883,0,-1.221093832,4.401156539,-3.182929401
0.95,-64.99673606,0.05294834914,0.596114244,0.3176812716,0,-1.221106466,4.401171648,-3.182920818
0.96,-64.99670756,0.05294853935,0.5961141171,0.3176813556,0,-1.221119064,4.401186752,-3.182912267
0.97,-64.99667917,0.05294872904,0.5961139892,0.3176814402,0,-1.221131625,4.401201851,-3.18290375
0.98,-64.99665089,0.05294891821,0.5961138602,0.3176815255,0,-1.221144148,4.401216945,-3.182895266
0.99,-64.99662272,0.05294910683,0.5961137303,0.3176816114,0,-1.221156634,4.401232034,-3.182886815
1,-64.99659466,0.05294929492,0.5961135993,0.3176816979,0,-1.221169081,4.401247117,-3.182878398
1.01,-64.99656671,0.05294948245,0.5961134674,0.3176817851,0,-1.221181489,4.401262195,-3.182870013
1.02,-64.99653887,0.05294966944,0.5961133344,0.3176818728,0,-1.221193858,4.401277267,-3.182861662
1.03,-64.99651115,0.05294985586,0.5961132005,0.3176819612,0,-1.221206188,4.401292332,-3.182853344
1.04,-64.99648353,0.05295004172,0.5961130656,0.3176820502,0,-1.221218478,4.401307391,-3.182845059
1.05,-64.99645602,0.05295022701,0.5961129297,0.3176821399,0,-1.221230728,4.401322443,-3.182836807
1.06,-64.99642863,0.05295041172,0.5961127929,0.3176822301,0,-1.221242937,4.401337489,-3.182828588
1.07,-64.99640134,0.05295059585,0.5961126551,0.3176823209,0,-1.221255106,4.401352527,-3.182820402
1.08,-64.99637417,0.0529507794,0.5961125163,0.3176824123,0,-1.221267233,4.401367558,-3.18281225
1.09,-64.9963471,0.05295096236,0.5961123766,0.3176825044,0,-1.221279319,4.401382581,-3.182804131
1.1,-64.99632015,0.05295114473,0.5961122359,0.317682597,0,-1.221291363,4.401397596,-3.182796045
1.11,-64.99629331,0.0529513265,0.5961120943,0.3176826902,0,-1.221303365,4.401412603,-3.182787992
1.12,-64.99626657,0.05295150767,0.5961119518,0.3176827839,0,-1.221315325,4.401427602,-3.182779972
1.13,-64.99623995,0.05295168824,0.5961118083,0.3176828783,0,-1.221327243,4.401442592,-3.182771986
1.14,-64.99621344,0.05295186819,0.596111664,0.3176829732,0,-1.221339118,4.401457574,-3.182764033
1.15,-64.99618704,0.05295204754,0.5961115187,0.3176830687,0,-1.22135095,4.401472546,-3.182756112
1.16,-64.99616075,0.05295222627,0.5961113725,0.3176831648,0,-1.221362738,4.40148751,-3.182748225
1.17,-64.99613457,0.05295240439,0.5961112253,0.3176832614,0,-1.221374484,4.401502463,-3.182740372
1.18,-64.9961085,0.05295258188,0.5961110773,0.3176833586,0,-1.221386186,4.401517407,-3.182732551
1.19,-64.99608255,0.05295275875,0.5961109284,0.3176834563,0,-1.221397844,4.401532342,-3.182724764
1.2,-64.9960567,0.05295293499,0.5961107786,0.3176835546,0,-1.221409458,4.401547265,-3.182717009
1.21,-64.99603096,0.05295311061,0.596110628,0.3176836534,0,-1.221421028,4.401562179,-3.182709288
1.22,-64.99600534,0.05295328559,0.5961104764,0.3176837527,0,-1.221432554,4.401577082,-3.182701601
1.23,-64.99597982,0.05295345994,0.596110324,0.3176838526,0,-1.221444035,4.401591974,-3.182693946
1.24,-64.99595442,0.05295363365,0.5961101707,0.317683953,0,-1.221455472,4.401606855,-3.182686325
1.25,-64.99592912,0.05295380673,0.5961100165,0.317684054,0,-1.221466864,4.401621724,-3.182678736
1.26,-64.99590394,0.05295397916,0.5961098615,0.3176841555,0,-1.221478212,4.401636582,-3.182671181
1.27,-64.99587887,0.05295415095,0.5961097057,0.3176842575,0,-1.221489514,4.401651428,-3.18266366
1.28,-64.9958539,0.0529543221,0.596109549,0.31768436,0,-1.221500771,4.401666262,-3.182656171
1.29,-64.99582905,0.0529544926,0.5961093914,0.317684463,0,-1.221511983,4.401681084,-3.182648715
1.3,-64.99580431,0.05295466245,0.596109233,0.3176845665,0,-1.22152315,4.401695894,-3.182641293
1.31,-64.99577968,0.05295483165,0.5961090738,0.3176846705,0,-1.221534271,4.401710691,-3.182633904
1.32,-64.99575516,0.0529550002,0.5961089138,0.3176847751,0,-1.221545347,4.401725475,-3.182626548
1.33,-64.99573075,0.0529551681,0.596108753,0.3176848801,0,-1.221556377,4.401740246,-3.182619226
1.34,-64.99570645,0.05295533534,0.5961085913,0.3176849856,0,-1.221567361,4.401755003,-3.182611936
1.35,-64.99568227,0.05295550192,0.5961084289,0.3176850916,0,-1.2215783,4.401769747,-3.18260468
1.36,-64.99565819,0.05295566785,0.5961082656,0.3176851981,0,-1.221589192,4.401784478,-3.182597457
1.37,-64.99563422,0.05295583312,0.5961081016,0.317685305,0,-1.221600039,4.401799194,-3.182590267
1.38,-64.99561037,0.05295599773,0.5961079367,0.3176854125,0,-1.221610839,4.401813896,-3.18258311
1.39,-64.99558662,0.05295616167,0.5961077711,0.3176855204,0,-1.221621593,4.401828584,-3.182575987
1.4,-64.99556299,0.05295632495,0.5961076047,0.3176856288,0,-1.221632301,4.401843257,-3.182568896
1.41,-64.99553946,0.05295648757,0.5961074375,0.3176857376,0,-1.221642963,4.401857915,-3.182561839
1.42,-64.99551605,0.05295664953,0.5961072696,0.3176858469,0,-1.221653579,4.401872558,-3.182554815
1.43,-64.99549275,0.05295681082,0.5961071009,0.3176859567,0,-1.221664147,4.401887186,-3.182547824
1.44,-64.99546955,0.05295697144,0.5961069314,0.3176860669,0,-1.22167467,4.401901798,-3.182540866
1.45,-64.99544647,0.05295713139,0.5961067612,0.3176861775,0,-1.221685146,4.401916395,-3.182533941
1.46,-64.9954235,0.05295729067,0.5961065902,0.3176862886,0,-1.221695575,4.401930976,-3.18252705
1.47,-64.99540064,0.05295744929,0.5961064185,0.3176864001,0,-1.221705958,4.401945541,-3.182520192
1.48,-64.99537789,0.05295760723,0.5961062461,0.3176865121,0,-1.221716294,4.401960089,-3.182513366
1.49,-64.99535525,0.05295776451,0.596106073,0.3176866245,0,-1.221726583,4.401974621,-3.182506574
1.5,-64.99533272,0.05295792111,0.5961058991,0.3176867373,0,-1.221736826,4.401989136,-3.182499815
1.51,-64.9953103,0.05295807704,0.5961057245,0.3176868506,0,-1.221747022,4.402003634,-3.182493089
1.52,-64.99528799,0.05295823229,0.5961055492,0.3176869643,0,-1.221757171,4.402018116,-3.182486396
1.53,-64.99526579,0.05295838687,0.5961053731,0.3176870784,0,-1.221767273,4.402032579,-3.182479736
1.54,-64.9952437,0.05295854078,0.5961051964,0.3176871929,0,-1.221777328,4.402047026,-3.18247311
1.55,-64.99522172,0.05295869401,0.596105019,0.3176873078,0,-1.221787336,4.402061454,-3.182466516
1.56,-64.99519985,0.05295884657,0.5961048409,0.3176874231,0,-1.221797297,4.402075865,-3.182459955
1.57,-64.99517809,0.05295899845,0.5961046621,0.3176875388,0,-1.221807212,4.402090258,-3.182453428
1.58,-64.99515644,0.05295914965,0.5961044826,0.3176876549,0,-1.221817079,4.402104632,-3.182446933
1.59,-64.9951349,0.05295930018,0.5961043024,0.3176877714,0,-1.221826899,4.402118988,-3.182440471
1.6,-64.99511348,0.05295945003,0.5961041216,0.3176878883,0,-1.221836673,4.402133325,-3.182434043
1.61,-64.99509216,0.0529595992,0.5961039401,0.3176880056,0,-1.221846399,4.402147643,-3.182427647
1.62,-64.99507095,0.0529597477,0.5961037579,0.3176881233,0,-1.221856078,4.402161942,-3.182421284
1.63,-64.99504985,0.05295989551,0.5961035751,0.3176882413,0,-1.22186571,4.402176222,-3.182414954
1.64,-64.99502886,0.05296004265,0.5961033917,0.3176883597,0,-1.221875295,4.402190482,-3.182408658
1.65,-64.99500798,0.05296018911,0.5961032076,0.3176884785,0,-1.221884833,4.402204723,-3.182402394
1.66,-64.99498721,0.05296033489,0.5961030228,0.3176885977,0,-1.221894324,4.402218943,-3.182396162
1.67,-64.99496655,0.05296047999,0.5961028375,0.3176887172,0,-1.221903768,4.402233144,-3.182389964
1.68,-64.994946,0.05296062441,0.5961026515,0.317688837,0,-1.221913164,4.402247325,-3.182383799
1.69,-64.99492555,0.05296076815,0.5961024648,0.3176889573,0,-1.221922514,4.402261485,-3.182377666
1.7,-64.99490522,0.05296091121,0.5961022776,0.3176890779,0,-1.221931816,4.402275625,-3.182371567
1.71,-64.994885,0.0529610536,0.5961020897,0.3176891988,0,-1.221941072,4.402289743,-3.1823655
1.72,-64.99486489,0.0529611953,0.5961019013,0.3176893201,0,-1.22195028,4.402303841,-3.182359466
1.73,-64.99484488,0.05296133632,0.5961017122,0.3176894417,0,-1.221959441,4.402317918,-3.182353464
1.74,-64.99482499,0.05296147666,0.5961015225,0.3176895636,0,-1.221968555,4.402331973,-3.182347496
1.75,-64.9948052,0.05296161632,0.5961013323,0.3176896859,0,-1.221977622,4.402346007,-3.18234156
1.76,-64.99478552,0.0529617553,0.5961011414,0.3176898085,0,-1.221986642,4.40236002,-3.182335657
1.77,-64.99476595,0.05296189361,0.59610095,0.3176899315,0,-1.221995614,4.40237401,-3.182329786
1.78,-64.99474649,0.05296203123,0.596100758,0.3176900547,0,-1.22200454,4.402387978,-3.182323948
1.79,-64.99472714,0.05296216817,0.5961005655,0.3176901783,0,-1.222013419,4.402401925,-3.182318143
1.8,-64.9947079,0.05296230443,0.5961003723,0.3176903022,0,-1.22202225,4.402415849,-3.182312371
1.81,-64.99468877,0.05296244001,0.5961001786,0.3176904264,0,-1.222031035,4.40242975,-3.182306631
1.82,-64.99466974,0.05296257491,0.5960999844,0.317690551,0,-1.222039772,4.402443629,-3.182300923
1.83,-64.99465083,0.05296270913,0.5960997896,0.3176906758,0,-1.222048463,4.402457484,-3.182295248
1.84,-64.99463202,0.05296284268,0.5960995942,0.3176908009,0,-1.222057107,4.402471317,-3.182289606
1.85,-64.99461332,0.05296297554,0.5960993983,0.3176909263,0,-1.222065703,4.402485127,-3.182283996
1.86,-64.99459473,0.05296310772,0.5960992019,0.317691052,0,-1.222074253,4.402498913,-3.182278418
1.87,-64.99457624,0.05296323923,0.5960990049,0.317691178,0,-1.222082756,4.402512675,-3.182272873
1.88,-64.99455787,0.05296337005,0.5960988075,0.3176913043,0,-1.222091212,4.402526414,-3.182267361
1.89,-64.9945396,0.0529635002,0.5960986095,0.3176914309,0,-1.222099621,4.402540129,-3.18226188
1.9,-64.99452144,0.05296362967,0.5960984109,0.3176915577,0,-1.222107983,4.40255382,-3.182256432
1.91,-64.99450339,0.05296375845,0.5960982119,0.3176916849,0,-1.222116298,4.402567487,-3.182251017
1.92,-64.99448544,0.05296388657,0.5960980124,0.3176918123,0,-1.222124567,4.40258113,-3.182245633
1.93,-64.99446761,0.052964014,0.5960978123,0.3176919399,0,-1.222132789,4.402594748,-3.182240282
1.94,-64.99444988,0.05296414076,0.5960976118,0.3176920679,0,-1.222140964,4.402608341,-3.182234963
1.95,-64.99443226,0.05296426684,0.5960974108,0.3176921961,0,-1.222149092,4.402621909,-3.182229677
1.96,-64.99441474,0.05296439224,0.5960972093,0.3176923245,0,-1.222157174,4.402635453,-3.182224422
1.97,-64.99439733,0.05296451696,0.5960970073,0.3176924532,0,-1.222165209,4.402648971,-3.1822192
1.98,-64.99438003,0.05296464101,0.5960968048,0.3176925822,0,-1.222173198,4.402662464,-3.18221401
1.99,-64.99436284,0.05296476439,0.5960966019,0.3176927114,0,-1.222181139,4.402675932,-3.182208851
2,-64.99434575,0.05296488709,0.5960963985,0.3176928408,0,-1.222189035,4.402689374,-3.182203725
2.01,-64.99432877,0.05296500911,0.5960961947,0.3176929705,0,-1.222196884,4.402702791,-3.182198631
2.02,-64.9943119,0.05296513046,0.5960959903,0.3176931005,0,-1.222204686,4.402716181,-3.182193569
2.03,-64.99429513,0.05296525113,0.5960957856,0.3176932306,0,-1.222212442,4.402729545,-3.182188539
2.04,-64.99427847,0.05296537113,0.5960955804,0.317693361,0,-1.222220151,4.402742884,-3.18218354
2.05,-64.99426191,0.05296549046,0.5960953747,0.3176934917,0,-1.222227814,4.402756196,-3.182178574
2.06,-64.99424546,0.05296560912,0.5960951686,0.3176936225,0,-1.222235431,4.402769481,-3.182173639
2.07,-64.99422912,0.0529657271,0.5960949621,0.3176937536,0,-1.222243002,4.40278274,-3.182168736
2.08,-64.99421288,0.05296584441,0.5960947552,0.3176938848,0,-1.222250526,4.402795972,-3.182163865
2.09,-64.99419675,0.05296596104,0.5960945478,0.3176940163,0,-1.222258004,4.402809177,-3.182159026
2.1,-64.99418073,0.05296607701,0.59609434,0.3176941481,0,-1.222265436,4.402822355,-3.182154218
2.11,-64.99416481,0.05296619231,0.5960941318,0.31769428,0,-1.222272822,4.402835506,-3.182149442
2.12,-64.99414899,0.05296630693,0.5960939232,0.3176944121,0,-1.222280161,4.40284863,-3.182144697
2.13,-64.99413328,0.05296642089,0.5960937142,0.3176945444,0,-1.222287455,4.402861726,-3.182139985
2.14,-64.99411768,0.05296653418,0.5960935048,0.3176946769,0,-1.222294703,4.402874795,-3.182135303
2.15,-64.99410218,0.0529666468,0.596093295,0.3176948096,0,-1.222301904,4.402887836,-3.182130653
2.16,-64.99408678,0.05296675875,0.5960930848,0.3176949425,0,-1.22230906,4.402900849,-3.182126035
2.17,-64.99407149,0.05296687003,0.5960928743,0.3176950756,0,-1.22231617,4.402913834,-3.182121448
2.18,-64.99405631,0.05296698065,0.5960926633,0.3176952089,0,-1.222323234,4.402926791,-3.182116892
2.19,-64.99404123,0.0529670906,0.596092452,0.3176953423,0,-1.222330253,4.40293972,-3.182112368
2.2,-64.99402625,0.05296719989,0.5960922403,0.317695476,0,-1.222337226,4.40295262,-3.182107875
2.21,-64.99401138,0.05296730851,0.5960920283,0.3176956098,0,-1.222344153,4.402965492,-3.182103413
2.22,-64.99399661,0.05296741646,0.5960918159,0.3176957437,0,-1.222351034,4.402978335,-3.182098982
2.23,-64.99398194,0.05296752376,0.5960916031,0.3176958779,0,-1.22235787,4.402991149,-3.182094583
2.24,-64.99396738,0.05296763039,0.59609139,0.3176960122,0,-1.222364661,4.403003935,-3.182090214
2.25,-64.99395292,0.05296773635,0.5960911765,0.3176961467,0,-1.222371406,4.403016691,-3.182085877
2.26,-64.99393857,0.05296784166,0.5960909627,0.3176962813,0,-1.222378105,4.403029419,-3.182081571
2.27,-64.99392432,0.0529679463,0.5960907486,0.3176964161,0,-1.22238476,4.403042117,-3.182077296
2.28,-64.99391017,0.05296805029,0.5960905341,0.317696551,0,-1.222391369,4.403054785,-3.182073051
2.29,-64.99389613,0.05296815361,0.5960903193,0.3176966861,0,-1.222397932,4.403067425,-3.182068838
2.3,-64.99388218,0.05296825628,0.5960901042,0.3176968213,0,-1.222404451,4.403080034,-3.182064655
2.31,-64.99386834,0.05296835829,0.5960898888,0.3176969567,0,-1.222410925,4.403092614,-3.182060503
2.32,-64.99385461,0.05296845964,0.596089673,0.3176970922,0,-1.222417353,4.403105164,-3.182056382
2.33,-64.99384097,0.05296856033,0.596089457,0.3176972278,0,-1.222423736,4.403117684,-3.182052292
2.34,-64.99382744,0.05296866037,0.5960892406,0.3176973636,0,-1.222430075,4.403130174,-3.182048232
2.35,-64.99381401,0.05296875975,0.596089024,0.3176974995,0,-1.222436369,4.403142634,-3.182044203
2.36,-64.99380068,0.05296885848,0.596088807,0.3176976355,0,-1.222442618,4.403155063,-3.182040204
2.37,-64.99378745,0.05296895655,0.5960885898,0.3176977717,0,-1.222448822,4.403167462,-3.182036236
2.38,-64.99377433,0.05296905398,0.5960883722,0.3176979079,0,-1.222454981,4.403179831,-3.182032299
2.39,-64.99376131,0.05296915075,0.5960881544,0.3176980443,0,-1.222461096,4.403192168,-3.182028392
2.4,-64.99374838,0.05296924686,0.5960879363,0.3176981808,0,-1.222467166,4.403204475,-3.182024515
2.41,-64.99373556,0.05296934233,0.596087718,0.3176983175,0,-1.222473192,4.403216751,-3.182020668
2.42,-64.99372284,0.05296943715,0.5960874993,0.3176984542,0,-1.222479173,4.403228997,-3.182016852
2.43,-64.99371022,0.05296953132,0.5960872804,0.317698591,0,-1.22248511,4.403241211,-3.182013066
2.44,-64.9936977,0.05296962484,0.5960870613,0.317698728,0,-1.222491003,4.403253394,-3.18200931
2.45,-64.99368528,0.05296971772,0.5960868419,0.317698865,0,-1.222496851,4.403265545,-3.182005585
2.46,-64.99367296,0.05296980995,0.5960866222,0.3176990021,0,-1.222502656,4.403277666,-3.182001889
2.47,-64.99366074,0.05296990153,0.5960864023,0.3176991393,0,-1.222508416,4.403289754,-3.181998223
2.48,-64.99364863,0.05296999247,0.5960861822,0.3176992766,0,-1.222514132,4.403301811,-3.181994588
2.49,-64.99363661,0.05297008276,0.5960859618,0.317699414,0,-1.222519804,4.403313837,-3.181990982
2.5,-64.99362469,0.05297017242,0.5960857412,0.3176995515,0,-1.222525432,4.403325831,-3.181987406
2.51,-64.99361287,0.05297026143,0.5960855203,0.3176996891,0,-1.222531016,4.403337792,-3.18198386
2.52,-64.99360115,0.0529703498,0.5960852992,0.3176998267,0,-1.222536557,4.403349722,-3.181980344
2.53,-64.99358952,0.05297043753,0.5960850779,0.3176999645,0,-1.222542054,4.40336162,-3.181976857
2.54,-64.993578,0.05297052462,0.5960848564,0.3177001022,0,-1.222547507,4.403373485,-3.1819734
2.55,-64.99356657,0.05297061107,0.5960846347,0.3177002401,0,-1.222552917,4.403385319,-3.181969972
2.56,-64.99355525,0.05297069689,0.5960844128,0.317700378,0,-1.222558283,4.403397119,-3.181966574
2.57,-64.99354402,0.05297078207,0.5960841907,0.317700516,0,-1.222563606,4.403408888,-3.181963206
2.58,-64.99353289,0.05297086661,0.5960839684,0.3177006541,0,-1.222568886,4.403420624,-3.181959867
2.59,-64.99352186,0.05297095052,0.5960837458,0.3177007922,0,-1.222574122,4.403432327,-3.181956557
2.6,-64.99351092,0.0529710338,0.5960835231,0.3177009304,0,-1.222579315,4.403443997,-3.181953277
2.61,-64.99350008,0.05297111644,0.5960833002,0.3177010686,0,-1.222584465,4.403455635,-3.181950025
2.62,-64.99348934,0.05297119846,0.5960830772,0.3177012068,0,-1.222589572,4.40346724,-3.181946803
2.63,-64.9934787,0.05297127984,0.5960828539,0.3177013452,0,-1.222594636,4.403478812,-3.181943611
2.64,-64.99346816,0.05297136059,0.5960826305,0.3177014835,0,-1.222599657,4.40349035,-3.181940447
2.65,-64.99345771,0.05297144072,0.5960824069,0.3177016219,0,-1.222604636,4.403501856,-3.181937312
2.66,-64.99344735,0.05297152022,0.5960821832,0.3177017604,0,-1.222609571,4.403513328,-3.181934206
2.67,-64.9934371,0.05297159909,0.5960819592,0.3177018988,0,-1.222614464,4.403524767,-3.181931129
2.68,-64.99342694,0.05297167734,0.5960817352,0.3177020373,0,-1.222619315,4.403536173,-3.181928081
2.69,-64.99341687,0.05297175496,0.5960815109,0.3177021759,0,-1.222624122,4.403547545,-3.181925062
2.7,-64.9934069,0.05297183196,0.5960812866,0.3177023144,0,-1.222628888,4.403558883,-3.181922071
2.71,-64.99339703,0.05297190834,0.596081062,0.317702453,0,-1.222633611,4.403570188,-3.18191911
2.72,-64.99338725,0.0529719841,0.5960808374,0.3177025917,0,-1.222638292,4.403581459,-3.181916176
2.73,-64.99337757,0.05297205924,0.5960806126,0.3177027303,0,-1.222642931,4.403592697,-3.181913271
2.74,-64.99336798,0.05297213376,0.5960803877,0.3177028689,0,-1.222647527,4.4036039,-3.181910395
2.75,-64.99335849,0.05297220766,0.5960801626,0.3177030076,0,-1.222652082,4.403615069,-3.181907547
2.76,-64.99334909,0.05297228094,0.5960799374,0.3177031463,0,-1.222656595,4.403626205,-3.181904728
2.77,-64.99333979,0.05297235361,0.5960797121,0.3177032849,0,-1.222661066,4.403637306,-3.181901937
2.78,-64.99333058,0.05297242567,0.5960794867,0.3177034236,0,-1.222665495,4.403648373,-3.181899174
2.79,-64.99332146,0.05297249711,0.5960792612,0.3177035623,0,-1.222669882,4.403659406,-3.181896439
2.8,-64.99331244,0.05297256794,0.5960790356,0.317703701,0,-1.222674228,4.403670405,-3.181893732
2.81,-64.99330351,0.05297263816,0.5960788098,0.3177038397,0,-1.222678532,4.403681369,-3.181891053
2.82,-64.99329468,0.05297270777,0.596078584,0.3177039784,0,-1.222682795,4.403692299,-3.181888403
2.83,-64.99328593,0.05297277677,0.5960783581,0.3177041171,0,-1.222687017,4.403703194,-3.18188578
2.84,-64.99327728,0.05297284517,0.5960781321,0.3177042557,0,-1.222691197,4.403714055,-3.181883185
2.85,-64.99326873,0.05297291296,0.596077906,0.3177043944,0,-1.222695336,4.403724881,-3.181880618
2.86,-64.99326026,0.05297298014,0.5960776798,0.317704533,0,-1.222699434,4.403735672,-3.181878079
2.87,-64.99325189,0.05297304672,0.5960774535,0.3177046716,0,-1.222703491,4.403746429,-3.181875567
2.88,-64.99324361,0.05297311269,0.5960772271,0.3177048102,0,-1.222707507,4.403757151,-3.181873083
2.89,-64.99323542,0.05297317807,0.5960770007,0.3177049488,0,-1.222711483,4.403767838,-3.181870626
2.9,-64.99322732,0.05297324284,0.5960767742,0.3177050874,0,-1.222715417,4.403778489,-3.181868197
2.91,-64.99321932,0.05297330702,0.5960765477,0.3177052259,0,-1.222719311,4.403789106,-3.181865796
2.92,-64.9932114,0.0529733706,0.5960763211,0.3177053644,0,-1.222723165,4.403799688,-3.181863421
2.93,-64.99320358,0.05297343358,0.5960760944,0.3177055029,0,-1.222726978,4.403810235,-3.181861074
2.94,-64.99319585,0.05297349596,0.5960758677,0.3177056413,0,-1.22273075,4.403820746,-3.181858754
2.95,-64.99318821,0.05297355775,0.5960756409,0.3177057797,0,-1.222734483,4.403831222,-3.181856462
2.96,-64.99318065,0.05297361895,0.5960754141,0.317705918,0,-1.222738175,4.403841663,-3.181854196
2.97,-64.99317319,0.05297367956,0.5960751872,0.3177060563,0,-1.222741827,4.403852068,-3.181851957
2.98,-64.99316582,0.05297373957,0.5960749603,0.3177061946,0,-1.222745439,4.403862438,-3.181849746
2.99,-64.99315854,0.052973799,0.5960747333,0.3177063328,0,-1.222749011,4.403872773,-3.181847561
3,-64.99315134,0.05297385784,0.5960745064,0.317706471,0,-1.222752543,4.403883072,-3.181845403
3.01,-64.99314424,0.05297391609,0.5960742794,0.3177066091,0,-1.222756036,4.403893336,-3.181843272
3.02,-64.99313722,0.05297397375,0.5960740524,0.3177067472,0,-1.222759489,4.403903563,-3.181841167
3.03,-64.9931303,0.05297403084,0.5960738253,0.3177068852,0,-1.222762902,4.403913756,-3.181839089
3.04,-64.99312346,0.05297408734,0.5960735983,0.3177070231,0,-1.222766276,4.403923912,-3.181837037
3.05,-64.99311671,0.05297414325,0.5960733712,0.317707161,0,-1.22276961,4.403934033,-3.181835013
3.06,-64.99311005,0.05297419859,0.5960731441,0.3177072988,0,-1.222772906,4.403944118,-3.181833014
3.07,-64.99310347,0.05297425335,0.5960729171,0.3177074365,0,-1.222776162,4.403954167,-3.181831042
3.08,-64.99309699,0.05297430753,0.59607269,0.3177075742,0,-1.222779379,4.40396418,-3.181829096
3.09,-64.99309059,0.05297436113,0.5960724629,0.3177077118,0,-1.222782557,4.403974157,-3.181827176
3.1,-64.99308427,0.05297441416,0.5960722358,0.3177078494,0,-1.222785696,4.403984098,-3.181825282
3.11,-64.99307805,0.05297446662,0.5960720088,0.3177079868,0,-1.222788797,4.403994003,-3.181823415
3.12,-64.99307191,0.0529745185,0.5960717817,0.3177081242,0,-1.222791858,4.404003872,-3.181821573
3.13,-64.99306586,0.05297456981,0.5960715547,0.3177082615,0,-1.222794882,4.404013705,-3.181819757
3.14,-64.99305989,0.05297462055,0.5960713276,0.3177083987,0,-1.222797866,4.404023502,-3.181817967
3.15,-64.99305401,0.05297467073,0.5960711007,0.3177085358,0,-1.222800812,4.404033262,-3.181816203
3.16,-64.99304822,0.05297472034,0.5960708737,0.3177086729,0,-1.22280372,4.404042986,-3.181814465
3.17,-64.99304251,0.05297476938,0.5960706468,0.3177088098,0,-1.22280659,4.404052674,-3.181812752
3.18,-64.99303688,0.05297481785,0.5960704198,0.3177089467,0,-1.222809422,4.404062326,-3.181811065
3.19,-64.99303134,0.05297486577,0.596070193,0.3177090835,0,-1.222812215,4.404071941,-3.181809403
3.2,-64.99302589,0.05297491312,0.5960699662,0.3177092202,0,-1.222814971,4.40408152,-3.181807767
3.21,-64.99302052,0.05297495991,0.5960697394,0.3177093567,0,-1.222817689,4.404091063,-3.181806156
3.22,-64.99301523,0.05297500614,0.5960695126,0.3177094932,0,-1.222820369,4.404100569,-3.18180457
3.23,-64.99301003,0.05297505182,0.596069286,0.3177096296,0,-1.222823012,4.404110038,-3.181803009
3.24,-64.99300491,0.05297509694,0.5960690593,0.3177097658,0,-1.222825617,4.404119471,-3.181801474
3.25,-64.99299988,0.0529751415,0.5960688328,0.317709902,0,-1.222828185,4.404128868,-3.181799964
3.26,-64.99299493,0.05297518551,0.5960686063,0.3177100381,0,-1.222830715,4.404138228,-3.181798478
3.27,-64.99299006,0.05297522897,0.5960683798,0.317710174,0,-1.222833209,4.404147551,-3.181797018
3.28,-64.99298527,0.05297527188,0.5960681534,0.3177103098,0,-1.222835665,4.404156838,-3.181795582
3.29,-64.99298057,0.05297531424,0.5960679271,0.3177104455,0,-1.222838084,4.404166088,-3.181794171
3.3,-64.99297595,0.05297535606,0.5960677009,0.3177105811,0,-1.222840466,4.404175301,-3.181792785
3.31,-64.99297141,0.05297539732,0.5960674747,0.3177107166,0,-1.222842812,4.404184478,-3.181791424
3.32,-64.99296696,0.05297543804,0.5960672487,0.317710852,0,-1.22284512,4.404193618,-3.181790087
3.33,-64.99296258,0.05297547822,0.5960670227,0.3177109872,0,-1.222847392,4.404202721,-3.181788774
3.34,-64.99295829,0.05297551786,0.5960667968,0.3177111223,0,-1.222849628,4.404211787,-3.181787486
3.35,-64.99295407,0.05297555696,0.596066571,0.3177112573,0,-1.222851827,4.404220816,-3.181786222
3.36,-64.99294994,0.05297559551,0.5960663452,0.3177113921,0,-1.222853991,4.404229809,-3.181784982
3.37,-64.99294589,0.05297563353,0.5960661196,0.3177115268,0,-1.222856117,4.404238765,-3.181783767
3.38,-64.99294192,0.05297567101,0.5960658941,0.3177116614,0,-1.222858208,4.404247684,-3.181782576
3.39,-64.99293803,0.05297570796,0.5960656687,0.3177117958,0,-1.222860263,4.404256566,-3.181781408
3.4,-64.99293422,0.05297574438,0.5960654434,0.3177119301,0,-1.222862282,4.404265411,-3.181780265
3.41,-64.99293049,0.05297578026,0.5960652182,0.3177120643,0,-1.222864265,4.404274219,-3.181779146
3.42,-64.99292683,0.05297581562,0.5960649931,0.3177121983,0,-1.222866213,4.40428299,-3.18177805
3.43,-64.99292326,0.05297585044,0.5960647681,0.3177123322,0,-1.222868125,4.404291724,-3.181776978
3.44,-64.99291977,0.05297588474,0.5960645432,0.3177124659,0,-1.222870002,4.404300422,-3.18177593
3.45,-64.99291635,0.05297591851,0.5960643185,0.3177125995,0,-1.222871843,4.404309082,-3.181774905
3.46,-64.99291301,0.05297595176,0.5960640939,0.317712733,0,-1.222873649,4.404317705,-3.181773904
3.47,-64.99290975,0.05297598448,0.5960638694,0.3177128662,0,-1.22287542,4.404326291,-3.181772926
3.48,-64.99290657,0.05297601668,0.5960636451,0.3177129994,0,-1.222877156,4.40433484,-3.181771971
3.49,-64.99290347,0.05297604837,0.5960634209,0.3177131323,0,-1.222878857,4.404343353,-3.18177104
3.5,-64.99290044,0.05297607953,0.5960631968,0.3177132652,0,-1.222880523,4.404351828,-3.181770132
3.51,-64.99289749,0.05297611018,0.5960629728,0.3177133978,0,-1.222882155,4.404360265,-3.181769247
3.52,-64.99289462,0.05297614031,0.596062749,0.3177135303,0,-1.222883752,4.404368666,-3.181768385
3.53,-64.99289182,0.05297616993,0.5960625254,0.3177136626,0,-1.222885315,4.40437703,-3.181767546
3.54,-64.9928891,0.05297619904,0.5960623019,0.3177137948,0,-1.222886843,4.404385357,-3.18176673
3.55,-64.99288646,0.05297622763,0.5960620786,0.3177139268,0,-1.222888337,4.404393646,-3.181765937
3.56,-64.99288389,0.05297625572,0.5960618554,0.3177140586,0,-1.222889796,4.404401899,-3.181765166
3.57,-64.99288139,0.0529762833,0.5960616323,0.3177141903,0,-1.222891222,4.404410114,-3.181764418
3.58,-64.99287898,0.05297631037,0.5960614095,0.3177143218,0,-1.222892614,4.404418292,-3.181763693
3.59,-64.99287663,0.05297633694,0.5960611868,0.3177144531,0,-1.222893972,4.404426433,-3.18176299
3.6,-64.99287437,0.052976363,0.5960609642,0.3177145843,0,-1.222895296,4.404434537,-3.18176231
3.61,-64.99287217,0.05297638856,0.5960607418,0.3177147152,0,-1.222896587,4.404442604,-3.181761652
3.62,-64.99287005,0.05297641363,0.5960605196,0.317714846,0,-1.222897844,4.404450633,-3.181761016
3.63,-64.99286801,0.05297643819,0.5960602976,0.3177149766,0,-1.222899068,4.404458626,-3.181760402
3.64,-64.99286604,0.05297646226,0.5960600758,0.317715107,0,-1.222900259,4.404466581,-3.181759811
3.65,-64.99286414,0.05297648583,0.5960598541,0.3177152373,0,-1.222901416,4.404474499,-3.181759242
3.66,-64.99286231,0.05297650891,0.5960596326,0.3177153673,0,-1.22290254,4.40448238,-3.181758694
3.67,-64.99286056,0.05297653149,0.5960594113,0.3177154972,0,-1.222903632,4.404490224,-3.181758168
3.68,-64.99285888,0.05297655359,0.5960591902,0.3177156268,0,-1.222904691,4.404498031,-3.181757665
3.69,-64.99285727,0.05297657519,0.5960589693,0.3177157563,0,-1.222905716,4.4045058,-3.181757182
3.7,-64.99285574,0.05297659631,0.5960587486,0.3177158856,0,-1.22290671,4.404513532,-3.181756722
3.71,-64.99285428,0.05297661694,0.5960585281,0.3177160147,0,-1.222907671,4.404521228,-3.181756283
3.72,-64.99285289,0.05297663709,0.5960583078,0.3177161436,0,-1.222908599,4.404528886,-3.181755866
3.73,-64.99285156,0.05297665676,0.5960580876,0.3177162723,0,-1.222909495,4.404536507,-3.181755469
3.74,-64.99285032,0.05297667594,0.5960578677,0.3177164008,0,-1.222910359,4.40454409,-3.181755095
3.75,-64.99284914,0.05297669464,0.596057648,0.3177165291,0,-1.222911191,4.404551637,-3.181754741
3.76,-64.99284803,0.05297671287,0.5960574285,0.3177166572,0,-1.222911991,4.404559147,-3.181754409
3.77,-64.99284699,0.05297673062,0.5960572093,0.3177167851,0,-1.222912759,4.404566619,-3.181754098
3.78,-64.99284603,0.05297674789,0.5960569902,0.3177169128,0,-1.222913496,4.404574055,-3.181753808
3.79,-64.99284513,0.05297676469,0.5960567713,0.3177170402,0,-1.222914201,4.404581453,-3.181753538
3.8,-64.9928443,0.05297678102,0.5960565527,0.3177171675,0,-1.222914874,4.404588814,-3.18175329
3.81,-64.99284354,0.05297679688,0.5960563343,0.3177172946,0,-1.222915516,4.404596138,-3.181753062
3.82,-64.99284285,0.05297681227,0.5960561162,0.3177174214,0,-1.222916127,4.404603425,-3.181752855
3.83,-64.99284223,0.05297682719,0.5960558982,0.3177175481,0,-1.222916707,4.404610675,-3.181752669
3.84,-64.99284168,0.05297684165,0.5960556805,0.3177176745,0,-1.222917255,4.404617888,-3.181752503
3.85,-64.99284119,0.05297685564,0.596055463,0.3177178007,0,-1.222917773,4.404625064,-3.181752357
3.86,-64.99284077,0.05297686917,0.5960552458,0.3177179267,0,-1.22291826,4.404632203,-3.181752232
3.87,-64.99284043,0.05297688224,0.5960550288,0.3177180524,0,-1.222918716,4.404639305,-3.181752128
3.88,-64.99284014,0.05297689485,0.596054812,0.317718178,0,-1.222919142,4.40464637,-3.181752043
3.89,-64.99283993,0.05297690701,0.5960545955,0.3177183033,0,-1.222919537,4.404653398,-3.181751979
3.9,-64.99283978,0.05297691871,0.5960543792,0.3177184284,0,-1.222919902,4.404660389,-3.181751934
3.91,-64.9928397,0.05297692995,0.5960541632,0.3177185532,0,-1.222920237,4.404667344,-3.18175191
3.92,-64.99283969,0.05297694074,0.5960539475,0.3177186779,0,-1.222920541,4.404674261,-3.181751906
3.93,-64.99283974,0.05297695108,0.5960537319,0.3177188023,0,-1.222920816,4.404681141,-3.181751921
3.94,-64.99283985,0.05297696098,0.5960535167,0.3177189265,0,-1.22292106,4.404687985,-3.181751956
3.95,-64.99284004,0.05297697042,0.5960533017,0.3177190504,0,-1.222921275,4.404694791,-3.181752011
3.96,-64.99284028,0.05297697942,0.5960530869,0.3177191741,0,-1.22292146,4.404701561,-3.181752085
3.97,-64.9928406,0.05297698797,0.5960528725,0.3177192976,0,-1.222921616,4.404708294,-3.181752179
3.98,-64.99284097,0.05297699608,0.5960526583,0.3177194209,0,-1.222921742,4.40471499,-3.181752292
3.99,-64.99284141,0.05297700375,0.5960524443,0.3177195439,0,-1.222921839,4.404721649,-3.181752424
4,-64.99284192,0.05297701098,0.5960522307,0.3177196666,0,-1.222921907,4.404728272,-3.181752576
4.01,-64.99284249,0.05297701777,0.5960520173,0.3177197892,0,-1.222921945,4.404734858,-3.181752747
4.02,-64.99284312,0.05297702413,0.5960518041,0.3177199115,0,-1.222921955,4.404741407,-3.181752937
4.03,-64.99284382,0.05297703005,0.5960515913,0.3177200335,0,-1.222921936,4.40474792,-3.181753146
4.04,-64.99284458,0.05297703554,0.5960513787,0.3177201553,0,-1.222921888,4.404754395,-3.181753374
4.05,-64.9928454,0.0529770406,0.5960511664,0.3177202769,0,-1.222921811,4.404760835,-3.181753621
4.06,-64.99284629,0.05297704523,0.5960509545,0.3177203982,0,-1.222921706,4.404767237,-3.181753887
4.07,-64.99284724,0.05297704943,0.5960507427,0.3177205193,0,-1.222921573,4.404773603,-3.181754171
4.08,-64.99284825,0.0529770532,0.5960505313,0.3177206401,0,-1.222921411,4.404779933,-3.181754474
4.09,-64.99284932,0.05297705655,0.5960503202,0.3177207606,0,-1.222921221,4.404786226,-3.181754795
4.1,-64.99285045,0.05297705947,0.5960501093,0.3177208809,0,-1.222921003,4.404792482,-3.181755135
4.11,-64.99285164,0.05297706198,0.5960498988,0.317721001,0,-1.222920757,4.404798702,-3.181755493
4.12,-64.9928529,0.05297706406,0.5960496886,0.3177211208,0,-1.222920484,4.404804885,-3.18175587
4.13,-64.99285421,0.05297706573,0.5960494786,0.3177212404,0,-1.222920182,4.404811033,-3.181756264
4.14,-64.99285559,0.05297706698,0.596049269,0.3177213597,0,-1.222919853,4.404817143,-3.181756677
4.15,-64.99285703,0.05297706781,0.5960490596,0.3177214787,0,-1.222919497,4.404823218,-3.181757108
4.16,-64.99285852,0.05297706823,0.5960488506,0.3177215975,0,-1.222919113,4.404829256,-3.181757557
4.17,-64.99286008,0.05297706825,0.5960486419,0.317721716,0,-1.222918702,4.404835257,-3.181758023
4.18,-64.99286169,0.05297706785,0.5960484334,0.3177218342,0,-1.222918264,4.404841223,-3.181758508
4.19,-64.99286337,0.05297706704,0.5960482253,0.3177219522,0,-1.222917799,4.404847152,-3.18175901
4.2,-64.9928651,0.05297706582,0.5960480175,0.31772207,0,-1.222917307,4.404853045,-3.18175953
4.21,-64.99286689,0.0529770642,0.5960478101,0.3177221874,0,-1.222916788,4.404858902,-3.181760067
4.22,-64.99286874,0.05297706218,0.5960476029,0.3177223046,0,-1.222916243,4.404864723,-3.181760622
4.23,-64.99287065,0.05297705976,0.5960473961,0.3177224216,0,-1.222915671,4.404870508,-3.181761194
4.24,-64.99287261,0.05297705694,0.5960471896,0.3177225382,0,-1.222915073,4.404876257,-3.181761784
4.25,-64.99287464,0.05297705371,0.5960469834,0.3177226546,0,-1.222914448,4.404881969,-3.181762391
4.26,-64.99287672,0.0529770501,0.5960467775,0.3177227708,0,-1.222913797,4.404887646,-3.181763015
4.27,-64.99287885,0.05297704608,0.596046572,0.3177228866,0,-1.22291312,4.404893287,-3.181763656
4.28,-64.99288105,0.05297704168,0.5960463668,0.3177230022,0,-1.222912417,4.404898892,-3.181764314
4.29,-64.9928833,0.05297703688,0.5960461619,0.3177231175,0,-1.222911689,4.404904461,-3.181764989
4.3,-64.9928856,0.05297703169,0.5960459574,0.3177232325,0,-1.222910934,4.404909994,-3.181765681
4.31,-64.99288796,0.05297702611,0.5960457532,0.3177233473,0,-1.222910154,4.404915491,-3.181766389
4.32,-64.99289038,0.05297702015,0.5960455493,0.3177234617,0,-1.222909349,4.404920953,-3.181767114
4.33,-64.99289285,0.0529770138,0.5960453458,0.3177235759,0,-1.222908518,4.404926379,-3.181767856
4.34,-64.99289538,0.05297700707,0.5960451426,0.3177236899,0,-1.222907662,4.404931769,-3.181768614
4.35,-64.99289796,0.05297699996,0.5960449397,0.3177238035,0,-1.222906781,4.404937124,-3.181769389
4.36,-64.9929006,0.05297699247,0.5960447372,0.3177239169,0,-1.222905875,4.404942443,-3.18177018
4.37,-64.99290329,0.0529769846,0.5960445351,0.3177240299,0,-1.222904943,4.404947726,-3.181770987
4.38,-64.99290604,0.05297697635,0.5960443333,0.3177241427,0,-1.222903987,4.404952974,-3.181771811
4.39,-64.99290883,0.05297696773,0.5960441318,0.3177242552,0,-1.222903007,4.404958187,-3.18177265
4.4,-64.99291169,0.05297695874,0.5960439307,0.3177243675,0,-1.222902002,4.404963364,-3.181773506
4.41,-64.99291459,0.05297694937,0.59604373,0.3177244794,0,-1.222900972,4.404968506,-3.181774377
4.42,-64.99291755,0.05297693963,0.5960435296,0.317724591,0,-1.222899918,4.404973613,-3.181775265
4.43,-64.99292056,0.05297692953,0.5960433296,0.3177247024,0,-1.22289884,4.404978684,-3.181776168
4.44,-64.99292362,0.05297691906,0.5960431299,0.3177248135,0,-1.222897738,4.40498372,-3.181777087
4.45,-64.99292674,0.05297690822,0.5960429306,0.3177249243,0,-1.222896612,4.404988721,-3.181778021
4.46,-64.9929299,0.05297689703,0.5960427317,0.3177250348,0,-1.222895462,4.404993687,-3.181778971
4.47,-64.99293312,0.05297688547,0.5960425331,0.317725145,0,-1.222894288,4.404998617,-3.181779937
4.48,-64.99293639,0.05297687355,0.5960423349,0.3177252549,0,-1.222893091,4.405003513,-3.181780918
4.49,-64.99293971,0.05297686127,0.596042137,0.3177253645,0,-1.22289187,4.405008374,-3.181781914
4.5,-64.99294308,0.05297684863,0.5960419395,0.3177254738,0,-1.222890626,4.405013199,-3.181782925
4.51,-64.99294651,0.05297683565,0.5960417424,0.3177255828,0,-1.222889358,4.40501799,-3.181783952
4.52,-64.99294998,0.0529768223,0.5960415457,0.3177256916,0,-1.222888067,4.405022746,-3.181784993
4.53,-64.9929535,0.05297680861,0.5960413493,0.3177258,0,-1.222886754,4.405027467,-3.18178605
4.54,-64.99295707,0.05297679457,0.5960411533,0.3177259081,0,-1.222885417,4.405032154,-3.181787121
4.55,-64.99296069,0.05297678018,0.5960409577,0.3177260159,0,-1.222884058,4.405036806,-3.181788207
4.56,-64.99296436,0.05297676544,0.5960407625,0.3177261235,0,-1.222882676,4.405041423,-3.181789308
4.57,-64.99296808,0.05297675036,0.5960405677,0.3177262307,0,-1.222881271,4.405046005,-3.181790424
4.58,-64.99297185,0.05297673493,0.5960403732,0.3177263376,0,-1.222879844,4.405050553,-3.181791554
4.59,-64.99297566,0.05297671916,0.5960401791,0.3177264443,0,-1.222878394,4.405055067,-3.181792699
4.6,-64.99297953,0.05297670306,0.5960399854,0.3177265506,0,-1.222876923,4.405059546,-3.181793858
4.61,-64.99298344,0.05297668661,0.5960397921,0.3177266566,0,-1.222875429,4.405063991,-3.181795031
4.62,-64.9929874,0.05297666983,0.5960395992,0.3177267623,0,-1.222873913,4.405068401,-3.181796219
4.63,-64.9929914,0.05297665272,0.5960394067,0.3177268678,0,-1.222872376,4.405072777,-3.181797421
4.64,-64.99299546,0.05297663527,0.5960392145,0.3177269729,0,-1.222870816,4.405077119,-3.181798637
4.65,-64.99299956,0.05297661749,0.5960390228,0.3177270777,0,-1.222869235,4.405081427,-3.181799867
4.66,-64.9930037,0.05297659938,0.5960388315,0.3177271822,0,-1.222867633,4.405085701,-3.181801111
4.67,-64.9930079,0.05297658094,0.5960386405,0.3177272864,0,-1.222866009,4.405089941,-3.181802369
4.68,-64.99301213,0.05297656218,0.5960384499,0.3177273902,0,-1.222864363,4.405094146,-3.18180364
4.69,-64.99301642,0.05297654309,0.5960382598,0.3177274938,0,-1.222862697,4.405098318,-3.181804925
4.7,-64.99302075,0.05297652368,0.59603807,0.3177275971,0,-1.222861009,4.405102456,-3.181806224
4.71,-64.99302512,0.05297650395,0.5960378807,0.3177277,0,-1.222859301,4.40510656,-3.181807537
4.72,-64.99302954,0.05297648389,0.5960376917,0.3177278026,0,-1.222857572,4.40511063,-3.181808863
4.73,-64.99303401,0.05297646352,0.5960375032,0.317727905,0,-1.222855822,4.405114667,-3.181810202
4.74,-64.99303852,0.05297644284,0.596037315,0.317728007,0,-1.222854051,4.40511867,-3.181811555
4.75,-64.99304307,0.05297642184,0.5960371273,0.3177281087,0,-1.22285226,4.405122639,-3.18181292
4.76,-64.99304766,0.05297640052,0.5960369399,0.31772821,0,-1.222850449,4.405126575,-3.181814299
4.77,-64.9930523,0.05297637889,0.596036753,0.3177283111,0,-1.222848617,4.405130478,-3.181815691
4.78,-64.99305699,0.05297635696,0.5960365665,0.3177284118,0,-1.222846765,4.405134347,-3.181817096
4.79,-64.99306171,0.05297633472,0.5960363804,0.3177285123,0,-1.222844893,4.405138183,-3.181818514
4.8,-64.99306648,0.05297631217,0.5960361947,0.3177286124,0,-1.222843001,4.405141985,-3.181819945
4.81,-64.99307129,0.05297628931,0.5960360095,0.3177287122,0,-1.22284109,4.405145755,-3.181821388
4.82,-64.99307615,0.05297626615,0.5960358246,0.3177288117,0,-1.222839158,4.405149491,-3.181822845
4.83,-64.99308104,0.05297624269,0.5960356402,0.3177289108,0,-1.222837208,4.405153194,-3.181824313
4.84,-64.99308598,0.05297621893,0.5960354562,0.3177290097,0,-1.222835237,4.405156864,-3.181825795
4.85,-64.99309096,0.05297619488,0.5960352726,0.3177291082,0,-1.222833248,4.405160501,-3.181827288
4.86,-64.99309598,0.05297617052,0.5960350894,0.3177292064,0,-1.222831239,4.405164105,-3.181828794
4.87,-64.99310104,0.05297614588,0.5960349066,0.3177293043,0,-1.222829211,4.405167676,-3.181830313
4.88,-64.99310614,0.05297612093,0.5960347243,0.3177294018,0,-1.222827164,4.405171215,-3.181831843
4.89,-64.99311129,0.0529760957,0.5960345424,0.3177294991,0,-1.222825098,4.405174721,-3.181833386
4.9,-64.99311647,0.05297607018,0.5960343609,0.317729596,0,-1.222823013,4.405178194,-3.181834941
4.91,-64.99312169,0.05297604437,0.5960341798,0.3177296926,0,-1.22282091,4.405181635,-3.181836507
4.92,-64.99312695,0.05297601827,0.5960339992,0.3177297888,0,-1.222818788,4.405185043,-3.181838086
4.93,-64.99313225,0.05297599189,0.596033819,0.3177298848,0,-1.222816648,4.405188418,-3.181839676
4.94,-64.99313759,0.05297596522,0.5960336392,0.3177299804,0,-1.22281449,4.405191762,-3.181841278
4.95,-64.99314297,0.05297593828,0.5960334599,0.3177300757,0,-1.222812313,4.405195073,-3.181842892
4.96,-64.99314839,0.05297591105,0.596033281,0.3177301706,0,-1.222810118,4.405198352,-3.181844518
4.97,-64.99315385,0.05297588354,0.5960331025,0.3177302653,0,-1.222807905,4.405201598,-3.181846154
4.98,-64.99315934,0.05297585576,0.5960329245,0.3177303596,0,-1.222805675,4.405204813,-3.181847803
4.99,-64.99316487,0.0529758277,0.5960327469,0.3177304536,0,-1.222803426,4.405207995,-3.181849462
5,-64.97900378,0.05297579937,0.5960325697,0.3177305472,8.5,-1.222650516,4.410408784,-3.177601133
5.01,-64.89438887,0.05299044799,0.5960300688,0.3177322285,8.5,-1.222759396,4.441547332,-3.152216662
5.02,-64.81032953,0.05302629404,0.5960240942,0.3177362806,8.5,-1.224333839,4.472616849,-3.12699886
5.03,-64.72680915,0.05308235353,0.5960146599,0.3177426907,8.5,-1.227308136,4.503625443,-3.101942745
5.04,-64.64381186,0.05315769702,0.5960017797,0.3177514462,8.5,-1.23162329,4.534580922,-3.077043557
5.05,-64.56132248,0.05325144636,0.5959854666,0.3177625348,8.5,-1.237226342,4.565490824,-3.052296744
5.06,-64.47932646,0.05336277165,0.5959657333,0.3177759447,8.5,-1.24406977,4.596362435,-3.027697937
5.07,-64.3978098,0.05349088841,0.5959425918,0.3177916641,8.5,-1.252110952,4.627202816,-3.00324294
5.08,-64.31675902,0.0536350549,0.5959160537,0.3178096819,8.5,-1.261311697,4.658018823,-2.978927707
5.09,-64.23616112,0.05379456968,0.5958861302,0.317829987,8.5,-1.271637822,4.688817123,-2.954748337
5.1,-64.15600352,0.05396876929,0.5958528317,0.3178525686,8.5,-1.283058781,4.719604212,-2.930701055
5.11,-64.07627401,0.05415702605,0.5958161687,0.3178774162,8.5,-1.295547323,4.75038643,-2.906782203
5.12,-63.99696077,0.05435874609,0.5957761508,0.3179045198,8.5,-1.309079204,4.781169977,-2.88298823
5.13,-63.91805228,0.05457336742,0.5957327874,0.3179338692,8.5,-1.323632913,4.811960922,-2.859315683
5.14,-63.83953732,0.05480035814,0.5956860874,0.3179654549,8.5,-1.339189438,4.842765217,-2.835761197
5.15,-63.76140496,0.05503921483,0.5956360595,0.3179992673,8.5,-1.355732053,4.873588711,-2.812321489
5.16,-63.6836445,0.05528946092,0.5955827116,0.3180352973,8.5,-1.373246128,4.904437152,-2.78899335
5.17,-63.60624546,0.05555064529,0.5955260516,0.3180735358,8.5,-1.391718956,4.935316206,-2.765773638
5.18,-63.52919758,0.05582234088,0.5954660869,0.3181139743,8.5,-1.411139602,4.966231458,-2.742659275
5.19,-63.45249078,0.05610414337,0.5954028244,0.318156604,8.5,-1.431498768,4.997188426,-2.719647235
5.2,-63.37611515,0.05639567002,0.5953362707,0.3182014168,8.5,-1.452788665,5.028192562,-2.696734546
5.21,-63.30006094,0.0566965585,0.5952664322,0.3182484047,8.5,-1.475002906,5.059249266,-2.673918283
5.22,-63.22431853,0.05700646586,0.5951933146,0.3182975598,8.5,-1.498136409,5.090363889,-2.65119556
5.23,-63.14887844,0.05732506749,0.5951169235,0.3183488745,8.5,-1.522185302,5.121541739,-2.628563532
5.24,-63.07373129,0.0576520562,0.5950372641,0.3184023414,8.5,-1.547146851,5.15278809,-2.606019386
5.25,-62.9988678,0.05798714133,0.5949543411,0.3184579534,8.5,-1.573019382,5.184108184,-2.583560341
5.26,-62.92427881,0.05833004795,0.594868159,0.3185157036,8.5,-1.599802221,5.215507237,-2.561183643
5.27,-62.84995521,0.05868051602,0.5947787218,0.3185755852,8.5,-1.627495637,5.246990449,-2.538886563
5.28,-62.77588798,0.0590382997,0.5946860332,0.3186375918,8.5,-1.656100789,5.278563001,-2.516666393
5.29,-62.70206815,0.05940316664,0.5945900966,0.3187017172,8.5,-1.685619681,5.310230066,-2.494520444
5.3,-62.62848681,0.05977489734,0.594490915,0.3187679552,8.5,-1.716055123,5.341996812,-2.472446044
5.31,-62.55513511,0.06015328453,0.594388491,0.3188363,8.5,-1.747410694,5.373868404,-2.450440534
5.32,-62.48200422,0.0605381326,0.5942828268,0.3189067461,8.5,-1.77969071,5.405850013,-2.428501267
5.33,-62.40908535,0.06092925706,0.5941739243,0.3189792881,8.5,-1.812900198,5.437946814,-2.406625605
5.34,-62.33636972,0.061326484,0.5940617851,0.3190539208,8.5,-1.847044869,5.470163997,-2.384810917
5.35,-62.2638486,0.06172964966,0.5939464102,0.3191306394,8.5,-1.8821311,5.502506765,-2.36305458
5.36,-62.19151323,0.06213859994,0.5938278005,0.3192094391,8.5,-1.918165913,5.534980342,-2.34135397
5.37,-62.1193549,0.06255319,0.5937059564,0.3192903155,8.5,-1.955156962,5.567589974,-2.319706469
5.38,-62.04736485,0.06297328383,0.5935808778,0.3193732644,8.5,-1.99311252,5.600340937,-2.298109456
5.39,-61.97553436,0.0633987539,0.5934525643,0.3194582818,8.5,-2.032041467,5.633238534,-2.276560309
5.4,-61.90385467,0.0638294808,0.5933210153,0.3195453639,8.5,-2.071953285,5.666288107,-2.255056401
5.41,-61.832317,0.0642653529,0.5931862295,0.3196345072,8.5,-2.112858047,5.699495034,-2.233595101
5.42,-61.76091257,0.06470626605,0.5930482053,0.3197257085,8.5,-2.154766419,5.732864735,-2.212173771
5.43,-61.68963255,0.06515212326,0.5929069408,0.3198189646,8.5,-2.197689653,5.766402679,-2.190789764
5.44,-61.61846808,0.06560283445,0.5927624336,0.319914273,8.5,-2.24163959,5.800114383,-2.169440423
5.45,-61.54741026,0.06605831618,0.5926146809,0.320011631,8.5,-2.286628659,5.834005418,-2.148123079
5.46,-61.47645016,0.06651849142,0.5924636793,0.3201110363,8.5,-2.33266988,5.868081412,-2.126835049
5.47,-61.40557879,0.06698328927,0.5923094254,0.320212487,8.5,-2.379776871,5.902348057,-2.105573636
5.48,-61.33478709,0.06745264483,0.5921519148,0.3203159813,8.5,-2.42796385,5.936811108,-2.084336127
5.49,-61.26406596,0.06792649893,0.5919911432,0.3204215177,8.5,-2.477245647,5.971476392,-2.063119789
5.5,-61.19340624,0.06840479796,0.5918271054,0.320529095,8.5,-2.527637709,6.006349807,-2.041921872
5.51,-61.12279868,0.06888749373,0.591659796,0.3206387122,8.5,-2.579156111,6.041437331,-2.020739603
5.52,-61.05223395,0.06937454326,0.591489209,0.3207503687,8.5,-2.631817569,6.076745023,-1.999570186
5.53,-60.98170267,0.06986590863,0.591315338,0.3208640642,8.5,-2.685639454,6.112279029,-1.978410802
5.54,-60.91119535,0.07036155688,0.5911381761,0.3209797984,8.5,-2.740639803,6.148045584,-1.957258606
5.55,-60.84070241,0.07086145985,0.5909577158,0.3210975716,8.5,-2.796837335,6.184051022,-1.936110723
5.56,-60.77021417,0.07136559406,0.5907739493,0.3212173843,8.5,-2.854251472,6.220301773,-1.914964251
5.57,-60.69972085,0.07187394058,0.5905868679,0.3213392372,8.5,-2.912902354,6.256804374,-1.893816256
5.58,-60.62921257,0.07238648498,0.5903964628,0.3214631316,8.5,-2.97281086,6.293565472,-1.872663771
5.59,-60.55867932,0.07290321718,0.5902027244,0.3215890686,8.5,-3.033998627,6.330591827,-1.851503795
5.6,-60.48811096,0.0734241314,0.5900056426,0.3217170502,8.5,-3.096488079,6.36789032,-1.830333288
5.61,-60.41749725,0.07394922606,0.5898052067,0.3218470784,8.5,-3.160302441,6.405467958,-1.809149176
5.62,-60.3468278,0.07447850372,0.5896014055,0.3219791555,8.5,-3.225465776,6.443331877,-1.787948341
5.63,-60.27609207,0.07501197102,0.5893942271,0.3221132842,8.5,-3.292003003,6.48148935,-1.766727622
5.64,-60.20527939,0.07554963863,0.589183659,0.3222494676,8.5,-3.359939931,6.519947794,-1.745483817
5.65,-60.13437892,0.07609152116,0.5889696882,0.3223877092,8.5,-3.429303288,6.558714772,-1.724213675
5.66,-60.06337965,0.0766376372,0.5887523009,0.3225280126,8.5,-3.500120753,6.597798004,-1.702913896
5.67,-59.99227043,0.07718800919,0.5885314828,0.3226703821,8.5,-3.572420989,6.637205371,-1.68158113
5.68,-59.92103991,0.07774266348,0.5883072187,0.3228148221,8.5,-3.646233681,6.67694492,-1.660211972
5.69,-59.84967654,0.07830163024,0.5880794929,0.3229613376,8.5,-3.721589572,6.717024875,-1.638802962
5.7,-59.77816861,0.07886494348,0.5878482889,0.3231099338,8.5,-3.798520504,6.757453644,-1.617350583
5.71,-59.70650418,0.07943264106,0.5876135895,0.3232606164,8.5,-3.877059459,6.798239822,-1.595851254
5.72,-59.63467111,0.08000476462,0.5873753768,0.3234133916,8.5,-3.957240601,6.839392203,-1.574301332
5.73,-59.56265703,0.08058135965,0.5871336321,0.3235682657,8.5,-4.039099326,6.880919787,-1.552697108
5.74,-59.49044934,0.08116247549,0.5868883357,0.3237252458,8.5,-4.122672311,6.922831791,-1.531034801
5.75,-59.4180352,0.08174816531,0.5866394675,0.3238843393,8.5,-4.207997559,6.965137652,-1.50931056
5.76,-59.34540152,0.08233848616,0.5863870062,0.3240455539,8.5,-4.295114461,7.007847041,-1.487520456
5.77,-59.27253494,0.08293349901,0.5861309297,0.3242088981,8.5,-4.384063846,7.050969874,-1.465660483
5.78,-59.19942184,0.08353326874,0.5858712152,0.3243743804,8.5,-4.474888044,7.094516314,-1.443726552
5.79,-59.12604829,0.08413786423,0.5856078389,0.3245420103,8.5,-4.567630951,7.138496793,-1.421714487
5.8,-59.05240008,0.0847473584,0.5853407759,0.3247117974,8.5,-4.662338088,7.182922013,-1.399620023
5.81,-58.97846267,0.08536182821,0.5850700005,0.324883752,8.5,-4.759056677,7.227802962,-1.377438802
5.82,-58.90422122,0.08598135479,0.5847954859,0.3250578849,8.5,-4.857835711,7.273150925,-1.355166366
5.83,-58.82966053,0.08660602348,0.5845172045,0.3252342074,8.5,-4.958726031,7.318977498,-1.332798158
5.84,-58.75476504,0.08723592388,0.5842351272,0.3254127315,8.5,-5.061780408,7.365294598,-1.310329513
5.85,-58.67951885,0.08787114997,0.5839492243,0.3255934695,8.5,-5.167053628,7.41211448,-1.287755655
5.86,-58.60390565,0.08851180017,0.5836594645,0.3257764345,8.5,-5.274602581,7.459449749,-1.265071694
5.87,-58.52790872,0.08915797745,0.5833658157,0.3259616402,8.5,-5.384486357,7.507313373,-1.242272617
5.88,-58.45151095,0.08980978941,0.5830682444,0.3261491009,8.5,-5.496766343,7.555718706,-1.219353286
5.89,-58.37469477,0.09046734843,0.5827667159,0.3263388313,8.5,-5.611506332,7.604679495,-1.196308432
5.9,-58.29744216,0.09113077174,0.5824611941,0.3265308472,8.5,-5.728772632,7.654209903,-1.173132649
5.91,-58.21973462,0.09180018159,0.5821516418,0.3267251648,8.5,-5.848634181,7.704324528,-1.149820386
5.92,-58.14155314,0.09247570534,0.5818380201,0.3269218009,8.5,-5.971162674,7.755038417,-1.126365943
5.93,-58.06287822,0.09315747565,0.581520289,0.3271207733,8.5,-6.096432692,7.80636709,-1.102763466
5.94,-57.98368978,0.0938456306,0.5811984068,0.3273221005,8.5,-6.224521839,7.858326558,-1.079006935
5.95,-57.9039672,0.09454031387,0.5808723302,0.3275258016,8.5,-6.355510889,7.910933347,-1.05509016
5.96,-57.82368925,0.0952416749,0.5805420146,0.3277318965,8.5,-6.489483936,7.96420452,-1.031006776
5.97,-57.74283409,0.09594986909,0.5802074134,0.3279404062,8.5,-6.626528563,8.018157703,-1.006750227
5.98,-57.66137922,0.09666505796,0.5798684785,0.3281513522,8.5,-6.766736007,8.072811107,-0.9823137664
5.99,-57.57930148,0.09738740942,0.5795251599,0.3283647572,8.5,-6.910201345,8.128183558,-0.957690443
6,-57.49657698,0.0981170979,0.5791774059,0.3285806445,8.5,-7.057023688,8.184294523,-0.9328730927
6.01,-57.48379705,0.09884429649,0.5788268641,0.3287980356,0,-7.209875568,8.211352258,-0.9290391147
6.02,-57.48387145,0.09954972599,0.5784768696,0.3290149623,0,-7.360897195,8.233012304,-0.9290614351
6.03,-57.4826702,0.100234487,0.5781273432,0.3292314716,0,-7.509218127,8.255212827,-0.9287010598
6.04,-57.48022912,0.1008996366,0.5777782088,0.3294476088,0,-7.654904799,8.277947259,-0.9279687364
6.05,-57.47658317,0.1015461909,0.5774293924,0.3296634179,0,-7.798029879,8.301209141,-0.926874952
6.06,-57.47176639,0.1021751264,0.5770808224,0.3298789417,0,-7.938671405,8.324992158,-0.9254299175
6.07,-57.46581185,0.1027873815,0.5767324295,0.3300942216,0,-8.076911989,8.349290173,-0.9236435536
6.08,-57.4587516,0.1033838575,0.576384146,0.3303092976,0,-8.212838101,8.374097245,-0.9215254798
6.09,-57.45061668,0.1039654198,0.5760359067,0.3305242088,0,-8.346539404,8.39940766,-0.9190850054
6.1,-57.44143707,0.1045328992,0.5756876479,0.3307389929,0,-8.478108167,8.425215949,-0.9163311224
6.11,-57.43124167,0.1050870936,0.575339308,0.3309536868,0,-8.607638723,8.451516903,-0.9132725003
6.12,-57.42005827,0.1056287684,0.5749908269,0.3311683259,0,-8.735226988,8.478305594,-0.9099174823
6.13,-57.40791361,0.1061586585,0.5746421466,0.3313829449,0,-8.860970034,8.505577389,-0.9062740831
6.14,-57.39483329,0.1066774689,0.5742932101,0.3315975775,0,-8.984965704,8.533327956,-0.9023499881
6.15,-57.38084184,0.1071858761,0.5739439626,0.3318122563,0,-9.107312277,8.561553281,-0.8981525533
6.16,-57.36596269,0.1076845294,0.5735943501,0.3320270131,0,-9.228108169,8.590249675,-0.8936888063
6.17,-57.35021816,0.1081740517,0.5732443205,0.3322418788,0,-9.347451676,8.619413781,-0.8889654486
6.18,-57.33362953,0.108655041,0.5728938227,0.3324568836,0,-9.465440752,8.649042577,-0.883988858
6.19,-57.31621697,0.109128071,0.572542807,0.3326720568,0,-9.582172817,8.679133391,-0.8787650921
6.2,-57.29799964,0.1095936924,0.5721912247,0.3328874271,0,-9.697744598,8.709683895,-0.8732998918
6.21,-57.27899562,0.1100524339,0.5718390284,0.3331030223,0,-9.812251992,8.740692116,-0.8675986861
6.22,-57.25922199,0.1105048032,0.5714861715,0.3333188698,0,-9.925789961,8.772156433,-0.8616665964
6.23,-57.2386948,0.1109512879,0.5711326086,0.3335349962,0,-10.03845244,8.804075585,-0.8555084413
6.24,-57.21742914,0.1113923564,0.570778295,0.3337514276,0,-10.15033228,8.836448671,-0.8491287422
6.25,-57.19543909,0.111828459,0.570423187,0.3339681896,0,-10.26152118,8.86927515,-0.8425317284
6.26,-57.17273781,0.1122600285,0.5700672416,0.3341853073,0,-10.37210969,8.902554845,-0.8357213423
6.27,-57.14933748,0.1126874811,0.5697104165,0.3344028051,0,-10.48218715,8.93628794,-0.828701245
6.28,-57.12524941,0.1131112174,0.5693526701,0.3346207073,0,-10.59184176,8.970474986,-0.8214748222
6.29,-57.10048396,0.1135316231,0.5689939613,0.3348390376,0,-10.70116048,9.005116898,-0.8140451891
6.3,-57.07505065,0.1139490697,0.5686342496,0.3350578193,0,-10.81022917,9.04021496,-0.8064151958
6.31,-57.04895811,0.1143639154,0.5682734951,0.3352770756,0,-10.91913255,9.075770819,-0.7985874331
6.32,-57.02221412,0.1147765055,0.5679116582,0.3354968292,0,-11.02795424,9.111786494,-0.7905642374
6.33,-56.99482565,0.1151871734,0.5675486997,0.3357171026,0,-11.13677685,9.148264369,-0.7823476955
6.34,-56.96679883,0.1155962412,0.5671845806,0.3359379179,0,-11.24568201,9.185207203,-0.7739396499
6.35,-56.93813901,0.1160040204,0.5668192625,0.3361592973,0,-11.35475041,9.222618123,-0.7653417032
6.36,-56.90885074,0.1164108123,0.566452707,0.3363812625,0,-11.46406192,9.260500631,-0.7565552227
6.37,-56.87893782,0.1168169088,0.5660848757,0.3366038353,0,-11.57369561,9.298858605,-0.7475813446
6.38,-56.84840326,0.1172225929,0.5657157307,0.3368270371,0,-11.68372989,9.337696301,-0.738420978
6.39,-56.81724936,0.1176281393,0.565345234,0.3370508896,0,-11.79424251,9.377018355,-0.7290748088
6.4,-56.78547768,0.118033815,0.5649733475,0.337275414,0,-11.90531072,9.416829785,-0.7195433031
6.41,-56.75308904,0.1184398798,0.5646000332,0.3375006318,0,-12.01701132,9.457135999,-0.7098267107
6.42,-56.72008356,0.1188465867,0.564225253,0.3377265643,0,-12.12942077,9.497942796,-0.6999250675
6.43,-56.68646066,0.1192541824,0.5638489688,0.3379532327,0,-12.24261527,9.539256367,-0.6898381992
6.44,-56.65221908,0.119662908,0.5634711422,0.3381806586,0,-12.35667088,9.581083307,-0.6795657226
6.45,-56.61735683,0.1200729994,0.5630917346,0.3384088634,0,-12.47166361,9.623430615,-0.6691070486
6.46,-56.58187128,0.1204846875,0.5627107072,0.3386378685,0,-12.58766951,9.666305703,-0.6584613838
6.47,-56.54575911,0.1208981987,0.5623280207,0.3388676957,0,-12.70476481,9.7097164,-0.6476277315
6.48,-56.50901631,0.1213137559,0.5619436359,0.3390983668,0,-12.823026,9.753670962,-0.6366048939
6.49,-56.47163824,0.1217315779,0.5615575126,0.3393299036,0,-12.94252996,9.798178078,-0.6253914722
6.5,-56.43361956,0.1221518809,0.5611696107,0.3395623284,0,-13.06335406,9.843246878,-0.6139858674
6.51,-56.39495427,0.1225748778,0.5607798893,0.3397956635,0,-13.1855763,9.888886945,-0.6023862809
6.52,-56.35563571,0.1230007797,0.560388307,0.3400299315,0,-13.30927541,9.935108321,-0.5905907139
6.53,-56.31565656,0.1234297953,0.5599948219,0.3402651552,0,-13.43453098,9.981921523,-0.5785969675
6.54,-56.27500881,0.1238621319,0.5595993914,0.3405013579,0,-13.5614236,10.02933755,-0.5664026416
6.55,-56.23368378,0.1242979955,0.5592019723,0.3407385629,0,-13.69003496,10.07736789,-0.554005134
6.56,-56.19167213,0.1247375913,0.5588025204,0.3409767942,0,-13.82044803,10.12602455,-0.5414016389
6.57,-56.14896382,0.1251811238,0.5584009912,0.3412160758,0,-13.95274713,10.17532006,-0.528589145
6.58,-56.10554811,0.1256287974,0.5579973388,0.3414564323,0,-14.08701815,10.22526747,-0.5155644337
6.59,-56.06141359,0.1260808168,0.5575915168,0.3416978889,0,-14.22334864,10.27588042,-0.5023240761
6.6,-56.0165481,0.126537387,0.5571834777,0.3419404708,0,-14.36182799,10.32717309,-0.4888644301
6.61,-55.97093879,0.126998714,0.5567731731,0.3421842041,0,-14.50254757,10.37916025,-0.4751816374
6.62,-55.92457207,0.1274650049,0.5563605534,0.3424291152,0,-14.6456009,10.43185729,-0.4612716196
6.63,-55.87743358,0.1279364684,0.555945568,0.3426752311,0,-14.79108382,10.48528025,-0.4471300739
6.64,-55.82950823,0.128413315,0.5555281651,0.3429225793,0,-14.93909465,10.53944577,-0.4327524685
6.65,-55.78078013,0.1288957575,0.5551082916,0.3431711879,0,-15.08973439,10.59437121,-0.4181340377
6.66,-55.73123259,0.1293840112,0.5546858932,0.3434210858,0,-15.2431069,10.65007462,-0.4032697762
6.67,-55.68084811,0.1298782942,0.5542609141,0.3436723023,0,-15.39931909,10.70657475,-0.3881544335
6.68,-55.62960836,0.1303788281,0.5538332971,0.3439248676,0,-15.55848114,10.76389114,-0.3727825067
6.69,-55.57749411,0.1308858379,0.5534029836,0.3441788125,0,-15.72070669,10.82204409,-0.3571482339
6.7,-55.52448529,0.1313995526,0.5529699133,0.3444341687,0,-15.88611311,10.88105472,-0.3412455869
6.71,-55.47056087,0.1319202056,0.5525340243,0.3446909686,0,-16.05482168,10.94094499,-0.3250682623
6.72,-55.41569891,0.1324480349,0.5520952528,0.3449492455,0,-16.22695786,11.00173776,-0.3086096734
6.73,-55.35987647,0.1329832836,0.5516535334,0.3452090335,0,-16.40265157,11.06345679,-0.2918629406
6.74,-55.3030696,0.1335262004,0.5512087986,0.3454703677,0,-16.58203744,11.1261268,-0.2748208813
6.75,-55.24525333,0.1340770398,0.550760979,0.3457332841,0,-16.76525507,11.18977353,-0.2574759994
6.76,-55.18640158,0.1346360624,0.5503100032,0.3459978197,0,-16.95244941,11.25442375,-0.2398204736
6.77,-55.12648715,0.135203536,0.5498557972,0.3462640128,0,-17.14377098,11.32010531,-0.2218461456
6.78,-55.06548169,0.135779735,0.5493982852,0.3465319024,0,-17.3393763,11.38684721,-0.2035445068
6.79,-55.00335561,0.1363649417,0.5489373887,0.3468015289,0,-17.53942817,11.45467966,-0.1849066844
6.8,-54.94007809,0.1369594466,0.5484730266,0.3470729339,0,-17.74409609,11.52363409,-0.1659234271
6.81,-54.87561696,0.1375635484,0.5480051154,0.3473461602,0,-17.95355666,11.59374326,-0.1465850892
6.82,-54.80993871,0.1381775552,0.5475335686,0.347621252,0,-18.16799395,11.66504129,-0.1268816137
6.83,-54.74300838,0.1388017846,0.547058297,0.3478982548,0,-18.38760002,11.73756374,-0.106802515
6.84,-54.67478953,0.1394365643,0.5465792081,0.3481772156,0,-18.61257535,11.81134769,-0.08633685991
6.85,-54.60524416,0.1400822328,0.5460962063,0.3484581827,0,-18.84312934,11.88643178,-0.06547324754
6.86,-54.53433263,0.1407391399,0.5456091928,0.3487412064,0,-19.07948088,11.96285634,-0.04419978807
6.87,-54.4620136,0.1414076476,0.545118065,0.3490263382,0,-19.32185889,12.04066343,-0.02250408012
6.88,-54.38824396,0.1420881301,0.544622717,0.3493136316,0,-19.57050295,12.11989696,-0.0003731866745
6.89,-54.3129787,0.1427809752,0.5441230385,0.3496031419,0,-19.82566391,12.20060278,0.02220639054
6.9,-54.23617087,0.1434865849,0.5436189156,0.3498949262,0,-20.08760465,12.28282876,0.04524873829
6.91,-54.15777146,0.1442053756,0.5431102299,0.3501890436,0,-20.35660075,12.36662494,0.06876856078
6.92,-54.0777293,0.1449377798,0.5425968585,0.3504855553,0,-20.6329413,12.45204362,0.0927812105
6.93,-53.99599093,0.1456842461,0.5420786739,0.3507845246,0,-20.91692977,12.53913947,0.1173027211
6.94,-53.91250053,0.1464452408,0.5415555434,0.3510860172,0,-21.20888487,12.62796972,0.1423498421
6.95,-53.82719974,0.1472212482,0.5410273294,0.3513901012,0,-21.50914154,12.71859421,0.1679400767
6.96,-53.7400276,0.1480127723,0.5404938885,0.3516968471,0,-21.81805197,12.81107565,0.1940917205
6.97,-53.65092032,0.1488203371,0.5399550717,0.3520063281,0,-22.13598672,12.9054797,0.2208239049
6.98,-53.5598112,0.1496444886,0.5394107239,0.3523186201,0,-22.46333591,13.00187515,0.2481566412
6.99,-53.46663044,0.150485795,0.5388606833,0.352633802,0,-22.80051047,13.10033417,0.2761108693
7,-53.37130497,0.1513448489,0.5383047816,0.3529519557,0,-23.14794355,13.20093243,0.304708509
7.01,-53.27375828,0.1522222679,0.5377428432,0.3532731662,0,-23.50609196,13.30374936,0.3339725146
7.02,-53.17391022,0.1531186964,0.537174685,0.3535975222,0,-23.87543776,13.40886835,0.3639269337
7.03,-53.07167677,0.1540348072,0.5366001158,0.3539251155,0,-24.25649,13.51637703,0.3945969698
7.04,-52.96696984,0.1549713028,0.5360189361,0.3542560421,0,-24.64978653,13.62636748,0.4260090493
7.05,-52.85969702,0.1559289172,0.5354309373,0.3545904015,0,-25.05589597,13.73893658,0.4581908934
7.06,-52.74976135,0.1569084179,0.5348359015,0.3549282976,0,-25.47541988,13.85418625,0.4911715944
7.07,-52.637061,0.1579106078,0.5342336007,0.3552698387,0,-25.90899507,13.97222382,0.5249816985
7.08,-52.52148902,0.1589363268,0.5336237961,0.3556151377,0,-26.35729607,14.09316236,0.5596532939
7.09,-52.40293298,0.1599864549,0.5330062379,0.3559643121,0,-26.82103784,14.21712106,0.5952201052
7.1,-52.28127468,0.1610619137,0.5323806643,0.3563174849,0,-27.30097872,14.34422567,0.6317175952
7.11,-52.15638975,0.1621636693,0.5317468006,0.3566747844,0,-27.79792355,14.47460888,0.669183074
7.12,-52.02814728,0.1632927352,0.5311043588,0.3570363445,0,-28.31272712,14.60841087,0.7076558161
7.13,-51.89640938,0.1644501747,0.5304530365,0.3574023056,0,-28.8462979,14.74577979,0.7471771867
7.14,-51.76103074,0.1656371044,0.529792516,0.3577728141,0,-29.39960204,14.88687231,0.7877907775
7.15,-51.62185816,0.1668546973,0.5291224634,0.3581480234,0,-29.9736678,15.03185424,0.8295425526
7.16,-51.47872998,0.1681041865,0.5284425273,0.3585280942,0,-30.56959027,15.1809012,0.8724810066
7.17,-51.33147555,0.1693868687,0.5277523379,0.3589131949,0,-31.1885366,15.33419932,0.9166573338
7.18,-51.17991463,0.1707041088,0.5270515057,0.3593035019,0,-31.83175159,15.49194601,0.9621256121
7.19,-51.02385666,0.172057344,0.5263396202,0.3596992004,0,-32.50056389,15.65435083,1.008943001
7.2,-50.86310015,0.1734480883,0.5256162479,0.3601004848,0,-33.19639265,15.82163637,1.057169956
7.21,-50.6974318,0.1748779381,0.5248809318,0.3605075593,0,-33.92075488,15.99403929,1.106870459
7.22,-50.52662577,0.1763485775,0.5241331886,0.3609206385,0,-34.67527342,16.1718114,1.15811227
7.23,-50.35044268,0.1778617839,0.5233725074,0.3613399483,0,-35.46168564,16.35522083,1.210967197
7.24,-50.16862869,0.1794194348,0.5225983477,0.3617657263,0,-36.28185301,16.54455337,1.265511394
7.25,-49.98091441,0.1810235146,0.5218101371,0.3621982228,0,-37.1377715,16.74011387,1.321825676
7.26,-49.78701378,0.1826761217,0.5210072689,0.3626377018,0,-38.03158305,16.94222782,1.379995865
7.27,-49.58662276,0.1843794771,0.5201890996,0.3630844416,0,-38.96558807,17.15124305,1.440113172
7.28,-49.379418,0.1861359325,0.519354946,0.3635387362,0,-39.94225916,17.36753164,1.5022746
7.29,-49.16505536,0.1879479802,0.5185040826,0.364000896,0,-40.96425618,17.59149194,1.566583391
7.3,-48.94316829,0.1898182628,0.5176357374,0.3644712495,0,-42.03444277,17.82355089,1.633149513
7.31,-48.71336606,0.1917495847,0.5167490893,0.3649501439,0,-43.15590447,18.06416653,1.702090183
7.32,-48.47523184,0.1937449237,0.5158432634,0.3654379474,0,-44.33196873,18.31383072,1.773530447
7.33,-48.22832065,0.195807444,0.5149173274,0.3659350498,0,-45.56622676,18.57307223,1.847603804
7.34,-47.97215702,0.1979405107,0.5139702864,0.366441865,0,-46.86255765,18.84246013,1.924452893
7.35,-47.70623253,0.2001477044,0.5130010781,0.3669588322,0,-48.22515488,19.1226075,2.004230241
7.36,-47.43000308,0.2024328381,0.5120085674,0.3674864184,0,-49.65855544,19.41417555,2.087099077
7.37,-47.1428859,0.2047999754,0.5109915403,0.3680251202,0,-51.16767195,19.71787828,2.17323423
7.38,-46.84425633,0.2072534498,0.5099486976,0.3685754663,0,-52.75782786,20.03448754,2.262823101
7.39,-46.53344421,0.2097978864,0.5088786477,0.3691380201,0,-54.43479626,20.36483872,2.356066736
7.4,-46.20973003,0.2124382244,0.507779899,0.3697133826,0,-56.20484254,20.70983706,2.453180992
7.41,-45.87234061,0.215179743,0.5066508522,0.3703021955,0,-58.07477114,21.07046473,2.554397818
7.42,-45.52044448,0.2180280882,0.5054897911,0.3709051447,0,-60.05197702,21.44778866,2.659966656
7.43,-45.15314676,0.2209893031,0.5042948731,0.3715229637,0,-62.14450191,21.84296939,2.770155971
7.44,-44.76948356,0.2240698599,0.5030641198,0.372156438,0,-64.361096,22.25727083,2.885254933
7.45,-44.36841585,0.227276695,0.501795406,0.3728064097,0,-66.71128523,22.69207137,3.005575245
7.46,-43.94882284,0.2306172472,0.5004864489,0.3734737821,0,-69.20544464,23.14887617,3.131453149
7.47,-43.50949462,0.2340994991,0.4991347965,0.3741595256,0,-71.85487798,23.62933107,3.263251614
7.48,-43.04912427,0.2377320214,0.4977378163,0.3748646832,0,-74.67190376,24.13523813,3.40136272
7.49,-42.56629915,0.2415240215,0.4962926838,0.3755903773,0,-77.66994791,24.6685732,3.546210255
7.5,-42.05949156,0.2454853949,0.494796371,0.3763378168,0,-80.86364262,25.23150558,3.698252532
7.51,-41.52704851,0.2496267811,0.4932456366,0.377108305,0,-84.26893124,25.82642024,3.857985447
7.52,-40.96718077,0.2539596228,0.4916370176,0.3779032483,0,-87.90317808,26.45594283,4.02594577
7.53,-40.37795104,0.2584962288,0.4899668229,0.3787241653,0,-91.78528183,27.12296778,4.202714689
7.54,-39.75726136,0.2632498407,0.4882311311,0.3795726976,0,-95.93579047,27.83069012,4.388921593
7.55,-39.10283972,0.2682347018,0.4864257932,0.3804506206,0,-100.3770144,28.58264114,4.585248084
7.56,-38.41222601,0.2734661286,0.484546442,0.3813598557,0,-105.1331332,29.3827287,4.792432198
7.57,-37.68275738,0.2789605833,0.4825885113,0.3823024835,0,-110.2302902,30.23528246,5.011272786
7.58,-36.91155336,0.2847357453,0.4805472663,0.3832807579,0,-115.6966657,31.14510473,5.242633991
7.59,-36.09550092,0.2908105798,0.4784178499,0.3842971213,0,-121.5625173,32.11752747,5.487449725
7.6,-35.23123997,0.2972054003,0.4761953463,0.3853542202,0,-127.8601734,33.15847598,5.746728009
7.61,-34.31515009,0.3039419205,0.4738748682,0.3864549223,0,-134.6239566,34.27453984,6.021554973
7.62,-33.3433391,0.31104329,0.471451669,0.3876023339,0,-141.8900137,35.47305153,6.313098269
7.63,-32.31163493,0.3185341067,0.4689212838,0.3887998169,0,-149.6960158,36.76217296,6.622609521
7.64,-31.21558214,0.3264403961,0.4662797013,0.390051007,0,-158.0806838,38.15098993,6.951425357
7.65,-30.05044537,0.3347895467,0.4635235648,0.3913598299,0,-167.0830846,39.64961404,7.300966389
7.66,-28.81122218,0.3436101849,0.4606503992,0.3927305165,0,-176.7416256,41.26929098,7.672733345
7.67,-27.49266897,0.3529319747,0.4576588545,0.3941676156,0,-187.0926611,43.0225131,8.068299309
7.68,-26.08934414,0.3627853178,0.4545489514,0.3956760022,0,-198.1686061,44.92313299,8.489296759
7.69,-24.5956741,0.3732009339,0.4513223098,0.3972608808,0,-209.9954363,46.98647277,8.937397771
7.7,-23.00604865,0.3842092914,0.4479823325,0.3989277802,0,-222.5894447,49.2294216,9.414285405
7.71,-21.31495363,0.3958398642,0.4445343183,0.4006825388,0,-235.9531238,51.67051067,9.921613912
7.72,-19.51714962,0.4081201872,0.4409854743,0.4025312757,0,-250.0700717,54.32995115,10.46095511
7.73,-17.60790626,0.4210746902,0.4373448103,0.4044803463,0,-264.8988808,57.22961613,11.03372812
7.74,-15.58330102,0.4347233011,0.4336229033,0.4065362765,0,-280.366092,60.39294269,11.64110969
7.75,-13.4405897,0.4490798239,0.4298315422,0.4087056733,0,-296.3584879,63.84472565,12.28392309
7.76,-11.17865103,0.464150124,0.4259832797,0.4109951081,0,-312.715284,67.61077125,12.96250469
7.77,-8.798500571,0.4799301846,0.4220909313,0.4134109684,0,-329.2211398,71.717378,13.67654983
7.78,-6.303857098,0.4964041361,0.4181670746,0.4159592789,0,-345.6013278,76.19061638,14.42494287
7.79,-3.701729477,0.513542401,0.4142235984,0.4186454898,0,-361.5207899,81.05538923,15.20558116
7.8,-1.002973082,0.5313001332,0.4102713428,0.4214742394,0,-376.5890571,86.33427485,16.01520808
7.81,1.777254437,0.5496161559,0.4063198572,0.4244490949,0,-390.3729327,92.04618401,16.84927633
7.82,4.619224229,0.5684126019,0.4023772797,0.4275722878,0,-402.4182846,98.20490086,17.70186727
7.83,7.498647242,0.5875954381,0.3984503298,0.4308444578,0,-412.2811095,104.8176214,18.56569417
7.84,10.38704985,0.6070559953,0.3945443901,0.4342644282,0,-419.5662672,111.8836446,19.43221495
7.85,13.25257031,0.6266735369,0.3906636483,0.4378290354,0,-423.9701516,119.393399,20.29187109
7.86,16.06118273,0.6463187866,0.3868112704,0.4415330364,0,-425.3215701,127.3279902,21.13445482
7.87,18.77828911,0.6658582195,0.3829895828,0.4453691142,0,-423.6138986,135.6594211,21.94958673
7.88,21.37054965,0.6851588099,0.3792002428,0.4493279916,0,-419.0217844,144.3515651,22.7272649
7.89,23.80776267,0.7040928584,0.3754443897,0.4533986563,0,-411.8976178,153.3618687,23.4584288
7.9,26.06457524,0.7225424917,0.3717227707,0.4575686837,0,-402.7464563,162.6436425,24.13547257
7.91,28.12181617,0.7404034659,0.3680358411,0.4618246363,0,-392.1822709,172.1486986,24.75264485
7.92,29.96729428,0.7575879871,0.364383842,0.4661525051,0,-380.8721405,181.8300262,25.30628828
7.93,31.59598779,0.774026391,0.360766859,0.4705381575,0,-369.4772476,191.644196,25.79489634
7.94,33.00964416,0.7896676627,0.3571848652,0.4749677548,0,-358.5996247,201.5532325,26.21899325
7.95,34.21589329,0.8044789028,0.3536377531,0.4794281119,0,-348.7416797,211.5257964,26.58086799
7.96,35.22703221,0.8184439427,0.3501253568,0.4839069768,0,-340.2823144,221.5376344,26.88420966
7.97,36.05865946,0.8315613607,0.3466474688,0.4883932238,0,-333.4699611,231.5713628,27.13369784
7.98,36.72832383,0.8438421586,0.3432038519,0.4928769601,0,-328.4300096,241.6157317,27.33459715
7.99,37.25431517,0.8553073335,0.339794247,0.4973495562,0,-325.1823985,251.6645541,27.49239455
8,37.6546772,0.8659855261,0.3364183801,0.5018036143,0,-323.6646815,261.7154836,27.61250316
8.01,37.94647553,0.8759108781,0.3330759662,0.5062328918,0,-323.7563954,271.7688009,27.70004266
8.02,38.14531581,0.8851211697,0.3297667129,0.5106321947,0,-325.3016259,281.8263189,27.75969474
8.03,38.2650815,0.8936562701,0.3264903227,0.5149972567,0,-328.1278986,291.8904762,27.79562445
8.04,38.31784698,0.9015568943,0.3232464951,0.5193246147,0,-332.0606225,301.9636431,27.81145409
8.05,38.31391882,0.908863645,0.3200349278,0.5236114874,0,-336.9331319,312.0476353,27.81027565
8.06,38.26196126,0.9156162992,0.3168553178,0.5278556649,0,-342.5928779,322.143411,27.79468838
8.07,38.16916935,0.9218533013,0.3137073625,0.5320554094,0,-348.9045565,332.2509163,27.76685081
8.08,38.04146199,0.9276114227,0.3105907599,0.53620937,0,-355.751,342.3690423,27.7285386
8.09,37.88367517,0.9329255495,0.3075052093,0.5403165106,0,-363.0325719,352.495661,27.68120255
8.1,37.69974315,0.9378285696,0.304450412,0.5443760503,0,-370.6656734,362.6277097,27.62602294
8.11,37.49286064,0.9423513331,0.301426071,0.5483874139,0,-378.5808095,372.7613039,27.56395819
8.12,37.26562315,0.9465226643,0.2984318915,0.5523501931,0,-386.7205299,382.8918601,27.49578694
8.13,37.02014536,0.9503694104,0.2954675814,0.5562641137,0,-395.0374414,393.0142197,27.42214361
8.14,36.75815896,0.9539165155,0.2925328509,0.5601290114,0,-403.4924043,403.1227651,27.34354769
8.15,36.48109219,0.9571871094,0.2896274127,0.5639448108,0,-412.0529626,413.2115258,27.26042766
8.16,36.1901337,0.9602026051,0.2867509823,0.56771151,0,-420.69202,423.2742716,27.17314011
8.17,35.88628337,0.9629828008,0.2839032781,0.5714291677,0,-429.3867497,433.3045938,27.08198501
8.18,35.5703923,0.9655459826,0.2810840211,0.5750978933,0,-438.1177124,443.2959741,26.98721769
8.19,35.2431943,0.9679090256,0.278292935,0.5787178389,0,-446.8681531,453.2418431,26.88905829
8.2,34.90533036,0.9700874918,0.2755297465,0.5822891926,0,-455.6234474,463.1356293,26.78769911
8.21,34.55736778,0.9720957236,0.2727941849,0.5858121737,0,-464.3706689,472.9707996,26.68331034
8.22,34.19981506,0.9739469333,0.2700859826,0.5892870281,0,-473.0982535,482.7408937,26.57604452
8.23,33.83313342,0.9756532872,0.2674048747,0.592714025,0,-481.795741,492.4395519,26.46604003
8.24,33.45774583,0.9772259841,0.2647505989,0.5960934541,0,-490.453576,502.0605387,26.35342375
8.25,33.07404399,0.9786753295,0.262122896,0.5994256229,0,-499.0629548,511.5977621,26.2383132
8.26,32.68239385,0.9800108042,0.2595215095,0.6027108548,0,-507.6157093,521.0452895,26.12081816
8.27,32.28313987,0.9812411285,0.2569461856,0.6059494873,0,-516.1042167,530.3973612,26.00104196
8.28,31.87660839,0.9823743214,0.2543966734,0.6091418704,0,-524.5213306,539.648401,25.87908252
8.29,31.46311029,0.9834177557,0.2518727247,0.6122883653,0,-532.8603282,548.7930252,25.75503309
8.3,31.04294312,0.9843782089,0.249374094,0.6153893431,0,-541.1148692,557.8260497,25.62898294
8.31,30.61639273,0.9852619103,0.2469005388,0.6184451838,0,-549.2789633,566.7424959,25.50101782
8.32,30.18373459,0.9860745843,0.2444518191,0.6214562755,0,-557.3469455,575.5375948,25.37122038
8.33,29.74523491,0.9868214908,0.2420276975,0.6244230131,0,-565.3134558,584.2067903,25.23967047
8.34,29.30115143,0.9875074618,0.2396279397,0.6273457979,0,-573.1734232,592.7457418,25.10644543
8.35,28.85173414,0.9881369355,0.2372523137,0.6302250365,0,-580.9220523,601.1503253,24.97162024
8.36,28.39722584,0.9887139878,0.2349005905,0.6330611405,0,-588.5548125,609.4166338,24.83526775
8.37,27.93786254,0.989242361,0.2325725437,0.6358545256,0,-596.0674286,617.5409779,24.69745876
8.38,27.47387387,0.9897254903,0.2302679493,0.638605611,0,-603.4558724,625.519884,24.55826216
8.39,27.00548336,0.9901665286,0.2279865863,0.6413148191,0,-610.7163557,633.3500937,24.41774501
8.4,26.5329087,0.9905683681,0.2257282363,0.6439825746,0,-617.8453236,641.0285617,24.27597261
8.41,26.0563619,0.9909336619,0.2234926833,0.6466093045,0,-624.8394484,648.552453,24.13300857
8.42,25.57604949,0.9912648421,0.2212797141,0.649195437,0,-631.6956235,655.9191408,23.98891485
8.43,25.09217267,0.9915641377,0.2190891182,0.6517414019,0,-638.4109582,663.1262025,23.8437518
8.44,24.60492739,0.9918335905,0.2169206875,0.6542476292,0,-644.9827722,670.1714167,23.69757822
8.45,24.11450447,0.9920750695,0.2147742167,0.6567145498,0,-651.4085901,677.0527591,23.55045134
8.46,23.6210897,0.9922902846,0.212649503,0.6591425943,0,-657.6861359,683.7683981,23.40242691
8.47,23.12486389,0.9924807992,0.2105463461,0.661532193,0,-663.8133283,690.3166907,23.25355917
8.48,22.62600298,0.9926480409,0.2084645486,0.6638837755,0,-669.7882749,696.696178,23.10390089
8.49,22.12467806,0.9927933124,0.2064039152,0.6661977706,0,-675.6092672,702.9055796,22.95350342
8.5,21.62105546,0.9929178009,0.2043642537,0.6684746059,0,-681.2747752,708.9437895,22.80241664
8.51,21.11529681,0.993022587,0.2023453739,0.6707147072,0,-686.7834421,714.8098705,22.65068904
8.52,20.60755907,0.9931086524,0.2003470888,0.672918499,0,-692.1340787,720.503049,22.49836772
8.53,20.09799462,0.9931768877,0.1983692133,0.6750864033,0,-697.3256588,726.0227098,22.34549839
8.54,19.58675128,0.9932280986,0.1964115654,0.6772188403,0,-702.3573128,731.3683907,22.19212538
8.55,19.07397239,0.9932630127,0.1944739653,0.6793162278,0,-707.2283233,736.5397769,22.03829172
8.56,18.55979687,0.9932822849,0.1925562359,0.6813789806,0,-711.9381191,741.5366959,21.88403906
8.57,18.04435925,0.9932865024,0.1906582026,0.6834075113,0,-716.4862702,746.3591116,21.72940778
8.58,17.52778976,0.9932761898,0.1887796935,0.685402229,0,-720.8724822,751.0071192,21.57443693
8.59,17.01021436,0.9932518132,0.1869205389,0.68736354,0,-725.0965915,755.4809396,21.41916431
8.6,16.49175484,0.9932137846,0.1850805719,0.6892918473,0,-729.1585595,759.7809141,21.26362645
8.61,15.97252882,0.9931624649,0.1832596281,0.6911875506,0,-733.0584678,763.907499,21.10785865
8.62,15.45264989,0.993098168,0.1814575456,0.6930510459,0,-736.796513,767.8612601,20.95189497
8.63,14.93222761,0.9930211633,0.179674165,0.6948827257,0,-740.3730014,771.6428681,20.79576828
8.64,14.41136764,0.9929316788,0.1779093296,0.6966829787,0,-743.7883443,775.2530927,20.63951029
8.65,13.89017172,0.9928299035,0.176162885,0.6984521899,0,-747.0430532,778.6927981,20.48315152
8.66,13.36873785,0.9927159899,0.1744346796,0.7001907402,0,-750.1377343,781.9629379,20.32672135
8.67,12.84716024,0.9925900561,0.172724564,0.7018990066,0,-753.0730847,785.06455,20.17024807
8.68,12.32552949,0.9924521876,0.1710323918,0.7035773622,0,-755.8498869,787.9987523,20.01375885
8.69,11.80393258,0.9923024392,0.1693580186,0.7052261757,0,-758.469005,790.7667378,19.85727977
8.7,11.282453,0.9921408367,0.167701303,0.7068458116,0,-760.9313796,793.36977,19.7008359
8.71,10.76117079,0.9919673784,0.1660621059,0.7084366304,0,-763.2380241,795.8091789,19.54445124
8.72,10.2401626,0.9917820361,0.1644402908,0.7099989882,0,-765.3900199,798.0863562,19.38814878
8.73,9.719501809,0.9915847568,0.1628357238,0.7115332366,0,-767.3885129,800.2027515,19.23195054
8.74,9.199258566,0.9913754635,0.1612482734,0.7130397232,0,-769.234709,802.1598685,19.07587757
8.75,8.679499872,0.9911540562,0.1596778109,0.7145187908,0,-770.9298706,803.9592603,18.91994996
8.76,8.16028965,0.9909204129,0.1581242099,0.7159707782,0,-772.4753125,805.6025267,18.7641869
8.77,7.641688825,0.9906743907,0.1565873467,0.7173960194,0,-773.8723987,807.0913097,18.60860665
8.78,7.123755391,0.9904158258,0.1550671002,0.7187948441,0,-775.1225387,808.4272906,18.45322662
8.79,6.606544489,0.990144535,0.1535633516,0.7201675778,0,-776.2271838,809.6121861,18.29806335
8.8,6.090108476,0.9898603156,0.152075985,0.7215145412,0,-777.1878244,810.6477457,18.14313254
8.81,5.574496998,0.9895629464,0.1506048868,0.7228360506,0,-778.0059865,811.5357478,17.9884491
8.82,5.05975706,0.9892521879,0.1491499461,0.724132418,0,-778.6832287,812.2779975,17.83402712
8.83,4.545933099,0.9889277829,0.1477110545,0.725403951,0,-779.2211392,812.8763232,17.67987993
8.84,4.03306705,0.9885894566,0.1462881063,0.7266509524,0,-779.6213332,813.3325741,17.52602012
8.85,3.521198419,0.9882369173,0.1448809981,0.7278737211,0,-779.8854502,813.6486175,17.37245953
8.86,3.010364347,0.9878698563,0.1434896294,0.7290725511,0,-780.0151511,813.8263363,17.2192093
8.87,2.500599676,0.9874879483,0.142113902,0.7302477325,0,-780.0121161,813.8676264,17.0662799
8.88,1.99193702,0.9870908515,0.1407537203,0.7313995505,0,-779.8780418,813.774395,16.91368111
8.89,1.484406822,0.986678208,0.1394089913,0.7325282865,0,-779.6146397,813.5485577,16.76142205
8.9,0.9780374224,0.9862496435,0.1380796247,0.7336342173,0,-779.2236333,813.1920369,16.60951123
8.91,0.4728551172,0.9858047679,0.1367655326,0.7347176154,0,-778.7067561,812.7067597,16.45795654
8.92,-0.03111578024,0.9853431749,0.1354666296,0.735778749,0,-778.0657501,812.0946561,16.30676527
8.93,-0.5338528813,0.9848644425,0.1341828329,0.7368178824,0,-777.3023634,811.3576571,16.15594414
8.94,-1.035335665,0.9843681325,0.1329140623,0.7378352755,0,-776.4183484,810.4976928,16.0054993
8.95,-1.535545423,0.9838537909,0.1316602402,0.7388311838,0,-775.4154603,809.5166914,15.85543637
8.96,-2.034465206,0.9833209477,0.1304212912,0.7398058592,0,-774.2954552,808.4165773,15.70576044
8.97,-2.532079772,0.982769117,0.1291971428,0.7407595491,0,-773.0600885,807.1992694,15.55647607
8.98,-3.028375536,0.9821977967,0.1279877247,0.741692497,0,-771.7111135,805.8666803,15.40758734
8.99,-3.523340524,0.9816064687,0.1267929694,0.7426049424,0,-770.2502798,804.4207147,15.25909784
9,-4.016964323,0.9809945984,0.1256128114,0.743497121,0,-768.679332,802.8632682,15.1110107
9.01,-4.509238044,0.9803616352,0.1244471882,0.7443692642,0,-767.000008,801.1962259,14.96332859
9.02,-5.000154274,0.9797070117,0.1232960394,0.7452215999,0,-765.2140382,799.421462,14.81605372
9.03,-5.489707042,0.9790301442,0.1221593071,0.7460543519,0,-763.3231437,797.5408378,14.66918789
9.04,-5.977891778,0.9783304321,0.1210369357,0.7468677404,0,-761.3290356,795.5562016,14.52273247
9.05,-6.464705281,0.9776072578,0.1199288722,0.7476619816,0,-759.2334133,793.4693871,14.37668842
9.06,-6.950145688,0.9768599868,0.1188350658,0.7484372882,0,-757.0379637,791.2822128,14.23105629
9.07,-7.434212443,0.9760879672,0.117755468,0.7491938692,0,-754.7443598,788.996481,14.08583627
9.08,-7.916906273,0.9752905298,0.1166900327,0.74993193,0,-752.3542598,786.6139771,13.94102812
9.09,-8.398229161,0.9744669877,0.1156387158,0.7506516721,0,-749.869306,784.1364688,13.79663125
9.1,-8.878184331,0.9736166362,0.1146014758,0.7513532939,0,-747.2911235,781.5657049,13.6526447
9.11,-9.356776226,0.9727387524,0.1135782731,0.7520369901,0,-744.6213195,778.9034153,13.50906713
9.12,-9.834010494,0.9718325953,0.1125690704,0.7527029518,0,-741.8614818,776.1513096,13.36589685
9.13,-10.30989398,0.9708974054,0.1115738323,0.7533513669,0,-739.0131781,773.3110766,13.22313181
9.14,-10.78443472,0.9699324044,0.1105925256,0.7539824198,0,-736.0779549,770.3843838,13.08076958
9.15,-11.25764193,0.968936795,0.1096251191,0.7545962916,0,-733.0573362,767.3728761,12.93880742
9.16,-11.729526,0.9679097606,0.1086715836,0.75519316,0,-729.9528226,764.278176,12.7972422
9.17,-12.20009854,0.9668504654,0.1077318916,0.7557731996,0,-726.7658903,761.101882,12.65607044
9.18,-12.66937231,0.9657580536,0.1068060177,0.7563365817,0,-723.4979898,757.8455685,12.51528831
9.19,-13.13736131,0.9646316493,0.105893938,0.7568834743,0,-720.1505449,754.5107846,12.37489161
9.2,-13.60408074,0.9634703565,0.1049956307,0.7574140424,0,-716.7249516,751.0990539,12.23487578
9.21,-14.06954706,0.9622732584,0.1041110752,0.7579284476,0,-713.2225767,747.6118732,12.09523588
9.22,-14.53377797,0.9610394173,0.1032402529,0.7584268488,0,-709.6447568,744.0507123,11.95596661
9.23,-14.99679249,0.9597678743,0.1023831464,0.7589094014,0,-705.9927971,740.4170128,11.81706225
9.24,-15.45861094,0.9584576489,0.10153974,0.759376258,0,-702.26797,736.7121874,11.67851672
9.25,-15.91925501,0.9571077385,0.1007100193,0.7598275683,0,-698.4715137,732.937619,11.5403235
9.26,-16.37874779,0.9557171184,0.09989397115,0.7602634786,0,-694.6046312,729.0946602,11.40247566
9.27,-16.83711384,0.9542847411,0.09909158369,0.7606841326,0,-690.6684887,725.1846319,11.26496585
9.28,-17.2943792,0.9528095359,0.0983028462,0.7610896709,0,-686.664214,721.2088228,11.12778624
9.29,-17.75057146,0.9512904088,0.09752774906,0.7614802311,0,-682.5928957,717.1684882,10.99092856
9.3,-18.20571986,0.9497262417,0.09676628363,0.7618559479,0,-678.4555808,713.064849,10.85438404
9.31,-18.6598553,0.9481158918,0.09601844221,0.7622169533,0,-674.2532738,708.8990908,10.71814341
9.32,-19.11301043,0.9464581918,0.09528421796,0.762563376,0,-669.986935,704.6723628,10.58219687
9.33,-19.56521975,0.9447519486,0.0945636048,0.7628953422,0,-665.6574788,700.3857768,10.44653407
9.34,-20.01651966,0.942995943,0.09385659736,0.763212975,0,-661.2657721,696.0404058,10.3111441
9.35,-20.46694855,0.9411889293,0.0931631909,0.7635163946,0,-656.8126325,691.637283,10.17601544
9.36,-20.9165469,0.9393296343,0.09248338124,0.7638057184,0,-652.2988268,687.1774007,10.04113593
9.37,-21.36535739,0.9374167568,0.09181716468,0.7640810608,0,-647.7250692,682.6617087,9.906492784
9.38,-21.81342494,0.935448967,0.09116453795,0.7643425335,0,-643.0920194,678.0911134,9.772072517
9.39,-22.2607969,0.9334249053,0.09052549816,0.764590245,0,-638.4002808,673.4664765,9.637860929
9.4,-22.70752309,0.9313431818,0.08990004272,0.7648243011,0,-633.6503989,668.7886132,9.503843073
9.41,-23.15365593,0.9292023753,0.08928816928,0.7650448046,0,-628.8428594,664.0582913,9.370003221
9.42,-23.59925058,0.9270010322,0.08868987572,0.7652518553,0,-623.9780862,659.2762296,9.236324827
9.43,-24.04436503,0.9247376655,0.08810516009,0.7654455501,0,-619.0564397,654.4430969,9.102790491
9.44,-24.48906026,0.922410754,0.08753402056,0.7656259827,0,-614.0782151,649.5595096,8.969381923
9.45,-24.93340032,0.9200187404,0.08697645541,0.7657932441,0,-609.0436404,644.6260316,8.836079904
9.46,-25.37745252,0.9175600308,0.086432463,0.7659474219,0,-603.9528746,639.6431716,8.702864245
9.47,-25.82128751,0.9150329927,0.08590204179,0.7660886007,0,-598.8060061,634.6113826,8.569713748
9.48,-26.26497946,0.912435954,0.08538519026,0.7662168621,0,-593.6030508,629.5310599,8.436606163
9.49,-26.70860617,0.9097672011,0.08488190699,0.7663322842,0,-588.3439506,624.40254,8.303518149
9.5,-27.15224923,0.9070249773,0.08439219063,0.7664349422,0,-583.0285714,619.226099,8.17042523
9.51,-27.59599417,0.9042074811,0.08391603993,0.7665249078,0,-577.6567021,614.0019514,8.03730175
9.52,-28.03993056,0.9013128644,0.08345345379,0.7666022494,0,-572.2280527,608.7302486,7.904120832
9.53,-28.48415222,0.8983392302,0.08300443125,0.7666670321,0,-566.7422531,603.4110776,7.770854334
9.54,-28.92875732,0.8952846307,0.08256897159,0.7667193175,0,-561.1988518,598.04446,7.637472804
9.55,-29.37384854,0.8921470649,0.08214707436,0.7667591635,0,-555.5973147,592.6303504,7.503945439
9.56,-29.8195332,0.8889244764,0.08173873945,0.7667866248,0,-549.9370243,587.1686359,7.37024004
9.57,-30.26592343,0.8856147506,0.0813439672,0.7668017521,0,-544.2172787,581.6591344,7.236322971
9.58,-30.71313629,0.8822157124,0.08096275844,0.7668045926,0,-538.4372911,576.1015943,7.102159114
9.59,-31.16129389,0.878725123,0.08059511462,0.7667951897,0,-532.5961895,570.4956932,6.967711833
9.6,-31.61052355,0.8751406775,0.0802410379,0.7667735829,0,-526.6930165,564.8410378,6.832942935
9.61,-32.06095791,0.8714600014,0.07990053129,0.7667398079,0,-520.7267292,559.1371628,6.697812628
9.62,-32.51273503,0.8676806475,0.07957359876,0.7666938961,0,-514.6962004,553.3835311,6.562279492
9.63,-32.96599852,0.8638000931,0.07926024538,0.7666358752,0,-508.6002186,547.5795335,6.426300445
9.64,-33.42089762,0.8598157359,0.07896047746,0.7665657687,0,-502.4374903,541.7244887,6.289830715
9.65,-33.87758729,0.8557248909,0.07867430272,0.7664835956,0,-496.2066409,535.8176438,6.152823813
9.66,-34.33622827,0.8515247868,0.07840173043,0.7663893709,0,-489.9062177,529.858175,6.01523152
9.67,-34.79698712,0.8472125623,0.07814277161,0.7662831053,0,-483.5346926,523.8451883,5.877003864
9.68,-35.26003626,0.8427852623,0.0778974392,0.7661648048,0,-477.0904658,517.7777215,5.738089122
9.69,-35.72555395,0.8382398343,0.07766574823,0.7660344711,0,-470.5718705,511.6547453,5.598433814
9.7,-36.19372429,0.8335731246,0.07744771605,0.7658921015,0,-463.9771781,505.4751657,5.457982713
9.71,-36.66473711,0.8287818746,0.07724336253,0.7657376884,0,-457.3046049,499.2378271,5.316678866
9.72,-37.13878792,0.8238627172,0.07705271025,0.7655712199,0,-450.5523193,492.9415154,5.174463624
9.73,-37.61607771,0.8188121735,0.07687578477,0.7653926793,0,-443.7184507,486.5849618,5.031276686
9.74,-38.0968128,0.8136266493,0.07671261484,0.765202045,0,-436.8011004,480.1668479,4.887056159
9.75,-38.58120454,0.8083024324,0.07656323262,0.7649992912,0,-429.7983526,473.6858112,4.741738638
9.76,-39.06946901,0.8028356898,0.07642767402,0.7647843868,0,-422.7082887,467.1404513,4.595259298
9.77,-39.56182659,0.7972224655,0.07630597886,0.7645572966,0,-415.5290028,460.5293376,4.447552022
9.78,-40.05850153,0.7914586793,0.07619819125,0.7643179802,0,-408.2586198,453.8510178,4.29854954
9.79,-40.5597213,0.7855401253,0.07610435983,0.7640663931,0,-400.8953155,447.104028,4.148183609
9.8,-41.06571593,0.7794624726,0.07602453808,0.7638024859,0,-393.4373397,440.2869037,3.99638522
9.81,-41.57671718,0.7732212659,0.07595878466,0.763526205,0,-385.8830426,433.3981924,3.843084845
9.82,-42.0929576,0.7668119276,0.07590716377,0.7632374924,0,-378.2309035,426.4364688,3.68821272
9.83,-42.6146694,0.7602297622,0.07586974546,0.762936286,0,-370.4795642,419.40035,3.531699181
9.84,-43.14208318,0.753469961,0.07584660608,0.7626225198,0,-362.6278653,412.2885149,3.373475047
9.85,-43.67542647,0.7465276102,0.0758378286,0.762296124,0,-354.6748868,405.0997239,3.213472059
9.86,-44.21492205,0.7393977002,0.07584350311,0.7619570255,0,-346.6199934,397.8328421,3.051623386
9.87,-44.76078602,0.7320751383,0.07586372722,0.761605148,0,-338.4628843,390.4868644,2.887864193
9.88,-45.31322572,0.7245547644,0.07589860654,0.7612404125,0,-330.2036473,383.0609441,2.722132285
9.89,-45.87243721,0.7168313702,0.07594825516,0.7608627379,0,-321.8428186,375.5544233,2.554368837
9.9,-46.43860265,0.7088997221,0.07601279618,0.7604720411,0,-313.3814474,367.9668672,2.384519204
9.91,-47.01188726,0.7007545896,0.07609236222,0.7600682379,0,-304.8211651,360.2981011,2.212533821
9.92,-47.59243596,0.6923907778,0.07618709597,0.7596512433,0,-296.1642601,352.5482507,2.038369211
9.93,-48.18036973,0.6838031664,0.07629715071,0.7592209728,0,-287.4137569,344.7177861,1.861989081
9.94,-48.77578156,0.6749867551,0.07642269089,0.7587773423,0,-278.5734989,336.8075681,1.683365533
9.95,-49.37873209,0.6659367156,0.07656389265,0.7583202698,0,-269.6482355,328.8188986,1.502480374
9.96,-49.9892449,0.6566484521,0.07672094431,0.7578496759,0,-260.6437102,320.7535732,1.319326531
9.97,-50.60730142,0.64711767,0.07689404687,0.7573654849,0,-251.5667507,312.613937,1.133909574
9.98,-51.23283558,0.6373404531,0.07708341436,0.7568676258,0,-242.4253578,304.4029424,0.9462493251
9.99,-51.86572817,0.6273133514,0.07728927419,0.7563560339,0,-233.2287914,296.1242079,0.7563815495
10,-52.50580093,0.6170334787,0.07751186733,0.7558306515,0,-223.9876504,287.7820779,0.5643597203
10.01,-53.1528106,0.6064986199,0.0777514483,0.7552914298,0,-214.7139443,279.3816828,0.3702568194
10.02,-53.80644281,0.5957073496,0.07800828508,0.7547383298,0,-205.4211521,270.9289962,0.1741671566
10.03,-54.46630611,0.5846591608,0.07828265865,0.7541713245,0,-196.1242645,262.4308896,-0.02379183371
10.04,-55.13192621,0.5733546023,0.0785748623,0.7535903996,0,-186.8398049,253.8951822,-0.223477862
10.05,-55.80274057,0.5617954257,0.07888520064,0.7529955557,0,-177.5858236,245.3306828,-0.4247221717
10.06,-56.47809369,0.5499847383,0.07921398814,0.7523868097,0,-168.3818618,236.7472234,-0.6273281077
10.07,-57.15723311,0.5379271616,0.07956154727,0.7517641963,0,-159.2488771,228.1556791,-0.8310699336
10.08,-57.83930659,0.52562899,0.07992820615,0.7511277698,0,-150.2091292,219.567975,-1.035691976
10.09,-58.52336058,0.5130983485,0.08031429564,0.7504776052,0,-141.286018,210.9970739,-1.240908175
10.1,-59.20834043,0.5003453427,0.08072014586,0.7498138001,0,-132.5038742,202.4569444,-1.446402129
10.11,-59.89309237,0.4873821965,0.08114608215,0.749136476,0,-123.887697,193.9625058,-1.65182771
10.12,-60.57636781,0.4742233717,0.08159242038,0.748445779,0,-115.4628425,185.5295473,-1.856810343
10.13,-61.25683,0.4608856614,0.08205946172,0.7477418814,0,-107.2546629,177.1746206,-2.060949
10.14,-61.93306323,0.4473882509,0.08254748691,0.7470249819,0,-99.28810345,168.9149034,-2.26381897
10.15,-62.6035848,0.4337527386,0.08305675003,0.7462953067,0,-91.58726407,160.7680358,-2.464975441
10.16,-63.26685959,0.4200031098,0.08358747194,0.7455531093,0,-84.17493972,152.7519292,-2.663957877
10.17,-63.92131725,0.4061656556,0.08413983359,0.7447986706,0,-77.0721521,144.8845503,-2.860295175
10.18,-64.56537171,0.392268835,0.08471396923,0.7440322985,0,-70.29769132,137.1836845,-3.053511512
10.19,-65.19744261,0.3783430733,0.08530995987,0.7432543272,0,-63.86768628,129.6666847,-3.243132783
10.2,-65.81597822,0.3644204986,0.08592782713,0.742465116,0,-57.79522376,122.35021,-3.428693467
10.21,-66.41947911,0.3505346174,0.0865675277,0.7416650476,0,-52.09003546,115.2499644,-3.609743732
10.22,-67.00652185,0.3367199336,0.08722894877,0.7408545266,0,-46.75827015,108.3804433,-3.785856556
10.23,-67.57578211,0.3230115208,0.08791190443,0.7400339773,0,-41.80236454,101.7546956,-3.956634632
10.24,-68.126056,0.3094445566,0.08861613349,0.7392038408,0,-37.22102164,95.38411254,-4.121716801
10.25,-68.65627926,0.2960538354,0.08934129857,0.7383645729,0,-33.0092995,89.27824905,-4.280783778
10.26,-69.1655432,0.2828732734,0.09008698684,0.7375166405,0,-29.15880708,83.44468616,-4.433562961
10.27,-69.65310715,0.2699354226,0.09085271221,0.7366605193,0,-25.65799764,77.88893866,-4.579832145
10.28,-70.11840669,0.2572710121,0.09163791906,0.7357966896,0,-22.49254473,72.61441156,-4.719422006
10.29,-70.56105769,0.2449085306,0.09244198739,0.7349256342,0,-19.64578139,67.62240584,-4.852217308
10.3,-70.98085601,0.2328738641,0.0932642391,0.7340478345,0,-17.09918059,62.91217226,-4.978156802
10.31,-71.37777294,0.2211900013,0.09410394541,0.7331637678,0,-14.83285381,58.48100931,-5.097231883
10.32,-71.75194707,0.2098768116,0.09496033497,0.7322739046,0,-12.8260454,54.32440002,-5.209484121
10.33,-72.10367266,0.198950902,0.09583260246,0.7313787054,0,-11.05760297,50.4361806,-5.315001797
10.34,-72.4333855,0.1884255506,0.0967199175,0.7304786193,0,-9.506406944,46.80873321,-5.413915649
10.35,-72.74164674,0.1783107163,0.09762143339,0.729574081,0,-8.151747249,43.43319468,-5.506394021
10.36,-73.02912543,0.1686131149,0.09853629569,0.7286655097,0,-6.973639109,40.29967314,-5.592637628
10.37,-73.29658046,0.1593363565,0.09946365027,0.7277533075,0,-5.953074507,37.39746512,-5.672874138
10.38,-73.54484253,0.1504811325,0.1004026506,0.726837858,0,-5.072209673,34.71526666,-5.747352759
10.39,-73.7747966,0.1420454409,0.1013524647,0.7259195262,0,-4.314492108,32.2413727,-5.816338979
10.4,-73.98736538,0.1340248405,0.1023122802,0.7249986573,0,-3.664732995,29.9638609,-5.880109614
10.41,-74.18349412,0.1264127226,0.1032813102,0.7240755769,0,-3.109132386,27.87075663,-5.938948236
10.42,-74.36413691,0.1192005908,0.1042587965,0.7231505909,0,-2.63526526,25.95017742,-5.993141073
10.43,-74.53024469,0.1123783405,0.1052440128,0.7222239857,0,-2.23203669,24.19045624,-6.042973407
10.44,-74.68275498,0.105934531,0.1062362673,0.7212960286,0,-1.889613936,22.58024354,-6.088726495
10.45,-74.82258333,0.09985664515,0.1072349042,0.7203669683,0,-1.599342559,21.10858908,-6.130675
10.46,-74.95061638,0.09413133162,0.1082393043,0.7194370357,0,-1.353652683,19.76500486,-6.169084914
10.47,-75.06770647,0.08874462748,0.1092488854,0.7185064445,0,-1.145960528,18.53951086,-6.204211941
10.48,-75.17466764,0.0836821591,0.1102631023,0.7175753922,0,-0.9705692579,17.4226656,-6.236300293
10.49,-75.27227285,0.07892932077,0.1112814458,0.7166440608,0,-0.8225722587,16.4055835,-6.265581856
10.5,-75.36125225,0.07447143085,0.112303442,0.7157126176,0,-0.6977610608,15.4799411,-6.292275675
10.51,-75.44229238,0.07029386636,0.1133286512,0.7147812165,0,-0.5925394117,14.63797395,-6.316587715
10.52,-75.51603615,0.06638217698,0.1143566659,0.7138499985,0,-0.5038443803,13.87246619,-6.338710844
10.53,-75.58308336,0.06272217987,0.1153871098,0.7129190926,0,-0.4290749042,13.17673418,-6.358825007
10.54,-75.6439918,0.05930003709,0.116419636,0.7119886168,0,-0.3660278274,12.54460573,-6.377097541
10.55,-75.69927868,0.05610231714,0.117453925,0.711058679,0,-0.312841214,11.97039621,-6.393683605
10.56,-75.7494223,0.05311604257,0.1184896834,0.7101293776,0,-0.2679445417,11.44888249,-6.408726691
10.57,-75.79486399,0.05032872524,0.1195266417,0.709200802,0,-0.230015268,10.97527566,-6.422359197
10.58,-75.83601011,0.0477283909,0.1205645533,0.708273034,0,-0.1979412033,10.54519317,-6.434703032
10.59,-75.87323415,0.04530359466,0.1216031922,0.7073461478,0,-0.1707880978,10.15463105,-6.445870244
10.6,-75.90687884,0.04304342864,0.1226423516,0.7064202107,0,-0.1477718626,9.799936597,-6.455963652
10.61,-75.93725824,0.04093752323,0.123681843,0.7054952842,0,-0.1282348652,9.477781852,-6.465077471
10.62,-75.96465976,0.03897604293,0.1247214939,0.7045714237,0,-0.1116257791,9.185138189,-6.473297928
10.63,-75.98934616,0.03714967791,0.125761147,0.7036486798,0,-0.09748251297,8.919252107,-6.480703848
10.64,-76.01155743,0.03544963205,0.1268006591,0.7027270982,0,-0.0854177902,8.677622387,-6.487367228
10.65,-76.03151256,0.03386760835,0.1278398995,0.7018067203,0,-0.07510699766,8.457978649,-6.493353768
10.66,-76.04941128,0.03239579219,0.1288787491,0.7008875836,0,-0.06627796927,8.258261348,-6.498723384
10.67,-76.06543561,0.03102683319,0.1299170996,0.699969722,0,-0.05870241167,8.076603185,-6.503530684
10.68,-76.07975137,0.02975382595,0.1309548525,0.6990531662,0,-0.05218871938,7.911311911,-6.507825412
10.69,-76.09250954,0.02857029026,0.1319919179,0.6981379439,0,-0.04657596177,7.760854472,-6.511652862
10.7,-76.10384754,0.02747015088,0.1330282142,0.69722408,0,-0.04172885605,7.623842434,-6.515054263
10.71,-76.11389045,0.02644771737,0.1340636673,0.6963115971,0,-0.03753356791,7.499018621,-6.518067135
10.72,-76.12275204,0.02549766399,0.1350982095,0.6954005155,0,-0.03389420554,7.385244891,-6.520725612
10.73,-76.13053582,0.02461501003,0.1361317797,0.6944908536,0,-0.03072989385,7.28149098,-6.523060747
10.74,-76.13733595,0.02379510056,0.1371643219,0.6935826277,0,-0.02797233332,7.186824333,-6.525100784
10.75,-76.14323804,0.02303358773,0.1381957855,0.6926758526,0,-0.02556376331,7.100400852,-6.526871412
10.76,-76.14831999,0.02232641277,0.1392261245,0.6917705416,0,-0.02345526265,7.021456487,-6.528395998
10.77,-76.15265264,0.02166978864,0.1402552971,0.6908667065,0,-0.02160533137,6.949299608,-6.529695793
10.78,-76.15630043,0.02106018347,0.1412832653,0.6899643579,0,-0.01997870642,6.883304079,-6.530790129
10.79,-76.15932197,0.02049430472,0.1423099946,0.6890635053,0,-0.01854537255,6.822902993,-6.53169659
10.8,-76.16177059,0.01996908412,0.1433354536,0.6881641571,0,-0.01727973532,6.767582991,-6.532431177
10.81,-76.16369482,0.01948166337,0.1443596141,0.6872663207,0,-0.0161599295,6.716879128,-6.533008447
10.82,-76.16513884,0.01902938062,0.1453824501,0.6863700028,0,-0.01516723998,6.670370225,-6.533441651
10.83,-76.16614282,0.01860975768,0.1464039384,0.6854752091,0,-0.01428561646,6.627674669,-6.533742847
10.84,-76.16674339,0.01822048791,0.1474240577,0.6845819448,0,-0.0135012664,6.588446619,-6.533923017
10.85,-76.16697386,0.01785942491,0.1484427888,0.6836902143,0,-0.01280231319,6.552372578,-6.533992159
10.86,-76.1668646,0.01752457179,0.1494601143,0.6828000214,0,-0.01217850871,6.519168291,-6.53395938
10.87,-76.16644326,0.01721407114,0.1504760184,0.6819113696,0,-0.01162099135,6.488575953,-6.533832979
10.88,-76.16573505,0.0169261956,0.1514904869,0.6810242616,0,-0.01112208207,6.460361679,-6.533620516
10.89,-76.16476295,0.01665933899,0.152503507,0.6801386998,0,-0.01067511223,6.434313225,-6.533328885
10.9,-76.1635479,0.01641200811,0.1535150669,0.6792546863,0,-0.01027427804,6.410237927,-6.53296437
10.91,-76.16210901,0.0161828149,0.1545251562,0.6783722226,0,-0.009914517353,6.387960841,-6.532532704
10.92,-76.16046372,0.01597046925,0.1555337654,0.6774913099,0,-0.009591405226,6.367323067,-6.532039116
10.93,-76.15862793,0.01577377225,0.1565408859,0.6766119494,0,-0.009301065186,6.348180226,-6.531488378
10.94,-76.15661616,0.01559160979,0.1575465101,0.6757341417,0,-0.009040093797,6.330401091,-6.530884847
10.95,-76.15444167,0.01542294673,0.1585506312,0.6748578871,0,-0.008805496381,6.313866356,-6.530232501
10.96,-76.15211658,0.01526682135,0.159553243,0.6739831859,0,-0.008594632168,6.298467508,-6.529534973
10.97,-76.14965195,0.01512234025,0.1605543399,0.6731100382,0,-0.008405167419,6.284105823,-6.528795585
10.98,-76.1470579,0.01498867352,0.1615539171,0.6722384436,0,-0.008235035284,6.27069145,-6.52801737
10.99,-76.14434368,0.01486505029,0.1625519702,0.6713684019,0,-0.008082401375,6.258142585,-6.527203103
11,-76.14151774,0.01475075461,0.1635484954,0.6704999124,0,-0.007945634187,6.246384726,-6.526355321
11.01,-76.13858782,0.01464512154,0.1645434892,0.6696329745,0,-0.00782327964,6.235349996,-6.525476345
11.02,-76.135561,0.01454753355,0.1655369487,0.6687675873,0,-0.007714039133,6.224976532,-6.5245683
11.03,-76.13244377,0.01445741719,0.1665288713,0.66790375,0,-0.007616750585,6.215207935,-6.52363313
11.04,-76.12924205,0.01437423993,0.1675192546,0.6670414614,0,-0.00753037203,6.205992764,-6.522672616
11.05,-76.12596129,0.01429750729,0.1685080969,0.6661807204,0,-0.007453967402,6.19728409,-6.521688388
11.06,-76.12260648,0.01422676014,0.1694953964,0.6653215257,0,-0.007386694184,6.189039078,-6.520681943
11.07,-76.11918216,0.01416157218,0.1704811517,0.6644638761,0,-0.00732779267,6.181218622,-6.519654648
11.08,-76.11569253,0.01410154757,0.1714653618,0.66360777,0,-0.007276576603,6.173787003,-6.51860776
11.09,-76.11214144,0.01404631883,0.1724480257,0.662753206,0,-0.007232425,6.166711588,-6.517542431
11.1,-76.10853239,0.01399554475,0.1734291427,0.6619001825,0,-0.007194774999,6.159962548,-6.516459718
11.11,-76.10486863,0.01394890858,0.1744087124,0.661048698,0,-0.0071631156,6.153512613,-6.515360589
11.12,-76.10115312,0.01390611623,0.1753867344,0.6601987508,0,-0.007136982156,6.147336838,-6.514245935
11.13,-76.09738858,0.01386689469,0.1763632084,0.6593503391,0,-0.007115951538,6.141412401,-6.513116573
11.14,-76.09357751,0.0138309905,0.1773381346,0.6585034612,0,-0.007099637867,6.135718412,-6.511973254
11.15,-76.08972222,0.01379816836,0.1783115129,0.6576581153,0,-0.007087688754,6.130235743,-6.510816666
11.16,-76.08582481,0.01376820985,0.1792833436,0.6568142995,0,-0.007079781963,6.124946876,-6.509647444
11.17,-76.08188723,0.01374091219,0.180253627,0.655972012,0,-0.007075622463,6.119835759,-6.50846617
11.18,-76.07791126,0.01371608715,0.1812223637,0.6551312509,0,-0.007074939808,6.114887677,-6.507273379
11.19,-76.07389855,0.01369355998,0.182189554,0.6542920143,0,-0.007077485804,6.11008914,-6.506069564
11.2,-76.06985059,0.01367316849,0.1831551987,0.6534543002,0,-0.007083032434,6.105427773,-6.504855176
11.21,-76.06576878,0.01365476208,0.1841192984,0.6526181066,0,-0.007091370003,6.100892222,-6.503630634
11.22,-76.0616544,0.01363820098,0.1850818539,0.6517834315,0,-0.007102305478,6.096472065,-6.50239632
11.23,-76.05750862,0.01362335544,0.186042866,0.6509502729,0,-0.007115661004,6.092157733,-6.501152587
11.24,-76.05333254,0.013610105,0.1870023357,0.6501186288,0,-0.007131272572,6.087940437,-6.499899761
11.25,-76.04912713,0.01359833787,0.1879602639,0.6492884971,0,-0.007148988816,6.083812101,-6.498638139
11.26,-76.04489333,0.01358795025,0.1889166516,0.6484598758,0,-0.007168669934,6.079765301,-6.497367999
11.27,-76.04063197,0.01357884579,0.1898714999,0.6476327627,0,-0.007190186716,6.075793214,-6.496089592
11.28,-76.03634385,0.01357093508,0.1908248099,0.6468071559,0,-0.007213419663,6.071889563,-6.494803154
11.29,-76.03202966,0.01356413508,0.1917765827,0.6459830531,0,-0.007238258185,6.068048571,-6.493508899
11.3,-76.02769009,0.01355836874,0.1927268195,0.6451604523,0,-0.007264599887,6.064264924,-6.492207026
11.31,-76.02332572,0.01355356452,0.1936755216,0.6443393514,0,-0.007292349904,6.060533728,-6.490897717
11.32,-76.01893714,0.01354965602,0.1946226901,0.6435197482,0,-0.007321420311,6.056850476,-6.489581142
11.33,-76.01452485,0.0135465816,0.1955683264,0.6427016407,0,-0.007351729576,6.053211015,-6.488257454
11.34,-76.01008933,0.01354428405,0.1965124318,0.6418850267,0,-0.007383202068,6.049611521,-6.486926798
11.35,-76.00563102,0.01354271024,0.1974550075,0.641069904,0,-0.007415767599,6.046048465,-6.485589305
11.36,-76.00115032,0.01354181089,0.198396055,0.6402562705,0,-0.007449361016,6.042518596,-6.484245097
11.37,-75.99664762,0.01354154021,0.1993355756,0.6394441241,0,-0.007483921818,6.039018912,-6.482894286
11.38,-75.99212325,0.01354185574,0.2002735707,0.6386334626,0,-0.007519393813,6.035546645,-6.481536975
11.39,-75.98757753,0.01354271803,0.2012100417,0.6378242839,0,-0.007555724794,6.032099241,-6.480173258
11.4,-75.98301075,0.01354409048,0.20214499,0.6370165858,0,-0.007592866252,6.02867434,-6.478803224
11.41,-75.97842318,0.0135459391,0.2030784171,0.6362103662,0,-0.007630773103,6.025269764,-6.477426953
11.42,-75.97381507,0.01354823236,0.2040103244,0.6354056229,0,-0.00766940344,6.021883501,-6.47604452
11.43,-75.96918664,0.01355094098,0.2049407134,0.6346023537,0,-0.007708718309,6.01851369,-6.474655993
11.44,-75.96453811,0.01355403777,0.2058695856,0.6338005566,0,-0.007748681493,6.015158613,-6.473261434
11.45,-75.95986967,0.01355749752,0.2067969424,0.6330002293,0,-0.007789259321,6.01181668,-6.471860902
11.46,-75.9551815,0.0135612968,0.2077227853,0.6322013697,0,-0.007830420489,6.008486423,-6.47045445
11.47,-75.95047376,0.01356541387,0.2086471159,0.6314039756,0,-0.007872135889,6.00516648,-6.469042127
11.48,-75.94574659,0.01356982857,0.2095699356,0.630608045,0,-0.007914378462,6.001855595,-6.467623978
11.49,-75.94100015,0.01357452215,0.210491246,0.6298135756,0,-0.007957123053,5.998552604,-6.466200044
11.5,-75.93623454,0.01357947724,0.2114110485,0.6290205653,0,-0.008000346277,5.995256428,-6.464770362
11.51,-75.9314499,0.01358467771,0.2123293448,0.6282290119,0,-0.008044026401,5.991966069,-6.463334969
11.52,-75.92664632,0.01359010857,0.2132461364,0.6274389134,0,-0.008088143228,5.988680604,-6.461893895
11.53,-75.9218239,0.01359575592,0.2141614247,0.6266502675,0,-0.008132677993,5.985399176,-6.46044717
11.54,-75.91698273,0.01360160688,0.2150752114,0.6258630721,0,-0.008177613265,5.982120992,-6.458994819
11.55,-75.9121229,0.01360764945,0.2159874979,0.6250773251,0,-0.008222932858,5.978845317,-6.457536869
11.56,-75.90724446,0.01361387253,0.2168982859,0.6242930244,0,-0.008268621744,5.97557147,-6.456073339
11.57,-75.90234751,0.01362026581,0.2178075769,0.6235101678,0,-0.008314665977,5.972298819,-6.454604252
11.58,-75.89743208,0.01362681971,0.2187153724,0.6227287531,0,-0.00836105262,5.969026778,-6.453129625
11.59,-75.89249825,0.01363352536,0.219621674,0.6219487783,0,-0.008407769677,5.965754805,-6.451649474
11.6,-75.88754605,0.0136403745,0.2205264833,0.6211702412,0,-0.008454806028,5.962482396,-6.450163815
11.61,-75.88257554,0.0136473595,0.2214298018,0.6203931398,0,-0.008502151374,5.959209083,-6.448672661
11.62,-75.87758675,0.01365447325,0.2223316311,0.6196174718,0,-0.008549796182,5.955934434,-6.447176024
11.63,-75.87257972,0.01366170918,0.2232319727,0.6188432351,0,-0.008597731631,5.952658046,-6.445673916
11.64,-75.86755449,0.01366906118,0.2241308282,0.6180704278,0,-0.008645949566,5.949379547,-6.444166346
11.65,-75.86251107,0.01367652357,0.2250281992,0.6172990476,0,-0.008694442457,5.946098591,-6.442653322
11.66,-75.85744951,0.0136840911,0.2259240873,0.6165290924,0,-0.008743203354,5.942814856,-6.441134853
11.67,-75.85236982,0.0136917589,0.226818494,0.6157605601,0,-0.00879222585,5.939528045,-6.439610945
11.68,-75.84727201,0.01369952245,0.2277114209,0.6149934487,0,-0.008841504045,5.936237881,-6.438081604
11.69,-75.84215612,0.01370737754,0.2286028695,0.6142277561,0,-0.008891032514,5.932944109,-6.436546835
11.7,-75.83702214,0.0137153203,0.2294928414,0.61346348,0,-0.008940806275,5.929646491,-6.435006643
11.71,-75.8318701,0.01372334712,0.2303813383,0.6127006186,0,-0.008990820759,5.926344805,-6.43346103
11.72,-75.8267,0.01373145465,0.2312683615,0.6119391696,0,-0.009041071786,5.923038849,-6.431910001
11.73,-75.82151186,0.01373963981,0.2321539129,0.611179131,0,-0.009091555535,5.919728431,-6.430353558
11.74,-75.81630567,0.01374789971,0.2330379937,0.6104205007,0,-0.009142268526,5.916413377,-6.428791702
11.75,-75.81108145,0.01375623169,0.2339206058,0.6096632766,0,-0.009193207594,5.913093523,-6.427224435
11.76,-75.80583919,0.0137646333,0.2348017505,0.6089074568,0,-0.009244369871,5.909768719,-6.425651757
11.77,-75.8005789,0.01377310225,0.2356814296,0.608153039,0,-0.009295752764,5.906438826,-6.42407367
11.78,-75.79530058,0.01378163643,0.2365596445,0.6074000212,0,-0.009347353941,5.903103714,-6.422490174
11.79,-75.79000422,0.01379023387,0.2374363968,0.6066484015,0,-0.009399171312,5.899763264,-6.420901267
11.8,-75.78468983,0.01379889277,0.2383116881,0.6058981776,0,-0.009451203012,5.896417365,-6.41930695
11.81,-75.77935741,0.01380761146,0.2391855199,0.6051493476,0,-0.00950344739,5.893065915,-6.417707222
11.82,-75.77400694,0.01381638838,0.2400578938,0.6044019095,0,-0.009555902994,5.88970882,-6.416102081
11.83,-75.76863842,0.01382522209,0.2409288113,0.6036558611,0,-0.009608568557,5.886345994,-6.414491526
11.84,-75.76325185,0.01383411128,0.2417982741,0.6029112005,0,-0.009661442988,5.882977357,-6.412875556
11.85,-75.75784723,0.01384305472,0.2426662836,0.6021679255,0,-0.009714525358,5.879602834,-6.411254168
11.86,-75.75242453,0.01385205128,0.2435328415,0.6014260342,0,-0.00976781489,5.876222359,-6.40962736
11.87,-75.74698377,0.01386109991,0.2443979492,0.6006855246,0,-0.009821310955,5.872835869,-6.40799513
11.88,-75.74152492,0.01387019965,0.2452616083,0.5999463946,0,-0.009875013052,5.869443308,-6.406357476
11.89,-75.73604798,0.01387934962,0.2461238204,0.5992086421,0,-0.009928920813,5.866044624,-6.404714394
11.9,-75.73055294,0.01388854899,0.2469845871,0.5984722653,0,-0.009983033983,5.86263977,-6.403065883
11.91,-75.72503979,0.01389779702,0.2478439098,0.597737262,0,-0.01003735242,5.859228702,-6.401411938
11.92,-75.71950853,0.01390709301,0.2487017901,0.5970036302,0,-0.01009187609,5.855811382,-6.399752558
11.93,-75.71395913,0.01391643632,0.2495582297,0.596271368,0,-0.01014660505,5.852387774,-6.398087739
11.94,-75.70839159,0.01392582636,0.2504132299,0.5955404734,0,-0.01020153945,5.848957848,-6.396417478
11.95,-75.7028059,0.01393526261,0.2512667923,0.5948109443,0,-0.01025667953,5.845521573,-6.394741771
11.96,-75.69720205,0.01394474457,0.2521189186,0.5940827787,0,-0.01031202561,5.842078926,-6.393060615
11.97,-75.69158002,0.01395427178,0.2529696102,0.5933559747,0,-0.01036757809,5.838629884,-6.391374007
11.98,-75.68593981,0.01396384384,0.2538188687,0.5926305303,0,-0.01042333743,5.835174426,-6.389681944
11.99,-75.6802814,0.01397346038,0.2546666956,0.5919064435,0,-0.01047930418,5.831712537,-6.387984421
12,-75.67460478,0.01398312104,0.2555130924,0.5911837122,0,-0.01053547893,5.828244201,-6.386281435
12.01,-75.66890995,0.01399282552,0.2563580607,0.5904623347,0,-0.01059186234,5.824769406,-6.384572984
12.02,-75.66319687,0.01400257353,0.257201602,0.5897423088,0,-0.01064845513,5.821288142,-6.382859062
12.03,-75.65746555,0.01401236483,0.2580437178,0.5890236325,0,-0.01070525807,5.8178004,-6.381139666
12.04,-75.65171598,0.01402219918,0.2588844097,0.5883063041,0,-0.01076227197,5.814306175,-6.379414793
12.05,-75.64594813,0.01403207637,0.2597236792,0.5875903214,0,-0.01081949771,5.810805461,-6.377684439
12.06,-75.640162,0.01404199622,0.2605615278,0.5868756825,0,-0.01087693621,5.807298256,-6.375948601
12.07,-75.63435758,0.01405195857,0.2613979571,0.5861623855,0,-0.01093458841,5.803784559,-6.374207275
12.08,-75.62853485,0.01406196326,0.2622329685,0.5854504284,0,-0.01099245531,5.800264369,-6.372460456
12.09,-75.62269381,0.01407201017,0.2630665636,0.5847398094,0,-0.01105053795,5.796737689,-6.370708142
12.1,-75.61683443,0.01408209918,0.2638987439,0.5840305263,0,-0.0111088374,5.793204522,-6.368950329
12.11,-75.61095671,0.0140922302,0.264729511,0.5833225774,0,-0.01116735476,5.789664871,-6.367187013
12.12,-75.60506064,0.01410240313,0.2655588662,0.5826159606,0,-0.01122609118,5.786118743,-6.365418191
12.13,-75.5991462,0.01411261792,0.2663868112,0.581910674,0,-0.01128504783,5.782566143,-6.363643859
12.14,-75.59321338,0.0141228745,0.2672133475,0.5812067158,0,-0.01134422589,5.779007081,-6.361864013
12.15,-75.58726217,0.01413317282,0.2680384766,0.580504084,0,-0.01140362661,5.775441563,-6.36007865
12.16,-75.58129256,0.01414351285,0.2688621999,0.5798027767,0,-0.01146325123,5.771869602,-6.358287767
12.17,-75.57530454,0.01415389455,0.269684519,0.5791027919,0,-0.01152310104,5.768291206,-6.356491361
12.18,-75.56929809,0.01416431791,0.2705054354,0.5784041277,0,-0.01158317734,5.764706387,-6.354689427
12.19,-75.56327321,0.01417478291,0.2713249507,0.5777067824,0,-0.01164348146,5.761115159,-6.352881962
12.2,-75.55722988,0.01418528956,0.2721430662,0.5770107538,0,-0.01170401476,5.757517533,-6.351068964
12.21,-75.5511681,0.01419583785,0.2729597835,0.5763160403,0,-0.0117647786,5.753913525,-6.349250429
12.22,-75.54508784,0.0142064278,0.2737751042,0.5756226397,0,-0.01182577438,5.750303148,-6.347426353
12.23,-75.53898911,0.01421705942,0.2745890296,0.5749305504,0,-0.01188700352,5.746686419,-6.345596734
12.24,-75.53287189,0.01422773274,0.2754015614,0.5742397703,0,-0.01194846744,5.743063352,-6.343761568
12.25,-75.52673618,0.01423844779,0.2762127009,0.5735502976,0,-0.01201016761,5.739433966,-6.341920853
12.26,-75.52058195,0.01424920459,0.2770224497,0.5728621304,0,-0.01207210549,5.735798277,-6.340074585
12.27,-75.5144092,0.01426000319,0.2778308093,0.5721752668,0,-0.01213428257,5.732156304,-6.338222761
12.28,-75.50821793,0.01427084363,0.2786377812,0.571489705,0,-0.01219670036,5.728508064,-6.336365379
12.29,-75.50200812,0.01428172595,0.2794433669,0.5708054431,0,-0.01225936037,5.724853576,-6.334502436
12.3,-75.49577976,0.0142926502,0.2802475677,0.5701224792,0,-0.01232226414,5.721192861,-6.332633929
12.31,-75.48953285,0.01430361644,0.2810503854,0.5694408115,0,-0.01238541324,5.717525938,-6.330759855
12.32,-75.48326737,0.01431462473,0.2818518212,0.5687604381,0,-0.01244880921,5.713852828,-6.328880212
12.33,-75.47698332,0.01432567512,0.2826518768,0.5680813572,0,-0.01251245366,5.710173552,-6.326994997
12.34,-75.47068069,0.01433676767,0.2834505535,0.5674035668,0,-0.01257634816,5.70648813,-6.325104208
12.35,-75.46435947,0.01434790245,0.2842478529,0.5667270652,0,-0.01264049435,5.702796586,-6.323207842
12.36,-75.45801966,0.01435907953,0.2850437764,0.5660518505,0,-0.01270489383,5.699098941,-6.321305897
12.37,-75.45166123,0.01437029898,0.2858383256,0.5653779209,0,-0.01276954825,5.695395218,-6.31939837
12.38,-75.4452842,0.01438156086,0.2866315018,0.5647052745,0,-0.01283445926,5.69168544,-6.31748526
12.39,-75.43888855,0.01439286526,0.2874233066,0.5640339095,0,-0.01289962852,5.68796963,-6.315566564
12.4,-75.43247427,0.01440421224,0.2882137415,0.5633638241,0,-0.01296505771,5.684247813,-6.31364228
12.41,-75.42604135,0.01441560188,0.2890028078,0.5626950165,0,-0.01303074851,5.680520012,-6.311712406
12.42,-75.4195898,0.01442703427,0.2897905072,0.5620274847,0,-0.01309670264,5.676786251,-6.30977694
12.43,-75.4131196,0.01443850947,0.290576841,0.5613612271,0,-0.01316292181,5.673046557,-6.307835881
12.44,-75.40663075,0.01445002758,0.2913618107,0.5606962418,0,-0.01322940773,5.669300953,-6.305889226
12.45,-75.40012325,0.01446158867,0.2921454178,0.5600325269,0,-0.01329616215,5.665549466,-6.303936974
12.46,-75.39359708,0.01447319283,0.2929276637,0.5593700807,0,-0.01336318681,5.66179212,-6.301979123
12.47,-75.38705224,0.01448484014,0.29370855,0.5587089014,0,-0.01343048349,5.658028943,-6.300015672
12.48,-75.38048873,0.01449653068,0.294488078,0.5580489872,0,-0.01349805394,5.65425996,-6.29804662
12.49,-75.37390655,0.01450826455,0.2952662492,0.5573903362,0,-0.01356589996,5.650485199,-6.296071964
12.5,-75.36730568,0.01452004183,0.2960430651,0.5567329467,0,-0.01363402333,5.646704685,-6.294091703
12.51,-75.36068612,0.0145318626,0.2968185272,0.5560768168,0,-0.01370242587,5.642918447,-6.292105837
12.52,-75.35404788,0.01454372696,0.2975926369,0.5554219449,0,-0.01377110939,5.639126512,-6.290114364
12.53,-75.34739094,0.01455563499,0.2983653956,0.5547683291,0,-0.01384007572,5.635328907,-6.288117283
12.54,-75.34071531,0.01456758679,0.2991368048,0.5541159676,0,-0.0139093267,5.631525661,-6.286114593
12.55,-75.33402098,0.01457958244,0.299906866,0.5534648587,0,-0.01397886418,5.627716802,-6.284106293
12.56,-75.32730794,0.01459162203,0.3006755806,0.5528150005,0,-0.01404869002,5.623902357,-6.282092383
12.57,-75.3205762,0.01460370566,0.30144295,0.5521663914,0,-0.0141188061,5.620082357,-6.280072861
12.58,-75.31382575,0.01461583342,0.3022089758,0.5515190295,0,-0.01418921429,5.61625683,-6.278047726
12.59,-75.3070566,0.01462800539,0.3029736593,0.5508729131,0,-0.01425991648,5.612425805,-6.27601698
12.6,-75.30026873,0.01464022167,0.3037370019,0.5502280404,0,-0.01433091459,5.608589311,-6.27398062
12.61,-75.29346215,0.01465248235,0.3044990053,0.5495844097,0,-0.01440221053,5.604747378,-6.271938646
12.62,-75.28663686,0.01466478753,0.3052596707,0.5489420192,0,-0.01447380623,5.600900037,-6.269891059
12.63,-75.27979286,0.01467713729,0.3060189996,0.5483008671,0,-0.01454570361,5.597047316,-6.267837857
12.64,-75.27293014,0.01468953174,0.3067769935,0.5476609518,0,-0.01461790464,5.593189247,-6.265779041
12.65,-75.2660487,0.01470197095,0.3075336538,0.5470222715,0,-0.01469041126,5.58932586,-6.263714611
12.66,-75.25914855,0.01471445504,0.3082889819,0.5463848243,0,-0.01476322544,5.585457185,-6.261644566
12.67,-75.25222969,0.01472698408,0.3090429793,0.5457486087,0,-0.01483634917,5.581583254,-6.259568907
12.68,-75.24529211,0.01473955818,0.3097956473,0.5451136229,0,-0.01490978443,5.577704097,-6.257487634
12.69,-75.23833583,0.01475217742,0.3105469876,0.544479865,0,-0.01498353323,5.573819746,-6.255400748
12.7,-75.23136082,0.0147648419,0.3112970014,0.5438473335,0,-0.01505759757,5.569930233,-6.253308247
12.71,-75.22436711,0.01477755172,0.3120456902,0.5432160266,0,-0.01513197949,5.566035589,-6.251210134
12.72,-75.21735469,0.01479030696,0.3127930554,0.5425859425,0,-0.015206681,5.562135845,-6.249106408
12.73,-75.21032357,0.01480310772,0.3135390985,0.5419570796,0,-0.01528170416,5.558231035,-6.246997071
12.74,-75.20327374,0.0148159541,0.3142838209,0.5413294361,0,-0.01535705102,5.55432119,-6.244882122
12.75,-75.19620521,0.01482884619,0.315027224,0.5407030103,0,-0.01543272365,5.550406342,-6.242761563
12.76,-75.18911798,0.01484178408,0.3157693092,0.5400778005,0,-0.01550872412,5.546486525,-6.240635395
12.77,-75.18201206,0.01485476787,0.316510078,0.5394538051,0,-0.01558505451,5.54256177,-6.238503618
12.78,-75.17488745,0.01486779765,0.3172495317,0.5388310223,0,-0.01566171694,5.538632112,-6.236366234
12.79,-75.16774414,0.01488087351,0.3179876719,0.5382094503,0,-0.01573871349,5.534697583,-6.234223243
12.8,-75.16058216,0.01489399555,0.3187244999,0.5375890876,0,-0.01581604631,5.530758216,-6.232074648
12.81,-75.1534015,0.01490716385,0.3194600171,0.5369699324,0,-0.01589371751,5.526814046,-6.229920449
12.82,-75.14620216,0.01492037853,0.320194225,0.5363519831,0,-0.01597172923,5.522865104,-6.227760648
12.83,-75.13898415,0.01493363966,0.320927125,0.5357352379,0,-0.01605008364,5.518911426,-6.225595246
12.84,-75.13174748,0.01494694734,0.3216587184,0.5351196952,0,-0.01612878289,5.514953046,-6.223424245
12.85,-75.12449215,0.01496030166,0.3223890068,0.5345053533,0,-0.01620782916,5.510989996,-6.221247646
12.86,-75.11721817,0.01497370272,0.3231179915,0.5338922105,0,-0.01628722463,5.507022313,-6.219065452
12.87,-75.10992555,0.01498715061,0.3238456739,0.5332802651,0,-0.0163669715,5.503050029,-6.216877665
12.88,-75.10261429,0.01500064542,0.3245720554,0.5326695155,0,-0.01644707199,5.499073181,-6.214684286
12.89,-75.09528439,0.01501418724,0.3252971375,0.53205996,0,-0.0165275283,5.495091801,-6.212485316
12.9,-75.08793587,0.01502777617,0.3260209216,0.531451597,0,-0.01660834267,5.491105926,-6.21028076
12.91,-75.08056873,0.0150414123,0.326743409,0.5308444248,0,-0.01668951734,5.487115591,-6.208070618
12.92,-75.07318298,0.01505509573,0.3274646012,0.5302384416,0,-0.01677105457,5.48312083,-6.205854893
12.93,-75.06577863,0.01506882653,0.3281844996,0.529633646,0,-0.01685295662,5.479121679,-6.203633588
12.94,-75.05835568,0.01508260481,0.3289031056,0.5290300362,0,-0.01693522576,5.475118174,-6.201406705
12.95,-75.05091416,0.01509643066,0.3296204206,0.5284276105,0,-0.01701786428,5.47111035,-6.199174247
12.96,-75.04345405,0.01511030417,0.3303364459,0.5278263674,0,-0.01710087449,5.467098243,-6.196936215
12.97,-75.03597538,0.01512422542,0.331051183,0.5272263052,0,-0.01718425869,5.463081888,-6.194692614
12.98,-75.02847816,0.01513819452,0.3317646334,0.5266274222,0,-0.0172680192,5.459061322,-6.192443447
12.99,-75.02096238,0.01515221154,0.3324767983,0.5260297168,0,-0.01735215836,5.455036582,-6.190188715
13,-75.01342807,0.01516627659,0.3331876792,0.5254331874,0,-0.01743667851,5.451007703,-6.187928422
13.01,-75.00587524,0.01518038976,0.3338972775,0.5248378324,0,-0.01752158201,5.446974722,-6.185662571
13.02,-74.99830389,0.01519455112,0.3346055946,0.5242436501,0,-0.01760687123,5.442937675,-6.183391166
13.03,-74.99071403,0.01520876078,0.3353126318,0.5236506388,0,-0.01769254855,5.438896599,-6.18111421
13.04,-74.98310569,0.01522301882,0.3360183906,0.5230587971,0,-0.01777861636,5.434851532,-6.178831707
13.05,-74.97547886,0.01523732534,0.3367228724,0.5224681232,0,-0.01786507707,5.43080251,-6.176543659
13.06,-74.96783357,0.01525168041,0.3374260785,0.5218786156,0,-0.01795193309,5.42674957,-6.17425007
13.07,-74.96016982,0.01526608414,0.3381280104,0.5212902726,0,-0.01803918684,5.42269275,-6.171950945
13.08,-74.95248762,0.01528053661,0.3388286694,0.5207030926,0,-0.01812684078,5.418632086,-6.169646287
13.09,-74.944787,0.0152950379,0.3395280569,0.520117074,0,-0.01821489734,5.414567617,-6.1673361
13.1,-74.93706796,0.01530958812,0.3402261744,0.5195322152,0,-0.018303359,5.41049938,-6.165020388
13.11,-74.92933052,0.01532418734,0.3409230231,0.5189485147,0,-0.01839222823,5.406427412,-6.162699156
13.12,-74.92157469,0.01533883566,0.3416186046,0.5183659707,0,-0.01848150752,5.402351752,-6.160372406
13.13,-74.91380048,0.01535353315,0.3423129201,0.5177845818,0,-0.01857119937,5.398272438,-6.158040144
13.14,-74.90600791,0.01536827992,0.343005971,0.5172043463,0,-0.01866130629,5.394189507,-6.155702374
13.15,-74.898197,0.01538307604,0.3436977588,0.5166252626,0,-0.01875183081,5.390102999,-6.153359101
13.16,-74.89036776,0.01539792161,0.3443882849,0.5160473292,0,-0.01884277546,5.38601295,-6.151010328
13.17,-74.8825202,0.01541281671,0.3450775505,0.5154705444,0,-0.0189341428,5.381919401,-6.148656061
13.18,-74.87465435,0.01542776142,0.3457655571,0.5148949067,0,-0.01902593538,5.377822388,-6.146296305
13.19,-74.86677021,0.01544275584,0.3464523061,0.5143204145,0,-0.01911815578,5.373721952,-6.143931064
13.2,-74.85886781,0.01545780005,0.3471377988,0.5137470663,0,-0.01921080659,5.36961813,-6.141560343
13.21,-74.85094716,0.01547289413,0.3478220366,0.5131748604,0,-0.0193038904,5.365510961,-6.139184147
13.22,-74.84300827,0.01548803818,0.3485050209,0.5126037953,0,-0.01939740984,5.361400486,-6.136802482
13.23,-74.83505118,0.01550323227,0.3491867531,0.5120338694,0,-0.01949136751,5.357286741,-6.134415353
13.24,-74.82707588,0.01551847649,0.3498672345,0.5114650811,0,-0.01958576607,5.353169768,-6.132022764
13.25,-74.81908241,0.01553377093,0.3505464666,0.510897429,0,-0.01968060816,5.349049605,-6.129624722
13.26,-74.81107077,0.01554911566,0.3512244507,0.5103309113,0,-0.01977589645,5.344926291,-6.127221232
13.27,-74.803041,0.01556451078,0.3519011881,0.5097655267,0,-0.0198716336,5.340799866,-6.124812299
13.28,-74.7949931,0.01557995637,0.3525766803,0.5092012734,0,-0.01996782232,5.33667037,-6.122397929
13.29,-74.78692709,0.01559545252,0.3532509285,0.5086381501,0,-0.02006446529,5.332537842,-6.119978128
13.3,-74.77884301,0.01561099929,0.3539239343,0.508076155,0,-0.02016156524,5.328402322,-6.117552903
13.31,-74.77074086,0.01562659679,0.3545956989,0.5075152868,0,-0.02025912489,5.324263851,-6.115122257
13.32,-74.76262066,0.01564224508,0.3552662237,0.5069555437,0,-0.02035714699,5.320122467,-6.112686199
13.33,-74.75448245,0.01565794426,0.3559355101,0.5063969244,0,-0.02045563428,5.315978211,-6.110244734
13.34,-74.74632623,0.0156736944,0.3566035594,0.5058394272,0,-0.02055458953,5.311831123,-6.107797869
13.35,-74.73815203,0.01568949558,0.3572703731,0.5052830506,0,-0.02065401553,5.307681243,-6.105345608
13.36,-74.72995987,0.0157053479,0.3579359524,0.5047277931,0,-0.02075391506,5.303528612,-6.10288796
13.37,-74.72174977,0.01572125142,0.3586002988,0.5041736532,0,-0.02085429094,5.29937327,-6.100424931
13.38,-74.71352176,0.01573720624,0.3592634136,0.5036206293,0,-0.02095514598,5.295215258,-6.097956527
13.39,-74.70527585,0.01575321242,0.3599252982,0.5030687199,0,-0.02105648302,5.291054616,-6.095482755
13.4,-74.69701207,0.01576927006,0.3605859539,0.5025179234,0,-0.02115830489,5.286891384,-6.093003621
13.41,-74.68873045,0.01578537922,0.3612453821,0.5019682385,0,-0.02126061447,5.282725604,-6.090519134
13.42,-74.680431,0.01580154,0.3619035841,0.5014196635,0,-0.02136341463,5.278557317,-6.088029299
13.43,-74.67211375,0.01581775246,0.3625605614,0.5008721969,0,-0.02146670824,5.274386563,-6.085534124
13.44,-74.66377872,0.01583401669,0.3632163152,0.5003258372,0,-0.02157049822,5.270213382,-6.083033616
13.45,-74.65542594,0.01585033277,0.363870847,0.4997805829,0,-0.02167478748,5.266037817,-6.080527782
13.46,-74.64705543,0.01586670077,0.364524158,0.4992364326,0,-0.02177957894,5.261859909,-6.07801663
13.47,-74.63866722,0.01588312077,0.3651762497,0.4986933846,0,-0.02188487555,5.257679698,-6.075500167
13.48,-74.63026133,0.01589959286,0.3658271234,0.4981514375,0,-0.02199068026,5.253497225,-6.0729784
13.49,-74.62183779,0.0159161171,0.3664767804,0.4976105898,0,-0.02209699604,5.249312533,-6.070451338
13.5,-74.61339663,0.01593269357,0.3671252222,0.4970708401,0,-0.02220382587,5.245125662,-6.067918988
13.51,-74.60493786,0.01594932235,0.3677724499,0.4965321867,0,-0.02231117276,5.240936655,-6.065381358
13.52,-74.59646152,0.01596600352,0.3684184651,0.4959946282,0,-0.0224190397,5.236745551,-6.062838455
13.53,-74.58796763,0.01598273715,0.3690632691,0.4954581632,0,-0.02252742973,5.232552394,-6.060290289
13.54,-74.57945622,0.01599952332,0.3697068632,0.49492279,0,-0.02263634588,5.228357225,-6.057736866
13.55,-74.57092732,0.0160163621,0.3703492487,0.4943885074,0,-0.02274579121,5.224160084,-6.055178196
13.56,-74.56238095,0.01603325357,0.3709904271,0.4938553137,0,-0.02285576878,5.219961015,-6.052614285
13.57,-74.55381715,0.0160501978,0.3716303996,0.4933232075,0,-0.02296628168,5.215760059,-6.050045144
13.58,-74.54523593,0.01606719487,0.3722691676,0.4927921873,0,-0.02307733299,5.211557258,-6.04747078
13.59,-74.53663734,0.01608424484,0.3729067325,0.4922622516,0,-0.02318892583,5.207352654,-6.044891202
13.6,-74.52802139,0.01610134779,0.3735430955,0.491733399,0,-0.02330106333,5.203146288,-6.042306418
13.61,-74.51938813,0.0161185038,0.3741782582,0.491205628,0,-0.02341374861,5.198938204,-6.039716438
13.62,-74.51073756,0.01613571294,0.3748122217,0.4906789371,0,-0.02352698484,5.194728442,-6.037121269
13.63,-74.50206974,0.01615297528,0.3754449874,0.4901533248,0,-0.02364077517,5.190517045,-6.034520922
13.64,-74.49338468,0.01617029088,0.3760765568,0.4896287898,0,-0.0237551228,5.186304056,-6.031915404
13.65,-74.48468242,0.01618765983,0.376706931,0.4891053305,0,-0.02387003091,5.182089516,-6.029304726
13.66,-74.47596299,0.0162050822,0.3773361115,0.4885829454,0,-0.02398550271,5.177873468,-6.026688896
13.67,-74.46722641,0.01622255804,0.3779640997,0.4880616332,0,-0.02410154143,5.173655954,-6.024067924
13.68,-74.45847273,0.01624008744,0.3785908967,0.4875413923,0,-0.02421815031,5.169437017,-6.021441818
13.69,-74.44970196,0.01625767047,0.3792165041,0.4870222214,0,-0.02433533261,5.165216698,-6.018810589
13.7,-74.44091415,0.01627530718,0.3798409231,0.4865041189,0,-0.02445309158,5.160995041,-6.016174246
13.71,-74.43210933,0.01629299766,0.380464155,0.4859870834,0,-0.02457143052,5.156772087,-6.013532798
13.72,-74.42328752,0.01631074197,0.3810862013,0.4854711135,0,-0.02469035271,5.15254788,-6.010886256
13.73,-74.41444876,0.01632854018,0.3817070632,0.4849562078,0,-0.02480986149,5.148322462,-6.008234629
13.74,-74.40559309,0.01634639235,0.382326742,0.4844423647,0,-0.02492996016,5.144095876,-6.005577927
13.75,-74.39672054,0.01636429856,0.3829452392,0.4839295829,0,-0.02505065207,5.139868163,-6.002916161
13.76,-74.38783113,0.01638225887,0.3835625561,0.4834178608,0,-0.02517194059,5.135639368,-6.000249339
13.77,-74.37892491,0.01640027334,0.3841786939,0.4829071972,0,-0.02529382908,5.131409531,-5.997577473
13.78,-74.37000191,0.01641834205,0.384793654,0.4823975905,0,-0.02541632093,5.127178698,-5.994900572
13.79,-74.36106216,0.01643646505,0.3854074378,0.4818890393,0,-0.02553941954,5.122946909,-5.992218647
13.8,-74.35210569,0.01645464242,0.3860200466,0.4813815422,0,-0.02566312833,5.118714207,-5.989531708
13.81,-74.34313256,0.01647287422,0.3866314817,0.4808750978,0,-0.02578745073,5.114480637,-5.986839767
13.82,-74.33414277,0.01649116051,0.3872417444,0.4803697046,0,-0.02591239019,5.11024624,-5.984142832
13.83,-74.32513639,0.01650950136,0.3878508361,0.4798653613,0,-0.02603795018,5.106011058,-5.981440916
13.84,-74.31611343,0.01652789683,0.3884587581,0.4793620663,0,-0.02616413416,5.101775137,-5.978734029
13.85,-74.30707394,0.01654634698,0.3890655118,0.4788598184,0,-0.02629094563,5.097538517,-5.976022182
13.86,-74.29801795,0.01656485188,0.3896710984,0.478358616,0,-0.02641838811,5.093301241,-5.973305385
13.87,-74.2889455,0.01658341159,0.3902755193,0.4778584578,0,-0.02654646511,5.089063354,-5.97058365
13.88,-74.27985663,0.01660202617,0.3908787759,0.4773593423,0,-0.02667518017,5.084824897,-5.967856988
13.89,-74.27075137,0.01662069568,0.3914808694,0.4768612682,0,-0.02680453685,5.080585914,-5.96512541
13.9,-74.26162976,0.01663942018,0.3920818011,0.476364234,0,-0.02693453872,5.076346448,-5.962388928
13.91,-74.25249184,0.01665819974,0.3926815725,0.4758682384,0,-0.02706518936,5.072106541,-5.959647552
13.92,-74.24333765,0.0166770344,0.3932801848,0.4753732798,0,-0.02719649237,5.067866237,-5.956901294
13.93,-74.23416722,0.01669592424,0.3938776393,0.4748793571,0,-0.02732845137,5.063625579,-5.954150167
13.94,-74.2249806,0.01671486932,0.3944739375,0.4743864686,0,-0.02746106999,5.059384609,-5.95139418
13.95,-74.21577782,0.01673386968,0.3950690805,0.4738946131,0,-0.02759435188,5.055143371,-5.948633347
13.96,-74.20655893,0.01675292539,0.3956630697,0.4734037892,0,-0.02772830071,5.050901907,-5.945867678
13.97,-74.19732395,0.01677203651,0.3962559065,0.4729139954,0,-0.02786292014,5.046660261,-5.943097186
13.98,-74.18807294,0.01679120309,0.3968475921,0.4724252303,0,-0.02799821388,5.042418475,-5.940321883
13.99,-74.17880593,0.01681042519,0.397438128,0.4719374927,0,-0.02813418563,5.038176593,-5.93754178
14,-74.16952297,0.01682970286,0.3980275153,0.471450781,0,-0.02827083912,5.033934658,-5.934756891
14.01,-74.16022409,0.01684903617,0.3986157555,0.470965094,0,-0.0284081781,5.029692712,-5.931967226
14.02,-74.15090933,0.01686842517,0.3992028498,0.4704804302,0,-0.02854620631,5.025450799,-5.929172799
14.03,-74.14157874,0.0168878699,0.3997887996,0.4699967883,0,-0.02868492754,5.021208962,-5.926373621
14.04,-74.13223235,0.01690737044,0.4003736061,0.4695141668,0,-0.02882434557,5.016967244,-5.923569705
14.05,-74.12287021,0.01692692683,0.4009572708,0.4690325644,0,-0.0289644642,5.012725687,-5.920761064
14.06,-74.11349237,0.01694653911,0.4015397948,0.4685519798,0,-0.02910528727,5.008484334,-5.917947711
14.07,-74.10409886,0.01696620736,0.4021211796,0.4680724115,0,-0.02924681859,5.00424323,-5.915129657
14.08,-74.09468972,0.01698593162,0.4027014265,0.4675938582,0,-0.02938906204,5.000002416,-5.912306915
14.09,-74.085265,0.01700571194,0.4032805367,0.4671163185,0,-0.02953202147,4.995761935,-5.9094795
14.1,-74.07582474,0.01702554837,0.4038585116,0.466639791,0,-0.02967570077,4.991521831,-5.906647422
14.11,-74.06636899,0.01704544096,0.4044353524,0.4661642745,0,-0.02982010385,4.987282146,-5.903810696
14.12,-74.05689778,0.01706538977,0.4050110606,0.4656897675,0,-0.02996523461,4.983042924,-5.900969335
14.13,-74.04741117,0.01708539484,0.4055856374,0.4652162686,0,-0.030111097,4.978804206,-5.898123351
14.14,-74.03790919,0.01710545623,0.4061590841,0.4647437766,0,-0.03025769496,4.974566037,-5.895272758
14.15,-74.0283919,0.01712557398,0.406731402,0.46427229,0,-0.03040503246,4.970328459,-5.892417569
14.16,-74.01885932,0.01714574814,0.4073025925,0.4638018075,0,-0.03055311348,4.966091514,-5.889557797
14.17,-74.00931152,0.01716597876,0.4078726569,0.4633323278,0,-0.03070194201,4.961855246,-5.886693457
14.18,-73.99974854,0.01718626589,0.4084415964,0.4628638494,0,-0.03085152208,4.957619696,-5.883824561
14.19,-73.99017041,0.01720660957,0.4090094125,0.4623963711,0,-0.03100185771,4.953384909,-5.880951123
14.2,-73.98057719,0.01722700985,0.4095761062,0.4619298916,0,-0.03115295295,4.949150927,-5.878073157
14.21,-73.97096892,0.01724746678,0.4101416791,0.4614644093,0,-0.03130481187,4.944917792,-5.875190676
14.22,-73.96134565,0.0172679804,0.4107061324,0.4609999231,0,-0.03145743854,4.940685547,-5.872303695
14.23,-73.95170743,0.01728855075,0.4112694674,0.4605364316,0,-0.03161083705,4.936454235,-5.869412228
14.24,-73.94205429,0.01730917789,0.4118316855,0.4600739334,0,-0.03176501153,4.932223899,-5.866516287
14.25,-73.93238629,0.01732986185,0.4123927878,0.4596124271,0,-0.0319199661,4.92799458,-5.863615888
14.26,-73.92270348,0.01735060268,0.4129527758,0.4591519116,0,-0.0320757049,4.923766321,-5.860711044
14.27,-73.9130059,0.01737140042,0.4135116507,0.4586923854,0,-0.0322322321,4.919539166,-5.85780177
14.28,-73.9032936,0.01739225511,0.4140694138,0.4582338471,0,-0.03238955187,4.915313156,-5.85488808
14.29,-73.89356663,0.01741316679,0.4146260665,0.4577762955,0,-0.03254766842,4.911088334,-5.851969988
14.3,-73.88382503,0.01743413551,0.41518161,0.4573197293,0,-0.03270658594,4.906864742,-5.849047509
14.31,-73.87406886,0.01745516131,0.4157360457,0.4568641471,0,-0.03286630868,4.902642422,-5.846120657
14.32,-73.86429815,0.01747624422,0.4162893748,0.4564095475,0,-0.03302684086,4.898421417,-5.843189446
14.33,-73.85451297,0.01749738429,0.4168415987,0.4559559293,0,-0.03318818677,4.89420177,-5.840253892
14.34,-73.84471336,0.01751858155,0.4173927186,0.4555032912,0,-0.03335035066,4.889983522,-5.837314009
14.35,-73.83489937,0.01753983605,0.4179427359,0.4550516317,0,-0.03351333684,4.885766715,-5.834369812
14.36,-73.82507105,0.01756114782,0.4184916518,0.4546009497,0,-0.03367714961,4.881551392,-5.831421316
14.37,-73.81522845,0.01758251689,0.4190394677,0.4541512437,0,-0.03384179331,4.877337595,-5.828468535
14.38,-73.80537161,0.01760394331,0.4195861848,0.4537025125,0,-0.03400727228,4.873125365,-5.825511484
14.39,-73.7955006,0.01762542712,0.4201318044,0.4532547547,0,-0.03417359088,4.868914745,-5.822550179
14.4,-73.78561545,0.01764696833,0.4206763279,0.4528079691,0,-0.03434075348,4.864705777,-5.819584635
14.41,-73.77571622,0.01766856701,0.4212197566,0.4523621543,0,-0.03450876448,4.860498503,-5.816614867
14.42,-73.76580297,0.01769022316,0.4217620916,0.4519173091,0,-0.03467762829,4.856292963,-5.81364089
14.43,-73.75587573,0.01771193684,0.4223033345,0.451473432,0,-0.03484734934,4.852089201,-5.810662719
14.44,-73.74593457,0.01773370808,0.4228434863,0.4510305219,0,-0.03501793207,4.847887258,-5.80768037
14.45,-73.73597953,0.0177555369,0.4233825485,0.4505885773,0,-0.03518938095,4.843687175,-5.804693858
14.46,-73.72601066,0.01777742333,0.4239205222,0.4501475971,0,-0.03536170044,4.839488994,-5.801703198
14.47,-73.71602802,0.01779936742,0.4244574089,0.4497075799,0,-0.03553489505,4.835292757,-5.798708407
14.48,-73.70603167,0.0178213692,0.4249932098,0.4492685244,0,-0.03570896929,4.831098505,-5.7957095
14.49,-73.69602164,0.01784342868,0.4255279262,0.4488304292,0,-0.03588392769,4.82690628,-5.792706493
14.5,-73.685998,0.01786554591,0.4260615594,0.4483932932,0,-0.03605977478,4.822716123,-5.789699401
14.51,-73.6759608,0.01788772091,0.4265941106,0.447957115,0,-0.03623651514,4.818528074,-5.78668824
14.52,-73.66591009,0.01790995371,0.4271255813,0.4475218934,0,-0.03641415333,4.814342176,-5.783673026
14.53,-73.65584592,0.01793224433,0.4276559726,0.4470876269,0,-0.03659269396,4.81015847,-5.780653775
14.54,-73.64576834,0.01795459282,0.4281852858,0.4466543145,0,-0.03677214164,4.805976996,-5.777630503
14.55,-73.63567742,0.01797699919,0.4287135223,0.4462219546,0,-0.03695250099,4.801797796,-5.774603227
14.56,-73.6255732,0.01799946347,0.4292406833,0.4457905462,0,-0.03713377666,4.797620911,-5.771571961
14.57,-73.61545574,0.01802198568,0.4297667702,0.4453600878,0,-0.03731597332,4.793446381,-5.768536723
14.58,-73.6053251,0.01804456586,0.4302917841,0.4449305782,0,-0.03749909564,4.789274248,-5.765497529
14.59,-73.59518131,0.01806720402,0.4308157264,0.4445020162,0,-0.03768314832,4.785104551,-5.762454394
14.6,-73.58502445,0.01808990019,0.4313385985,0.4440744004,0,-0.03786813608,4.780937333,-5.759407336
14.61,-73.57485457,0.0181126544,0.4318604014,0.4436477295,0,-0.03805406363,4.776772633,-5.756356371
14.62,-73.56467172,0.01813546666,0.4323811367,0.4432220024,0,-0.03824093574,4.772610491,-5.753301515
14.63,-73.55447595,0.01815833701,0.4329008055,0.4427972176,0,-0.03842875716,4.76845095,-5.750242785
14.64,-73.54426732,0.01818126545,0.4334194091,0.442373374,0,-0.03861753267,4.764294047,-5.747180197
14.65,-73.53404589,0.01820425201,0.4339369488,0.4419504703,0,-0.03880726707,4.760139825,-5.744113768
14.66,-73.52381172,0.01822729672,0.4344534259,0.4415285051,0,-0.03899796518,4.755988323,-5.741043515
14.67,-73.51356485,0.01825039959,0.4349688416,0.4411074773,0,-0.03918963182,4.751839582,-5.737969455
14.68,-73.50330535,0.01827356063,0.4354831974,0.4406873855,0,-0.03938227184,4.74769364,-5.734891604
14.69,-73.49303326,0.01829677988,0.4359964943,0.4402682285,0,-0.03957589012,4.74355054,-5.731809979
14.7,-73.48274866,0.01832005735,0.4365087338,0.439850005,0,-0.03977049152,4.739410319,-5.728724597
14.71,-73.47245159,0.01834339305,0.4370199171,0.4394327138,0,-0.03996608094,4.735273018,-5.725635476
14.72,-73.46214211,0.01836678701,0.4375300454,0.4390163536,0,-0.04016266331,4.731138678,-5.722542632
14.73,-73.45182027,0.01839023923,0.4380391202,0.4386009231,0,-0.04036024356,4.727007336,-5.719446082
14.74,-73.44148615,0.01841374974,0.4385471425,0.4381864211,0,-0.04055882662,4.722879034,-5.716345844
14.75,-73.43113978,0.01843731854,0.4390541138,0.4377728463,0,-0.04075841747,4.71875381,-5.713241934
14.76,-73.42078123,0.01846094566,0.4395600353,0.4373601974,0,-0.04095902109,4.714631703,-5.71013437
14.77,-73.41041057,0.01848463111,0.4400649082,0.4369484733,0,-0.04116064248,4.710512754,-5.70702317
14.78,-73.40002783,0.01850837489,0.4405687339,0.4365376726,0,-0.04136328665,4.706397001,-5.70390835
14.79,-73.38963309,0.01853217703,0.4410715137,0.4361277941,0,-0.04156695864,4.702284483,-5.700789928
14.8,-73.3792264,0.01855603753,0.4415732487,0.4357188366,0,-0.04177166349,4.69817524,-5.697667921
14.81,-73.36880782,0.01857995641,0.4420739403,0.4353107987,0,-0.04197740627,4.69406931,-5.694542347
14.82,-73.35837741,0.01860393367,0.4425735898,0.4349036793,0,-0.04218419207,4.689966732,-5.691413224
14.83,-73.34793523,0.01862796933,0.4430721984,0.4344974771,0,-0.04239202597,4.685867544,-5.688280569
14.84,-73.33748133,0.01865206339,0.4435697674,0.4340921908,0,-0.04260091311,4.681771786,-5.6851444
14.85,-73.32701578,0.01867621587,0.444066298,0.4336878193,0,-0.0428108586,4.677679496,-5.682004734
14.86,-73.31653863,0.01870042677,0.4445617917,0.4332843612,0,-0.0430218676,4.673590712,-5.678861589
14.87,-73.30604994,0.01872469609,0.4450562495,0.4328818153,0,-0.04323394528,4.669505473,-5.675714983
14.88,-73.29554978,0.01874902386,0.4455496728,0.4324801805,0,-0.04344709681,4.665423817,-5.672564934
14.89,-73.2850382,0.01877341006,0.4460420629,0.4320794553,0,-0.04366132739,4.661345781,-5.66941146
14.9,-73.27451526,0.01879785471,0.4465334211,0.4316796387,0,-0.04387664225,4.657271405,-5.666254578
14.91,-73.26398102,0.01882235782,0.4470237485,0.4312807293,0,-0.04409304661,4.653200725,-5.663094307
14.92,-73.25343555,0.01884691938,0.4475130465,0.430882726,0,-0.04431054572,4.649133781,-5.659930665
14.93,-73.2428789,0.01887153939,0.4480013164,0.4304856274,0,-0.04452914484,4.645070609,-5.656763669
14.94,-73.23231112,0.01889621788,0.4484885593,0.4300894324,0,-0.04474884926,4.641011246,-5.653593337
14.95,-73.2217323,0.01892095482,0.4489747767,0.4296941398,0,-0.04496966427,4.636955732,-5.650419689
14.96,-73.21114247,0.01894575023,0.4494599697,0.4292997482,0,-0.04519159519,4.632904102,-5.647242742
14.97,-73.20054171,0.01897060411,0.4499441396,0.4289062566,0,-0.04541464735,4.628856395,-5.644062514
14.98,-73.18993008,0.01899551646,0.4504272876,0.4285136635,0,-0.0456388261,4.624812647,-5.640879023
14.99,-73.17930763,0.01902048727,0.4509094152,0.4281219679,0,-0.04586413679,4.620772896,-5.637692289
15,-73.16867443,0.01904551655,0.4513905234,0.4277311685,0,-0.0460905848,4.616737178,-5.634502328
15.01,-73.15803053,0.01907060429,0.4518706136,0.427341264,0,-0.04631817555,4.612705531,-5.63130916
15.02,-73.14737601,0.01909575049,0.4523496871,0.4269522533,0,-0.04654691442,4.608677991,-5.628112803
15.03,-73.13671092,0.01912095515,0.452827745,0.4265641351,0,-0.04677680686,4.604654594,-5.624913276
15.04,-73.12603532,0.01914621827,0.4533047888,0.4261769082,0,-0.0470078583,4.600635378,-5.621710597
15.05,-73.11534928,0.01917153983,0.4537808195,0.4257905714,0,-0.04724007421,4.596620378,-5.618504784
15.06,-73.10465285,0.01919691984,0.4542558385,0.4254051234,0,-0.04747346007,4.592609632,-5.615295856
15.07,-73.09394611,0.01922235829,0.4547298471,0.4250205631,0,-0.04770802136,4.588603174,-5.612083832
15.08,-73.0832291,0.01924785517,0.4552028465,0.4246368892,0,-0.04794376359,4.584601042,-5.60886873
15.09,-73.0725019,0.01927341048,0.455674838,0.4242541005,0,-0.0481806923,4.580603271,-5.605650569
15.1,-73.06176456,0.0192990242,0.4561458228,0.4238721958,0,-0.04841881301,4.576609897,-5.602429368
15.11,-73.05101715,0.01932469634,0.4566158022,0.4234911739,0,-0.04865813129,4.572620955,-5.599205146
15.12,-73.04025974,0.01935042687,0.4570847775,0.4231110336,0,-0.0488986527,4.568636482,-5.595977921
15.13,-73.02949237,0.01937621579,0.4575527498,0.4227317737,0,-0.04914038284,4.564656513,-5.592747712
15.14,-73.01871513,0.0194020631,0.4580197205,0.4223533929,0,-0.04938332731,4.560681083,-5.589514538
15.15,-73.00792806,0.01942796877,0.4584856909,0.42197589,0,-0.04962749173,4.556710227,-5.586278417
15.16,-72.99713123,0.0194539328,0.4589506621,0.4215992639,0,-0.04987288173,4.552743981,-5.58303937
15.17,-72.98632471,0.01947995518,0.4594146355,0.4212235134,0,-0.05011950297,4.548782379,-5.579797414
15.18,-72.97550856,0.01950603588,0.4598776122,0.4208486371,0,-0.05036736111,4.544825457,-5.576552569
15.19,-72.96468284,0.01953217491,0.4603395936,0.420474634,0,-0.05061646183,4.540873248,-5.573304853
15.2,-72.95384762,0.01955837223,0.4608005809,0.4201015028,0,-0.05086681083,4.536925789,-5.570054287
15.21,-72.94300296,0.01958462785,0.4612605753,0.4197292424,0,-0.05111841382,4.532983113,-5.566800888
15.22,-72.93214892,0.01961094174,0.4617195781,0.4193578514,0,-0.05137127654,4.529045254,-5.563544676
15.23,-72.92128557,0.01963731388,0.4621775906,0.4189873288,0,-0.05162540472,4.525112248,-5.56028567
15.24,-72.91041297,0.01966374426,0.462634614,0.4186176733,0,-0.05188080413,4.521184127,-5.55702389
15.25,-72.89953118,0.01969023286,0.4630906496,0.4182488837,0,-0.05213748053,4.517260927,-5.553759353
15.26,-72.88864027,0.01971677966,0.4635456986,0.4178809589,0,-0.05239543973,4.51334268,-5.55049208
15.27,-72.8777403,0.01974338464,0.4639997622,0.4175138976,0,-0.05265468751,4.509429422,-5.547222091
15.28,-72.86683134,0.01977004778,0.4644528417,0.4171476986,0,-0.05291522971,4.505521184,-5.543949403
15.29,-72.85591345,0.01979676907,0.4649049384,0.4167823608,0,-0.05317707216,4.501618001,-5.540674036
15.3,-72.8449867,0.01982354848,0.4653560535,0.416417883,0,-0.0534402207,4.497719907,-5.537396011
15.31,-72.83405115,0.01985038598,0.4658061883,0.4160542639,0,-0.0537046812,4.493826934,-5.534115345
15.32,-72.82310686,0.01987728156,0.4662553439,0.4156915024,0,-0.05397045955,4.489939116,-5.530832058
15.33,-72.8121539,0.01990423519,0.4667035217,0.4153295973,0,-0.05423756163,4.486056485,-5.527546171
15.34,-72.80119234,0.01993124685,0.4671507229,0.4149685473,0,-0.05450599335,4.482179074,-5.524257701
15.35,-72.79022223,0.01995831651,0.4675969488,0.4146083514,0,-0.05477576064,4.478306917,-5.52096667
15.36,-72.77924365,0.01998544415,0.4680422005,0.4142490084,0,-0.05504686944,4.474440045,-5.517673095
15.37,-72.76825666,0.02001262974,0.4684864793,0.4138905169,0,-0.05531932569,4.470578492,-5.514376997
15.38,-72.75726131,0.02003987325,0.4689297865,0.4135328759,0,-0.05559313537,4.466722289,-5.511078394
15.39,-72.74625769,0.02006717466,0.4693721234,0.4131760842,0,-0.05586830446,4.462871468,-5.507777308
15.4,-72.73524585,0.02009453394,0.4698134911,0.4128201406,0,-0.05614483896,4.459026063,-5.504473756
15.41,-72.72422586,0.02012195106,0.4702538909,0.412465044,0,-0.05642274486,4.455186104,-5.501167759
15.42,-72.71319779,0.02014942598,0.470693324,0.412110793,0,-0.05670202821,4.451351623,-5.497859336
15.43,-72.70216169,0.02017695869,0.4711317917,0.4117573866,0,-0.05698269503,4.447522653,-5.494548507
15.44,-72.69111764,0.02020454914,0.4715692952,0.4114048236,0,-0.05726475138,4.443699224,-5.491235291
15.45,-72.6800657,0.02023219731,0.4720058358,0.4110531028,0,-0.05754820332,4.439881368,-5.487919709
15.46,-72.66900593,0.02025990316,0.4724414147,0.410702223,0,-0.05783305694,4.436069117,-5.484601779
15.47,-72.6579384,0.02028766666,0.4728760331,0.410352183,0,-0.05811931834,4.432262501,-5.481281521
15.48,-72.64686318,0.02031548778,0.4733096923,0.4100029818,0,-0.05840699361,4.428461551,-5.477958955
15.49,-72.63578034,0.02034336648,0.4737423936,0.409654618,0,-0.05869608888,4.424666298,-5.474634101
15.5,-72.62468993,0.02037130273,0.474174138,0.4093070906,0,-0.05898661029,4.420876774,-5.471306978
15.51,-72.61359202,0.02039929649,0.474604927,0.4089603983,0,-0.05927856398,4.417093007,-5.467977607
15.52,-72.60248669,0.02042734772,0.4750347617,0.40861454,0,-0.05957195612,4.41331503,-5.464646006
15.53,-72.59137399,0.02045545639,0.4754636433,0.4082695146,0,-0.05986679288,4.409542872,-5.461312196
15.54,-72.58025399,0.02048362245,0.4758915731,0.4079253208,0,-0.06016308046,4.405776563,-5.457976196
15.55,-72.56912675,0.02051184588,0.4763185523,0.4075819574,0,-0.06046082504,4.402016133,-5.454638026
15.56,-72.55799235,0.02054012662,0.4767445822,0.4072394234,0,-0.06076003286,4.398261613,-5.451297706
15.57,-72.54685085,0.02056846465,0.477169664,0.4068977176,0,-0.06106071013,4.394513031,-5.447955256
15.58,-72.53570232,0.02059685991,0.4775937989,0.4065568387,0,-0.06136286311,4.390770418,-5.444610695
15.59,-72.52454681,0.02062531237,0.4780169882,0.4062167856,0,-0.06166649803,4.387033803,-5.441264044
15.6,-72.5133844,0.02065382198,0.478439233,0.4058775572,0,-0.06197162117,4.383303215,-5.437915321
15.61,-72.50221516,0.02068238871,0.4788605346,0.4055391523,0,-0.06227823881,4.379578684,-5.434564548
15.62,-72.49103914,0.02071101251,0.4792808943,0.4052015698,0,-0.06258635724,4.375860238,-5.431211743
15.63,-72.47985642,0.02073969333,0.4797003133,0.4048648084,0,-0.06289598277,4.372147906,-5.427856927
15.64,-72.46866707,0.02076843112,0.4801187927,0.404528867,0,-0.06320712171,4.368441718,-5.42450012
15.65,-72.45747114,0.02079722585,0.4805363339,0.4041937445,0,-0.06351978038,4.364741701,-5.421141341
15.66,-72.4462687,0.02082607747,0.480952938,0.4038594397,0,-0.06383396514,4.361047884,-5.41778061
15.67,-72.43505982,0.02085498592,0.4813686063,0.4035259514,0,-0.06414968234,4.357360296,-5.414417947
15.68,-72.42384458,0.02088395117,0.48178334,0.4031932785,0,-0.06446693833,4.353678964,-5.411053373
15.69,-72.41262302,0.02091297316,0.4821971404,0.4028614199,0,-0.0647857395,4.350003917,-5.407686906
15.7,-72.40139522,0.02094205184,0.4826100085,0.4025303743,0,-0.06510609224,4.346335182,-5.404318567
15.71,-72.39016125,0.02097118716,0.4830219458,0.4022001407,0,-0.06542800295,4.342672788,-5.400948376
15.72,-72.37892117,0.02100037907,0.4834329534,0.4018707178,0,-0.06575147804,4.339016762,-5.397576352
15.73,-72.36767505,0.02102962753,0.4838430324,0.4015421045,0,-0.06607652393,4.33536713,-5.394202516
15.74,-72.35642296,0.02105893247,0.4842521843,0.4012142997,0,-0.06640314706,4.331723922,-5.390826887
15.75,-72.34516495,0.02108829385,0.48466041,0.4008873022,0,-0.06673135387,4.328087163,-5.387449486
15.76,-72.33390111,0.02111771161,0.485067711,0.4005611109,0,-0.06706115083,4.324456881,-5.384070332
15.77,-72.32263148,0.0211471857,0.4854740884,0.4002357246,0,-0.0673925444,4.320833103,-5.380689445
15.78,-72.31135615,0.02117671606,0.4858795434,0.3999111421,0,-0.06772554106,4.317215855,-5.377306845
15.79,-72.30007517,0.02120630264,0.4862840772,0.3995873624,0,-0.0680601473,4.313605164,-5.373922552
15.8,-72.28878862,0.02123594538,0.4866876911,0.3992643843,0,-0.06839636962,4.310001056,-5.370536587
15.81,-72.27749656,0.02126564422,0.4870903863,0.3989422066,0,-0.06873421454,4.306403558,-5.367148968
15.82,-72.26619905,0.02129539911,0.487492164,0.3986208282,0,-0.06907368858,4.302812696,-5.363759715
15.83,-72.25489617,0.02132520999,0.4878930253,0.3983002479,0,-0.06941479826,4.299228496,-5.36036885
15.84,-72.24358797,0.02135507679,0.4882929716,0.3979804646,0,-0.06975755014,4.295650984,-5.356976391
15.85,-72.23227453,0.02138499946,0.4886920041,0.3976614772,0,-0.07010195077,4.292080185,-5.353582359
15.86,-72.22095591,0.02141497794,0.4890901239,0.3973432845,0,-0.0704480067,4.288516125,-5.350186773
15.87,-72.20963218,0.02144501216,0.4894873323,0.3970258853,0,-0.07079572451,4.284958829,-5.346789654
15.88,-72.1983034,0.02147510207,0.4898836304,0.3967092786,0,-0.07114511079,4.281408323,-5.34339102
15.89,-72.18696964,0.0215052476,0.4902790195,0.3963934632,0,-0.07149617213,4.277864632,-5.339990893
15.9,-72.17563097,0.02153544869,0.4906735009,0.3960784379,0,-0.07184891513,4.274327781,-5.336589292
15.91,-72.16428746,0.02156570527,0.4910670757,0.3957642017,0,-0.07220334639,4.270797794,-5.333186237
15.92,-72.15293916,0.02159601728,0.491459745,0.3954507533,0,-0.07255947255,4.267274696,-5.329781748
15.93,-72.14158615,0.02162638465,0.4918515103,0.3951380917,0,-0.07291730023,4.263758513,-5.326375845
15.94,-72.13022849,0.02165680733,0.4922423725,0.3948262157,0,-0.07327683607,4.260249267,-5.322968547
15.95,-72.11886625,0.02168728523,0.492632333,0.3945151242,0,-0.07363808672,4.256746984,-5.319559875
15.96,-72.10749949,0.02171781829,0.493021393,0.394204816,0,-0.07400105883,4.253251688,-5.316149848
15.97,-72.09612829,0.02174840645,0.4934095537,0.39389529,0,-0.07436575908,4.249763402,-5.312738486
15.98,-72.0847527,0.02177904963,0.4937968162,0.3935865451,0,-0.07473219412,4.24628215,-5.309325809
15.99,-72.07337279,0.02180974777,0.4941831818,0.3932785801,0,-0.07510037066,4.242807957,-5.305911838
16,-72.06198864,0.0218405008,0.4945686516,0.3929713939,0,-0.07547029537,4.239340844,-5.302496591
16.01,-72.05060029,0.02187130864,0.494953227,0.3926649854,0,-0.07584197496,4.235880837,-5.299080088
16.02,-72.03920783,0.02190217122,0.4953369091,0.3923593535,0,-0.07621541613,4.232427958,-5.29566235
16.03,-72.02781132,0.02193308848,0.495719699,0.392054497,0,-0.07659062559,4.228982229,-5.292243396
16.04,-72.01641082,0.02196406033,0.4961015981,0.3917504148,0,-0.07696761008,4.225543675,-5.288823246
16.05,-72.0050064,0.0219950867,0.4964826074,0.3914471057,0,-0.07734637631,4.222112318,-5.285401919
16.06,-71.99359812,0.02202616752,0.4968627283,0.3911445687,0,-0.07772693103,4.21868818,-5.281979436
16.07,-71.98218606,0.02205730272,0.4972419618,0.3908428026,0,-0.07810928098,4.215271284,-5.278555817
16.08,-71.97077027,0.02208849221,0.4976203092,0.3905418062,0,-0.07849343291,4.211861652,-5.27513108
16.09,-71.95935082,0.02211973592,0.4979977718,0.3902415786,0,-0.07887939359,4.208459306,-5.271705246
16.1,-71.94792778,0.02215103378,0.4983743506,0.3899421184,0,-0.07926716977,4.205064269,-5.268278335
16.11,-71.93650122,0.02218238571,0.498750047,0.3896434247,0,-0.07965676822,4.201676562,-5.264850365
16.12,-71.92507119,0.02221379162,0.499124862,0.3893454963,0,-0.08004819574,4.198296208,-5.261421358
16.13,-71.91363777,0.02224525143,0.4994987969,0.389048332,0,-0.0804414591,4.194923227,-5.257991332
16.14,-71.90220102,0.02227676508,0.4998718529,0.3887519308,0,-0.08083656509,4.191557641,-5.254560307
16.15,-71.89076101,0.02230833247,0.5002440312,0.3884562915,0,-0.08123352051,4.188199472,-5.251128303
16.16,-71.8793178,0.02233995353,0.5006153329,0.3881614131,0,-0.08163233217,4.18484874,-5.247695339
16.17,-71.86787145,0.02237162817,0.5009857593,0.3878672943,0,-0.08203300687,4.181505467,-5.244261436
16.18,-71.85642204,0.02240335632,0.5013553116,0.387573934,0,-0.08243555143,4.178169673,-5.240826612
16.19,-71.84496962,0.02243513788,0.5017239909,0.3872813312,0,-0.08283997267,4.174841379,-5.237390887
16.2,-71.83351427,0.02246697277,0.5020917985,0.3869894848,0,-0.08324627742,4.171520606,-5.233954282
16.21,-71.82205605,0.02249886092,0.5024587355,0.3866983936,0,-0.0836544725,4.168207375,-5.230516814
16.22,-71.81059502,0.02253080222,0.5028248031,0.3864080564,0,-0.08406456476,4.164901704,-5.227078505
16.23,-71.79913124,0.02256279661,0.5031900025,0.3861184723,0,-0.08447656103,4.161603615,-5.223639373
16.24,-71.78766479,0.02259484398,0.5035543349,0.38582964,0,-0.08489046816,4.158313128,-5.220199437
16.25,-71.77619573,0.02262694425,0.5039178016,0.3855415585,0,-0.085306293,4.155030262,-5.216758718
16.26,-71.76472412,0.02265909735,0.5042804036,0.3852542266,0,-0.0857240424,4.151755037,-5.213317235
16.27,-71.75325002,0.02269130316,0.5046421421,0.3849676432,0,-0.08614372323,4.148487473,-5.209875007
16.28,-71.74177351,0.02272356161,0.5050030184,0.3846818072,0,-0.08656534234,4.145227589,-5.206432054
16.29,-71.73029465,0.02275587261,0.5053630337,0.3843967176,0,-0.08698890661,4.141975404,-5.202988395
16.3,-71.7188135,0.02278823607,0.505722189,0.3841123731,0,-0.0874144229,4.138730938,-5.199544049
16.31,-71.70733012,0.02282065189,0.5060804857,0.3838287728,0,-0.08784189809,4.135494208,-5.196099036
16.32,-71.69584458,0.02285311998,0.5064379249,0.3835459154,0,-0.08827133905,4.132265235,-5.192653375
16.33,-71.68435695,0.02288564025,0.5067945077,0.3832637998,0,-0.08870275267,4.129044037,-5.189207086
16.34,-71.67286729,0.0229182126,0.5071502353,0.382982425,0,-0.08913614583,4.125830632,-5.185760187
16.35,-71.66137566,0.02295083695,0.507505109,0.3827017899,0,-0.08957152541,4.122625039,-5.182312698
16.36,-71.64988213,0.02298351319,0.50785913,0.3824218933,0,-0.09000889832,4.119427276,-5.178864638
16.37,-71.63838676,0.02301624124,0.5082122993,0.3821427341,0,-0.09044827143,4.11623736,-5.175416027
16.38,-71.62688961,0.02304902099,0.5085646181,0.3818643113,0,-0.09088965164,4.113055311,-5.171966883
16.39,-71.61539075,0.02308185235,0.5089160878,0.3815866237,0,-0.09133304585,4.109881146,-5.168517226
16.4,-71.60389025,0.02311473522,0.5092667093,0.3813096701,0,-0.09177846096,4.106714882,-5.165067075
16.41,-71.59238816,0.0231476695,0.509616484,0.3810334497,0,-0.09222590387,4.103556537,-5.161616448
16.42,-71.58088455,0.02318065509,0.5099654129,0.3807579611,0,-0.09267538148,4.100406129,-5.158165366
16.43,-71.56937949,0.02321369191,0.5103134973,0.3804832033,0,-0.09312690069,4.097263674,-5.154713847
16.44,-71.55787303,0.02324677983,0.5106607383,0.3802091752,0,-0.09358046841,4.09412919,-5.15126191
16.45,-71.54636525,0.02327991877,0.5110071371,0.3799358757,0,-0.09403609155,4.091002694,-5.147809574
16.46,-71.5348562,0.02331310863,0.5113526949,0.3796633037,0,-0.094493777,4.087884202,-5.144356859
16.47,-71.52334594,0.02334634929,0.5116974129,0.3793914581,0,-0.09495353169,4.084773731,-5.140903782
16.48,-71.51183454,0.02337964067,0.5120412921,0.3791203379,0,-0.09541536252,4.081671298,-5.137450363
16.49,-71.50032207,0.02341298265,0.5123843339,0.3788499418,0,-0.09587927639,4.078576919,-5.133996622
16.5,-71.48880859,0.02344637513,0.5127265393,0.3785802688,0,-0.09634528021,4.07549061,-5.130542576
16.51,-71.47729415,0.02347981801,0.5130679096,0.3783113178,0,-0.0968133809,4.072412387,-5.127088244
16.52,-71.46577882,0.02351331118,0.5134084458,0.3780430877,0,-0.09728358537,4.069342267,-5.123633647
16.53,-71.45426267,0.02354685453,0.5137481493,0.3777755774,0,-0.09775590051,4.066280265,-5.120178801
16.54,-71.44274575,0.02358044797,0.514087021,0.3775087859,0,-0.09823033325,4.063226397,-5.116723726
16.55,-71.43122814,0.02361409138,0.5144250623,0.3772427119,0,-0.09870689048,4.060180678,-5.113268441
16.56,-71.41970988,0.02364778465,0.5147622742,0.3769773545,0,-0.09918557911,4.057143123,-5.109812964
16.57,-71.40819105,0.02368152768,0.515098658,0.3767127124,0,-0.09966640605,4.054113749,-5.106357315
16.58,-71.3966717,0.02371532036,0.5154342148,0.3764487848,0,-0.1001493782,4.05109257,-5.102901511
16.59,-71.3851519,0.02374916258,0.5157689457,0.3761855703,0,-0.1006345025,4.048079601,-5.099445571
16.6,-71.37363171,0.02378305423,0.516102852,0.375923068,0,-0.1011217858,4.045074857,-5.095989514
16.61,-71.3621112,0.02381699519,0.5164359348,0.3756612768,0,-0.1016112349,4.042078352,-5.092533359
16.62,-71.35059041,0.02385098536,0.5167681952,0.3754001955,0,-0.1021028569,4.039090101,-5.089077123
16.63,-71.33906942,0.02388502463,0.5170996344,0.375139823,0,-0.1025966587,4.036110119,-5.085620826
16.64,-71.32754828,0.02391911288,0.5174302536,0.3748801584,0,-0.103092647,4.03313842,-5.082164485
16.65,-71.31602706,0.02395324999,0.5177600539,0.3746212004,0,-0.1035908287,4.030175018,-5.078708119
16.66,-71.30450582,0.02398743586,0.5180890366,0.374362948,0,-0.1040912109,4.027219927,-5.075251747
16.67,-71.29298462,0.02402167037,0.5184172026,0.3741054001,0,-0.1045938003,4.024273161,-5.071795387
16.68,-71.28146352,0.02405595341,0.5187445533,0.3738485557,0,-0.1050986039,4.021334733,-5.068339057
16.69,-71.26994259,0.02409028486,0.5190710898,0.3735924136,0,-0.1056056284,4.018404658,-5.064882776
16.7,-71.25842187,0.0241246646,0.5193968131,0.3733369727,0,-0.1061148809,4.015482948,-5.061426561
16.71,-71.24690144,0.02415909252,0.5197217246,0.373082232,0,-0.1066263681,4.012569617,-5.057970431
16.72,-71.23538135,0.02419356849,0.5200458252,0.3728281903,0,-0.1071400969,4.009664678,-5.054514404
16.73,-71.22386166,0.02422809241,0.5203691163,0.3725748466,0,-0.1076560741,4.006768145,-5.051058498
16.74,-71.21234244,0.02426266415,0.5206915989,0.3723221999,0,-0.1081743068,4.003880029,-5.047602731
16.75,-71.20082374,0.0242972836,0.5210132742,0.3720702489,0,-0.1086948016,4.001000345,-5.044147122
16.76,-71.18930563,0.02433195062,0.5213341433,0.3718189927,0,-0.1092175654,3.998129104,-5.040691688
16.77,-71.17778816,0.02436666511,0.5216542074,0.3715684301,0,-0.1097426051,3.995266319,-5.037236447
16.78,-71.16627139,0.02440142695,0.5219734676,0.37131856,0,-0.1102699275,3.992412002,-5.033781417
16.79,-71.15475539,0.024436236,0.5222919252,0.3710693815,0,-0.1107995395,3.989566166,-5.030326617
16.8,-71.14324021,0.02447109216,0.5226095812,0.3708208933,0,-0.1113314478,3.986728823,-5.026872063
16.81,-71.13172592,0.02450599529,0.5229264367,0.3705730945,0,-0.1118656593,3.983899985,-5.023417775
16.82,-71.12021256,0.02454094527,0.5232424931,0.3703259839,0,-0.1124021808,3.981079663,-5.019963769
16.83,-71.10870021,0.02457594198,0.5235577512,0.3700795604,0,-0.112941019,3.97826787,-5.016510063
16.84,-71.09718892,0.0246109853,0.5238722125,0.369833823,0,-0.1134821809,3.975464616,-5.013056675
16.85,-71.08567874,0.02464607509,0.5241858778,0.3695887707,0,-0.1140256732,3.972669914,-5.009603623
16.86,-71.07416975,0.02468121124,0.5244987485,0.3693444022,0,-0.1145715027,3.969883775,-5.006150925
16.87,-71.06266199,0.02471639362,0.5248108257,0.3691007166,0,-0.1151196761,3.967106209,-5.002698597
16.88,-71.05115553,0.02475162209,0.5251221105,0.3688577127,0,-0.1156702002,3.964337229,-4.999246658
16.89,-71.03965042,0.02478689655,0.525432604,0.3686153895,0,-0.1162230818,3.961576844,-4.995795125
16.9,-71.02814672,0.02482221684,0.5257423073,0.3683737459,0,-0.1167783277,3.958825066,-4.992344016
16.91,-71.01664449,0.02485758286,0.5260512218,0.3681327809,0,-0.1173359445,3.956081905,-4.988893348
16.92,-71.00514379,0.02489299446,0.5263593483,0.3678924933,0,-0.1178959391,3.953347372,-4.985443137
16.93,-70.99364468,0.02492845153,0.5266666882,0.367652882,0,-0.1184583181,3.950621477,-4.981993403
16.94,-70.98214721,0.02496395392,0.5269732425,0.3674139461,0,-0.1190230884,3.947904231,-4.978544162
16.95,-70.97065144,0.02499950151,0.5272790124,0.3671756844,0,-0.1195902565,3.945195643,-4.975095431
16.96,-70.95915742,0.02503509417,0.5275839991,0.3669380959,0,-0.1201598292,3.942495724,-4.971647227
16.97,-70.94766523,0.02507073176,0.5278882035,0.3667011795,0,-0.1207318132,3.939804484,-4.968199568
16.98,-70.93617491,0.02510641416,0.528191627,0.366464934,0,-0.1213062152,3.937121933,-4.964752472
16.99,-70.92468651,0.02514214122,0.5284942706,0.3662293585,0,-0.1218830418,3.934448079,-4.961305954
17,-70.91320011,0.02517791283,0.5287961354,0.3659944519,0,-0.1224622997,3.931782933,-4.957860032
17.01,-70.90171574,0.02521372884,0.5290972226,0.3657602131,0,-0.1230439956,3.929126504,-4.954414723
17.02,-70.89023348,0.02524958912,0.5293975333,0.365526641,0,-0.1236281361,3.926478801,-4.950970044
17.03,-70.87875337,0.02528549353,0.5296970687,0.3652937345,0,-0.1242147279,3.923839833,-4.947526012
17.04,-70.86727548,0.02532144194,0.5299958299,0.3650614927,0,-0.1248037775,3.92120961,-4.944082644
17.05,-70.85579986,0.02535743421,0.530293818,0.3648299143,0,-0.1253952916,3.918588141,-4.940639957
17.06,-70.84432656,0.02539347021,0.5305910341,0.3645989985,0,-0.1259892767,3.915975433,-4.937197967
17.07,-70.83285564,0.0254295498,0.5308874794,0.3643687439,0,-0.1265857395,3.913371496,-4.933756692
17.08,-70.82138716,0.02546567285,0.531183155,0.3641391498,0,-0.1271846866,3.910776338,-4.930316147
17.09,-70.80992117,0.0255018392,0.531478062,0.3639102148,0,-0.1277861244,3.908189968,-4.92687635
17.1,-70.79845773,0.02553804873,0.5317722016,0.3636819381,0,-0.1283900596,3.905612394,-4.923437318
17.11,-70.78699689,0.0255743013,0.5320655748,0.3634543184,0,-0.1289964987,3.903043624,-4.919999066
17.12,-70.77553871,0.02561059677,0.5323581829,0.3632273548,0,-0.1296054482,3.900483666,-4.916561612
17.13,-70.76408324,0.02564693499,0.5326500268,0.3630010462,0,-0.1302169146,3.897932528,-4.913124971
17.14,-70.75263054,0.02568331583,0.5329411078,0.3627753916,0,-0.1308309044,3.895390218,-4.909689161
17.15,-70.74118066,0.02571973914,0.533231427,0.3625503897,0,-0.1314474242,3.892856744,-4.906254197
17.16,-70.72973366,0.02575620479,0.5335209855,0.3623260397,0,-0.1320664803,3.890332113,-4.902820097
17.17,-70.71828959,0.02579271262,0.5338097844,0.3621023404,0,-0.1326880793,3.887816332,-4.899386876
17.18,-70.7068485,0.02582926251,0.5340978248,0.3618792908,0,-0.1333122275,3.885309409,-4.895954551
17.19,-70.69541046,0.02586585431,0.5343851079,0.3616568898,0,-0.1339389314,3.882811351,-4.892523137
17.2,-70.68397551,0.02590248786,0.5346716347,0.3614351364,0,-0.1345681975,3.880322165,-4.889092652
17.21,-70.6725437,0.02593916304,0.5349574064,0.3612140294,0,-0.1352000321,3.877841858,-4.88566311
17.22,-70.6611151,0.02597587969,0.5352424242,0.3609935679,0,-0.1358344416,3.875370438,-4.882234529
17.23,-70.64968975,0.02601263766,0.535526689,0.3607737507,0,-0.1364714324,3.87290791,-4.878806925
17.24,-70.63826771,0.02604943682,0.5358102021,0.3605545769,0,-0.1371110108,3.870454281,-4.875380312
17.25,-70.62684903,0.02608627702,0.5360929645,0.3603360453,0,-0.1377531832,3.868009558,-4.871954708
17.26,-70.61543376,0.02612315811,0.5363749774,0.3601181549,0,-0.1383979558,3.865573747,-4.868530127
17.27,-70.60402196,0.02616007995,0.5366562419,0.3599009046,0,-0.1390453351,3.863146855,-4.865106587
17.28,-70.59261367,0.02619704238,0.5369367591,0.3596842934,0,-0.1396953272,3.860728887,-4.861684102
17.29,-70.58120896,0.02623404526,0.5372165301,0.3594683202,0,-0.1403479385,3.85831985,-4.858262689
17.3,-70.56980788,0.02627108845,0.5374955559,0.359252984,0,-0.1410031752,3.855919749,-4.854842363
17.31,-70.55841046,0.02630817178,0.5377738378,0.3590382838,0,-0.1416610435,3.853528591,-4.851423139
17.32,-70.54701678,0.02634529512,0.5380513769,0.3588242183,0,-0.1423215498,3.851146381,-4.848005034
17.33,-70.53562688,0.02638245832,0.5383281742,0.3586107867,0,-0.1429847,3.848773124,-4.844588063
17.34,-70.52424081,0.02641966121,0.5386042308,0.3583979879,0,-0.1436505006,3.846408827,-4.841172242
17.35,-70.51285862,0.02645690366,0.5388795479,0.3581858207,0,-0.1443189575,3.844053494,-4.837757585
17.36,-70.50148036,0.02649418551,0.5391541265,0.3579742842,0,-0.1449900771,3.841707131,-4.834344109
17.37,-70.49010609,0.02653150662,0.5394279679,0.3577633772,0,-0.1456638653,3.839369743,-4.830931828
17.38,-70.47873586,0.02656886682,0.539701073,0.3575530989,0,-0.1463403283,3.837041334,-4.827520758
17.39,-70.46736971,0.02660626597,0.5399734429,0.357343448,0,-0.1470194722,3.83472191,-4.824110914
17.4,-70.45600771,0.02664370391,0.5402450789,0.3571344235,0,-0.1477013031,3.832411477,-4.820702312
17.41,-70.44464989,0.0266811805,0.5405159819,0.3569260244,0,-0.1483858271,3.830110037,-4.817294967
17.42,-70.43329631,0.02671869557,0.5407861531,0.3567182497,0,-0.14907305,3.827817596,-4.813888893
17.43,-70.42194702,0.02675624897,0.5410555936,0.3565110983,0,-0.1497629781,3.825534159,-4.810484106
17.44,-70.41060207,0.02679384056,0.5413243045,0.3563045691,0,-0.1504556172,3.823259729,-4.80708062
17.45,-70.3992615,0.02683147017,0.5415922869,0.3560986611,0,-0.1511509733,3.820994312,-4.803678451
17.46,-70.38792538,0.02686913764,0.5418595418,0.3558933732,0,-0.1518490525,3.81873791,-4.800277614
17.47,-70.37659375,0.02690684284,0.5421260705,0.3556887045,0,-0.1525498605,3.816490529,-4.796878124
17.48,-70.36526665,0.02694458558,0.5423918739,0.3554846538,0,-0.1532534034,3.814252172,-4.793479995
17.49,-70.35394414,0.02698236573,0.5426569532,0.3552812201,0,-0.1539596869,3.812022843,-4.790083241
17.5,-70.34262626,0.02702018313,0.5429213094,0.3550784024,0,-0.1546687171,3.809802546,-4.786687879
17.51,-70.33131307,0.02705803761,0.5431849438,0.3548761995,0,-0.1553804996,3.807591284,-4.783293922
17.52,-70.32000462,0.02709592902,0.5434478572,0.3546746106,0,-0.1560950404,3.805389062,-4.779901385
17.53,-70.30870094,0.0271338572,0.543710051,0.3544736345,0,-0.1568123452,3.803195881,-4.776510283
17.54,-70.2974021,0.02717182199,0.5439715261,0.3542732702,0,-0.1575324199,3.801011746,-4.773120629
17.55,-70.28610813,0.02720982324,0.5442322836,0.3540735166,0,-0.1582552701,3.79883666,-4.76973244
17.56,-70.27481909,0.02724786078,0.5444923246,0.3538743727,0,-0.1589809016,3.796670626,-4.766345728
17.57,-70.26353503,0.02728593446,0.5447516503,0.3536758375,0,-0.1597093201,3.794513647,-4.762960508
17.58,-70.25225599,0.02732404411,0.5450102617,0.3534779099,0,-0.1604405313,3.792365726,-4.759576796
17.59,-70.24098201,0.02736218958,0.5452681598,0.3532805889,0,-0.1611745408,3.790226866,-4.756194604
17.6,-70.22971316,0.0274003707,0.5455253459,0.3530838734,0,-0.1619113543,3.788097069,-4.752813947
17.61,-70.21844946,0.02743858731,0.5457818209,0.3528877624,0,-0.1626509774,3.785976338,-4.749434839
17.62,-70.20719098,0.02747683925,0.546037586,0.3526922549,0,-0.1633934157,3.783864676,-4.746057294
17.63,-70.19593776,0.02751512636,0.5462926422,0.3524973498,0,-0.1641386747,3.781762084,-4.742681327
17.64,-70.18468984,0.02755344848,0.5465469907,0.3523030461,0,-0.16488676,3.779668566,-4.739306952
17.65,-70.17344727,0.02759180545,0.5468006325,0.3521093427,0,-0.165637677,3.777584123,-4.735934181
17.66,-70.1622101,0.02763019709,0.5470535686,0.3519162387,0,-0.1663914313,3.775508758,-4.73256303
17.67,-70.15097837,0.02766862326,0.5473058003,0.3517237329,0,-0.1671480284,3.773442472,-4.729193511
17.68,-70.13975213,0.02770708378,0.5475573285,0.3515318243,0,-0.1679074736,3.771385268,-4.72582564
17.69,-70.12853143,0.02774557849,0.5478081543,0.351340512,0,-0.1686697724,3.769337147,-4.722459429
17.7,-70.11731631,0.02778410722,0.5480582789,0.3511497948,0,-0.1694349301,3.767298111,-4.719094892
17.71,-70.10610681,0.02782266982,0.5483077032,0.3509596718,0,-0.1702029522,3.765268162,-4.715732043
17.72,-70.09490299,0.02786126611,0.5485564285,0.3507701418,0,-0.1709738439,3.7632473,-4.712370896
17.73,-70.08370488,0.02789989594,0.5488044556,0.3505812039,0,-0.1717476105,3.761235529,-4.709011463
17.74,-70.07251253,0.02793855912,0.5490517859,0.3503928571,0,-0.1725242573,3.759232848,-4.705653759
17.75,-70.06132599,0.02797725551,0.5492984202,0.3502051002,0,-0.1733037895,3.757239259,-4.702297797
17.76,-70.0501453,0.02801598493,0.5495443597,0.3500179324,0,-0.1740862124,3.755254764,-4.698943589
17.77,-70.0389705,0.02805474722,0.5497896055,0.3498313524,0,-0.1748715312,3.753279363,-4.695591151
17.78,-70.02780165,0.02809354221,0.5500341586,0.3496453594,0,-0.175659751,3.751313058,-4.692240494
17.79,-70.01663877,0.02813236973,0.5502780202,0.3494599522,0,-0.1764508769,3.749355848,-4.688891632
17.8,-70.00548193,0.02817122961,0.5505211912,0.3492751299,0,-0.1772449141,3.747407736,-4.685544578
17.81,-69.99433115,0.02821012169,0.5507636727,0.3490908915,0,-0.1780418676,3.745468721,-4.682199346
17.82,-69.98318649,0.02824904579,0.5510054659,0.3489072358,0,-0.1788417425,3.743538804,-4.678855948
17.83,-69.97204799,0.02828800176,0.5512465718,0.3487241618,0,-0.1796445437,3.741617986,-4.675514397
17.84,-69.96091569,0.02832698941,0.5514869914,0.3485416687,0,-0.1804502763,3.739706267,-4.672174706
17.85,-69.94978963,0.02836600859,0.5517267259,0.3483597552,0,-0.1812589453,3.737803648,-4.668836889
17.86,-69.93866986,0.02840505911,0.5519657763,0.3481784204,0,-0.1820705555,3.735910128,-4.665500957
17.87,-69.92755642,0.02844414082,0.5522041436,0.3479976633,0,-0.1828851118,3.734025709,-4.662166925
17.88,-69.91644935,0.02848325354,0.552441829,0.3478174828,0,-0.1837026192,3.732150389,-4.658834804
17.89,-69.90534869,0.0285223971,0.5526788334,0.3476378779,0,-0.1845230824,3.730284168,-4.655504607
17.9,-69.89425449,0.02856157133,0.5529151581,0.3474588476,0,-0.1853465062,3.728427048,-4.652176347
17.91,-69.88316679,0.02860077606,0.5531508039,0.3472803909,0,-0.1861728955,3.726579027,-4.648850036
17.92,-69.87208563,0.02864001112,0.5533857721,0.3471025067,0,-0.1870022549,3.724740105,-4.645525688
17.93,-69.86101104,0.02867927633,0.5536200636,0.346925194,0,-0.1878345892,3.722910282,-4.642203313
17.94,-69.84994309,0.02871857153,0.5538536795,0.3467484519,0,-0.188669903,3.721089558,-4.638882926
17.95,-69.83888179,0.02875789655,0.5540866209,0.3465722792,0,-0.189508201,3.719277931,-4.635564538
17.96,-69.8278272,0.0287972512,0.5543188888,0.346396675,0,-0.1903494878,3.717475401,-4.632248161
17.97,-69.81677936,0.02883663532,0.5545504843,0.3462216382,0,-0.1911937679,3.715681968,-4.628933808
17.98,-69.80573831,0.02887604873,0.5547814085,0.3460471678,0,-0.192041046,3.71389763,-4.625621492
17.99,-69.79470408,0.02891549126,0.5550116624,0.3458732628,0,-0.1928913265,3.712122387,-4.622311223
18,-69.78367672,0.02895496275,0.555241247,0.3456999222,0,-0.1937446139,3.710356237,-4.619003015
18.01,-69.77265626,0.028994463,0.5554701635,0.345527145,0,-0.1946009126,3.708599181,-4.615696879
18.02,-69.76164276,0.02903399186,0.5556984128,0.3453549301,0,-0.1954602271,3.706851215,-4.612392827
18.03,-69.75063624,0.02907354914,0.5559259961,0.3451832765,0,-0.1963225618,3.70511234,-4.609090872
18.04,-69.73963675,0.02911313468,0.5561529144,0.3450121833,0,-0.1971879209,3.703382554,-4.605791024
18.05,-69.72864432,0.02915274829,0.5563791687,0.3448416493,0,-0.1980563088,3.701661855,-4.602493297
18.06,-69.71765901,0.0291923898,0.5566047602,0.3446716737,0,-0.1989277298,3.699950242,-4.599197702
18.07,-69.70668083,0.02923205904,0.5568296897,0.3445022553,0,-0.1998021881,3.698247714,-4.59590425
18.08,-69.69570984,0.02927175583,0.5570539585,0.3443333931,0,-0.2006796878,3.696554269,-4.592612953
18.09,-69.68474608,0.02931147999,0.5572775675,0.3441650862,0,-0.2015602333,3.694869905,-4.589323824
18.1,-69.67378957,0.02935123136,0.5575005178,0.3439973336,0,-0.2024438285,3.69319462,-4.586036872
18.11,-69.66284037,0.02939100975,0.5577228105,0.3438301341,0,-0.2033304777,3.691528412,-4.582752111
18.12,-69.6518985,0.02943081498,0.5579444465,0.3436634869,0,-0.2042201848,3.68987128,-4.579469551
18.13,-69.64096401,0.02947064689,0.558165427,0.3434973909,0,-0.2051129538,3.688223221,-4.576189204
18.14,-69.63003694,0.02951050529,0.558385753,0.343331845,0,-0.2060087889,3.686584234,-4.572911081
18.15,-69.61911731,0.02955039001,0.5586054255,0.3431668484,0,-0.2069076938,3.684954316,-4.569635194
18.16,-69.60820518,0.02959030086,0.5588244456,0.3430023999,0,-0.2078096726,3.683333464,-4.566361553
18.17,-69.59730057,0.02963023768,0.5590428143,0.3428384985,0,-0.2087147291,3.681721677,-4.563090171
18.18,-69.58640353,0.02967020028,0.5592605327,0.3426751433,0,-0.2096228672,3.680118952,-4.559821058
18.19,-69.57551408,0.02971018849,0.5594776018,0.3425123333,0,-0.2105340906,3.678525287,-4.556554225
18.2,-69.56463228,0.02975020213,0.5596940226,0.3423500674,0,-0.2114484031,3.676940679,-4.553289683
18.21,-69.55375815,0.02979024102,0.5599097962,0.3421883446,0,-0.2123658085,3.675365125,-4.550027444
18.22,-69.54289173,0.02983030498,0.5601249237,0.342027164,0,-0.2132863103,3.673798622,-4.546767518
18.23,-69.53203306,0.02987039383,0.560339406,0.3418665245,0,-0.2142099124,3.672241169,-4.543509917
18.24,-69.52118217,0.0299105074,0.5605532442,0.3417064251,0,-0.2151366182,3.670692761,-4.54025465
18.25,-69.5103391,0.0299506455,0.5607664394,0.3415468648,0,-0.2160664314,3.669153396,-4.537001729
18.26,-69.49950388,0.02999080795,0.5609789926,0.3413878427,0,-0.2169993555,3.667623071,-4.533751165
18.27,-69.48867656,0.03003099459,0.5611909048,0.3412293576,0,-0.217935394,3.666101783,-4.530502968
18.28,-69.47785716,0.03007120522,0.561402177,0.3410714087,0,-0.2188745503,3.664589529,-4.527257149
18.29,-69.46704573,0.03011143967,0.5616128103,0.3409139948,0,-0.2198168279,3.663086305,-4.524013718
18.3,-69.45624229,0.03015169775,0.5618228058,0.3407571151,0,-0.22076223,3.661592108,-4.520772687
18.31,-69.44544688,0.03019197929,0.5620321644,0.3406007685,0,-0.2217107602,3.660106934,-4.517534065
18.32,-69.43465954,0.03023228411,0.5622408872,0.340444954,0,-0.2226624216,3.658630781,-4.514297863
18.33,-69.42388031,0.03027261203,0.5624489752,0.3402896706,0,-0.2236172175,3.657163645,-4.511064092
18.34,-69.4131092,0.03031296286,0.5626564295,0.3401349173,0,-0.2245751511,3.655705522,-4.507832761
18.35,-69.40234627,0.03035333642,0.5628632511,0.3399806932,0,-0.2255362256,3.654256408,-4.504603881
18.36,-69.39159154,0.03039373254,0.563069441,0.3398269971,0,-0.2265004441,3.6528163,-4.501377462
18.37,-69.38084505,0.03043415103,0.5632750002,0.3396738282,0,-0.2274678097,3.651385194,-4.498153514
18.38,-69.37010683,0.03047459172,0.5634799298,0.3395211854,0,-0.2284383255,3.649963086,-4.494932048
18.39,-69.35937691,0.03051505441,0.5636842308,0.3393690677,0,-0.2294119945,3.648549971,-4.491713074
18.4,-69.34865534,0.03055553893,0.5638879042,0.3392174742,0,-0.2303888195,3.647145847,-4.488496601
18.41,-69.33794213,0.0305960451,0.5640909511,0.3390664038,0,-0.2313688037,3.645750709,-4.48528264
18.42,-69.32723733,0.03063657273,0.5642933724,0.3389158556,0,-0.2323519497,3.644364553,-4.4820712
18.43,-69.31654097,0.03067712165,0.5644951693,0.3387658285,0,-0.2333382605,3.642987374,-4.478862292
18.44,-69.30585308,0.03071769167,0.5646963427,0.3386163216,0,-0.2343277389,3.641619168,-4.475655924
18.45,-69.29517369,0.0307582826,0.5648968936,0.3384673339,0,-0.2353203876,3.640259932,-4.472452108
18.46,-69.28450284,0.03079889428,0.5650968231,0.3383188644,0,-0.2363162093,3.638909659,-4.469250852
18.47,-69.27384056,0.0308395265,0.5652961321,0.338170912,0,-0.2373152067,3.637568347,-4.466052167
18.48,-69.26318687,0.0308801791,0.5654948218,0.3380234759,0,-0.2383173824,3.636235991,-4.462856061
18.49,-69.25254182,0.03092085188,0.5656928931,0.3378765549,0,-0.2393227389,3.634912585,-4.459662545
18.5,-69.24190543,0.03096154467,0.5658903471,0.3377301482,0,-0.2403312789,3.633598125,-4.456471628
18.51,-69.23127773,0.03100225728,0.5660871847,0.3375842548,0,-0.2413430048,3.632292607,-4.45328332
18.52,-69.22065876,0.03104298953,0.5662834071,0.3374388736,0,-0.2423579191,3.630996026,-4.450097629
18.53,-69.21004855,0.03108374124,0.5664790151,0.3372940037,0,-0.2433760241,3.629708376,-4.446914566
18.54,-69.19944713,0.03112451221,0.5666740098,0.337149644,0,-0.2443973222,3.628429653,-4.443734139
18.55,-69.18885453,0.03116530228,0.5668683923,0.3370057937,0,-0.2454218157,3.627159851,-4.440556358
18.56,-69.17827077,0.03120611125,0.5670621635,0.3368624517,0,-0.246449507,3.625898967,-4.437381232
18.57,-69.1676959,0.03124693895,0.5672553244,0.336719617,0,-0.2474803981,3.624646994,-4.43420877
18.58,-69.15712994,0.03128778518,0.5674478762,0.3365772886,0,-0.2485144914,3.623403928,-4.431038982
18.59,-69.14657292,0.03132864976,0.5676398197,0.3364354657,0,-0.2495517888,3.622169762,-4.427871876
18.6,-69.13602487,0.03136953252,0.567831156,0.3362941471,0,-0.2505922926,3.620944493,-4.424707461
18.61,-69.12548582,0.03141043326,0.5680218862,0.3361533319,0,-0.2516360047,3.619728114,-4.421545747
18.62,-69.11495581,0.0314513518,0.5682120111,0.3360130191,0,-0.2526829271,3.61852062,-4.418386743
18.63,-69.10443485,0.03149228796,0.5684015319,0.3358732078,0,-0.2537330619,3.617322006,-4.415230456
18.64,-69.09392299,0.03153324155,0.5685904495,0.335733897,0,-0.2547864108,3.616132266,-4.412076896
18.65,-69.08342024,0.03157421239,0.568778765,0.3355950856,0,-0.2558429757,3.614951394,-4.408926073
18.66,-69.07292664,0.0316152003,0.5689664793,0.3354567728,0,-0.2569027585,3.613779385,-4.405777993
18.67,-69.06244222,0.03165620508,0.5691535934,0.3353189574,0,-0.257965761,3.612616232,-4.402632667
18.68,-69.05196701,0.03169722656,0.5693401085,0.3351816387,0,-0.2590319847,3.611461931,-4.399490103
18.69,-69.04150103,0.03173826454,0.5695260253,0.3350448155,0,-0.2601014314,3.610316476,-4.396350309
18.7,-69.03104431,0.03177931886,0.5697113451,0.3349084869,0,-0.2611741028,3.60917986,-4.393213294
18.71,-69.02059689,0.03182038931,0.5698960687,0.334772652,0,-0.2622500003,3.608052077,-4.390079067
18.72,-69.01015878,0.03186147572,0.5700801972,0.3346373097,0,-0.2633291255,3.606933122,-4.386947635
18.73,-68.99973003,0.03190257789,0.5702637316,0.3345024591,0,-0.2644114799,3.605822988,-4.383819008
18.74,-68.98931064,0.03194369565,0.5704466729,0.3343680993,0,-0.2654970649,3.60472167,-4.380693193
18.75,-68.97890066,0.03198482881,0.570629022,0.3342342292,0,-0.2665858819,3.60362916,-4.377570199
18.76,-68.96850011,0.03202597719,0.57081078,0.3341008478,0,-0.2676779322,3.602545454,-4.374450034
18.77,-68.95810902,0.03206714059,0.5709919479,0.3339679542,0,-0.2687732171,3.601470543,-4.371332707
18.78,-68.94772742,0.03210831884,0.5711725267,0.3338355475,0,-0.2698717378,3.600404423,-4.368218225
18.79,-68.93735532,0.03214951175,0.5713525173,0.3337036267,0,-0.2709734955,3.599347087,-4.365106596
18.8,-68.92699276,0.03219071913,0.5715319208,0.3335721907,0,-0.2720784914,3.598298528,-4.361997829
18.81,-68.91663977,0.03223194079,0.5717107382,0.3334412387,0,-0.2731867265,3.59725874,-4.358891932
18.82,-68.90629637,0.03227317656,0.5718889704,0.3333107696,0,-0.2742982019,3.596227716,-4.355788912
18.83,-68.89596259,0.03231442625,0.5720666184,0.3331807826,0,-0.2754129186,3.595205449,-4.352688778
18.84,-68.88563846,0.03235568966,0.5722436834,0.3330512765,0,-0.2765308774,3.594191933,-4.349591538
18.85,-68.87532399,0.03239696662,0.5724201661,0.3329222505,0,-0.2776520793,3.593187162,-4.346497198
18.86,-68.86501922,0.03243825694,0.5725960677,0.3327937037,0,-0.2787765252,3.592191127,-4.343405767
18.87,-68.85472418,0.03247956043,0.5727713891,0.332665635,0,-0.2799042158,3.591203823,-4.340317254
18.88,-68.84443888,0.03252087691,0.5729461313,0.3325380434,0,-0.2810351518,3.590225243,-4.337231664
18.89,-68.83416336,0.03256220619,0.5731202954,0.3324109281,0,-0.2821693339,3.589255379,-4.334149007
18.9,-68.82389763,0.03260354809,0.5732938822,0.332284288,0,-0.2833067628,3.588294225,-4.331069289
18.91,-68.81364173,0.03264490241,0.5734668928,0.3321581222,0,-0.2844474391,3.587341773,-4.327992518
18.92,-68.80339567,0.03268626898,0.5736393282,0.3320324297,0,-0.2855913632,3.586398017,-4.324918702
18.93,-68.79315949,0.03272764761,0.5738111893,0.3319072097,0,-0.2867385357,3.585462949,-4.321847848
18.94,-68.78293321,0.03276903812,0.5739824771,0.331782461,0,-0.287888957,3.584536562,-4.318779964
18.95,-68.77271686,0.0328104403,0.5741531927,0.3316581828,0,-0.2890426275,3.583618849,-4.315715057
18.96,-68.76251044,0.03285185399,0.574323337,0.3315343741,0,-0.2901995475,3.582709802,-4.312653133
18.97,-68.75231401,0.032893279,0.574492911,0.331411034,0,-0.2913597173,3.581809414,-4.309594202
18.98,-68.74212756,0.03293471513,0.5746619156,0.3312881614,0,-0.2925231372,3.580917678,-4.306538269
18.99,-68.73195114,0.0329761622,0.574830352,0.3311657555,0,-0.2936898072,3.580034587,-4.303485342
19,-68.72178476,0.03301762003,0.5749982209,0.3310438152,0,-0.2948597275,3.579160132,-4.300435428
19.01,-68.71162845,0.03305908843,0.5751655235,0.3309223397,0,-0.2960328982,3.578294306,-4.297388534
19.02,-68.70148222,0.03310056722,0.5753322607,0.330801328,0,-0.2972093193,3.577437101,-4.294344667
19.03,-68.69134612,0.0331420562,0.5754984335,0.3306807791,0,-0.2983889907,3.576588511,-4.291303835
19.04,-68.68122015,0.0331835552,0.5756640428,0.330560692,0,-0.2995719124,3.575748527,-4.288266044
19.05,-68.67110434,0.03322506402,0.5758290897,0.3304410659,0,-0.3007580843,3.574917141,-4.285231301
19.06,-68.66099871,0.03326658248,0.575993575,0.3303218998,0,-0.3019475061,3.574094346,-4.282199613
19.07,-68.65090329,0.0333081104,0.5761574999,0.3302031927,0,-0.3031401776,3.573280133,-4.279170986
19.08,-68.6408181,0.03334964758,0.5763208653,0.3300849436,0,-0.3043360985,3.572474496,-4.276145429
19.09,-68.63074315,0.03339119385,0.576483672,0.3299671517,0,-0.3055352684,3.571677425,-4.273122946
19.1,-68.62067849,0.03343274901,0.5766459212,0.329849816,0,-0.306737687,3.570888914,-4.270103546
19.11,-68.61062412,0.03347431289,0.5768076138,0.3297329355,0,-0.3079433537,3.570108953,-4.267087235
19.12,-68.60058006,0.03351588529,0.5769687508,0.3296165093,0,-0.3091522681,3.569337535,-4.264074019
19.13,-68.59054635,0.03355746602,0.5771293331,0.3295005365,0,-0.3103644296,3.568574652,-4.261063904
19.14,-68.580523,0.03359905491,0.5772893617,0.329385016,0,-0.3115798376,3.567820295,-4.258056899
19.15,-68.57051003,0.03364065177,0.5774488376,0.3292699471,0,-0.3127984914,3.567074456,-4.255053008
19.16,-68.56050746,0.03368225641,0.5776077617,0.3291553286,0,-0.3140203902,3.566337128,-4.252052239
19.17,-68.55051532,0.03372386864,0.577766135,0.3290411597,0,-0.3152455334,3.565608301,-4.249054597
19.18,-68.54053363,0.03376548828,0.5779239586,0.3289274395,0,-0.31647392,3.564887967,-4.24606009
19.19,-68.53056241,0.03380711515,0.5780812332,0.3288141669,0,-0.3177055491,3.564176119,-4.243068723
19.2,-68.52060168,0.03384874905,0.57823796,0.3287013411,0,-0.3189404199,3.563472747,-4.240080503
19.21,-68.51065145,0.03389038981,0.5783941399,0.3285889611,0,-0.3201785313,3.562777843,-4.237095436
19.22,-68.50071176,0.03393203723,0.5785497739,0.328477026,0,-0.3214198822,3.562091398,-4.234113528
19.23,-68.49078262,0.03397369113,0.5787048628,0.3283655349,0,-0.3226644716,3.561413404,-4.231134786
19.24,-68.48086405,0.03401535133,0.5788594078,0.3282544867,0,-0.3239122983,3.560743853,-4.228159215
19.25,-68.47095607,0.03405701764,0.5790134096,0.3281438806,0,-0.325163361,3.560082735,-4.225186822
19.26,-68.46105871,0.03409868987,0.5791668694,0.3280337157,0,-0.3264176585,3.559430041,-4.222217612
19.27,-68.45117198,0.03414036784,0.5793197881,0.3279239909,0,-0.3276751895,3.558785764,-4.219251593
19.28,-68.44129589,0.03418205136,0.5794721666,0.3278147055,0,-0.3289359525,3.558149895,-4.216288768
19.29,-68.43143049,0.03422374025,0.5796240059,0.3277058583,0,-0.3301999462,3.557522423,-4.213329146
19.3,-68.42157577,0.03426543432,0.5797753069,0.3275974486,0,-0.331467169,3.556903342,-4.21037273
19.31,-68.41173176,0.03430713339,0.5799260706,0.3274894754,0,-0.3327376194,3.556292641,-4.207419528
19.32,-68.40189848,0.03434883727,0.580076298,0.3273819376,0,-0.3340112957,3.555690312,-4.204469545
19.33,-68.39207596,0.03439054578,0.5802259901,0.3272748346,0,-0.3352881963,3.555096345,-4.201522787
19.34,-68.3822642,0.03443225873,0.5803751477,0.3271681652,0,-0.3365683196,3.554510732,-4.198579259
19.35,-68.37246323,0.03447397593,0.5805237719,0.3270619285,0,-0.3378516636,3.553933464,-4.195638968
19.36,-68.36267306,0.03451569721,0.5806718635,0.3269561237,0,-0.3391382266,3.553364531,-4.192701918
19.37,-68.35289372,0.03455742237,0.5808194236,0.3268507498,0,-0.3404280066,3.552803924,-4.189768116
19.38,-68.34312522,0.03459915124,0.5809664531,0.3267458058,0,-0.3417210018,3.552251634,-4.186837567
19.39,-68.33336759,0.03464088362,0.581112953,0.326641291,0,-0.3430172102,3.551707652,-4.183910276
19.4,-68.32362083,0.03468261933,0.5812589242,0.3265372042,0,-0.3443166296,3.551171969,-4.18098625
19.41,-68.31388497,0.03472435819,0.5814043676,0.3264335447,0,-0.3456192579,3.550644575,-4.178065492
19.42,-68.30416003,0.03476610001,0.5815492843,0.3263303114,0,-0.346925093,3.55012546,-4.17514801
19.43,-68.29444603,0.03480784461,0.5816936751,0.3262275036,0,-0.3482341327,3.549614616,-4.172233808
19.44,-68.28474297,0.0348495918,0.581837541,0.3261251201,0,-0.3495463747,3.549112033,-4.169322892
19.45,-68.27505089,0.0348913414,0.581980883,0.3260231602,0,-0.3508618166,3.548617701,-4.166415267
19.46,-68.26536979,0.03493309323,0.582123702,0.3259216229,0,-0.352180456,3.548131611,-4.163510938
19.47,-68.2556997,0.03497484709,0.582265999,0.3258205073,0,-0.3535022904,3.547653753,-4.16060991
19.48,-68.24604063,0.03501660281,0.5824077749,0.3257198124,0,-0.3548273174,3.547184118,-4.157712189
19.49,-68.2363926,0.03505836021,0.5825490306,0.3256195374,0,-0.3561555344,3.546722696,-4.154817779
19.5,-68.22675562,0.03510011909,0.5826897671,0.3255196813,0,-0.3574869388,3.546269478,-4.151926687
19.51,-68.21712972,0.03514187927,0.5828299854,0.3254202433,0,-0.3588215278,3.545824453,-4.149038916
19.52,-68.20751491,0.03518364057,0.5829696863,0.3253212223,0,-0.3601592987,3.545387612,-4.146154472
19.53,-68.1979112,0.03522540281,0.5831088709,0.3252226175,0,-0.3615002487,3.544958945,-4.143273361
19.54,-68.18831862,0.0352671658,0.58324754,0.3251244281,0,-0.362844375,3.544538442,-4.140395586
19.55,-68.17873718,0.03530892936,0.5833856947,0.3250266529,0,-0.3641916746,3.544126094,-4.137521153
19.56,-68.16916689,0.0353506933,0.5835233358,0.3249292913,0,-0.3655421446,3.54372189,-4.134650067
19.57,-68.15960778,0.03539245745,0.5836604643,0.3248323422,0,-0.3668957819,3.54332582,-4.131782333
19.58,-68.15005985,0.03543422161,0.5837970812,0.3247358047,0,-0.3682525834,3.542937875,-4.128917955
19.59,-68.14052313,0.0354759856,0.5839331873,0.3246396779,0,-0.369612546,3.542558044,-4.126056939
19.6,-68.13099763,0.03551774925,0.5840687837,0.324543961,0,-0.3709756665,3.542186318,-4.123199288
19.61,-68.12148336,0.03555951237,0.5842038712,0.324448653,0,-0.3723419416,3.541822686,-4.120345008
19.62,-68.11198035,0.03560127477,0.5843384508,0.324353753,0,-0.373711368,3.541467139,-4.117494104
19.63,-68.1024886,0.03564303627,0.5844725234,0.32425926,0,-0.3750839423,3.541119665,-4.11464658
19.64,-68.09300813,0.03568479669,0.58460609,0.3241651733,0,-0.376459661,3.540780255,-4.11180244
19.65,-68.08353897,0.03572655585,0.5847391515,0.3240714919,0,-0.3778385207,3.540448898,-4.10896169
19.66,-68.07408111,0.03576831356,0.5848717088,0.3239782148,0,-0.3792205178,3.540125585,-4.106124334
19.67,-68.06463459,0.03581006964,0.5850037628,0.3238853412,0,-0.3806056487,3.539810305,-4.103290376
19.68,-68.0551994,0.03585182391,0.5851353146,0.3237928703,0,-0.3819939098,3.539503047,-4.100459821
19.69,-68.04577558,0.03589357618,0.585266365,0.323700801,0,-0.3833852971,3.539203802,-4.097632674
19.7,-68.03636313,0.03593532628,0.585396915,0.3236091324,0,-0.3847798071,3.538912558,-4.094808938
19.71,-68.02696206,0.03597707402,0.5855269654,0.3235178638,0,-0.3861774358,3.538629305,-4.091988618
19.72,-68.0175724,0.03601881922,0.5856565173,0.3234269941,0,-0.3875781794,3.538354034,-4.089171719
19.73,-68.00819415,0.0360605617,0.5857855715,0.3233365226,0,-0.3889820338,3.538086732,-4.086358244
19.74,-67.99882733,0.03610230127,0.585914129,0.3232464482,0,-0.390388995,3.537827391,-4.083548199
19.75,-67.98947196,0.03614403776,0.5860421908,0.3231567701,0,-0.391799059,3.537575998,-4.080741587
19.76,-67.98012804,0.03618577098,0.5861697576,0.3230674874,0,-0.3932122215,3.537332544,-4.077938412
19.77,-67.9707956,0.03622750075,0.5862968305,0.3229785992,0,-0.3946284785,3.537097018,-4.07513868
19.78,-67.96147464,0.03626922688,0.5864234104,0.3228901047,0,-0.3960478255,3.536869409,-4.072342393
19.79,-67.95216519,0.03631094921,0.5865494983,0.3228020028,0,-0.3974702584,3.536649706,-4.069549556
19.8,-67.94286725,0.03635266754,0.5866750949,0.3227142928,0,-0.3988957727,3.536437899,-4.066760174
19.81,-67.93358083,0.0363943817,0.5868002013,0.3226269737,0,-0.4003243639,3.536233976,-4.063974249
19.82,-67.92430596,0.0364360915,0.5869248184,0.3225400447,0,-0.4017560277,3.536037928,-4.061191787
19.83,-67.91504264,0.03647779677,0.5870489472,0.3224535048,0,-0.4031907594,3.535849742,-4.058412791
19.84,-67.90579089,0.03651949731,0.5871725884,0.3223673532,0,-0.4046285543,3.535669409,-4.055637266
19.85,-67.89655071,0.03656119296,0.5872957431,0.322281589,0,-0.4060694079,3.535496917,-4.052865214
19.86,-67.88732214,0.03660288354,0.5874184122,0.3221962113,0,-0.4075133153,3.535332256,-4.050096641
19.87,-67.87810516,0.03664456885,0.5875405966,0.3221112191,0,-0.4089602718,3.535175413,-4.047331549
19.88,-67.86889981,0.03668624872,0.5876622971,0.3220266117,0,-0.4104102726,3.535026379,-4.044569943
19.89,-67.85970609,0.03672792297,0.5877835148,0.3219423882,0,-0.4118633127,3.534885142,-4.041811827
19.9,-67.85052402,0.03676959143,0.5879042506,0.3218585476,0,-0.413319387,3.534751691,-4.039057205
19.91,-67.8413536,0.0368112539,0.5880245053,0.321775089,0,-0.4147784907,3.534626015,-4.036306079
19.92,-67.83219485,0.03685291022,0.5881442799,0.3216920117,0,-0.4162406186,3.534508102,-4.033558455
19.93,-67.82304778,0.03689456019,0.5882635753,0.3216093147,0,-0.4177057655,3.534397942,-4.030814335
19.94,-67.81391241,0.03693620365,0.5883823924,0.3215269971,0,-0.4191739262,3.534295524,-4.028073723
19.95,-67.80478874,0.03697784041,0.5885007322,0.3214450581,0,-0.4206450955,3.534200835,-4.025336623
19.96,-67.7956768,0.03701947029,0.5886185954,0.3213634967,0,-0.422119268,3.534113866,-4.022603039
19.97,-67.78657658,0.03706109311,0.5887359832,0.3212823121,0,-0.4235964383,3.534034603,-4.019872974
19.98,-67.7774881,0.0371027087,0.5888528963,0.3212015035,0,-0.425076601,3.533963037,-4.017146431
19.99,-67.76841138,0.03714431688,0.5889693356,0.3211210699,0,-0.4265597506,3.533899155,-4.014423415
20,-67.75934643,0.03718591746,0.5890853022,0.3210410105,0,-0.4280458814,3.533842947,-4.011703928
20.01,-67.75029325,0.03722751027,0.5892007969,0.3209613243,0,-0.4295349878,3.5337944,-4.008987975
20.02,-67.74125186,0.03726909512,0.5893158205,0.3208820106,0,-0.4310270643,3.533753504,-4.006275558
20.03,-67.73222227,0.03731067185,0.5894303741,0.3208030685,0,-0.4325221049,3.533720246,-4.003566681
20.04,-67.72320449,0.03735224027,0.5895444585,0.320724497,0,-0.4340201039,3.533694615,-4.000861348
20.05,-67.71419854,0.0373938002,0.5896580747,0.3206462953,0,-0.4355210554,3.5336766,-3.998159561
20.06,-67.70520442,0.03743535147,0.5897712235,0.3205684626,0,-0.4370249535,3.53366619,-3.995461325
20.07,-67.69622214,0.0374768939,0.5898839058,0.3204909979,0,-0.4385317922,3.533663371,-3.992766642
20.08,-67.68725172,0.03751842731,0.5899961226,0.3204139004,0,-0.4400415654,3.533668133,-3.990075516
20.09,-67.67829316,0.03755995152,0.5901078747,0.3203371693,0,-0.441554267,3.533680464,-3.987387949
20.1,-67.66934649,0.03760146636,0.5902191631,0.3202608037,0,-0.4430698909,3.533700352,-3.984703946
20.11,-67.6604117,0.03764297164,0.5903299887,0.3201848026,0,-0.4445884307,3.533727786,-3.982023509
20.12,-67.65148881,0.03768446719,0.5904403523,0.3201091653,0,-0.4461098804,3.533762753,-3.979346642
20.13,-67.64257783,0.03772595284,0.5905502549,0.3200338909,0,-0.4476342333,3.533805242,-3.976673348
20.14,-67.63367876,0.0377674284,0.5906596974,0.3199589784,0,-0.4491614833,3.533855241,-3.974003629
20.15,-67.62479163,0.03780889371,0.5907686807,0.3198844271,0,-0.4506916237,3.533912739,-3.97133749
20.16,-67.61591644,0.03785034857,0.5908772056,0.3198102362,0,-0.4522246481,3.533977722,-3.968674932
20.17,-67.6070532,0.03789179282,0.5909852731,0.3197364046,0,-0.4537605498,3.534050179,-3.96601596
20.18,-67.59820192,0.03793322629,0.5910928841,0.3196629316,0,-0.4552993222,3.534130099,-3.963360575
20.19,-67.58936261,0.03797464878,0.5912000394,0.3195898163,0,-0.4568409587,3.534217469,-3.960708782
20.2,-67.58053527,0.03801606013,0.59130674,0.3195170579,0,-0.4583854523,3.534312276,-3.958060582
20.21,-67.57171993,0.03805746016,0.5914129868,0.3194446555,0,-0.4599327963,3.53441451,-3.95541598
20.22,-67.56291659,0.0380988487,0.5915187806,0.3193726082,0,-0.4614829839,3.534524158,-3.952774978
20.23,-67.55412526,0.03814022557,0.5916241224,0.3193009152,0,-0.463036008,3.534641208,-3.950137578
20.24,-67.54534595,0.03818159059,0.5917290131,0.3192295756,0,-0.4645918616,3.534765647,-3.947503784
20.25,-67.53657866,0.03822294359,0.5918334535,0.3191585886,0,-0.4661505376,3.534897464,-3.944873599
20.26,-67.52782342,0.03826428439,0.5919374445,0.3190879534,0,-0.467712029,3.535036646,-3.942247025
20.27,-67.51908022,0.03830561282,0.5920409871,0.319017669,0,-0.4692763286,3.535183181,-3.939624066
20.28,-67.51034908,0.03834692871,0.5921440821,0.3189477346,0,-0.470843429,3.535337056,-3.937004723
20.29,-67.50163,0.03838823187,0.5922467304,0.3188781494,0,-0.472413323,3.53549826,-3.934389
20.3,-67.492923,0.03842952213,0.5923489329,0.3188089126,0,-0.4739860032,3.53566678,-3.9317769
20.31,-67.48422808,0.03847079933,0.5924506905,0.3187400232,0,-0.4755614621,3.535842604,-3.929168424
20.32,-67.47554526,0.03851206327,0.5925520041,0.3186714804,0,-0.4771396924,3.536025719,-3.926563577
20.33,-67.46687453,0.0385533138,0.5926528746,0.3186032835,0,-0.4787206863,3.536216112,-3.92396236
20.34,-67.45821592,0.03859455073,0.5927533029,0.3185354314,0,-0.4803044364,3.536413772,-3.921364776
20.35,-67.44956943,0.0386357739,0.5928532898,0.3184679235,0,-0.4818909349,3.536618686,-3.918770828
20.36,-67.44093506,0.03867698312,0.5929528362,0.3184007588,0,-0.4834801742,3.536830841,-3.916180518
20.37,-67.43231283,0.03871817822,0.5930519431,0.3183339365,0,-0.4850721463,3.537050225,-3.91359385
20.38,-67.42370275,0.03875935904,0.5931506113,0.3182674558,0,-0.4866668436,3.537276826,-3.911010825
20.39,-67.41510482,0.03880052539,0.5932488417,0.3182013158,0,-0.488264258,3.53751063,-3.908431446
20.4,-67.40651905,0.03884167711,0.5933466352,0.3181355157,0,-0.4898643816,3.537751624,-3.905855715
20.41,-67.39794545,0.03888281401,0.5934439926,0.3180700547,0,-0.4914672063,3.537999797,-3.903283636
20.42,-67.38938403,0.03892393593,0.5935409149,0.3180049318,0,-0.4930727242,3.538255136,-3.90071521
20.43,-67.3808348,0.0389650427,0.593637403,0.3179401464,0,-0.4946809269,3.538517628,-3.89815044
20.44,-67.37229776,0.03900613414,0.5937334576,0.3178756974,0,-0.4962918064,3.538787259,-3.895589328
20.45,-67.36377292,0.03904721008,0.5938290798,0.3178115842,0,-0.4979053544,3.539064018,-3.893031877
20.46,-67.3552603,0.03908827034,0.5939242703,0.3177478058,0,-0.4995215624,3.539347892,-3.890478089
20.47,-67.34675989,0.03912931476,0.5940190301,0.3176843614,0,-0.5011404223,3.539638867,-3.887927967
20.48,-67.33827171,0.03917034316,0.59411336,0.3176212503,0,-0.5027619254,3.539936932,-3.885381513
20.49,-67.32979576,0.03921135537,0.594207261,0.3175584715,0,-0.5043860633,3.540242072,-3.882838729
20.5,-67.32133206,0.03925235122,0.5943007338,0.3174960242,0,-0.5060128274,3.540554275,-3.880299618
20.51,-67.3128806,0.03929333054,0.5943937794,0.3174339077,0,-0.5076422091,3.540873528,-3.877764181
20.52,-67.3044414,0.03933429315,0.5944863987,0.317372121,0,-0.5092741997,3.541199818,-3.875232421
20.53,-67.29601447,0.03937523888,0.5945785925,0.3173106634,0,-0.5109087906,3.541533133,-3.872704341
20.54,-67.28759981,0.03941616757,0.5946703616,0.317249534,0,-0.5125459728,3.541873458,-3.870179942
20.55,-67.27919742,0.03945707904,0.5947617071,0.3171887319,0,-0.5141857375,3.542220781,-3.867659227
20.56,-67.27080733,0.03949797311,0.5948526297,0.3171282565,0,-0.5158280758,3.542575089,-3.865142198
20.57,-67.26242952,0.03953884963,0.5949431304,0.3170681068,0,-0.5174729787,3.542936369,-3.862628856
20.58,-67.25406402,0.03957970842,0.5950332099,0.317008282,0,-0.5191204372,3.543304608,-3.860119205
20.59,-67.24571082,0.0396205493,0.5951228692,0.3169487813,0,-0.5207704422,3.543679792,-3.857613247
20.6,-67.23736994,0.03966137212,0.5952121092,0.3168896038,0,-0.5224229845,3.544061908,-3.855110983
20.61,-67.22904138,0.03970217669,0.5953009307,0.3168307488,0,-0.5240780549,3.544450943,-3.852612415
20.62,-67.22072515,0.03974296285,0.5953893345,0.3167722155,0,-0.5257356441,3.544846884,-3.850117546
20.63,-67.21242126,0.03978373042,0.5954773216,0.3167140029,0,-0.5273957429,3.545249717,-3.847626378
20.64,-67.20412971,0.03982447925,0.5955648929,0.3166561104,0,-0.5290583418,3.54565943,-3.845138913
20.65,-67.19585051,0.03986520915,0.5956520491,0.316598537,0,-0.5307234313,3.546076008,-3.842655152
20.66,-67.18758366,0.03990591996,0.5957387912,0.316541282,0,-0.532391002,3.546499438,-3.840175098
20.67,-67.17932917,0.03994661151,0.59582512,0.3164843445,0,-0.5340610443,3.546929707,-3.837698752
20.68,-67.17108706,0.03998728363,0.5959110364,0.3164277237,0,-0.5357335485,3.547366802,-3.835226118
20.69,-67.16285732,0.04002793616,0.5959965413,0.3163714189,0,-0.537408505,3.547810709,-3.832757196
20.7,-67.15463996,0.04006856891,0.5960816355,0.3163154291,0,-0.5390859041,3.548261415,-3.830291989
20.71,-67.14643499,0.04010918173,0.5961663199,0.3162597537,0,-0.5407657359,3.548718905,-3.827830498
20.72,-67.13824242,0.04014977445,0.5962505954,0.3162043917,0,-0.5424479905,3.549183168,-3.825372725
20.73,-67.13006224,0.04019034689,0.5963344628,0.3161493423,0,-0.5441326582,3.549654188,-3.822918673
20.74,-67.12189448,0.04023089889,0.596417923,0.3160946049,0,-0.5458197288,3.550131952,-3.820468343
20.75,-67.11373912,0.04027143028,0.5965009768,0.3160401784,0,-0.5475091923,3.550616447,-3.818021737
20.76,-67.10559619,0.04031194089,0.5965836251,0.3159860622,0,-0.5492010387,3.551107659,-3.815578857
20.77,-67.09746568,0.04035243056,0.5966658688,0.3159322555,0,-0.5508952579,3.551605574,-3.813139704
20.78,-67.0893476,0.04039289912,0.5967477087,0.3158787573,0,-0.5525918395,3.552110179,-3.810704281
20.79,-67.08124196,0.04043334639,0.5968291457,0.315825567,0,-0.5542907734,3.55262146,-3.808272589
20.8,-67.07314877,0.04047377222,0.5969101807,0.3157726837,0,-0.5559920491,3.553139403,-3.80584463
20.81,-67.06506802,0.04051417644,0.5969908145,0.3157201066,0,-0.5576956564,3.553663995,-3.803420406
20.82,-67.05699973,0.04055455887,0.5970710479,0.315667835,0,-0.5594015848,3.55419522,-3.800999918
20.83,-67.0489439,0.04059491935,0.5971508819,0.3156158679,0,-0.5611098238,3.554733067,-3.798583169
20.84,-67.04090053,0.04063525772,0.5972303172,0.3155642046,0,-0.5628203629,3.55527752,-3.796170159
20.85,-67.03286964,0.0406755738,0.5973093548,0.3155128443,0,-0.5645331913,3.555828566,-3.793760891
20.86,-67.02485122,0.04071586744,0.5973879955,0.3154617863,0,-0.5662482985,3.556386191,-3.791355367
20.87,-67.01684529,0.04075613846,0.5974662402,0.3154110297,0,-0.5679656738,3.556950381,-3.788953587
20.88,-67.00885185,0.0407963867,0.5975440896,0.3153605736,0,-0.5696853063,3.557521122,-3.786555554
20.89,-67.0008709,0.04083661199,0.5976215447,0.3153104174,0,-0.5714071853,3.5580984,-3.784161269
20.9,-66.99290245,0.04087681417,0.5976986063,0.3152605602,0,-0.5731312997,3.5586822,-3.781770734
20.91,-66.9849465,0.04091699307,0.5977752753,0.3152110013,0,-0.5748576387,3.55927251,-3.779383951
20.92,-66.97700307,0.04095714853,0.5978515525,0.3151617397,0,-0.5765861913,3.559869314,-3.77700092
20.93,-66.96907215,0.04099728037,0.5979274388,0.3151127748,0,-0.5783169463,3.560472598,-3.774621644
20.94,-66.96115375,0.04103738845,0.598002935,0.3150641058,0,-0.5800498927,3.561082349,-3.772246125
20.95,-66.95324788,0.04107747258,0.598078042,0.3150157318,0,-0.5817850193,3.561698552,-3.769874363
20.96,-66.94535453,0.04111753261,0.5981527605,0.3149676521,0,-0.5835223148,3.562321194,-3.76750636
20.97,-66.93747373,0.04115756837,0.5982270916,0.3149198659,0,-0.585261768,3.562950259,-3.765142119
20.98,-66.92960546,0.04119757969,0.598301036,0.3148723724,0,-0.5870033674,3.563585733,-3.762781639
20.99,-66.92174974,0.04123756641,0.5983745945,0.3148251707,0,-0.5887471018,3.564227603,-3.760424923
21,-66.91390658,0.04127752838,0.5984477681,0.3147782602,0,-0.5904929595,3.564875853,-3.758071973
21.01,-66.90607596,0.04131746541,0.5985205575,0.31473164,0,-0.5922409292,3.56553047,-3.755722789
21.02,-66.89825791,0.04135737735,0.5985929636,0.3146853094,0,-0.5939909992,3.566191439,-3.753377374
21.03,-66.89045243,0.04139726404,0.5986649873,0.3146392676,0,-0.5957431579,3.566858745,-3.751035728
21.04,-66.88265951,0.04143712531,0.5987366293,0.3145935137,0,-0.5974973936,3.567532375,-3.748697854
21.05,-66.87487917,0.041476961,0.5988078907,0.314548047,0,-0.5992536946,3.568212314,-3.746363752
21.06,-66.86711141,0.04151677094,0.5988787721,0.3145028668,0,-0.601012049,3.568898546,-3.744033423
21.07,-66.85935623,0.04155655497,0.5989492744,0.3144579722,0,-0.6027724451,3.569591059,-3.74170687
21.08,-66.85161365,0.04159631292,0.5990193985,0.3144133624,0,-0.6045348708,3.570289837,-3.739384094
21.09,-66.84388365,0.04163604465,0.5990891452,0.3143690368,0,-0.6062993143,3.570994865,-3.737065096
21.1,-66.83616626,0.04167574997,0.5991585154,0.3143249944,0,-0.6080657636,3.571706129,-3.734749877
21.11,-66.82846147,0.04171542873,0.5992275099,0.3142812346,0,-0.6098342064,3.572423615,-3.73243844
21.12,-66.82076928,0.04175508077,0.5992961295,0.3142377565,0,-0.6116046308,3.573147307,-3.730130784
21.13,-66.8130897,0.04179470592,0.5993643751,0.3141945594,0,-0.6133770245,3.573877192,-3.727826911
21.14,-66.80542275,0.04183430403,0.5994322475,0.3141516426,0,-0.6151513753,3.574613254,-3.725526824
21.15,-66.79776841,0.04187387492,0.5994997475,0.3141090051,0,-0.6169276709,3.575355478,-3.723230522
21.16,-66.79012669,0.04191341844,0.5995668761,0.3140666464,0,-0.618705899,3.57610385,-3.720938008
21.17,-66.78249761,0.04195293443,0.599633634,0.3140245655,0,-0.620486047,3.576858354,-3.718649282
21.18,-66.77488115,0.04199242272,0.599700022,0.3139827617,0,-0.6222681027,3.577618977,-3.716364346
21.19,-66.76727734,0.04203188315,0.5997660411,0.3139412343,0,-0.6240520534,3.578385704,-3.714083202
21.2,-66.75968617,0.04207131557,0.599831692,0.3138999825,0,-0.6258378867,3.579158518,-3.71180585
21.21,-66.75210764,0.0421107198,0.5998969755,0.3138590055,0,-0.6276255898,3.579937406,-3.709532291
21.22,-66.74454176,0.0421500957,0.5999618926,0.3138183026,0,-0.6294151501,3.580722353,-3.707262527
21.23,-66.73698853,0.04218944309,0.600026444,0.3137778729,0,-0.6312065549,3.581513343,-3.704996559
21.24,-66.72944796,0.04222876181,0.6000906306,0.3137377158,0,-0.6329997913,3.582310361,-3.702734389
21.25,-66.72192006,0.04226805172,0.6001544532,0.3136978304,0,-0.6347948467,3.583113393,-3.700476017
21.26,-66.71440481,0.04230731264,0.6002179127,0.313658216,0,-0.636591708,3.583922424,-3.698221444
21.27,-66.70690224,0.04234654441,0.6002810098,0.3136188719,0,-0.6383903623,3.584737438,-3.695970673
21.28,-66.69941234,0.04238574688,0.6003437454,0.3135797972,0,-0.6401907967,3.58555842,-3.693723703
21.29,-66.69193512,0.04242491989,0.6004061204,0.3135409913,0,-0.641992998,3.586385355,-3.691480537
21.3,-66.68447058,0.04246406327,0.6004681355,0.3135024533,0,-0.6437969532,3.587218228,-3.689241175
21.31,-66.67701873,0.04250317687,0.6005297916,0.3134641825,0,-0.6456026491,3.588057023,-3.687005618
21.32,-66.66957956,0.04254226052,0.6005910896,0.3134261782,0,-0.6474100725,3.588901726,-3.684773867
21.33,-66.66215308,0.04258131407,0.6006520302,0.3133884395,0,-0.6492192102,3.589752322,-3.682545925
21.34,-66.6547393,0.04262033736,0.6007126142,0.3133509658,0,-0.6510300488,3.590608794,-3.680321791
21.35,-66.64733822,0.04265933022,0.6007728426,0.3133137562,0,-0.652842575,3.591471128,-3.678101467
21.36,-66.63994985,0.0426982925,0.6008327161,0.3132768101,0,-0.6546567753,3.592339308,-3.675884954
21.37,-66.63257418,0.04273722405,0.6008922356,0.3132401266,0,-0.6564726363,3.59321332,-3.673672253
21.38,-66.62521122,0.04277612469,0.6009514018,0.3132037051,0,-0.6582901444,3.594093146,-3.671463365
21.39,-66.61786097,0.04281499428,0.6010102157,0.3131675447,0,-0.6601092861,3.594978773,-3.669258291
21.4,-66.61052344,0.04285383265,0.601068678,0.3131316447,0,-0.6619300478,3.595870184,-3.667057032
21.41,-66.60319863,0.04289263965,0.6011267896,0.3130960044,0,-0.6637524158,3.596767365,-3.66485959
21.42,-66.59588655,0.04293141511,0.6011845512,0.313060623,0,-0.6655763763,3.597670299,-3.662665965
21.43,-66.58858719,0.04297015889,0.6012419637,0.3130254998,0,-0.6674019156,3.598578971,-3.660476158
21.44,-66.58130057,0.04300887081,0.601299028,0.312990634,0,-0.6692290198,3.599493366,-3.65829017
21.45,-66.57402668,0.04304755073,0.6013557448,0.3129560249,0,-0.671057675,3.600413468,-3.656108003
21.46,-66.56676553,0.04308619849,0.601412115,0.3129216718,0,-0.6728878674,3.601339261,-3.653929658
21.47,-66.55951711,0.04312481392,0.6014681393,0.3128875738,0,-0.6747195829,3.60227073,-3.651755134
21.48,-66.55228145,0.04316339688,0.6015238187,0.3128537303,0,-0.6765528075,3.603207858,-3.649584434
21.49,-66.54505853,0.0432019472,0.6015791539,0.3128201405,0,-0.6783875271,3.604150631,-3.647417558
21.5,-66.53784836,0.04324046473,0.6016341457,0.3127868036,0,-0.6802237276,3.605099033,-3.645254508
21.51,-66.53065094,0.04327894931,0.6016887951,0.312753719,0,-0.6820613948,3.606053047,-3.643095283
21.52,-66.52346629,0.04331740078,0.6017431026,0.3127208859,0,-0.6839005144,3.607012658,-3.640939886
21.53,-66.51629439,0.04335581899,0.6017970693,0.3126883035,0,-0.6857410722,3.60797785,-3.638788317
21.54,-66.50913526,0.04339420379,0.6018506959,0.3126559711,0,-0.6875830538,3.608948607,-3.636640577
21.55,-66.50198889,0.043432555,0.6019039833,0.312623888,0,-0.6894264448,3.609924914,-3.634496667
21.56,-66.49485529,0.04347087249,0.6019569321,0.3125920535,0,-0.6912712309,3.610906755,-3.632356588
21.57,-66.48773447,0.04350915608,0.6020095434,0.3125604667,0,-0.6931173975,3.611894113,-3.630220341
21.58,-66.48062642,0.04354740564,0.6020618178,0.3125291271,0,-0.69496493,3.612886972,-3.628087927
21.59,-66.47353115,0.04358562099,0.6021137562,0.3124980337,0,-0.696813814,3.613885317,-3.625959346
21.6,-66.46644867,0.04362380199,0.6021653594,0.312467186,0,-0.6986640347,3.614889131,-3.6238346
21.61,-66.45937896,0.04366194848,0.6022166282,0.3124365832,0,-0.7005155775,3.615898399,-3.621713689
21.62,-66.45232205,0.0437000603,0.6022675635,0.3124062245,0,-0.7023684277,3.616913105,-3.619596615
21.63,-66.44527793,0.0437381373,0.6023181659,0.3123761092,0,-0.7042225705,3.617933231,-3.617483378
21.64,-66.4382466,0.04377617933,0.6023684365,0.3123462366,0,-0.706077991,3.618958763,-3.615373979
21.65,-66.43122806,0.04381418622,0.6024183759,0.312316606,0,-0.7079346744,3.619989684,-3.613268419
21.66,-66.42422233,0.04385215783,0.6024679849,0.3122872166,0,-0.7097926058,3.621025977,-3.611166699
21.67,-66.4172294,0.043890094,0.6025172645,0.3122580677,0,-0.7116517702,3.622067628,-3.609068819
21.68,-66.41024927,0.04392799457,0.6025662153,0.3122291586,0,-0.7135121525,3.623114618,-3.606974781
21.69,-66.40328195,0.0439658594,0.6026148382,0.3122004886,0,-0.7153737378,3.624166932,-3.604884586
21.7,-66.39632744,0.04400368832,0.6026631341,0.3121720569,0,-0.7172365108,3.625224554,-3.602798233
21.71,-66.38938575,0.04404148119,0.6027111036,0.3121438629,0,-0.7191004565,3.626287467,-3.600715725
21.72,-66.38245687,0.04407923784,0.6027587477,0.3121159057,0,-0.7209655596,3.627355656,-3.598637061
21.73,-66.37554081,0.04411695813,0.6028060671,0.3120881847,0,-0.722831805,3.628429102,-3.596562243
21.74,-66.36863757,0.04415464191,0.6028530626,0.3120606991,0,-0.7246991772,3.629507791,-3.594491272
21.75,-66.36174716,0.04419228901,0.602899735,0.3120334483,0,-0.7265676609,3.630591706,-3.592424148
21.76,-66.35486957,0.04422989928,0.6029460852,0.3120064316,0,-0.7284372408,3.631680829,-3.590360872
21.77,-66.34800481,0.04426747258,0.6029921139,0.3119796481,0,-0.7303079014,3.632775146,-3.588301444
21.78,-66.34115289,0.04430500874,0.603037822,0.3119530972,0,-0.7321796272,3.633874638,-3.586245867
21.79,-66.3343138,0.04434250762,0.6030832103,0.3119267782,0,-0.7340524027,3.63497929,-3.584194139
21.8,-66.32748754,0.04437996907,0.6031282794,0.3119006903,0,-0.7359262124,3.636089085,-3.582146263
21.81,-66.32067413,0.04441739292,0.6031730304,0.3118748329,0,-0.7378010405,3.637204006,-3.580102239
21.82,-66.31387356,0.04445477903,0.6032174639,0.3118492052,0,-0.7396768715,3.638324037,-3.578062068
21.83,-66.30708583,0.04449212725,0.6032615807,0.3118238066,0,-0.7415536896,3.63944916,-3.57602575
21.84,-66.30031096,0.04452943742,0.6033053817,0.3117986363,0,-0.7434314791,3.64057936,-3.573993287
21.85,-66.29354893,0.0445667094,0.6033488677,0.3117736935,0,-0.7453102242,3.641714619,-3.571964678
21.86,-66.28679975,0.04460394302,0.6033920394,0.3117489777,0,-0.747189909,3.642854921,-3.569939925
21.87,-66.28006343,0.04464113814,0.6034348977,0.3117244881,0,-0.7490705176,3.644000249,-3.567919029
21.88,-66.27333997,0.0446782946,0.6034774433,0.3117002239,0,-0.7509520342,3.645150586,-3.56590199
21.89,-66.26662936,0.04471541226,0.6035196771,0.3116761845,0,-0.7528344427,3.646305914,-3.563888808
21.9,-66.25993162,0.04475249097,0.6035615998,0.3116523692,0,-0.7547177271,3.647466218,-3.561879486
21.91,-66.25324674,0.04478953056,0.6036032123,0.3116287772,0,-0.7566018714,3.648631481,-3.559874023
21.92,-66.24657473,0.0448265309,0.6036445153,0.311605408,0,-0.7584868594,3.649801684,-3.55787242
21.93,-66.23991559,0.04486349183,0.6036855096,0.3115822606,0,-0.7603726751,3.650976812,-3.555874677
21.94,-66.23326932,0.04490041319,0.6037261961,0.3115593346,0,-0.7622593021,3.652156848,-3.553880797
21.95,-66.22663593,0.04493729485,0.6037665755,0.3115366291,0,-0.7641467243,3.653341773,-3.551890778
21.96,-66.22001541,0.04497413664,0.6038066486,0.3115141434,0,-0.7660349255,3.654531572,-3.549904622
21.97,-66.21340777,0.04501093842,0.6038464162,0.3114918769,0,-0.7679238892,3.655726227,-3.54792233
21.98,-66.20681301,0.04504770004,0.6038858792,0.3114698289,0,-0.7698135991,3.656925721,-3.545943903
21.99,-66.20023113,0.04508442135,0.6039250382,0.3114479986,0,-0.7717040389,3.658130037,-3.54396934
22,-66.19366214,0.04512110219,0.6039638941,0.3114263854,0,-0.773595192,3.659339157,-3.541998643
22.01,-66.18710604,0.04515774242,0.6040024477,0.3114049886,0,-0.7754870421,3.660553065,-3.540031812
22.02,-66.18056283,0.0451943419,0.6040406998,0.3113838075,0,-0.7773795725,3.661771743,-3.538068848
22.03,-66.17403251,0.04523090045,0.6040786511,0.3113628413,0,-0.7792727667,3.662995173,-3.536109752
22.04,-66.16751508,0.04526741795,0.6041163025,0.3113420895,0,-0.7811666081,3.664223339,-3.534154525
22.05,-66.16101055,0.04530389424,0.6041536547,0.3113215512,0,-0.78306108,3.665456224,-3.532203166
22.06,-66.15451892,0.04534032917,0.6041907086,0.3113012259,0,-0.7849561658,3.666693809,-3.530255677
22.07,-66.14804019,0.0453767226,0.6042274649,0.3112811127,0,-0.7868518487,3.667936078,-3.528312058
22.08,-66.14157437,0.04541307436,0.6042639244,0.3112612112,0,-0.788748112,3.669183012,-3.52637231
22.09,-66.13512145,0.04544938432,0.6043000878,0.3112415204,0,-0.7906449388,3.670434596,-3.524436434
22.1,-66.12868143,0.04548565233,0.6043359561,0.3112220398,0,-0.7925423124,3.67169081,-3.522504429
22.11,-66.12225433,0.04552187824,0.6043715299,0.3112027687,0,-0.7944402157,3.672951638,-3.520576298
22.12,-66.11584013,0.04555806189,0.6044068101,0.3111837064,0,-0.796338632,3.674217062,-3.51865204
22.13,-66.10943886,0.04559420315,0.6044417974,0.3111648521,0,-0.7982375441,3.675487064,-3.516731657
22.14,-66.10305049,0.04563030186,0.6044764926,0.3111462053,0,-0.8001369352,3.676761627,-3.514815148
22.15,-66.09667505,0.04566635788,0.6045108966,0.3111277652,0,-0.8020367882,3.678040733,-3.512902514
22.16,-66.09031252,0.04570237106,0.60454501,0.3111095312,0,-0.803937086,3.679324365,-3.510993757
22.17,-66.08396292,0.04573834125,0.6045788337,0.3110915026,0,-0.8058378114,3.680612504,-3.509088876
22.18,-66.07762624,0.0457742683,0.6046123685,0.3110736786,0,-0.8077389474,3.681905134,-3.507187872
22.19,-66.07130249,0.04581015207,0.604645615,0.3110560586,0,-0.8096404767,3.683202236,-3.505290746
22.2,-66.06499166,0.04584599241,0.6046785743,0.311038642,0,-0.8115423822,3.684503792,-3.503397498
22.21,-66.05869376,0.04588178917,0.6047112469,0.311021428,0,-0.8134446464,3.685809786,-3.501508129
22.22,-66.0524088,0.04591754221,0.6047436337,0.311004416,0,-0.8153472522,3.687120198,-3.49962264
22.23,-66.04613677,0.04595325138,0.6047757354,0.3109876054,0,-0.8172501823,3.688435011,-3.497741031
22.24,-66.03987768,0.04598891653,0.6048075529,0.3109709953,0,-0.8191534191,3.689754207,-3.495863303
22.25,-66.03363152,0.04602453751,0.6048390869,0.3109545852,0,-0.8210569453,3.691077769,-3.493989456
22.26,-66.02739831,0.04606011419,0.6048703383,0.3109383744,0,-0.8229607436,3.692405677,-3.492119492
22.27,-66.02117803,0.04609564642,0.6049013076,0.3109223621,0,-0.8248647963,3.693737915,-3.490253409
22.28,-66.0149707,0.04613113404,0.6049319959,0.3109065479,0,-0.8267690859,3.695074464,-3.48839121
22.29,-66.00877631,0.04616657692,0.6049624038,0.3108909308,0,-0.828673595,3.696415307,-3.486532894
22.3,-66.00259488,0.0462019749,0.604992532,0.3108755104,0,-0.8305783059,3.697760424,-3.484678463
22.31,-65.99642639,0.04623732785,0.6050223815,0.3108602859,0,-0.8324832011,3.699109799,-3.482827917
22.32,-65.99027085,0.04627263561,0.6050519529,0.3108452567,0,-0.8343882627,3.700463412,-3.480981255
22.33,-65.98412827,0.04630789804,0.6050812471,0.310830422,0,-0.8362934733,3.701821246,-3.47913848
22.34,-65.97799864,0.04634311501,0.6051102648,0.3108157813,0,-0.8381988149,3.703183282,-3.477299591
22.35,-65.97188197,0.04637828635,0.6051390067,0.3108013339,0,-0.84010427,3.704549503,-3.47546459
22.36,-65.96577825,0.04641341194,0.6051674737,0.310787079,0,-0.8420098206,3.70591989,-3.473633475
22.37,-65.9596875,0.04644849161,0.6051956666,0.3107730161,0,-0.843915449,3.707294424,-3.471806249
22.38,-65.95360971,0.04648352524,0.605223586,0.3107591444,0,-0.8458211373,3.708673088,-3.469982912
22.39,-65.94754488,0.04651851267,0.6052512328,0.3107454634,0,-0.8477268677,3.710055863,-3.468163464
22.4,-65.94149302,0.04655345376,0.6052786078,0.3107319723,0,-0.8496326221,3.711442731,-3.466347905
22.41,-65.93545412,0.04658834837,0.6053057117,0.3107186704,0,-0.8515383828,3.712833673,-3.464536237
22.42,-65.9294282,0.04662319635,0.6053325452,0.3107055572,0,-0.8534441315,3.71422867,-3.46272846
22.43,-65.92341525,0.04665799756,0.6053591092,0.310692632,0,-0.8553498505,3.715627706,-3.460924574
22.44,-65.91741527,0.04669275186,0.6053854045,0.3106798941,0,-0.8572555215,3.71703076,-3.45912458
22.45,-65.91142826,0.04672745911,0.6054114317,0.3106673428,0,-0.8591611266,3.718437814,-3.457328478
22.46,-65.90545423,0.04676211915,0.6054371917,0.3106549776,0,-0.8610666476,3.719848851,-3.455536269
22.47,-65.89949318,0.04679673185,0.6054626853,0.3106427977,0,-0.8629720664,3.72126385,-3.453747954
22.48,-65.89354511,0.04683129706,0.6054879131,0.3106308024,0,-0.8648773649,3.722682795,-3.451963532
22.49,-65.88761002,0.04686581465,0.605512876,0.3106189912,0,-0.8667825247,3.724105665,-3.450183005
22.5,-65.88168791,0.04690028446,0.6055375748,0.3106073634,0,-0.8686875278,3.725532443,-3.448406373
22.51,-65.87577879,0.04693470637,0.6055620101,0.3105959183,0,-0.8705923558,3.72696311,-3.446633637
22.52,-65.86988265,0.04696908022,0.6055861828,0.3105846553,0,-0.8724969905,3.728397646,-3.444864796
22.53,-65.86399951,0.04700340587,0.6056100936,0.3105735738,0,-0.8744014135,3.729836034,-3.443099852
22.54,-65.85812935,0.04703768318,0.6056337434,0.310562673,0,-0.8763056066,3.731278254,-3.441338805
22.55,-65.85227218,0.04707191202,0.6056571328,0.3105519523,0,-0.8782095513,3.732724287,-3.439581655
22.56,-65.84642801,0.04710609223,0.6056802626,0.3105414112,0,-0.8801132292,3.734174116,-3.437828403
22.57,-65.84059683,0.04714022368,0.6057031336,0.3105310488,0,-0.882016622,3.73562772,-3.43607905
22.58,-65.83477865,0.04717430622,0.6057257465,0.3105208647,0,-0.8839197111,3.737085082,-3.434333596
22.59,-65.82897347,0.04720833973,0.6057481022,0.3105108581,0,-0.8858224782,3.738546181,-3.432592041
22.6,-65.82318129,0.04724232404,0.6057702013,0.3105010284,0,-0.8877249046,3.740011,-3.430854386
22.61,-65.8174021,0.04727625903,0.6057920447,0.310491375,0,-0.889626972,3.741479519,-3.429120631
22.62,-65.81163593,0.04731014455,0.605813633,0.3104818972,0,-0.8915286616,3.742951719,-3.427390778
22.63,-65.80588275,0.04734398047,0.6058349672,0.3104725944,0,-0.893429955,3.744427581,-3.425664825
22.64,-65.80014258,0.04737776664,0.6058560478,0.310463466,0,-0.8953308335,3.745907086,-3.423942775
22.65,-65.79441542,0.04741150292,0.6058768757,0.3104545112,0,-0.8972312785,3.747390215,-3.422224626
22.66,-65.78870127,0.04744518917,0.6058974516,0.3104457295,0,-0.8991312713,3.748876949,-3.420510381
22.67,-65.78300013,0.04747882526,0.6059177763,0.3104371202,0,-0.9010307933,3.750367268,-3.418800038
22.68,-65.777312,0.04751241105,0.6059378506,0.3104286827,0,-0.9029298258,3.751861154,-3.417093599
22.69,-65.77163688,0.04754594638,0.6059576752,0.3104204163,0,-0.90482835,3.753358588,-3.415391065
22.7,-65.76597478,0.04757943114,0.6059772508,0.3104123205,0,-0.9067263471,3.754859549,-3.413692435
22.71,-65.7603257,0.04761286517,0.6059965783,0.3104043945,0,-0.9086237985,3.756364019,-3.41199771
22.72,-65.75468963,0.04764624834,0.6060156583,0.3103966378,0,-0.9105206853,3.757871979,-3.41030689
22.73,-65.74906659,0.04767958051,0.6060344917,0.3103890497,0,-0.9124169887,3.759383409,-3.408619976
22.74,-65.74345656,0.04771286154,0.6060530791,0.3103816296,0,-0.9143126898,3.760898289,-3.406936969
22.75,-65.73785956,0.04774609129,0.6060714214,0.3103743769,0,-0.9162077699,3.762416601,-3.405257868
22.76,-65.73227558,0.04777926963,0.6060895193,0.3103672908,0,-0.9181022099,3.763938325,-3.403582675
22.77,-65.72670463,0.04781239642,0.6061073735,0.3103603709,0,-0.919995991,3.765463442,-3.401911389
22.78,-65.7211467,0.04784547151,0.6061249848,0.3103536164,0,-0.9218890943,3.766991931,-3.400244011
22.79,-65.71560181,0.04787849478,0.606142354,0.3103470267,0,-0.9237815008,3.768523775,-3.398580542
22.8,-65.71006994,0.04791146609,0.6061594817,0.3103406013,0,-0.9256731916,3.770058952,-3.396920982
22.81,-65.7045511,0.04794438529,0.6061763688,0.3103343394,0,-0.9275641477,3.771597444,-3.395265331
22.82,-65.6990453,0.04797725225,0.6061930161,0.3103282405,0,-0.92945435,3.773139231,-3.39361359
22.83,-65.69355253,0.04801006684,0.6062094242,0.3103223039,0,-0.9313437796,3.774684293,-3.391965759
22.84,-65.68807279,0.04804282891,0.6062255938,0.3103165291,0,-0.9332324174,3.776232611,-3.390321838
22.85,-65.6826061,0.04807553834,0.6062415259,0.3103109153,0,-0.9351202443,3.777784165,-3.388681829
22.86,-65.67715244,0.04810819498,0.606257221,0.310305462,0,-0.9370072413,3.779338936,-3.387045731
22.87,-65.67171182,0.0481407987,0.60627268,0.3103001685,0,-0.9388933892,3.780896903,-3.385413545
22.88,-65.66628424,0.04817334936,0.6062879036,0.3102950343,0,-0.940778669,3.782458047,-3.383785271
22.89,-65.6608697,0.04820584684,0.6063028925,0.3102900586,0,-0.9426630615,3.784022348,-3.38216091
22.9,-65.6554682,0.04823829098,0.6063176476,0.310285241,0,-0.9445465475,3.785589787,-3.380540461
22.91,-65.65007975,0.04827068166,0.6063321694,0.3102805807,0,-0.946429108,3.787160343,-3.378923926
22.92,-65.64470435,0.04830301875,0.6063464589,0.3102760772,0,-0.9483107236,3.788733997,-3.377311305
22.93,-65.63934199,0.0483353021,0.6063605167,0.3102717298,0,-0.9501913753,3.790310729,-3.375702598
22.94,-65.63399269,0.04836753158,0.6063743436,0.3102675379,0,-0.9520710438,3.791890518,-3.374097806
22.95,-65.62865643,0.04839970706,0.6063879402,0.310263501,0,-0.9539497098,3.793473346,-3.372496928
22.96,-65.62333322,0.04843182841,0.6064013075,0.3102596183,0,-0.9558273542,3.795059192,-3.370899966
22.97,-65.61802307,0.04846389549,0.6064144461,0.3102558893,0,-0.9577039577,3.796648035,-3.36930692
22.98,-65.61272596,0.04849590816,0.6064273567,0.3102523134,0,-0.9595795009,3.798239857,-3.367717789
22.99,-65.60744192,0.0485278663,0.6064400401,0.3102488899,0,-0.9614539647,3.799834637,-3.366132575
23,-65.60217093,0.04855976977,0.606452497,0.3102456183,0,-0.9633273297,3.801432355,-3.364551278
23.01,-65.59691299,0.04859161843,0.6064647282,0.3102424979,0,-0.9651995767,3.80303299,-3.362973898
23.02,-65.59166812,0.04862341216,0.6064767345,0.3102395282,0,-0.9670706862,3.804636524,-3.361400435
23.03,-65.5864363,0.04865515081,0.6064885165,0.3102367085,0,-0.968940639,3.806242935,-3.35983089
23.04,-65.58121755,0.04868683427,0.606500075,0.3102340382,0,-0.9708094157,3.807852203,-3.358265264
23.05,-65.57601185,0.04871846239,0.6065114107,0.3102315167,0,-0.9726769969,3.809464309,-3.356703556
23.06,-65.57081922,0.04875003504,0.6065225244,0.3102291434,0,-0.9745433634,3.811079231,-3.355145766
23.07,-65.56563965,0.0487815521,0.6065334168,0.3102269177,0,-0.9764084956,3.812696951,-3.353591896
23.08,-65.56047315,0.04881301342,0.6065440887,0.3102248391,0,-0.9782723743,3.814317447,-3.352041946
23.09,-65.55531972,0.04884441888,0.6065545408,0.3102229068,0,-0.98013498,3.815940699,-3.350495915
23.1,-65.55017935,0.04887576835,0.6065647738,0.3102211203,0,-0.9819962933,3.817566687,-3.348953805
23.11,-65.54505205,0.0489070617,0.6065747885,0.310219479,0,-0.9838562948,3.81919539,-3.347415615
23.12,-65.53993782,0.04893829879,0.6065845856,0.3102179823,0,-0.985714965,3.820826789,-3.345881346
23.13,-65.53483666,0.0489694795,0.6065941658,0.3102166296,0,-0.9875722846,3.822460862,-3.344350998
23.14,-65.52974857,0.04900060369,0.6066035299,0.3102154203,0,-0.9894282341,3.82409759,-3.342824571
23.15,-65.52467356,0.04903167123,0.6066126786,0.3102143538,0,-0.991282794,3.825736952,-3.341302067
23.16,-65.51961161,0.049062682,0.6066216126,0.3102134295,0,-0.9931359449,3.827378927,-3.339783484
23.17,-65.51456275,0.04909363586,0.6066303327,0.3102126468,0,-0.9949876673,3.829023495,-3.338268824
23.18,-65.50952695,0.04912453269,0.6066388396,0.3102120051,0,-0.9968379418,3.830670635,-3.336758086
23.19,-65.50450424,0.04915537235,0.6066471341,0.3102115038,0,-0.9986867488,3.832320328,-3.335251272
23.2,-65.4994946,0.04918615472,0.6066552168,0.3102111424,0,-1.000534069,3.833972551,-3.33374838
23.21,-65.49449804,0.04921687967,0.6066630886,0.3102109202,0,-1.002379883,3.835627286,-3.332249412
23.22,-65.48951456,0.04924754707,0.60667075,0.3102108366,0,-1.004224171,3.83728451,-3.330754368
23.23,-65.48454416,0.04927815678,0.606678202,0.3102108911,0,-1.006066913,3.838944204,-3.329263248
23.24,-65.47958684,0.0493087087,0.6066854451,0.310211083,0,-1.007908091,3.840606346,-3.327776053
23.25,-65.4746426,0.04933920267,0.6066924802,0.3102114118,0,-1.009747684,3.842270917,-3.326292781
23.26,-65.46971145,0.04936963858,0.6066993079,0.3102118769,0,-1.011585673,3.843937894,-3.324813435
23.27,-65.46479338,0.04940001631,0.606705929,0.3102124777,0,-1.013422039,3.845607259,-3.323338014
23.28,-65.4598884,0.04943033571,0.6067123442,0.3102132136,0,-1.015256762,3.847278989,-3.321866519
23.29,-65.4549965,0.04946059667,0.6067185543,0.310214084,0,-1.017089823,3.848953065,-3.320398949
23.3,-65.45011768,0.04949079907,0.6067245599,0.3102150884,0,-1.018921201,3.850629464,-3.318935304
23.31,-65.44525195,0.04952094276,0.6067303619,0.3102162261,0,-1.020750878,3.852308167,-3.317475586
23.32,-65.44039932,0.04955102763,0.6067359608,0.3102174966,0,-1.022578835,3.853989153,-3.316019795
23.33,-65.43555977,0.04958105355,0.6067413575,0.3102188992,0,-1.02440505,3.8556724,-3.31456793
23.34,-65.4307333,0.0496110204,0.6067465527,0.3102204335,0,-1.026229506,3.857357888,-3.313119991
23.35,-65.42591993,0.04964092805,0.606751547,0.3102220988,0,-1.028052182,3.859045596,-3.31167598
23.36,-65.42111965,0.04967077637,0.6067563413,0.3102238945,0,-1.029873059,3.860735503,-3.310235896
23.37,-65.41633246,0.04970056525,0.6067609362,0.3102258201,0,-1.031692118,3.862427588,-3.308799739
23.38,-65.41155837,0.04973029454,0.6067653325,0.310227875,0,-1.033509339,3.86412183,-3.30736751
23.39,-65.40679736,0.04975996414,0.6067695309,0.3102300586,0,-1.035324702,3.865818207,-3.305939209
23.4,-65.40204945,0.04978957392,0.6067735321,0.3102323703,0,-1.037138188,3.8675167,-3.304514836
23.41,-65.39731464,0.04981912375,0.6067773369,0.3102348096,0,-1.038949777,3.869217286,-3.303094391
23.42,-65.39259292,0.04984861351,0.6067809459,0.3102373759,0,-1.04075945,3.870919946,-3.301677875
23.43,-65.38788429,0.04987804308,0.6067843598,0.3102400685,0,-1.042567188,3.872624657,-3.300265287
23.44,-65.38318876,0.04990741233,0.6067875795,0.310242887,0,-1.044372971,3.874331398,-3.298856628
23.45,-65.37850633,0.04993672115,0.6067906056,0.3102458308,0,-1.046176779,3.876040149,-3.297451898
23.46,-65.37383699,0.0499659694,0.6067934388,0.3102488993,0,-1.047978593,3.877750888,-3.296051097
23.47,-65.36918075,0.04999515696,0.6067960799,0.3102520918,0,-1.049778393,3.879463594,-3.294654225
23.48,-65.36453761,0.05002428373,0.6067985295,0.3102554079,0,-1.051576161,3.881178246,-3.293261283
23.49,-65.35990757,0.05005334956,0.6068007884,0.310258847,0,-1.053371876,3.882894823,-3.29187227
23.5,-65.35529062,0.05008235435,0.6068028574,0.3102624085,0,-1.055165519,3.884613303,-3.290487187
23.51,-65.35068678,0.05011129797,0.606804737,0.3102660919,0,-1.056957071,3.886333665,-3.289106034
23.52,-65.34609604,0.05014018029,0.6068064281,0.3102698965,0,-1.058746512,3.888055889,-3.287728811
23.53,-65.34151839,0.05016900121,0.6068079314,0.3102738218,0,-1.060533823,3.889779951,-3.286355517
23.54,-65.33695385,0.0501977606,0.6068092475,0.3102778673,0,-1.062318985,3.891505832,-3.284986154
23.55,-65.3324024,0.05022645833,0.6068103772,0.3102820324,0,-1.064101977,3.89323351,-3.283620721
23.56,-65.32786406,0.0502550943,0.6068113213,0.3102863164,0,-1.065882781,3.894962963,-3.282259219
23.57,-65.32333882,0.05028366838,0.6068120803,0.310290719,0,-1.067661377,3.896694171,-3.280901647
23.58,-65.31882669,0.05031218045,0.606812655,0.3102952394,0,-1.069437746,3.898427111,-3.279548006
23.59,-65.31432765,0.05034063039,0.6068130462,0.3102998771,0,-1.071211868,3.900161763,-3.278198295
23.6,-65.30984172,0.05036901808,0.6068132546,0.3103046316,0,-1.072983724,3.901898104,-3.276852516
23.61,-65.30536889,0.05039734342,0.6068132808,0.3103095023,0,-1.074753295,3.903636114,-3.275510667
23.62,-65.30090916,0.05042560627,0.6068131255,0.3103144887,0,-1.076520562,3.905375771,-3.274172749
23.63,-65.29646254,0.05045380652,0.6068127896,0.3103195902,0,-1.078285504,3.907117053,-3.272838761
23.64,-65.29202902,0.05048194406,0.6068122736,0.3103248062,0,-1.080048103,3.90885994,-3.271508705
23.65,-65.2876086,0.05051001877,0.6068115784,0.3103301361,0,-1.08180834,3.910604408,-3.27018258
23.66,-65.28320129,0.05053803052,0.6068107045,0.3103355795,0,-1.083566195,3.912350438,-3.268860386
23.67,-65.27880708,0.05056597921,0.6068096528,0.3103411358,0,-1.085321649,3.914098007,-3.267542123
23.68,-65.27442597,0.05059386472,0.6068084239,0.3103468044,0,-1.087074682,3.915847094,-3.266227792
23.69,-65.27005797,0.05062168694,0.6068070186,0.3103525847,0,-1.088825276,3.917597677,-3.264917391
23.7,-65.26570307,0.05064944574,0.6068054375,0.3103584763,0,-1.090573411,3.919349734,-3.263610922
23.71,-65.26136128,0.05067714101,0.6068036813,0.3103644785,0,-1.092319068,3.921103245,-3.262308384
23.72,-65.25703259,0.05070477265,0.6068017508,0.3103705909,0,-1.094062228,3.922858186,-3.261009777
23.73,-65.252717,0.05073234053,0.6067996466,0.3103768127,0,-1.095802872,3.924614538,-3.259715101
23.74,-65.24841452,0.05075984454,0.6067973695,0.3103831436,0,-1.09754098,3.926372277,-3.258424356
23.75,-65.24412514,0.05078728456,0.6067949202,0.310389583,0,-1.099276534,3.928131382,-3.257137542
23.76,-65.23984887,0.05081466049,0.6067922993,0.3103961303,0,-1.101009513,3.929891832,-3.25585466
23.77,-65.23558569,0.05084197222,0.6067895076,0.3104027849,0,-1.1027399,3.931653605,-3.254575708
23.78,-65.23133563,0.05086921961,0.6067865458,0.3104095464,0,-1.104467676,3.933416679,-3.253300688
23.79,-65.22709866,0.05089640258,0.6067834146,0.3104164141,0,-1.10619282,3.935181032,-3.252029598
23.8,-65.2228748,0.050923521,0.6067801146,0.3104233876,0,-1.107915314,3.936946643,-3.250762439
23.81,-65.21866404,0.05095057476,0.6067766467,0.3104304663,0,-1.10963514,3.93871349,-3.249499211
23.82,-65.21446638,0.05097756376,0.6067730114,0.3104376496,0,-1.111352278,3.94048155,-3.248239914
23.83,-65.21028183,0.05100448788,0.6067692094,0.3104449371,0,-1.113066708,3.942250803,-3.246984548
23.84,-65.20611037,0.051031347,0.6067652416,0.310452328,0,-1.114778413,3.944021226,-3.245733111
23.85,-65.20195202,0.05105814103,0.6067611086,0.3104598221,0,-1.116487373,3.945792798,-3.244485606
23.86,-65.19780677,0.05108486985,0.606756811,0.3104674186,0,-1.11819357,3.947565497,-3.24324203
23.87,-65.19367462,0.05111153335,0.6067523496,0.310475117,0,-1.119896984,3.9493393,-3.242002385
23.88,-65.18955557,0.05113813142,0.606747725,0.3104829169,0,-1.121597597,3.951114186,-3.24076667
23.89,-65.18544961,0.05116466395,0.606742938,0.3104908177,0,-1.123295389,3.952890133,-3.239534884
23.9,-65.18135676,0.05119113084,0.6067379893,0.3104988188,0,-1.124990343,3.95466712,-3.238307029
23.91,-65.17727701,0.05121753198,0.6067328796,0.3105069197,0,-1.126682439,3.956445123,-3.237083103
23.92,-65.17321035,0.05124386726,0.6067276095,0.3105151198,0,-1.128371659,3.958224122,-3.235863106
23.93,-65.1691568,0.05127013657,0.6067221797,0.3105234187,0,-1.130057983,3.960004095,-3.234647039
23.94,-65.16511634,0.05129633981,0.606716591,0.3105318158,0,-1.131741394,3.961785018,-3.233434901
23.95,-65.16108897,0.05132247687,0.606710844,0.3105403106,0,-1.133421872,3.963566872,-3.232226691
23.96,-65.1570747,0.05134854764,0.6067049395,0.3105489025,0,-1.1350994,3.965349632,-3.23102241
23.97,-65.15307353,0.05137455202,0.6066988781,0.3105575911,0,-1.136773957,3.967133279,-3.229822058
23.98,-65.14908545,0.0514004899,0.6066926604,0.3105663757,0,-1.138445527,3.968917789,-3.228625634
23.99,-65.14511046,0.05142636118,0.6066862873,0.3105752559,0,-1.140114089,3.97070314,-3.227433138
24,-65.14114856,0.05145216576,0.6066797594,0.3105842311,0,-1.141779627,3.972489311,-3.226244569
24.01,-65.13719976,0.05147790352,0.6066730773,0.3105933008,0,-1.143442121,3.97427628,-3.225059928
24.02,-65.13326405,0.05150357437,0.6066662419,0.3106024645,0,-1.145101552,3.976064024,-3.223879215
24.03,-65.12934143,0.05152917821,0.6066592536,0.3106117216,0,-1.146757903,3.977852521,-3.222702428
24.04,-65.12543189,0.05155471492,0.6066521134,0.3106210717,0,-1.148411155,3.97964175,-3.221529568
24.05,-65.12153545,0.05158018441,0.6066448217,0.3106305141,0,-1.15006129,3.981431689,-3.220360634
24.06,-65.11765209,0.05160558658,0.6066373794,0.3106400485,0,-1.15170829,3.983222315,-3.219195626
24.07,-65.11378181,0.05163092132,0.6066297871,0.3106496742,0,-1.153352135,3.985013605,-3.218034544
24.08,-65.10992463,0.05165618854,0.6066220455,0.3106593907,0,-1.154992809,3.98680554,-3.216877388
24.09,-65.10608052,0.05168138813,0.6066141553,0.3106691976,0,-1.156630292,3.988598095,-3.215724156
24.1,-65.1022495,0.05170651999,0.6066061171,0.3106790942,0,-1.158264567,3.990391249,-3.214574849
24.11,-65.09843156,0.05173158402,0.6065979317,0.3106890801,0,-1.159895616,3.99218498,-3.213429467
24.12,-65.0946267,0.05175658012,0.6065895997,0.3106991548,0,-1.16152342,3.993979266,-3.212288009
24.13,-65.09083491,0.0517815082,0.6065811218,0.3107093178,0,-1.163147961,3.995774085,-3.211150474
24.14,-65.08705621,0.05180636816,0.6065724987,0.3107195684,0,-1.164769221,3.997569414,-3.210016862
24.15,-65.08329058,0.05183115989,0.6065637311,0.3107299063,0,-1.166387183,3.999365231,-3.208887174
24.16,-65.07953803,0.0518558833,0.6065548196,0.3107403309,0,-1.168001829,4.001161515,-3.207761408
24.17,-65.07579854,0.05188053829,0.606545765,0.3107508417,0,-1.16961314,4.002958244,-3.206639563
24.18,-65.07207214,0.05190512477,0.6065365679,0.3107614381,0,-1.171221098,4.004755394,-3.205521641
24.19,-65.0683588,0.05192964264,0.606527229,0.3107721197,0,-1.172825687,4.006552944,-3.204407639
24.2,-65.06465853,0.0519540918,0.606517749,0.3107828859,0,-1.174426888,4.008350872,-3.203297558
24.21,-65.06097133,0.05197847215,0.6065081285,0.3107937363,0,-1.176024683,4.010149155,-3.202191398
24.22,-65.05729719,0.05200278361,0.6064983683,0.3108046704,0,-1.177619055,4.011947772,-3.201089156
24.23,-65.05363612,0.05202702608,0.606488469,0.3108156875,0,-1.179209986,4.0137467,-3.199990835
24.24,-65.04998811,0.05205119946,0.6064784312,0.3108267873,0,-1.180797458,4.015545918,-3.198896432
24.25,-65.04635316,0.05207530366,0.6064682558,0.3108379691,0,-1.182381455,4.017345402,-3.197805947
24.26,-65.04273126,0.05209933859,0.6064579432,0.3108492326,0,-1.183961958,4.019145131,-3.196719379
24.27,-65.03912243,0.05212330415,0.6064474943,0.3108605771,0,-1.18553895,4.020945083,-3.195636729
24.28,-65.03552665,0.05214720025,0.6064369096,0.3108720023,0,-1.187112413,4.022745236,-3.194557996
24.29,-65.03194393,0.0521710268,0.60642619,0.3108835075,0,-1.188682331,4.024545566,-3.193483178
24.3,-65.02837425,0.05219478371,0.6064153359,0.3108950924,0,-1.190248685,4.026346053,-3.192412276
24.31,-65.02481763,0.05221847089,0.6064043481,0.3109067563,0,-1.19181146,4.028146674,-3.191345288
24.32,-65.02127405,0.05224208825,0.6063932274,0.3109184988,0,-1.193370636,4.029947406,-3.190282215
24.33,-65.01774352,0.0522656357,0.6063819742,0.3109303193,0,-1.194926198,4.031748228,-3.189223056
24.34,-65.01422603,0.05228911314,0.6063705894,0.3109422175,0,-1.196478128,4.033549118,-3.188167809
24.35,-65.01072158,0.05231252049,0.6063590736,0.3109541927,0,-1.198026408,4.035350053,-3.187116474
24.36,-65.00723017,0.05233585767,0.6063474274,0.3109662446,0,-1.199571023,4.037151011,-3.186069052
24.37,-65.0037518,0.05235912458,0.6063356515,0.3109783725,0,-1.201111955,4.03895197,-3.18502554
24.38,-65.00028646,0.05238232113,0.6063237466,0.310990576,0,-1.202649187,4.040752907,-3.183985938
24.39,-64.99683415,0.05240544724,0.6063117134,0.3110028546,0,-1.204182702,4.042553802,-3.182950246
24.4,-64.99339488,0.05242850283,0.6062995525,0.3110152078,0,-1.205712483,4.04435463,-3.181918463
24.41,-64.98996863,0.0524514878,0.6062872646,0.3110276351,0,-1.207238514,4.046155371,-3.180890588
24.42,-64.9865554,0.05247440207,0.6062748503,0.311040136,0,-1.208760777,4.047956002,-3.17986662
24.43,-64.9831552,0.05249724556,0.6062623104,0.3110527101,0,-1.210279257,4.049756501,-3.178846559
24.44,-64.97976801,0.05252001819,0.6062496454,0.3110653568,0,-1.211793937,4.051556846,-3.177830404
24.45,-64.97639385,0.05254271986,0.6062368561,0.3110780756,0,-1.213304799,4.053357015,-3.176818154
24.46,-64.97303269,0.0525653505,0.6062239431,0.3110908661,0,-1.214811828,4.055156984,-3.175809808
24.47,-64.96968455,0.05258791002,0.6062109071,0.3111037278,0,-1.216315007,4.056956734,-3.174805366
24.48,-64.96634942,0.05261039834,0.6061977487,0.3111166601,0,-1.21781432,4.05875624,-3.173804826
24.49,-64.96302729,0.05263281537,0.6061844685,0.3111296626,0,-1.21930975,4.060555482,-3.172808188
24.5,-64.95971817,0.05265516105,0.6061710674,0.3111427349,0,-1.220801281,4.062354436,-3.171815451
24.51,-64.95642205,0.05267743528,0.6061575458,0.3111558763,0,-1.222288897,4.064153081,-3.170826614
24.52,-64.95313892,0.05269963799,0.6061439045,0.3111690865,0,-1.223772582,4.065951395,-3.169841676
24.53,-64.94986879,0.0527217691,0.6061301441,0.311182365,0,-1.225252319,4.067749356,-3.168860637
24.54,-64.94661165,0.05274382853,0.6061162653,0.3111957112,0,-1.226728093,4.069546941,-3.167883494
24.55,-64.9433675,0.0527658162,0.6061022688,0.3112091247,0,-1.228199887,4.071344128,-3.166910249
24.56,-64.94013633,0.05278773202,0.6060881551,0.311222605,0,-1.229667686,4.073140896,-3.165940898
24.57,-64.93691814,0.05280957594,0.606073925,0.3112361516,0,-1.231131474,4.074937222,-3.164975442
24.58,-64.93371293,0.05283134786,0.6060595791,0.3112497641,0,-1.232591235,4.076733084,-3.16401388
24.59,-64.9305207,0.05285304772,0.6060451181,0.3112634419,0,-1.234046953,4.07852846,-3.16305621
24.6,-64.92734144,0.05287467543,0.6060305426,0.3112771847,0,-1.235498613,4.080323329,-3.162102431
24.61,-64.92417514,0.05289623092,0.6060158532,0.3112909918,0,-1.236946198,4.082117667,-3.161152543
24.62,-64.92102181,0.05291771412,0.6060010507,0.3113048629,0,-1.238389694,4.083911453,-3.160206544
24.63,-64.91788145,0.05293912495,0.6059861356,0.3113187975,0,-1.239829085,4.085704665,-3.159264434
24.64,-64.91475404,0.05296046334,0.6059711086,0.311332795,0,-1.241264356,4.087497281,-3.158326211
24.65,-64.91163958,0.05298172922,0.6059559704,0.3113468551,0,-1.242695491,4.089289279,-3.157391874
24.66,-64.90853807,0.05300292252,0.6059407216,0.3113609772,0,-1.244122474,4.091080637,-3.156461422
24.67,-64.90544951,0.05302404316,0.6059253629,0.3113751608,0,-1.245545292,4.092871333,-3.155534854
24.68,-64.9023739,0.05304509107,0.6059098949,0.3113894056,0,-1.246963928,4.094661345,-3.154612169
24.69,-64.89931122,0.05306606618,0.6058943183,0.311403711,0,-1.248378367,4.096450651,-3.153693365
24.7,-64.89626147,0.05308696842,0.6058786336,0.3114180766,0,-1.249788594,4.098239229,-3.152778442
24.71,-64.89322466,0.05310779773,0.6058628417,0.3114325018,0,-1.251194596,4.100027057,-3.151867398
24.72,-64.89020077,0.05312855404,0.605846943,0.3114469863,0,-1.252596355,4.101814113,-3.150960232
24.73,-64.88718981,0.05314923726,0.6058309382,0.3114615296,0,-1.253993859,4.103600376,-3.150056942
24.74,-64.88419176,0.05316984735,0.605814828,0.3114761311,0,-1.255387092,4.105385823,-3.149157529
24.75,-64.88120663,0.05319038424,0.6057986131,0.3114907905,0,-1.256776039,4.107170433,-3.148261989
24.76,-64.87823441,0.05321084784,0.605782294,0.3115055072,0,-1.258160685,4.108954183,-3.147370323
24.77,-64.87527509,0.05323123811,0.6057658714,0.3115202809,0,-1.259541017,4.110737052,-3.146482528
24.78,-64.87232868,0.05325155498,0.605749346,0.3115351109,0,-1.26091702,4.112519018,-3.145598603
24.79,-64.86939516,0.05327179838,0.6057327184,0.311549997,0,-1.262288679,4.11430006,-3.144718548
24.8,-64.86647453,0.05329196824,0.6057159892,0.3115649386,0,-1.263655981,4.116080154,-3.14384236
24.81,-64.86356679,0.05331206451,0.6056991591,0.3115799352,0,-1.26501891,4.117859281,-3.142970038
24.82,-64.86067194,0.05333208713,0.6056822286,0.3115949864,0,-1.266377453,4.119637417,-3.142101581
24.83,-64.85778996,0.05335203602,0.6056651985,0.3116100918,0,-1.267731595,4.121414542,-3.141236988
24.84,-64.85492086,0.05337191114,0.6056480694,0.3116252509,0,-1.269081324,4.123190633,-3.140376257
24.85,-64.85206462,0.05339171241,0.6056308419,0.3116404632,0,-1.270426623,4.124965668,-3.139519386
24.86,-64.84922125,0.05341143979,0.6056135167,0.3116557282,0,-1.271767481,4.126739627,-3.138666374
24.87,-64.84639073,0.0534310932,0.6055960943,0.3116710456,0,-1.273103883,4.128512487,-3.13781722
24.88,-64.84357307,0.0534506726,0.6055785754,0.3116864148,0,-1.274435815,4.130284226,-3.136971922
24.89,-64.84076826,0.05347017792,0.6055609607,0.3117018355,0,-1.275763264,4.132054824,-3.136130478
24.9,-64.83797629,0.05348960911,0.6055432508,0.3117173071,0,-1.277086215,4.133824258,-3.135292888
24.91,-64.83519716,0.05350896612,0.6055254462,0.3117328292,0,-1.278404657,4.135592507,-3.134459149
24.92,-64.83243087,0.05352824887,0.6055075477,0.3117484014,0,-1.279718575,4.137359549,-3.13362926
24.93,-64.8296774,0.05354745733,0.6054895559,0.3117640232,0,-1.281027956,4.139125363,-3.132803219
24.94,-64.82693675,0.05356659143,0.6054714714,0.3117796942,0,-1.282332786,4.140889928,-3.131981024
24.95,-64.82420892,0.05358565112,0.6054532948,0.3117954139,0,-1.283633053,4.142653221,-3.131162675
24.96,-64.8214939,0.05360463635,0.6054350267,0.3118111818,0,-1.284928744,4.144415221,-3.130348169
24.97,-64.81879168,0.05362354707,0.6054166678,0.3118269976,0,-1.286219845,4.146175907,-3.129537504
24.98,-64.81610226,0.05364238323,0.6053982187,0.3118428607,0,-1.287506344,4.147935258,-3.128730679
24.99,-64.81342564,0.05366114476,0.6053796801,0.3118587708,0,-1.288788228,4.149693251,-3.127927693
25,-64.81076181,0.05367983163,0.6053610525,0.3118747274,0,-1.290065484,4.151449866,-3.127128543
25.01,-64.80811076,0.05369844378,0.6053423365,0.31189073,0,-1.291338099,4.153205082,-3.126333227
25.02,-64.80547248,0.05371698117,0.6053235329,0.3119067782,0,-1.292606061,4.154958876,-3.125541745
25.03,-64.80284698,0.05373544374,0.6053046422,0.3119228716,0,-1.293869357,4.156711228,-3.124754093
25.04,-64.80023424,0.05375383145,0.605285665,0.3119390097,0,-1.295127975,4.158462116,-3.123970271
25.05,-64.79763425,0.05377214425,0.605266602,0.3119551921,0,-1.296381903,4.160211519,-3.123190276
25.06,-64.79504702,0.05379038209,0.6052474537,0.3119714184,0,-1.297631128,4.161959416,-3.122414106
25.07,-64.79247253,0.05380854494,0.6052282209,0.311987688,0,-1.298875639,4.163705786,-3.12164176
25.08,-64.78991079,0.05382663274,0.605208904,0.3120040007,0,-1.300115423,4.165450608,-3.120873236
25.09,-64.78736177,0.05384464545,0.6051895038,0.3120203559,0,-1.301350467,4.16719386,-3.120108531
25.1,-64.78482548,0.05386258303,0.6051700208,0.3120367532,0,-1.302580762,4.168935521,-3.119347644
25.11,-64.78230191,0.05388044543,0.6051504557,0.3120531921,0,-1.303806294,4.17067557,-3.118590573
25.12,-64.77979105,0.05389823262,0.6051308091,0.3120696724,0,-1.305027051,4.172413986,-3.117837316
25.13,-64.7772929,0.05391594455,0.6051110815,0.3120861934,0,-1.306243023,4.174150749,-3.11708787
25.14,-64.77480745,0.05393358118,0.6050912737,0.3121027548,0,-1.307454198,4.175885836,-3.116342234
25.15,-64.77233469,0.05395114248,0.6050713861,0.3121193562,0,-1.308660563,4.177619228,-3.115600406
25.16,-64.76987461,0.05396862839,0.6050514195,0.3121359971,0,-1.309862109,4.179350903,-3.114862383
25.17,-64.76742721,0.05398603889,0.6050313744,0.312152677,0,-1.311058823,4.181080841,-3.114128164
25.18,-64.76499249,0.05400337394,0.6050112514,0.3121693957,0,-1.312250695,4.18280902,-3.113397746
25.19,-64.76257042,0.0540206335,0.6049910512,0.3121861526,0,-1.313437714,4.184535419,-3.112671126
25.2,-64.76016101,0.05403781753,0.6049707744,0.3122029473,0,-1.314619867,4.186260019,-3.111948304
25.21,-64.75776426,0.05405492601,0.6049504215,0.3122197794,0,-1.315797145,4.187982797,-3.111229277
25.22,-64.75538014,0.05407195889,0.6049299931,0.3122366484,0,-1.316969538,4.189703734,-3.110514042
25.23,-64.75300866,0.05408891614,0.60490949,0.3122535541,0,-1.318137033,4.191422809,-3.109802597
25.24,-64.7506498,0.05410579772,0.6048889126,0.3122704958,0,-1.31929962,4.193140001,-3.10909494
25.25,-64.74830356,0.05412260362,0.6048682616,0.3122874732,0,-1.32045729,4.194855289,-3.108391069
25.26,-64.74596994,0.05413933379,0.6048475376,0.312304486,0,-1.321610031,4.196568653,-3.107690981
25.27,-64.74364891,0.05415598821,0.6048267412,0.3123215336,0,-1.322757833,4.198280073,-3.106994674
25.28,-64.74134049,0.05417256684,0.6048058729,0.3123386156,0,-1.323900686,4.199989527,-3.106302146
25.29,-64.73904464,0.05418906965,0.6047849335,0.3123557317,0,-1.32503858,4.201696995,-3.105613393
25.3,-64.73676138,0.05420549662,0.6047639234,0.3123728813,0,-1.326171505,4.203402458,-3.104928415
25.31,-64.73449069,0.05422184773,0.6047428433,0.3123900642,0,-1.327299451,4.205105894,-3.104247208
25.32,-64.73223256,0.05423812293,0.6047216937,0.3124072799,0,-1.328422408,4.206807283,-3.103569769
25.33,-64.72998699,0.05425432222,0.6047004754,0.3124245279,0,-1.329540366,4.208506604,-3.102896098
25.34,-64.72775396,0.05427044555,0.6046791888,0.3124418079,0,-1.330653316,4.210203839,-3.102226189
25.35,-64.72553348,0.05428649292,0.6046578346,0.3124591195,0,-1.331761248,4.211898965,-3.101560043
25.36,-64.72332552,0.05430246429,0.6046364133,0.3124764622,0,-1.332864153,4.213591964,-3.100897655
25.37,-64.72113008,0.05431835964,0.6046149256,0.3124938356,0,-1.333962021,4.215282815,-3.100239023
25.38,-64.71894715,0.05433417895,0.604593372,0.3125112393,0,-1.335054843,4.216971497,-3.099584144
25.39,-64.71677672,0.0543499222,0.6045717531,0.3125286729,0,-1.336142611,4.218657992,-3.098933017
25.4,-64.71461879,0.05436558936,0.6045500696,0.3125461361,0,-1.337225314,4.220342278,-3.098285638
25.41,-64.71247335,0.05438118043,0.6045283219,0.3125636283,0,-1.338302944,4.222024335,-3.097642004
25.42,-64.71034038,0.05439669538,0.6045065108,0.3125811492,0,-1.339375492,4.223704145,-3.097002113
25.43,-64.70821987,0.05441213419,0.6044846367,0.3125986985,0,-1.34044295,4.225381686,-3.096365962
25.44,-64.70611183,0.05442749684,0.6044627003,0.3126162756,0,-1.341505309,4.22705694,-3.095733549
25.45,-64.70401623,0.05444278333,0.6044407022,0.3126338802,0,-1.34256256,4.228729885,-3.09510487
25.46,-64.70193308,0.05445799362,0.6044186429,0.3126515118,0,-1.343614694,4.230400504,-3.094479923
25.47,-64.69986235,0.05447312772,0.604396523,0.3126691702,0,-1.344661705,4.232068774,-3.093858704
25.48,-64.69780404,0.0544881856,0.6043743432,0.3126868548,0,-1.345703582,4.233734678,-3.093241212
25.49,-64.69575814,0.05450316726,0.6043521039,0.3127045654,0,-1.346740319,4.235398196,-3.092627443
25.5,-64.69372464,0.05451807268,0.6043298057,0.3127223014,0,-1.347771907,4.237059307,-3.092017393
25.51,-64.69170354,0.05453290184,0.6043074494,0.3127400625,0,-1.348798338,4.238717992,-3.091411062
25.52,-64.68969481,0.05454765475,0.6042850353,0.3127578483,0,-1.349819605,4.240374232,-3.090808444
25.53,-64.68769846,0.05456233138,0.6042625641,0.3127756583,0,-1.350835699,4.242028008,-3.090209538
25.54,-64.68571447,0.05457693173,0.6042400365,0.3127934923,0,-1.351846614,4.2436793,-3.08961434
25.55,-64.68374282,0.0545914558,0.6042174528,0.3128113499,0,-1.352852341,4.245328088,-3.089022847
25.56,-64.68178352,0.05460590358,0.6041948138,0.3128292305,0,-1.353852874,4.246974353,-3.088435056
25.57,-64.67983655,0.05462027505,0.60417212,0.3128471338,0,-1.354848205,4.248618077,-3.087850964
25.58,-64.67790189,0.05463457022,0.604149372,0.3128650596,0,-1.355838326,4.25025924,-3.087270568
25.59,-64.67597955,0.05464878908,0.6041265703,0.3128830072,0,-1.356823232,4.251897822,-3.086693865
25.6,-64.67406951,0.05466293162,0.6041037155,0.3129009764,0,-1.357802914,4.253533805,-3.086120852
25.61,-64.67217175,0.05467699785,0.6040808082,0.3129189668,0,-1.358777367,4.25516717,-3.085551524
25.62,-64.67028627,0.05469098776,0.6040578489,0.312936978,0,-1.359746583,4.256797897,-3.08498588
25.63,-64.66841305,0.05470490135,0.6040348383,0.3129550096,0,-1.360710555,4.258425969,-3.084423916
25.64,-64.66655209,0.05471873863,0.6040117769,0.3129730612,0,-1.361669278,4.260051365,-3.083865628
25.65,-64.66470338,0.05473249958,0.6039886652,0.3129911324,0,-1.362622744,4.261674067,-3.083311014
25.66,-64.6628669,0.05474618422,0.6039655038,0.3130092229,0,-1.363570948,4.263294056,-3.082760069
25.67,-64.66104264,0.05475979255,0.6039422933,0.3130273323,0,-1.364513884,4.264911314,-3.082212791
25.68,-64.65923059,0.05477332456,0.6039190343,0.3130454602,0,-1.365451544,4.266525822,-3.081669176
25.69,-64.65743073,0.05478678027,0.6038957272,0.3130636062,0,-1.366383924,4.268137561,-3.08112922
25.7,-64.65564307,0.05480015968,0.6038723727,0.3130817699,0,-1.367311018,4.269746512,-3.080592921
25.71,-64.65386758,0.05481346279,0.6038489714,0.313099951,0,-1.368232819,4.271352658,-3.080060274
25.72,-64.65210426,0.05482668961,0.6038255237,0.313118149,0,-1.369149322,4.27295598,-3.079531277
25.73,-64.65035309,0.05483984016,0.6038020303,0.3131363637,0,-1.370060522,4.27455646,-3.079005926
25.74,-64.64861405,0.05485291443,0.6037784916,0.3131545946,0,-1.370966413,4.276154078,-3.078484216
25.75,-64.64688715,0.05486591244,0.6037549083,0.3131728413,0,-1.37186699,4.277748817,-3.077966145
25.76,-64.64517236,0.0548788342,0.603731281,0.3131911036,0,-1.372762247,4.279340659,-3.077451709
25.77,-64.64346968,0.05489167972,0.60370761,0.3132093809,0,-1.373652181,4.280929586,-3.076940904
25.78,-64.64177909,0.05490444901,0.6036838961,0.313227673,0,-1.374536785,4.282515578,-3.076433727
25.79,-64.64010058,0.05491714209,0.6036601398,0.3132459795,0,-1.375416054,4.28409862,-3.075930173
25.8,-64.63843413,0.05492975897,0.6036363415,0.3132643,0,-1.376289985,4.285678691,-3.07543024
25.81,-64.63677974,0.05494229966,0.603612502,0.3132826341,0,-1.377158573,4.287255775,-3.074933923
25.82,-64.63513739,0.05495476419,0.6035886216,0.3133009815,0,-1.378021812,4.288829854,-3.074441218
25.83,-64.63350707,0.05496715256,0.603564701,0.3133193418,0,-1.3788797,4.29040091,-3.073952122
25.84,-64.63188877,0.0549794648,0.6035407407,0.3133377146,0,-1.37973223,4.291968925,-3.073466631
25.85,-64.63028247,0.05499170092,0.6035167412,0.3133560996,0,-1.3805794,4.293533882,-3.072984741
25.86,-64.62868816,0.05500386095,0.6034927031,0.3133744964,0,-1.381421205,4.295095762,-3.072506449
25.87,-64.62710583,0.0550159449,0.603468627,0.3133929047,0,-1.382257641,4.296654549,-3.072031749
25.88,-64.62553546,0.0550279528,0.6034445133,0.3134113241,0,-1.383088705,4.298210225,-3.071560638
25.89,-64.62397704,0.05503988467,0.6034203626,0.3134297542,0,-1.383914393,4.299762772,-3.071093113
25.9,-64.62243056,0.05505174052,0.6033961755,0.3134481946,0,-1.3847347,4.301312174,-3.070629168
25.91,-64.620896,0.0550635204,0.6033719525,0.3134666451,0,-1.385549625,4.302858413,-3.070168801
25.92,-64.61937336,0.05507522432,0.6033476941,0.3134851053,0,-1.386359163,4.304401471,-3.069712007
25.93,-64.61786261,0.0550868523,0.6033234009,0.3135035747,0,-1.387163311,4.305941332,-3.069258782
25.94,-64.61636374,0.05509840438,0.6032990734,0.3135220531,0,-1.387962066,4.307477979,-3.068809121
25.95,-64.61487674,0.05510988058,0.6032747121,0.3135405401,0,-1.388755425,4.309011394,-3.068363021
25.96,-64.61340159,0.05512128093,0.6032503176,0.3135590353,0,-1.389543386,4.310541561,-3.067920477
25.97,-64.61193829,0.05513260546,0.6032258903,0.3135775384,0,-1.390325945,4.312068462,-3.067481486
25.98,-64.61048681,0.05514385421,0.6032014309,0.3135960491,0,-1.391103099,4.313592082,-3.067046042
25.99,-64.60904714,0.0551550272,0.6031769399,0.313614567,0,-1.391874848,4.315112402,-3.066614142
26,-64.60761927,0.05516612447,0.6031524177,0.3136330917,0,-1.392641186,4.316629408,-3.066185781
26.01,-64.60620318,0.05517714604,0.603127865,0.3136516228,0,-1.393402114,4.318143081,-3.065760955
26.02,-64.60479887,0.05518809196,0.6031032822,0.3136701602,0,-1.394157628,4.319653406,-3.06533966
26.03,-64.6034063,0.05519896227,0.6030786698,0.3136887033,0,-1.394907726,4.321160365,-3.06492189
26.04,-64.60202548,0.05520975698,0.6030540285,0.3137072519,0,-1.395652407,4.322663944,-3.064507643
26.05,-64.60065637,0.05522047616,0.6030293586,0.3137258056,0,-1.396391668,4.324164124,-3.064096912
26.06,-64.59929898,0.05523111982,0.6030046608,0.3137443641,0,-1.397125509,4.325660891,-3.063689694
26.07,-64.59795328,0.05524168802,0.6029799355,0.313762927,0,-1.397853926,4.327154228,-3.063285985
26.08,-64.59661926,0.05525218079,0.6029551832,0.313781494,0,-1.39857692,4.328644119,-3.062885779
26.09,-64.59529691,0.05526259817,0.6029304046,0.3138000647,0,-1.399294488,4.330130547,-3.062489072
26.1,-64.5939862,0.05527294021,0.6029056001,0.3138186389,0,-1.40000663,4.331613497,-3.062095859
26.11,-64.59268712,0.05528320694,0.6028807702,0.3138372161,0,-1.400713343,4.333092954,-3.061706136
26.12,-64.59139966,0.05529339842,0.6028559154,0.313855796,0,-1.401414628,4.3345689,-3.061319899
26.13,-64.5901238,0.05530351469,0.6028310362,0.3138743784,0,-1.402110484,4.336041321,-3.060937141
26.14,-64.58885953,0.05531355579,0.6028061332,0.3138929628,0,-1.402800909,4.337510201,-3.060557859
26.15,-64.58760683,0.05532352178,0.6027812069,0.313911549,0,-1.403485903,4.338975525,-3.060182048
26.16,-64.58636568,0.05533341269,0.6027562577,0.3139301366,0,-1.404165465,4.340437276,-3.059809703
26.17,-64.58513606,0.05534322858,0.6027312863,0.3139487252,0,-1.404839596,4.341895439,-3.059440819
26.18,-64.58391797,0.05535296949,0.602706293,0.3139673146,0,-1.405508294,4.34335,-3.059075391
26.19,-64.58271138,0.05536263549,0.6026812784,0.3139859044,0,-1.40617156,4.344800942,-3.058713415
26.2,-64.58151629,0.05537222661,0.602656243,0.3140044942,0,-1.406829394,4.346248251,-3.058354886
26.21,-64.58033266,0.05538174292,0.6026311873,0.3140230839,0,-1.407481796,4.347691911,-3.057999797
26.22,-64.57916049,0.05539118447,0.6026061118,0.3140416729,0,-1.408128765,4.349131908,-3.057648146
26.23,-64.57799975,0.05540055131,0.6025810171,0.3140602611,0,-1.408770303,4.350568227,-3.057299926
26.24,-64.57685044,0.05540984349,0.6025559035,0.314078848,0,-1.40940641,4.352000852,-3.056955132
26.25,-64.57571253,0.05541906108,0.6025307716,0.3140974334,0,-1.410037085,4.353429769,-3.05661376
26.26,-64.57458601,0.05542820413,0.602505622,0.3141160169,0,-1.410662331,4.354854963,-3.056275804
26.27,-64.57347086,0.0554372727,0.602480455,0.3141345983,0,-1.411282148,4.35627642,-3.055941259
26.28,-64.57236707,0.05544626686,0.6024552712,0.3141531771,0,-1.411896537,4.357694125,-3.05561012
26.29,-64.57127461,0.05545518665,0.6024300711,0.3141717532,0,-1.412505498,4.359108063,-3.055282382
26.3,-64.57019347,0.05546403214,0.6024048552,0.314190326,0,-1.413109033,4.360518221,-3.05495804
26.31,-64.56912362,0.0554728034,0.602379624,0.3142088955,0,-1.413707144,4.361924583,-3.054637087
26.32,-64.56806507,0.05548150049,0.6023543779,0.3142274611,0,-1.414299831,4.363327136,-3.05431952
26.33,-64.56701777,0.05549012347,0.6023291174,0.3142460227,0,-1.414887096,4.364725865,-3.054005332
26.34,-64.56598173,0.0554986724,0.6023038431,0.3142645799,0,-1.415468942,4.366120757,-3.053694519
26.35,-64.56495691,0.05550714736,0.6022785554,0.3142831323,0,-1.416045368,4.367511797,-3.053387074
26.36,-64.56394331,0.05551554842,0.6022532548,0.3143016797,0,-1.416616379,4.368898972,-3.053082993
26.37,-64.5629409,0.05552387563,0.6022279418,0.3143202218,0,-1.417181975,4.370282268,-3.05278227
26.38,-64.56194966,0.05553212907,0.6022026169,0.3143387583,0,-1.417742158,4.371661671,-3.052484899
26.39,-64.56096959,0.05554030882,0.6021772805,0.3143572888,0,-1.418296931,4.373037167,-3.052190876
26.4,-64.56000065,0.05554841493,0.6021519331,0.3143758131,0,-1.418846297,4.374408743,-3.051900194
26.41,-64.55904283,0.05555644749,0.6021265752,0.3143943307,0,-1.419390257,4.375776386,-3.051612848
26.42,-64.55809611,0.05556440657,0.6021012074,0.3144128415,0,-1.419928815,4.377140082,-3.051328832
26.43,-64.55716047,0.05557229223,0.6020758299,0.3144313452,0,-1.420461973,4.378499817,-3.05104814
26.44,-64.55623589,0.05558010456,0.6020504435,0.3144498414,0,-1.420989734,4.379855579,-3.050770768
26.45,-64.55532236,0.05558784364,0.6020250484,0.3144683298,0,-1.4215121,4.381207354,-3.050496709
26.46,-64.55441986,0.05559550954,0.6019996452,0.3144868101,0,-1.422029076,4.38255513,-3.050225957
26.47,-64.55352836,0.05560310233,0.6019742343,0.314505282,0,-1.422540663,4.383898894,-3.049958507
26.48,-64.55264785,0.0556106221,0.6019488163,0.3145237453,0,-1.423046866,4.385238632,-3.049694354
26.49,-64.5517783,0.05561806893,0.6019233915,0.3145421996,0,-1.423547688,4.386574332,-3.04943349
26.5,-64.5509197,0.05562544289,0.6018979605,0.3145606446,0,-1.424043133,4.387905981,-3.049175911
26.51,-64.55007203,0.05563274408,0.6018725238,0.3145790801,0,-1.424533204,4.389233566,-3.04892161
26.52,-64.54923527,0.05563997257,0.6018470816,0.3145975057,0,-1.425017904,4.390557076,-3.048670581
26.53,-64.5484094,0.05564712845,0.6018216347,0.3146159211,0,-1.425497239,4.391876498,-3.048422819
26.54,-64.54759439,0.0556542118,0.6017961833,0.3146343261,0,-1.425971211,4.393191819,-3.048178318
26.55,-64.54679024,0.05566122271,0.601770728,0.3146527204,0,-1.426439825,4.394503027,-3.047937071
26.56,-64.54599691,0.05566816127,0.6017452692,0.3146711037,0,-1.426903086,4.395810111,-3.047699073
26.57,-64.54521439,0.05567502756,0.6017198074,0.3146894757,0,-1.427360997,4.397113057,-3.047464317
26.58,-64.54444266,0.05568182168,0.6016943431,0.314707836,0,-1.427813564,4.398411854,-3.047232797
26.59,-64.54368169,0.0556885437,0.6016688766,0.3147261845,0,-1.42826079,4.399706491,-3.047004508
26.6,-64.54293147,0.05569519373,0.6016434085,0.3147445208,0,-1.428702681,4.400996955,-3.046779442
26.61,-64.54219198,0.05570177186,0.6016179391,0.3147628446,0,-1.429139241,4.402283235,-3.046557594
26.62,-64.54146319,0.05570827818,0.601592469,0.3147811558,0,-1.429570476,4.403565319,-3.046338958
26.63,-64.54074509,0.05571471277,0.6015669986,0.3147994539,0,-1.42999639,4.404843196,-3.046123528
26.64,-64.54003765,0.05572107575,0.6015415283,0.3148177387,0,-1.430416988,4.406116854,-3.045911296
26.65,-64.53934086,0.0557273672,0.6015160586,0.3148360099,0,-1.430832277,4.407386282,-3.045702257
26.66,-64.53865468,0.05573358722,0.60149059,0.3148542672,0,-1.431242261,4.408651469,-3.045496404
26.67,-64.53797911,0.0557397359,0.6014651228,0.3148725105,0,-1.431646946,4.409912404,-3.045293732
26.68,-64.53731411,0.05574581336,0.6014396575,0.3148907393,0,-1.432046338,4.411169075,-3.045094233
26.69,-64.53665967,0.05575181967,0.6014141946,0.3149089534,0,-1.432440442,4.412421472,-3.044897901
26.7,-64.53601576,0.05575775496,0.6013887345,0.3149271526,0,-1.432829264,4.413669584,-3.044704729
26.71,-64.53538237,0.05576361932,0.6013632776,0.3149453365,0,-1.433212811,4.414913401,-3.044514712
26.72,-64.53475947,0.05576941284,0.6013378244,0.314963505,0,-1.433591088,4.416152911,-3.044327842
26.73,-64.53414705,0.05577513564,0.6013123752,0.3149816576,0,-1.433964102,4.417388104,-3.044144114
26.74,-64.53354506,0.05578078782,0.6012869307,0.3149997942,0,-1.434331859,4.418618969,-3.043963519
26.75,-64.53295351,0.05578636949,0.601261491,0.3150179145,0,-1.434694365,4.419845497,-3.043786053
26.76,-64.53237236,0.05579188075,0.6012360568,0.3150360183,0,-1.435051628,4.421067677,-3.043611708
26.77,-64.53180159,0.0557973217,0.6012106284,0.3150541051,0,-1.435403653,4.422285498,-3.043440477
26.78,-64.53124118,0.05580269246,0.6011852063,0.3150721749,0,-1.435750448,4.423498952,-3.043272354
26.79,-64.5306911,0.05580799314,0.6011597909,0.3150902273,0,-1.43609202,4.424708027,-3.043107331
26.8,-64.53015134,0.05581322385,0.6011343825,0.315108262,0,-1.436428375,4.425912714,-3.042945403
26.81,-64.52962188,0.0558183847,0.6011089817,0.3151262789,0,-1.43675952,4.427113004,-3.042786563
26.82,-64.52910268,0.05582347579,0.6010835889,0.3151442775,0,-1.437085464,4.428308886,-3.042630803
26.83,-64.52859372,0.05582849725,0.6010582044,0.3151622578,0,-1.437406213,4.429500351,-3.042478116
26.84,-64.52809499,0.05583344919,0.6010328287,0.3151802194,0,-1.437721775,4.430687389,-3.042328496
26.85,-64.52760646,0.05583833172,0.6010074622,0.315198162,0,-1.438032158,4.431869992,-3.042181937
26.86,-64.5271281,0.05584314496,0.6009821054,0.3152160854,0,-1.438337368,4.433048149,-3.04203843
26.87,-64.52665989,0.05584788903,0.6009567586,0.3152339894,0,-1.438637415,4.434221853,-3.041897968
26.88,-64.52620182,0.05585256404,0.6009314222,0.3152518737,0,-1.438932306,4.435391093,-3.041760546
26.89,-64.52575385,0.05585717012,0.6009060968,0.3152697381,0,-1.439222048,4.43655586,-3.041626155
26.9,-64.52531597,0.05586170737,0.6008807826,0.3152875822,0,-1.439506651,4.437716147,-3.04149479
26.91,-64.52488814,0.05586617594,0.6008554801,0.3153054059,0,-1.439786121,4.438871943,-3.041366441
26.92,-64.52447034,0.05587057592,0.6008301896,0.3153232088,0,-1.440060469,4.440023241,-3.041241103
26.93,-64.52406256,0.05587490746,0.6008049117,0.3153409908,0,-1.440329702,4.441170032,-3.041118769
26.94,-64.52366477,0.05587917067,0.6007796467,0.3153587516,0,-1.440593828,4.442312307,-3.04099943
26.95,-64.52327694,0.05588336567,0.600754395,0.315376491,0,-1.440852858,4.443450058,-3.040883081
26.96,-64.52289904,0.0558874926,0.600729157,0.3153942087,0,-1.441106798,4.444583276,-3.040769713
26.97,-64.52253106,0.05589155157,0.6007039332,0.3154119044,0,-1.441355658,4.445711955,-3.040659319
26.98,-64.52217297,0.05589554273,0.6006787238,0.3154295779,0,-1.441599448,4.446836084,-3.040551892
26.99,-64.52182475,0.05589946618,0.6006535293,0.3154472291,0,-1.441838176,4.447955658,-3.040447425
27,-64.52148637,0.05590332207,0.6006283502,0.3154648575,0,-1.442071852,4.449070667,-3.04034591
27.01,-64.5211578,0.05590711053,0.6006031867,0.3154824631,0,-1.442300484,4.450181103,-3.04024734
27.02,-64.52083902,0.05591083168,0.6005780394,0.3155000455,0,-1.442524083,4.451286961,-3.040151707
27.03,-64.52053001,0.05591448565,0.6005529085,0.3155176046,0,-1.442742657,4.452388231,-3.040059004
27.04,-64.52023075,0.05591807259,0.6005277945,0.31553514,0,-1.442956218,4.453484906,-3.039969224
27.05,-64.5199412,0.05592159262,0.6005026977,0.3155526516,0,-1.443164773,4.454576979,-3.039882359
27.06,-64.51966134,0.05592504588,0.6004776186,0.3155701392,0,-1.443368333,4.455664443,-3.039798401
27.07,-64.51939114,0.0559284325,0.6004525576,0.3155876024,0,-1.443566909,4.45674729,-3.039717342
27.08,-64.51913059,0.05593175262,0.6004275149,0.315605041,0,-1.44376051,4.457825514,-3.039639176
27.09,-64.51887965,0.05593500638,0.6004024911,0.3156224549,0,-1.443949146,4.458899108,-3.039563895
27.1,-64.5186383,0.05593819392,0.6003774864,0.3156398438,0,-1.444132827,4.459968064,-3.03949149
27.11,-64.51840652,0.05594131538,0.6003525013,0.3156572075,0,-1.444311564,4.461032377,-3.039421955
27.12,-64.51818427,0.05594437089,0.6003275361,0.3156745457,0,-1.444485368,4.462092038,-3.039355281
27.13,-64.51797153,0.0559473606,0.6003025912,0.3156918582,0,-1.444654249,4.463147043,-3.03929146
27.14,-64.51776829,0.05595028464,0.600277667,0.3157091449,0,-1.444818217,4.464197385,-3.039230486
27.15,-64.5175745,0.05595314317,0.6002527639,0.3157264054,0,-1.444977284,4.465243056,-3.03917235
27.16,-64.51739015,0.05595593633,0.6002278822,0.3157436395,0,-1.44513146,4.466284052,-3.039117044
27.17,-64.5172152,0.05595866426,0.6002030223,0.3157608471,0,-1.445280757,4.467320365,-3.039064561
27.18,-64.51704964,0.0559613271,0.6001781846,0.3157780279,0,-1.445425184,4.468351991,-3.039014892
27.19,-64.51689343,0.055963925,0.6001533694,0.3157951817,0,-1.445564754,4.469378922,-3.038968029
27.2,-64.51674655,0.05596645812,0.6001285772,0.3158123083,0,-1.445699478,4.470401154,-3.038923966
27.21,-64.51660898,0.05596892659,0.6001038082,0.3158294074,0,-1.445829367,4.471418681,-3.038882693
27.22,-64.51648068,0.05597133058,0.6000790628,0.3158464789,0,-1.445954432,4.472431496,-3.038844203
27.23,-64.51636163,0.05597367021,0.6000543414,0.3158635225,0,-1.446074686,4.473439595,-3.038808488
27.24,-64.5162518,0.05597594566,0.6000296443,0.315880538,0,-1.446190139,4.474442973,-3.038775539
27.25,-64.51615116,0.05597815707,0.600004972,0.3158975252,0,-1.446300804,4.475441623,-3.038745349
27.26,-64.5160597,0.05598030459,0.5999803247,0.315914484,0,-1.446406692,4.476435541,-3.038717909
27.27,-64.51597737,0.05598238837,0.5999557029,0.315931414,0,-1.446507815,4.477424722,-3.038693212
27.28,-64.51590416,0.05598440857,0.5999311068,0.3159483151,0,-1.446604185,4.478409161,-3.038671248
27.29,-64.51584004,0.05598636535,0.5999065368,0.3159651871,0,-1.446695815,4.479388852,-3.038652011
27.3,-64.51578497,0.05598825886,0.5998819934,0.3159820297,0,-1.446782717,4.480363792,-3.038635492
27.31,-64.51573894,0.05599008926,0.5998574767,0.3159988428,0,-1.446864902,4.481333976,-3.038621682
27.32,-64.51570191,0.0559918567,0.5998329872,0.3160156262,0,-1.446942384,4.482299399,-3.038610573
27.33,-64.51567386,0.05599356135,0.5998085252,0.3160323796,0,-1.447015174,4.483260056,-3.038602158
27.34,-64.51565476,0.05599520336,0.5997840911,0.3160491029,0,-1.447083286,4.484215944,-3.038596427
27.35,-64.51564457,0.05599678289,0.5997596851,0.3160657958,0,-1.447146732,4.485167059,-3.038593372
27.36,-64.51564329,0.05599830011,0.5997353077,0.3160824582,0,-1.447205524,4.486113395,-3.038592986
27.37,-64.51565086,0.05599975517,0.5997109592,0.3160990899,0,-1.447259676,4.48705495,-3.038595259
27.38,-64.51566728,0.05600114824,0.5996866399,0.3161156906,0,-1.447309201,4.487991719,-3.038600183
27.39,-64.5156925,0.05600247948,0.5996623502,0.3161322602,0,-1.447354111,4.488923698,-3.03860775
27.4,-64.5157265,0.05600374906,0.5996380903,0.3161487985,0,-1.44739442,4.489850885,-3.038617951
27.41,-64.51576926,0.05600495714,0.5996138607,0.3161653053,0,-1.44743014,4.490773275,-3.038630778
27.42,-64.51582074,0.05600610389,0.5995896616,0.3161817803,0,-1.447461286,4.491690864,-3.038646223
27.43,-64.51588092,0.05600718947,0.5995654933,0.3161982235,0,-1.44748787,4.492603651,-3.038664276
27.44,-64.51594976,0.05600821405,0.5995413563,0.3162146346,0,-1.447509906,4.49351163,-3.038684929
27.45,-64.51602725,0.0560091778,0.5995172508,0.3162310134,0,-1.447527408,4.4944148,-3.038708174
27.46,-64.51611334,0.05601008088,0.5994931772,0.3162473597,0,-1.447540389,4.495313157,-3.038734001
27.47,-64.51620801,0.05601092348,0.5994691357,0.3162636734,0,-1.447548862,4.496206698,-3.038762403
27.48,-64.51631124,0.05601170576,0.5994451268,0.3162799543,0,-1.447552842,4.49709542,-3.038793371
27.49,-64.51642299,0.05601242788,0.5994211506,0.3162962021,0,-1.447552342,4.497979321,-3.038826896
27.5,-64.51654323,0.05601309003,0.5993972076,0.3163124168,0,-1.447547377,4.498858399,-3.038862969
27.51,-64.51667194,0.05601369237,0.5993732981,0.316328598,0,-1.447537959,4.49973265,-3.038901581
27.52,-64.51680908,0.05601423508,0.5993494223,0.3163447458,0,-1.447524105,4.500602072,-3.038942724
27.53,-64.51695463,0.05601471834,0.5993255806,0.3163608598,0,-1.447505827,4.501466663,-3.03898639
27.54,-64.51710856,0.05601514231,0.5993017734,0.3163769398,0,-1.44748314,4.502326421,-3.039032568
27.55,-64.51727084,0.05601550718,0.5992780008,0.3163929858,0,-1.447456058,4.503181344,-3.039081251
27.56,-64.51744143,0.05601581311,0.5992542632,0.3164089975,0,-1.447424596,4.504031429,-3.039132429
27.57,-64.51762031,0.0560160603,0.5992305609,0.3164249748,0,-1.447388768,4.504876676,-3.039186094
27.58,-64.51780746,0.05601624891,0.5992068943,0.3164409175,0,-1.447348588,4.505717081,-3.039242237
27.59,-64.51800283,0.05601637913,0.5991832636,0.3164568254,0,-1.447304072,4.506552644,-3.039300849
27.6,-64.5182064,0.05601645113,0.5991596691,0.3164726983,0,-1.447255234,4.507383363,-3.039361921
27.61,-64.51841814,0.0560164651,0.5991361112,0.3164885362,0,-1.447202089,4.508209237,-3.039425443
27.62,-64.51863803,0.05601642122,0.5991125901,0.3165043387,0,-1.447144652,4.509030264,-3.039491408
27.63,-64.51886602,0.05601631966,0.5990891061,0.3165201058,0,-1.447082937,4.509846443,-3.039559805
27.64,-64.51910209,0.05601616062,0.5990656595,0.3165358372,0,-1.44701696,4.510657772,-3.039630627
27.65,-64.51934621,0.05601594427,0.5990422507,0.3165515329,0,-1.446946736,4.511464252,-3.039703863
27.66,-64.51959835,0.0560156708,0.5990188798,0.3165671926,0,-1.44687228,4.512265881,-3.039779506
27.67,-64.51985848,0.05601534039,0.5989955473,0.3165828162,0,-1.446793607,4.513062658,-3.039857545
27.68,-64.52012657,0.05601495323,0.5989722533,0.3165984035,0,-1.446710732,4.513854582,-3.039937972
27.69,-64.52040259,0.0560145095,0.5989489983,0.3166139544,0,-1.446623671,4.514641653,-3.040020777
27.7,-64.52068651,0.0560140094,0.5989257824,0.3166294688,0,-1.44653244,4.515423871,-3.040105952
27.71,-64.52097829,0.0560134531,0.5989026059,0.3166449463,0,-1.446437053,4.516201235,-3.040193487
27.72,-64.52127791,0.0560128408,0.5988794692,0.316660387,0,-1.446337526,4.516973744,-3.040283373
27.73,-64.52158534,0.05601217269,0.5988563724,0.3166757906,0,-1.446233876,4.5177414,-3.040375601
27.74,-64.52190054,0.05601144895,0.598833316,0.316691157,0,-1.446126117,4.518504201,-3.040470162
27.75,-64.52222349,0.05601066977,0.5988103001,0.316706486,0,-1.446014265,4.519262147,-3.040567046
27.76,-64.52255415,0.05600983536,0.5987873251,0.3167217775,0,-1.445898337,4.520015239,-3.040666244
27.77,-64.52289249,0.05600894588,0.5987643911,0.3167370313,0,-1.445778348,4.520763477,-3.040767746
27.78,-64.52323848,0.05600800155,0.5987414986,0.3167522474,0,-1.445654314,4.521506862,-3.040871545
27.79,-64.5235921,0.05600700255,0.5987186477,0.3167674254,0,-1.445526251,4.522245394,-3.040977629
27.8,-64.5239533,0.05600594907,0.5986958388,0.3167825654,0,-1.445394176,4.522979072,-3.041085991
27.81,-64.52432207,0.05600484132,0.598673072,0.316797667,0,-1.445258103,4.523707899,-3.04119662
27.82,-64.52469836,0.05600367948,0.5986503477,0.3168127303,0,-1.445118051,4.524431875,-3.041309507
27.83,-64.52508214,0.05600246374,0.5986276662,0.3168277551,0,-1.444974034,4.525151001,-3.041424642
27.84,-64.52547339,0.05600119431,0.5986050276,0.3168427411,0,-1.444826069,4.525865277,-3.041542017
27.85,-64.52587207,0.05599987138,0.5985824323,0.3168576884,0,-1.444674173,4.526574705,-3.041661622
27.86,-64.52627816,0.05599849516,0.5985598805,0.3168725966,0,-1.444518362,4.527279286,-3.041783448
27.87,-64.52669161,0.05599706582,0.5985373724,0.3168874658,0,-1.444358652,4.527979021,-3.041907484
27.88,-64.52711241,0.05599558358,0.5985149084,0.3169022957,0,-1.444195061,4.528673912,-3.042033722
27.89,-64.52754051,0.05599404864,0.5984924886,0.3169170862,0,-1.444027603,4.52936396,-3.042162152
27.9,-64.52797588,0.05599246118,0.5984701134,0.3169318372,0,-1.443856298,4.530049167,-3.042292764
27.91,-64.5284185,0.05599082142,0.598447783,0.3169465486,0,-1.44368116,4.530729534,-3.042425549
27.92,-64.52886833,0.05598912956,0.5984254976,0.3169612202,0,-1.443502207,4.531405064,-3.042560498
27.93,-64.52932533,0.05598738578,0.5984032575,0.3169758518,0,-1.443319456,4.532075757,-3.0426976
27.94,-64.52978949,0.05598559031,0.5983810628,0.3169904435,0,-1.443132923,4.532741617,-3.042836847
27.95,-64.53026076,0.05598374333,0.598358914,0.3170049949,0,-1.442942625,4.533402645,-3.042978228
27.96,-64.53073911,0.05598184505,0.5983368112,0.3170195061,0,-1.44274858,4.534058844,-3.043121734
27.97,-64.53122452,0.05597989568,0.5983147546,0.3170339768,0,-1.442550805,4.534710215,-3.043267356
27.98,-64.53171694,0.05597789541,0.5982927446,0.317048407,0,-1.442349315,4.535356762,-3.043415083
27.99,-64.53221636,0.05597584446,0.5982707812,0.3170627965,0,-1.44214413,4.535998486,-3.043564907
28,-64.53272272,0.05597374303,0.5982488649,0.3170771451,0,-1.441935265,4.536635391,-3.043716817
28.01,-64.53323601,0.05597159132,0.5982269957,0.3170914529,0,-1.441722738,4.537267478,-3.043870804
28.02,-64.53375619,0.05596938954,0.5982051739,0.3171057196,0,-1.441506567,4.537894752,-3.044026857
28.03,-64.53428323,0.0559671379,0.5981833999,0.3171199452,0,-1.441286768,4.538517214,-3.044184968
28.04,-64.53481709,0.0559648366,0.5981616737,0.3171341295,0,-1.441063359,4.539134867,-3.044345127
28.05,-64.53535774,0.05596248585,0.5981399957,0.3171482723,0,-1.440836357,4.539747716,-3.044507323
28.06,-64.53590516,0.05596008586,0.598118366,0.3171623737,0,-1.440605781,4.540355763,-3.044671548
28.07,-64.5364593,0.05595763684,0.5980967848,0.3171764334,0,-1.440371646,4.540959011,-3.044837791
28.08,-64.53702014,0.05595513899,0.5980752525,0.3171904514,0,-1.440133971,4.541557464,-3.045006042
28.09,-64.53758764,0.05595259254,0.5980537692,0.3172044275,0,-1.439892774,4.542151125,-3.045176292
28.1,-64.53816177,0.05594999767,0.5980323351,0.3172183616,0,-1.439648072,4.542739998,-3.045348531
28.11,-64.5387425,0.05594735462,0.5980109505,0.3172322537,0,-1.439399882,4.543324087,-3.045522749
28.12,-64.53932979,0.05594466358,0.5979896156,0.3172461035,0,-1.439148223,4.543903395,-3.045698937
28.13,-64.53992361,0.05594192477,0.5979683306,0.3172599111,0,-1.438893111,4.544477926,-3.045877083
28.14,-64.54052393,0.0559391384,0.5979470956,0.3172736762,0,-1.438634566,4.545047685,-3.04605718
28.15,-64.54113072,0.05593630469,0.597925911,0.3172873989,0,-1.438372604,4.545612674,-3.046239216
28.16,-64.54174394,0.05593342384,0.5979047769,0.3173010789,0,-1.438107244,4.5461729,-3.046423181
28.17,-64.54236356,0.05593049607,0.5978836935,0.3173147162,0,-1.437838503,4.546728365,-3.046609067
28.18,-64.54298954,0.0559275216,0.5978626611,0.3173283106,0,-1.437566399,4.547279074,-3.046796863
28.19,-64.54362186,0.05592450063,0.5978416798,0.3173418622,0,-1.437290951,4.547825032,-3.046986559
28.2,-64.54426048,0.05592143338,0.5978207498,0.3173553707,0,-1.437012176,4.548366243,-3.047178145
28.21,-64.54490537,0.05591832007,0.5977998714,0.3173688361,0,-1.436730092,4.548902712,-3.047371611
28.22,-64.54555649,0.05591516091,0.5977790448,0.3173822582,0,-1.436444717,4.549434444,-3.047566947
28.23,-64.54621381,0.05591195612,0.59775827,0.317395637,0,-1.43615607,4.549961443,-3.047764144
28.24,-64.54687731,0.05590870591,0.5977375475,0.3174089725,0,-1.435864168,4.550483714,-3.047963192
28.25,-64.54754693,0.05590541051,0.5977168772,0.3174222644,0,-1.435569029,4.551001263,-3.048164079
28.26,-64.54822266,0.05590207012,0.5976962595,0.3174355127,0,-1.435270673,4.551514095,-3.048366797
28.27,-64.54890445,0.05589868496,0.5976756946,0.3174487173,0,-1.434969116,4.552022214,-3.048571336
28.28,-64.54959228,0.05589525525,0.5976551825,0.3174618781,0,-1.434664377,4.552525626,-3.048777684
28.29,-64.55028611,0.05589178122,0.5976347235,0.317474995,0,-1.434356475,4.553024337,-3.048985834
28.3,-64.55098591,0.05588826307,0.5976143178,0.317488068,0,-1.434045427,4.553518352,-3.049195773
28.31,-64.55169164,0.05588470103,0.5975939656,0.3175010969,0,-1.433731253,4.554007676,-3.049407493
28.32,-64.55240328,0.05588109532,0.5975736671,0.3175140816,0,-1.43341397,4.554492316,-3.049620983
28.33,-64.55312078,0.05587744615,0.5975534224,0.3175270222,0,-1.433093596,4.554972277,-3.049836234
28.34,-64.55384412,0.05587375374,0.5975332316,0.3175399184,0,-1.432770151,4.555447565,-3.050053235
28.35,-64.55457325,0.05587001832,0.5975130951,0.3175527702,0,-1.432443651,4.555918185,-3.050271976
28.36,-64.55530816,0.05586624011,0.597493013,0.3175655775,0,-1.432114117,4.556384145,-3.050492447
28.37,-64.55604879,0.05586241932,0.5974729854,0.3175783403,0,-1.431781566,4.556845449,-3.050714638
28.38,-64.55679513,0.05585855617,0.5974530126,0.3175910584,0,-1.431446017,4.557302105,-3.050938539
28.39,-64.55754713,0.0558546509,0.5974330946,0.3176037319,0,-1.431107487,4.557754118,-3.05116414
28.4,-64.55830477,0.05585070371,0.5974132317,0.3176163605,0,-1.430765997,4.558201496,-3.05139143
28.41,-64.559068,0.05584671484,0.597393424,0.3176289442,0,-1.430421564,4.558644243,-3.051620401
28.42,-64.5598368,0.0558426845,0.5973736717,0.317641483,0,-1.430074206,4.559082368,-3.051851041
28.43,-64.56061113,0.05583861292,0.597353975,0.3176539768,0,-1.429723943,4.559515877,-3.05208334
28.44,-64.56139096,0.05583450031,0.597334334,0.3176664255,0,-1.429370793,4.559944776,-3.052317289
28.45,-64.56217626,0.05583034691,0.5973147489,0.317678829,0,-1.429014774,4.560369072,-3.052552877
28.46,-64.56296698,0.05582615293,0.5972952199,0.3176911873,0,-1.428655905,4.560788773,-3.052790094
28.47,-64.5637631,0.05582191859,0.5972757471,0.3177035002,0,-1.428294205,4.561203884,-3.05302893
28.48,-64.56456458,0.05581764414,0.5972563306,0.3177157678,0,-1.427929692,4.561614414,-3.053269375
28.49,-64.5653714,0.05581332977,0.5972369706,0.3177279899,0,-1.427562385,4.56202037,-3.053511419
28.5,-64.5661835,0.05580897573,0.5972176674,0.3177401665,0,-1.427192302,4.562421758,-3.053755051
28.51,-64.56700087,0.05580458223,0.5971984209,0.3177522976,0,-1.426819463,4.562818586,-3.054000262
28.52,-64.56782347,0.0558001495,0.5971792315,0.317764383,0,-1.426443885,4.563210862,-3.054247041
28.53,-64.56865126,0.05579567776,0.5971600992,0.3177764227,0,-1.426065588,4.563598593,-3.054495378
28.54,-64.56948421,0.05579116725,0.5971410241,0.3177884166,0,-1.425684591,4.563981787,-3.054745263
28.55,-64.57032229,0.05578661817,0.5971220065,0.3178003647,0,-1.425300911,4.564360451,-3.054996686
28.56,-64.57116546,0.05578203077,0.5971030464,0.3178122669,0,-1.424914568,4.564734593,-3.055249637
28.57,-64.57201368,0.05577740526,0.597084144,0.3178241231,0,-1.42452558,4.565104221,-3.055504105
28.58,-64.57286694,0.05577274188,0.5970652995,0.3178359334,0,-1.424133967,4.565469343,-3.055760081
28.59,-64.57372518,0.05576804084,0.597046513,0.3178476975,0,-1.423739746,4.565829967,-3.056017554
28.6,-64.57458838,0.05576330237,0.5970277846,0.3178594156,0,-1.423342937,4.566186101,-3.056276514
28.61,-64.5754565,0.05575852671,0.5970091145,0.3178710875,0,-1.422943558,4.566537753,-3.05653695
28.62,-64.57632951,0.05575371407,0.5969905028,0.3178827131,0,-1.422541628,4.566884931,-3.056798854
28.63,-64.57720738,0.05574886468,0.5969719496,0.3178942925,0,-1.422137166,4.567227644,-3.057062214
28.64,-64.57809007,0.05574397877,0.5969534551,0.3179058255,0,-1.42173019,4.5675659,-3.05732702
28.65,-64.57897754,0.05573905657,0.5969350193,0.3179173122,0,-1.42132072,4.567899708,-3.057593262
28.66,-64.57986977,0.0557340983,0.5969166425,0.3179287524,0,-1.420908773,4.568229076,-3.057860931
28.67,-64.58076672,0.0557291042,0.5968983248,0.3179401461,0,-1.420494369,4.568554013,-3.058130015
28.68,-64.58166835,0.05572407448,0.5968800662,0.3179514934,0,-1.420077527,4.568874527,-3.058400505
28.69,-64.58257464,0.05571900938,0.5968618669,0.317962794,0,-1.419658265,4.569190628,-3.058672391
28.7,-64.58348554,0.05571390912,0.596843727,0.317974048,0,-1.419236602,4.569502324,-3.058945662
28.71,-64.58440103,0.05570877393,0.5968256467,0.3179852554,0,-1.418812556,4.569809624,-3.059220308
28.72,-64.58532106,0.05570360404,0.596807626,0.317996416,0,-1.418386147,4.570112537,-3.059496319
28.73,-64.58624562,0.05569839967,0.5967896651,0.3180075299,0,-1.417957393,4.570411072,-3.059773685
28.74,-64.58717465,0.05569316106,0.5967717641,0.318018597,0,-1.417526313,4.570705239,-3.060052395
28.75,-64.58810814,0.05568788844,0.596753923,0.3180296173,0,-1.417092926,4.570995047,-3.060332441
28.76,-64.58904603,0.05568258202,0.5967361421,0.3180405908,0,-1.41665725,4.571280505,-3.06061381
28.77,-64.58998831,0.05567724204,0.5967184215,0.3180515173,0,-1.416219304,4.571561622,-3.060896494
28.78,-64.59093494,0.05567186873,0.5967007612,0.3180623968,0,-1.415779107,4.571838408,-3.061180482
28.79,-64.59188588,0.05566646231,0.5966831613,0.3180732294,0,-1.415336677,4.572110872,-3.061465763
28.8,-64.5928411,0.05566102301,0.5966656219,0.318084015,0,-1.414892033,4.572379025,-3.061752329
28.81,-64.59380056,0.05565555107,0.5966481433,0.3180947536,0,-1.414445194,4.572642875,-3.062040168
28.82,-64.59476424,0.05565004671,0.5966307253,0.318105445,0,-1.413996179,4.572902433,-3.062329271
28.83,-64.59573209,0.05564451015,0.5966133683,0.3181160894,0,-1.413545006,4.573157708,-3.062619626
28.84,-64.59670409,0.05563894163,0.5965960722,0.3181266866,0,-1.413091693,4.57340871,-3.062911226
28.85,-64.59768019,0.05563334137,0.5965788371,0.3181372366,0,-1.41263626,4.573655449,-3.063204058
28.86,-64.59866038,0.05562770961,0.5965616633,0.3181477395,0,-1.412178725,4.573897936,-3.063498113
28.87,-64.5996446,0.05562204657,0.5965445506,0.3181581951,0,-1.411719107,4.57413618,-3.063793381
28.88,-64.60063284,0.05561635248,0.5965274993,0.3181686035,0,-1.411257424,4.574370191,-3.064089852
28.89,-64.60162505,0.05561062757,0.5965105095,0.3181789646,0,-1.410793695,4.57459998,-3.064387515
28.9,-64.6026212,0.05560487207,0.5964935812,0.3181892784,0,-1.410327938,4.574825557,-3.064686361
28.91,-64.60362126,0.0555990862,0.5964767145,0.3181995448,0,-1.409860173,4.575046932,-3.064986379
28.92,-64.6046252,0.05559327019,0.5964599094,0.318209764,0,-1.409390416,4.575264116,-3.06528756
28.93,-64.60563298,0.05558742428,0.5964431662,0.3182199357,0,-1.408918688,4.57547712,-3.065589893
28.94,-64.60664456,0.05558154868,0.5964264849,0.3182300601,0,-1.408445007,4.575685953,-3.065893368
28.95,-64.60765992,0.05557564364,0.5964098655,0.3182401371,0,-1.40796939,4.575890627,-3.066197975
28.96,-64.60867901,0.05556970937,0.5963933082,0.3182501666,0,-1.407491857,4.576091152,-3.066503704
28.97,-64.60970182,0.0555637461,0.596376813,0.3182601487,0,-1.407012426,4.576287539,-3.066810545
28.98,-64.61072829,0.05555775407,0.5963603799,0.3182700833,0,-1.406531115,4.576479798,-3.067118488
28.99,-64.61175841,0.05555173349,0.5963440092,0.3182799705,0,-1.406047943,4.576667942,-3.067427523
29,-64.61279213,0.05554568461,0.5963277008,0.3182898102,0,-1.405562929,4.57685198,-3.06773764
29.01,-64.61382943,0.05553960764,0.5963114548,0.3182996023,0,-1.405076089,4.577031923,-3.068048828
29.02,-64.61487026,0.05553350282,0.5962952713,0.318309347,0,-1.404587444,4.577207784,-3.068361078
29.03,-64.6159146,0.05552737036,0.5962791504,0.3183190441,0,-1.404097011,4.577379572,-3.06867438
29.04,-64.61696241,0.05552121051,0.5962630922,0.3183286937,0,-1.403604809,4.577547299,-3.068988724
29.05,-64.61801367,0.05551502348,0.5962470966,0.3183382958,0,-1.403110856,4.577710976,-3.0693041
29.06,-64.61906832,0.05550880951,0.5962311638,0.3183478503,0,-1.402615169,4.577870615,-3.069620497
29.07,-64.62012635,0.05550256881,0.5962152938,0.3183573572,0,-1.402117768,4.578026227,-3.069937906
29.08,-64.62118772,0.05549630163,0.5961994868,0.3183668166,0,-1.401618671,4.578177823,-3.070256317
29.09,-64.6222524,0.05549000817,0.5961837427,0.3183762284,0,-1.401117895,4.578325415,-3.07057572
29.1,-64.62332035,0.05548368868,0.5961680616,0.3183855926,0,-1.400615459,4.578469014,-3.070896104
29.11,-64.62439154,0.05547734338,0.5961524436,0.3183949093,0,-1.400111381,4.578608633,-3.071217461
29.12,-64.62546593,0.05547097249,0.5961368888,0.3184041783,0,-1.39960568,4.578744282,-3.07153978
29.13,-64.6265435,0.05546457625,0.5961213971,0.3184133998,0,-1.399098372,4.578875973,-3.071863051
29.14,-64.62762421,0.05545815487,0.5961059687,0.3184225737,0,-1.398589477,4.579003719,-3.072187264
29.15,-64.62870803,0.05545170858,0.5960906036,0.3184317,0,-1.398079012,4.57912753,-3.072512409
29.16,-64.62979492,0.05544523761,0.5960753019,0.3184407787,0,-1.397566995,4.579247419,-3.072838477
29.17,-64.63088486,0.05543874218,0.5960600636,0.3184498098,0,-1.397053444,4.579363398,-3.073165458
29.18,-64.6319778,0.05543222253,0.5960448887,0.3184587934,0,-1.396538378,4.579475479,-3.073493341
29.19,-64.63307372,0.05542567887,0.5960297773,0.3184677294,0,-1.396021814,4.579583673,-3.073822117
29.2,-64.63417259,0.05541911143,0.5960147295,0.3184766178,0,-1.395503769,4.579687993,-3.074151776
29.21,-64.63527436,0.05541252043,0.5959997452,0.3184854586,0,-1.394984263,4.579788451,-3.074482308
29.22,-64.63637901,0.0554059061,0.5959848246,0.3184942519,0,-1.394463311,4.57988506,-3.074813704
29.23,-64.63748651,0.05539926867,0.5959699677,0.3185029976,0,-1.393940933,4.57997783,-3.075145953
29.24,-64.63859682,0.05539260836,0.5959551745,0.3185116958,0,-1.393417147,4.580066775,-3.075479046
29.25,-64.63970991,0.05538592538,0.5959404451,0.3185203465,0,-1.392891969,4.580151908,-3.075812974
29.26,-64.64082575,0.05537921998,0.5959257794,0.3185289496,0,-1.392365417,4.580233239,-3.076147725
29.27,-64.6419443,0.05537249236,0.5959111776,0.3185375053,0,-1.391837509,4.580310783,-3.076483291
29.28,-64.64306554,0.05536574275,0.5958966397,0.3185460134,0,-1.391308263,4.58038455,-3.076819662
29.29,-64.64418942,0.05535897138,0.5958821656,0.3185544741,0,-1.390777697,4.580454555,-3.077156827
29.3,-64.64531593,0.05535217847,0.5958677555,0.3185628872,0,-1.390245827,4.580520809,-3.077494779
29.31,-64.64644502,0.05534536424,0.5958534093,0.318571253,0,-1.389712671,4.580583325,-3.077833505
29.32,-64.64757666,0.05533852892,0.5958391271,0.3185795712,0,-1.389178247,4.580642115,-3.078172998
29.33,-64.64871082,0.05533167271,0.595824909,0.3185878421,0,-1.388642572,4.580697193,-3.078513247
29.34,-64.64984748,0.05532479586,0.5958107549,0.3185960655,0,-1.388105663,4.580748571,-3.078854243
29.35,-64.65098659,0.05531789857,0.5957966648,0.3186042416,0,-1.387567538,4.580796262,-3.079195976
29.36,-64.65212812,0.05531098107,0.5957826389,0.3186123703,0,-1.387028215,4.580840279,-3.079538437
29.37,-64.65327205,0.05530404359,0.5957686771,0.3186204517,0,-1.386487709,4.580880634,-3.079881615
29.38,-64.65441834,0.05529708633,0.5957547794,0.3186284857,0,-1.38594604,4.580917342,-3.080225501
29.39,-64.65556695,0.05529010952,0.5957409458,0.3186364724,0,-1.385403223,4.580950413,-3.080570086
29.4,-64.65671787,0.05528311339,0.5957271764,0.3186444118,0,-1.384859276,4.580979862,-3.080915361
29.41,-64.65787105,0.05527609815,0.5957134713,0.318652304,0,-1.384314215,4.581005702,-3.081261315
29.42,-64.65902646,0.05526906401,0.5956998303,0.318660149,0,-1.383768059,4.581027946,-3.081607939
29.43,-64.66018408,0.05526201121,0.5956862535,0.3186679467,0,-1.383220824,4.581046606,-3.081955223
29.44,-64.66134386,0.05525493995,0.595672741,0.3186756973,0,-1.382672527,4.581061697,-3.082303159
29.45,-64.66250579,0.05524785045,0.5956592927,0.3186834007,0,-1.382123185,4.58107323,-3.082651736
29.46,-64.66366982,0.05524074295,0.5956459087,0.3186910569,0,-1.381572815,4.58108122,-3.083000945
29.47,-64.66483593,0.05523361764,0.5956325889,0.3186986661,0,-1.381021433,4.58108568,-3.083350778
29.48,-64.66600408,0.05522647475,0.5956193334,0.3187062282,0,-1.380469057,4.581086624,-3.083701223
29.49,-64.66717424,0.0552193145,0.5956061422,0.3187137433,0,-1.379915703,4.581084063,-3.084052273
29.5,-64.66834639,0.0552121371,0.5955930152,0.3187212114,0,-1.379361388,4.581078012,-3.084403917
29.51,-64.66952049,0.05520494277,0.5955799525,0.3187286325,0,-1.378806129,4.581068485,-3.084756146
29.52,-64.6706965,0.05519773172,0.5955669542,0.3187360067,0,-1.378249941,4.581055495,-3.085108951
29.53,-64.67187441,0.05519050417,0.5955540201,0.3187433339,0,-1.377692843,4.581039054,-3.085462322
29.54,-64.67305417,0.05518326034,0.5955411502,0.3187506143,0,-1.37713485,4.581019178,-3.085816251
29.55,-64.67423576,0.05517600043,0.5955283447,0.3187578478,0,-1.376575978,4.580995879,-3.086170728
29.56,-64.67541914,0.05516872467,0.5955156035,0.3187650346,0,-1.376016245,4.580969171,-3.086525743
29.57,-64.67660429,0.05516143327,0.5955029265,0.3187721746,0,-1.375455666,4.580939067,-3.086881288
29.58,-64.67779117,0.05515412644,0.5954903138,0.3187792678,0,-1.374894258,4.580905582,-3.087237352
29.59,-64.67897976,0.0551468044,0.5954777653,0.3187863144,0,-1.374332037,4.580868729,-3.087593928
29.6,-64.68017002,0.05513946735,0.5954652811,0.3187933143,0,-1.37376902,4.580828521,-3.087951006
29.61,-64.68136192,0.05513211551,0.5954528612,0.3188002677,0,-1.373205222,4.580784973,-3.088308576
29.62,-64.68255543,0.05512474909,0.5954405055,0.3188071744,0,-1.372640661,4.580738099,-3.08866663
29.63,-64.68375053,0.05511736831,0.595428214,0.3188140347,0,-1.37207535,4.580687911,-3.089025158
29.64,-64.68494717,0.05510997337,0.5954159867,0.3188208484,0,-1.371509308,4.580634425,-3.089384151
29.65,-64.68614534,0.05510256448,0.5954038236,0.3188276157,0,-1.37094255,4.580577653,-3.089743601
29.66,-64.68734499,0.05509514186,0.5953917246,0.3188343367,0,-1.370375091,4.58051761,-3.090103497
29.67,-64.68854611,0.05508770571,0.5953796899,0.3188410113,0,-1.369806948,4.580454309,-3.090463832
29.68,-64.68974865,0.05508025625,0.5953677193,0.3188476395,0,-1.369238136,4.580387765,-3.090824596
29.69,-64.6909526,0.05507279368,0.5953558128,0.3188542216,0,-1.368668672,4.580317992,-3.091185779
29.7,-64.69215791,0.05506531821,0.5953439704,0.3188607574,0,-1.368098571,4.580245004,-3.091547374
29.71,-64.69336457,0.05505783005,0.5953321921,0.3188672471,0,-1.367527848,4.580168814,-3.091909371
29.72,-64.69457253,0.0550503294,0.5953204778,0.3188736906,0,-1.36695652,4.580089437,-3.09227176
29.73,-64.69578178,0.05504281648,0.5953088276,0.3188800881,0,-1.366384601,4.580006886,-3.092634535
29.74,-64.69699228,0.05503529149,0.5952972413,0.3188864396,0,-1.365812108,4.579921177,-3.092997684
29.75,-64.698204,0.05502775463,0.5952857191,0.3188927451,0,-1.365239056,4.579832322,-3.0933612
29.76,-64.69941691,0.05502020612,0.5952742608,0.3188990047,0,-1.36466546,4.579740337,-3.093725073
29.77,-64.70063099,0.05501264615,0.5952628664,0.3189052185,0,-1.364091336,4.579645235,-3.094089296
29.78,-64.70184619,0.05500507494,0.595251536,0.3189113865,0,-1.363516698,4.579547031,-3.094453858
29.79,-64.70306251,0.05499749267,0.5952402693,0.3189175087,0,-1.362941563,4.579445739,-3.094818752
29.8,-64.70427989,0.05498989957,0.5952290665,0.3189235852,0,-1.362365945,4.579341373,-3.095183968
29.81,-64.70549833,0.05498229583,0.5952179275,0.3189296161,0,-1.36178986,4.579233947,-3.095549498
29.82,-64.70671777,0.05497468166,0.5952068523,0.3189356014,0,-1.361213322,4.579123475,-3.095915332
29.83,-64.70793821,0.05496705725,0.5951958408,0.3189415412,0,-1.360636347,4.579009973,-3.096281464
29.84,-64.70915961,0.05495942281,0.5951848929,0.3189474355,0,-1.360058949,4.578893453,-3.096647882
29.85,-64.71038193,0.05495177854,0.5951740087,0.3189532844,0,-1.359481144,4.578773932,-3.09701458
29.86,-64.71160516,0.05494412464,0.5951631881,0.318959088,0,-1.358902947,4.578651422,-3.097381549
29.87,-64.71282926,0.0549364613,0.5951524311,0.3189648463,0,-1.358324371,4.578525939,-3.097748779
29.88,-64.71405421,0.05492878874,0.5951417376,0.3189705593,0,-1.357745432,4.578397496,-3.098116263
29.89,-64.71527997,0.05492110715,0.5951311075,0.3189762272,0,-1.357166145,4.578266108,-3.098483991
29.9,-64.71650652,0.05491341672,0.595120541,0.31898185,0,-1.356586524,4.57813179,-3.098851956
29.91,-64.71773383,0.05490571766,0.5951100377,0.3189874278,0,-1.356006584,4.577994556,-3.099220148
29.92,-64.71896187,0.05489801016,0.5950995979,0.3189929605,0,-1.355426339,4.57785442,-3.09958856
29.93,-64.72019061,0.05489029442,0.5950892213,0.3189984484,0,-1.354845804,4.577711397,-3.099957182
29.94,-64.72142002,0.05488257063,0.595078908,0.3190038914,0,-1.354264993,4.577565501,-3.100326007
29.95,-64.72265009,0.05487483899,0.5950686578,0.3190092896,0,-1.353683921,4.577416747,-3.100695027
29.96,-64.72388077,0.0548670997,0.5950584709,0.3190146431,0,-1.353102601,4.57726515,-3.101064232
29.97,-64.72511205,0.05485935295,0.595048347,0.3190199519,0,-1.352521049,4.577110723,-3.101433614
29.98,-64.72634388,0.05485159894,0.5950382861,0.3190252162,0,-1.351939277,4.576953482,-3.101803165
29.99,-64.72757626,0.05484383785,0.5950282882,0.319030436,0,-1.351357301,4.576793441,-3.102172877
30,-64.72880914,0.05483606988,0.5950183533,0.3190356113,0,-1.350775134,4.576630614,-3.102542742
30.01,-64.7300425,0.05482829523,0.5950084812,0.3190407422,0,-1.35019279,4.576465016,-3.102912751
30.02,-64.73127632,0.05482051408,0.5949986719,0.3190458288,0,-1.349610284,4.576296662,-3.103282896
30.03,-64.73251056,0.05481272663,0.5949889254,0.3190508712,0,-1.349027628,4.576125566,-3.103653169
30.04,-64.73374521,0.05480493306,0.5949792416,0.3190558694,0,-1.348444838,4.575951743,-3.104023562
30.05,-64.73498022,0.05479713357,0.5949696205,0.3190608235,0,-1.347861926,4.575775207,-3.104394066
30.06,-64.73621558,0.05478932834,0.5949600619,0.3190657336,0,-1.347278906,4.575595974,-3.104764675
30.07,-64.73745126,0.05478151757,0.5949505658,0.3190705998,0,-1.346695793,4.575414056,-3.105135378
30.08,-64.73868723,0.05477370144,0.5949411321,0.319075422,0,-1.346112598,4.57522947,-3.105506169
30.09,-64.73992347,0.05476588014,0.5949317609,0.3190802005,0,-1.345529337,4.57504223,-3.10587704
30.1,-64.74115994,0.05475805386,0.5949224519,0.3190849353,0,-1.344946022,4.574852351,-3.106247982
30.11,-64.74239662,0.05475022278,0.5949132052,0.3190896264,0,-1.344362668,4.574659846,-3.106618987
30.12,-64.74363349,0.05474238709,0.5949040207,0.3190942739,0,-1.343779286,4.574464732,-3.106990048
30.13,-64.74487052,0.05473454697,0.5948948983,0.3190988779,0,-1.34319589,4.574267021,-3.107361157
30.14,-64.74610768,0.05472670261,0.594885838,0.3191034385,0,-1.342612494,4.57406673,-3.107732305
30.15,-64.74734495,0.05471885419,0.5948768396,0.3191079558,0,-1.342029111,4.573863873,-3.108103486
30.16,-64.7485823,0.0547110019,0.5948679031,0.3191124298,0,-1.341445754,4.573658464,-3.10847469
30.17,-64.7498197,0.05470314592,0.5948590285,0.3191168606,0,-1.340862435,4.573450518,-3.108845911
30.18,-64.75105714,0.05469528643,0.5948502155,0.3191212483,0,-1.340279168,4.57324005,-3.109217141
30.19,-64.75229457,0.05468742361,0.5948414643,0.319125593,0,-1.339695966,4.573027074,-3.109588371
30.2,-64.75353198,0.05467955764,0.5948327747,0.3191298947,0,-1.339112841,4.572811605,-3.109959595
30.21,-64.75476935,0.0546716887,0.5948241466,0.3191341536,0,-1.338529806,4.572593658,-3.110330804
30.22,-64.75600664,0.05466381698,0.5948155799,0.3191383697,0,-1.337946874,4.572373247,-3.110701991
30.23,-64.75724382,0.05465594265,0.5948070746,0.3191425431,0,-1.337364058,4.572150388,-3.111073147
30.24,-64.75848089,0.05464806588,0.5947986306,0.3191466739,0,-1.33678137,4.571925094,-3.111444267
30.25,-64.75971781,0.05464018686,0.5947902478,0.3191507622,0,-1.336198822,4.571697381,-3.111815342
30.26,-64.76095455,0.05463230576,0.5947819262,0.319154808,0,-1.335616428,4.571467263,-3.112186364
30.27,-64.76219109,0.05462442277,0.5947736655,0.3191588115,0,-1.335034198,4.571234754,-3.112557326
30.28,-64.7634274,0.05461653805,0.5947654659,0.3191627727,0,-1.334452147,4.57099987,-3.112928221
30.29,-64.76466347,0.05460865177,0.5947573271,0.3191666917,0,-1.333870285,4.570762625,-3.113299041
30.3,-64.76589926,0.05460076412,0.5947492491,0.3191705685,0,-1.333288626,4.570523034,-3.113669778
30.31,-64.76713475,0.05459287527,0.5947412318,0.3191744034,0,-1.332707181,4.570281111,-3.114040426
30.32,-64.76836992,0.05458498539,0.5947332751,0.3191781964,0,-1.332125962,4.570036871,-3.114410977
30.33,-64.76960474,0.05457709465,0.5947253789,0.3191819475,0,-1.331544981,4.569790329,-3.114781423
30.34,-64.77083919,0.05456920323,0.5947175432,0.3191856568,0,-1.330964251,4.569541499,-3.115151758
30.35,-64.77207325,0.05456131129,0.5947097678,0.3191893245,0,-1.330383783,4.569290397,-3.115521974
30.36,-64.77330688,0.054553419,0.5947020527,0.3191929506,0,-1.329803589,4.569037036,-3.115892063
30.37,-64.77454006,0.05454552654,0.5946943978,0.3191965353,0,-1.329223681,4.568781431,-3.116262019
30.38,-64.77577278,0.05453763408,0.5946868029,0.3192000785,0,-1.32864407,4.568523597,-3.116631835
30.39,-64.77700501,0.05452974177,0.594679268,0.3192035804,0,-1.328064768,4.568263549,-3.117001503
30.4,-64.77823672,0.0545218498,0.594671793,0.3192070412,0,-1.327485787,4.5680013,-3.117371017
30.41,-64.77946789,0.05451395832,0.5946643778,0.3192104608,0,-1.326907137,4.567736867,-3.117740368
30.42,-64.7806985,0.0545060675,0.5946570223,0.3192138394,0,-1.326328831,4.567470262,-3.11810955
30.43,-64.78192852,0.05449817751,0.5946497263,0.319217177,0,-1.32575088,4.567201502,-3.118478557
30.44,-64.78315793,0.05449028851,0.5946424899,0.3192204739,0,-1.325173295,4.5669306,-3.11884738
30.45,-64.78438671,0.05448240067,0.5946353129,0.3192237299,0,-1.324596087,4.566657571,-3.119216014
30.46,-64.78561484,0.05447451414,0.5946281952,0.3192269454,0,-1.324019268,4.56638243,-3.119584451
30.47,-64.78684228,0.0544666291,0.5946211367,0.3192301202,0,-1.323442849,4.566105191,-3.119952684
30.48,-64.78806902,0.0544587457,0.5946141372,0.3192332546,0,-1.32286684,4.565825869,-3.120320707
30.49,-64.78929504,0.05445086411,0.5946071968,0.3192363487,0,-1.322291252,4.565544478,-3.120688512
30.5,-64.79052031,0.05444298449,0.5946003153,0.3192394025,0,-1.321716097,4.565261032,-3.121056093
30.51,-64.79174481,0.05443510699,0.5945934926,0.3192424161,0,-1.321141386,4.564975547,-3.121423443
30.52,-64.79296852,0.05442723177,0.5945867285,0.3192453896,0,-1.320567129,4.564688037,-3.121790555
30.53,-64.79419141,0.054419359,0.5945800231,0.3192483232,0,-1.319993336,4.564398516,-3.122157422
30.54,-64.79541346,0.05441148883,0.5945733761,0.3192512169,0,-1.319420019,4.564106998,-3.122524039
30.55,-64.79663466,0.05440362141,0.5945667875,0.3192540708,0,-1.318847188,4.563813499,-3.122890398
30.56,-64.79785497,0.05439575691,0.5945602571,0.319256885,0,-1.318274854,4.563518032,-3.123256492
30.57,-64.79907439,0.05438789548,0.5945537849,0.3192596597,0,-1.317703027,4.563220612,-3.123622316
30.58,-64.80029287,0.05438003728,0.5945473708,0.3192623949,0,-1.317131717,4.562921254,-3.123987862
30.59,-64.80151041,0.05437218245,0.5945410146,0.3192650906,0,-1.316560935,4.562619972,-3.124353124
30.6,-64.80272698,0.05436433116,0.5945347162,0.3192677472,0,-1.315990691,4.56231678,-3.124718095
30.61,-64.80394256,0.05435648355,0.5945284755,0.3192703645,0,-1.315420996,4.562011692,-3.125082769
30.62,-64.80515713,0.05434863977,0.5945222925,0.3192729428,0,-1.314851858,4.561704724,-3.12544714
30.63,-64.80637067,0.05434079999,0.5945161669,0.3192754821,0,-1.31428329,4.561395888,-3.125811202
30.64,-64.80758316,0.05433296434,0.5945100987,0.3192779825,0,-1.313715299,4.561085201,-3.126174947
30.65,-64.80879456,0.05432513298,0.5945040877,0.3192804441,0,-1.313147897,4.560772675,-3.126538369
30.66,-64.81000488,0.05431730606,0.5944981339,0.3192828671,0,-1.312581094,4.560458326,-3.126901463
30.67,-64.81121407,0.05430948373,0.5944922372,0.3192852515,0,-1.312014898,4.560142167,-3.127264222
30.68,-64.81242213,0.05430166613,0.5944863973,0.3192875975,0,-1.311449321,4.559824213,-3.127626639
30.69,-64.81362903,0.05429385341,0.5944806143,0.3192899051,0,-1.310884371,4.559504477,-3.127988709
30.7,-64.81483475,0.05428604571,0.5944748879,0.3192921745,0,-1.310320058,4.559182976,-3.128350426
30.71,-64.81603927,0.05427824319,0.5944692181,0.3192944057,0,-1.309756391,4.558859721,-3.128711782
30.72,-64.81724258,0.05427044598,0.5944636047,0.3192965989,0,-1.309193381,4.558534728,-3.129072773
30.73,-64.81844464,0.05426265424,0.5944580477,0.3192987542,0,-1.308631037,4.558208011,-3.129433392
30.74,-64.81964544,0.0542548681,0.5944525468,0.3193008716,0,-1.308069368,4.557879584,-3.129793632
30.75,-64.82084496,0.0542470877,0.5944471021,0.3193029513,0,-1.307508383,4.557549461,-3.130153489
30.76,-64.82204319,0.05423931319,0.5944417133,0.3193049934,0,-1.306948091,4.557217656,-3.130512956
30.77,-64.82324009,0.05423154472,0.5944363803,0.319306998,0,-1.306388502,4.556884184,-3.130872027
30.78,-64.82443565,0.05422378241,0.594431103,0.3193089652,0,-1.305829625,4.556549057,-3.131230696
30.79,-64.82562986,0.05421602641,0.5944258814,0.3193108951,0,-1.305271469,4.556212291,-3.131588957
30.8,-64.82682268,0.05420827685,0.5944207152,0.3193127878,0,-1.304714043,4.5558739,-3.131946805
30.81,-64.82801411,0.05420053389,0.5944156043,0.3193146435,0,-1.304157356,4.555533897,-3.132304234
30.82,-64.82920412,0.05419279764,0.5944105487,0.3193164622,0,-1.303601416,4.555192296,-3.132661237
30.83,-64.8303927,0.05418506826,0.5944055481,0.3193182441,0,-1.303046233,4.554849112,-3.13301781
30.84,-64.83157982,0.05417734587,0.5944006025,0.3193199892,0,-1.302491815,4.554504357,-3.133373946
30.85,-64.83276546,0.05416963062,0.5943957117,0.3193216976,0,-1.30193817,4.554158047,-3.133729639
30.86,-64.83394962,0.05416192262,0.5943908756,0.3193233696,0,-1.301385308,4.553810195,-3.134084885
30.87,-64.83513226,0.05415422203,0.5943860941,0.3193250051,0,-1.300833237,4.553460815,-3.134439677
30.88,-64.83631337,0.05414652897,0.5943813671,0.3193266044,0,-1.300281966,4.553109921,-3.134794011
30.89,-64.83749293,0.05413884357,0.5943766943,0.3193281674,0,-1.299731503,4.552757526,-3.135147879
30.9,-64.83867093,0.05413116597,0.5943720758,0.3193296944,0,-1.299181855,4.552403645,-3.135501278
30.91,-64.83984734,0.05412349629,0.5943675113,0.3193311854,0,-1.298633033,4.55204829,-3.135854201
30.92,-64.84102214,0.05411583466,0.5943630007,0.3193326405,0,-1.298085043,4.551691477,-3.136206642
30.93,-64.84219532,0.05410818123,0.5943585439,0.3193340599,0,-1.297537893,4.551333218,-3.136558597
30.94,-64.84336687,0.0541005361,0.5943541408,0.3193354437,0,-1.296991593,4.550973528,-3.136910061
30.95,-64.84453676,0.05409289942,0.5943497912,0.319336792,0,-1.29644615,4.550612419,-3.137261027
30.96,-64.84570497,0.0540852713,0.5943454949,0.3193381049,0,-1.295901572,4.550249906,-3.137611491
30.97,-64.84687149,0.05407765188,0.594341252,0.3193393824,0,-1.295357867,4.549886002,-3.137961446
30.98,-64.8480363,0.05407004128,0.5943370621,0.3193406249,0,-1.294815043,4.549520721,-3.138310889
30.99,-64.84919938,0.05406243962,0.5943329252,0.3193418322,0,-1.294273108,4.549154077,-3.138659813
31,-64.85036071,0.05405484702,0.5943288412,0.3193430046,0,-1.293732068,4.548786082,-3.139008214
31.01,-64.85152029,0.05404726362,0.5943248099,0.3193441422,0,-1.293191933,4.54841675,-3.139356086
31.02,-64.85267808,0.05403968954,0.5943208311,0.319345245,0,-1.29265271,4.548046096,-3.139703425
31.03,-64.85383408,0.05403212488,0.5943169048,0.3193463133,0,-1.292114405,4.547674132,-3.140050224
31.04,-64.85498827,0.05402456979,0.5943130307,0.3193473471,0,-1.291577027,4.547300871,-3.14039648
31.05,-64.85614062,0.05401702437,0.5943092089,0.3193483465,0,-1.291040584,4.546926327,-3.140742187
31.06,-64.85729113,0.05400948874,0.594305439,0.3193493116,0,-1.290505082,4.546550515,-3.14108734
31.07,-64.85843978,0.05400196303,0.594301721,0.3193502426,0,-1.289970528,4.546173445,-3.141431934
31.08,-64.85958655,0.05399444735,0.5942980548,0.3193511396,0,-1.289436931,4.545795133,-3.141775964
31.09,-64.86073142,0.05398694182,0.5942944401,0.3193520027,0,-1.288904296,4.545415592,-3.142119426
31.1,-64.86187438,0.05397944656,0.5942908769,0.319352832,0,-1.288372632,4.545034834,-3.142462314
31.11,-64.86301541,0.05397196167,0.594287365,0.3193536277,0,-1.287841945,4.544652872,-3.142804623
31.12,-64.8641545,0.05396448729,0.5942839043,0.3193543898,0,-1.287312243,4.544269721,-3.14314635
31.13,-64.86529163,0.05395702351,0.5942804946,0.3193551184,0,-1.286783532,4.543885393,-3.143487489
31.14,-64.86642678,0.05394957046,0.5942771357,0.3193558138,0,-1.286255819,4.543499902,-3.143828035
31.15,-64.86755994,0.05394212824,0.5942738277,0.3193564759,0,-1.285729111,4.54311326,-3.144167983
31.16,-64.8686911,0.05393469697,0.5942705702,0.319357105,0,-1.285203415,4.54272548,-3.14450733
31.17,-64.86982023,0.05392727677,0.5942673631,0.3193577011,0,-1.284678738,4.542336576,-3.14484607
31.18,-64.87094733,0.05391986773,0.5942642064,0.3193582644,0,-1.284155085,4.54194656,-3.145184199
31.19,-64.87207237,0.05391246997,0.5942610998,0.3193587949,0,-1.283632464,4.541555445,-3.145521712
31.2,-64.87319535,0.0539050836,0.5942580432,0.3193592929,0,-1.283110882,4.541163246,-3.145858605
31.21,-64.87431624,0.05389770873,0.5942550365,0.3193597583,0,-1.282590344,4.540769973,-3.146194873
31.22,-64.87543504,0.05389034546,0.5942520795,0.3193601914,0,-1.282070857,4.540375641,-3.146530512
31.23,-64.87655173,0.05388299391,0.594249172,0.3193605923,0,-1.281552427,4.539980261,-3.146865518
31.24,-64.87766628,0.05387565417,0.594246314,0.319360961,0,-1.281035062,4.539583848,-3.147199885
31.25,-64.8787787,0.05386832635,0.5942435053,0.3193612977,0,-1.280518766,4.539186413,-3.147533609
31.26,-64.87988896,0.05386101056,0.5942407457,0.3193616025,0,-1.280003546,4.538787969,-3.147866687
31.27,-64.88099705,0.0538537069,0.594238035,0.3193618756,0,-1.279489409,4.53838853,-3.148199114
31.28,-64.88210295,0.05384641548,0.5942353732,0.319362117,0,-1.27897636,4.537988107,-3.148530886
31.29,-64.88320666,0.05383913639,0.5942327601,0.3193623269,0,-1.278464405,4.537586713,-3.148861998
31.3,-64.88430816,0.05383186974,0.5942301955,0.3193625055,0,-1.27795355,4.537184361,-3.149192447
31.31,-64.88540742,0.05382461562,0.5942276792,0.3193626527,0,-1.277443802,4.536781064,-3.149522227
31.32,-64.88650445,0.05381737415,0.5942252112,0.3193627688,0,-1.276935166,4.536376834,-3.149851335
31.33,-64.88759923,0.05381014541,0.5942227913,0.3193628538,0,-1.276427647,4.535971684,-3.150179768
31.34,-64.88869173,0.05380292951,0.5942204193,0.3193629079,0,-1.275921251,4.535565626,-3.15050752
31.35,-64.88978196,0.05379572654,0.594218095,0.3193629312,0,-1.275415985,4.535158672,-3.150834587
31.36,-64.89086989,0.05378853661,0.5942158184,0.3193629239,0,-1.274911854,4.534750834,-3.151160967
31.37,-64.89195551,0.0537813598,0.5942135892,0.319362886,0,-1.274408862,4.534342126,-3.151486654
31.38,-64.89303882,0.05377419621,0.5942114073,0.3193628177,0,-1.273907017,4.53393256,-3.151811645
31.39,-64.89411979,0.05376704595,0.5942092726,0.319362719,0,-1.273406322,4.533522147,-3.152135936
31.4,-64.89519841,0.05375990909,0.5942071849,0.3193625902,0,-1.272906784,4.533110901,-3.152459523
31.41,-64.89627468,0.05375278574,0.594205144,0.3193624313,0,-1.272408408,4.532698833,-3.152782403
31.42,-64.89734857,0.05374567599,0.5942031499,0.3193622425,0,-1.271911199,4.532285955,-3.15310457
31.43,-64.89842007,0.05373857993,0.5942012022,0.3193620239,0,-1.271415163,4.53187228,-3.153426022
31.44,-64.89948919,0.05373149765,0.594199301,0.3193617756,0,-1.270920304,4.53145782,-3.153746756
31.45,-64.90055589,0.05372442924,0.594197446,0.3193614977,0,-1.270426627,4.531042586,-3.154066766
31.46,-64.90162016,0.0537173748,0.594195637,0.3193611904,0,-1.269934138,4.530626591,-3.154386049
31.47,-64.90268201,0.0537103344,0.594193874,0.3193608537,0,-1.269442842,4.530209847,-3.154704603
31.48,-64.90374141,0.05370330815,0.5941921567,0.3193604879,0,-1.268952743,4.529792366,-3.155022423
31.49,-64.90479835,0.05369629612,0.5941904851,0.319360093,0,-1.268463846,4.52937416,-3.155339505
31.5,-64.90585282,0.05368929841,0.5941888588,0.3193596691,0,-1.267976157,4.52895524,-3.155655846
31.51,-64.90690481,0.05368231509,0.5941872779,0.3193592164,0,-1.26748968,4.528535618,-3.155971443
31.52,-64.90795431,0.05367534626,0.5941857421,0.319358735,0,-1.26700442,4.528115307,-3.156286292
31.53,-64.9090013,0.053668392,0.5941842513,0.319358225,0,-1.266520381,4.527694318,-3.15660039
31.54,-64.91004577,0.0536614524,0.5941828052,0.3193576865,0,-1.266037567,4.527272663,-3.156913732
31.55,-64.91108772,0.05365452753,0.5941814039,0.3193571197,0,-1.265555985,4.526850353,-3.157226317
31.56,-64.91212713,0.05364761749,0.594180047,0.3193565248,0,-1.265075638,4.5264274,-3.15753814
31.57,-64.91316399,0.05364072234,0.5941787345,0.3193559017,0,-1.26459653,4.526003816,-3.157849197
31.58,-64.91419829,0.05363384218,0.5941774661,0.3193552507,0,-1.264118666,4.525579612,-3.158159487
31.59,-64.91523002,0.05362697708,0.5941762418,0.3193545718,0,-1.26364205,4.5251548,-3.158469005
31.6,-64.91625916,0.05362012713,0.5941750613,0.3193538652,0,-1.263166687,4.524729392,-3.158777748
31.61,-64.91728571,0.05361329239,0.5941739246,0.3193531311,0,-1.262692581,4.524303398,-3.159085714
31.62,-64.91830966,0.05360647296,0.5941728313,0.3193523694,0,-1.262219735,4.523876831,-3.159392898
31.63,-64.91933099,0.05359966891,0.5941717815,0.3193515805,0,-1.261748155,4.523449701,-3.159699298
31.64,-64.9203497,0.05359288031,0.5941707749,0.3193507643,0,-1.261277844,4.52302202,-3.16000491
31.65,-64.92136577,0.05358610724,0.5941698113,0.319349921,0,-1.260808807,4.522593799,-3.160309732
31.66,-64.9223792,0.05357934978,0.5941688906,0.3193490508,0,-1.260341046,4.52216505,-3.160613761
31.67,-64.92338998,0.053572608,0.5941680127,0.3193481537,0,-1.259874567,4.521735784,-3.160916993
31.68,-64.92439808,0.05356588197,0.5941671773,0.31934723,0,-1.259409373,4.521306012,-3.161219425
31.69,-64.92540352,0.05355917178,0.5941663844,0.3193462796,0,-1.258945468,4.520875745,-3.161521055
31.7,-64.92640627,0.05355247749,0.5941656337,0.3193453028,0,-1.258482855,4.520444994,-3.16182188
31.71,-64.92740632,0.05354579917,0.594164925,0.3193442996,0,-1.258021539,4.52001377,-3.162121896
31.72,-64.92840367,0.05353913689,0.5941642584,0.3193432702,0,-1.257561523,4.519582085,-3.162421101
31.73,-64.92939831,0.05353249073,0.5941636334,0.3193422147,0,-1.25710281,4.519149949,-3.162719492
31.74,-64.93039022,0.05352586076,0.5941630501,0.3193411333,0,-1.256645405,4.518717373,-3.163017066
31.75,-64.9313794,0.05351924704,0.5941625082,0.319340026,0,-1.256189311,4.518284369,-3.16331382
31.76,-64.93236584,0.05351264965,0.5941620076,0.319338893,0,-1.255734531,4.517850946,-3.163609752
31.77,-64.93334953,0.05350606864,0.5941615481,0.3193377345,0,-1.255281069,4.517417117,-3.163904859
31.78,-64.93433046,0.0534995041,0.5941611296,0.3193365504,0,-1.254828928,4.516982891,-3.164199138
31.79,-64.93530862,0.05349295608,0.5941607518,0.319335341,0,-1.254378112,4.516548279,-3.164492587
31.8,-64.93628401,0.05348642465,0.5941604147,0.3193341065,0,-1.253928623,4.516113293,-3.164785203
31.81,-64.93725661,0.05347990987,0.594160118,0.3193328468,0,-1.253480465,4.515677942,-3.165076983
31.82,-64.93822642,0.05347341182,0.5941598616,0.3193315621,0,-1.253033642,4.515242238,-3.165367925
31.83,-64.93919342,0.05346693055,0.5941596454,0.3193302526,0,-1.252588156,4.51480619,-3.165658026
31.84,-64.94015761,0.05346046612,0.5941594691,0.3193289185,0,-1.25214401,4.51436981,-3.165947284
31.85,-64.94111899,0.05345401861,0.5941593326,0.3193275597,0,-1.251701208,4.513933108,-3.166235697
31.86,-64.94207754,0.05344758807,0.5941592358,0.3193261764,0,-1.251259753,4.513496095,-3.166523261
31.87,-64.94303325,0.05344117455,0.5941591784,0.3193247689,0,-1.250819647,4.51305878,-3.166809974
31.88,-64.94398612,0.05343477814,0.5941591604,0.3193233371,0,-1.250380893,4.512621175,-3.167095835
31.89,-64.94493613,0.05342839887,0.5941591814,0.3193218812,0,-1.249943495,4.512183289,-3.16738084
31.9,-64.94588329,0.05342203682,0.5941592415,0.3193204013,0,-1.249507454,4.511745133,-3.167664988
31.91,-64.94682759,0.05341569203,0.5941593404,0.3193188977,0,-1.249072775,4.511306718,-3.167948276
31.92,-64.947769,0.05340936458,0.5941594779,0.3193173703,0,-1.248639459,4.510868052,-3.168230701
31.93,-64.94870754,0.0534030545,0.5941596539,0.3193158193,0,-1.248207509,4.510429147,-3.168512262
31.94,-64.94964319,0.05339676187,0.5941598682,0.3193142449,0,-1.247776928,4.509990013,-3.168792957
31.95,-64.95057594,0.05339048674,0.5941601207,0.3193126471,0,-1.247347719,4.509550659,-3.169072782
31.96,-64.95150579,0.05338422916,0.5941604112,0.3193110261,0,-1.246919884,4.509111096,-3.169351737
31.97,-64.95243273,0.05337798918,0.5941607394,0.319309382,0,-1.246493425,4.508671334,-3.169629818
31.98,-64.95335675,0.05337176686,0.5941611054,0.319307715,0,-1.246068345,4.508231382,-3.169907025
31.99,-64.95427785,0.05336556226,0.5941615088,0.3193060251,0,-1.245644647,4.507791251,-3.170183354
32,-64.95519601,0.05335937543,0.5941619496,0.3193043125,0,-1.245222332,4.507350951,-3.170458804
32.01,-64.95611124,0.05335320641,0.5941624275,0.3193025774,0,-1.244801403,4.506910491,-3.170733372
32.02,-64.95702352,0.05334705526,0.5941629424,0.3193008197,0,-1.244381863,4.506469881,-3.171007057
32.03,-64.95793286,0.05334092203,0.5941634941,0.3192990398,0,-1.243963713,4.50602913,-3.171279857
32.04,-64.95883923,0.05333480677,0.5941640825,0.3192972376,0,-1.243546956,4.50558825,-3.17155177
32.05,-64.95974265,0.05332870953,0.5941647074,0.3192954133,0,-1.243131594,4.505147248,-3.171822794
32.06,-64.96064309,0.05332263035,0.5941653686,0.319293567,0,-1.242717629,4.504706135,-3.172092926
32.07,-64.96154056,0.05331656929,0.594166066,0.319291699,0,-1.242305064,4.504264921,-3.172362167
32.08,-64.96243504,0.0533105264,0.5941667994,0.3192898091,0,-1.241893899,4.503823614,-3.172630512
32.09,-64.96332654,0.05330450171,0.5941675686,0.3192878978,0,-1.241484137,4.503382225,-3.172897961
32.1,-64.96421504,0.05329849528,0.5941683735,0.3192859649,0,-1.24107578,4.502940763,-3.173164512
32.11,-64.96510054,0.05329250715,0.5941692138,0.3192840107,0,-1.240668831,4.502499237,-3.173430163
32.12,-64.96598304,0.05328653737,0.5941700895,0.3192820353,0,-1.24026329,4.502057656,-3.173694913
32.13,-64.96686253,0.05328058598,0.5941710004,0.3192800387,0,-1.239859159,4.501616031,-3.17395876
32.14,-64.967739,0.05327465302,0.5941719462,0.3192780212,0,-1.239456441,4.50117437,-3.174221701
32.15,-64.96861245,0.05326873854,0.5941729269,0.3192759829,0,-1.239055137,4.500732682,-3.174483736
32.16,-64.96948288,0.05326284258,0.5941739423,0.3192739238,0,-1.238655249,4.500290977,-3.174744864
32.17,-64.97035027,0.05325696518,0.5941749921,0.3192718441,0,-1.238256778,4.499849263,-3.175005081
32.18,-64.97121462,0.05325110638,0.5941760763,0.319269744,0,-1.237859726,4.499407551,-3.175264387
32.19,-64.97207594,0.05324526623,0.5941771947,0.3192676235,0,-1.237464095,4.498965848,-3.175522781
32.2,-64.9729342,0.05323944476,0.594178347,0.3192654827,0,-1.237069886,4.498524164,-3.175780261
32.21,-64.97378942,0.05323364201,0.5941795332,0.3192633219,0,-1.2366771,4.498082508,-3.176036825
32.22,-64.97464157,0.05322785802,0.594180753,0.3192611411,0,-1.236285739,4.49764089,-3.176292472
32.23,-64.97549067,0.05322209284,0.5941820064,0.3192589404,0,-1.235895805,4.497199316,-3.1765472
32.24,-64.9763367,0.05321634649,0.5941832931,0.3192567199,0,-1.235507299,4.496757798,-3.176801009
32.25,-64.97717966,0.05321061901,0.5941846129,0.3192544799,0,-1.235120222,4.496316343,-3.177053897
32.26,-64.97801954,0.05320491045,0.5941859658,0.3192522203,0,-1.234734575,4.49587496,-3.177305862
32.27,-64.97885635,0.05319922083,0.5941873515,0.3192499414,0,-1.234350359,4.495433658,-3.177556904
32.28,-64.97969007,0.05319355019,0.5941887698,0.3192476433,0,-1.233967577,4.494992445,-3.17780702
32.29,-64.9805207,0.05318789856,0.5941902207,0.319245326,0,-1.233586229,4.494551331,-3.17805621
32.3,-64.98134824,0.05318226599,0.5941917039,0.3192429897,0,-1.233206316,4.494110324,-3.178304473
32.31,-64.98217269,0.0531766525,0.5941932192,0.3192406345,0,-1.232827839,4.493669432,-3.178551807
32.32,-64.98299404,0.05317105813,0.5941947666,0.3192382606,0,-1.232450799,4.493228663,-3.178798211
32.33,-64.98381228,0.0531654829,0.5941963458,0.319235868,0,-1.232075198,4.492788027,-3.179043685
32.34,-64.98462742,0.05315992686,0.5941979567,0.3192334569,0,-1.231701036,4.492347532,-3.179288226
32.35,-64.98543945,0.05315439003,0.5941995991,0.3192310274,0,-1.231328314,4.491907186,-3.179531834
32.36,-64.98624836,0.05314887243,0.5942012728,0.3192285797,0,-1.230957034,4.491466997,-3.179774508
32.37,-64.98705415,0.05314337411,0.5942029777,0.3192261138,0,-1.230587195,4.491026974,-3.180016246
32.38,-64.98785683,0.05313789509,0.5942047136,0.3192236298,0,-1.2302188,4.490587125,-3.180257049
32.39,-64.98865638,0.05313243541,0.5942064804,0.319221128,0,-1.229851848,4.490147458,-3.180496914
32.4,-64.9894528,0.05312699507,0.5942082778,0.3192186083,0,-1.22948634,4.489707982,-3.18073584
32.41,-64.99024609,0.05312157413,0.5942101057,0.319216071,0,-1.229122278,4.489268704,-3.180973828
32.42,-64.99103625,0.0531161726,0.594211964,0.3192135162,0,-1.228759662,4.488829633,-3.181210876
32.43,-64.99182327,0.0531107905,0.5942138525,0.3192109439,0,-1.228398492,4.488390776,-3.181446982
32.44,-64.99260716,0.05310542787,0.594215771,0.3192083543,0,-1.228038769,4.487952141,-3.181682147
32.45,-64.9933879,0.05310008474,0.5942177193,0.3192057475,0,-1.227680495,4.487513738,-3.18191637
32.46,-64.99416549,0.05309476112,0.5942196974,0.3192031237,0,-1.227323668,4.487075572,-3.182149648
32.47,-64.99493994,0.05308945704,0.5942217049,0.3192004829,0,-1.22696829,4.486637653,-3.182381983
32.48,-64.99571124,0.05308417252,0.5942237418,0.3191978253,0,-1.226614362,4.486199988,-3.182613372
32.49,-64.99647939,0.05307890759,0.5942258079,0.319195151,0,-1.226261883,4.485762585,-3.182843816
32.5,-64.99724438,0.05307366227,0.594227903,0.3191924601,0,-1.225910854,4.485325452,-3.183073313
32.51,-64.99800621,0.05306843658,0.594230027,0.3191897527,0,-1.225561276,4.484888596,-3.183301864
32.52,-64.99876489,0.05306323055,0.5942321797,0.319187029,0,-1.225213149,4.484452024,-3.183529466
32.53,-64.9995204,0.05305804419,0.5942343609,0.3191842891,0,-1.224866473,4.484015746,-3.18375612
32.54,-65.00027275,0.05305287753,0.5942365705,0.319181533,0,-1.224521248,4.483579767,-3.183981825
32.55,-65.00102193,0.05304773058,0.5942388083,0.3191787609,0,-1.224177476,4.483144097,-3.18420658
32.56,-65.00176795,0.05304260337,0.5942410741,0.319175973,0,-1.223835155,4.482708741,-3.184430385
32.57,-65.0025108,0.05303749591,0.5942433678,0.3191731693,0,-1.223494286,4.482273708,-3.184653239
32.58,-65.00325047,0.05303240822,0.5942456892,0.31917035,0,-1.22315487,4.481839005,-3.184875142
32.59,-65.00398698,0.05302734033,0.5942480382,0.3191675152,0,-1.222816906,4.481404639,-3.185096093
32.6,-65.0047203,0.05302229224,0.5942504146,0.3191646649,0,-1.222480394,4.480970618,-3.185316091
32.61,-65.00545046,0.05301726398,0.5942528181,0.3191617994,0,-1.222145335,4.480536949,-3.185535137
32.62,-65.00617743,0.05301225555,0.5942552488,0.3191589187,0,-1.221811728,4.480103639,-3.18575323
32.63,-65.00690123,0.05300726699,0.5942577063,0.319156023,0,-1.221479574,4.479670695,-3.185970369
32.64,-65.00762185,0.0530022983,0.5942601906,0.3191531123,0,-1.221148873,4.479238125,-3.186186554
32.65,-65.00833928,0.05299734949,0.5942627015,0.3191501868,0,-1.220819624,4.478805935,-3.186401785
32.66,-65.00905354,0.05299242058,0.5942652387,0.3191472466,0,-1.220491827,4.478374133,-3.186616061
32.67,-65.00976461,0.05298751159,0.5942678022,0.3191442919,0,-1.220165483,4.477942726,-3.186829383
32.68,-65.0104725,0.05298262253,0.5942703918,0.3191413226,0,-1.21984059,4.47751172,-3.187041749
32.69,-65.0111772,0.05297775341,0.5942730073,0.319138339,0,-1.219517149,4.477081123,-3.187253159
32.7,-65.01187871,0.05297290425,0.5942756486,0.3191353412,0,-1.21919516,4.476650941,-3.187463613
32.71,-65.01257704,0.05296807505,0.5942783155,0.3191323293,0,-1.218874622,4.476221182,-3.187673112
32.72,-65.01327218,0.05296326582,0.5942810078,0.3191293033,0,-1.218555536,4.475791852,-3.187881654
32.73,-65.01396413,0.05295847659,0.5942837254,0.3191262635,0,-1.2182379,4.475362957,-3.18808924
32.74,-65.0146529,0.05295370735,0.5942864681,0.3191232099,0,-1.217921714,4.474934505,-3.188295869
32.75,-65.01533847,0.05294895812,0.5942892358,0.3191201426,0,-1.217606979,4.474506503,-3.188501541
32.76,-65.01602086,0.05294422891,0.5942920282,0.3191170618,0,-1.217293693,4.474078956,-3.188706257
32.77,-65.01670005,0.05293951972,0.5942948453,0.3191139676,0,-1.216981856,4.473651872,-3.188910015
32.78,-65.01737606,0.05293483057,0.5942976869,0.31911086,0,-1.216671468,4.473225257,-3.189112817
32.79,-65.01804887,0.05293016146,0.5943005527,0.3191077393,0,-1.216362528,4.472799118,-3.189314661
32.8,-65.01871849,0.0529255124,0.5943034428,0.3191046055,0,-1.216055036,4.472373461,-3.189515548
32.81,-65.01938493,0.0529208834,0.5943063568,0.3191014587,0,-1.215748991,4.471948292,-3.189715478
32.82,-65.02004817,0.05291627446,0.5943092946,0.319098299,0,-1.215444393,4.471523618,-3.189914451
32.83,-65.02070822,0.05291168559,0.5943122562,0.3190951266,0,-1.215141241,4.471099446,-3.190112467
32.84,-65.02136509,0.05290711679,0.5943152412,0.3190919415,0,-1.214839534,4.470675781,-3.190309526
32.85,-65.02201876,0.05290256808,0.5943182496,0.319088744,0,-1.214539272,4.47025263,-3.190505627
32.86,-65.02266924,0.05289803945,0.5943212812,0.319085534,0,-1.214240454,4.469829999,-3.190700772
32.87,-65.02331653,0.05289353091,0.5943243358,0.3190823117,0,-1.213943079,4.469407894,-3.19089496
32.88,-65.02396064,0.05288904246,0.5943274133,0.3190790773,0,-1.213647147,4.468986322,-3.191088191
32.89,-65.02460155,0.05288457411,0.5943305136,0.3190758307,0,-1.213352657,4.468565288,-3.191280466
32.9,-65.02523928,0.05288012586,0.5943336363,0.3190725723,0,-1.213059607,4.468144799,-3.191471784
32.91,-65.02587382,0.05287569771,0.5943367815,0.3190693019,0,-1.212767998,4.46772486,-3.191662146
32.92,-65.02650518,0.05287128967,0.594339949,0.3190660199,0,-1.212477829,4.467305478,-3.191851553
32.93,-65.02713334,0.05286690173,0.5943431385,0.3190627262,0,-1.212189098,4.466886659,-3.192040003
32.94,-65.02775833,0.05286253389,0.59434635,0.319059421,0,-1.211901804,4.466468408,-3.192227498
32.95,-65.02838013,0.05285818616,0.5943495832,0.3190561044,0,-1.211615947,4.466050732,-3.192414038
32.96,-65.02899874,0.05285385854,0.5943528381,0.3190527764,0,-1.211331526,4.465633635,-3.192599623
32.97,-65.02961418,0.05284955102,0.5943561144,0.3190494374,0,-1.21104854,4.465217125,-3.192784253
32.98,-65.03022643,0.05284526361,0.5943594121,0.3190460872,0,-1.210766988,4.464801206,-3.192967929
32.99,-65.0308355,0.05284099631,0.5943627309,0.3190427261,0,-1.210486868,4.464385885,-3.193150651
33,-65.0314414,0.05283674911,0.5943660706,0.3190393541,0,-1.21020818,4.463971167,-3.193332419
33.01,-65.03204411,0.05283252201,0.5943694313,0.3190359713,0,-1.209930923,4.463557057,-3.193513234
33.02,-65.03264366,0.05282831501,0.5943728126,0.319032578,0,-1.209655096,4.463143562,-3.193693097
33.03,-65.03324002,0.0528241281,0.5943762144,0.3190291741,0,-1.209380696,4.462730687,-3.193872007
33.04,-65.03383322,0.05281996129,0.5943796366,0.3190257597,0,-1.209107724,4.462318437,-3.194049965
33.05,-65.03442324,0.05281581456,0.5943830791,0.3190223351,0,-1.208836179,4.461906818,-3.194226971
33.06,-65.03501009,0.05281168792,0.5943865416,0.3190189003,0,-1.208566058,4.461495835,-3.194403027
33.07,-65.03559377,0.05280758137,0.594390024,0.3190154553,0,-1.208297361,4.461085494,-3.194578132
33.08,-65.03617429,0.05280349488,0.5943935262,0.3190120004,0,-1.208030087,4.460675799,-3.194752287
33.09,-65.03675164,0.05279942847,0.5943970479,0.3190085356,0,-1.207764233,4.460266757,-3.194925493
33.1,-65.03732583,0.05279538212,0.5944005892,0.319005061,0,-1.2074998,4.459858373,-3.195097749
33.11,-65.03789686,0.05279135584,0.5944041497,0.3190015768,0,-1.207236785,4.459450651,-3.195269058
33.12,-65.03846473,0.0527873496,0.5944077294,0.318998083,0,-1.206975188,4.459043597,-3.195439418
33.13,-65.03902944,0.05278336341,0.5944113281,0.3189945797,0,-1.206715007,4.458637217,-3.195608832
33.14,-65.039591,0.05277939725,0.5944149456,0.3189910671,0,-1.20645624,4.458231515,-3.195777299
33.15,-65.0401494,0.05277545113,0.5944185818,0.3189875452,0,-1.206198887,4.457826496,-3.19594482
33.16,-65.04070465,0.05277152503,0.5944222365,0.3189840142,0,-1.205942945,4.457422165,-3.196111396
33.17,-65.04125676,0.05276761894,0.5944259097,0.3189804742,0,-1.205688414,4.457018528,-3.196277027
33.18,-65.04180572,0.05276373285,0.5944296011,0.3189769252,0,-1.205435292,4.456615589,-3.196441715
33.19,-65.04235153,0.05275986676,0.5944333105,0.3189733674,0,-1.205183577,4.456213354,-3.196605459
33.2,-65.0428942,0.05275602066,0.5944370379,0.3189698009,0,-1.204933268,4.455811826,-3.196768261
33.21,-65.04343374,0.05275219453,0.5944407831,0.3189662258,0,-1.204684364,4.455411012,-3.196930121
33.22,-65.04397013,0.05274838837,0.5944445459,0.3189626421,0,-1.204436862,4.455010916,-3.19709104
33.23,-65.0445034,0.05274460216,0.5944483262,0.3189590501,0,-1.204190762,4.454611542,-3.197251019
33.24,-65.04503353,0.0527408359,0.5944521239,0.3189554497,0,-1.203946061,4.454212895,-3.197410059
33.25,-65.04556053,0.05273708956,0.5944559387,0.3189518411,0,-1.203702759,4.45381498,-3.19756816
33.26,-65.04608441,0.05273336315,0.5944597706,0.3189482245,0,-1.203460853,4.453417803,-3.197725324
33.27,-65.04660517,0.05272965664,0.5944636194,0.3189445998,0,-1.203220341,4.453021366,-3.19788155
33.28,-65.0471228,0.05272597003,0.5944674849,0.3189409672,0,-1.202981223,4.452625675,-3.198036841
33.29,-65.04763732,0.05272230331,0.594471367,0.3189373269,0,-1.202743497,4.452230735,-3.198191196
33.3,-65.04814872,0.05271865645,0.5944752656,0.3189336788,0,-1.20250716,4.45183655,-3.198344617
33.31,-65.04865702,0.05271502944,0.5944791804,0.3189300232,0,-1.202272211,4.451443124,-3.198497105
33.32,-65.0491622,0.05271142228,0.5944831114,0.3189263601,0,-1.202038649,4.451050462,-3.19864866
33.33,-65.04966428,0.05270783494,0.5944870584,0.3189226896,0,-1.201806471,4.450658568,-3.198799284
33.34,-65.05016326,0.05270426741,0.5944910213,0.3189190118,0,-1.201575676,4.450267447,-3.198948978
33.35,-65.05065914,0.05270071968,0.5944949999,0.3189153268,0,-1.201346262,4.449877102,-3.199097741
33.36,-65.05115192,0.05269719173,0.5944989941,0.3189116347,0,-1.201118227,4.449487539,-3.199245577
33.37,-65.05164161,0.05269368355,0.5945030037,0.3189079356,0,-1.200891569,4.449098762,-3.199392484
33.38,-65.05212822,0.05269019511,0.5945070286,0.3189042297,0,-1.200666287,4.448710774,-3.199538465
33.39,-65.05261174,0.05268672641,0.5945110686,0.3189005169,0,-1.200442378,4.44832358,-3.199683521
33.4,-65.05309217,0.05268327742,0.5945151236,0.3188967975,0,-1.200219841,4.447937184,-3.199827652
33.41,-65.05356953,0.05267984813,0.5945191934,0.3188930714,0,-1.199998673,4.44755159,-3.199970859
33.42,-65.05404381,0.05267643852,0.594523278,0.3188893389,0,-1.199778874,4.447166802,-3.200113144
33.43,-65.05451503,0.05267304858,0.5945273771,0.3188856,0,-1.19956044,4.446782825,-3.200254508
33.44,-65.05498317,0.05266967828,0.5945314906,0.3188818548,0,-1.19934337,4.446399661,-3.200394952
33.45,-65.05544826,0.0526663276,0.5945356184,0.3188781033,0,-1.199127663,4.446017316,-3.200534477
33.46,-65.05591028,0.05266299654,0.5945397603,0.3188743458,0,-1.198913315,4.445635793,-3.200673083
33.47,-65.05636924,0.05265968506,0.5945439163,0.3188705823,0,-1.198700324,4.445255096,-3.200810773
33.48,-65.05682516,0.05265639315,0.594548086,0.3188668128,0,-1.19848869,4.444875229,-3.200947548
33.49,-65.05727803,0.05265312079,0.5945522695,0.3188630376,0,-1.19827841,4.444496195,-3.201083408
33.5,-65.05772785,0.05264986796,0.5945564666,0.3188592566,0,-1.198069481,4.444117999,-3.201218354
33.51,-65.05817463,0.05264663463,0.594560677,0.31885547,0,-1.197861902,4.443740644,-3.201352389
33.52,-65.05861838,0.0526434208,0.5945649008,0.3188516778,0,-1.197655671,4.443364134,-3.201485513
33.53,-65.05905909,0.05264022643,0.5945691377,0.3188478803,0,-1.197450784,4.442988473,-3.201617727
33.54,-65.05949678,0.0526370515,0.5945733876,0.3188440774,0,-1.197247242,4.442613664,-3.201749033
33.55,-65.05993144,0.052633896,0.5945776503,0.3188402692,0,-1.19704504,4.44223971,-3.201879432
33.56,-65.06036308,0.05263075991,0.5945819258,0.3188364559,0,-1.196844177,4.441866616,-3.202008925
33.57,-65.06079171,0.05262764319,0.5945862139,0.3188326376,0,-1.196644651,4.441494385,-3.202137513
33.58,-65.06121733,0.05262454582,0.5945905144,0.3188288143,0,-1.19644646,4.441123021,-3.202265199
33.59,-65.06163994,0.05262146779,0.5945948273,0.3188249861,0,-1.196249601,4.440752526,-3.202391982
33.6,-65.06205955,0.05261840908,0.5945991523,0.3188211532,0,-1.196054073,4.440382905,-3.202517865
33.61,-65.06247616,0.05261536965,0.5946034893,0.3188173155,0,-1.195859872,4.440014161,-3.202642848
33.62,-65.06288978,0.05261234948,0.5946078383,0.3188134733,0,-1.195666996,4.439646296,-3.202766934
33.63,-65.06330041,0.05260934855,0.594612199,0.3188096266,0,-1.195475445,4.439279315,-3.202890123
33.64,-65.06370806,0.05260636684,0.5946165713,0.3188057754,0,-1.195285214,4.438913221,-3.203012417
33.65,-65.06411272,0.05260340431,0.5946209552,0.31880192,0,-1.195096302,4.438548017,-3.203133817
33.66,-65.06451442,0.05260046096,0.5946253504,0.3187980603,0,-1.194908706,4.438183707,-3.203254325
33.67,-65.06491314,0.05259753674,0.5946297568,0.3187941965,0,-1.194722425,4.437820292,-3.203373942
33.68,-65.0653089,0.05259463164,0.5946341743,0.3187903287,0,-1.194537455,4.437457778,-3.203492669
33.69,-65.06570169,0.05259174562,0.5946386027,0.3187864569,0,-1.194353795,4.437096166,-3.203610508
33.7,-65.06609153,0.05258887867,0.594643042,0.3187825812,0,-1.194171442,4.43673546,-3.20372746
33.71,-65.06647843,0.05258603076,0.5946474919,0.3187787018,0,-1.193990394,4.436375663,-3.203843528
33.72,-65.06686237,0.05258320185,0.5946519524,0.3187748187,0,-1.193810647,4.436016778,-3.203958711
33.73,-65.06724338,0.05258039193,0.5946564233,0.318770932,0,-1.193632201,4.435658807,-3.204073013
33.74,-65.06762144,0.05257760097,0.5946609045,0.3187670418,0,-1.193455052,4.435301755,-3.204186433
33.75,-65.06799658,0.05257482893,0.5946653958,0.3187631482,0,-1.193279198,4.434945624,-3.204298975
33.76,-65.0683688,0.0525720758,0.5946698972,0.3187592513,0,-1.193104637,4.434590416,-3.204410639
33.77,-65.06873809,0.05256934154,0.5946744084,0.3187553511,0,-1.192931365,4.434236135,-3.204521426
33.78,-65.06910446,0.05256662612,0.5946789294,0.3187514477,0,-1.192759381,4.433882784,-3.204631339
33.79,-65.06946793,0.05256392952,0.5946834601,0.3187475413,0,-1.192588682,4.433530365,-3.204740379
33.8,-65.06982849,0.05256125171,0.5946880002,0.3187436319,0,-1.192419266,4.433178881,-3.204848548
33.81,-65.07018615,0.05255859266,0.5946925497,0.3187397197,0,-1.19225113,4.432828335,-3.204955846
33.82,-65.07054092,0.05255595233,0.5946971084,0.3187358046,0,-1.192084271,4.432478729,-3.205062276
33.83,-65.0708928,0.05255333071,0.5947016763,0.3187318868,0,-1.191918687,4.432130066,-3.20516784
33.84,-65.07124179,0.05255072776,0.5947062531,0.3187279664,0,-1.191754376,4.431782349,-3.205272538
33.85,-65.07158791,0.05254814345,0.5947108387,0.3187240434,0,-1.191591334,4.431435581,-3.205376373
33.86,-65.07193115,0.05254557775,0.5947154331,0.318720118,0,-1.19142956,4.431089764,-3.205479346
33.87,-65.07227153,0.05254303062,0.5947200361,0.3187161902,0,-1.19126905,4.4307449,-3.205581459
33.88,-65.07260904,0.05254050205,0.5947246475,0.3187122601,0,-1.191109803,4.430400993,-3.205682713
33.89,-65.0729437,0.052537992,0.5947292673,0.3187083278,0,-1.190951814,4.430058044,-3.20578311
33.9,-65.07327551,0.05253550044,0.5947338953,0.3187043933,0,-1.190795083,4.429716056,-3.205882652
33.91,-65.07360447,0.05253302733,0.5947385314,0.3187004568,0,-1.190639606,4.429375031,-3.20598134
33.92,-65.07393059,0.05253057264,0.5947431754,0.3186965184,0,-1.19048538,4.429034973,-3.206079177
33.93,-65.07425388,0.05252813635,0.5947478273,0.3186925781,0,-1.190332403,4.428695882,-3.206176164
33.94,-65.07457434,0.05252571842,0.5947524869,0.318688636,0,-1.190180672,4.428357763,-3.206272302
33.95,-65.07489198,0.05252331882,0.594757154,0.3186846922,0,-1.190030185,4.428020616,-3.206367593
33.96,-65.0752068,0.05252093751,0.5947618287,0.3186807467,0,-1.189880939,4.427684444,-3.206462039
33.97,-65.07551881,0.05251857447,0.5947665106,0.3186767997,0,-1.18973293,4.42734925,-3.206555642
33.98,-65.07582801,0.05251622966,0.5947711998,0.3186728513,0,-1.189586158,4.427015035,-3.206648404
33.99,-65.07613442,0.05251390304,0.5947758961,0.3186689015,0,-1.189440617,4.426681802,-3.206740326
34,-65.07643803,0.05251159459,0.5947805993,0.3186649503,0,-1.189296307,4.426349553,-3.20683141
34.01,-65.07673886,0.05250930427,0.5947853094,0.318660998,0,-1.189153224,4.42601829,-3.206921657
34.02,-65.0770369,0.05250703204,0.5947900262,0.3186570444,0,-1.189011365,4.425688015,-3.207011071
34.03,-65.07733217,0.05250477788,0.5947947496,0.3186530899,0,-1.188870728,4.425358731,-3.207099651
34.04,-65.07762467,0.05250254174,0.5947994794,0.3186491343,0,-1.188731309,4.425030438,-3.207187401
34.05,-65.07791441,0.0525003236,0.5948042157,0.3186451779,0,-1.188593107,4.42470314,-3.207274322
34.06,-65.07820139,0.05249812342,0.5948089581,0.3186412206,0,-1.188456118,4.424376839,-3.207360416
34.07,-65.07848562,0.05249594116,0.5948137067,0.3186372626,0,-1.18832034,4.424051535,-3.207445685
34.08,-65.0787671,0.05249377679,0.5948184613,0.3186333039,0,-1.188185769,4.423727232,-3.20753013
34.09,-65.07904584,0.05249163028,0.5948232218,0.3186293446,0,-1.188052403,4.42340393,-3.207613753
34.1,-65.07932186,0.05248950158,0.594827988,0.3186253848,0,-1.187920239,4.423081633,-3.207696557
34.11,-65.07959514,0.05248739066,0.5948327599,0.3186214246,0,-1.187789274,4.422760341,-3.207778543
34.12,-65.07986571,0.0524852975,0.5948375373,0.318617464,0,-1.187659505,4.422440057,-3.207859713
34.13,-65.08013356,0.05248322204,0.5948423201,0.3186135031,0,-1.18753093,4.422120781,-3.207940069
34.14,-65.08039871,0.05248116426,0.5948471082,0.318609542,0,-1.187403546,4.421802517,-3.208019612
34.15,-65.08066115,0.05247912411,0.5948519014,0.3186055808,0,-1.187277349,4.421485266,-3.208098345
34.16,-65.0809209,0.05247710157,0.5948566997,0.3186016195,0,-1.187152337,4.421169029,-3.20817627
34.17,-65.08117796,0.05247509659,0.594861503,0.3185976583,0,-1.187028507,4.420853808,-3.208253389
34.18,-65.08143234,0.05247310914,0.5948663111,0.3185936971,0,-1.186905856,4.420539605,-3.208329702
34.19,-65.08168405,0.05247113918,0.5948711238,0.3185897362,0,-1.186784381,4.420226421,-3.208405214
34.2,-65.08193308,0.05246918668,0.5948759412,0.3185857754,0,-1.186664079,4.419914259,-3.208479924
34.21,-65.08217945,0.05246725159,0.5948807631,0.318581815,0,-1.186544947,4.419603118,-3.208553836
34.22,-65.08242317,0.05246533388,0.5948855893,0.318577855,0,-1.186426983,4.419293002,-3.208626951
34.23,-65.08266424,0.05246343351,0.5948904198,0.3185738955,0,-1.186310183,4.418983911,-3.208699271
34.24,-65.08290266,0.05246155044,0.5948952544,0.3185699364,0,-1.186194544,4.418675847,-3.208770798
34.25,-65.08313845,0.05245968463,0.594900093,0.318565978,0,-1.186080064,4.418368811,-3.208841535
34.26,-65.08337161,0.05245783605,0.5949049356,0.3185620203,0,-1.18596674,4.418062805,-3.208911482
34.27,-65.08360214,0.05245600466,0.5949097819,0.3185580634,0,-1.185854567,4.417757831,-3.208980643
34.28,-65.08383006,0.05245419041,0.594914632,0.3185541072,0,-1.185743545,4.417453889,-3.209049018
34.29,-65.08405537,0.05245239328,0.5949194856,0.318550152,0,-1.185633669,4.417150981,-3.209116611
34.3,-65.08427808,0.05245061322,0.5949243426,0.3185461978,0,-1.185524936,4.416849108,-3.209183423
34.31,-65.08449819,0.05244885018,0.5949292031,0.3185422446,0,-1.185417344,4.416548271,-3.209249456
34.32,-65.08471571,0.05244710414,0.5949340668,0.3185382925,0,-1.18531089,4.416248473,-3.209314713
34.33,-65.08493065,0.05244537505,0.5949389336,0.3185343415,0,-1.18520557,4.415949713,-3.209379194
34.34,-65.08514301,0.05244366288,0.5949438034,0.3185303919,0,-1.185101381,4.415651993,-3.209442903
34.35,-65.0853528,0.05244196757,0.5949486762,0.3185264435,0,-1.184998321,4.415355315,-3.209505841
34.36,-65.08556004,0.0524402891,0.5949535518,0.3185224966,0,-1.184896386,4.415059679,-3.209568011
34.37,-65.08576471,0.05243862742,0.5949584301,0.3185185511,0,-1.184795574,4.414765087,-3.209629414
34.38,-65.08596684,0.0524369825,0.5949633109,0.3185146072,0,-1.184695881,4.41447154,-3.209690052
34.39,-65.08616643,0.05243535429,0.5949681943,0.3185106648,0,-1.184597304,4.414179038,-3.209749928
34.4,-65.08636348,0.05243374274,0.59497308,0.3185067241,0,-1.18449984,4.413887583,-3.209809044
34.41,-65.086558,0.05243214783,0.5949779681,0.3185027852,0,-1.184403487,4.413597176,-3.209867401
34.42,-65.08675001,0.05243056951,0.5949828583,0.318498848,0,-1.18430824,4.413307818,-3.209925002
34.43,-65.0869395,0.05242900773,0.5949877505,0.3184949127,0,-1.184214098,4.41301951,-3.209981849
34.44,-65.08712648,0.05242746247,0.5949926447,0.3184909794,0,-1.184121056,4.412732253,-3.210037944
34.45,-65.08731096,0.05242593367,0.5949975408,0.318487048,0,-1.184029112,4.412446047,-3.210093289
34.46,-65.08749296,0.05242442129,0.5950024386,0.3184831188,0,-1.183938263,4.412160894,-3.210147887
34.47,-65.08767246,0.0524229253,0.595007338,0.3184791916,0,-1.183848505,4.411876794,-3.210201738
34.48,-65.08784949,0.05242144565,0.595012239,0.3184752667,0,-1.183759836,4.411593749,-3.210254847
34.49,-65.08802405,0.0524199823,0.5950171415,0.318471344,0,-1.183672252,4.411311759,-3.210307214
34.5,-65.08819614,0.0524185352,0.5950220453,0.3184674236,0,-1.18358575,4.411030825,-3.210358841
34.51,-65.08836577,0.05241710433,0.5950269503,0.3184635057,0,-1.183500328,4.410750947,-3.210409732
34.52,-65.08853296,0.05241568962,0.5950318564,0.3184595902,0,-1.183415981,4.410472127,-3.210459887
34.53,-65.0886977,0.05241429105,0.5950367636,0.3184556772,0,-1.183332707,4.410194365,-3.21050931
34.54,-65.08886001,0.05241290856,0.5950416717,0.3184517668,0,-1.183250503,4.409917662,-3.210558002
34.55,-65.08901989,0.05241154212,0.5950465806,0.3184478591,0,-1.183169365,4.409642019,-3.210605966
34.56,-65.08917734,0.05241019168,0.5950514903,0.318443954,0,-1.183089291,4.409367436,-3.210653203
34.57,-65.08933239,0.05240885721,0.5950564006,0.3184400518,0,-1.183010277,4.409093914,-3.210699716
34.58,-65.08948502,0.05240753865,0.5950613114,0.3184361524,0,-1.18293232,4.408821453,-3.210745507
34.59,-65.08963526,0.05240623596,0.5950662227,0.3184322558,0,-1.182855417,4.408550054,-3.210790579
34.6,-65.08978311,0.05240494911,0.5950711342,0.3184283623,0,-1.182779564,4.408279718,-3.210834932
34.61,-65.08992857,0.05240367804,0.5950760461,0.3184244717,0,-1.182704759,4.408010446,-3.210878571
34.62,-65.09007165,0.05240242272,0.595080958,0.3184205843,0,-1.182630999,4.407742236,-3.210921496
34.63,-65.09021237,0.0524011831,0.59508587,0.3184167,0,-1.18255828,4.407475091,-3.21096371
34.64,-65.09035072,0.05239995913,0.595090782,0.3184128189,0,-1.182486598,4.407209011,-3.211005215
34.65,-65.09048671,0.05239875078,0.5950956938,0.318408941,0,-1.182415952,4.406943996,-3.211046014
34.66,-65.09062036,0.05239755799,0.5951006053,0.3184050665,0,-1.182346337,4.406680046,-3.211086108
34.67,-65.09075167,0.05239638074,0.5951055165,0.3184011953,0,-1.18227775,4.406417162,-3.2111255
34.68,-65.09088064,0.05239521896,0.5951104273,0.3183973276,0,-1.182210189,4.406155345,-3.211164192
34.69,-65.09100729,0.05239407262,0.5951153375,0.3183934634,0,-1.182143649,4.405894594,-3.211202187
34.7,-65.09113162,0.05239294167,0.5951202471,0.3183896028,0,-1.182078129,4.40563491,-3.211239485
34.71,-65.09125364,0.05239182608,0.595125156,0.3183857458,0,-1.182013624,4.405376294,-3.211276091
34.72,-65.09137335,0.05239072578,0.595130064,0.3183818924,0,-1.181950131,4.405118745,-3.211312006
34.73,-65.09149077,0.05238964075,0.5951349712,0.3183780428,0,-1.181887647,4.404862264,-3.211347231
34.74,-65.0916059,0.05238857093,0.5951398773,0.318374197,0,-1.181826169,4.404606851,-3.211381771
34.75,-65.09171875,0.05238751628,0.5951447824,0.318370355,0,-1.181765694,4.404352506,-3.211415626
34.76,-65.09182933,0.05238647675,0.5951496862,0.3183665169,0,-1.181706219,4.40409923,-3.211448799
34.77,-65.09193764,0.0523854523,0.5951545888,0.3183626828,0,-1.181647739,4.403847023,-3.211481292
34.78,-65.09204369,0.05238444289,0.59515949,0.3183588527,0,-1.181590253,4.403595884,-3.211513107
34.79,-65.09214749,0.05238344847,0.5951643898,0.3183550267,0,-1.181533756,4.403345815,-3.211544248
34.8,-65.09224905,0.052382469,0.595169288,0.3183512048,0,-1.181478245,4.403096815,-3.211574715
34.81,-65.09234837,0.05238150442,0.5951741846,0.3183473871,0,-1.181423718,4.402848884,-3.211604511
34.82,-65.09244547,0.0523805547,0.5951790794,0.3183435736,0,-1.181370171,4.402602022,-3.21163364
34.83,-65.09254034,0.05237961978,0.5951839725,0.3183397644,0,-1.1813176,4.40235623,-3.211662102
34.84,-65.092633,0.05237869963,0.5951888636,0.3183359596,0,-1.181266003,4.402111507,-3.2116899
34.85,-65.09272345,0.05237779419,0.5951937527,0.3183321591,0,-1.181215376,4.401867854,-3.211717036
34.86,-65.09281171,0.05237690343,0.5951986398,0.3183283631,0,-1.181165716,4.40162527,-3.211743513
34.87,-65.09289778,0.05237602729,0.5952035247,0.3183245716,0,-1.18111702,4.401383755,-3.211769333
34.88,-65.09298166,0.05237516574,0.5952084073,0.3183207847,0,-1.181069284,4.40114331,-3.211794498
34.89,-65.09306337,0.05237431871,0.5952132876,0.3183170024,0,-1.181022505,4.400903934,-3.211819011
34.9,-65.09314291,0.05237348618,0.5952181654,0.3183132247,0,-1.18097668,4.400665627,-3.211842873
34.91,-65.09322029,0.05237266808,0.5952230408,0.3183094518,0,-1.180931806,4.40042839,-3.211866088
34.92,-65.09329552,0.05237186438,0.5952279135,0.3183056836,0,-1.180887879,4.400192221,-3.211888657
34.93,-65.09336861,0.05237107503,0.5952327836,0.3183019203,0,-1.180844896,4.399957121,-3.211910583
34.94,-65.09343956,0.05237029999,0.5952376509,0.3182981618,0,-1.180802854,4.39972309,-3.211931868
34.95,-65.09350838,0.0523695392,0.5952425153,0.3182944082,0,-1.180761749,4.399490128,-3.211952514
34.96,-65.09357508,0.05236879262,0.5952473769,0.3182906596,0,-1.180721578,4.399258233,-3.211972524
34.97,-65.09363966,0.0523680602,0.5952522354,0.318286916,0,-1.180682339,4.399027407,-3.211991899
34.98,-65.09370215,0.0523673419,0.5952570907,0.3182831775,0,-1.180644027,4.398797648,-3.212010644
34.99,-65.09376253,0.05236663767,0.595261943,0.3182794441,0,-1.180606639,4.398568957,-3.212028758
35,-65.09382082,0.05236594747,0.5952667919,0.3182757159,0,-1.180570172,4.398341333,-3.212046246
35.01,-65.09387703,0.05236527124,0.5952716375,0.3182719929,0,-1.180534623,4.398114777,-3.212063108
35.02,-65.09393116,0.05236460894,0.5952764797,0.3182682752,0,-1.180499988,4.397889286,-3.212079349
35.03,-65.09398323,0.05236396053,0.5952813183,0.3182645628,0,-1.180466265,4.397664863,-3.212094969
35.04,-65.09403324,0.05236332595,0.5952861534,0.3182608557,0,-1.180433449,4.397441505,-3.212109971
35.05,-65.09408119,0.05236270516,0.5952909848,0.3182571541,0,-1.180401538,4.397219212,-3.212124358
35.06,-65.09412711,0.05236209811,0.5952958125,0.3182534579,0,-1.180370528,4.396997985,-3.212138132
35.07,-65.09417098,0.05236150476,0.5953006363,0.3182497672,0,-1.180340417,4.396777823,-3.212151295
35.08,-65.09421283,0.05236092506,0.5953054563,0.318246082,0,-1.180311199,4.396558725,-3.212163849
35.09,-65.09425266,0.05236035896,0.5953102722,0.3182424025,0,-1.180282873,4.39634069,-3.212175798
35.1,-65.09429047,0.05235980641,0.5953150841,0.3182387286,0,-1.180255436,4.39612372,-3.212187142
35.11,-65.09432628,0.05235926736,0.5953198918,0.3182350604,0,-1.180228883,4.395907812,-3.212197885
35.12,-65.0943601,0.05235874178,0.5953246954,0.3182313979,0,-1.180203211,4.395692966,-3.212208029
35.13,-65.09439192,0.05235822961,0.5953294946,0.3182277412,0,-1.180178418,4.395479183,-3.212217576
35.14,-65.09442176,0.0523577308,0.5953342895,0.3182240904,0,-1.180154499,4.395266461,-3.212226529
35.15,-65.09444963,0.05235724531,0.5953390799,0.3182204454,0,-1.180131452,4.395054799,-3.21223489
35.16,-65.09447554,0.05235677309,0.5953438658,0.3182168063,0,-1.180109273,4.394844198,-3.212242661
35.17,-65.09449948,0.05235631409,0.5953486472,0.3182131732,0,-1.180087959,4.394634657,-3.212249844
35.18,-65.09452148,0.05235586826,0.5953534238,0.318209546,0,-1.180067506,4.394426174,-3.212256443
35.19,-65.09454153,0.05235543556,0.5953581957,0.318205925,0,-1.180047912,4.39421875,-3.212262458
35.2,-65.09455965,0.05235501594,0.5953629628,0.31820231,0,-1.180029173,4.394012384,-3.212267894
35.21,-65.09457584,0.05235460935,0.595367725,0.3181987011,0,-1.180011285,4.393807075,-3.212272751
35.22,-65.09459011,0.05235421575,0.5953724823,0.3181950984,0,-1.179994246,4.393602822,-3.212277033
35.23,-65.09460247,0.05235383507,0.5953772345,0.318191502,0,-1.179978052,4.393399626,-3.212280741
35.24,-65.09461293,0.05235346729,0.5953819816,0.3181879117,0,-1.1799627,4.393197484,-3.212283878
35.25,-65.09462149,0.05235311235,0.5953867235,0.3181843278,0,-1.179948186,4.392996396,-3.212286447
35.26,-65.09462817,0.0523527702,0.5953914602,0.3181807503,0,-1.179934507,4.392796362,-3.21228845
35.27,-65.09463296,0.05235244079,0.5953961915,0.3181771791,0,-1.17992166,4.392597381,-3.212289889
35.28,-65.09463589,0.05235212408,0.5954009175,0.3181736143,0,-1.179909641,4.392399452,-3.212290766
35.29,-65.09463695,0.05235182001,0.595405638,0.318170056,0,-1.179898448,4.392202574,-3.212291084
35.3,-65.09463615,0.05235152855,0.595410353,0.3181665042,0,-1.179888076,4.392006746,-3.212290845
35.31,-65.0946335,0.05235124964,0.5954150624,0.3181629589,0,-1.179878523,4.391811968,-3.212290051
35.32,-65.09462902,0.05235098323,0.5954197661,0.3181594203,0,-1.179869785,4.391618239,-3.212288706
35.33,-65.0946227,0.05235072928,0.5954244641,0.3181558882,0,-1.17986186,4.391425558,-3.212286811
35.34,-65.09461456,0.05235048774,0.5954291562,0.3181523628,0,-1.179854742,4.391233924,-3.212284368
35.35,-65.0946046,0.05235025855,0.5954338425,0.3181488441,0,-1.17984843,4.391043336,-3.21228138
35.36,-65.09459283,0.05235004168,0.5954385229,0.3181453321,0,-1.179842921,4.390853793,-3.21227785
35.37,-65.09457926,0.05234983707,0.5954431972,0.318141827,0,-1.179838209,4.390665295,-3.212273779
35.38,-65.0945639,0.05234964468,0.5954478655,0.3181383286,0,-1.179834294,4.39047784,-3.212269171
35.39,-65.09454675,0.05234946446,0.5954525276,0.3181348371,0,-1.17983117,4.390291427,-3.212264026
35.4,-65.09452783,0.05234929635,0.5954571836,0.3181313525,0,-1.179828835,4.390106056,-3.212258349
35.41,-65.09450713,0.05234914031,0.5954618332,0.3181278747,0,-1.179827286,4.389921725,-3.21225214
35.42,-65.09448468,0.0523489963,0.5954664766,0.318124404,0,-1.179826518,4.389738434,-3.212245403
35.43,-65.09446047,0.05234886426,0.5954711135,0.3181209403,0,-1.17982653,4.389556182,-3.21223814
35.44,-65.09443451,0.05234874415,0.595475744,0.3181174836,0,-1.179827317,4.389374967,-3.212230353
35.45,-65.09440682,0.05234863591,0.5954803679,0.3181140339,0,-1.179828876,4.389194788,-3.212222045
35.46,-65.09437739,0.05234853951,0.5954849853,0.3181105914,0,-1.179831205,4.389015645,-3.212213217
35.47,-65.09434624,0.05234845488,0.595489596,0.318107156,0,-1.179834299,4.388837536,-3.212203873
35.48,-65.09431338,0.05234838199,0.5954941999,0.3181037278,0,-1.179838155,4.38866046,-3.212194014
35.49,-65.09427881,0.05234832079,0.5954987972,0.3181003068,0,-1.179842771,4.388484417,-3.212183643
35.5,-65.09424254,0.05234827121,0.5955033875,0.318096893,0,-1.179848142,4.388309404,-3.212172763
35.51,-65.09420458,0.05234823323,0.595507971,0.3180934866,0,-1.179854265,4.388135422,-3.212161375
35.52,-65.09416494,0.05234820679,0.5955125475,0.3180900874,0,-1.179861138,4.387962468,-3.212149482
35.53,-65.09412362,0.05234819184,0.595517117,0.3180866956,0,-1.179868757,4.387790542,-3.212137087
35.54,-65.09408064,0.05234818833,0.5955216794,0.3180833112,0,-1.179877118,4.387619642,-3.212124191
35.55,-65.09403599,0.05234819621,0.5955262347,0.3180799341,0,-1.179886219,4.387449767,-3.212110798
35.56,-65.0939897,0.05234821545,0.5955307827,0.3180765646,0,-1.179896056,4.387280917,-3.212096909
35.57,-65.09394175,0.05234824598,0.5955353235,0.3180732025,0,-1.179906625,4.38711309,-3.212082526
35.58,-65.09389218,0.05234828776,0.595539857,0.3180698479,0,-1.179917924,4.386946284,-3.212067653
35.59,-65.09384097,0.05234834074,0.5955443831,0.3180665008,0,-1.179929949,4.386780498,-3.212052291
35.6,-65.09378814,0.05234840487,0.5955489018,0.3180631614,0,-1.179942697,4.386615732,-3.212036443
35.61,-65.09373371,0.05234848011,0.595553413,0.3180598295,0,-1.179956164,4.386451983,-3.212020112
35.62,-65.09367766,0.05234856641,0.5955579166,0.3180565053,0,-1.179970348,4.386289252,-3.212003298
35.63,-65.09362002,0.05234866371,0.5955624127,0.3180531887,0,-1.179985245,4.386127535,-3.211986006
35.64,-65.09356079,0.05234877197,0.5955669011,0.3180498799,0,-1.180000852,4.385966833,-3.211968237
35.65,-65.09349998,0.05234889115,0.5955713817,0.3180465787,0,-1.180017165,4.385807143,-3.211949993
35.66,-65.09343759,0.05234902118,0.5955758546,0.3180432853,0,-1.180034181,4.385648465,-3.211931278
35.67,-65.09337364,0.05234916204,0.5955803197,0.3180399998,0,-1.180051898,4.385490796,-3.211912092
35.68,-65.09330813,0.05234931366,0.5955847768,0.318036722,0,-1.180070311,4.385334137,-3.211892439
35.69,-65.09324107,0.05234947599,0.5955892261,0.3180334521,0,-1.180089417,4.385178484,-3.211872321
35.7,-65.09317247,0.052349649,0.5955936673,0.31803019,0,-1.180109214,4.385023838,-3.21185174
35.71,-65.09310233,0.05234983263,0.5955981005,0.3180269359,0,-1.180129697,4.384870196,-3.211830699
35.72,-65.09303067,0.05235002683,0.5956025256,0.3180236897,0,-1.180150864,4.384717558,-3.2118092
35.73,-65.09295748,0.05235023156,0.5956069426,0.3180204514,0,-1.180172712,4.384565921,-3.211787245
35.74,-65.09288279,0.05235044677,0.5956113513,0.3180172212,0,-1.180195237,4.384415284,-3.211764837
35.75,-65.09280659,0.0523506724,0.5956157518,0.3180139989,0,-1.180218435,4.384265647,-3.211741977
35.76,-65.0927289,0.05235090842,0.595620144,0.3180107847,0,-1.180242304,4.384117007,-3.211718669
35.77,-65.09264971,0.05235115477,0.5956245279,0.3180075786,0,-1.180266841,4.383969362,-3.211694914
35.78,-65.09256905,0.0523514114,0.5956289033,0.3180043805,0,-1.180292042,4.383822712,-3.211670715
35.79,-65.09248692,0.05235167827,0.5956332703,0.3180011906,0,-1.180317903,4.383677056,-3.211646075
35.8,-65.09240331,0.05235195533,0.5956376288,0.3179980089,0,-1.180344423,4.38353239,-3.211620994
35.81,-65.09231826,0.05235224253,0.5956419787,0.3179948353,0,-1.180371596,4.383388715,-3.211595477
35.82,-65.09223175,0.05235253982,0.59564632,0.3179916699,0,-1.180399421,4.383246028,-3.211569525
35.83,-65.0921438,0.05235284716,0.5956506526,0.3179885127,0,-1.180427894,4.383104328,-3.21154314
35.84,-65.09205442,0.05235316449,0.5956549765,0.3179853638,0,-1.180457012,4.382963614,-3.211516326
35.85,-65.09196361,0.05235349177,0.5956592917,0.3179822232,0,-1.180486771,4.382823883,-3.211489083
35.86,-65.09187138,0.05235382895,0.5956635981,0.3179790909,0,-1.180517168,4.382685135,-3.211461415
35.87,-65.09177774,0.05235417598,0.5956678956,0.3179759669,0,-1.180548201,4.382547367,-3.211433323
35.88,-65.0916827,0.05235453282,0.5956721843,0.3179728512,0,-1.180579865,4.382410579,-3.21140481
35.89,-65.09158626,0.05235489941,0.595676464,0.3179697439,0,-1.180612158,4.382274768,-3.211375879
35.9,-65.09148844,0.05235527572,0.5956807347,0.317966645,0,-1.180645076,4.382139933,-3.211346531
35.91,-65.09138923,0.05235566168,0.5956849964,0.3179635546,0,-1.180678617,4.382006072,-3.21131677
35.92,-65.09128865,0.05235605726,0.5956892489,0.3179604726,0,-1.180712777,4.381873183,-3.211286596
35.93,-65.09118671,0.0523564624,0.5956934924,0.317957399,0,-1.180747552,4.381741266,-3.211256013
35.94,-65.09108341,0.05235687706,0.5956977267,0.3179543339,0,-1.18078294,4.381610318,-3.211225023
35.95,-65.09097876,0.05235730119,0.5957019518,0.3179512774,0,-1.180818937,4.381480338,-3.211193628
35.96,-65.09087277,0.05235773475,0.5957061676,0.3179482294,0,-1.180855541,4.381351324,-3.211161831
35.97,-65.09076544,0.05235817768,0.5957103741,0.3179451899,0,-1.180892747,4.381223274,-3.211129633
35.98,-65.09065679,0.05235862993,0.5957145712,0.317942159,0,-1.180930554,4.381096186,-3.211097037
35.99,-65.09054682,0.05235909147,0.595718759,0.3179391367,0,-1.180968957,4.38097006,-3.211064045
36,-65.09043553,0.05235956223,0.5957229374,0.3179361231,0,-1.181007954,4.380844893,-3.21103066
36.01,-65.09032295,0.05236004219,0.5957271062,0.3179331181,0,-1.18104754,4.380720683,-3.210996884
36.02,-65.09020906,0.05236053127,0.5957312656,0.3179301217,0,-1.181087714,4.380597429,-3.210962718
36.03,-65.09009389,0.05236102945,0.5957354153,0.317927134,0,-1.181128472,4.380475129,-3.210928166
36.04,-65.08997743,0.05236153667,0.5957395555,0.317924155,0,-1.181169811,4.380353781,-3.21089323
36.05,-65.0898597,0.05236205289,0.5957436861,0.3179211848,0,-1.181211727,4.380233384,-3.210857911
36.06,-65.08974071,0.05236257805,0.5957478069,0.3179182232,0,-1.181254218,4.380113935,-3.210822213
36.07,-65.08962046,0.05236311212,0.595751918,0.3179152705,0,-1.18129728,4.379995434,-3.210786137
36.08,-65.08949895,0.05236365504,0.5957560194,0.3179123265,0,-1.18134091,4.379877877,-3.210749686
36.09,-65.08937621,0.05236420676,0.595760111,0.3179093913,0,-1.181385105,4.379761264,-3.210712862
36.1,-65.08925222,0.05236476724,0.5957641927,0.3179064649,0,-1.181429862,4.379645592,-3.210675667
36.11,-65.08912701,0.05236533644,0.5957682645,0.3179035474,0,-1.181475178,4.37953086,-3.210638103
36.12,-65.08900058,0.0523659143,0.5957723265,0.3179006387,0,-1.181521049,4.379417066,-3.210600173
36.13,-65.08887293,0.05236650078,0.5957763784,0.3178977389,0,-1.181567473,4.379304208,-3.210561879
36.14,-65.08874408,0.05236709582,0.5957804204,0.317894848,0,-1.181614446,4.379192284,-3.210523223
36.15,-65.08861402,0.0523676994,0.5957844524,0.317891966,0,-1.181661965,4.379081292,-3.210484207
36.16,-65.08848278,0.05236831145,0.5957884742,0.3178890929,0,-1.181710027,4.378971231,-3.210444834
36.17,-65.08835035,0.05236893193,0.595792486,0.3178862287,0,-1.181758629,4.378862098,-3.210405106
36.18,-65.08821675,0.05236956079,0.5957964876,0.3178833735,0,-1.181807768,4.378753892,-3.210365025
36.19,-65.08808198,0.05237019799,0.595800479,0.3178805273,0,-1.181857441,4.378646611,-3.210324593
36.2,-65.08794604,0.05237084348,0.5958044603,0.3178776901,0,-1.181907644,4.378540253,-3.210283813
36.21,-65.08780896,0.05237149721,0.5958084312,0.3178748619,0,-1.181958375,4.378434815,-3.210242687
36.22,-65.08767072,0.05237215914,0.5958123919,0.3178720427,0,-1.18200963,4.378330297,-3.210201217
36.23,-65.08753135,0.05237282922,0.5958163423,0.3178692325,0,-1.182061406,4.378226696,-3.210159404
36.24,-65.08739084,0.05237350741,0.5958202823,0.3178664314,0,-1.182113701,4.37812401,-3.210117253
36.25,-65.08724921,0.05237419365,0.5958242119,0.3178636393,0,-1.18216651,4.378022237,-3.210074763
36.26,-65.08710646,0.0523748879,0.5958281311,0.3178608563,0,-1.182219832,4.377921376,-3.210031939
36.27,-65.08696261,0.05237559012,0.5958320399,0.3178580825,0,-1.182273663,4.377821424,-3.209988782
36.28,-65.08681765,0.05237630026,0.5958359381,0.3178553177,0,-1.182327999,4.377722379,-3.209945294
36.29,-65.08667159,0.05237701827,0.5958398259,0.3178525621,0,-1.182382838,4.37762424,-3.209901477
36.3,-65.08652445,0.0523777441,0.5958437031,0.3178498156,0,-1.182438177,4.377527004,-3.209857334
36.31,-65.08637622,0.05237847771,0.5958475696,0.3178470782,0,-1.182494013,4.37743067,-3.209812867
36.32,-65.08622692,0.05237921906,0.5958514256,0.31784435,0,-1.182550343,4.377335235,-3.209768077
36.33,-65.08607656,0.0523799681,0.595855271,0.317841631,0,-1.182607162,4.377240697,-3.209722968
36.34,-65.08592514,0.05238072478,0.5958591056,0.3178389212,0,-1.18266447,4.377147055,-3.209677542
36.35,-65.08577266,0.05238148905,0.5958629295,0.3178362206,0,-1.182722262,4.377054306,-3.209631799
36.36,-65.08561915,0.05238226088,0.5958667427,0.3178335292,0,-1.182780535,4.376962449,-3.209585744
36.37,-65.08546459,0.05238304021,0.5958705452,0.3178308471,0,-1.182839286,4.376871481,-3.209539377
36.38,-65.085309,0.05238382699,0.5958743368,0.3178281741,0,-1.182898513,4.3767814,-3.209492701
36.39,-65.0851524,0.0523846212,0.5958781176,0.3178255105,0,-1.182958213,4.376692205,-3.209445719
36.4,-65.08499477,0.05238542277,0.5958818875,0.3178228561,0,-1.183018381,4.376603892,-3.209398432
36.41,-65.08483614,0.05238623166,0.5958856466,0.3178202109,0,-1.183079016,4.376516461,-3.209350842
36.42,-65.08467651,0.05238704782,0.5958893947,0.3178175751,0,-1.183140114,4.376429909,-3.209302952
36.43,-65.08451588,0.05238787122,0.5958931319,0.3178149486,0,-1.183201673,4.376344233,-3.209254764
36.44,-65.08435427,0.05238870181,0.5958968581,0.3178123313,0,-1.183263688,4.376259433,-3.20920628
36.45,-65.08419167,0.05238953953,0.5959005734,0.3178097234,0,-1.183326158,4.376175505,-3.209157501
36.46,-65.0840281,0.05239038436,0.5959042776,0.3178071248,0,-1.183389079,4.376092449,-3.209108431
36.47,-65.08386357,0.05239123623,0.5959079707,0.3178045356,0,-1.183452449,4.37601026,-3.209059072
36.48,-65.08369808,0.0523920951,0.5959116528,0.3178019557,0,-1.183516264,4.375928938,-3.209009424
36.49,-65.08353164,0.05239296094,0.5959153237,0.3177993852,0,-1.183580521,4.375848481,-3.208959492
36.5,-65.08336425,0.05239383369,0.5959189835,0.317796824,0,-1.183645217,4.375768885,-3.208909276
36.51,-65.08319593,0.05239471331,0.5959226322,0.3177942722,0,-1.183710349,4.37569015,-3.208858779
36.52,-65.08302668,0.05239559976,0.5959262697,0.3177917298,0,-1.183775916,4.375612273,-3.208808003
36.53,-65.0828565,0.05239649299,0.595929896,0.3177891968,0,-1.183841912,4.375535252,-3.20875695
36.54,-65.08268541,0.05239739295,0.595933511,0.3177866732,0,-1.183908336,4.375459084,-3.208705622
36.55,-65.0825134,0.05239829961,0.5959371148,0.317784159,0,-1.183975184,4.375383767,-3.208654021
36.56,-65.0823405,0.05239921291,0.5959407073,0.3177816542,0,-1.184042454,4.3753093,-3.20860215
36.57,-65.0821667,0.05240013282,0.5959442885,0.3177791589,0,-1.184110143,4.37523568,-3.20855001
36.58,-65.08199201,0.05240105928,0.5959478584,0.317776673,0,-1.184178247,4.375162906,-3.208497604
36.59,-65.08181644,0.05240199226,0.595951417,0.3177741965,0,-1.184246764,4.375090974,-3.208444933
36.6,-65.08164,0.05240293171,0.5959549641,0.3177717295,0,-1.184315691,4.375019882,-3.208392
36.61,-65.08146269,0.05240387758,0.5959584999,0.317769272,0,-1.184385025,4.374949629,-3.208338807
36.62,-65.08128452,0.05240482983,0.5959620242,0.3177668239,0,-1.184454763,4.374880212,-3.208285356
36.63,-65.08110549,0.05240578842,0.5959655371,0.3177643853,0,-1.184524902,4.37481163,-3.208231648
36.64,-65.08092562,0.0524067533,0.5959690386,0.3177619562,0,-1.184595439,4.374743879,-3.208177687
36.65,-65.08074491,0.05240772444,0.5959725286,0.3177595365,0,-1.184666371,4.374676957,-3.208123473
36.66,-65.08056337,0.05240870177,0.595976007,0.3177571264,0,-1.184737696,4.374610863,-3.20806901
36.67,-65.080381,0.05240968527,0.595979474,0.3177547257,0,-1.18480941,4.374545595,-3.208014299
36.68,-65.08019781,0.05241067489,0.5959829294,0.3177523346,0,-1.184881511,4.374481149,-3.207959342
36.69,-65.08001381,0.05241167058,0.5959863732,0.3177499529,0,-1.184953995,4.374417523,-3.207904142
36.7,-65.079829,0.0524126723,0.5959898055,0.3177475808,0,-1.185026861,4.374354717,-3.207848699
36.71,-65.07964339,0.05241368001,0.5959932262,0.3177452182,0,-1.185100104,4.374292726,-3.207793017
36.72,-65.07945699,0.05241469366,0.5959966352,0.3177428651,0,-1.185173722,4.374231549,-3.207737097
36.73,-65.07926981,0.05241571322,0.5960000326,0.3177405215,0,-1.185247713,4.374171184,-3.207680942
36.74,-65.07908184,0.05241673863,0.5960034184,0.3177381875,0,-1.185322073,4.374111629,-3.207624553
36.75,-65.07889311,0.05241776985,0.5960067924,0.317735863,0,-1.185396799,4.374052881,-3.207567933
36.76,-65.07870361,0.05241880685,0.5960101548,0.317733548,0,-1.18547189,4.373994937,-3.207511083
36.77,-65.07851335,0.05241984957,0.5960135055,0.3177312426,0,-1.185547341,4.373937796,-3.207454005
36.78,-65.07832234,0.05242089798,0.5960168444,0.3177289467,0,-1.18562315,4.373881456,-3.207396702
36.79,-65.07813059,0.05242195203,0.5960201716,0.3177266604,0,-1.185699314,4.373825913,-3.207339176
36.8,-65.07793809,0.05242301169,0.5960234871,0.3177243837,0,-1.185775831,4.373771166,-3.207281427
36.81,-65.07774487,0.05242407689,0.5960267907,0.3177221165,0,-1.185852697,4.373717213,-3.20722346
36.82,-65.07755091,0.05242514762,0.5960300826,0.3177198589,0,-1.18592991,4.373664051,-3.207165274
36.83,-65.07735625,0.05242622381,0.5960333626,0.3177176108,0,-1.186007467,4.373611677,-3.207106874
36.84,-65.07716086,0.05242730543,0.5960366309,0.3177153723,0,-1.186085365,4.373560091,-3.207048259
36.85,-65.07696478,0.05242839244,0.5960398872,0.3177131434,0,-1.186163602,4.373509288,-3.206989433
36.86,-65.07676799,0.0524294848,0.5960431318,0.317710924,0,-1.186242174,4.373459267,-3.206930397
36.87,-65.07657051,0.05243058245,0.5960463644,0.3177087142,0,-1.186321079,4.373410026,-3.206871154
36.88,-65.07637235,0.05243168537,0.5960495852,0.317706514,0,-1.186400314,4.373361563,-3.206811705
36.89,-65.07617351,0.05243279351,0.5960527941,0.3177043234,0,-1.186479876,4.373313874,-3.206752052
36.9,-65.07597399,0.05243390682,0.5960559911,0.3177021423,0,-1.186559762,4.373266957,-3.206692197
36.91,-65.07577381,0.05243502526,0.5960591761,0.3176999708,0,-1.18663997,4.373220811,-3.206632142
36.92,-65.07557297,0.0524361488,0.5960623492,0.3176978089,0,-1.186720498,4.373175433,-3.20657189
36.93,-65.07537147,0.05243727739,0.5960655104,0.3176956566,0,-1.186801341,4.373130821,-3.206511441
36.94,-65.07516933,0.05243841099,0.5960686596,0.3176935139,0,-1.186882498,4.373086971,-3.206450799
36.95,-65.07496655,0.05243954956,0.5960717968,0.3176913807,0,-1.186963966,4.373043883,-3.206389964
36.96,-65.07476313,0.05244069305,0.596074922,0.3176892572,0,-1.187045741,4.373001553,-3.206328939
36.97,-65.07455909,0.05244184143,0.5960780352,0.3176871432,0,-1.187127822,4.372959979,-3.206267726
36.98,-65.07435442,0.05244299465,0.5960811364,0.3176850388,0,-1.187210205,4.372919159,-3.206206326
36.99,-65.07414914,0.05244415267,0.5960842256,0.317682944,0,-1.187292889,4.372879091,-3.206144742
37,-65.07394325,0.05244531546,0.5960873028,0.3176808587,0,-1.187375869,4.372839771,-3.206082976
37.01,-65.07373676,0.05244648297,0.5960903679,0.3176787831,0,-1.187459144,4.372801199,-3.206021029
37.02,-65.07352968,0.05244765515,0.5960934209,0.317676717,0,-1.187542711,4.37276337,-3.205958903
37.03,-65.073322,0.05244883198,0.5960964619,0.3176746605,0,-1.187626566,4.372726283,-3.2058966
37.04,-65.07311374,0.0524500134,0.5960994908,0.3176726136,0,-1.187710708,4.372689936,-3.205834122
37.05,-65.0729049,0.05245119938,0.5961025076,0.3176705763,0,-1.187795134,4.372654326,-3.205771471
37.06,-65.0726955,0.05245238987,0.5961055124,0.3176685485,0,-1.187879841,4.372619451,-3.205708649
37.07,-65.07248552,0.05245358484,0.596108505,0.3176665303,0,-1.187964826,4.372585309,-3.205645657
37.08,-65.07227499,0.05245478425,0.5961114855,0.3176645217,0,-1.188050086,4.372551896,-3.205582498
37.09,-65.07206391,0.05245598805,0.5961144539,0.3176625227,0,-1.18813562,4.372519211,-3.205519174
37.1,-65.07185229,0.05245719621,0.5961174101,0.3176605332,0,-1.188221424,4.37248725,-3.205455686
37.11,-65.07164012,0.05245840869,0.5961203543,0.3176585533,0,-1.188307496,4.372456013,-3.205392035
37.12,-65.07142742,0.05245962543,0.5961232862,0.317656583,0,-1.188393833,4.372425496,-3.205328225
37.13,-65.07121419,0.05246084642,0.5961262061,0.3176546222,0,-1.188480432,4.372395697,-3.205264257
37.14,-65.07100044,0.05246207159,0.5961291137,0.317652671,0,-1.188567292,4.372366614,-3.205200132
37.15,-65.07078617,0.05246330093,0.5961320092,0.3176507294,0,-1.188654408,4.372338243,-3.205135852
37.16,-65.0705714,0.05246453438,0.5961348926,0.3176487973,0,-1.188741779,4.372310584,-3.20507142
37.17,-65.07035612,0.0524657719,0.5961377637,0.3176468747,0,-1.188829403,4.372283632,-3.205006837
37.18,-65.07014035,0.05246701347,0.5961406226,0.3176449617,0,-1.188917275,4.372257387,-3.204942105
37.19,-65.06992409,0.05246825903,0.5961434694,0.3176430583,0,-1.189005395,4.372231845,-3.204877226
37.2,-65.06970734,0.05246950854,0.596146304,0.3176411644,0,-1.189093758,4.372207003,-3.204812201
37.21,-65.06949011,0.05247076198,0.5961491263,0.31763928,0,-1.189182364,4.372182861,-3.204747033
37.22,-65.06927241,0.0524720193,0.5961519365,0.3176374051,0,-1.189271208,4.372159414,-3.204681722
37.23,-65.06905424,0.05247328045,0.5961547344,0.3176355398,0,-1.189360289,4.372136662,-3.204616272
37.24,-65.06883561,0.05247454541,0.5961575201,0.317633684,0,-1.189449604,4.3721146,-3.204550684
37.25,-65.06861653,0.05247581413,0.5961602936,0.3176318377,0,-1.18953915,4.372093227,-3.204484959
37.26,-65.068397,0.05247708658,0.5961630549,0.3176300009,0,-1.189628925,4.372072541,-3.204419099
37.27,-65.06817702,0.05247836271,0.5961658039,0.3176281737,0,-1.189718927,4.372052539,-3.204353106
37.28,-65.06795661,0.05247964248,0.5961685407,0.3176263559,0,-1.189809152,4.372033218,-3.204286983
37.29,-65.06773576,0.05248092587,0.5961712653,0.3176245477,0,-1.189899598,4.372014576,-3.204220729
37.3,-65.0675145,0.05248221283,0.5961739776,0.3176227489,0,-1.189990264,4.371996611,-3.204154349
37.31,-65.06729281,0.05248350331,0.5961766776,0.3176209596,0,-1.190081145,4.37197932,-3.204087842
37.32,-65.0670707,0.0524847973,0.5961793654,0.3176191798,0,-1.19017224,4.3719627,-3.204021211
37.33,-65.06684819,0.05248609473,0.596182041,0.3176174095,0,-1.190263546,4.37194675,-3.203954458
37.34,-65.06662528,0.05248739559,0.5961847043,0.3176156487,0,-1.190355061,4.371931466,-3.203887584
37.35,-65.06640197,0.05248869982,0.5961873554,0.3176138973,0,-1.190446782,4.371916847,-3.203820592
37.36,-65.06617827,0.0524900074,0.5961899942,0.3176121554,0,-1.190538707,4.37190289,-3.203753482
37.37,-65.06595419,0.05249131828,0.5961926207,0.3176104229,0,-1.190630833,4.371889592,-3.203686256
37.38,-65.06572972,0.05249263242,0.596195235,0.3176086999,0,-1.190723158,4.371876951,-3.203618917
37.39,-65.06550489,0.0524939498,0.596197837,0.3176069863,0,-1.190815679,4.371864964,-3.203551466
37.4,-65.06527968,0.05249527037,0.5962004268,0.3176052821,0,-1.190908394,4.37185363,-3.203483905
37.41,-65.06505412,0.05249659409,0.5962030043,0.3176035874,0,-1.191001301,4.371842945,-3.203416235
37.42,-65.06482819,0.05249792093,0.5962055695,0.3176019021,0,-1.191094396,4.371832907,-3.203348458
37.43,-65.06460192,0.05249925085,0.5962081225,0.3176002262,0,-1.191187678,4.371823513,-3.203280576
37.44,-65.0643753,0.05250058381,0.5962106632,0.3175985597,0,-1.191281144,4.371814762,-3.20321259
37.45,-65.06414834,0.05250191978,0.5962131916,0.3175969026,0,-1.191374791,4.37180665,-3.203144502
37.46,-65.06392105,0.05250325872,0.5962157078,0.3175952549,0,-1.191468618,4.371799176,-3.203076315
37.47,-65.06369343,0.05250460059,0.5962182117,0.3175936165,0,-1.191562621,4.371792336,-3.203008028
37.48,-65.06346548,0.05250594535,0.5962207034,0.3175919876,0,-1.191656799,4.371786128,-3.202939645
37.49,-65.06323722,0.05250729298,0.5962231828,0.317590368,0,-1.191751149,4.371780551,-3.202871167
37.5,-65.06300865,0.05250864343,0.5962256499,0.3175887577,0,-1.191845669,4.3717756,-3.202802595
37.51,-65.06277977,0.05250999667,0.5962281048,0.3175871568,0,-1.191940355,4.371771274,-3.202733932
37.52,-65.06255059,0.05251135265,0.5962305474,0.3175855653,0,-1.192035207,4.371767571,-3.202665178
37.53,-65.06232112,0.05251271136,0.5962329778,0.317583983,0,-1.192130221,4.371764487,-3.202596335
37.54,-65.06209135,0.05251407274,0.5962353959,0.3175824101,0,-1.192225395,4.371762021,-3.202527406
37.55,-65.0618613,0.05251543676,0.5962378018,0.3175808465,0,-1.192320727,4.371760169,-3.202458391
37.56,-65.06163098,0.05251680339,0.5962401954,0.3175792922,0,-1.192416214,4.37175893,-3.202389293
37.57,-65.06140037,0.05251817259,0.5962425768,0.3175777472,0,-1.192511854,4.371758301,-3.202320112
37.58,-65.0611695,0.05251954433,0.596244946,0.3175762115,0,-1.192607645,4.371758279,-3.202250851
37.59,-65.06093837,0.05252091856,0.5962473029,0.3175746851,0,-1.192703584,4.371758862,-3.202181511
37.6,-65.06070698,0.05252229526,0.5962496476,0.3175731679,0,-1.192799669,4.371760048,-3.202112094
37.61,-65.06047534,0.05252367439,0.59625198,0.31757166,0,-1.192895898,4.371761833,-3.202042602
37.62,-65.06024345,0.05252505592,0.5962543003,0.3175701613,0,-1.192992269,4.371764216,-3.201973035
37.63,-65.06001132,0.0525264398,0.5962566083,0.3175686719,0,-1.193088778,4.371767194,-3.201903396
37.64,-65.05977895,0.05252782601,0.5962589041,0.3175671917,0,-1.193185424,4.371770765,-3.201833686
37.65,-65.05954635,0.05252921451,0.5962611876,0.3175657207,0,-1.193282205,4.371774925,-3.201763906
37.66,-65.05931353,0.05253060526,0.596263459,0.3175642589,0,-1.193379118,4.371779673,-3.201694059
37.67,-65.05908049,0.05253199823,0.5962657182,0.3175628063,0,-1.193476161,4.371785006,-3.201624146
37.68,-65.05884723,0.05253339338,0.5962679652,0.3175613629,0,-1.193573331,4.371790922,-3.201554168
37.69,-65.05861376,0.05253479069,0.5962702,0.3175599286,0,-1.193670627,4.371797417,-3.201484127
37.7,-65.05838008,0.05253619011,0.5962724226,0.3175585035,0,-1.193768046,4.37180449,-3.201414024
37.71,-65.05814621,0.05253759162,0.596274633,0.3175570876,0,-1.193865586,4.371812139,-3.201343862
37.72,-65.05791214,0.05253899517,0.5962768312,0.3175556808,0,-1.193963244,4.37182036,-3.201273641
37.73,-65.05767788,0.05254040074,0.5962790173,0.3175542832,0,-1.194061019,4.371829151,-3.201203363
37.74,-65.05744343,0.05254180828,0.5962811913,0.3175528946,0,-1.194158908,4.371838509,-3.20113303
37.75,-65.05720881,0.05254321778,0.596283353,0.3175515152,0,-1.194256909,4.371848433,-3.201062643
37.76,-65.05697401,0.05254462918,0.5962855027,0.3175501448,0,-1.194355019,4.371858919,-3.200992204
37.77,-65.05673905,0.05254604246,0.5962876402,0.3175487836,0,-1.194453237,4.371869966,-3.200921714
37.78,-65.05650391,0.05254745759,0.5962897655,0.3175474314,0,-1.194551561,4.37188157,-3.200851174
37.79,-65.05626862,0.05254887453,0.5962918787,0.3175460883,0,-1.194649987,4.37189373,-3.200780587
37.8,-65.05603318,0.05255029325,0.5962939799,0.3175447542,0,-1.194748514,4.371906442,-3.200709954
37.81,-65.05579759,0.05255171371,0.5962960689,0.3175434291,0,-1.19484714,4.371919704,-3.200639276
37.82,-65.05556185,0.05255313589,0.5962981458,0.3175421131,0,-1.194945863,4.371933514,-3.200568554
37.83,-65.05532597,0.05255455974,0.5963002106,0.3175408061,0,-1.19504468,4.371947869,-3.200497791
37.84,-65.05508996,0.05255598525,0.5963022633,0.3175395081,0,-1.195143589,4.371962767,-3.200426987
37.85,-65.05485381,0.05255741236,0.596304304,0.317538219,0,-1.195242588,4.371978206,-3.200356144
37.86,-65.05461755,0.05255884105,0.5963063326,0.317536939,0,-1.195341675,4.371994182,-3.200285264
37.87,-65.05438116,0.0525602713,0.5963083491,0.3175356678,0,-1.195440848,4.372010693,-3.200214348
37.88,-65.05414466,0.05256170305,0.5963103536,0.3175344057,0,-1.195540105,4.372027738,-3.200143398
37.89,-65.05390805,0.05256313629,0.596312346,0.3175331525,0,-1.195639443,4.372045312,-3.200072414
37.9,-65.05367133,0.05256457099,0.5963143265,0.3175319081,0,-1.19573886,4.372063415,-3.200001399
37.91,-65.05343451,0.0525660071,0.5963162949,0.3175306727,0,-1.195838355,4.372082043,-3.199930354
37.92,-65.0531976,0.05256744459,0.5963182513,0.3175294462,0,-1.195937924,4.372101193,-3.199859279
37.93,-65.05296059,0.05256888345,0.5963201956,0.3175282286,0,-1.196037567,4.372120865,-3.199788178
37.94,-65.0527235,0.05257032362,0.596322128,0.3175270198,0,-1.196137281,4.372141054,-3.199717051
37.95,-65.05248633,0.05257176509,0.5963240485,0.3175258199,0,-1.196237063,4.372161758,-3.199645899
37.96,-65.05224908,0.05257320781,0.5963259569,0.3175246288,0,-1.196336913,4.372182976,-3.199574724
37.97,-65.05201176,0.05257465176,0.5963278534,0.3175234465,0,-1.196436827,4.372204704,-3.199503527
37.98,-65.05177437,0.05257609691,0.596329738,0.3175222731,0,-1.196536803,4.37222694,-3.19943231
37.99,-65.05153692,0.05257754323,0.5963316106,0.3175211084,0,-1.196636841,4.372249682,-3.199361075
38,-65.0512994,0.05257899068,0.5963334713,0.3175199526,0,-1.196736936,4.372272927,-3.199289821
38.01,-65.05106184,0.05258043923,0.5963353201,0.3175188055,0,-1.196837089,4.372296672,-3.199218552
38.02,-65.05082423,0.05258188885,0.596337157,0.3175176671,0,-1.196937295,4.372320916,-3.199147268
38.03,-65.05058657,0.05258333952,0.596338982,0.3175165375,0,-1.197037554,4.372345656,-3.199075971
38.04,-65.05034887,0.05258479119,0.5963407951,0.3175154166,0,-1.197137864,4.372370888,-3.199004661
38.05,-65.05011114,0.05258624385,0.5963425963,0.3175143044,0,-1.197238222,4.372396612,-3.198933341
38.06,-65.04987337,0.05258769745,0.5963443858,0.3175132009,0,-1.197338626,4.372422823,-3.198862012
38.07,-65.04963558,0.05258915197,0.5963461633,0.317512106,0,-1.197439075,4.372449521,-3.198790675
38.08,-65.04939777,0.05259060738,0.5963479291,0.3175110199,0,-1.197539566,4.372476702,-3.198719331
38.09,-65.04915994,0.05259206365,0.596349683,0.3175099424,0,-1.197640097,4.372504364,-3.198647982
38.1,-65.0489221,0.05259352075,0.5963514251,0.3175088735,0,-1.197740667,4.372532504,-3.198576629
38.11,-65.04868425,0.05259497864,0.5963531555,0.3175078132,0,-1.197841273,4.37256112,-3.198505274
38.12,-65.04844639,0.0525964373,0.5963548741,0.3175067616,0,-1.197941914,4.37259021,-3.198433917
38.13,-65.04820854,0.0525978967,0.5963565809,0.3175057185,0,-1.198042587,4.372619771,-3.198362561
38.14,-65.04797068,0.05259935681,0.596358276,0.317504684,0,-1.19814329,4.372649801,-3.198291205
38.15,-65.04773284,0.0526008176,0.5963599593,0.317503658,0,-1.198244023,4.372680297,-3.198219853
38.16,-65.04749501,0.05260227904,0.5963616309,0.3175026406,0,-1.198344781,4.372711256,-3.198148504
38.17,-65.0472572,0.05260374109,0.5963632908,0.3175016317,0,-1.198445565,4.372742677,-3.198077161
38.18,-65.04701941,0.05260520374,0.5963649391,0.3175006313,0,-1.198546372,4.372774557,-3.198005824
38.19,-65.04678165,0.05260666695,0.5963665756,0.3174996394,0,-1.198647199,4.372806893,-3.197934496
38.2,-65.04654392,0.05260813069,0.5963682005,0.3174986559,0,-1.198748045,4.372839683,-3.197863176
38.21,-65.04630622,0.05260959493,0.5963698138,0.317497681,0,-1.198848908,4.372872924,-3.197791867
38.22,-65.04606856,0.05261105965,0.5963714154,0.3174967144,0,-1.198949787,4.372906615,-3.197720569
38.23,-65.04583095,0.05261252482,0.5963730054,0.3174957563,0,-1.199050679,4.372940752,-3.197649285
38.24,-65.04559338,0.0526139904,0.5963745838,0.3174948066,0,-1.199151582,4.372975334,-3.197578015
38.25,-65.04535587,0.05261545638,0.5963761507,0.3174938653,0,-1.199252495,4.373010357,-3.19750676
38.26,-65.04511841,0.05261692271,0.5963777059,0.3174929324,0,-1.199353415,4.37304582,-3.197435522
38.27,-65.044881,0.05261838937,0.5963792496,0.3174920078,0,-1.199454341,4.37308172,-3.197364301
38.28,-65.04464367,0.05261985634,0.5963807818,0.3174910915,0,-1.199555271,4.373118054,-3.1972931
38.29,-65.0444064,0.05262132359,0.5963823025,0.3174901836,0,-1.199656204,4.37315482,-3.19722192
38.3,-65.0441692,0.05262279108,0.5963838116,0.317489284,0,-1.199757136,4.373192016,-3.197150761
38.31,-65.04393208,0.05262425879,0.5963853093,0.3174883927,0,-1.199858067,4.373229639,-3.197079625
38.32,-65.04369504,0.0526257267,0.5963867955,0.3174875096,0,-1.199958995,4.373267687,-3.197008513
38.33,-65.04345809,0.05262719477,0.5963882702,0.3174866348,0,-1.200059917,4.373306157,-3.196937426
38.34,-65.04322122,0.05262866298,0.5963897335,0.3174857682,0,-1.200160832,4.373345047,-3.196866366
38.35,-65.04298445,0.05263013129,0.5963911854,0.3174849099,0,-1.200261739,4.373384355,-3.196795334
38.36,-65.04274777,0.05263159969,0.5963926259,0.3174840597,0,-1.200362634,4.373424078,-3.19672433
38.37,-65.04251119,0.05263306815,0.596394055,0.3174832178,0,-1.200463518,4.373464214,-3.196653357
38.38,-65.04227472,0.05263453663,0.5963954728,0.317482384,0,-1.200564387,4.37350476,-3.196582415
38.39,-65.04203835,0.05263600512,0.5963968791,0.3174815583,0,-1.20066524,4.373545714,-3.196511505
38.4,-65.0418021,0.05263747358,0.5963982742,0.3174807408,0,-1.200766076,4.373587074,-3.196440629
38.41,-65.04156596,0.05263894199,0.5963996579,0.3174799314,0,-1.200866892,4.373628837,-3.196369788
38.42,-65.04132994,0.05264041031,0.5964010304,0.3174791301,0,-1.200967686,4.373671,-3.196298982
38.43,-65.04109405,0.05264187854,0.5964023915,0.3174783368,0,-1.201068458,4.373713562,-3.196228214
38.44,-65.04085828,0.05264334663,0.5964037414,0.3174775517,0,-1.201169205,4.37375652,-3.196157484
38.45,-65.04062265,0.05264481456,0.5964050801,0.3174767745,0,-1.201269926,4.373799872,-3.196086794
38.46,-65.04038714,0.05264628231,0.5964064076,0.3174760054,0,-1.201370618,4.373843615,-3.196016143
38.47,-65.04015178,0.05264774985,0.5964077238,0.3174752443,0,-1.20147128,4.373887746,-3.195945535
38.48,-65.03991656,0.05264921715,0.5964090288,0.3174744911,0,-1.201571911,4.373932264,-3.195874969
38.49,-65.03968149,0.05265068418,0.5964103227,0.317473746,0,-1.201672509,4.373977166,-3.195804448
38.5,-65.03944657,0.05265215094,0.5964116055,0.3174730087,0,-1.201773071,4.37402245,-3.195733971
38.51,-65.0392118,0.05265361737,0.5964128771,0.3174722794,0,-1.201873597,4.374068113,-3.195663541
38.52,-65.03897719,0.05265508347,0.5964141376,0.3174715581,0,-1.201974084,4.374114154,-3.195593157
38.53,-65.03874274,0.0526565492,0.596415387,0.3174708446,0,-1.202074532,4.374160568,-3.195522822
38.54,-65.03850846,0.05265801454,0.5964166253,0.3174701389,0,-1.202174937,4.374207355,-3.195452537
38.55,-65.03827434,0.05265947947,0.5964178526,0.3174694412,0,-1.202275299,4.374254512,-3.195382302
38.56,-65.0380404,0.05266094395,0.5964190689,0.3174687512,0,-1.202375617,4.374302037,-3.195312119
38.57,-65.03780663,0.05266240797,0.5964202741,0.3174680691,0,-1.202475887,4.374349926,-3.195241988
38.58,-65.03757304,0.0526638715,0.5964214684,0.3174673948,0,-1.202576109,4.374398179,-3.195171911
38.59,-65.03733963,0.05266533452,0.5964226517,0.3174667282,0,-1.202676281,4.374446791,-3.19510189
38.6,-65.03710641,0.05266679699,0.596423824,0.3174660694,0,-1.202776402,4.374495762,-3.195031923
38.61,-65.03687338,0.0526682589,0.5964249854,0.3174654183,0,-1.202876469,4.374545089,-3.194962014
38.62,-65.03664054,0.05266972022,0.5964261359,0.317464775,0,-1.202976482,4.374594769,-3.194892163
38.63,-65.03640791,0.05267118093,0.5964272755,0.3174641393,0,-1.203076438,4.374644801,-3.194822372
38.64,-65.03617547,0.052672641,0.5964284043,0.3174635114,0,-1.203176336,4.374695181,-3.19475264
38.65,-65.03594323,0.0526741004,0.5964295222,0.317462891,0,-1.203276175,4.374745908,-3.194682969
38.66,-65.0357112,0.05267555913,0.5964306293,0.3174622784,0,-1.203375952,4.374796978,-3.194613361
38.67,-65.03547938,0.05267701714,0.5964317255,0.3174616733,0,-1.203475667,4.374848391,-3.194543815
38.68,-65.03524778,0.05267847442,0.596432811,0.3174610758,0,-1.203575317,4.374900143,-3.194474334
38.69,-65.0350164,0.05267993094,0.5964338857,0.317460486,0,-1.203674902,4.374952232,-3.194404919
38.7,-65.03478523,0.05268138668,0.5964349497,0.3174599036,0,-1.203774419,4.375004656,-3.194335569
38.71,-65.03455429,0.05268284161,0.596436003,0.3174593289,0,-1.203873867,4.375057413,-3.194266287
38.72,-65.03432358,0.05268429572,0.5964370456,0.3174587616,0,-1.203973245,4.3751105,-3.194197073
38.73,-65.0340931,0.05268574898,0.5964380775,0.3174582018,0,-1.20407255,4.375163914,-3.194127929
38.74,-65.03386285,0.05268720136,0.5964390987,0.3174576496,0,-1.204171782,4.375217655,-3.194058854
38.75,-65.03363284,0.05268865285,0.5964401093,0.3174571047,0,-1.204270939,4.375271719,-3.193989851
38.76,-65.03340307,0.05269010341,0.5964411093,0.3174565674,0,-1.204370019,4.375326103,-3.19392092
38.77,-65.03317354,0.05269155303,0.5964420988,0.3174560374,0,-1.204469022,4.375380807,-3.193852062
38.78,-65.03294426,0.05269300169,0.5964430776,0.3174555148,0,-1.204567944,4.375435827,-3.193783279
38.79,-65.03271523,0.05269444936,0.5964440459,0.3174549996,0,-1.204666786,4.375491161,-3.19371457
38.8,-65.03248646,0.05269589602,0.5964450037,0.3174544918,0,-1.204765545,4.375546808,-3.193645938
38.81,-65.03225794,0.05269734164,0.596445951,0.3174539913,0,-1.20486422,4.375602763,-3.193577382
38.82,-65.03202968,0.05269878621,0.5964468879,0.3174534981,0,-1.20496281,4.375659027,-3.193508905
38.83,-65.03180169,0.0527002297,0.5964478142,0.3174530122,0,-1.205061312,4.375715595,-3.193440507
38.84,-65.03157396,0.05270167209,0.5964487302,0.3174525336,0,-1.205159726,4.375772466,-3.193372188
38.85,-65.0313465,0.05270311336,0.5964496357,0.3174520622,0,-1.205258051,4.375829638,-3.19330395
38.86,-65.03111931,0.05270455349,0.5964505309,0.3174515981,0,-1.205356284,4.375887108,-3.193235794
38.87,-65.0308924,0.05270599245,0.5964514157,0.3174511412,0,-1.205454424,4.375944874,-3.193167721
38.88,-65.03066577,0.05270743022,0.5964522902,0.3174506914,0,-1.20555247,4.376002934,-3.193099731
38.89,-65.03043942,0.05270886679,0.5964531544,0.3174502489,0,-1.205650421,4.376061285,-3.193031825
38.9,-65.03021335,0.05271030212,0.5964540082,0.3174498135,0,-1.205748275,4.376119926,-3.192964005
38.91,-65.02998757,0.05271173621,0.5964548519,0.3174493852,0,-1.20584603,4.376178854,-3.192896272
38.92,-65.02976208,0.05271316902,0.5964556852,0.317448964,0,-1.205943686,4.376238067,-3.192828625
38.93,-65.02953689,0.05271460053,0.5964565084,0.3174485499,0,-1.20604124,4.376297562,-3.192761066
38.94,-65.02931199,0.05271603074,0.5964573214,0.3174481429,0,-1.206138692,4.376357338,-3.192693597
38.95,-65.02908739,0.0527174596,0.5964581242,0.3174477429,0,-1.20623604,4.376417392,-3.192626217
38.96,-65.02886309,0.05271888712,0.5964589168,0.3174473499,0,-1.206333283,4.376477722,-3.192558928
38.97,-65.0286391,0.05272031325,0.5964596994,0.317446964,0,-1.20643042,4.376538326,-3.19249173
38.98,-65.02841542,0.05272173799,0.5964604718,0.317446585,0,-1.206527448,4.376599201,-3.192424625
38.99,-65.02819204,0.0527231613,0.5964612342,0.317446213,0,-1.206624367,4.376660346,-3.192357613
39,-65.02796899,0.05272458318,0.5964619865,0.3174458479,0,-1.206721175,4.376721758,-3.192290696
39.01,-65.02774624,0.05272600361,0.5964627288,0.3174454897,0,-1.206817871,4.376783434,-3.192223873
39.02,-65.02752382,0.05272742255,0.5964634611,0.3174451384,0,-1.206914454,4.376845374,-3.192157146
39.03,-65.02730172,0.05272883999,0.5964641835,0.317444794,0,-1.207010923,4.376907573,-3.192090516
39.04,-65.02707994,0.05273025592,0.5964648958,0.3174444565,0,-1.207107275,4.376970032,-3.192023983
39.05,-65.0268585,0.0527316703,0.5964655983,0.3174441258,0,-1.20720351,4.377032746,-3.191957549
39.06,-65.02663738,0.05273308313,0.5964662909,0.3174438018,0,-1.207299627,4.377095715,-3.191891214
39.07,-65.02641659,0.05273449438,0.5964669736,0.3174434847,0,-1.207395624,4.377158935,-3.191824978
39.08,-65.02619615,0.05273590404,0.5964676464,0.3174431743,0,-1.207491499,4.377222405,-3.191758844
39.09,-65.02597604,0.05273731207,0.5964683095,0.3174428707,0,-1.207587253,4.377286122,-3.191692811
39.1,-65.02575627,0.05273871847,0.5964689627,0.3174425738,0,-1.207682882,4.377350085,-3.191626881
39.11,-65.02553684,0.05274012322,0.5964696062,0.3174422836,0,-1.207778387,4.377414291,-3.191561053
39.12,-65.02531777,0.05274152629,0.5964702399,0.317442,0,-1.207873766,4.377478737,-3.19149533
39.13,-65.02509904,0.05274292767,0.5964708639,0.3174417231,0,-1.207969017,4.377543423,-3.191429711
39.14,-65.02488066,0.05274432733,0.5964714782,0.3174414529,0,-1.20806414,4.377608346,-3.191364198
39.15,-65.02466264,0.05274572527,0.5964720829,0.3174411893,0,-1.208159133,4.377673503,-3.191298792
39.16,-65.02444497,0.05274712145,0.5964726779,0.3174409322,0,-1.208253994,4.377738892,-3.191233492
39.17,-65.02422767,0.05274851587,0.5964732633,0.3174406817,0,-1.208348724,4.377804512,-3.1911683
39.18,-65.02401072,0.0527499085,0.5964738391,0.3174404378,0,-1.20844332,4.37787036,-3.191103217
39.19,-65.02379415,0.05275129932,0.5964744053,0.3174402004,0,-1.208537781,4.377936433,-3.191038244
39.2,-65.02357793,0.05275268833,0.596474962,0.3174399694,0,-1.208632106,4.378002731,-3.19097338
39.21,-65.02336209,0.05275407549,0.5964755092,0.317439745,0,-1.208726294,4.378069251,-3.190908627
39.22,-65.02314662,0.05275546079,0.5964760469,0.317439527,0,-1.208820344,4.37813599,-3.190843986
39.23,-65.02293152,0.05275684422,0.5964765751,0.3174393155,0,-1.208914254,4.378202947,-3.190779457
39.24,-65.02271681,0.05275822575,0.5964770939,0.3174391103,0,-1.209008024,4.37827012,-3.190715042
39.25,-65.02250247,0.05275960536,0.5964776033,0.3174389116,0,-1.209101652,4.378337506,-3.19065074
39.26,-65.02228851,0.05276098305,0.5964781033,0.3174387192,0,-1.209195137,4.378405103,-3.190586553
39.27,-65.02207494,0.05276235879,0.596478594,0.3174385331,0,-1.209288478,4.378472909,-3.190522481
39.28,-65.02186175,0.05276373256,0.5964790754,0.3174383534,0,-1.209381674,4.378540923,-3.190458525
39.29,-65.02164895,0.05276510436,0.5964795474,0.31743818,0,-1.209474723,4.378609142,-3.190394685
39.3,-65.02143654,0.05276647415,0.5964800102,0.3174380128,0,-1.209567625,4.378677563,-3.190330963
39.31,-65.02122453,0.05276784192,0.5964804637,0.3174378519,0,-1.209660378,4.378746186,-3.190267359
39.32,-65.02101291,0.05276920767,0.596480908,0.3174376973,0,-1.209752981,4.378815007,-3.190203874
39.33,-65.0208017,0.05277057136,0.5964813431,0.3174375488,0,-1.209845434,4.378884025,-3.190140509
39.34,-65.02059088,0.05277193298,0.5964817691,0.3174374066,0,-1.209937735,4.378953238,-3.190077263
39.35,-65.02038046,0.05277329252,0.5964821859,0.3174372705,0,-1.210029882,4.379022644,-3.190014138
39.36,-65.02017045,0.05277464996,0.5964825936,0.3174371405,0,-1.210121876,4.37909224,-3.189951135
39.37,-65.01996085,0.05277600528,0.5964829922,0.3174370167,0,-1.210213714,4.379162025,-3.189888254
39.38,-65.01975165,0.05277735847,0.5964833818,0.3174368989,0,-1.210305396,4.379231996,-3.189825495
39.39,-65.01954287,0.05277870951,0.5964837623,0.3174367873,0,-1.210396921,4.379302152,-3.189762861
39.4,-65.0193345,0.05278005839,0.5964841339,0.3174366817,0,-1.210488288,4.37937249,-3.18970035
39.41,-65.01912655,0.05278140508,0.5964844964,0.3174365821,0,-1.210579494,4.379443009,-3.189637964
39.42,-65.01891901,0.05278274958,0.59648485,0.3174364885,0,-1.210670541,4.379513707,-3.189575703
39.43,-65.0187119,0.05278409186,0.5964851947,0.3174364009,0,-1.210761426,4.37958458,-3.189513569
39.44,-65.0185052,0.05278543191,0.5964855305,0.3174363193,0,-1.210852148,4.379655629,-3.189451561
39.45,-65.01829894,0.05278676972,0.5964858575,0.3174362436,0,-1.210942707,4.379726849,-3.189389681
39.46,-65.01809309,0.05278810526,0.5964861756,0.3174361738,0,-1.211033101,4.37979824,-3.189327928
39.47,-65.01788768,0.05278943853,0.5964864849,0.3174361099,0,-1.21112333,4.3798698,-3.189266304
39.48,-65.0176827,0.05279076951,0.5964867854,0.3174360519,0,-1.211213392,4.379941526,-3.189204809
39.49,-65.01747815,0.05279209819,0.5964870772,0.3174359997,0,-1.211303287,4.380013416,-3.189143444
39.5,-65.01727403,0.05279342454,0.5964873603,0.3174359534,0,-1.211393013,4.380085469,-3.18908221
39.51,-65.01707035,0.05279474855,0.5964876346,0.3174359128,0,-1.211482569,4.380157683,-3.189021106
39.52,-65.01686711,0.05279607022,0.5964879003,0.317435878,0,-1.211571955,4.380230055,-3.188960134
39.53,-65.01666431,0.05279738952,0.5964881574,0.317435849,0,-1.211661169,4.380302583,-3.188899294
39.54,-65.01646196,0.05279870643,0.5964884058,0.3174358258,0,-1.211750211,4.380375266,-3.188838587
39.55,-65.01626004,0.05280002095,0.5964886457,0.3174358082,0,-1.211839079,4.380448102,-3.188778013
39.56,-65.01605858,0.05280133306,0.596488877,0.3174357963,0,-1.211927773,4.380521089,-3.188717573
39.57,-65.01585756,0.05280264275,0.5964890997,0.3174357901,0,-1.212016292,4.380594224,-3.188657268
39.58,-65.01565699,0.05280395,0.596489314,0.3174357895,0,-1.212104634,4.380667506,-3.188597097
39.59,-65.01545687,0.05280525479,0.5964895198,0.3174357945,0,-1.2121928,4.380740933,-3.188537062
39.6,-65.01525721,0.05280655712,0.5964897172,0.3174358052,0,-1.212280787,4.380814503,-3.188477164
39.61,-65.01505801,0.05280785696,0.5964899061,0.3174358214,0,-1.212368595,4.380888214,-3.188417402
39.62,-65.01485926,0.05280915432,0.5964900867,0.3174358431,0,-1.212456223,4.380962064,-3.188357777
39.63,-65.01466097,0.05281044916,0.5964902589,0.3174358704,0,-1.212543671,4.381036052,-3.188298291
39.64,-65.01446314,0.05281174148,0.5964904228,0.3174359032,0,-1.212630937,4.381110174,-3.188238942
39.65,-65.01426577,0.05281303126,0.5964905784,0.3174359415,0,-1.21271802,4.38118443,-3.188179732
39.66,-65.01406887,0.05281431849,0.5964907257,0.3174359852,0,-1.212804919,4.381258818,-3.188120662
39.67,-65.01387244,0.05281560316,0.5964908648,0.3174360343,0,-1.212891635,4.381333335,-3.188061732
39.68,-65.01367647,0.05281688526,0.5964909957,0.3174360889,0,-1.212978165,4.38140798,-3.188002942
39.69,-65.01348098,0.05281816476,0.5964911184,0.3174361489,0,-1.213064509,4.381482751,-3.187944293
39.7,-65.01328595,0.05281944166,0.5964912329,0.3174362142,0,-1.213150666,4.381557645,-3.187885786
39.71,-65.0130914,0.05282071595,0.5964913393,0.3174362849,0,-1.213236635,4.381632662,-3.187827421
39.72,-65.01289733,0.05282198761,0.5964914376,0.3174363608,0,-1.213322415,4.381707799,-3.187769198
39.73,-65.01270373,0.05282325662,0.5964915279,0.3174364421,0,-1.213408006,4.381783054,-3.187711118
39.74,-65.01251061,0.05282452298,0.5964916101,0.3174365287,0,-1.213493407,4.381858426,-3.187653182
39.75,-65.01231796,0.05282578668,0.5964916843,0.3174366205,0,-1.213578617,4.381933912,-3.187595389
39.76,-65.0121258,0.05282704769,0.5964917505,0.3174367175,0,-1.213663635,4.382009512,-3.187537741
39.77,-65.01193413,0.05282830601,0.5964918088,0.3174368197,0,-1.21374846,4.382085222,-3.187480238
39.78,-65.01174294,0.05282956163,0.5964918591,0.3174369271,0,-1.213833091,4.382161041,-3.187422881
39.79,-65.01155223,0.05283081453,0.5964919016,0.3174370397,0,-1.213917528,4.382236967,-3.187365669
39.8,-65.01136201,0.05283206471,0.5964919362,0.3174371574,0,-1.21400177,4.382312999,-3.187308603
39.81,-65.01117228,0.05283331214,0.5964919629,0.3174372802,0,-1.214085816,4.382389135,-3.187251685
39.82,-65.01098304,0.05283455682,0.5964919819,0.3174374082,0,-1.214169666,4.382465372,-3.187194913
39.83,-65.0107943,0.05283579873,0.596491993,0.3174375411,0,-1.214253318,4.38254171,-3.18713829
39.84,-65.01060605,0.05283703787,0.5964919964,0.3174376791,0,-1.214336771,4.382618145,-3.187081814
39.85,-65.01041829,0.05283827423,0.5964919922,0.3174378222,0,-1.214420026,4.382694677,-3.187025487
39.86,-65.01023103,0.05283950778,0.5964919802,0.3174379702,0,-1.214503081,4.382771304,-3.186969309
39.87,-65.01004427,0.05284073852,0.5964919605,0.3174381232,0,-1.214585935,4.382848023,-3.186913281
39.88,-65.00985801,0.05284196644,0.5964919333,0.3174382812,0,-1.214668589,4.382924834,-3.186857402
39.89,-65.00967225,0.05284319153,0.5964918984,0.3174384441,0,-1.21475104,4.383001733,-3.186801674
39.9,-65.00948699,0.05284441377,0.596491856,0.3174386118,0,-1.214833289,4.38307872,-3.186746096
39.91,-65.00930223,0.05284563315,0.596491806,0.3174387845,0,-1.214915334,4.383155793,-3.18669067
39.92,-65.00911798,0.05284684967,0.5964917485,0.317438962,0,-1.214997176,4.38323295,-3.186635395
39.93,-65.00893424,0.05284806331,0.5964916835,0.3174391444,0,-1.215078812,4.383310189,-3.186580273
39.94,-65.00875101,0.05284927407,0.5964916111,0.3174393316,0,-1.215160243,4.383387509,-3.186525302
39.95,-65.00856828,0.05285048192,0.5964915312,0.3174395235,0,-1.215241468,4.383464907,-3.186470484
39.96,-65.00838607,0.05285168686,0.596491444,0.3174397203,0,-1.215322486,4.383542382,-3.18641582
39.97,-65.00820436,0.05285288889,0.5964913494,0.3174399217,0,-1.215403296,4.383619932,-3.186361309
39.98,-65.00802317,0.05285408798,0.5964912474,0.3174401279,0,-1.215483898,4.383697556,-3.186306952
39.99,-65.0078425,0.05285528413,0.5964911382,0.3174403388,0,-1.215564291,4.383775252,-3.186252749
40,-65.00766234,0.05285647733,0.5964910217,0.3174405544,0,-1.215644475,4.383853017,-3.186198701
40.01,-65.0074827,0.05285766757,0.5964908979,0.3174407746,0,-1.215724449,4.383930851,-3.186144809
40.02,-65.00730357,0.05285885484,0.5964907669,0.3174409994,0,-1.215804211,4.384008752,-3.186091071
40.03,-65.00712496,0.05286003913,0.5964906288,0.3174412289,0,-1.215883762,4.384086717,-3.186037489
40.04,-65.00694688,0.05286122042,0.5964904834,0.3174414629,0,-1.215963101,4.384164746,-3.185984064
40.05,-65.00676932,0.05286239872,0.596490331,0.3174417015,0,-1.216042228,4.384242836,-3.185930795
40.06,-65.00659228,0.052863574,0.5964901715,0.3174419446,0,-1.21612114,4.384320986,-3.185877683
40.07,-65.00641576,0.05286474627,0.5964900048,0.3174421922,0,-1.216199839,4.384399195,-3.185824728
40.08,-65.00623977,0.0528659155,0.5964898312,0.3174424443,0,-1.216278323,4.38447746,-3.185771931
40.09,-65.00606431,0.0528670817,0.5964896505,0.3174427009,0,-1.216356593,4.384555779,-3.185719292
40.1,-65.00588937,0.05286824484,0.5964894629,0.317442962,0,-1.216434646,4.384634152,-3.18566681
40.11,-65.00571496,0.05286940493,0.5964892683,0.3174432274,0,-1.216512483,4.384712576,-3.185614488
40.12,-65.00554108,0.05287056195,0.5964890668,0.3174434973,0,-1.216590102,4.384791051,-3.185562324
40.13,-65.00536773,0.0528717159,0.5964888584,0.3174437715,0,-1.216667505,4.384869573,-3.18551032
40.14,-65.00519492,0.05287286676,0.5964886432,0.3174440501,0,-1.216744689,4.384948142,-3.185458475
40.15,-65.00502263,0.05287401453,0.5964884211,0.317444333,0,-1.216821654,4.385026756,-3.18540679
40.16,-65.00485088,0.0528751592,0.5964881922,0.3174446202,0,-1.2168984,4.385105413,-3.185355265
40.17,-65.00467967,0.05287630075,0.5964879566,0.3174449117,0,-1.216974927,4.385184112,-3.1853039
40.18,-65.00450899,0.05287743919,0.5964877142,0.3174452075,0,-1.217051233,4.385262851,-3.185252697
40.19,-65.00433885,0.0528785745,0.5964874651,0.3174455075,0,-1.217127318,4.385341628,-3.185201654
40.2,-65.00416924,0.05287970667,0.5964872094,0.3174458117,0,-1.217203181,4.385420442,-3.185150773
40.21,-65.00400018,0.0528808357,0.596486947,0.3174461201,0,-1.217278823,4.385499292,-3.185100053
40.22,-65.00383165,0.05288196157,0.5964866779,0.3174464327,0,-1.217354242,4.385578175,-3.185049495
40.23,-65.00366367,0.05288308428,0.5964864023,0.3174467494,0,-1.217429438,4.38565709,-3.1849991
40.24,-65.00349622,0.05288420383,0.5964861201,0.3174470703,0,-1.217504411,4.385736036,-3.184948867
40.25,-65.00332932,0.05288532019,0.5964858314,0.3174473952,0,-1.217579159,4.38581501,-3.184898796
40.26,-65.00316296,0.05288643337,0.5964855362,0.3174477243,0,-1.217653683,4.385894012,-3.184848889
40.27,-65.00299715,0.05288754336,0.5964852345,0.3174480574,0,-1.217727982,4.38597304,-3.184799145
40.28,-65.00283188,0.05288865015,0.5964849264,0.3174483945,0,-1.217802055,4.386052092,-3.184749565
40.29,-65.00266716,0.05288975373,0.5964846118,0.3174487356,0,-1.217875903,4.386131166,-3.184700148
40.3,-65.00250298,0.0528908541,0.5964842909,0.3174490808,0,-1.217949524,4.386210262,-3.184650895
40.31,-65.00233936,0.05289195124,0.5964839637,0.3174494298,0,-1.218022917,4.386289377,-3.184601807
40.32,-65.00217628,0.05289304515,0.5964836301,0.3174497829,0,-1.218096084,4.38636851,-3.184552883
40.33,-65.00201375,0.05289413583,0.5964832902,0.3174501398,0,-1.218169023,4.386447659,-3.184504124
40.34,-65.00185177,0.05289522326,0.5964829441,0.3174505007,0,-1.218241733,4.386526824,-3.18445553
40.35,-65.00169034,0.05289630743,0.5964825917,0.3174508654,0,-1.218314214,4.386606001,-3.184407102
40.36,-65.00152946,0.05289738835,0.5964822331,0.317451234,0,-1.218386467,4.386685191,-3.184358839
40.37,-65.00136914,0.05289846601,0.5964818684,0.3174516064,0,-1.218458489,4.386764391,-3.184310741
40.38,-65.00120937,0.05289954039,0.5964814975,0.3174519826,0,-1.218530282,4.3868436,-3.18426281
40.39,-65.00105015,0.05290061149,0.5964811205,0.3174523626,0,-1.218601844,4.386922817,-3.184215044
40.4,-65.00089148,0.05290167931,0.5964807374,0.3174527464,0,-1.218673175,4.387002039,-3.184167445
40.41,-65.00073338,0.05290274383,0.5964803483,0.3174531339,0,-1.218744275,4.387081266,-3.184120013
40.42,-65.00057582,0.05290380506,0.5964799532,0.3174535251,0,-1.218815143,4.387160495,-3.184072747
40.43,-65.00041883,0.05290486298,0.596479552,0.31745392,0,-1.218885779,4.387239726,-3.184025649
40.44,-65.00026239,0.05290591759,0.596479145,0.3174543186,0,-1.218956182,4.387318957,-3.183978717
40.45,-65.00010651,0.05290696888,0.5964787319,0.3174547209,0,-1.219026353,4.387398187,-3.183931953
40.46,-64.99995119,0.05290801684,0.596478313,0.3174551267,0,-1.21909629,4.387477414,-3.183885356
40.47,-64.99979643,0.05290906148,0.5964778882,0.3174555362,0,-1.219165993,4.387556636,-3.183838928
40.48,-64.99964222,0.05291010278,0.5964774575,0.3174559493,0,-1.219235463,4.387635852,-3.183792667
40.49,-64.99948858,0.05291114074,0.5964770211,0.3174563659,0,-1.219304698,4.387715061,-3.183746574
40.5,-64.9993355,0.05291217536,0.5964765788,0.3174567861,0,-1.219373698,4.387794261,-3.18370065
40.51,-64.99918298,0.05291320661,0.5964761308,0.3174572098,0,-1.219442463,4.387873452,-3.183654894
40.52,-64.99903102,0.05291423452,0.5964756771,0.3174576369,0,-1.219510992,4.38795263,-3.183609306
40.53,-64.99887963,0.05291525905,0.5964752177,0.3174580676,0,-1.219579286,4.388031796,-3.183563888
40.54,-64.99872879,0.05291628022,0.5964747526,0.3174585017,0,-1.219647344,4.388110947,-3.183518638
40.55,-64.99857852,0.05291729801,0.5964742819,0.3174589392,0,-1.219715165,4.388190082,-3.183473557
40.56,-64.99842882,0.05291831242,0.5964738056,0.3174593801,0,-1.219782749,4.388269201,-3.183428646
40.57,-64.99827968,0.05291932344,0.5964733237,0.3174598245,0,-1.219850096,4.3883483,-3.183383904
40.58,-64.99813111,0.05292033108,0.5964728363,0.3174602722,0,-1.219917205,4.38842738,-3.183339332
40.59,-64.9979831,0.05292133531,0.5964723434,0.3174607232,0,-1.219984077,4.388506438,-3.183294929
40.6,-64.99783566,0.05292233615,0.5964718449,0.3174611775,0,-1.220050711,4.388585473,-3.183250697
40.61,-64.99768878,0.05292333358,0.596471341,0.3174616352,0,-1.220117106,4.388664484,-3.183206634
40.62,-64.99754247,0.0529243276,0.5964708317,0.3174620961,0,-1.220183263,4.38874347,-3.183162741
40.63,-64.99739673,0.0529253182,0.596470317,0.3174625603,0,-1.220249181,4.388822429,-3.183119019
40.64,-64.99725156,0.05292630539,0.5964697969,0.3174630277,0,-1.220314859,4.38890136,-3.183075467
40.65,-64.99710695,0.05292728915,0.5964692715,0.3174634983,0,-1.220380298,4.388980261,-3.183032085
40.66,-64.99696291,0.05292826948,0.5964687408,0.3174639721,0,-1.220445497,4.389059131,-3.182988874
40.67,-64.99681945,0.05292924638,0.5964682048,0.317464449,0,-1.220510456,4.389137969,-3.182945834
40.68,-64.99667655,0.05293021984,0.5964676635,0.3174649291,0,-1.220575175,4.389216773,-3.182902964
40.69,-64.99653422,0.05293118986,0.5964671171,0.3174654124,0,-1.220639653,4.389295543,-3.182860265
40.7,-64.99639246,0.05293215643,0.5964665654,0.3174658987,0,-1.220703891,4.389374276,-3.182817738
40.71,-64.99625127,0.05293311955,0.5964660086,0.3174663881,0,-1.220767887,4.389452971,-3.182775381
40.72,-64.99611065,0.05293407922,0.5964654466,0.3174668806,0,-1.220831642,4.389531628,-3.182733196
40.73,-64.99597061,0.05293503542,0.5964648796,0.3174673761,0,-1.220895155,4.389610245,-3.182691182
40.74,-64.99583113,0.05293598817,0.5964643074,0.3174678746,0,-1.220958427,4.38968882,-3.18264934
40.75,-64.99569223,0.05293693745,0.5964637303,0.3174683761,0,-1.221021457,4.389767353,-3.182607668
40.76,-64.9955539,0.05293788326,0.5964631481,0.3174688806,0,-1.221084244,4.389845841,-3.182566169
40.77,-64.99541614,0.0529388256,0.5964625609,0.317469388,0,-1.221146789,4.389924284,-3.182524841
40.78,-64.99527895,0.05293976446,0.5964619688,0.3174698984,0,-1.221209092,4.390002681,-3.182483685
40.79,-64.99514234,0.05294069984,0.5964613718,0.3174704116,0,-1.221271152,4.39008103,-3.182442701
40.8,-64.99500629,0.05294163174,0.5964607698,0.3174709278,0,-1.221332968,4.39015933,-3.182401888
40.81,-64.99487082,0.05294256015,0.596460163,0.3174714468,0,-1.221394541,4.390237579,-3.182361247
40.82,-64.99473593,0.05294348507,0.5964595514,0.3174719686,0,-1.221455871,4.390315777,-3.182320779
40.83,-64.99460161,0.0529444065,0.5964589349,0.3174724933,0,-1.221516958,4.390393922,-3.182280482
40.84,-64.99446786,0.05294532443,0.5964583137,0.3174730208,0,-1.2215778,4.390472012,-3.182240358
40.85,-64.99433468,0.05294623886,0.5964576877,0.317473551,0,-1.221638399,4.390550048,-3.182200405
40.86,-64.99420208,0.05294714979,0.596457057,0.3174740841,0,-1.221698754,4.390628027,-3.182160625
40.87,-64.99407006,0.05294805721,0.5964564216,0.3174746198,0,-1.221758864,4.390705948,-3.182121017
40.88,-64.99393861,0.05294896113,0.5964557815,0.3174751583,0,-1.22181873,4.39078381,-3.182081582
40.89,-64.99380773,0.05294986153,0.5964551368,0.3174756994,0,-1.221878351,4.390861612,-3.182042318
40.9,-64.99367742,0.05295075842,0.5964544875,0.3174762433,0,-1.221937728,4.390939353,-3.182003227
40.91,-64.9935477,0.0529516518,0.5964538337,0.3174767898,0,-1.221996859,4.391017031,-3.181964309
40.92,-64.99341854,0.05295254165,0.5964531752,0.3174773389,0,-1.222055746,4.391094645,-3.181925562
40.93,-64.99328996,0.05295342799,0.5964525123,0.3174778906,0,-1.222114388,4.391172194,-3.181886989
40.94,-64.99316196,0.0529543108,0.5964518449,0.3174784449,0,-1.222172784,4.391249678,-3.181848587
40.95,-64.99303453,0.05295519009,0.596451173,0.3174790018,0,-1.222230935,4.391327093,-3.181810358
40.96,-64.99290767,0.05295606585,0.5964504967,0.3174795613,0,-1.222288841,4.391404441,-3.181772302
40.97,-64.99278139,0.05295693808,0.5964498159,0.3174801232,0,-1.222346501,4.391481718,-3.181734418
40.98,-64.99265569,0.05295780678,0.5964491308,0.3174806877,0,-1.222403915,4.391558925,-3.181696707
40.99,-64.99253056,0.05295867194,0.5964484414,0.3174812547,0,-1.222461083,4.39163606,-3.181659168
41,-64.99240601,0.05295953357,0.5964477476,0.3174818241,0,-1.222518006,4.391713122,-3.181621802
41.01,-64.99228203,0.05296039166,0.5964470496,0.3174823959,0,-1.222574682,4.39179011,-3.181584608
41.02,-64.99215862,0.05296124622,0.5964463473,0.3174829702,0,-1.222631113,4.391867022,-3.181547587
41.03,-64.99203579,0.05296209723,0.5964456407,0.3174835469,0,-1.222687297,4.391943858,-3.181510738
41.04,-64.99191354,0.0529629447,0.59644493,0.317484126,0,-1.222743235,4.392020616,-3.181474062
41.05,-64.99179186,0.05296378862,0.5964442151,0.3174847074,0,-1.222798927,4.392097295,-3.181437558
41.06,-64.99167075,0.052964629,0.596443496,0.3174852912,0,-1.222854373,4.392173895,-3.181401226
41.07,-64.99155023,0.05296546583,0.5964427728,0.3174858773,0,-1.222909572,4.392250413,-3.181365068
41.08,-64.99143027,0.05296629912,0.5964420456,0.3174864657,0,-1.222964524,4.39232685,-3.181329081
41.09,-64.99131089,0.05296712885,0.5964413142,0.3174870564,0,-1.22301923,4.392403203,-3.181293267
41.1,-64.99119208,0.05296795503,0.5964405789,0.3174876494,0,-1.22307369,4.392479472,-3.181257625
41.11,-64.99107385,0.05296877766,0.5964398395,0.3174882445,0,-1.223127902,4.392555656,-3.181222156
41.12,-64.9909562,0.05296959674,0.5964390962,0.3174888419,0,-1.223181868,4.392631753,-3.181186859
41.13,-64.99083911,0.05297041227,0.5964383489,0.3174894415,0,-1.223235588,4.392707763,-3.181151734
41.14,-64.99072261,0.05297122424,0.5964375977,0.3174900433,0,-1.223289061,4.392783685,-3.181116782
41.15,-64.99060667,0.05297203265,0.5964368426,0.3174906473,0,-1.223342286,4.392859517,-3.181082001
41.16,-64.99049131,0.05297283751,0.5964360837,0.3174912534,0,-1.223395266,4.392935258,-3.181047393
41.17,-64.99037652,0.05297363881,0.5964353209,0.3174918616,0,-1.223447998,4.393010908,-3.181012957
41.18,-64.99026231,0.05297443655,0.5964345543,0.3174924719,0,-1.223500484,4.393086465,-3.180978693
41.19,-64.99014867,0.05297523073,0.5964337839,0.3174930843,0,-1.223552722,4.393161928,-3.1809446
41.2,-64.9900356,0.05297602136,0.5964330098,0.3174936987,0,-1.223604714,4.393237296,-3.18091068
41.21,-64.98992311,0.05297680842,0.5964322319,0.3174943152,0,-1.223656459,4.393312569,-3.180876932
41.22,-64.98981118,0.05297759193,0.5964314504,0.3174949337,0,-1.223707958,4.393387744,-3.180843355
41.23,-64.98969983,0.05297837187,0.5964306652,0.3174955542,0,-1.223759209,4.393462822,-3.18080995
41.24,-64.98958906,0.05297914826,0.5964298763,0.3174961767,0,-1.223810214,4.393537801,-3.180776717
41.25,-64.98947885,0.05297992108,0.5964290839,0.3174968011,0,-1.223860972,4.39361268,-3.180743656
41.26,-64.98936922,0.05298069034,0.5964282878,0.3174974275,0,-1.223911484,4.393687459,-3.180710765
41.27,-64.98926016,0.05298145605,0.5964274882,0.3174980558,0,-1.223961748,4.393762135,-3.180678047
41.28,-64.98915166,0.05298221819,0.5964266851,0.317498686,0,-1.224011766,4.393836709,-3.180645499
41.29,-64.98904374,0.05298297677,0.5964258785,0.3174993181,0,-1.224061538,4.393911179,-3.180613123
41.3,-64.9889364,0.05298373179,0.5964250684,0.3174999521,0,-1.224111063,4.393985544,-3.180580919
41.31,-64.98882962,0.05298448325,0.5964242548,0.3175005879,0,-1.224160341,4.394059804,-3.180548885
41.32,-64.98872341,0.05298523115,0.5964234379,0.3175012255,0,-1.224209373,4.394133957,-3.180517022
41.33,-64.98861777,0.05298597549,0.5964226175,0.3175018649,0,-1.224258158,4.394208002,-3.18048533
41.34,-64.9885127,0.05298671628,0.5964217938,0.3175025061,0,-1.224306697,4.394281939,-3.180453809
41.35,-64.9884082,0.0529874535,0.5964209667,0.3175031491,0,-1.22435499,4.394355766,-3.180422459
41.36,-64.98830426,0.05298818716,0.5964201364,0.3175037939,0,-1.224403037,4.394429482,-3.180391279
41.37,-64.9882009,0.05298891727,0.5964193027,0.3175044403,0,-1.224450837,4.394503088,-3.18036027
41.38,-64.9880981,0.05298964382,0.5964184658,0.3175050885,0,-1.224498392,4.394576581,-3.180329431
41.39,-64.98799587,0.05299036681,0.5964176257,0.3175057383,0,-1.2245457,4.39464996,-3.180298762
41.4,-64.98789421,0.05299108625,0.5964167824,0.3175063899,0,-1.224592763,4.394723226,-3.180268264
41.41,-64.98779312,0.05299180214,0.5964159359,0.3175070431,0,-1.22463958,4.394796376,-3.180237935
41.42,-64.98769259,0.05299251446,0.5964150862,0.3175076979,0,-1.224686151,4.394869411,-3.180207777
41.43,-64.98759263,0.05299322324,0.5964142334,0.3175083543,0,-1.224732476,4.394942328,-3.180177788
41.44,-64.98749323,0.05299392847,0.5964133776,0.3175090123,0,-1.224778556,4.395015128,-3.180147969
41.45,-64.9873944,0.05299463014,0.5964125186,0.3175096719,0,-1.224824391,4.39508781,-3.18011832
41.46,-64.98729613,0.05299532827,0.5964116567,0.3175103331,0,-1.22486998,4.395160371,-3.18008884
41.47,-64.98719843,0.05299602284,0.5964107917,0.3175109958,0,-1.224915324,4.395232813,-3.180059529
41.48,-64.98710129,0.05299671387,0.5964099237,0.31751166,0,-1.224960423,4.395305133,-3.180030387
41.49,-64.98700472,0.05299740136,0.5964090528,0.3175123257,0,-1.225005278,4.395377331,-3.180001415
41.5,-64.9869087,0.05299808529,0.596408179,0.317512993,0,-1.225049887,4.395449406,-3.179972611
41.51,-64.98681325,0.05299876569,0.5964073022,0.3175136616,0,-1.225094252,4.395521357,-3.179943976
41.52,-64.98671837,0.05299944255,0.5964064226,0.3175143318,0,-1.225138372,4.395593183,-3.17991551
41.53,-64.98662404,0.05300011586,0.5964055401,0.3175150033,0,-1.225182248,4.395664884,-3.179887212
41.54,-64.98653027,0.05300078564,0.5964046547,0.3175156763,0,-1.225225879,4.395736459,-3.179859082
41.55,-64.98643707,0.05300145188,0.5964037666,0.3175163506,0,-1.225269267,4.395807906,-3.179831121
41.56,-64.98634443,0.05300211458,0.5964028757,0.3175170263,0,-1.22531241,4.395879226,-3.179803328
41.57,-64.98625234,0.05300277376,0.5964019821,0.3175177034,0,-1.22535531,4.395950416,-3.179775702
41.58,-64.98616081,0.0530034294,0.5964010857,0.3175183818,0,-1.225397966,4.396021477,-3.179748244
41.59,-64.98606984,0.05300408151,0.5964001867,0.3175190616,0,-1.225440379,4.396092407,-3.179720953
41.6,-64.98597943,0.05300473009,0.5963992849,0.3175197426,0,-1.225482549,4.396163207,-3.17969383
41.61,-64.98588958,0.05300537515,0.5963983806,0.3175204249,0,-1.225524475,4.396233874,-3.179666874
41.62,-64.98580028,0.05300601669,0.5963974736,0.3175211085,0,-1.225566158,4.396304408,-3.179640085
41.63,-64.98571154,0.05300665471,0.596396564,0.3175217933,0,-1.225607599,4.396374809,-3.179613463
41.64,-64.98562336,0.0530072892,0.5963956519,0.3175224794,0,-1.225648797,4.396445075,-3.179587008
41.65,-64.98553573,0.05300792018,0.5963947372,0.3175231667,0,-1.225689753,4.396515206,-3.179560719
41.66,-64.98544865,0.05300854765,0.59639382,0.3175238551,0,-1.225730466,4.396585201,-3.179534596
41.67,-64.98536213,0.0530091716,0.5963929003,0.3175245448,0,-1.225770938,4.396655059,-3.17950864
41.68,-64.98527616,0.05300979205,0.5963919781,0.3175252356,0,-1.225811167,4.39672478,-3.179482849
41.69,-64.98519075,0.05301040898,0.5963910535,0.3175259275,0,-1.225851155,4.396794363,-3.179457224
41.7,-64.98510588,0.05301102242,0.5963901265,0.3175266206,0,-1.225890902,4.396863806,-3.179431765
41.71,-64.98502157,0.05301163235,0.5963891972,0.3175273147,0,-1.225930408,4.39693311,-3.179406471
41.72,-64.98493781,0.05301223878,0.5963882654,0.31752801,0,-1.225969672,4.397002274,-3.179381342
41.73,-64.98485459,0.05301284172,0.5963873313,0.3175287063,0,-1.226008696,4.397071296,-3.179356378
41.74,-64.98477193,0.05301344116,0.5963863949,0.3175294037,0,-1.226047479,4.397140177,-3.179331579
41.75,-64.98468982,0.05301403711,0.5963854563,0.3175301021,0,-1.226086022,4.397208915,-3.179306945
41.76,-64.98460825,0.05301462957,0.5963845153,0.3175308015,0,-1.226124325,4.397277509,-3.179282475
41.77,-64.98452723,0.05301521855,0.5963835722,0.317531502,0,-1.226162388,4.397345959,-3.179258169
41.78,-64.98444676,0.05301580404,0.5963826268,0.3175322034,0,-1.226200211,4.397414265,-3.179234027
41.79,-64.98436683,0.05301638606,0.5963816792,0.3175329058,0,-1.226237795,4.397482425,-3.179210049
41.8,-64.98428745,0.0530169646,0.5963807295,0.3175336091,0,-1.22627514,4.397550439,-3.179186235
41.81,-64.98420861,0.05301753966,0.5963797776,0.3175343134,0,-1.226312246,4.397618307,-3.179162584
41.82,-64.98413032,0.05301811126,0.5963788237,0.3175350185,0,-1.226349113,4.397686027,-3.179139096
41.83,-64.98405257,0.05301867939,0.5963778676,0.3175357246,0,-1.226385742,4.397753598,-3.17911577
41.84,-64.98397536,0.05301924406,0.5963769095,0.3175364316,0,-1.226422133,4.397821021,-3.179092608
41.85,-64.98389869,0.05301980526,0.5963759494,0.3175371394,0,-1.226458286,4.397888294,-3.179069608
41.86,-64.98382257,0.05302036301,0.5963749872,0.3175378481,0,-1.226494201,4.397955417,-3.17904677
41.87,-64.98374698,0.05302091731,0.5963740231,0.3175385576,0,-1.226529879,4.398022389,-3.179024095
41.88,-64.98367194,0.05302146815,0.596373057,0.3175392679,0,-1.22656532,4.39808921,-3.179001581
41.89,-64.98359743,0.05302201555,0.5963720889,0.317539979,0,-1.226600524,4.398155878,-3.178979228
41.9,-64.98352346,0.05302255951,0.5963711189,0.3175406909,0,-1.226635492,4.398222394,-3.178957037
41.91,-64.98345003,0.05302310003,0.5963701471,0.3175414036,0,-1.226670223,4.398288757,-3.178935008
41.92,-64.98337713,0.05302363711,0.5963691734,0.317542117,0,-1.226704719,4.398354965,-3.178913138
41.93,-64.98330477,0.05302417076,0.5963681978,0.3175428312,0,-1.226738978,4.398421019,-3.17889143
41.94,-64.98323294,0.05302470098,0.5963672205,0.317543546,0,-1.226773003,4.398486917,-3.178869882
41.95,-64.98316165,0.05302522778,0.5963662413,0.3175442616,0,-1.226806792,4.39855266,-3.178848494
41.96,-64.98309089,0.05302575116,0.5963652604,0.3175449779,0,-1.226840346,4.398618246,-3.178827266
41.97,-64.98302066,0.05302627112,0.5963642777,0.3175456948,0,-1.226873666,4.398683675,-3.178806198
41.98,-64.98295096,0.05302678767,0.5963632933,0.3175464123,0,-1.226906752,4.398748946,-3.178785289
41.99,-64.9828818,0.05302730081,0.5963623072,0.3175471305,0,-1.226939604,4.398814059,-3.178764539
42,-64.98281316,0.05302781054,0.5963613195,0.3175478494,0,-1.226972222,4.398879013,-3.178743948
42.01,-64.98274505,0.05302831688,0.5963603301,0.3175485688,0,-1.227004607,4.398943808,-3.178723516
42.02,-64.98267747,0.05302881982,0.596359339,0.3175492888,0,-1.227036759,4.399008443,-3.178703242
42.03,-64.98261042,0.05302931936,0.5963583464,0.3175500094,0,-1.227068679,4.399072917,-3.178683127
42.04,-64.9825439,0.05302981552,0.5963573522,0.3175507305,0,-1.227100366,4.39913723,-3.178663169
42.05,-64.9824779,0.0530303083,0.5963563564,0.3175514522,0,-1.227131821,4.399201381,-3.178643369
42.06,-64.98241242,0.0530307977,0.5963553591,0.3175521744,0,-1.227163045,4.39926537,-3.178623726
42.07,-64.98234747,0.05303128372,0.5963543603,0.3175528971,0,-1.227194037,4.399329197,-3.17860424
42.08,-64.98228304,0.05303176637,0.59635336,0.3175536203,0,-1.227224798,4.39939286,-3.178584912
42.09,-64.98221913,0.05303224566,0.5963523583,0.317554344,0,-1.227255329,4.399456358,-3.178565739
42.1,-64.98215574,0.05303272158,0.5963513551,0.3175550682,0,-1.227285629,4.399519693,-3.178546723
42.11,-64.98209288,0.05303319415,0.5963503505,0.3175557927,0,-1.227315699,4.399582863,-3.178527863
42.12,-64.98203053,0.05303366336,0.5963493445,0.3175565178,0,-1.22734554,4.399645867,-3.178509159
42.13,-64.9819687,0.05303412923,0.5963483371,0.3175572432,0,-1.227375151,4.399708705,-3.17849061
42.14,-64.98190739,0.05303459176,0.5963473284,0.317557969,0,-1.227404534,4.399771376,-3.178472216
42.15,-64.98184659,0.05303505094,0.5963463183,0.3175586952,0,-1.227433688,4.399833881,-3.178453978
42.16,-64.98178631,0.0530355068,0.596345307,0.3175594218,0,-1.227462613,4.399896218,-3.178435894
42.17,-64.98172655,0.05303595932,0.5963442944,0.3175601488,0,-1.227491311,4.399958387,-3.178417964
42.18,-64.98166729,0.05303640852,0.5963432805,0.3175608761,0,-1.227519781,4.400020387,-3.178400188
42.19,-64.98160855,0.0530368544,0.5963422654,0.3175616037,0,-1.227548025,4.400082219,-3.178382566
42.2,-64.98155033,0.05303729697,0.5963412491,0.3175623316,0,-1.227576041,4.400143881,-3.178365098
42.21,-64.98149261,0.05303773623,0.5963402315,0.3175630598,0,-1.227603831,4.400205373,-3.178347783
42.22,-64.9814354,0.05303817219,0.5963392129,0.3175637883,0,-1.227631395,4.400266695,-3.17833062
42.23,-64.9813787,0.05303860484,0.5963381931,0.3175645171,0,-1.227658734,4.400327845,-3.178313611
42.24,-64.98132251,0.0530390342,0.5963371721,0.3175652461,0,-1.227685847,4.400388825,-3.178296753
42.25,-64.98126683,0.05303946028,0.5963361501,0.3175659753,0,-1.227712735,4.400449632,-3.178280048
42.26,-64.98121165,0.05303988307,0.596335127,0.3175667048,0,-1.227739399,4.400510267,-3.178263494
42.27,-64.98115697,0.05304030258,0.5963341028,0.3175674344,0,-1.227765839,4.40057073,-3.178247092
42.28,-64.9811028,0.05304071882,0.5963330776,0.3175681643,0,-1.227792055,4.400631019,-3.178230841
42.29,-64.98104914,0.05304113179,0.5963320514,0.3175688943,0,-1.227818047,4.400691135,-3.178214741
42.3,-64.98099597,0.0530415415,0.5963310241,0.3175696245,0,-1.227843817,4.400751077,-3.178198791
42.31,-64.9809433,0.05304194795,0.596329996,0.3175703549,0,-1.227869365,4.400810844,-3.178182991
42.32,-64.98089114,0.05304235116,0.5963289668,0.3175710854,0,-1.22789469,4.400870436,-3.178167342
42.33,-64.98083947,0.05304275111,0.5963279368,0.317571816,0,-1.227919793,4.400929853,-3.178151842
42.34,-64.9807883,0.05304314783,0.5963269059,0.3175725467,0,-1.227944676,4.400989095,-3.178136491
42.35,-64.98073763,0.05304354131,0.596325874,0.3175732775,0,-1.227969337,4.40104816,-3.178121289
42.36,-64.98068745,0.05304393156,0.5963248413,0.3175740084,0,-1.227993778,4.401107048,-3.178106236
42.37,-64.98063777,0.05304431858,0.5963238078,0.3175747393,0,-1.228017999,4.40116576,-3.178091331
42.38,-64.98058858,0.05304470239,0.5963227735,0.3175754703,0,-1.228042,4.401224295,-3.178076575
42.39,-64.98053988,0.05304508299,0.5963217383,0.3175762013,0,-1.228065782,4.401282651,-3.178061965
42.4,-64.98049168,0.05304546038,0.5963207024,0.3175769324,0,-1.228089345,4.40134083,-3.178047504
42.41,-64.98044396,0.05304583457,0.5963196657,0.3175776634,0,-1.22811269,4.40139883,-3.178033189
42.42,-64.98039674,0.05304620556,0.5963186283,0.3175783945,0,-1.228135816,4.401456651,-3.178019021
42.43,-64.98035,0.05304657336,0.5963175902,0.3175791255,0,-1.228158726,4.401514293,-3.178005
42.44,-64.98030375,0.05304693798,0.5963165514,0.3175798565,0,-1.228181418,4.401571756,-3.177991125
42.45,-64.98025798,0.05304729943,0.5963155119,0.3175805875,0,-1.228203893,4.401629038,-3.177977395
42.46,-64.9802127,0.0530476577,0.5963144718,0.3175813184,0,-1.228226153,4.401686141,-3.177963811
42.47,-64.98016791,0.0530480128,0.596313431,0.3175820492,0,-1.228248196,4.401743062,-3.177950372
42.48,-64.98012359,0.05304836475,0.5963123896,0.3175827799,0,-1.228270024,4.401799803,-3.177937078
42.49,-64.98007976,0.05304871354,0.5963113477,0.3175835106,0,-1.228291638,4.401856362,-3.177923928
42.5,-64.98003641,0.05304905919,0.5963103052,0.3175842411,0,-1.228313036,4.401912739,-3.177910923
42.51,-64.97999354,0.05304940169,0.5963092621,0.3175849715,0,-1.228334221,4.401968935,-3.177898061
42.52,-64.97995114,0.05304974106,0.5963082185,0.3175857017,0,-1.228355193,4.402024948,-3.177885342
42.53,-64.97990922,0.0530500773,0.5963071744,0.3175864318,0,-1.228375951,4.402080779,-3.177872767
42.54,-64.97986778,0.05305041042,0.5963061298,0.3175871617,0,-1.228396496,4.402136426,-3.177860335
42.55,-64.97982682,0.05305074042,0.5963050847,0.3175878915,0,-1.22841683,4.402191891,-3.177848045
42.56,-64.97978632,0.05305106731,0.5963040392,0.317588621,0,-1.228436951,4.402247171,-3.177835897
42.57,-64.9797463,0.0530513911,0.5963029933,0.3175893504,0,-1.228456862,4.402302268,-3.17782389
42.58,-64.97970675,0.05305171178,0.596301947,0.3175900795,0,-1.228476561,4.402357181,-3.177812026
42.59,-64.97966767,0.05305202938,0.5963009002,0.3175908084,0,-1.22849605,4.402411909,-3.177800302
42.6,-64.97962906,0.0530523439,0.5962998531,0.3175915371,0,-1.22851533,4.402466452,-3.177788719
42.61,-64.97959092,0.05305265533,0.5962988057,0.3175922655,0,-1.2285344,4.402520811,-3.177777276
42.62,-64.97955325,0.05305296369,0.5962977579,0.3175929936,0,-1.228553261,4.402574984,-3.177765974
42.63,-64.97951604,0.05305326899,0.5962967098,0.3175937215,0,-1.228571913,4.402628971,-3.177754811
42.64,-64.97947929,0.05305357123,0.5962956615,0.317594449,0,-1.228590358,4.402682772,-3.177743787
42.65,-64.97944301,0.05305387042,0.5962946128,0.3175951763,0,-1.228608595,4.402736388,-3.177732902
42.66,-64.97940719,0.05305416656,0.596293564,0.3175959032,0,-1.228626625,4.402789817,-3.177722156
42.67,-64.97937183,0.05305445966,0.5962925149,0.3175966298,0,-1.228644449,4.402843059,-3.177711548
42.68,-64.97933693,0.05305474973,0.5962914655,0.317597356,0,-1.228662066,4.402896114,-3.177701078
42.69,-64.97930249,0.05305503677,0.596290416,0.3175980819,0,-1.228679478,4.402948982,-3.177690746
42.7,-64.9792685,0.0530553208,0.5962893663,0.3175988075,0,-1.228696685,4.403001663,-3.177680551
42.71,-64.97923497,0.05305560181,0.5962883165,0.3175995326,0,-1.228713687,4.403054156,-3.177670492
42.72,-64.9792019,0.05305587982,0.5962872665,0.3176002573,0,-1.228730485,4.403106461,-3.177660571
42.73,-64.97916928,0.05305615483,0.5962862164,0.3176009817,0,-1.22874708,4.403158578,-3.177650785
42.74,-64.97913712,0.05305642685,0.5962851662,0.3176017056,0,-1.228763471,4.403210506,-3.177641135
42.75,-64.9791054,0.05305669588,0.5962841159,0.3176024291,0,-1.22877966,4.403262246,-3.17763162
42.76,-64.97907413,0.05305696193,0.5962830656,0.3176031522,0,-1.228795647,4.403313797,-3.17762224
42.77,-64.97904332,0.05305722502,0.5962820152,0.3176038748,0,-1.228811432,4.403365159,-3.177612995
42.78,-64.97901295,0.05305748514,0.5962809648,0.317604597,0,-1.228827016,4.403416332,-3.177603885
42.79,-64.97898303,0.0530577423,0.5962799144,0.3176053186,0,-1.2288424,4.403467316,-3.177594908
42.8,-64.97895355,0.05305799651,0.596278864,0.3176060398,0,-1.228857583,4.40351811,-3.177586065
42.81,-64.97892452,0.05305824778,0.5962778136,0.3176067605,0,-1.228872567,4.403568714,-3.177577355
42.82,-64.97889592,0.05305849612,0.5962767633,0.3176074807,0,-1.228887351,4.403619128,-3.177568777
42.83,-64.97886777,0.05305874152,0.596275713,0.3176082003,0,-1.228901938,4.403669352,-3.177560332
42.84,-64.97884007,0.05305898401,0.5962746629,0.3176089194,0,-1.228916326,4.403719385,-3.17755202
42.85,-64.9788128,0.05305922358,0.5962736128,0.317609638,0,-1.228930516,4.403769228,-3.177543839
42.86,-64.97878596,0.05305946024,0.5962725629,0.317610356,0,-1.22894451,4.40381888,-3.177535789
42.87,-64.97875957,0.053059694,0.5962715131,0.3176110735,0,-1.228958307,4.403868341,-3.17752787
42.88,-64.97873361,0.05305992487,0.5962704634,0.3176117903,0,-1.228971908,4.403917611,-3.177520082
42.89,-64.97870808,0.05306015285,0.596269414,0.3176125066,0,-1.228985314,4.40396669,-3.177512423
42.9,-64.97868298,0.05306037795,0.5962683647,0.3176132223,0,-1.228998525,4.404015578,-3.177504895
42.91,-64.97865832,0.05306060019,0.5962673156,0.3176139374,0,-1.229011541,4.404064274,-3.177497496
42.92,-64.97863409,0.05306081955,0.5962662668,0.3176146518,0,-1.229024364,4.404112778,-3.177490226
42.93,-64.97861028,0.05306103607,0.5962652182,0.3176153656,0,-1.229036993,4.40416109,-3.177483085
42.94,-64.97858691,0.05306124973,0.5962641698,0.3176160788,0,-1.229049429,4.404209211,-3.177476072
42.95,-64.97856396,0.05306146055,0.5962631218,0.3176167913,0,-1.229061673,4.404257139,-3.177469187
42.96,-64.97854143,0.05306166854,0.596262074,0.3176175031,0,-1.229073725,4.404304875,-3.17746243
42.97,-64.97851933,0.0530618737,0.5962610266,0.3176182143,0,-1.229085587,4.404352419,-3.1774558
42.98,-64.97849765,0.05306207604,0.5962599795,0.3176189248,0,-1.229097257,4.40439977,-3.177449296
42.99,-64.9784764,0.05306227557,0.5962589327,0.3176196346,0,-1.229108737,4.404446928,-3.177442919
43,-64.97845556,0.05306247229,0.5962578863,0.3176203436,0,-1.229120028,4.404493894,-3.177436668
43.01,-64.97843514,0.05306266622,0.5962568403,0.317621052,0,-1.22913113,4.404540667,-3.177430542
43.02,-64.97841514,0.05306285736,0.5962557946,0.3176217596,0,-1.229142043,4.404587247,-3.177424541
43.03,-64.97839555,0.05306304572,0.5962547494,0.3176224665,0,-1.229152768,4.404633633,-3.177418666
43.04,-64.97837638,0.0530632313,0.5962537047,0.3176231727,0,-1.229163306,4.404679827,-3.177412914
43.05,-64.97835762,0.05306341411,0.5962526603,0.317623878,0,-1.229173657,4.404725827,-3.177407287
43.06,-64.97833928,0.05306359417,0.5962516164,0.3176245826,0,-1.229183822,4.404771634,-3.177401784
43.07,-64.97832134,0.05306377148,0.5962505731,0.3176252865,0,-1.2291938,4.404817248,-3.177396403
43.08,-64.97830382,0.05306394604,0.5962495302,0.3176259895,0,-1.229203594,4.404862668,-3.177391146
43.09,-64.9782867,0.05306411786,0.5962484878,0.3176266917,0,-1.229213203,4.404907894,-3.177386011
43.1,-64.97826999,0.05306428696,0.5962474459,0.3176273931,0,-1.229222628,4.404952927,-3.177380998
43.11,-64.97825369,0.05306445334,0.5962464046,0.3176280937,0,-1.229231869,4.404997766,-3.177376106
43.12,-64.97823779,0.053064617,0.5962453639,0.3176287935,0,-1.229240927,4.405042411,-3.177371336
43.13,-64.97822229,0.05306477797,0.5962443237,0.3176294924,0,-1.229249803,4.405086862,-3.177366687
43.14,-64.97820719,0.05306493623,0.5962432841,0.3176301905,0,-1.229258497,4.40513112,-3.177362158
43.15,-64.9781925,0.0530650918,0.5962422452,0.3176308877,0,-1.229267009,4.405175183,-3.17735775
43.16,-64.9781782,0.05306524469,0.5962412068,0.3176315841,0,-1.229275341,4.405219052,-3.177353461
43.17,-64.9781643,0.05306539491,0.5962401691,0.3176322796,0,-1.229283493,4.405262727,-3.177349291
43.18,-64.9781508,0.05306554247,0.5962391321,0.3176329741,0,-1.229291465,4.405306208,-3.17734524
43.19,-64.97813769,0.05306568736,0.5962380957,0.3176336678,0,-1.229299258,4.405349495,-3.177341308
43.2,-64.97812498,0.05306582961,0.59623706,0.3176343606,0,-1.229306872,4.405392587,-3.177337494
43.21,-64.97811266,0.05306596921,0.596236025,0.3176350525,0,-1.229314308,4.405435485,-3.177333797
43.22,-64.97810073,0.05306610618,0.5962349907,0.3176357434,0,-1.229321567,4.405478189,-3.177330218
43.23,-64.97808919,0.05306624053,0.5962339572,0.3176364334,0,-1.22932865,4.405520699,-3.177326756
43.24,-64.97807803,0.05306637225,0.5962329244,0.3176371225,0,-1.229335556,4.405563014,-3.17732341
43.25,-64.97806727,0.05306650137,0.5962318923,0.3176378106,0,-1.229342286,4.405605135,-3.17732018
43.26,-64.97805688,0.05306662788,0.5962308611,0.3176384977,0,-1.229348841,4.405647061,-3.177317065
43.27,-64.97804689,0.0530667518,0.5962298306,0.3176391839,0,-1.229355222,4.405688793,-3.177314066
43.28,-64.97803727,0.05306687314,0.596228801,0.317639869,0,-1.229361429,4.405730331,-3.177311182
43.29,-64.97802804,0.05306699189,0.5962277721,0.3176405532,0,-1.229367462,4.405771674,-3.177308413
43.3,-64.97801919,0.05306710808,0.5962267441,0.3176412364,0,-1.229373323,4.405812823,-3.177305757
43.31,-64.97801072,0.05306722171,0.596225717,0.3176419186,0,-1.229379011,4.405853777,-3.177303215
43.32,-64.97800262,0.05306733278,0.5962246907,0.3176425998,0,-1.229384528,4.405894537,-3.177300786
43.33,-64.9779949,0.0530674413,0.5962236653,0.3176432799,0,-1.229389873,4.405935103,-3.17729847
43.34,-64.97798756,0.05306754729,0.5962226408,0.317643959,0,-1.229395049,4.405975474,-3.177296267
43.35,-64.97798058,0.05306765075,0.5962216172,0.3176446371,0,-1.229400054,4.406015651,-3.177294175
43.36,-64.97797398,0.05306775169,0.5962205945,0.3176453141,0,-1.22940489,4.406055633,-3.177292195
43.37,-64.97796775,0.05306785012,0.5962195727,0.3176459901,0,-1.229409557,4.406095421,-3.177290326
43.38,-64.97796189,0.05306794604,0.596218552,0.317646665,0,-1.229414056,4.406135015,-3.177288568
43.39,-64.9779564,0.05306803947,0.5962175321,0.3176473388,0,-1.229418388,4.406174415,-3.17728692
43.4,-64.97795128,0.05306813041,0.5962165133,0.3176480115,0,-1.229422552,4.40621362,-3.177285383
43.41,-64.97794651,0.05306821887,0.5962154954,0.3176486832,0,-1.22942655,4.406252632,-3.177283954
43.42,-64.97794212,0.05306830485,0.5962144786,0.3176493537,0,-1.229430383,4.406291449,-3.177282635
43.43,-64.97793808,0.05306838838,0.5962134627,0.3176500231,0,-1.22943405,4.406330072,-3.177281425
43.44,-64.97793441,0.05306846945,0.596212448,0.3176506915,0,-1.229437552,4.406368501,-3.177280323
43.45,-64.97793109,0.05306854807,0.5962114342,0.3176513586,0,-1.229440891,4.406406736,-3.177279328
43.46,-64.97792814,0.05306862425,0.5962104215,0.3176520247,0,-1.229444066,4.406444777,-3.177278442
43.47,-64.97792554,0.05306869801,0.5962094099,0.3176526896,0,-1.229447078,4.406482624,-3.177277662
43.48,-64.9779233,0.05306876934,0.5962083994,0.3176533534,0,-1.229449928,4.406520277,-3.177276989
43.49,-64.97792141,0.05306883826,0.59620739,0.317654016,0,-1.229452616,4.406557737,-3.177276422
43.5,-64.97791987,0.05306890478,0.5962063817,0.3176546774,0,-1.229455144,4.406595003,-3.177275961
43.51,-64.97791868,0.0530689689,0.5962053745,0.3176553377,0,-1.22945751,4.406632075,-3.177275605
43.52,-64.97791785,0.05306903063,0.5962043684,0.3176559968,0,-1.229459717,4.406668954,-3.177275354
43.53,-64.97791736,0.05306908998,0.5962033636,0.3176566547,0,-1.229461765,4.406705639,-3.177275208
43.54,-64.97791722,0.05306914696,0.5962023598,0.3176573114,0,-1.229463654,4.406742131,-3.177275166
43.55,-64.97791743,0.05306920157,0.5962013573,0.3176579669,0,-1.229465384,4.40677843,-3.177275228
43.56,-64.97791798,0.05306925384,0.596200356,0.3176586211,0,-1.229466958,4.406814535,-3.177275393
43.57,-64.97791887,0.05306930375,0.5961993558,0.3176592742,0,-1.229468374,4.406850448,-3.177275661
43.58,-64.9779201,0.05306935133,0.5961983569,0.3176599261,0,-1.229469634,4.406886167,-3.177276031
43.59,-64.97792168,0.05306939658,0.5961973592,0.3176605767,0,-1.229470738,4.406921694,-3.177276504
43.6,-64.97792359,0.05306943951,0.5961963627,0.3176612261,0,-1.229471688,4.406957027,-3.177277078
43.61,-64.97792584,0.05306948013,0.5961953675,0.3176618742,0,-1.229472483,4.406992169,-3.177277753
43.62,-64.97792843,0.05306951844,0.5961943736,0.317662521,0,-1.229473123,4.407027117,-3.177278529
43.63,-64.97793135,0.05306955446,0.596193381,0.3176631667,0,-1.229473611,4.407061873,-3.177279406
43.64,-64.97793461,0.05306958819,0.5961923896,0.317663811,0,-1.229473946,4.407096437,-3.177280382
43.65,-64.97793819,0.05306961965,0.5961913996,0.3176644541,0,-1.229474129,4.407130808,-3.177281458
43.66,-64.97794211,0.05306964883,0.5961904108,0.3176650958,0,-1.22947416,4.407164987,-3.177282634
43.67,-64.97794636,0.05306967576,0.5961894234,0.3176657363,0,-1.22947404,4.407198975,-3.177283907
43.68,-64.97795093,0.05306970043,0.5961884374,0.3176663755,0,-1.229473771,4.40723277,-3.17728528
43.69,-64.97795583,0.05306972286,0.5961874526,0.3176670134,0,-1.229473351,4.407266374,-3.17728675
43.7,-64.97796106,0.05306974305,0.5961864693,0.31766765,0,-1.229472782,4.407299786,-3.177288317
43.71,-64.97796661,0.05306976102,0.5961854873,0.3176682853,0,-1.229472065,4.407333007,-3.177289982
43.72,-64.97797248,0.05306977676,0.5961845067,0.3176689192,0,-1.2294712,4.407366036,-3.177291743
43.73,-64.97797867,0.0530697903,0.5961835275,0.3176695518,0,-1.229470188,4.407398874,-3.1772936
43.74,-64.97798518,0.05306980164,0.5961825498,0.3176701831,0,-1.229469029,4.407431521,-3.177295553
43.75,-64.97799201,0.05306981079,0.5961815734,0.3176708131,0,-1.229467725,4.407463978,-3.177297602
43.76,-64.97799915,0.05306981775,0.5961805985,0.3176714416,0,-1.229466274,4.407496243,-3.177299745
43.77,-64.97800661,0.05306982253,0.596179625,0.3176720689,0,-1.229464679,4.407528318,-3.177301983
43.78,-64.97801438,0.05306982515,0.596178653,0.3176726947,0,-1.22946294,4.407560203,-3.177304315
43.79,-64.97802247,0.05306982562,0.5961776824,0.3176733192,0,-1.229461057,4.407591897,-3.17730674
43.8,-64.97803086,0.05306982393,0.5961767133,0.3176739424,0,-1.229459031,4.407623401,-3.177309259
43.81,-64.97803957,0.0530698201,0.5961757457,0.3176745641,0,-1.229456863,4.407654716,-3.177311871
43.82,-64.97804858,0.05306981414,0.5961747796,0.3176751845,0,-1.229454552,4.40768584,-3.177314575
43.83,-64.9780579,0.05306980606,0.5961738151,0.3176758034,0,-1.229452101,4.407716775,-3.177317371
43.84,-64.97806753,0.05306979586,0.596172852,0.317676421,0,-1.229449509,4.407747521,-3.177320259
43.85,-64.97807746,0.05306978356,0.5961718905,0.3176770371,0,-1.229446778,4.407778077,-3.177323237
43.86,-64.97808769,0.05306976916,0.5961709305,0.3176776519,0,-1.229443906,4.407808445,-3.177326307
43.87,-64.97809822,0.05306975267,0.5961699721,0.3176782652,0,-1.229440897,4.407838623,-3.177329467
43.88,-64.97810905,0.0530697341,0.5961690152,0.3176788771,0,-1.229437749,4.407868613,-3.177332716
43.89,-64.97812018,0.05306971346,0.5961680599,0.3176794876,0,-1.229434463,4.407898414,-3.177336055
43.9,-64.97813161,0.05306969076,0.5961671062,0.3176800967,0,-1.229431041,4.407928027,-3.177339483
43.91,-64.97814333,0.053069666,0.5961661541,0.3176807043,0,-1.229427482,4.407957452,-3.177343
43.92,-64.97815535,0.0530696392,0.5961652036,0.3176813104,0,-1.229423788,4.407986689,-3.177346605
43.93,-64.97816766,0.05306961037,0.5961642547,0.3176819151,0,-1.229419958,4.408015739,-3.177350298
43.94,-64.97818026,0.0530695795,0.5961633074,0.3176825184,0,-1.229415995,4.408044601,-3.177354078
43.95,-64.97819315,0.05306954662,0.5961623618,0.3176831202,0,-1.229411897,4.408073275,-3.177357945
43.96,-64.97820633,0.05306951172,0.5961614178,0.3176837205,0,-1.229407666,4.408101763,-3.177361898
43.97,-64.97821979,0.05306947482,0.5961604754,0.3176843194,0,-1.229403303,4.408130064,-3.177365938
43.98,-64.97823354,0.05306943594,0.5961595348,0.3176849167,0,-1.229398807,4.408158178,-3.177370063
43.99,-64.97824758,0.05306939506,0.5961585958,0.3176855126,0,-1.22939418,4.408186106,-3.177374274
44,-64.9782619,0.05306935221,0.5961576585,0.317686107,0,-1.229389422,4.408213847,-3.177378569
44.01,-64.9782765,0.0530693074,0.5961567229,0.3176866999,0,-1.229384535,4.408241403,-3.177382949
44.02,-64.97829137,0.05306926063,0.596155789,0.3176872913,0,-1.229379517,4.408268772,-3.177387412
44.03,-64.97830653,0.0530692119,0.5961548568,0.3176878812,0,-1.229374371,4.408295956,-3.17739196
44.04,-64.97832197,0.05306916124,0.5961539263,0.3176884696,0,-1.229369096,4.408322955,-3.17739659
44.05,-64.97833768,0.05306910864,0.5961529975,0.3176890565,0,-1.229363694,4.408349769,-3.177401303
44.06,-64.97835366,0.05306905413,0.5961520705,0.3176896419,0,-1.229358164,4.408376398,-3.177406098
44.07,-64.97836992,0.05306899769,0.5961511453,0.3176902257,0,-1.229352508,4.408402843,-3.177410976
44.08,-64.97838645,0.05306893936,0.5961502218,0.317690808,0,-1.229346727,4.408429103,-3.177415934
44.09,-64.97840325,0.05306887912,0.5961493001,0.3176913888,0,-1.229340819,4.408455179,-3.177420974
44.1,-64.97842032,0.053068817,0.5961483801,0.317691968,0,-1.229334788,4.408481071,-3.177426095
44.11,-64.97843765,0.053068753,0.596147462,0.3176925457,0,-1.229328632,4.408506779,-3.177431295
44.12,-64.97845525,0.05306868713,0.5961465456,0.3176931219,0,-1.229322353,4.408532304,-3.177436576
44.13,-64.97847312,0.05306861939,0.5961456311,0.3176936965,0,-1.229315951,4.408557646,-3.177441935
44.14,-64.97849125,0.0530685498,0.5961447183,0.3176942695,0,-1.229309426,4.408582806,-3.177447374
44.15,-64.97850964,0.05306847837,0.5961438074,0.317694841,0,-1.229302781,4.408607782,-3.177452891
44.16,-64.97852829,0.0530684051,0.5961428983,0.3176954109,0,-1.229296014,4.408632576,-3.177458487
44.17,-64.9785472,0.05306833001,0.596141991,0.3176959792,0,-1.229289126,4.408657189,-3.17746416
44.18,-64.97856637,0.0530682531,0.5961410856,0.317696546,0,-1.22928212,4.408681619,-3.17746991
44.19,-64.97858579,0.05306817437,0.5961401821,0.3176971112,0,-1.229274993,4.408705868,-3.177475737
44.2,-64.97860547,0.05306809385,0.5961392804,0.3176976748,0,-1.229267749,4.408729935,-3.17748164
44.21,-64.9786254,0.05306801154,0.5961383806,0.3176982368,0,-1.229260386,4.408753822,-3.17748762
44.22,-64.97864558,0.05306792744,0.5961374826,0.3176987972,0,-1.229252906,4.408777528,-3.177493675
44.23,-64.97866602,0.05306784157,0.5961365866,0.317699356,0,-1.22924531,4.408801053,-3.177499806
44.24,-64.9786867,0.05306775393,0.5961356924,0.3176999132,0,-1.229237597,4.408824399,-3.177506011
44.25,-64.97870763,0.05306766453,0.5961348002,0.3177004688,0,-1.229229769,4.408847564,-3.17751229
44.26,-64.97872881,0.05306757339,0.5961339098,0.3177010229,0,-1.229221826,4.40887055,-3.177518644
44.27,-64.97875024,0.05306748051,0.5961330214,0.3177015753,0,-1.229213769,4.408893356,-3.177525071
44.28,-64.9787719,0.05306738589,0.5961321349,0.317702126,0,-1.229205598,4.408915984,-3.177531571
44.29,-64.97879381,0.05306728956,0.5961312504,0.3177026752,0,-1.229197314,4.408938432,-3.177538143
44.3,-64.97881596,0.05306719151,0.5961303678,0.3177032227,0,-1.229188917,4.408960703,-3.177544788
44.31,-64.97883835,0.05306709175,0.5961294871,0.3177037687,0,-1.229180409,4.408982795,-3.177551505
44.32,-64.97886098,0.0530669903,0.5961286084,0.3177043129,0,-1.229171789,4.409004709,-3.177558293
44.33,-64.97888384,0.05306688716,0.5961277317,0.3177048556,0,-1.229163059,4.409026446,-3.177565153
44.34,-64.97890694,0.05306678235,0.5961268569,0.3177053966,0,-1.229154219,4.409048005,-3.177572083
44.35,-64.97893028,0.05306667586,0.5961259841,0.317705936,0,-1.22914527,4.409069388,-3.177579083
44.36,-64.97895384,0.05306656772,0.5961251134,0.3177064737,0,-1.229136211,4.409090593,-3.177586153
44.37,-64.97897764,0.05306645792,0.5961242446,0.3177070097,0,-1.229127045,4.409111623,-3.177593292
44.38,-64.97900167,0.05306634647,0.5961233778,0.3177075442,0,-1.229117771,4.409132477,-3.1776005
44.39,-64.97902592,0.05306623339,0.596122513,0.3177080769,0,-1.22910839,4.409153154,-3.177607777
44.4,-64.97905041,0.05306611869,0.5961216502,0.317708608,0,-1.229098902,4.409173657,-3.177615122
44.41,-64.97907512,0.05306600237,0.5961207895,0.3177091375,0,-1.229089309,4.409193984,-3.177622535
44.42,-64.97910005,0.05306588444,0.5961199307,0.3177096652,0,-1.229079611,4.409214137,-3.177630015
44.43,-64.97912521,0.05306576491,0.5961190741,0.3177101913,0,-1.229069808,4.409234115,-3.177637562
44.44,-64.97915058,0.05306564378,0.5961182194,0.3177107158,0,-1.229059901,4.409253919,-3.177645175
44.45,-64.97917618,0.05306552108,0.5961173668,0.3177112385,0,-1.229049891,4.409273549,-3.177652855
44.46,-64.979202,0.0530653968,0.5961165163,0.3177117596,0,-1.229039778,4.409293006,-3.1776606
44.47,-64.97922803,0.05306527095,0.5961156678,0.317712279,0,-1.229029563,4.40931229,-3.17766841
44.48,-64.97925429,0.05306514355,0.5961148214,0.3177127967,0,-1.229019246,4.4093314,-3.177676286
44.49,-64.97928075,0.05306501459,0.5961139771,0.3177133127,0,-1.229008828,4.409350339,-3.177684225
44.5,-64.97930743,0.0530648841,0.5961131349,0.3177138271,0,-1.22899831,4.409369105,-3.177692229
44.51,-64.97933432,0.05306475208,0.5961122947,0.3177143397,0,-1.228987693,4.409387699,-3.177700297
44.52,-64.97936142,0.05306461854,0.5961114567,0.3177148507,0,-1.228976976,4.409406122,-3.177708427
44.53,-64.97938874,0.05306448348,0.5961106207,0.3177153599,0,-1.228966161,4.409424374,-3.177716621
44.54,-64.97941626,0.05306434691,0.5961097869,0.3177158675,0,-1.228955247,4.409442455,-3.177724877
44.55,-64.97944398,0.05306420885,0.5961089551,0.3177163733,0,-1.228944237,4.409460366,-3.177733195
44.56,-64.97947191,0.05306406931,0.5961081255,0.3177168774,0,-1.228933129,4.409478106,-3.177741574
44.57,-64.97950005,0.05306392828,0.596107298,0.3177173798,0,-1.228921926,4.409495677,-3.177750015
44.58,-64.97952839,0.05306378578,0.5961064727,0.3177178806,0,-1.228910627,4.409513078,-3.177758517
44.59,-64.97955693,0.05306364182,0.5961056495,0.3177183796,0,-1.228899232,4.409530311,-3.177767078
44.6,-64.97958567,0.0530634964,0.5961048284,0.3177188768,0,-1.228887744,4.409547374,-3.1777757
44.61,-64.97961461,0.05306334954,0.5961040095,0.3177193724,0,-1.228876162,4.409564269,-3.177784382
44.62,-64.97964374,0.05306320125,0.5961031927,0.3177198662,0,-1.228864487,4.409580997,-3.177793123
44.63,-64.97967307,0.05306305152,0.5961023781,0.3177203583,0,-1.228852719,4.409597556,-3.177801922
44.64,-64.9797026,0.05306290038,0.5961015656,0.3177208487,0,-1.228840859,4.409613949,-3.17781078
44.65,-64.97973232,0.05306274783,0.5961007554,0.3177213374,0,-1.228828907,4.409630174,-3.177819696
44.66,-64.97976223,0.05306259387,0.5960999472,0.3177218243,0,-1.228816865,4.409646233,-3.177828669
44.67,-64.97979233,0.05306243852,0.5960991413,0.3177223095,0,-1.228804733,4.409662126,-3.1778377
44.68,-64.97982262,0.05306228179,0.5960983376,0.3177227929,0,-1.228792511,4.409677853,-3.177846787
44.69,-64.9798531,0.05306212367,0.596097536,0.3177232747,0,-1.2287802,4.409693414,-3.177855931
44.7,-64.97988377,0.05306196419,0.5960967367,0.3177237546,0,-1.2287678,4.409708811,-3.177865131
44.71,-64.97991462,0.05306180335,0.5960959396,0.3177242329,0,-1.228755313,4.409724042,-3.177874386
44.72,-64.97994566,0.05306164116,0.5960951446,0.3177247094,0,-1.228742739,4.40973911,-3.177883697
44.73,-64.97997687,0.05306147763,0.5960943519,0.3177251841,0,-1.228730077,4.409754013,-3.177893062
44.74,-64.98000827,0.05306131276,0.5960935614,0.3177256571,0,-1.22871733,4.409768753,-3.177902482
44.75,-64.98003985,0.05306114656,0.5960927731,0.3177261284,0,-1.228704497,4.40978333,-3.177911956
44.76,-64.98007161,0.05306097905,0.596091987,0.3177265979,0,-1.228691579,4.409797743,-3.177921483
44.77,-64.98010355,0.05306081023,0.5960912032,0.3177270656,0,-1.228678577,4.409811995,-3.177931064
44.78,-64.98013566,0.05306064011,0.5960904216,0.3177275316,0,-1.228665492,4.409826084,-3.177940697
44.79,-64.98016794,0.0530604687,0.5960896422,0.3177279958,0,-1.228652323,4.409840012,-3.177950383
44.8,-64.9802004,0.053060296,0.5960888651,0.3177284583,0,-1.228639071,4.409853778,-3.177960121
44.81,-64.98023303,0.05306012203,0.5960880903,0.317728919,0,-1.228625737,4.409867384,-3.17796991
44.82,-64.98026584,0.05305994679,0.5960873177,0.3177293779,0,-1.228612322,4.409880829,-3.177979751
44.83,-64.98029881,0.05305977029,0.5960865473,0.3177298351,0,-1.228598826,4.409894113,-3.177989643
44.84,-64.98033195,0.05305959255,0.5960857792,0.3177302906,0,-1.22858525,4.409907239,-3.177999585
44.85,-64.98036526,0.05305941356,0.5960850134,0.3177307442,0,-1.228571594,4.409920204,-3.178009577
44.86,-64.98039873,0.05305923333,0.5960842498,0.3177311961,0,-1.228557859,4.409933011,-3.178019619
44.87,-64.98043237,0.05305905189,0.5960834886,0.3177316462,0,-1.228544046,4.409945659,-3.17802971
44.88,-64.98046617,0.05305886922,0.5960827296,0.3177320946,0,-1.228530154,4.40995815,-3.17803985
44.89,-64.98050013,0.05305868535,0.5960819728,0.3177325412,0,-1.228516185,4.409970482,-3.178050039
44.9,-64.98053425,0.05305850028,0.5960812184,0.317732986,0,-1.22850214,4.409982657,-3.178060276
44.91,-64.98056853,0.05305831401,0.5960804663,0.317733429,0,-1.228488018,4.409994675,-3.17807056
44.92,-64.98060297,0.05305812657,0.5960797164,0.3177338702,0,-1.22847382,4.410006537,-3.178080892
44.93,-64.98063757,0.05305793794,0.5960789689,0.3177343097,0,-1.228459548,4.410018242,-3.178091271
44.94,-64.98067232,0.05305774815,0.5960782236,0.3177347474,0,-1.2284452,4.410029792,-3.178101696
44.95,-64.98070723,0.0530575572,0.5960774807,0.3177351833,0,-1.228430779,4.410041186,-3.178112168
44.96,-64.98074229,0.05305736511,0.5960767401,0.3177356175,0,-1.228416285,4.410052426,-3.178122686
44.97,-64.9807775,0.05305717187,0.5960760017,0.3177360498,0,-1.228401717,4.41006351,-3.178133249
44.98,-64.98081286,0.05305697749,0.5960752657,0.3177364804,0,-1.228387078,4.410074441,-3.178143857
44.99,-64.98084837,0.05305678199,0.596074532,0.3177369092,0,-1.228372366,4.410085218,-3.17815451
45,-64.98088402,0.05305658537,0.5960738007,0.3177373362,0,-1.228357584,4.410095842,-3.178165207
45.01,-64.98091983,0.05305638765,0.5960730716,0.3177377615,0,-1.228342731,4.410106313,-3.178175948
45.02,-64.98095577,0.05305618882,0.5960723449,0.3177381849,0,-1.228327808,4.410116632,-3.178186732
45.03,-64.98099187,0.0530559889,0.5960716206,0.3177386066,0,-1.228312815,4.410126798,-3.17819756
45.04,-64.9810281,0.05305578789,0.5960708985,0.3177390264,0,-1.228297754,4.410136813,-3.178208431
45.05,-64.98106448,0.05305558581,0.5960701788,0.3177394445,0,-1.228282624,4.410146677,-3.178219344
45.06,-64.981101,0.05305538266,0.5960694615,0.3177398608,0,-1.228267427,4.41015639,-3.178230299
45.07,-64.98113765,0.05305517845,0.5960687465,0.3177402753,0,-1.228252162,4.410165953,-3.178241296
45.08,-64.98117445,0.05305497318,0.5960680338,0.317740688,0,-1.228236831,4.410175365,-3.178252334
45.09,-64.98121138,0.05305476688,0.5960673235,0.317741099,0,-1.228221434,4.410184629,-3.178263413
45.1,-64.98124844,0.05305455953,0.5960666155,0.3177415081,0,-1.228205971,4.410193743,-3.178274532
45.11,-64.98128564,0.05305435116,0.5960659099,0.3177419154,0,-1.228190443,4.410202708,-3.178285692
45.12,-64.98132297,0.05305414177,0.5960652067,0.317742321,0,-1.228174851,4.410211525,-3.178296892
45.13,-64.98136044,0.05305393137,0.5960645058,0.3177427248,0,-1.228159195,4.410220195,-3.178308131
45.14,-64.98139803,0.05305371996,0.5960638073,0.3177431267,0,-1.228143475,4.410228717,-3.178319409
45.15,-64.98143575,0.05305350756,0.5960631111,0.3177435269,0,-1.228127693,4.410237092,-3.178330726
45.16,-64.9814736,0.05305329417,0.5960624173,0.3177439253,0,-1.228111849,4.410245321,-3.178342081
45.17,-64.98151158,0.05305307979,0.5960617259,0.3177443219,0,-1.228095943,4.410253403,-3.178353474
45.18,-64.98154968,0.05305286445,0.5960610369,0.3177447167,0,-1.228079976,4.41026134,-3.178364905
45.19,-64.98158791,0.05305264815,0.5960603502,0.3177451097,0,-1.228063948,4.410269132,-3.178376372
45.2,-64.98162626,0.05305243088,0.5960596659,0.3177455009,0,-1.22804786,4.410276779,-3.178387877
45.21,-64.98166473,0.05305221267,0.596058984,0.3177458903,0,-1.228031713,4.410284282,-3.178399419
45.22,-64.98170332,0.05305199352,0.5960583045,0.3177462779,0,-1.228015507,4.410291641,-3.178410996
45.23,-64.98174203,0.05305177344,0.5960576274,0.3177466637,0,-1.227999242,4.410298856,-3.178422609
45.24,-64.98178086,0.05305155243,0.5960569526,0.3177470478,0,-1.22798292,4.410305929,-3.178434258
45.25,-64.98181981,0.05305133051,0.5960562803,0.31774743,0,-1.22796654,4.410312858,-3.178445942
45.26,-64.98185887,0.05305110768,0.5960556103,0.3177478105,0,-1.227950103,4.410319646,-3.17845766
45.27,-64.98189804,0.05305088394,0.5960549427,0.3177481891,0,-1.227933611,4.410326292,-3.178469413
45.28,-64.98193733,0.05305065932,0.5960542775,0.317748566,0,-1.227917062,4.410332797,-3.1784812
45.29,-64.98197673,0.05305043381,0.5960536148,0.317748941,0,-1.227900458,4.410339161,-3.17849302
45.3,-64.98201625,0.05305020742,0.5960529544,0.3177493143,0,-1.2278838,4.410345384,-3.178504874
45.31,-64.98205587,0.05304998016,0.5960522964,0.3177496858,0,-1.227867088,4.410351468,-3.17851676
45.32,-64.9820956,0.05304975204,0.5960516408,0.3177500554,0,-1.227850322,4.410357412,-3.178528679
45.33,-64.98213543,0.05304952307,0.5960509876,0.3177504233,0,-1.227833503,4.410363217,-3.17854063
45.34,-64.98217538,0.05304929325,0.5960503369,0.3177507894,0,-1.227816631,4.410368884,-3.178552614
45.35,-64.98221543,0.05304906259,0.5960496885,0.3177511537,0,-1.227799708,4.410374413,-3.178564628
45.36,-64.98225558,0.0530488311,0.5960490425,0.3177515162,0,-1.227782733,4.410379804,-3.178576674
45.37,-64.98229583,0.05304859879,0.596048399,0.3177518769,0,-1.227765707,4.410385057,-3.17858875
45.38,-64.98233619,0.05304836567,0.5960477578,0.3177522359,0,-1.227748631,4.410390174,-3.178600857
45.39,-64.98237665,0.05304813173,0.5960471191,0.317752593,0,-1.227731505,4.410395155,-3.178612994
45.4,-64.9824172,0.053047897,0.5960464828,0.3177529483,0,-1.22771433,4.4104,-3.178625161
45.41,-64.98245786,0.05304766147,0.5960458489,0.3177533019,0,-1.227697105,4.410404709,-3.178637357
45.42,-64.98249861,0.05304742516,0.5960452174,0.3177536537,0,-1.227679833,4.410409283,-3.178649583
45.43,-64.98253945,0.05304718807,0.5960445884,0.3177540036,0,-1.227662512,4.410413723,-3.178661836
45.44,-64.9825804,0.05304695021,0.5960439617,0.3177543518,0,-1.227645145,4.410418029,-3.178674119
45.45,-64.98262143,0.05304671159,0.5960433375,0.3177546982,0,-1.22762773,4.410422202,-3.178686429
45.46,-64.98266256,0.05304647222,0.5960427157,0.3177550428,0,-1.22761027,4.410426241,-3.178698767
45.47,-64.98270377,0.0530462321,0.5960420963,0.3177553856,0,-1.227592763,4.410430147,-3.178711132
45.48,-64.98274508,0.05304599124,0.5960414793,0.3177557267,0,-1.227575212,4.410433922,-3.178723524
45.49,-64.98278648,0.05304574964,0.5960408648,0.3177560659,0,-1.227557616,4.410437564,-3.178735943
45.5,-64.98282796,0.05304550733,0.5960402527,0.3177564034,0,-1.227539975,4.410441076,-3.178748388
45.51,-64.98286953,0.05304526429,0.596039643,0.3177567391,0,-1.227522291,4.410444456,-3.178760859
45.52,-64.98291119,0.05304502055,0.5960390357,0.317757073,0,-1.227504564,4.410447706,-3.178773356
45.53,-64.98295293,0.0530447761,0.5960384308,0.3177574051,0,-1.227486794,4.410450827,-3.178785878
45.54,-64.98299475,0.05304453097,0.5960378284,0.3177577355,0,-1.227468982,4.410453817,-3.178798425
45.55,-64.98303665,0.05304428514,0.5960372284,0.317758064,0,-1.227451128,4.410456679,-3.178810996
45.56,-64.98307864,0.05304403863,0.5960366309,0.3177583908,0,-1.227433233,4.410459413,-3.178823592
45.57,-64.98312071,0.05304379145,0.5960360357,0.3177587158,0,-1.227415298,4.410462018,-3.178836212
45.58,-64.98316285,0.05304354361,0.596035443,0.3177590391,0,-1.227397322,4.410464496,-3.178848855
45.59,-64.98320507,0.05304329511,0.5960348527,0.3177593605,0,-1.227379307,4.410466847,-3.178861521
45.6,-64.98324737,0.05304304596,0.5960342649,0.3177596802,0,-1.227361253,4.410469071,-3.178874211
45.61,-64.98328974,0.05304279616,0.5960336795,0.3177599981,0,-1.22734316,4.410471168,-3.178886923
45.62,-64.98333219,0.05304254573,0.5960330965,0.3177603142,0,-1.227325028,4.410473141,-3.178899657
45.63,-64.98337471,0.05304229468,0.5960325159,0.3177606286,0,-1.227306859,4.410474987,-3.178912414
45.64,-64.9834173,0.053042043,0.5960319377,0.3177609412,0,-1.227288653,4.41047671,-3.178925191
45.65,-64.98345997,0.0530417907,0.596031362,0.317761252,0,-1.227270411,4.410478307,-3.178937991
45.66,-64.9835027,0.0530415378,0.5960307888,0.3177615611,0,-1.227252132,4.410479781,-3.178950811
45.67,-64.98354551,0.0530412843,0.5960302179,0.3177618684,0,-1.227233817,4.410481132,-3.178963652
45.68,-64.98358838,0.05304103021,0.5960296495,0.3177621739,0,-1.227215468,4.41048236,-3.178976513
45.69,-64.98363131,0.05304077554,0.5960290835,0.3177624777,0,-1.227197083,4.410483465,-3.178989394
45.7,-64.98367431,0.05304052028,0.5960285199,0.3177627797,0,-1.227178664,4.410484448,-3.179002294
45.71,-64.98371738,0.05304026446,0.5960279588,0.3177630799,0,-1.227160212,4.41048531,-3.179015215
45.72,-64.98376051,0.05304000807,0.5960274001,0.3177633784,0,-1.227141726,4.410486051,-3.179028154
45.73,-64.9838037,0.05303975112,0.5960268438,0.3177636751,0,-1.227123208,4.410486672,-3.179041111
45.74,-64.98384696,0.05303949362,0.59602629,0.3177639701,0,-1.227104657,4.410487172,-3.179054088
45.75,-64.98389027,0.05303923559,0.5960257385,0.3177642633,0,-1.227086075,4.410487553,-3.179067082
45.76,-64.98393365,0.05303897701,0.5960251896,0.3177645548,0,-1.227067461,4.410487814,-3.179080094
45.77,-64.98397708,0.05303871791,0.596024643,0.3177648445,0,-1.227048816,4.410487957,-3.179093123
45.78,-64.98402057,0.05303845829,0.5960240988,0.3177651325,0,-1.227030141,4.410487982,-3.17910617
45.79,-64.98406411,0.05303819815,0.5960235571,0.3177654187,0,-1.227011436,4.410487889,-3.179119233
45.8,-64.98410771,0.05303793751,0.5960230178,0.3177657031,0,-1.226992701,4.410487679,-3.179132313
45.81,-64.98415136,0.05303767636,0.596022481,0.3177659859,0,-1.226973938,4.410487352,-3.179145409
45.82,-64.98419507,0.05303741472,0.5960219465,0.3177662668,0,-1.226955146,4.410486909,-3.179158521
45.83,-64.98423883,0.0530371526,0.5960214145,0.3177665461,0,-1.226936326,4.41048635,-3.179171649
45.84,-64.98428264,0.05303688999,0.5960208849,0.3177668236,0,-1.226917478,4.410485675,-3.179184791
45.85,-64.9843265,0.05303662691,0.5960203578,0.3177670993,0,-1.226898603,4.410484886,-3.179197949
45.86,-64.9843704,0.05303636337,0.596019833,0.3177673733,0,-1.226879702,4.410483983,-3.179211121
45.87,-64.98441436,0.05303609937,0.5960193107,0.3177676456,0,-1.226860775,4.410482965,-3.179224308
45.88,-64.98445836,0.05303583491,0.5960187908,0.3177679162,0,-1.226841821,4.410481835,-3.179237508
45.89,-64.98450241,0.05303557001,0.5960182733,0.317768185,0,-1.226822843,4.410480591,-3.179250723
45.9,-64.9845465,0.05303530467,0.5960177582,0.3177684521,0,-1.22680384,4.410479235,-3.17926395
45.91,-64.98459064,0.0530350389,0.5960172455,0.3177687175,0,-1.226784812,4.410477767,-3.179277191
45.92,-64.98463482,0.0530347727,0.5960167353,0.3177689811,0,-1.226765761,4.410476187,-3.179290445
45.93,-64.98467904,0.05303450609,0.5960162274,0.317769243,0,-1.226746686,4.410474496,-3.179303711
45.94,-64.9847233,0.05303423906,0.596015722,0.3177695032,0,-1.226727588,4.410472695,-3.179316989
45.95,-64.9847676,0.05303397163,0.596015219,0.3177697617,0,-1.226708468,4.410470784,-3.17933028
45.96,-64.98481194,0.0530337038,0.5960147184,0.3177700185,0,-1.226689325,4.410468763,-3.179343581
45.97,-64.98485632,0.05303343557,0.5960142202,0.3177702735,0,-1.226670161,4.410466633,-3.179356895
45.98,-64.98490073,0.05303316697,0.5960137245,0.3177705269,0,-1.226650976,4.410464394,-3.179370219
45.99,-64.98494518,0.05303289798,0.5960132311,0.3177707785,0,-1.22663177,4.410462047,-3.179383554
46,-64.98498966,0.05303262862,0.5960127401,0.3177710284,0,-1.226612544,4.410459593,-3.179396899
46.01,-64.98503418,0.0530323589,0.5960122516,0.3177712766,0,-1.226593297,4.410457031,-3.179410255
46.02,-64.98507873,0.05303208882,0.5960117654,0.3177715231,0,-1.226574032,4.410454363,-3.17942362
46.03,-64.98512332,0.05303181838,0.5960112816,0.3177717679,0,-1.226554748,4.410451588,-3.179436995
46.04,-64.98516793,0.0530315476,0.5960108003,0.3177720111,0,-1.226535445,4.410448708,-3.179450379
46.05,-64.98521257,0.05303127648,0.5960103213,0.3177722525,0,-1.226516124,4.410445722,-3.179463772
46.06,-64.98525725,0.05303100503,0.5960098447,0.3177724922,0,-1.226496785,4.410442632,-3.179477174
46.07,-64.98530195,0.05303073325,0.5960093706,0.3177727302,0,-1.226477429,4.410439437,-3.179490584
46.08,-64.98534667,0.05303046115,0.5960088988,0.3177729665,0,-1.226458056,4.410436139,-3.179504002
46.09,-64.98539143,0.05303018874,0.5960084294,0.3177732012,0,-1.226438667,4.410432737,-3.179517428
46.1,-64.98543621,0.05302991602,0.5960079624,0.3177734341,0,-1.226419262,4.410429232,-3.179530862
46.11,-64.98548101,0.053029643,0.5960074978,0.3177736654,0,-1.226399842,4.410425624,-3.179544303
46.12,-64.98552584,0.05302936969,0.5960070356,0.317773895,0,-1.226380406,4.410421915,-3.179557751
46.13,-64.98557068,0.05302909609,0.5960065757,0.3177741229,0,-1.226360956,4.410418105,-3.179571205
46.14,-64.98561555,0.0530288222,0.5960061183,0.3177743492,0,-1.226341492,4.410414193,-3.179584666
46.15,-64.98566044,0.05302854804,0.5960056632,0.3177745737,0,-1.226322014,4.410410181,-3.179598133
46.16,-64.98570535,0.05302827361,0.5960052105,0.3177747966,0,-1.226302523,4.410406069,-3.179611606
46.17,-64.98575028,0.05302799892,0.5960047602,0.3177750178,0,-1.226283018,4.410401858,-3.179625085
46.18,-64.98579523,0.05302772397,0.5960043122,0.3177752374,0,-1.226263501,4.410397547,-3.179638569
46.19,-64.98584019,0.05302744878,0.5960038666,0.3177754553,0,-1.226243972,4.410393138,-3.179652058
46.2,-64.98588517,0.05302717333,0.5960034234,0.3177756715,0,-1.226224431,4.410388631,-3.179665551
46.21,-64.98593016,0.05302689765,0.5960029826,0.3177758861,0,-1.22620488,4.410384026,-3.179679049
46.22,-64.98597517,0.05302662174,0.5960025441,0.317776099,0,-1.226185317,4.410379324,-3.179692552
46.23,-64.98602019,0.0530263456,0.596002108,0.3177763103,0,-1.226165743,4.410374525,-3.179706058
46.24,-64.98606523,0.05302606924,0.5960016742,0.3177765199,0,-1.22614616,4.41036963,-3.179719568
46.25,-64.98611027,0.05302579267,0.5960012428,0.3177767279,0,-1.226126567,4.41036464,-3.179733081
46.26,-64.98615533,0.05302551589,0.5960008138,0.3177769342,0,-1.226106965,4.410359554,-3.179746598
46.27,-64.98620039,0.05302523891,0.5960003871,0.3177771389,0,-1.226087354,4.410354374,-3.179760117
46.28,-64.98624546,0.05302496173,0.5959999628,0.3177773419,0,-1.226067734,4.410349099,-3.179773639
46.29,-64.98629055,0.05302468437,0.5959995408,0.3177775434,0,-1.226048107,4.410343731,-3.179787164
46.3,-64.98633563,0.05302440682,0.5959991211,0.3177777431,0,-1.226028472,4.410338269,-3.17980069
46.31,-64.98638073,0.05302412909,0.5959987039,0.3177779413,0,-1.22600883,4.410332714,-3.179814218
46.32,-64.98642583,0.05302385119,0.5959982889,0.3177781378,0,-1.22598918,4.410327067,-3.179827748
46.33,-64.98647093,0.05302357313,0.5959978763,0.3177783327,0,-1.225969525,4.410321329,-3.179841279
46.34,-64.98651604,0.0530232949,0.595997466,0.3177785259,0,-1.225949863,4.410315498,-3.179854811
46.35,-64.98656115,0.05302301653,0.5959970581,0.3177787176,0,-1.225930196,4.410309577,-3.179868344
46.36,-64.98660626,0.053022738,0.5959966525,0.3177789076,0,-1.225910524,4.410303566,-3.179881877
46.37,-64.98665137,0.05302245933,0.5959962492,0.317779096,0,-1.225890847,4.410297465,-3.179895411
46.38,-64.98669648,0.05302218053,0.5959958482,0.3177792829,0,-1.225871165,4.410291274,-3.179908944
46.39,-64.98674159,0.05302190159,0.5959954496,0.3177794681,0,-1.225851479,4.410284994,-3.179922478
46.4,-64.9867867,0.05302162253,0.5959950533,0.3177796516,0,-1.22583179,4.410278625,-3.17993601
46.41,-64.98683181,0.05302134336,0.5959946593,0.3177798336,0,-1.225812097,4.410272169,-3.179949542
46.42,-64.98687691,0.05302106406,0.5959942676,0.317780014,0,-1.225792401,4.410265625,-3.179963073
46.43,-64.98692201,0.05302078466,0.5959938782,0.3177801928,0,-1.225772703,4.410258994,-3.179976603
46.44,-64.9869671,0.05302050516,0.5959934912,0.31778037,0,-1.225753003,4.410252276,-3.179990131
46.45,-64.98701219,0.05302022557,0.5959931064,0.3177805457,0,-1.225733301,4.410245472,-3.180003658
46.46,-64.98705727,0.05301994588,0.595992724,0.3177807197,0,-1.225713597,4.410238582,-3.180017182
46.47,-64.98710235,0.05301966611,0.5959923438,0.3177808921,0,-1.225693893,4.410231608,-3.180030705
46.48,-64.98714741,0.05301938626,0.595991966,0.317781063,0,-1.225674187,4.410224548,-3.180044224
46.49,-64.98719247,0.05301910633,0.5959915904,0.3177812323,0,-1.225654482,4.410217404,-3.180057741
46.5,-64.98723752,0.05301882634,0.5959912171,0.3177814,0,-1.225634776,4.410210177,-3.180071255
46.51,-64.98728255,0.05301854628,0.5959908461,0.3177815662,0,-1.225615072,4.410202866,-3.180084766
46.52,-64.98732758,0.05301826617,0.5959904774,0.3177817307,0,-1.225595368,4.410195472,-3.180098274
46.53,-64.98737259,0.053017986,0.595990111,0.3177818937,0,-1.225575665,4.410187996,-3.180111777
46.54,-64.98741759,0.05301770579,0.5959897469,0.3177820552,0,-1.225555963,4.410180438,-3.180125277
46.55,-64.98746257,0.05301742554,0.595989385,0.3177822151,0,-1.225536264,4.410172799,-3.180138772
46.56,-64.98750754,0.05301714526,0.5959890254,0.3177823734,0,-1.225516567,4.410165079,-3.180152263
46.57,-64.9875525,0.05301686494,0.5959886681,0.3177825302,0,-1.225496872,4.410157278,-3.18016575
46.58,-64.98759744,0.0530165846,0.5959883131,0.3177826855,0,-1.225477181,4.410149397,-3.180179231
46.59,-64.98764236,0.05301630424,0.5959879603,0.3177828391,0,-1.225457493,4.410141437,-3.180192708
46.6,-64.98768726,0.05301602387,0.5959876097,0.3177829913,0,-1.225437809,4.410133398,-3.180206178
46.61,-64.98773215,0.05301574349,0.5959872614,0.3177831419,0,-1.225418128,4.41012528,-3.180219644
46.62,-64.98777701,0.0530154631,0.5959869154,0.317783291,0,-1.225398452,4.410117084,-3.180233103
46.63,-64.98782186,0.05301518272,0.5959865716,0.3177834385,0,-1.225378781,4.41010881,-3.180246557
46.64,-64.98786668,0.05301490235,0.5959862301,0.3177835846,0,-1.225359115,4.410100459,-3.180260004
46.65,-64.98791148,0.05301462198,0.5959858908,0.3177837291,0,-1.225339455,4.410092032,-3.180273445
46.66,-64.98795626,0.05301434164,0.5959855537,0.317783872,0,-1.2253198,4.410083528,-3.180286879
46.67,-64.98800102,0.05301406132,0.5959852189,0.3177840135,0,-1.225300152,4.410074948,-3.180300306
46.68,-64.98804575,0.05301378103,0.5959848863,0.3177841534,0,-1.22528051,4.410066294,-3.180313726
46.69,-64.98809046,0.05301350077,0.5959845559,0.3177842919,0,-1.225260875,4.410057564,-3.180327138
46.7,-64.98813514,0.05301322055,0.5959842278,0.3177844288,0,-1.225241247,4.41004876,-3.180340543
46.71,-64.9881798,0.05301294038,0.5959839018,0.3177845642,0,-1.225221627,4.410039882,-3.18035394
46.72,-64.98822443,0.05301266025,0.5959835781,0.3177846981,0,-1.225202014,4.41003093,-3.180367329
46.73,-64.98826903,0.05301238018,0.5959832566,0.3177848306,0,-1.22518241,4.410021905,-3.180380709
46.74,-64.9883136,0.05301210017,0.5959829373,0.3177849615,0,-1.225162815,4.410012808,-3.180394081
46.75,-64.98835815,0.05301182022,0.5959826203,0.3177850909,0,-1.225143228,4.410003639,-3.180407445
46.76,-64.98840266,0.05301154034,0.5959823054,0.3177852189,0,-1.22512365,4.409994399,-3.180420799
46.77,-64.98844715,0.05301126054,0.5959819927,0.3177853453,0,-1.225104082,4.409985087,-3.180434144
46.78,-64.9884916,0.05301098081,0.5959816822,0.3177854703,0,-1.225084524,4.409975704,-3.18044748
46.79,-64.98853602,0.05301070117,0.5959813739,0.3177855939,0,-1.225064976,4.409966251,-3.180460807
46.8,-64.98858041,0.05301042162,0.5959810677,0.3177857159,0,-1.225045439,4.409956729,-3.180474123
46.81,-64.98862477,0.05301014216,0.5959807638,0.3177858365,0,-1.225025912,4.409947137,-3.18048743
46.82,-64.98866909,0.0530098628,0.595980462,0.3177859556,0,-1.225006396,4.409937476,-3.180500726
46.83,-64.98871337,0.05300958354,0.5959801624,0.3177860732,0,-1.224986893,4.409927747,-3.180514012
46.84,-64.98875762,0.05300930439,0.595979865,0.3177861894,0,-1.2249674,4.40991795,-3.180527287
46.85,-64.98880184,0.05300902536,0.5959795698,0.3177863042,0,-1.22494792,4.409908086,-3.180540551
46.86,-64.98884601,0.05300874644,0.5959792767,0.3177864175,0,-1.224928453,4.409898155,-3.180553804
46.87,-64.98889015,0.05300846765,0.5959789857,0.3177865293,0,-1.224908998,4.409888157,-3.180567046
46.88,-64.98893426,0.05300818898,0.5959786969,0.3177866397,0,-1.224889556,4.409878093,-3.180580277
46.89,-64.98897832,0.05300791045,0.5959784103,0.3177867487,0,-1.224870128,4.409867963,-3.180593496
46.9,-64.98902234,0.05300763205,0.5959781258,0.3177868562,0,-1.224850713,4.409857768,-3.180606703
46.91,-64.98906633,0.0530073538,0.5959778435,0.3177869623,0,-1.224831313,4.409847508,-3.180619898
46.92,-64.98911027,0.05300707569,0.5959775633,0.3177870669,0,-1.224811926,4.409837184,-3.180633081
46.93,-64.98915417,0.05300679773,0.5959772852,0.3177871702,0,-1.224792555,4.409826797,-3.180646251
46.94,-64.98919803,0.05300651993,0.5959770092,0.317787272,0,-1.224773198,4.409816346,-3.180659409
46.95,-64.98924184,0.05300624229,0.5959767354,0.3177873724,0,-1.224753856,4.409805832,-3.180672553
46.96,-64.98928562,0.05300596481,0.5959764637,0.3177874714,0,-1.22473453,4.409795255,-3.180685685
46.97,-64.98932934,0.0530056875,0.5959761941,0.317787569,0,-1.22471522,4.409784617,-3.180698803
46.98,-64.98937303,0.05300541037,0.5959759266,0.3177876652,0,-1.224695926,4.409773917,-3.180711909
46.99,-64.98941667,0.05300513342,0.5959756612,0.31778776,0,-1.224676648,4.409763155,-3.180725
47,-64.98946026,0.05300485664,0.5959753979,0.3177878533,0,-1.224657387,4.409752334,-3.180738077
47.01,-64.9895038,0.05300458006,0.5959751368,0.3177879453,0,-1.224638143,4.409741452,-3.180751141
47.02,-64.9895473,0.05300430367,0.5959748777,0.3177880359,0,-1.224618917,4.40973051,-3.18076419
47.03,-64.98959075,0.05300402747,0.5959746207,0.3177881251,0,-1.224599708,4.409719509,-3.180777225
47.04,-64.98963415,0.05300375148,0.5959743658,0.317788213,0,-1.224580517,4.409708449,-3.180790246
47.05,-64.9896775,0.05300347569,0.5959741129,0.3177882994,0,-1.224561344,4.40969733,-3.180803251
47.06,-64.98972081,0.0530032001,0.5959738622,0.3177883845,0,-1.224542189,4.409686154,-3.180816242
47.07,-64.98976406,0.05300292474,0.5959736135,0.3177884682,0,-1.224523053,4.409674919,-3.180829218
47.08,-64.98980726,0.05300264959,0.5959733669,0.3177885506,0,-1.224503936,4.409663628,-3.180842178
47.09,-64.98985041,0.05300237466,0.5959731223,0.3177886315,0,-1.224484839,4.409652281,-3.180855123
47.1,-64.98989351,0.05300209996,0.5959728798,0.3177887112,0,-1.224465761,4.409640876,-3.180868052
47.11,-64.98993655,0.05300182549,0.5959726394,0.3177887894,0,-1.224446703,4.409629417,-3.180880965
47.12,-64.98997954,0.05300155126,0.595972401,0.3177888664,0,-1.224427665,4.409617902,-3.180893862
47.13,-64.99002248,0.05300127727,0.5959721646,0.3177889419,0,-1.224408647,4.409606331,-3.180906743
47.14,-64.99006536,0.05300100352,0.5959719303,0.3177890162,0,-1.224389651,4.409594707,-3.180919608
47.15,-64.99010819,0.05300073001,0.5959716981,0.3177890891,0,-1.224370675,4.409583028,-3.180932456
47.16,-64.99015096,0.05300045676,0.5959714678,0.3177891606,0,-1.22435172,4.409571296,-3.180945287
47.17,-64.99019367,0.05300018377,0.5959712396,0.3177892308,0,-1.224332787,4.409559511,-3.180958102
47.18,-64.99023633,0.05299991103,0.5959710134,0.3177892997,0,-1.224313876,4.409547673,-3.180970899
47.19,-64.99027893,0.05299963856,0.5959707892,0.3177893673,0,-1.224294986,4.409535783,-3.180983679
47.2,-64.99032147,0.05299936636,0.595970567,0.3177894336,0,-1.224276119,4.40952384,-3.180996442
47.21,-64.99036396,0.05299909443,0.5959703469,0.3177894985,0,-1.224257275,4.409511847,-3.181009187
47.22,-64.99040638,0.05299882278,0.5959701287,0.3177895622,0,-1.224238453,4.409499802,-3.181021914
47.23,-64.99044874,0.0529985514,0.5959699125,0.3177896245,0,-1.224219655,4.409487707,-3.181034623
47.24,-64.99049105,0.05299828032,0.5959696983,0.3177896855,0,-1.224200879,4.409475562,-3.181047314
47.25,-64.99053329,0.05299800952,0.5959694861,0.3177897453,0,-1.224182128,4.409463367,-3.181059987
47.26,-64.99057547,0.05299773901,0.5959692759,0.3177898037,0,-1.2241634,4.409451123,-3.181072642
47.27,-64.99061759,0.05299746879,0.5959690677,0.3177898609,0,-1.224144696,4.40943883,-3.181085278
47.28,-64.99065965,0.05299719888,0.5959688614,0.3177899167,0,-1.224126017,4.409426488,-3.181097895
47.29,-64.99070164,0.05299692927,0.5959686571,0.3177899713,0,-1.224107362,4.409414099,-3.181110493
47.3,-64.99074357,0.05299665997,0.5959684548,0.3177900246,0,-1.224088733,4.409401662,-3.181123072
47.31,-64.99078544,0.05299639098,0.5959682544,0.3177900766,0,-1.224070128,4.409389178,-3.181135632
47.32,-64.99082724,0.05299612231,0.595968056,0.3177901274,0,-1.224051548,4.409376647,-3.181148173
47.33,-64.99086898,0.05299585395,0.5959678595,0.3177901769,0,-1.224032995,4.40936407,-3.181160694
47.34,-64.99091065,0.05299558592,0.595967665,0.3177902252,0,-1.224014467,4.409351447,-3.181173195
47.35,-64.99095225,0.05299531822,0.5959674724,0.3177902721,0,-1.223995965,4.409338779,-3.181185676
47.36,-64.99099379,0.05299505084,0.5959672818,0.3177903179,0,-1.22397749,4.409326066,-3.181198138
47.37,-64.99103526,0.0529947838,0.595967093,0.3177903623,0,-1.223959041,4.409313308,-3.181210579
47.38,-64.99107667,0.0529945171,0.5959669062,0.3177904056,0,-1.223940619,4.409300505,-3.181223
47.39,-64.991118,0.05299425074,0.5959667213,0.3177904476,0,-1.223922224,4.40928766,-3.1812354
47.4,-64.99115927,0.05299398472,0.5959665384,0.3177904883,0,-1.223903856,4.40927477,-3.18124778
47.41,-64.99120046,0.05299371905,0.5959663573,0.3177905279,0,-1.223885516,4.409261838,-3.181260139
47.42,-64.99124159,0.05299345373,0.5959661781,0.3177905662,0,-1.223867203,4.409248864,-3.181272477
47.43,-64.99128265,0.05299318877,0.5959660008,0.3177906033,0,-1.223848919,4.409235847,-3.181284794
47.44,-64.99132363,0.05299292417,0.5959658255,0.3177906391,0,-1.223830662,4.409222788,-3.18129709
47.45,-64.99136455,0.05299265993,0.595965652,0.3177906738,0,-1.223812434,4.409209689,-3.181309364
47.46,-64.99140539,0.05299239606,0.5959654804,0.3177907072,0,-1.223794235,4.409196548,-3.181321617
47.47,-64.99144616,0.05299213256,0.5959653106,0.3177907394,0,-1.223776065,4.409183367,-3.181333848
47.48,-64.99148686,0.05299186943,0.5959651428,0.3177907705,0,-1.223757924,4.409170146,-3.181346058
47.49,-64.99152748,0.05299160668,0.5959649768,0.3177908003,0,-1.223739812,4.409156885,-3.181358245
47.5,-64.99156804,0.05299134431,0.5959648126,0.317790829,0,-1.223721729,4.409143586,-3.181370411
47.51,-64.99160851,0.05299108232,0.5959646504,0.3177908564,0,-1.223703677,4.409130247,-3.181382554
47.52,-64.99164892,0.05299082071,0.5959644899,0.3177908827,0,-1.223685654,4.40911687,-3.181394675
47.53,-64.99168924,0.0529905595,0.5959643314,0.3177909078,0,-1.223667662,4.409103455,-3.181406773
47.54,-64.9917295,0.05299029869,0.5959641746,0.3177909317,0,-1.2236497,4.409090002,-3.181418849
47.55,-64.99176967,0.05299003826,0.5959640197,0.3177909544,0,-1.223631768,4.409076512,-3.181430902
47.56,-64.99180977,0.05298977824,0.5959638666,0.317790976,0,-1.223613868,4.409062986,-3.181442932
47.57,-64.9918498,0.05298951863,0.5959637154,0.3177909964,0,-1.223595999,4.409049423,-3.181454939
47.58,-64.99188974,0.05298925942,0.595963566,0.3177910156,0,-1.22357816,4.409035824,-3.181466923
47.59,-64.99192961,0.05298900061,0.5959634183,0.3177910337,0,-1.223560354,4.409022189,-3.181478883
47.6,-64.9919694,0.05298874223,0.5959632725,0.3177910507,0,-1.223542579,4.40900852,-3.18149082
47.61,-64.99200911,0.05298848426,0.5959631285,0.3177910665,0,-1.223524835,4.408994815,-3.181502734
47.62,-64.99204875,0.0529882267,0.5959629863,0.3177910811,0,-1.223507124,4.408981076,-3.181514624
47.63,-64.9920883,0.05298796958,0.5959628459,0.3177910946,0,-1.223489446,4.408967303,-3.18152649
47.64,-64.99212777,0.05298771287,0.5959627073,0.317791107,0,-1.223471799,4.408953497,-3.181538332
47.65,-64.99216717,0.0529874566,0.5959625704,0.3177911183,0,-1.223454186,4.408939657,-3.18155015
47.66,-64.99220648,0.05298720076,0.5959624353,0.3177911284,0,-1.223436605,4.408925785,-3.181561944
47.67,-64.99224571,0.05298694535,0.595962302,0.3177911374,0,-1.223419057,4.40891188,-3.181573713
47.68,-64.99228486,0.05298669038,0.5959621705,0.3177911453,0,-1.223401543,4.408897943,-3.181585458
47.69,-64.99232393,0.05298643585,0.5959620407,0.3177911521,0,-1.223384062,4.408883975,-3.181597179
47.7,-64.99236292,0.05298618177,0.5959619127,0.3177911578,0,-1.223366615,4.408869975,-3.181608875
47.71,-64.99240182,0.05298592813,0.5959617864,0.3177911623,0,-1.223349201,4.408855945,-3.181620546
47.72,-64.99244064,0.05298567495,0.5959616619,0.3177911658,0,-1.223331822,4.408841883,-3.181632192
47.73,-64.99247938,0.05298542221,0.5959615391,0.3177911682,0,-1.223314477,4.408827792,-3.181643813
47.74,-64.99251803,0.05298516993,0.595961418,0.3177911695,0,-1.223297166,4.408813672,-3.181655409
47.75,-64.9925566,0.05298491812,0.5959612987,0.3177911697,0,-1.22327989,4.408799521,-3.18166698
47.76,-64.99259508,0.05298466676,0.5959611811,0.3177911688,0,-1.223262648,4.408785342,-3.181678525
47.77,-64.99263348,0.05298441587,0.5959610652,0.3177911668,0,-1.223245442,4.408771135,-3.181690045
47.78,-64.9926718,0.05298416544,0.595960951,0.3177911638,0,-1.22322827,4.408756899,-3.181701539
47.79,-64.99271002,0.05298391549,0.5959608386,0.3177911597,0,-1.223211134,4.408742636,-3.181713007
47.8,-64.99274817,0.05298366601,0.5959607278,0.3177911546,0,-1.223194034,4.408728345,-3.18172445
47.81,-64.99278622,0.052983417,0.5959606187,0.3177911483,0,-1.223176969,4.408714027,-3.181735866
47.82,-64.99282419,0.05298316847,0.5959605113,0.3177911411,0,-1.22315994,4.408699682,-3.181747257
47.83,-64.99286207,0.05298292043,0.5959604056,0.3177911327,0,-1.223142947,4.408685312,-3.181758621
47.84,-64.99289986,0.05298267286,0.5959603016,0.3177911234,0,-1.22312599,4.408670915,-3.181769959
47.85,-64.99293757,0.05298242579,0.5959601992,0.317791113,0,-1.22310907,4.408656493,-3.181781271
47.86,-64.99297519,0.0529821792,0.5959600985,0.3177911015,0,-1.223092186,4.408642045,-3.181792556
47.87,-64.99301272,0.05298193311,0.5959599995,0.317791089,0,-1.223075339,4.408627573,-3.181803815
47.88,-64.99305015,0.05298168751,0.5959599021,0.3177910755,0,-1.223058528,4.408613077,-3.181815046
47.89,-64.99308751,0.05298144241,0.5959598063,0.317791061,0,-1.223041755,4.408598556,-3.181826252
47.9,-64.99312477,0.05298119781,0.5959597123,0.3177910454,0,-1.223025019,4.408584012,-3.18183743
47.91,-64.99316194,0.05298095371,0.5959596198,0.3177910289,0,-1.22300832,4.408569444,-3.181848581
47.92,-64.99319902,0.05298071011,0.595959529,0.3177910113,0,-1.222991659,4.408554854,-3.181859705
47.93,-64.99323601,0.05298046703,0.5959594398,0.3177909927,0,-1.222975035,4.408540241,-3.181870802
47.94,-64.9932729,0.05298022445,0.5959593522,0.3177909731,0,-1.22295845,4.408525606,-3.181881871
47.95,-64.99330971,0.05297998239,0.5959592663,0.3177909525,0,-1.222941902,4.408510949,-3.181892914
47.96,-64.99334643,0.05297974084,0.5959591819,0.3177909309,0,-1.222925392,4.40849627,-3.181903928
47.97,-64.99338305,0.05297949981,0.5959590992,0.3177909083,0,-1.222908921,4.408481571,-3.181914915
47.98,-64.99341958,0.0529792593,0.5959590181,0.3177908848,0,-1.222892488,4.408466851,-3.181925875
47.99,-64.99345602,0.05297901931,0.5959589385,0.3177908603,0,-1.222876094,4.40845211,-3.181936806
48,-64.99349237,0.05297877984,0.5959588606,0.3177908347,0,-1.222859738,4.408437349,-3.18194771
48.01,-64.99352862,0.05297854091,0.5959587842,0.3177908083,0,-1.222843422,4.408422569,-3.181958585
48.02,-64.99356478,0.0529783025,0.5959587094,0.3177907808,0,-1.222827144,4.408407769,-3.181969433
48.03,-64.99360084,0.05297806462,0.5959586361,0.3177907524,0,-1.222810906,4.408392951,-3.181980253
48.04,-64.99363681,0.05297782728,0.5959585645,0.317790723,0,-1.222794707,4.408378113,-3.181991044
48.05,-64.99367269,0.05297759048,0.5959584944,0.3177906927,0,-1.222778547,4.408363258,-3.182001807
48.06,-64.99370847,0.05297735421,0.5959584258,0.3177906614,0,-1.222762427,4.408348385,-3.182012541
48.07,-64.99374416,0.05297711849,0.5959583588,0.3177906292,0,-1.222746347,4.408333494,-3.182023247
48.08,-64.99377975,0.0529768833,0.5959582933,0.317790596,0,-1.222730307,4.408318585,-3.182033925
48.09,-64.99381524,0.05297664867,0.5959582294,0.3177905619,0,-1.222714307,4.408303661,-3.182044573
48.1,-64.99385064,0.05297641458,0.595958167,0.3177905269,0,-1.222698347,4.408288719,-3.182055193
48.11,-64.99388595,0.05297618104,0.5959581061,0.3177904909,0,-1.222682427,4.408273761,-3.182065784
48.12,-64.99392116,0.05297594805,0.5959580468,0.3177904541,0,-1.222666548,4.408258788,-3.182076347
48.13,-64.99395627,0.05297571562,0.5959579889,0.3177904163,0,-1.222650709,4.408243799,-3.18208688
48.14,-64.99399128,0.05297548375,0.5959579326,0.3177903776,0,-1.222634911,4.408228795,-3.182097384
48.15,-64.9940262,0.05297525243,0.5959578778,0.3177903379,0,-1.222619154,4.408213776,-3.182107859
48.16,-64.99406101,0.05297502167,0.5959578244,0.3177902974,0,-1.222603438,4.408198743,-3.182118304
48.17,-64.99409574,0.05297479148,0.5959577726,0.317790256,0,-1.222587763,4.408183696,-3.182128721
48.18,-64.99413036,0.05297456185,0.5959577222,0.3177902136,0,-1.222572129,4.408168635,-3.182139108
48.19,-64.99416488,0.05297433278,0.5959576733,0.3177901704,0,-1.222556536,4.40815356,-3.182149465
48.2,-64.99419931,0.05297410429,0.5959576259,0.3177901263,0,-1.222540985,4.408138473,-3.182159793
48.21,-64.99423364,0.05297387637,0.59595758,0.3177900813,0,-1.222525476,4.408123373,-3.182170091
48.22,-64.99426787,0.05297364901,0.5959575355,0.3177900354,0,-1.222510008,4.40810826,-3.18218036
48.23,-64.99430199,0.05297342224,0.5959574924,0.3177899887,0,-1.222494583,4.408093135,-3.182190598
48.24,-64.99433602,0.05297319604,0.5959574509,0.3177899411,0,-1.222479199,4.408077999,-3.182200807
48.25,-64.99436995,0.05297297042,0.5959574107,0.3177898926,0,-1.222463857,4.408062851,-3.182210986
48.26,-64.99440378,0.05297274538,0.595957372,0.3177898433,0,-1.222448557,4.408047692,-3.182221135
48.27,-64.99443751,0.05297252092,0.5959573348,0.3177897931,0,-1.2224333,4.408032522,-3.182231254
48.28,-64.99447114,0.05297229704,0.5959572989,0.317789742,0,-1.222418085,4.408017342,-3.182241343
48.29,-64.99450467,0.05297207375,0.5959572645,0.3177896901,0,-1.222402913,4.408002151,-3.182251402
48.3,-64.9945381,0.05297185105,0.5959572315,0.3177896374,0,-1.222387783,4.407986951,-3.18226143
48.31,-64.99457143,0.05297162894,0.5959571999,0.3177895838,0,-1.222372696,4.407971742,-3.182271428
48.32,-64.99460465,0.05297140742,0.5959571697,0.3177895293,0,-1.222357652,4.407956523,-3.182281396
48.33,-64.99463778,0.05297118649,0.5959571409,0.3177894741,0,-1.222342651,4.407941295,-3.182291333
48.34,-64.9946708,0.05297096616,0.5959571135,0.317789418,0,-1.222327693,4.407926059,-3.18230124
48.35,-64.99470372,0.05297074643,0.5959570875,0.3177893611,0,-1.222312778,4.407910815,-3.182311116
48.36,-64.99473654,0.05297052729,0.5959570628,0.3177893034,0,-1.222297907,4.407895563,-3.182320961
48.37,-64.99476925,0.05297030875,0.5959570396,0.3177892449,0,-1.222283078,4.407880304,-3.182330776
48.38,-64.99480187,0.05297009082,0.5959570177,0.3177891855,0,-1.222268294,4.407865037,-3.18234056
48.39,-64.99483438,0.05296987348,0.5959569971,0.3177891254,0,-1.222253553,4.407849763,-3.182350313
48.4,-64.99486678,0.05296965676,0.595956978,0.3177890644,0,-1.222238855,4.407834483,-3.182360035
48.41,-64.99489909,0.05296944064,0.5959569601,0.3177890027,0,-1.222224202,4.407819197,-3.182369727
48.42,-64.99493129,0.05296922512,0.5959569436,0.3177889401,0,-1.222209592,4.407803904,-3.182379387
48.43,-64.99496339,0.05296901022,0.5959569285,0.3177888768,0,-1.222195026,4.407788606,-3.182389016
48.44,-64.99499538,0.05296879593,0.5959569147,0.3177888127,0,-1.222180504,4.407773302,-3.182398614
48.45,-64.99502727,0.05296858225,0.5959569022,0.3177887478,0,-1.222166027,4.407757994,-3.182408181
48.46,-64.99505906,0.05296836919,0.595956891,0.3177886822,0,-1.222151593,4.407742681,-3.182417717
48.47,-64.99509074,0.05296815674,0.5959568812,0.3177886158,0,-1.222137204,4.407727363,-3.182427221
48.48,-64.99512232,0.05296794491,0.5959568727,0.3177885486,0,-1.22212286,4.407712041,-3.182436695
48.49,-64.99515379,0.0529677337,0.5959568654,0.3177884806,0,-1.22210856,4.407696716,-3.182446136
48.5,-64.99518516,0.05296752311,0.5959568595,0.3177884119,0,-1.222094304,4.407681387,-3.182455547
48.51,-64.99521642,0.05296731314,0.5959568549,0.3177883424,0,-1.222080094,4.407666054,-3.182464925
48.52,-64.99524758,0.0529671038,0.5959568515,0.3177882722,0,-1.222065928,4.407650719,-3.182474273
48.53,-64.99527863,0.05296689508,0.5959568494,0.3177882013,0,-1.222051807,4.407635381,-3.182483589
48.54,-64.99530958,0.05296668698,0.5959568486,0.3177881296,0,-1.22203773,4.407620041,-3.182492873
48.55,-64.99534042,0.05296647952,0.5959568491,0.3177880571,0,-1.222023699,4.407604699,-3.182502125
48.56,-64.99537115,0.05296627268,0.5959568508,0.317787984,0,-1.222009713,4.407589355,-3.182511346
48.57,-64.99540178,0.05296606647,0.5959568538,0.3177879101,0,-1.221995772,4.40757401,-3.182520535
48.58,-64.99543231,0.05296586089,0.5959568581,0.3177878355,0,-1.221981877,4.407558663,-3.182529692
48.59,-64.99546273,0.05296565595,0.5959568635,0.3177877601,0,-1.221968026,4.407543316,-3.182538818
48.6,-64.99549304,0.05296545164,0.5959568703,0.3177876841,0,-1.221954221,4.407527968,-3.182547911
48.61,-64.99552324,0.05296524797,0.5959568782,0.3177876073,0,-1.221940462,4.40751262,-3.182556973
48.62,-64.99555334,0.05296504493,0.5959568874,0.3177875299,0,-1.221926748,4.407497272,-3.182566002
48.63,-64.99558333,0.05296484253,0.5959568978,0.3177874517,0,-1.22191308,4.407481924,-3.182575
48.64,-64.99561322,0.05296464077,0.5959569095,0.3177873729,0,-1.221899457,4.407466577,-3.182583965
48.65,-64.995643,0.05296443965,0.5959569223,0.3177872933,0,-1.22188588,4.407451231,-3.182592899
48.66,-64.99567267,0.05296423917,0.5959569364,0.3177872131,0,-1.22187235,4.407435886,-3.1826018
48.67,-64.99570223,0.05296403933,0.5959569516,0.3177871321,0,-1.221858864,4.407420542,-3.182610669
48.68,-64.99573169,0.05296384014,0.595956968,0.3177870505,0,-1.221845425,4.4074052,-3.182619506
48.69,-64.99576104,0.05296364159,0.5959569857,0.3177869683,0,-1.221832032,4.40738986,-3.182628311
48.7,-64.99579028,0.05296344369,0.5959570045,0.3177868853,0,-1.221818685,4.407374522,-3.182637083
48.71,-64.99581941,0.05296324644,0.5959570245,0.3177868017,0,-1.221805384,4.407359187,-3.182645823
48.72,-64.99584844,0.05296304983,0.5959570456,0.3177867174,0,-1.22179213,4.407343855,-3.182654531
48.73,-64.99587735,0.05296285387,0.5959570679,0.3177866325,0,-1.221778921,4.407328526,-3.182663206
48.74,-64.99590616,0.05296265857,0.5959570914,0.3177865469,0,-1.221765759,4.4073132,-3.182671849
48.75,-64.99593487,0.05296246391,0.595957116,0.3177864607,0,-1.221752643,4.407297878,-3.18268046
48.76,-64.99596346,0.05296226991,0.5959571418,0.3177863738,0,-1.221739574,4.40728256,-3.182689038
48.77,-64.99599194,0.05296207656,0.5959571687,0.3177862863,0,-1.221726551,4.407267246,-3.182697583
48.78,-64.99602032,0.05296188387,0.5959571968,0.3177861981,0,-1.221713575,4.407251937,-3.182706096
48.79,-64.99604859,0.05296169183,0.595957226,0.3177861093,0,-1.221700646,4.407236632,-3.182714577
48.8,-64.99607675,0.05296150044,0.5959572563,0.3177860199,0,-1.221687763,4.407221332,-3.182723025
48.81,-64.9961048,0.05296130972,0.5959572877,0.3177859298,0,-1.221674927,4.407206038,-3.18273144
48.82,-64.99613274,0.05296111965,0.5959573202,0.3177858391,0,-1.221662137,4.407190749,-3.182739823
48.83,-64.99616058,0.05296093024,0.5959573539,0.3177857479,0,-1.221649394,4.407175466,-3.182748173
48.84,-64.9961883,0.05296074149,0.5959573886,0.317785656,0,-1.221636699,4.407160189,-3.18275649
48.85,-64.99621592,0.0529605534,0.5959574245,0.3177855634,0,-1.22162405,4.407144918,-3.182764775
48.86,-64.99624342,0.05296036598,0.5959574614,0.3177854703,0,-1.221611448,4.407129654,-3.182773027
48.87,-64.99627082,0.05296017921,0.5959574994,0.3177853766,0,-1.221598893,4.407114397,-3.182781246
48.88,-64.99629811,0.05295999311,0.5959575385,0.3177852823,0,-1.221586385,4.407099147,-3.182789432
48.89,-64.99632529,0.05295980768,0.5959575787,0.3177851874,0,-1.221573924,4.407083904,-3.182797586
48.9,-64.99635236,0.05295962291,0.5959576199,0.3177850919,0,-1.22156151,4.407068669,-3.182805707
48.91,-64.99637932,0.0529594388,0.5959576622,0.3177849959,0,-1.221549144,4.407053442,-3.182813795
48.92,-64.99640617,0.05295925536,0.5959577055,0.3177848992,0,-1.221536824,4.407038223,-3.18282185
48.93,-64.99643291,0.05295907259,0.5959577499,0.317784802,0,-1.221524552,4.407023012,-3.182829872
48.94,-64.99645954,0.05295889049,0.5959577954,0.3177847042,0,-1.221512327,4.40700781,-3.182837861
48.95,-64.99648606,0.05295870905,0.5959578418,0.3177846058,0,-1.22150015,4.406992617,-3.182845818
48.96,-64.99651247,0.05295852829,0.5959578893,0.3177845069,0,-1.22148802,4.406977433,-3.182853741
48.97,-64.99653877,0.05295834819,0.5959579379,0.3177844074,0,-1.221475937,4.406962258,-3.182861632
48.98,-64.99656496,0.05295816877,0.5959579874,0.3177843074,0,-1.221463901,4.406947093,-3.182869489
48.99,-64.99659105,0.05295799001,0.595958038,0.3177842068,0,-1.221451913,4.406931938,-3.182877314
49,-64.99661702,0.05295781193,0.5959580896,0.3177841057,0,-1.221439973,4.406916793,-3.182885106
49.01,-64.99664288,0.05295763452,0.5959581421,0.317784004,0,-1.22142808,4.406901658,-3.182892864
49.02,-64.99666863,0.05295745779,0.5959581957,0.3177839018,0,-1.221416234,4.406886534,-3.18290059
49.03,-64.99669428,0.05295728172,0.5959582503,0.3177837991,0,-1.221404437,4.406871421,-3.182908283
49.04,-64.99671981,0.05295710634,0.5959583058,0.3177836958,0,-1.221392686,4.406856319,-3.182915942
49.05,-64.99674523,0.05295693162,0.5959583624,0.317783592,0,-1.221380984,4.406841228,-3.182923569
49.06,-64.99677054,0.05295675759,0.5959584199,0.3177834877,0,-1.221369328,4.406826148,-3.182931162
49.07,-64.99679574,0.05295658423,0.5959584784,0.3177833829,0,-1.221357721,4.406811081,-3.182938723
49.08,-64.99682083,0.05295641154,0.5959585378,0.3177832775,0,-1.221346161,4.406796025,-3.18294625
49.09,-64.99684581,0.05295623953,0.5959585982,0.3177831716,0,-1.221334649,4.406780982,-3.182953744
49.1,-64.99687069,0.0529560682,0.5959586596,0.3177830653,0,-1.221323185,4.406765951,-3.182961206
49.11,-64.99689545,0.05295589755,0.5959587219,0.3177829584,0,-1.221311769,4.406750933,-3.182968634
49.12,-64.9969201,0.05295572758,0.5959587851,0.3177828511,0,-1.2213004,4.406735927,-3.182976029
49.13,-64.99694464,0.05295555829,0.5959588493,0.3177827432,0,-1.221289079,4.406720935,-3.182983391
49.14,-64.99696906,0.05295538967,0.5959589144,0.3177826348,0,-1.221277806,4.406705957,-3.182990719
49.15,-64.99699338,0.05295522174,0.5959589804,0.317782526,0,-1.22126658,4.406690992,-3.182998015
49.16,-64.99701759,0.05295505448,0.5959590473,0.3177824167,0,-1.221255403,4.40667604,-3.183005278
49.17,-64.99704169,0.05295488791,0.5959591152,0.3177823069,0,-1.221244273,4.406661103,-3.183012507
49.18,-64.99706568,0.05295472201,0.595959184,0.3177821967,0,-1.221233191,4.406646181,-3.183019704
49.19,-64.99708956,0.0529545568,0.5959592536,0.3177820859,0,-1.221222158,4.406631272,-3.183026867
49.2,-64.99711332,0.05295439227,0.5959593242,0.3177819747,0,-1.221211172,4.406616379,-3.183033997
49.21,-64.99713698,0.05295422842,0.5959593957,0.3177818631,0,-1.221200233,4.4066015,-3.183041094
49.22,-64.99716053,0.05295406526,0.595959468,0.3177817509,0,-1.221189343,4.406586637,-3.183048158
49.23,-64.99718396,0.05295390277,0.5959595412,0.3177816384,0,-1.221178501,4.406571788,-3.183055189
49.24,-64.99720729,0.05295374097,0.5959596153,0.3177815253,0,-1.221167706,4.406556956,-3.183062187
49.25,-64.99723051,0.05295357985,0.5959596903,0.3177814119,0,-1.22115696,4.406542139,-3.183069152
49.26,-64.99725361,0.05295341942,0.5959597661,0.317781298,0,-1.221146261,4.406527339,-3.183076083
49.27,-64.99727661,0.05295325967,0.5959598428,0.3177811836,0,-1.221135611,4.406512554,-3.183082982
49.28,-64.99729949,0.0529531006,0.5959599203,0.3177810688,0,-1.221125008,4.406497786,-3.183089847
49.29,-64.99732226,0.05295294222,0.5959599987,0.3177809536,0,-1.221114453,4.406483035,-3.183096679
49.3,-64.99734493,0.05295278452,0.5959600779,0.317780838,0,-1.221103947,4.406468301,-3.183103478
49.31,-64.99736748,0.0529526275,0.595960158,0.3177807219,0,-1.221093488,4.406453583,-3.183110244
49.32,-64.99738992,0.05295247117,0.5959602389,0.3177806055,0,-1.221083077,4.406438883,-3.183116977
49.33,-64.99741226,0.05295231553,0.5959603206,0.3177804886,0,-1.221072714,4.406424201,-3.183123677
49.34,-64.99743448,0.05295216057,0.5959604031,0.3177803713,0,-1.221062399,4.406409536,-3.183130344
49.35,-64.99745659,0.05295200629,0.5959604864,0.3177802535,0,-1.221052132,4.406394889,-3.183136978
49.36,-64.9974786,0.05295185271,0.5959605706,0.3177801354,0,-1.221041913,4.40638026,-3.183143579
49.37,-64.99750049,0.0529516998,0.5959606555,0.3177800169,0,-1.221031742,4.406365649,-3.183150147
49.38,-64.99752227,0.05295154758,0.5959607413,0.317779898,0,-1.221021619,4.406351057,-3.183156681
49.39,-64.99754394,0.05295139605,0.5959608278,0.3177797787,0,-1.221011543,4.406336484,-3.183163183
49.4,-64.99756551,0.0529512452,0.5959609151,0.317779659,0,-1.221001516,4.406321929,-3.183169652
49.41,-64.99758696,0.05295109504,0.5959610032,0.3177795389,0,-1.220991536,4.406307394,-3.183176088
49.42,-64.9976083,0.05295094556,0.5959610921,0.3177794185,0,-1.220981605,4.406292878,-3.183182491
49.43,-64.99762954,0.05295079677,0.5959611818,0.3177792976,0,-1.220971721,4.406278381,-3.183188861
49.44,-64.99765066,0.05295064866,0.5959612722,0.3177791764,0,-1.220961885,4.406263904,-3.183195197
49.45,-64.99767167,0.05295050124,0.5959613634,0.3177790549,0,-1.220952097,4.406249447,-3.183201501
49.46,-64.99769258,0.05295035451,0.5959614553,0.3177789329,0,-1.220942357,4.40623501,-3.183207773
49.47,-64.99771337,0.05295020846,0.5959615479,0.3177788106,0,-1.220932665,4.406220593,-3.183214011
49.48,-64.99773405,0.0529500631,0.5959616414,0.317778688,0,-1.220923021,4.406206196,-3.183220216
49.49,-64.99775463,0.05294991842,0.5959617355,0.317778565,0,-1.220913424,4.406191821,-3.183226389
49.5,-64.99777509,0.05294977443,0.5959618304,0.3177784416,0,-1.220903875,4.406177466,-3.183232528
49.51,-64.99779545,0.05294963112,0.595961926,0.3177783179,0,-1.220894374,4.406163131,-3.183238635
49.52,-64.9978157,0.0529494885,0.5959620223,0.3177781938,0,-1.220884921,4.406148819,-3.183244709
49.53,-64.99783583,0.05294934656,0.5959621194,0.3177780695,0,-1.220875516,4.406134527,-3.18325075
49.54,-64.99785586,0.05294920531,0.5959622171,0.3177779447,0,-1.220866158,4.406120257,-3.183256758
49.55,-64.99787578,0.05294906475,0.5959623156,0.3177778197,0,-1.220856848,4.406106008,-3.183262734
49.56,-64.99789559,0.05294892487,0.5959624148,0.3177776943,0,-1.220847586,4.406091782,-3.183268677
49.57,-64.99791529,0.05294878567,0.5959625146,0.3177775686,0,-1.220838371,4.406077578,-3.183274587
49.58,-64.99793488,0.05294864716,0.5959626152,0.3177774425,0,-1.220829204,4.406063395,-3.183280465
49.59,-64.99795437,0.05294850933,0.5959627164,0.3177773162,0,-1.220820084,4.406049236,-3.18328631
49.6,-64.99797374,0.05294837219,0.5959628183,0.3177771895,0,-1.220811013,4.406035098,-3.183292122
49.61,-64.997993,0.05294823573,0.5959629209,0.3177770625,0,-1.220801988,4.406020984,-3.183297901
49.62,-64.99801216,0.05294809995,0.5959630241,0.3177769353,0,-1.220793012,4.406006892,-3.183303648
49.63,-64.99803121,0.05294796486,0.595963128,0.3177768077,0,-1.220784083,4.405992824,-3.183309363
49.64,-64.99805015,0.05294783045,0.5959632326,0.3177766798,0,-1.220775201,4.405978779,-3.183315045
49.65,-64.99806898,0.05294769672,0.5959633378,0.3177765516,0,-1.220766367,4.405964757,-3.183320694
49.66,-64.9980877,0.05294756368,0.5959634437,0.3177764232,0,-1.22075758,4.405950759,-3.183326311
49.67,-64.99810632,0.05294743132,0.5959635502,0.3177762944,0,-1.220748841,4.405936784,-3.183331895
49.68,-64.99812482,0.05294729964,0.5959636574,0.3177761654,0,-1.220740149,4.405922834,-3.183337447
49.69,-64.99814322,0.05294716864,0.5959637651,0.317776036,0,-1.220731504,4.405908908,-3.183342967
49.7,-64.99816151,0.05294703833,0.5959638735,0.3177759064,0,-1.220722907,4.405895006,-3.183348454
49.71,-64.99817969,0.05294690869,0.5959639826,0.3177757765,0,-1.220714357,4.405881128,-3.183353908
49.72,-64.99819777,0.05294677974,0.5959640922,0.3177756464,0,-1.220705854,4.405867275,-3.183359331
49.73,-64.99821574,0.05294665147,0.5959642025,0.317775516,0,-1.220697399,4.405853446,-3.183364721
49.74,-64.9982336,0.05294652388,0.5959643133,0.3177753853,0,-1.22068899,4.405839643,-3.183370079
49.75,-64.99825135,0.05294639697,0.5959644248,0.3177752544,0,-1.220680629,4.405825865,-3.183375404
49.76,-64.99826899,0.05294627073,0.5959645368,0.3177751232,0,-1.220672315,4.405812111,-3.183380698
49.77,-64.99828653,0.05294614518,0.5959646495,0.3177749917,0,-1.220664048,4.405798384,-3.183385959
49.78,-64.99830396,0.05294602031,0.5959647627,0.31777486,0,-1.220655828,4.405784681,-3.183391188
49.79,-64.99832128,0.05294589611,0.5959648765,0.3177747281,0,-1.220647655,4.405771005,-3.183396385
49.8,-64.9983385,0.05294577259,0.5959649909,0.3177745959,0,-1.22063953,4.405757354,-3.18340155
49.81,-64.99835561,0.05294564975,0.5959651059,0.3177744635,0,-1.220631451,4.405743729,-3.183406683
49.82,-64.99837261,0.05294552759,0.5959652214,0.3177743308,0,-1.220623418,4.40573013,-3.183411784
49.83,-64.99838951,0.0529454061,0.5959653375,0.3177741979,0,-1.220615433,4.405716558,-3.183416852
49.84,-64.9984063,0.05294528529,0.5959654541,0.3177740648,0,-1.220607495,4.405703012,-3.183421889
49.85,-64.99842298,0.05294516515,0.5959655713,0.3177739314,0,-1.220599603,4.405689492,-3.183426894
49.86,-64.99843956,0.05294504569,0.5959656891,0.3177737979,0,-1.220591758,4.405676,-3.183431867
49.87,-64.99845603,0.05294492691,0.5959658073,0.3177736641,0,-1.22058396,4.405662534,-3.183436808
49.88,-64.99847239,0.0529448088,0.5959659261,0.3177735301,0,-1.220576208,4.405649095,-3.183441718
49.89,-64.99848865,0.05294469136,0.5959660455,0.3177733958,0,-1.220568503,4.405635683,-3.183446595
49.9,-64.9985048,0.0529445746,0.5959661653,0.3177732614,0,-1.220560844,4.405622299,-3.183451441
49.91,-64.99852085,0.05294445851,0.5959662857,0.3177731268,0,-1.220553232,4.405608941,-3.183456255
49.92,-64.99853679,0.05294434309,0.5959664066,0.3177729919,0,-1.220545666,4.405595612,-3.183461038
49.93,-64.99855263,0.05294422834,0.595966528,0.3177728569,0,-1.220538147,4.40558231,-3.183465789
49.94,-64.99856836,0.05294411426,0.5959666499,0.3177727217,0,-1.220530674,4.405569036,-3.183470508
49.95,-64.99858399,0.05294400085,0.5959667724,0.3177725863,0,-1.220523248,4.40555579,-3.183475196
49.96,-64.99859951,0.05294388812,0.5959668953,0.3177724506,0,-1.220515867,4.405542572,-3.183479852
49.97,-64.99861492,0.05294377605,0.5959670187,0.3177723148,0,-1.220508533,4.405529382,-3.183484477
49.98,-64.99863024,0.05294366465,0.5959671426,0.3177721789,0,-1.220501245,4.405516221,-3.183489071
49.99,-64.99864544,0.05294355392,0.5959672669,0.3177720427,0,-1.220494003,4.405503088,-3.183493633
50,-64.99866054,0.05294344385,0.5959673918,0.3177719064,0,-1.220486807,4.405489984,-3.183498163
50.01,-64.99867554,0.05294333446,0.5959675171,0.3177717699,0,-1.220479657,4.405476908,-3.183502663
50.02,-64.99869044,0.05294322572,0.5959676429,0.3177716332,0,-1.220472553,4.405463862,-3.183507131
50.03,-64.99870523,0.05294311766,0.5959677691,0.3177714963,0,-1.220465495,4.405450844,-3.183511568
50.04,-64.99871991,0.05294301026,0.5959678958,0.3177713593,0,-1.220458483,4.405437856,-3.183515974
50.05,-64.99873449,0.05294290352,0.595968023,0.3177712222,0,-1.220451517,4.405424897,-3.183520348
50.06,-64.99874897,0.05294279744,0.5959681506,0.3177710849,0,-1.220444596,4.405411967,-3.183524692
50.07,-64.99876335,0.05294269203,0.5959682786,0.3177709474,0,-1.220437721,4.405399066,-3.183529004
50.08,-64.99877762,0.05294258728,0.5959684071,0.3177708098,0,-1.220430891,4.405386196,-3.183533286
50.09,-64.99879179,0.05294248319,0.595968536,0.317770672,0,-1.220424107,4.405373355,-3.183537536
50.1,-64.99880585,0.05294237977,0.5959686653,0.3177705341,0,-1.220417369,4.405360544,-3.183541756
50.11,-64.99881982,0.052942277,0.5959687951,0.317770396,0,-1.220410676,4.405347763,-3.183545945
50.12,-64.99883368,0.05294217489,0.5959689253,0.3177702578,0,-1.220404028,4.405335012,-3.183550103
50.13,-64.99884743,0.05294207344,0.5959690559,0.3177701195,0,-1.220397426,4.405322291,-3.18355423
50.14,-64.99886109,0.05294197264,0.5959691869,0.317769981,0,-1.220390868,4.4053096,-3.183558327
50.15,-64.99887464,0.05294187251,0.5959693183,0.3177698424,0,-1.220384356,4.40529694,-3.183562393
50.16,-64.99888809,0.05294177302,0.5959694501,0.3177697037,0,-1.220377889,4.405284311,-3.183566428
50.17,-64.99890144,0.0529416742,0.5959695823,0.3177695649,0,-1.220371468,4.405271712,-3.183570433
50.18,-64.99891469,0.05294157603,0.5959697149,0.3177694259,0,-1.220365091,4.405259144,-3.183574407
50.19,-64.99892784,0.05294147851,0.5959698479,0.3177692869,0,-1.220358759,4.405246607,-3.183578351
50.2,-64.99894088,0.05294138164,0.5959699812,0.3177691477,0,-1.220352472,4.405234101,-3.183582264
50.21,-64.99895382,0.05294128543,0.595970115,0.3177690084,0,-1.220346229,4.405221626,-3.183586147
50.22,-64.99896666,0.05294118986,0.5959702491,0.317768869,0,-1.220340032,4.405209182,-3.183589999
50.23,-64.99897941,0.05294109495,0.5959703836,0.3177687295,0,-1.220333879,4.40519677,-3.183593822
50.24,-64.99899205,0.05294100069,0.5959705184,0.3177685899,0,-1.220327771,4.405184388,-3.183597614
50.25,-64.99900459,0.05294090707,0.5959706536,0.3177684502,0,-1.220321707,4.405172039,-3.183601376
50.26,-64.99901703,0.0529408141,0.5959707892,0.3177683104,0,-1.220315688,4.405159721,-3.183605108
50.27,-64.99902936,0.05294072178,0.5959709251,0.3177681705,0,-1.220309713,4.405147435,-3.183608809
50.28,-64.9990416,0.05294063011,0.5959710613,0.3177680305,0,-1.220303782,4.405135181,-3.183612481
50.29,-64.99905374,0.05294053908,0.5959711979,0.3177678905,0,-1.220297896,4.405122958,-3.183616123
50.3,-64.99906578,0.05294044869,0.5959713348,0.3177677503,0,-1.220292054,4.405110768,-3.183619735
50.31,-64.99907772,0.05294035895,0.5959714721,0.3177676101,0,-1.220286255,4.40509861,-3.183623317
50.32,-64.99908956,0.05294026985,0.5959716097,0.3177674698,0,-1.220280501,4.405086483,-3.183626869
50.33,-64.9991013,0.05294018139,0.5959717476,0.3177673294,0,-1.220274791,4.40507439,-3.183630391
50.34,-64.99911295,0.05294009357,0.5959718858,0.317767189,0,-1.220269125,4.405062329,-3.183633884
50.35,-64.99912449,0.05294000639,0.5959720243,0.3177670485,0,-1.220263503,4.4050503,-3.183637347
50.36,-64.99913594,0.05293991984,0.5959721632,0.3177669079,0,-1.220257924,4.405038304,-3.183640781
50.37,-64.99914728,0.05293983394,0.5959723023,0.3177667672,0,-1.220252389,4.40502634,-3.183644185
50.38,-64.99915853,0.05293974867,0.5959724418,0.3177666265,0,-1.220246898,4.405014409,-3.18364756
50.39,-64.99916968,0.05293966404,0.5959725815,0.3177664858,0,-1.22024145,4.405002512,-3.183650905
50.4,-64.99918074,0.05293958004,0.5959727216,0.317766345,0,-1.220236045,4.404990647,-3.183654221
50.41,-64.99919169,0.05293949667,0.5959728619,0.3177662041,0,-1.220230684,4.404978815,-3.183657507
50.42,-64.99920255,0.05293941394,0.5959730025,0.3177660632,0,-1.220225367,4.404967016,-3.183660764
50.43,-64.99921331,0.05293933184,0.5959731434,0.3177659223,0,-1.220220092,4.404955251,-3.183663992
50.44,-64.99922397,0.05293925037,0.5959732846,0.3177657813,0,-1.220214861,4.404943519,-3.183667191
50.45,-64.99923454,0.05293916953,0.595973426,0.3177656402,0,-1.220209672,4.40493182,-3.183670361
50.46,-64.99924501,0.05293908931,0.5959735677,0.3177654991,0,-1.220204527,4.404920155,-3.183673502
50.47,-64.99925538,0.05293900973,0.5959737097,0.317765358,0,-1.220199425,4.404908523,-3.183676614
50.48,-64.99926566,0.05293893077,0.5959738519,0.3177652169,0,-1.220194365,4.404896925,-3.183679697
50.49,-64.99927584,0.05293885243,0.5959739943,0.3177650757,0,-1.220189348,4.404885361,-3.183682751
50.5,-64.99928592,0.05293877472,0.5959741371,0.3177649345,0,-1.220184374,4.40487383,-3.183685777
50.51,-64.99929591,0.05293869763,0.59597428,0.3177647933,0,-1.220179442,4.404862334,-3.183688773
50.52,-64.9993058,0.05293862117,0.5959744232,0.3177646521,0,-1.220174553,4.404850871,-3.183691741
50.53,-64.9993156,0.05293854532,0.5959745667,0.3177645108,0,-1.220169706,4.404839442,-3.183694681
50.54,-64.99932531,0.0529384701,0.5959747103,0.3177643696,0,-1.220164902,4.404828048,-3.183697592
50.55,-64.99933491,0.05293839549,0.5959748542,0.3177642283,0,-1.22016014,4.404816687,-3.183700474
50.56,-64.99934443,0.0529383215,0.5959749984,0.317764087,0,-1.22015542,4.404805361,-3.183703328
50.57,-64.99935385,0.05293824813,0.5959751427,0.3177639457,0,-1.220150742,4.404794069,-3.183706154
50.58,-64.99936317,0.05293817537,0.5959752873,0.3177638044,0,-1.220146106,4.404782812,-3.183708951
50.59,-64.9993724,0.05293810323,0.595975432,0.3177636631,0,-1.220141512,4.404771589,-3.18371172
50.6,-64.99938154,0.0529380317,0.595975577,0.3177635218,0,-1.220136959,4.404760401,-3.183714461
50.61,-64.99939058,0.05293796078,0.5959757222,0.3177633805,0,-1.220132449,4.404749247,-3.183717174
50.62,-64.99939953,0.05293789048,0.5959758676,0.3177632392,0,-1.22012798,4.404738128,-3.183719859
50.63,-64.99940839,0.05293782078,0.5959760131,0.3177630979,0,-1.220123553,4.404727043,-3.183722516
50.64,-64.99941715,0.05293775169,0.5959761589,0.3177629566,0,-1.220119167,4.404715994,-3.183725145
50.65,-64.99942582,0.05293768321,0.5959763048,0.3177628154,0,-1.220114823,4.404704979,-3.183727746
50.66,-64.9994344,0.05293761533,0.595976451,0.3177626741,0,-1.22011052,4.404693999,-3.183730319
50.67,-64.99944288,0.05293754806,0.5959765973,0.3177625329,0,-1.220106258,4.404683054,-3.183732865
50.68,-64.99945128,0.05293748139,0.5959767438,0.3177623917,0,-1.220102037,4.404672145,-3.183735383
50.69,-64.99945958,0.05293741533,0.5959768904,0.3177622505,0,-1.220097858,4.40466127,-3.183737873
50.7,-64.99946779,0.05293734987,0.5959770372,0.3177621094,0,-1.220093719,4.404650431,-3.183740336
50.71,-64.99947591,0.052937285,0.5959771842,0.3177619683,0,-1.220089621,4.404639627,-3.183742772
50.72,-64.99948393,0.05293722074,0.5959773314,0.3177618272,0,-1.220085564,4.404628858,-3.18374518
50.73,-64.99949187,0.05293715707,0.5959774787,0.3177616861,0,-1.220081548,4.404618124,-3.18374756
50.74,-64.99949971,0.052937094,0.5959776261,0.3177615451,0,-1.220077572,4.404607426,-3.183749914
50.75,-64.99950747,0.05293703153,0.5959777737,0.3177614041,0,-1.220073636,4.404596764,-3.18375224
50.76,-64.99951513,0.05293696964,0.5959779215,0.3177612632,0,-1.220069742,4.404586137,-3.183754539
50.77,-64.9995227,0.05293690836,0.5959780693,0.3177611223,0,-1.220065887,4.404575545,-3.183756811
50.78,-64.99953019,0.05293684766,0.5959782174,0.3177609815,0,-1.220062073,4.404564989,-3.183759056
50.79,-64.99953758,0.05293678755,0.5959783655,0.3177608407,0,-1.220058298,4.404554469,-3.183761274
50.8,-64.99954489,0.05293672803,0.5959785138,0.3177606999,0,-1.220054564,4.404543985,-3.183763466
50.81,-64.9995521,0.0529366691,0.5959786622,0.3177605592,0,-1.22005087,4.404533536,-3.18376563
50.82,-64.99955923,0.05293661076,0.5959788107,0.3177604186,0,-1.220047216,4.404523123,-3.183767768
50.83,-64.99956626,0.052936553,0.5959789593,0.317760278,0,-1.220043601,4.404512746,-3.183769879
50.84,-64.99957321,0.05293649582,0.5959791081,0.3177601375,0,-1.220040026,4.404502405,-3.183771964
50.85,-64.99958007,0.05293643923,0.5959792569,0.3177599971,0,-1.220036491,4.4044921,-3.183774022
50.86,-64.99958684,0.05293638322,0.5959794059,0.3177598567,0,-1.220032995,4.404481831,-3.183776053
50.87,-64.99959353,0.05293632779,0.595979555,0.3177597164,0,-1.220029538,4.404471598,-3.183778058
50.88,-64.99960012,0.05293627294,0.5959797041,0.3177595761,0,-1.220026121,4.404461402,-3.183780037
50.89,-64.99960663,0.05293621866,0.5959798534,0.3177594359,0,-1.220022743,4.404451241,-3.18378199
50.9,-64.99961305,0.05293616496,0.5959800027,0.3177592958,0,-1.220019404,4.404441117,-3.183783916
50.91,-64.99961939,0.05293611183,0.5959801521,0.3177591558,0,-1.220016104,4.404431029,-3.183785817
50.92,-64.99962564,0.05293605928,0.5959803017,0.3177590159,0,-1.220012842,4.404420977,-3.183787691
50.93,-64.9996318,0.0529360073,0.5959804512,0.317758876,0,-1.22000962,4.404410961,-3.183789539
50.94,-64.99963787,0.05293595589,0.5959806009,0.3177587362,0,-1.220006436,4.404400982,-3.183791362
50.95,-64.99964386,0.05293590505,0.5959807507,0.3177585966,0,-1.220003291,4.404391039,-3.183793158
50.96,-64.99964976,0.05293585478,0.5959809005,0.317758457,0,-1.220000185,4.404381133,-3.183794929
50.97,-64.99965558,0.05293580507,0.5959810503,0.3177583175,0,-1.219997116,4.404371263,-3.183796675
50.98,-64.99966131,0.05293575593,0.5959812003,0.317758178,0,-1.219994087,4.40436143,-3.183798394
50.99,-64.99966696,0.05293570735,0.5959813503,0.3177580387,0,-1.219991095,4.404351633,-3.183800088
51,-64.99967252,0.05293565934,0.5959815003,0.3177578995,0,-1.219988141,4.404341873,-3.183801757
51.01,-64.999678,0.05293561188,0.5959816504,0.3177577604,0,-1.219985226,4.40433215,-3.1838034
51.02,-64.99968339,0.05293556499,0.5959818005,0.3177576214,0,-1.219982348,4.404322463,-3.183805018
51.03,-64.9996887,0.05293551865,0.5959819507,0.3177574824,0,-1.219979508,4.404312813,-3.183806611
51.04,-64.99969393,0.05293547287,0.595982101,0.3177573436,0,-1.219976706,4.404303199,-3.183808178
51.05,-64.99969907,0.05293542765,0.5959822512,0.3177572049,0,-1.219973941,4.404293622,-3.183809721
51.06,-64.99970413,0.05293538298,0.5959824015,0.3177570664,0,-1.219971214,4.404284082,-3.183811238
51.07,-64.9997091,0.05293533886,0.5959825518,0.3177569279,0,-1.219968524,4.404274579,-3.18381273
51.08,-64.99971399,0.0529352953,0.5959827022,0.3177567895,0,-1.219965872,4.404265113,-3.183814198
51.09,-64.9997188,0.05293525228,0.5959828526,0.3177566513,0,-1.219963257,4.404255684,-3.183815641
51.1,-64.99972353,0.05293520981,0.595983003,0.3177565132,0,-1.219960678,4.404246291,-3.183817059
51.11,-64.99972817,0.05293516789,0.5959831534,0.3177563752,0,-1.219958137,4.404236936,-3.183818452
51.12,-64.99973274,0.05293512652,0.5959833038,0.3177562373,0,-1.219955633,4.404227617,-3.183819821
51.13,-64.99973722,0.05293508569,0.5959834542,0.3177560995,0,-1.219953165,4.404218335,-3.183821165
51.14,-64.99974162,0.0529350454,0.5959836047,0.3177559619,0,-1.219950734,4.40420909,-3.183822485
51.15,-64.99974593,0.05293500565,0.5959837551,0.3177558244,0,-1.21994834,4.404199883,-3.18382378
51.16,-64.99975017,0.05293496644,0.5959839055,0.317755687,0,-1.219945982,4.404190712,-3.183825051
51.17,-64.99975433,0.05293492777,0.595984056,0.3177555498,0,-1.219943661,4.404181578,-3.183826298
51.18,-64.9997584,0.05293488964,0.5959842064,0.3177554127,0,-1.219941375,4.404172482,-3.183827521
51.19,-64.9997624,0.05293485204,0.5959843568,0.3177552758,0,-1.219939126,4.404163422,-3.18382872
51.2,-64.99976632,0.05293481498,0.5959845072,0.3177551389,0,-1.219936913,4.4041544,-3.183829895
51.21,-64.99977015,0.05293477845,0.5959846576,0.3177550023,0,-1.219934736,4.404145415,-3.183831046
51.22,-64.99977391,0.05293474245,0.5959848079,0.3177548657,0,-1.219932595,4.404136467,-3.183832173
51.23,-64.99977759,0.05293470698,0.5959849583,0.3177547294,0,-1.219930489,4.404127556,-3.183833276
51.24,-64.99978118,0.05293467204,0.5959851086,0.3177545931,0,-1.219928419,4.404118682,-3.183834355
51.25,-64.9997847,0.05293463762,0.5959852589,0.317754457,0,-1.219926385,4.404109845,-3.183835411
51.26,-64.99978815,0.05293460373,0.5959854091,0.3177543211,0,-1.219924385,4.404101046,-3.183836444
51.27,-64.99979151,0.05293457036,0.5959855593,0.3177541853,0,-1.219922422,4.404092284,-3.183837453
51.28,-64.99979479,0.05293453751,0.5959857095,0.3177540497,0,-1.219920493,4.404083559,-3.183838438
51.29,-64.999798,0.05293450519,0.5959858596,0.3177539142,0,-1.219918599,4.404074871,-3.1838394
51.3,-64.99980113,0.05293447338,0.5959860097,0.3177537789,0,-1.219916741,4.404066221,-3.183840339
51.31,-64.99980418,0.05293444209,0.5959861597,0.3177536437,0,-1.219914917,4.404057608,-3.183841255
51.32,-64.99980716,0.05293441132,0.5959863097,0.3177535088,0,-1.219913128,4.404049032,-3.183842148
51.33,-64.99981006,0.05293438106,0.5959864597,0.3177533739,0,-1.219911374,4.404040493,-3.183843018
51.34,-64.99981288,0.05293435132,0.5959866095,0.3177532393,0,-1.219909654,4.404031992,-3.183843865
51.35,-64.99981563,0.05293432208,0.5959867593,0.3177531048,0,-1.219907969,4.404023528,-3.183844689
51.36,-64.9998183,0.05293429336,0.5959869091,0.3177529705,0,-1.219906318,4.404015101,-3.18384549
51.37,-64.99982089,0.05293426515,0.5959870587,0.3177528363,0,-1.219904701,4.404006712,-3.183846268
51.38,-64.99982341,0.05293423744,0.5959872083,0.3177527024,0,-1.219903118,4.40399836,-3.183847024
51.39,-64.99982586,0.05293421023,0.5959873579,0.3177525686,0,-1.219901569,4.403990045,-3.183847758
51.4,-64.99982823,0.05293418353,0.5959875073,0.3177524349,0,-1.219900054,4.403981767,-3.183848469
51.41,-64.99983052,0.05293415734,0.5959876567,0.3177523015,0,-1.219898573,4.403973527,-3.183849157
51.42,-64.99983275,0.05293413164,0.595987806,0.3177521682,0,-1.219897126,4.403965324,-3.183849824
51.43,-64.99983489,0.05293410644,0.5959879552,0.3177520352,0,-1.219895712,4.403957159,-3.183850468
51.44,-64.99983696,0.05293408174,0.5959881043,0.3177519023,0,-1.219894331,4.403949031,-3.183851089
51.45,-64.99983896,0.05293405754,0.5959882533,0.3177517696,0,-1.219892984,4.40394094,-3.183851689
51.46,-64.99984089,0.05293403383,0.5959884022,0.317751637,0,-1.21989167,4.403932886,-3.183852267
51.47,-64.99984274,0.05293401061,0.5959885511,0.3177515047,0,-1.219890389,4.40392487,-3.183852823
51.48,-64.99984452,0.05293398789,0.5959886998,0.3177513726,0,-1.219889142,4.403916891,-3.183853357
51.49,-64.99984623,0.05293396565,0.5959888484,0.3177512406,0,-1.219887927,4.40390895,-3.183853869
51.5,-64.99984787,0.0529339439,0.595988997,0.3177511089,0,-1.219886744,4.403901046,-3.18385436
51.51,-64.99984943,0.05293392264,0.5959891454,0.3177509773,0,-1.219885595,4.403893179,-3.183854829
51.52,-64.99985092,0.05293390187,0.5959892937,0.317750846,0,-1.219884478,4.403885349,-3.183855277
51.53,-64.99985234,0.05293388157,0.5959894419,0.3177507148,0,-1.219883393,4.403877557,-3.183855703
51.54,-64.99985369,0.05293386176,0.5959895899,0.3177505839,0,-1.219882341,4.403869802,-3.183856107
51.55,-64.99985497,0.05293384243,0.5959897379,0.3177504531,0,-1.219881321,4.403862084,-3.183856491
51.56,-64.99985618,0.05293382358,0.5959898857,0.3177503226,0,-1.219880333,4.403854404,-3.183856853
51.57,-64.99985731,0.05293380521,0.5959900334,0.3177501922,0,-1.219879377,4.403846761,-3.183857194
51.58,-64.99985838,0.05293378731,0.595990181,0.3177500621,0,-1.219878453,4.403839155,-3.183857514
51.59,-64.99985938,0.05293376988,0.5959903284,0.3177499322,0,-1.219877561,4.403831586,-3.183857813
51.6,-64.9998603,0.05293375293,0.5959904758,0.3177498024,0,-1.2198767,4.403824055,-3.183858091
51.61,-64.99986116,0.05293373645,0.5959906229,0.3177496729,0,-1.219875871,4.403816561,-3.183858349
51.62,-64.99986195,0.05293372044,0.59599077,0.3177495436,0,-1.219875073,4.403809104,-3.183858585
51.63,-64.99986267,0.05293370489,0.5959909169,0.3177494146,0,-1.219874307,4.403801684,-3.183858802
51.64,-64.99986332,0.05293368981,0.5959910636,0.3177492857,0,-1.219873572,4.403794301,-3.183858997
51.65,-64.99986391,0.0529336752,0.5959912102,0.3177491571,0,-1.219872867,4.403786956,-3.183859172
51.66,-64.99986442,0.05293366104,0.5959913567,0.3177490287,0,-1.219872194,4.403779648,-3.183859326
51.67,-64.99986487,0.05293364735,0.595991503,0.3177489005,0,-1.219871552,4.403772377,-3.183859461
51.68,-64.99986525,0.05293363412,0.5959916491,0.3177487725,0,-1.21987094,4.403765143,-3.183859575
51.69,-64.99986556,0.05293362135,0.5959917951,0.3177486448,0,-1.219870359,4.403757946,-3.183859669
51.7,-64.99986581,0.05293360903,0.5959919409,0.3177485172,0,-1.219869809,4.403750787,-3.183859742
51.71,-64.99986599,0.05293359717,0.5959920866,0.3177483899,0,-1.219869289,4.403743664,-3.183859796
51.72,-64.9998661,0.05293358576,0.5959922321,0.3177482629,0,-1.219868799,4.403736579,-3.18385983
51.73,-64.99986615,0.0529335748,0.5959923774,0.317748136,0,-1.219868339,4.403729531,-3.183859844
51.74,-64.99986613,0.05293356429,0.5959925226,0.3177480094,0,-1.21986791,4.403722519,-3.183859838
51.75,-64.99986604,0.05293355423,0.5959926676,0.3177478831,0,-1.21986751,4.403715545,-3.183859812
51.76,-64.99986589,0.05293354462,0.5959928124,0.3177477569,0,-1.21986714,4.403708608,-3.183859767
51.77,-64.99986568,0.05293353545,0.595992957,0.317747631,0,-1.2198668,4.403701707,-3.183859703
51.78,-64.99986539,0.05293352672,0.5959931015,0.3177475054,0,-1.219866489,4.403694844,-3.183859618
51.79,-64.99986505,0.05293351844,0.5959932458,0.3177473799,0,-1.219866208,4.403688017,-3.183859515
51.8,-64.99986464,0.05293351059,0.5959933899,0.3177472548,0,-1.219865957,4.403681228,-3.183859392
51.81,-64.99986417,0.05293350319,0.5959935338,0.3177471298,0,-1.219865734,4.403674475,-3.18385925
51.82,-64.99986363,0.05293349622,0.5959936775,0.3177470051,0,-1.219865541,4.403667759,-3.183859089
51.83,-64.99986303,0.05293348968,0.595993821,0.3177468807,0,-1.219865376,4.40366108,-3.183858909
51.84,-64.99986237,0.05293348358,0.5959939643,0.3177467565,0,-1.219865241,4.403654438,-3.18385871
51.85,-64.99986164,0.05293347791,0.5959941075,0.3177466325,0,-1.219865134,4.403647833,-3.183858492
51.86,-64.99986085,0.05293347268,0.5959942504,0.3177465088,0,-1.219865056,4.403641264,-3.183858255
51.87,-64.99986,0.05293346787,0.5959943931,0.3177463853,0,-1.219865007,4.403634732,-3.183858
51.88,-64.99985909,0.05293346348,0.5959945357,0.3177462621,0,-1.219864986,4.403628237,-3.183857726
51.89,-64.99985811,0.05293345952,0.595994678,0.3177461391,0,-1.219864993,4.403621779,-3.183857433
51.9,-64.99985707,0.05293345599,0.5959948201,0.3177460164,0,-1.219865028,4.403615357,-3.183857122
51.91,-64.99985597,0.05293345288,0.595994962,0.317745894,0,-1.219865092,4.403608972,-3.183856792
51.92,-64.99985481,0.05293345018,0.5959951037,0.3177457718,0,-1.219865184,4.403602623,-3.183856444
51.93,-64.99985359,0.05293344791,0.5959952452,0.3177456498,0,-1.219865303,4.403596311,-3.183856078
51.94,-64.99985231,0.05293344605,0.5959953864,0.3177455282,0,-1.21986545,4.403590036,-3.183855694
51.95,-64.99985097,0.05293344461,0.5959955275,0.3177454067,0,-1.219865625,4.403583797,-3.183855292
51.96,-64.99984957,0.05293344358,0.5959956683,0.3177452856,0,-1.219865827,4.403577594,-3.183854871
51.97,-64.99984811,0.05293344296,0.5959958089,0.3177451647,0,-1.219866057,4.403571428,-3.183854433
51.98,-64.99984659,0.05293344276,0.5959959493,0.317745044,0,-1.219866314,4.403565298,-3.183853977
51.99,-64.99984501,0.05293344296,0.5959960894,0.3177449237,0,-1.219866598,4.403559205,-3.183853503
52,-64.99984337,0.05293344357,0.5959962293,0.3177448035,0,-1.219866909,4.403553148,-3.183853012
52.01,-64.99984168,0.05293344459,0.595996369,0.3177446837,0,-1.219867247,4.403547127,-3.183852503
52.02,-64.99983992,0.052933446,0.5959965084,0.3177445641,0,-1.219867612,4.403541143,-3.183851976
52.03,-64.99983811,0.05293344782,0.5959966476,0.3177444448,0,-1.219868003,4.403535195,-3.183851432
52.04,-64.99983623,0.05293345005,0.5959967866,0.3177443258,0,-1.219868421,4.403529283,-3.18385087
52.05,-64.99983431,0.05293345266,0.5959969253,0.317744207,0,-1.219868866,4.403523407,-3.183850292
52.06,-64.99983232,0.05293345568,0.5959970638,0.3177440885,0,-1.219869337,4.403517567,-3.183849696
52.07,-64.99983028,0.05293345909,0.595997202,0.3177439703,0,-1.219869834,4.403511763,-3.183849083
52.08,-64.99982818,0.0529334629,0.59599734,0.3177438524,0,-1.219870357,4.403505996,-3.183848453
52.09,-64.99982602,0.0529334671,0.5959974777,0.3177437347,0,-1.219870907,4.403500264,-3.183847806
52.1,-64.99982381,0.05293347168,0.5959976152,0.3177436173,0,-1.219871482,4.403494569,-3.183847142
52.11,-64.99982154,0.05293347666,0.5959977525,0.3177435002,0,-1.219872083,4.403488909,-3.183846462
52.12,-64.99981922,0.05293348202,0.5959978894,0.3177433834,0,-1.219872709,4.403483285,-3.183845765
52.13,-64.99981684,0.05293348777,0.5959980262,0.3177432668,0,-1.219873361,4.403477697,-3.183845051
52.14,-64.9998144,0.0529334939,0.5959981626,0.3177431505,0,-1.219874038,4.403472145,-3.18384432
52.15,-64.99981191,0.05293350042,0.5959982988,0.3177430345,0,-1.219874741,4.403466628,-3.183843574
52.16,-64.99980937,0.05293350731,0.5959984348,0.3177429188,0,-1.219875469,4.403461148,-3.18384281
52.17,-64.99980677,0.05293351458,0.5959985704,0.3177428034,0,-1.219876222,4.403455703,-3.183842031
52.18,-64.99980412,0.05293352223,0.5959987058,0.3177426883,0,-1.219877,4.403450293,-3.183841235
52.19,-64.99980141,0.05293353026,0.595998841,0.3177425734,0,-1.219877803,4.403444919,-3.183840423
52.2,-64.99979865,0.05293353866,0.5959989758,0.3177424588,0,-1.21987863,4.403439581,-3.183839595
52.21,-64.99979584,0.05293354743,0.5959991104,0.3177423446,0,-1.219879482,4.403434278,-3.183838751
52.22,-64.99979297,0.05293355657,0.5959992448,0.3177422306,0,-1.219880359,4.403429011,-3.183837892
52.23,-64.99979005,0.05293356608,0.5959993788,0.3177421169,0,-1.219881259,4.403423779,-3.183837016
52.24,-64.99978708,0.05293357596,0.5959995126,0.3177420035,0,-1.219882185,4.403418583,-3.183836125
52.25,-64.99978406,0.0529335862,0.5959996461,0.3177418903,0,-1.219883134,4.403413421,-3.183835218
52.26,-64.99978098,0.0529335968,0.5959997793,0.3177417775,0,-1.219884107,4.403408295,-3.183834295
52.27,-64.99977786,0.05293360777,0.5959999122,0.317741665,0,-1.219885104,4.403403205,-3.183833357
52.28,-64.99977468,0.0529336191,0.5960000448,0.3177415527,0,-1.219886125,4.403398149,-3.183832404
52.29,-64.99977145,0.05293363078,0.5960001772,0.3177414408,0,-1.21988717,4.403393129,-3.183831435
52.3,-64.99976817,0.05293364283,0.5960003092,0.3177413292,0,-1.219888238,4.403388143,-3.183830451
52.31,-64.99976484,0.05293365522,0.596000441,0.3177412178,0,-1.219889329,4.403383193,-3.183829451
52.32,-64.99976146,0.05293366798,0.5960005725,0.3177411068,0,-1.219890444,4.403378277,-3.183828437
52.33,-64.99975803,0.05293368108,0.5960007036,0.317740996,0,-1.219891582,4.403373397,-3.183827408
52.34,-64.99975455,0.05293369453,0.5960008345,0.3177408855,0,-1.219892743,4.403368551,-3.183826364
52.35,-64.99975102,0.05293370833,0.5960009651,0.3177407754,0,-1.219893927,4.403363741,-3.183825305
52.36,-64.99974744,0.05293372248,0.5960010954,0.3177406655,0,-1.219895134,4.403358965,-3.183824231
52.37,-64.99974381,0.05293373698,0.5960012254,0.317740556,0,-1.219896364,4.403354223,-3.183823142
52.38,-64.99974013,0.05293375181,0.5960013551,0.3177404467,0,-1.219897616,4.403349517,-3.183822039
52.39,-64.9997364,0.05293376699,0.5960014844,0.3177403378,0,-1.219898891,4.403344845,-3.183820921
52.4,-64.99973263,0.05293378251,0.5960016135,0.3177402292,0,-1.219900188,4.403340207,-3.183819789
52.41,-64.99972881,0.05293379837,0.5960017423,0.3177401208,0,-1.219901507,4.403335604,-3.183818643
52.42,-64.99972494,0.05293381456,0.5960018707,0.3177400128,0,-1.219902849,4.403331036,-3.183817482
52.43,-64.99972102,0.05293383109,0.5960019989,0.3177399051,0,-1.219904212,4.403326501,-3.183816307
52.44,-64.99971706,0.05293384796,0.5960021267,0.3177397977,0,-1.219905598,4.403322002,-3.183815118
52.45,-64.99971305,0.05293386515,0.5960022543,0.3177396906,0,-1.219907005,4.403317536,-3.183813915
52.46,-64.99970899,0.05293388268,0.5960023815,0.3177395838,0,-1.219908434,4.403313105,-3.183812698
52.47,-64.99970489,0.05293390053,0.5960025083,0.3177394773,0,-1.219909885,4.403308708,-3.183811467
52.48,-64.99970074,0.05293391871,0.5960026349,0.3177393711,0,-1.219911357,4.403304345,-3.183810222
52.49,-64.99969654,0.05293393722,0.5960027612,0.3177392652,0,-1.21991285,4.403300016,-3.183808963
52.5,-64.9996923,0.05293395605,0.5960028871,0.3177391597,0,-1.219914365,4.403295721,-3.183807691
52.51,-64.99968802,0.0529339752,0.5960030127,0.3177390545,0,-1.2199159,4.40329146,-3.183806405
52.52,-64.99968369,0.05293399467,0.596003138,0.3177389495,0,-1.219917457,4.403287233,-3.183805106
52.53,-64.99967931,0.05293401446,0.596003263,0.3177388449,0,-1.219919034,4.403283039,-3.183803793
52.54,-64.99967489,0.05293403456,0.5960033876,0.3177387406,0,-1.219920633,4.40327888,-3.183802467
52.55,-64.99967043,0.05293405498,0.5960035119,0.3177386366,0,-1.219922252,4.403274754,-3.183801128
52.56,-64.99966592,0.05293407572,0.5960036359,0.317738533,0,-1.219923891,4.403270662,-3.183799776
52.57,-64.99966137,0.05293409676,0.5960037595,0.3177384296,0,-1.219925551,4.403266603,-3.18379841
52.58,-64.99965677,0.05293411812,0.5960038828,0.3177383266,0,-1.219927231,4.403262578,-3.183797031
52.59,-64.99965213,0.05293413979,0.5960040058,0.3177382239,0,-1.219928932,4.403258587,-3.18379564
52.6,-64.99964745,0.05293416176,0.5960041284,0.3177381215,0,-1.219930652,4.403254628,-3.183794236
52.61,-64.99964273,0.05293418404,0.5960042507,0.3177380194,0,-1.219932393,4.403250703,-3.183792818
52.62,-64.99963796,0.05293420662,0.5960043727,0.3177379177,0,-1.219934153,4.403246812,-3.183791389
52.63,-64.99963315,0.0529342295,0.5960044943,0.3177378162,0,-1.219935933,4.403242953,-3.183789946
52.64,-64.9996283,0.05293425268,0.5960046156,0.3177377151,0,-1.219937732,4.403239128,-3.183788491
52.65,-64.99962341,0.05293427616,0.5960047365,0.3177376143,0,-1.219939552,4.403235336,-3.183787024
52.66,-64.99961848,0.05293429994,0.5960048571,0.3177375139,0,-1.21994139,4.403231577,-3.183785544
52.67,-64.9996135,0.05293432401,0.5960049774,0.3177374137,0,-1.219943248,4.403227851,-3.183784051
52.68,-64.99960849,0.05293434838,0.5960050973,0.3177373139,0,-1.219945125,4.403224157,-3.183782547
52.69,-64.99960343,0.05293437304,0.5960052169,0.3177372144,0,-1.219947021,4.403220497,-3.18378103
52.7,-64.99959834,0.05293439799,0.5960053361,0.3177371152,0,-1.219948936,4.403216869,-3.183779502
52.71,-64.9995932,0.05293442323,0.5960054549,0.3177370164,0,-1.21995087,4.403213274,-3.183777961
52.72,-64.99958803,0.05293444875,0.5960055734,0.3177369179,0,-1.219952822,4.403209712,-3.183776408
52.73,-64.99958281,0.05293447456,0.5960056916,0.3177368197,0,-1.219954793,4.403206182,-3.183774844
52.74,-64.99957756,0.05293450066,0.5960058094,0.3177367218,0,-1.219956783,4.403202685,-3.183773268
52.75,-64.99957227,0.05293452703,0.5960059268,0.3177366242,0,-1.219958791,4.40319922,-3.18377168
52.76,-64.99956693,0.05293455369,0.5960060439,0.317736527,0,-1.219960817,4.403195787,-3.18377008
52.77,-64.99956156,0.05293458063,0.5960061607,0.3177364301,0,-1.219962861,4.403192387,-3.183768469
52.78,-64.99955616,0.05293460784,0.596006277,0.3177363336,0,-1.219964923,4.403189019,-3.183766847
52.79,-64.99955071,0.05293463533,0.5960063931,0.3177362374,0,-1.219967004,4.403185683,-3.183765213
52.8,-64.99954522,0.05293466309,0.5960065087,0.3177361415,0,-1.219969102,4.403182379,-3.183763567
52.81,-64.9995397,0.05293469113,0.596006624,0.3177360459,0,-1.219971217,4.403179107,-3.183761911
52.82,-64.99953414,0.05293471943,0.596006739,0.3177359506,0,-1.219973351,4.403175868,-3.183760243
52.83,-64.99952855,0.05293474801,0.5960068535,0.3177358557,0,-1.219975502,4.40317266,-3.183758565
52.84,-64.99952292,0.05293477685,0.5960069677,0.3177357611,0,-1.21997767,4.403169484,-3.183756875
52.85,-64.99951725,0.05293480595,0.5960070816,0.3177356669,0,-1.219979855,4.403166339,-3.183755174
52.86,-64.99951154,0.05293483533,0.596007195,0.317735573,0,-1.219982058,4.403163227,-3.183753463
52.87,-64.9995058,0.05293486496,0.5960073081,0.3177354794,0,-1.219984277,4.403160146,-3.18375174
52.88,-64.99950003,0.05293489486,0.5960074209,0.3177353862,0,-1.219986514,4.403157096,-3.183750008
52.89,-64.99949421,0.05293492501,0.5960075332,0.3177352932,0,-1.219988767,4.403154078,-3.183748264
52.9,-64.99948837,0.05293495542,0.5960076452,0.3177352007,0,-1.219991037,4.403151091,-3.18374651
52.91,-64.99948248,0.05293498609,0.5960077569,0.3177351084,0,-1.219993323,4.403148136,-3.183744745
52.92,-64.99947657,0.05293501701,0.5960078681,0.3177350165,0,-1.219995626,4.403145212,-3.18374297
52.93,-64.99947062,0.05293504819,0.596007979,0.3177349249,0,-1.219997946,4.403142319,-3.183741185
52.94,-64.99946463,0.05293507962,0.5960080895,0.3177348337,0,-1.220000281,4.403139457,-3.183739389
52.95,-64.99945861,0.05293511129,0.5960081996,0.3177347428,0,-1.220002633,4.403136626,-3.183737584
52.96,-64.99945256,0.05293514322,0.5960083093,0.3177346522,0,-1.220005001,4.403133826,-3.183735768
52.97,-64.99944647,0.05293517539,0.5960084187,0.3177345619,0,-1.220007384,4.403131057,-3.183733942
52.98,-64.99944035,0.0529352078,0.5960085277,0.317734472,0,-1.220009784,4.403128319,-3.183732106
52.99,-64.9994342,0.05293524046,0.5960086363,0.3177343825,0,-1.220012199,4.403125611,-3.183730261
53,-64.99942802,0.05293527336,0.5960087445,0.3177342932,0,-1.22001463,4.403122935,-3.183728405
53.01,-64.9994218,0.0529353065,0.5960088524,0.3177342044,0,-1.220017076,4.403120288,-3.18372654
53.02,-64.99941555,0.05293533988,0.5960089599,0.3177341158,0,-1.220019537,4.403117673,-3.183724665
53.03,-64.99940927,0.0529353735,0.5960090669,0.3177340276,0,-1.220022014,4.403115087,-3.183722781
53.04,-64.99940296,0.05293540735,0.5960091736,0.3177339397,0,-1.220024506,4.403112532,-3.183720887
53.05,-64.99939661,0.05293544143,0.59600928,0.3177338522,0,-1.220027013,4.403110008,-3.183718984
53.06,-64.99939024,0.05293547575,0.5960093859,0.317733765,0,-1.220029535,4.403107513,-3.183717071
53.07,-64.99938383,0.0529355103,0.5960094914,0.3177336781,0,-1.220032072,4.403105049,-3.183715149
53.08,-64.99937739,0.05293554507,0.5960095966,0.3177335916,0,-1.220034623,4.403102615,-3.183713218
53.09,-64.99937093,0.05293558008,0.5960097013,0.3177335054,0,-1.220037189,4.40310021,-3.183711278
53.1,-64.99936443,0.0529356153,0.5960098057,0.3177334195,0,-1.22003977,4.403097836,-3.183709329
53.11,-64.9993579,0.05293565076,0.5960099097,0.317733334,0,-1.220042365,4.403095491,-3.18370737
53.12,-64.99935134,0.05293568643,0.5960100133,0.3177332489,0,-1.220044974,4.403093176,-3.183705403
53.13,-64.99934476,0.05293572233,0.5960101165,0.3177331641,0,-1.220047597,4.403090891,-3.183703427
53.14,-64.99933814,0.05293575845,0.5960102193,0.3177330796,0,-1.220050235,4.403088635,-3.183701442
53.15,-64.9993315,0.05293579478,0.5960103217,0.3177329954,0,-1.220052886,4.403086409,-3.183699449
53.16,-64.99932482,0.05293583133,0.5960104238,0.3177329116,0,-1.220055552,4.403084213,-3.183697447
53.17,-64.99931812,0.0529358681,0.5960105254,0.3177328282,0,-1.220058231,4.403082045,-3.183695436
53.18,-64.99931139,0.05293590508,0.5960106266,0.317732745,0,-1.220060923,4.403079907,-3.183693417
53.19,-64.99930463,0.05293594227,0.5960107275,0.3177326623,0,-1.220063629,4.403077798,-3.18369139
53.2,-64.99929785,0.05293597967,0.5960108279,0.3177325798,0,-1.220066349,4.403075718,-3.183689354
53.21,-64.99929103,0.05293601727,0.596010928,0.3177324977,0,-1.220069082,4.403073668,-3.18368731
53.22,-64.99928419,0.05293605509,0.5960110276,0.317732416,0,-1.220071828,4.403071646,-3.183685258
53.23,-64.99927732,0.05293609311,0.5960111269,0.3177323346,0,-1.220074587,4.403069653,-3.183683197
53.24,-64.99927043,0.05293613134,0.5960112257,0.3177322535,0,-1.22007736,4.403067689,-3.183681129
53.25,-64.99926351,0.05293616976,0.5960113242,0.3177321728,0,-1.220080145,4.403065753,-3.183679052
53.26,-64.99925656,0.05293620839,0.5960114222,0.3177320924,0,-1.220082943,4.403063846,-3.183676968
53.27,-64.99924959,0.05293624722,0.5960115199,0.3177320123,0,-1.220085753,4.403061968,-3.183674876
53.28,-64.99924259,0.05293628624,0.5960116171,0.3177319326,0,-1.220088576,4.403060118,-3.183672776
53.29,-64.99923556,0.05293632546,0.596011714,0.3177318533,0,-1.220091412,4.403058297,-3.183670669
53.3,-64.99922851,0.05293636488,0.5960118104,0.3177317743,0,-1.22009426,4.403056504,-3.183668554
53.31,-64.99922144,0.05293640449,0.5960119065,0.3177316956,0,-1.22009712,4.403054739,-3.183666431
53.32,-64.99921434,0.05293644429,0.5960120021,0.3177316173,0,-1.220099993,4.403053002,-3.183664301
53.33,-64.99920721,0.05293648428,0.5960120973,0.3177315393,0,-1.220102877,4.403051293,-3.183662163
53.34,-64.99920006,0.05293652446,0.5960121922,0.3177314616,0,-1.220105774,4.403049613,-3.183660018
53.35,-64.99919289,0.05293656483,0.5960122866,0.3177313843,0,-1.220108682,4.40304796,-3.183657866
53.36,-64.99918569,0.05293660538,0.5960123806,0.3177313074,0,-1.220111602,4.403046335,-3.183655707
53.37,-64.99917847,0.05293664611,0.5960124742,0.3177312308,0,-1.220114534,4.403044737,-3.18365354
53.38,-64.99917122,0.05293668703,0.5960125674,0.3177311545,0,-1.220117477,4.403043168,-3.183651367
53.39,-64.99916395,0.05293672813,0.5960126602,0.3177310785,0,-1.220120432,4.403041626,-3.183649186
53.4,-64.99915666,0.05293676941,0.5960127526,0.317731003,0,-1.220123398,4.403040111,-3.183646999
53.41,-64.99914935,0.05293681087,0.5960128446,0.3177309277,0,-1.220126375,4.403038624,-3.183644805
53.42,-64.99914201,0.0529368525,0.5960129362,0.3177308528,0,-1.220129364,4.403037164,-3.183642603
53.43,-64.99913465,0.05293689431,0.5960130274,0.3177307783,0,-1.220132363,4.403035731,-3.183640396
53.44,-64.99912727,0.05293693629,0.5960131181,0.3177307041,0,-1.220135374,4.403034326,-3.183638181
53.45,-64.99911987,0.05293697844,0.5960132085,0.3177306302,0,-1.220138395,4.403032947,-3.18363596
53.46,-64.99911244,0.05293702077,0.5960132984,0.3177305567,0,-1.220141427,4.403031595,-3.183633733
53.47,-64.999105,0.05293706326,0.5960133879,0.3177304835,0,-1.220144469,4.403030271,-3.183631499
53.48,-64.99909753,0.05293710592,0.596013477,0.3177304106,0,-1.220147522,4.403028973,-3.183629259
53.49,-64.99909004,0.05293714875,0.5960135657,0.3177303381,0,-1.220150586,4.403027702,-3.183627012
53.5,-64.99908253,0.05293719174,0.596013654,0.317730266,0,-1.22015366,4.403026457,-3.183624759
53.51,-64.999075,0.05293723489,0.5960137419,0.3177301942,0,-1.220156744,4.403025239,-3.1836225
53.52,-64.99906745,0.05293727821,0.5960138294,0.3177301227,0,-1.220159838,4.403024048,-3.183620235
53.53,-64.99905988,0.05293732168,0.5960139164,0.3177300516,0,-1.220162942,4.403022883,-3.183617964
53.54,-64.99905229,0.05293736532,0.5960140031,0.3177299808,0,-1.220166056,4.403021744,-3.183615687
53.55,-64.99904468,0.05293740911,0.5960140893,0.3177299103,0,-1.22016918,4.403020631,-3.183613404
53.56,-64.99903705,0.05293745306,0.5960141751,0.3177298402,0,-1.220172314,4.403019545,-3.183611116
53.57,-64.9990294,0.05293749716,0.5960142605,0.3177297705,0,-1.220175457,4.403018484,-3.183608821
53.58,-64.99902174,0.05293754142,0.5960143455,0.3177297011,0,-1.22017861,4.40301745,-3.183606521
53.59,-64.99901405,0.05293758582,0.5960144301,0.317729632,0,-1.220181772,4.403016441,-3.183604215
53.6,-64.99900635,0.05293763038,0.5960145142,0.3177295633,0,-1.220184943,4.403015458,-3.183601904
53.61,-64.99899862,0.05293767509,0.596014598,0.3177294949,0,-1.220188124,4.403014501,-3.183599587
53.62,-64.99899088,0.05293771994,0.5960146813,0.3177294269,0,-1.220191314,4.403013569,-3.183597264
53.63,-64.99898312,0.05293776494,0.5960147642,0.3177293592,0,-1.220194513,4.403012663,-3.183594937
53.64,-64.99897535,0.05293781008,0.5960148467,0.3177292918,0,-1.220197721,4.403011782,-3.183592604
53.65,-64.99896755,0.05293785536,0.5960149288,0.3177292248,0,-1.220200938,4.403010927,-3.183590265
53.66,-64.99895974,0.05293790079,0.5960150104,0.3177291581,0,-1.220204163,4.403010097,-3.183587922
53.67,-64.99895191,0.05293794636,0.5960150917,0.3177290918,0,-1.220207397,4.403009292,-3.183585574
53.68,-64.99894407,0.05293799206,0.5960151725,0.3177290258,0,-1.22021064,4.403008512,-3.18358322
53.69,-64.9989362,0.0529380379,0.5960152529,0.3177289601,0,-1.220213891,4.403007757,-3.183580861
53.7,-64.99892833,0.05293808388,0.5960153329,0.3177288948,0,-1.220217151,4.403007027,-3.183578498
53.71,-64.99892043,0.05293812999,0.5960154125,0.3177288298,0,-1.220220418,4.403006322,-3.18357613
53.72,-64.99891252,0.05293817624,0.5960154916,0.3177287652,0,-1.220223694,4.403005642,-3.183573757
53.73,-64.9989046,0.05293822261,0.5960155703,0.3177287009,0,-1.220226978,4.403004986,-3.183571379
53.74,-64.99889665,0.05293826912,0.5960156487,0.317728637,0,-1.22023027,4.403004355,-3.183568996
53.75,-64.9988887,0.05293831576,0.5960157266,0.3177285733,0,-1.22023357,4.403003748,-3.183566609
53.76,-64.99888073,0.05293836252,0.596015804,0.3177285101,0,-1.220236878,4.403003165,-3.183564218
53.77,-64.99887274,0.05293840941,0.5960158811,0.3177284471,0,-1.220240193,4.403002607,-3.183561822
53.78,-64.99886474,0.05293845642,0.5960159578,0.3177283846,0,-1.220243516,4.403002073,-3.183559421
53.79,-64.99885672,0.05293850355,0.596016034,0.3177283223,0,-1.220246847,4.403001563,-3.183557017
53.8,-64.99884869,0.05293855081,0.5960161098,0.3177282604,0,-1.220250185,4.403001078,-3.183554608
53.81,-64.99884065,0.05293859819,0.5960161852,0.3177281988,0,-1.22025353,4.403000616,-3.183552194
53.82,-64.99883259,0.05293864569,0.5960162602,0.3177281376,0,-1.220256882,4.403000178,-3.183549777
53.83,-64.99882452,0.0529386933,0.5960163347,0.3177280767,0,-1.220260242,4.402999763,-3.183547356
53.84,-64.99881643,0.05293874103,0.5960164088,0.3177280161,0,-1.220263609,4.402999373,-3.18354493
53.85,-64.99880834,0.05293878888,0.5960164825,0.3177279559,0,-1.220266982,4.402999006,-3.183542501
53.86,-64.99880022,0.05293883683,0.5960165558,0.317727896,0,-1.220270362,4.402998662,-3.183540067
53.87,-64.9987921,0.05293888491,0.5960166287,0.3177278365,0,-1.22027375,4.402998342,-3.18353763
53.88,-64.99878396,0.05293893309,0.5960167012,0.3177277773,0,-1.220277144,4.402998045,-3.183535189
53.89,-64.99877581,0.05293898138,0.5960167732,0.3177277184,0,-1.220280544,4.402997771,-3.183532744
53.9,-64.99876765,0.05293902978,0.5960168448,0.3177276598,0,-1.220283951,4.40299752,-3.183530296
53.91,-64.99875948,0.05293907828,0.596016916,0.3177276016,0,-1.220287364,4.402997293,-3.183527844
53.92,-64.99875129,0.05293912689,0.5960169868,0.3177275438,0,-1.220290784,4.402997088,-3.183525388
53.93,-64.9987431,0.05293917561,0.5960170572,0.3177274862,0,-1.22029421,4.402996907,-3.183522929
53.94,-64.99873489,0.05293922443,0.5960171271,0.3177274291,0,-1.220297642,4.402996748,-3.183520467
53.95,-64.99872667,0.05293927335,0.5960171966,0.3177273722,0,-1.22030108,4.402996611,-3.183518001
53.96,-64.99871844,0.05293932237,0.5960172657,0.3177273157,0,-1.220304524,4.402996498,-3.183515532
53.97,-64.9987102,0.05293937148,0.5960173344,0.3177272595,0,-1.220307974,4.402996406,-3.18351306
53.98,-64.99870195,0.0529394207,0.5960174027,0.3177272036,0,-1.220311429,4.402996337,-3.183510585
53.99,-64.99869369,0.05293947001,0.5960174705,0.3177271481,0,-1.22031489,4.402996291,-3.183508106
54,-64.99868541,0.05293951942,0.5960175379,0.3177270929,0,-1.220318357,4.402996267,-3.183505624
54.01,-64.99867713,0.05293956892,0.5960176049,0.3177270381,0,-1.22032183,4.402996264,-3.18350314
54.02,-64.99866884,0.05293961851,0.5960176715,0.3177269835,0,-1.220325308,4.402996284,-3.183500652
54.03,-64.99866054,0.05293966819,0.5960177377,0.3177269293,0,-1.220328791,4.402996326,-3.183498162
54.04,-64.99865223,0.05293971796,0.5960178035,0.3177268755,0,-1.220332279,4.40299639,-3.183495668
54.05,-64.99864391,0.05293976782,0.5960178688,0.317726822,0,-1.220335773,4.402996475,-3.183493172
54.06,-64.99863558,0.05293981777,0.5960179337,0.3177267688,0,-1.220339271,4.402996582,-3.183490674
54.07,-64.99862724,0.05293986781,0.5960179982,0.3177267159,0,-1.220342775,4.402996711,-3.183488172
54.08,-64.99861889,0.05293991792,0.5960180623,0.3177266634,0,-1.220346283,4.402996861,-3.183485668
54.09,-64.99861054,0.05293996812,0.5960181259,0.3177266112,0,-1.220349797,4.402997033,-3.183483162
54.1,-64.99860218,0.05294001841,0.5960181892,0.3177265593,0,-1.220353315,4.402997226,-3.183480653
54.11,-64.9985938,0.05294006877,0.596018252,0.3177265078,0,-1.220356837,4.40299744,-3.183478141
54.12,-64.99858542,0.05294011921,0.5960183144,0.3177264565,0,-1.220360364,4.402997676,-3.183475627
54.13,-64.99857704,0.05294016973,0.5960183764,0.3177264057,0,-1.220363896,4.402997932,-3.183473111
54.14,-64.99856864,0.05294022033,0.596018438,0.3177263551,0,-1.220367432,4.402998209,-3.183470593
54.15,-64.99856024,0.052940271,0.5960184991,0.3177263049,0,-1.220370972,4.402998508,-3.183468072
54.16,-64.99855183,0.05294032175,0.5960185599,0.317726255,0,-1.220374517,4.402998826,-3.18346555
54.17,-64.99854342,0.05294037257,0.5960186202,0.3177262054,0,-1.220378066,4.402999166,-3.183463025
54.18,-64.99853499,0.05294042346,0.5960186801,0.3177261562,0,-1.220381618,4.402999526,-3.183460498
54.19,-64.99852657,0.05294047442,0.5960187396,0.3177261072,0,-1.220385175,4.402999907,-3.18345797
54.2,-64.99851813,0.05294052545,0.5960187987,0.3177260586,0,-1.220388735,4.403000308,-3.183455439
54.21,-64.99850969,0.05294057655,0.5960188573,0.3177260104,0,-1.2203923,4.40300073,-3.183452906
54.22,-64.99850124,0.05294062771,0.5960189156,0.3177259624,0,-1.220395868,4.403001172,-3.183450372
54.23,-64.99849279,0.05294067895,0.5960189734,0.3177259148,0,-1.22039944,4.403001633,-3.183447836
54.24,-64.99848433,0.05294073024,0.5960190308,0.3177258675,0,-1.220403015,4.403002115,-3.183445298
54.25,-64.99847586,0.0529407816,0.5960190878,0.3177258206,0,-1.220406593,4.403002617,-3.183442759
54.26,-64.99846739,0.05294083302,0.5960191444,0.3177257739,0,-1.220410175,4.403003139,-3.183440218
54.27,-64.99845892,0.0529408845,0.5960192005,0.3177257276,0,-1.220413761,4.40300368,-3.183437675
54.28,-64.99845044,0.05294093604,0.5960192563,0.3177256816,0,-1.220417349,4.403004242,-3.183435131
54.29,-64.99844195,0.05294098764,0.5960193116,0.3177256359,0,-1.220420941,4.403004822,-3.183432586
54.3,-64.99843346,0.0529410393,0.5960193666,0.3177255906,0,-1.220424536,4.403005423,-3.183430039
54.31,-64.99842497,0.05294109101,0.5960194211,0.3177255455,0,-1.220428134,4.403006042,-3.183427491
54.32,-64.99841647,0.05294114277,0.5960194752,0.3177255008,0,-1.220431734,4.403006681,-3.183424942
54.33,-64.99840797,0.05294119459,0.5960195289,0.3177254564,0,-1.220435338,4.40300734,-3.183422391
54.34,-64.99839946,0.05294124646,0.5960195822,0.3177254123,0,-1.220438944,4.403008017,-3.183419839
54.35,-64.99839095,0.05294129839,0.596019635,0.3177253686,0,-1.220442553,4.403008713,-3.183417286
54.36,-64.99838244,0.05294135036,0.5960196875,0.3177253251,0,-1.220446164,4.403009429,-3.183414733
54.37,-64.99837393,0.05294140238,0.5960197395,0.317725282,0,-1.220449778,4.403010163,-3.183412178
54.38,-64.99836541,0.05294145445,0.5960197912,0.3177252392,0,-1.220453394,4.403010916,-3.183409622
54.39,-64.99835688,0.05294150657,0.5960198424,0.3177251967,0,-1.220457013,4.403011688,-3.183407065
54.4,-64.99834836,0.05294155873,0.5960198932,0.3177251546,0,-1.220460634,4.403012478,-3.183404508
54.41,-64.99833983,0.05294161093,0.5960199436,0.3177251127,0,-1.220464257,4.403013287,-3.183401949
54.42,-64.9983313,0.05294166318,0.5960199936,0.3177250712,0,-1.220467882,4.403014114,-3.18339939
54.43,-64.99832277,0.05294171547,0.5960200432,0.31772503,0,-1.220471509,4.40301496,-3.18339683
54.44,-64.99831423,0.0529417678,0.5960200924,0.3177249891,0,-1.220475139,4.403015823,-3.18339427
54.45,-64.9983057,0.05294182016,0.5960201411,0.3177249485,0,-1.22047877,4.403016705,-3.183391709
54.46,-64.99829716,0.05294187257,0.5960201895,0.3177249082,0,-1.220482403,4.403017605,-3.183389147
54.47,-64.99828862,0.05294192502,0.5960202374,0.3177248682,0,-1.220486037,4.403018523,-3.183386585
54.48,-64.99828008,0.0529419775,0.596020285,0.3177248286,0,-1.220489673,4.403019459,-3.183384023
54.49,-64.99827153,0.05294203001,0.5960203321,0.3177247893,0,-1.220493311,4.403020413,-3.18338146
54.5,-64.99826299,0.05294208256,0.5960203789,0.3177247502,0,-1.220496951,4.403021384,-3.183378896
54.51,-64.99825444,0.05294213514,0.5960204252,0.3177247115,0,-1.220500591,4.403022373,-3.183376333
54.52,-64.9982459,0.05294218776,0.5960204711,0.3177246731,0,-1.220504233,4.403023379,-3.183373769
54.53,-64.99823735,0.0529422404,0.5960205166,0.317724635,0,-1.220507877,4.403024403,-3.183371205
54.54,-64.9982288,0.05294229307,0.5960205617,0.3177245972,0,-1.220511521,4.403025444,-3.183368641
54.55,-64.99822026,0.05294234577,0.5960206065,0.3177245598,0,-1.220515167,4.403026502,-3.183366077
54.56,-64.99821171,0.0529423985,0.5960206508,0.3177245226,0,-1.220518814,4.403027578,-3.183363513
54.57,-64.99820316,0.05294245126,0.5960206947,0.3177244857,0,-1.220522461,4.40302867,-3.183360948
54.58,-64.99819461,0.05294250403,0.5960207382,0.3177244492,0,-1.22052611,4.40302978,-3.183358384
54.59,-64.99818607,0.05294255684,0.5960207813,0.3177244129,0,-1.22052976,4.403030906,-3.18335582
54.6,-64.99817752,0.05294260966,0.596020824,0.317724377,0,-1.22053341,4.403032049,-3.183353256
54.61,-64.99816897,0.05294266251,0.5960208663,0.3177243414,0,-1.220537061,4.403033209,-3.183350692
54.62,-64.99816043,0.05294271538,0.5960209082,0.317724306,0,-1.220540712,4.403034386,-3.183348129
54.63,-64.99815189,0.05294276826,0.5960209497,0.317724271,0,-1.220544364,4.403035579,-3.183345566
54.64,-64.99814334,0.05294282117,0.5960209908,0.3177242363,0,-1.220548017,4.403036788,-3.183343003
54.65,-64.9981348,0.05294287409,0.5960210315,0.3177242019,0,-1.22055167,4.403038014,-3.18334044
54.66,-64.99812626,0.05294292703,0.5960210718,0.3177241677,0,-1.220555323,4.403039256,-3.183337878
54.67,-64.99811772,0.05294297998,0.5960211117,0.3177241339,0,-1.220558977,4.403040514,-3.183335317
54.68,-64.99810919,0.05294303295,0.5960211512,0.3177241004,0,-1.22056263,4.403041788,-3.183332756
54.69,-64.99810065,0.05294308593,0.5960211903,0.3177240672,0,-1.220566284,4.403043078,-3.183330195
54.7,-64.99809212,0.05294313893,0.596021229,0.3177240343,0,-1.220569938,4.403044384,-3.183327635
54.71,-64.99808359,0.05294319193,0.5960212673,0.3177240017,0,-1.220573592,4.403045706,-3.183325076
54.72,-64.99807506,0.05294324494,0.5960213053,0.3177239694,0,-1.220577246,4.403047044,-3.183322517
54.73,-64.99806653,0.05294329797,0.5960213428,0.3177239374,0,-1.220580899,4.403048397,-3.18331996
54.74,-64.99805801,0.052943351,0.5960213799,0.3177239056,0,-1.220584553,4.403049766,-3.183317403
54.75,-64.99804949,0.05294340404,0.5960214167,0.3177238742,0,-1.220588206,4.40305115,-3.183314847
54.76,-64.99804097,0.05294345708,0.596021453,0.3177238431,0,-1.220591858,4.403052549,-3.183312291
54.77,-64.99803246,0.05294351013,0.596021489,0.3177238123,0,-1.220595511,4.403053964,-3.183309737
54.78,-64.99802395,0.05294356318,0.5960215245,0.3177237817,0,-1.220599163,4.403055394,-3.183307184
54.79,-64.99801544,0.05294361624,0.5960215597,0.3177237515,0,-1.220602814,4.403056839,-3.183304631
54.8,-64.99800693,0.05294366929,0.5960215945,0.3177237216,0,-1.220606464,4.403058299,-3.18330208
54.81,-64.99799843,0.05294372235,0.5960216289,0.3177236919,0,-1.220610114,4.403059774,-3.18329953
54.82,-64.99798994,0.05294377541,0.5960216629,0.3177236625,0,-1.220613764,4.403061264,-3.183296981
54.83,-64.99798144,0.05294382846,0.5960216965,0.3177236335,0,-1.220617412,4.403062768,-3.183294433
54.84,-64.99797295,0.05294388152,0.5960217297,0.3177236047,0,-1.220621059,4.403064287,-3.183291886
54.85,-64.99796447,0.05294393457,0.5960217626,0.3177235762,0,-1.220624706,4.403065821,-3.183289341
54.86,-64.99795599,0.05294398762,0.596021795,0.317723548,0,-1.220628351,4.403067369,-3.183286797
54.87,-64.99794751,0.05294404066,0.5960218271,0.3177235201,0,-1.220631996,4.403068932,-3.183284254
54.88,-64.99793904,0.05294409369,0.5960218588,0.3177234925,0,-1.220635639,4.403070508,-3.183281713
54.89,-64.99793058,0.05294414672,0.5960218901,0.3177234652,0,-1.220639281,4.403072099,-3.183279173
54.9,-64.99792212,0.05294419974,0.596021921,0.3177234381,0,-1.220642921,4.403073705,-3.183276635
54.91,-64.99791366,0.05294425275,0.5960219515,0.3177234114,0,-1.220646561,4.403075324,-3.183274098
54.92,-64.99790521,0.05294430575,0.5960219817,0.3177233849,0,-1.220650199,4.403076957,-3.183271563
54.93,-64.99789676,0.05294435874,0.5960220114,0.3177233587,0,-1.220653835,4.403078604,-3.183269029
54.94,-64.99788832,0.05294441172,0.5960220408,0.3177233328,0,-1.22065747,4.403080264,-3.183266497
54.95,-64.99787989,0.05294446469,0.5960220698,0.3177233072,0,-1.220661103,4.403081939,-3.183263967
54.96,-64.99787146,0.05294451764,0.5960220984,0.3177232819,0,-1.220664735,4.403083627,-3.183261439
54.97,-64.99786304,0.05294457058,0.5960221267,0.3177232569,0,-1.220668365,4.403085328,-3.183258912
54.98,-64.99785462,0.0529446235,0.5960221545,0.3177232321,0,-1.220671993,4.403087043,-3.183256387
54.99,-64.99784621,0.0529446764,0.596022182,0.3177232076,0,-1.220675619,4.403088771,-3.183253864
55,-64.99783781,0.05294472929,0.5960222091,0.3177231834,0,-1.220679244,4.403090512,-3.183251343
55.01,-64.99782941,0.05294478216,0.5960222359,0.3177231595,0,-1.220682866,4.403092267,-3.183248823
55.02,-64.99782102,0.05294483501,0.5960222622,0.3177231358,0,-1.220686487,4.403094035,-3.183246306
55.03,-64.99781264,0.05294488784,0.5960222882,0.3177231125,0,-1.220690105,4.403095815,-3.183243791
55.04,-64.99780426,0.05294494065,0.5960223138,0.3177230894,0,-1.220693721,4.403097609,-3.183241278
55.05,-64.99779589,0.05294499343,0.5960223391,0.3177230666,0,-1.220697335,4.403099415,-3.183238767
55.06,-64.99778753,0.0529450462,0.5960223639,0.317723044,0,-1.220700947,4.403101234,-3.183236258
55.07,-64.99777917,0.05294509894,0.5960223884,0.3177230218,0,-1.220704556,4.403103066,-3.183233751
55.08,-64.99777082,0.05294515165,0.5960224125,0.3177229998,0,-1.220708163,4.40310491,-3.183231246
55.09,-64.99776248,0.05294520434,0.5960224363,0.3177229781,0,-1.220711767,4.403106766,-3.183228744
55.1,-64.99775415,0.052945257,0.5960224596,0.3177229566,0,-1.220715369,4.403108635,-3.183226244
55.11,-64.99774582,0.05294530964,0.5960224826,0.3177229355,0,-1.220718969,4.403110517,-3.183223746
55.12,-64.9977375,0.05294536224,0.5960225053,0.3177229146,0,-1.220722566,4.40311241,-3.183221251
55.13,-64.99772919,0.05294541482,0.5960225276,0.317722894,0,-1.22072616,4.403114316,-3.183218758
55.14,-64.99772089,0.05294546737,0.5960225495,0.3177228736,0,-1.220729751,4.403116234,-3.183216267
55.15,-64.9977126,0.05294551988,0.596022571,0.3177228535,0,-1.22073334,4.403118163,-3.183213779
55.16,-64.99770431,0.05294557237,0.5960225922,0.3177228337,0,-1.220736925,4.403120105,-3.183211293
55.17,-64.99769603,0.05294562482,0.596022613,0.3177228142,0,-1.220740508,4.403122058,-3.18320881
55.18,-64.99768777,0.05294567724,0.5960226334,0.3177227949,0,-1.220744088,4.403124023,-3.18320633
55.19,-64.99767951,0.05294572962,0.5960226535,0.3177227759,0,-1.220747665,4.403125999,-3.183203852
55.2,-64.99767126,0.05294578197,0.5960226732,0.3177227572,0,-1.220751239,4.403127987,-3.183201377
55.21,-64.99766301,0.05294583429,0.5960226926,0.3177227387,0,-1.220754809,4.403129987,-3.183198904
55.22,-64.99765478,0.05294588656,0.5960227116,0.3177227205,0,-1.220758377,4.403131998,-3.183196434
55.23,-64.99764656,0.0529459388,0.5960227302,0.3177227026,0,-1.220761941,4.40313402,-3.183193967
55.24,-64.99763834,0.052945991,0.5960227485,0.3177226849,0,-1.220765502,4.403136053,-3.183191503
55.25,-64.99763014,0.05294604316,0.5960227664,0.3177226675,0,-1.22076906,4.403138097,-3.183189042
55.26,-64.99762194,0.05294609528,0.5960227839,0.3177226503,0,-1.220772614,4.403140153,-3.183186583
55.27,-64.99761376,0.05294614736,0.5960228011,0.3177226334,0,-1.220776164,4.403142219,-3.183184127
55.28,-64.99760558,0.0529461994,0.596022818,0.3177226168,0,-1.220779712,4.403144296,-3.183181675
55.29,-64.99759742,0.0529462514,0.5960228345,0.3177226004,0,-1.220783255,4.403146384,-3.183179225
55.3,-64.99758926,0.05294630335,0.5960228506,0.3177225843,0,-1.220786795,4.403148483,-3.183176778
55.31,-64.99758111,0.05294635526,0.5960228664,0.3177225684,0,-1.220790332,4.403150592,-3.183174334
55.32,-64.99757298,0.05294640712,0.5960228818,0.3177225528,0,-1.220793864,4.403152712,-3.183171894
55.33,-64.99756485,0.05294645894,0.5960228969,0.3177225375,0,-1.220797393,4.403154842,-3.183169456
55.34,-64.99755674,0.05294651071,0.5960229116,0.3177225224,0,-1.220800918,4.403156983,-3.183167021
55.35,-64.99754863,0.05294656243,0.596022926,0.3177225076,0,-1.22080444,4.403159134,-3.18316459
55.36,-64.99754054,0.0529466141,0.59602294,0.317722493,0,-1.220807957,4.403161295,-3.183162162
55.37,-64.99753246,0.05294666573,0.5960229537,0.3177224786,0,-1.22081147,4.403163466,-3.183159737
55.38,-64.99752439,0.05294671731,0.5960229671,0.3177224646,0,-1.220814979,4.403165647,-3.183157316
55.39,-64.99751632,0.05294676883,0.59602298,0.3177224508,0,-1.220818485,4.403167838,-3.183154897
55.4,-64.99750827,0.05294682031,0.5960229927,0.3177224372,0,-1.220821986,4.403170039,-3.183152482
55.41,-64.99750024,0.05294687173,0.596023005,0.3177224239,0,-1.220825483,4.403172249,-3.183150071
55.42,-64.99749221,0.0529469231,0.5960230169,0.3177224108,0,-1.220828975,4.40317447,-3.183147663
55.43,-64.99748419,0.05294697442,0.5960230285,0.317722398,0,-1.220832464,4.4031767,-3.183145258
55.44,-64.99747619,0.05294702568,0.5960230398,0.3177223854,0,-1.220835948,4.403178939,-3.183142857
55.45,-64.9974682,0.05294707689,0.5960230507,0.3177223731,0,-1.220839427,4.403181188,-3.183140459
55.46,-64.99746021,0.05294712804,0.5960230613,0.317722361,0,-1.220842903,4.403183447,-3.183138064
55.47,-64.99745225,0.05294717913,0.5960230716,0.3177223492,0,-1.220846374,4.403185714,-3.183135674
55.48,-64.99744429,0.05294723017,0.5960230815,0.3177223376,0,-1.22084984,4.403187991,-3.183133286
55.49,-64.99743634,0.05294728115,0.596023091,0.3177223262,0,-1.220853302,4.403190277,-3.183130903
55.5,-64.99742841,0.05294733207,0.5960231003,0.3177223151,0,-1.220856759,4.403192572,-3.183128523
55.51,-64.99742049,0.05294738294,0.5960231091,0.3177223043,0,-1.220860211,4.403194876,-3.183126146
55.52,-64.99741258,0.05294743374,0.5960231177,0.3177222937,0,-1.220863659,4.403197189,-3.183123774
55.53,-64.99740468,0.05294748448,0.5960231259,0.3177222833,0,-1.220867102,4.403199511,-3.183121405
55.54,-64.9973968,0.05294753516,0.5960231338,0.3177222732,0,-1.22087054,4.403201841,-3.18311904
55.55,-64.99738893,0.05294758578,0.5960231414,0.3177222633,0,-1.220873974,4.40320418,-3.183116679
55.56,-64.99738107,0.05294763633,0.5960231486,0.3177222536,0,-1.220877402,4.403206528,-3.183114321
55.57,-64.99737322,0.05294768683,0.5960231555,0.3177222442,0,-1.220880826,4.403208884,-3.183111967
55.58,-64.99736539,0.05294773725,0.5960231621,0.317722235,0,-1.220884244,4.403211248,-3.183109618
55.59,-64.99735757,0.05294778761,0.5960231683,0.3177222261,0,-1.220887658,4.403213621,-3.183107272
55.6,-64.99734977,0.05294783791,0.5960231742,0.3177222174,0,-1.220891066,4.403216002,-3.18310493
55.61,-64.99734197,0.05294788814,0.5960231798,0.3177222089,0,-1.22089447,4.403218391,-3.183102592
55.62,-64.99733419,0.05294793831,0.596023185,0.3177222006,0,-1.220897868,4.403220789,-3.183100258
55.63,-64.99732643,0.0529479884,0.59602319,0.3177221926,0,-1.220901261,4.403223194,-3.183097928
55.64,-64.99731867,0.05294803843,0.5960231946,0.3177221849,0,-1.220904649,4.403225607,-3.183095602
55.65,-64.99731093,0.05294808839,0.5960231989,0.3177221773,0,-1.220908031,4.403228029,-3.18309328
55.66,-64.99730321,0.05294813828,0.5960232028,0.31772217,0,-1.220911409,4.403230458,-3.183090962
55.67,-64.99729549,0.0529481881,0.5960232064,0.3177221629,0,-1.22091478,4.403232894,-3.183088648
55.68,-64.9972878,0.05294823784,0.5960232098,0.3177221561,0,-1.220918147,4.403235338,-3.183086339
55.69,-64.99728011,0.05294828752,0.5960232128,0.3177221494,0,-1.220921508,4.40323779,-3.183084034
55.7,-64.99727244,0.05294833712,0.5960232154,0.317722143,0,-1.220924863,4.40324025,-3.183081732
55.71,-64.99726479,0.05294838665,0.5960232178,0.3177221369,0,-1.220928213,4.403242716,-3.183079436
55.72,-64.99725714,0.05294843611,0.5960232198,0.3177221309,0,-1.220931557,4.40324519,-3.183077143
55.73,-64.99724952,0.0529484855,0.5960232216,0.3177221252,0,-1.220934896,4.403247671,-3.183074855
55.74,-64.9972419,0.0529485348,0.596023223,0.3177221197,0,-1.220938229,4.40325016,-3.18307257
55.75,-64.9972343,0.05294858404,0.5960232241,0.3177221144,0,-1.220941557,4.403252655,-3.183070291
55.76,-64.99722672,0.0529486332,0.5960232249,0.3177221094,0,-1.220944878,4.403255158,-3.183068015
55.77,-64.99721915,0.05294868228,0.5960232254,0.3177221046,0,-1.220948194,4.403257667,-3.183065744
55.78,-64.99721159,0.05294873128,0.5960232255,0.3177221,0,-1.220951504,4.403260184,-3.183063478
55.79,-64.99720405,0.05294878021,0.5960232254,0.3177220956,0,-1.220954808,4.403262707,-3.183061215
55.8,-64.99719653,0.05294882905,0.5960232249,0.3177220914,0,-1.220958107,4.403265237,-3.183058958
55.81,-64.99718902,0.05294887782,0.5960232242,0.3177220874,0,-1.220961399,4.403267773,-3.183056705
55.82,-64.99718152,0.05294892651,0.5960232231,0.3177220837,0,-1.220964686,4.403270316,-3.183054456
55.83,-64.99717404,0.05294897512,0.5960232217,0.3177220802,0,-1.220967966,4.403272865,-3.183052212
55.84,-64.99716657,0.05294902365,0.59602322,0.3177220769,0,-1.22097124,4.403275421,-3.183049972
55.85,-64.99715912,0.05294907209,0.596023218,0.3177220738,0,-1.220974509,4.403277984,-3.183047737
55.86,-64.99715169,0.05294912046,0.5960232158,0.317722071,0,-1.220977771,4.403280552,-3.183045506
55.87,-64.99714427,0.05294916874,0.5960232132,0.3177220683,0,-1.220981027,4.403283127,-3.183043281
55.88,-64.99713686,0.05294921694,0.5960232103,0.3177220659,0,-1.220984276,4.403285708,-3.183041059
55.89,-64.99712948,0.05294926505,0.5960232071,0.3177220636,0,-1.22098752,4.403288294,-3.183038843
55.9,-64.9971221,0.05294931308,0.5960232036,0.3177220616,0,-1.220990757,4.403290887,-3.183036631
55.91,-64.99711475,0.05294936103,0.5960231998,0.3177220598,0,-1.220993988,4.403293486,-3.183034424
55.92,-64.9971074,0.05294940889,0.5960231957,0.3177220582,0,-1.220997213,4.40329609,-3.183032221
55.93,-64.99710008,0.05294945666,0.5960231913,0.3177220568,0,-1.221000431,4.403298701,-3.183030024
55.94,-64.99709277,0.05294950435,0.5960231866,0.3177220556,0,-1.221003643,4.403301317,-3.183027831
55.95,-64.99708548,0.05294955195,0.5960231817,0.3177220546,0,-1.221006848,4.403303938,-3.183025643
55.96,-64.9970782,0.05294959947,0.5960231764,0.3177220539,0,-1.221010047,4.403306565,-3.18302346
55.97,-64.99707094,0.05294964689,0.5960231709,0.3177220533,0,-1.22101324,4.403309198,-3.183021281
55.98,-64.99706369,0.05294969423,0.596023165,0.3177220529,0,-1.221016425,4.403311836,-3.183019108
55.99,-64.99705646,0.05294974148,0.5960231589,0.3177220528,0,-1.221019605,4.403314479,-3.183016939
56,-64.99704925,0.05294978863,0.5960231524,0.3177220528,0,-1.221022777,4.403317127,-3.183014775
56.01,-64.99704205,0.0529498357,0.5960231457,0.3177220531,0,-1.221025943,4.403319781,-3.183012616
56.02,-64.99703488,0.05294988268,0.5960231387,0.3177220535,0,-1.221029103,4.40332244,-3.183010463
56.03,-64.99702771,0.05294992956,0.5960231314,0.3177220542,0,-1.221032255,4.403325103,-3.183008314
56.04,-64.99702057,0.05294997636,0.5960231238,0.317722055,0,-1.221035401,4.403327772,-3.18300617
56.05,-64.99701344,0.05295002306,0.596023116,0.3177220561,0,-1.22103854,4.403330446,-3.183004031
56.06,-64.99700632,0.05295006967,0.5960231078,0.3177220573,0,-1.221041672,4.403333124,-3.183001897
56.07,-64.99699923,0.05295011618,0.5960230994,0.3177220588,0,-1.221044798,4.403335807,-3.182999768
56.08,-64.99699215,0.05295016261,0.5960230907,0.3177220604,0,-1.221047916,4.403338495,-3.182997644
56.09,-64.99698509,0.05295020893,0.5960230817,0.3177220622,0,-1.221051028,4.403341188,-3.182995526
56.1,-64.99697804,0.05295025517,0.5960230725,0.3177220643,0,-1.221054132,4.403343885,-3.182993412
56.11,-64.99697101,0.0529503013,0.5960230629,0.3177220665,0,-1.22105723,4.403346586,-3.182991304
56.12,-64.996964,0.05295034735,0.5960230531,0.3177220689,0,-1.221060321,4.403349292,-3.182989201
56.13,-64.99695701,0.05295039329,0.596023043,0.3177220715,0,-1.221063404,4.403352002,-3.182987102
56.14,-64.99695003,0.05295043914,0.5960230326,0.3177220743,0,-1.221066481,4.403354717,-3.18298501
56.15,-64.99694307,0.05295048489,0.596023022,0.3177220773,0,-1.221069551,4.403357435,-3.182982922
56.16,-64.99693613,0.05295053055,0.5960230111,0.3177220805,0,-1.221072613,4.403360158,-3.182980839
56.17,-64.99692921,0.0529505761,0.5960229999,0.3177220838,0,-1.221075668,4.403362885,-3.182978762
56.18,-64.9969223,0.05295062156,0.5960229884,0.3177220874,0,-1.221078716,4.403365616,-3.18297669
56.19,-64.99691541,0.05295066692,0.5960229767,0.3177220911,0,-1.221081757,4.40336835,-3.182974623
56.2,-64.99690854,0.05295071218,0.5960229647,0.3177220951,0,-1.221084791,4.403371089,-3.182972562
56.21,-64.99690169,0.05295075734,0.5960229524,0.3177220992,0,-1.221087817,4.403373831,-3.182970506
56.22,-64.99689485,0.0529508024,0.5960229399,0.3177221035,0,-1.221090836,4.403376577,-3.182968455
56.23,-64.99688803,0.05295084736,0.5960229271,0.317722108,0,-1.221093848,4.403379327,-3.182966409
56.24,-64.99688123,0.05295089221,0.5960229141,0.3177221126,0,-1.221096852,4.40338208,-3.182964369
56.25,-64.99687445,0.05295093697,0.5960229007,0.3177221175,0,-1.221099849,4.403384837,-3.182962335
56.26,-64.99686768,0.05295098162,0.5960228871,0.3177221225,0,-1.221102839,4.403387597,-3.182960305
56.27,-64.99686094,0.05295102617,0.5960228733,0.3177221277,0,-1.221105821,4.403390361,-3.182958281
56.28,-64.99685421,0.05295107062,0.5960228592,0.3177221331,0,-1.221108796,4.403393128,-3.182956263
56.29,-64.9968475,0.05295111497,0.5960228448,0.3177221387,0,-1.221111763,4.403395898,-3.18295425
56.3,-64.99684081,0.05295115921,0.5960228302,0.3177221444,0,-1.221114723,4.403398671,-3.182952242
56.31,-64.99683413,0.05295120335,0.5960228153,0.3177221503,0,-1.221117675,4.403401448,-3.18295024
56.32,-64.99682748,0.05295124738,0.5960228002,0.3177221564,0,-1.221120619,4.403404228,-3.182948243
56.33,-64.99682084,0.05295129131,0.5960227848,0.3177221627,0,-1.221123556,4.40340701,-3.182946252
56.34,-64.99681422,0.05295133513,0.5960227691,0.3177221691,0,-1.221126486,4.403409796,-3.182944267
56.35,-64.99680762,0.05295137884,0.5960227532,0.3177221758,0,-1.221129408,4.403412584,-3.182942287
56.36,-64.99680104,0.05295142246,0.5960227371,0.3177221825,0,-1.221132322,4.403415375,-3.182940312
56.37,-64.99679448,0.05295146596,0.5960227207,0.3177221895,0,-1.221135228,4.403418169,-3.182938343
56.38,-64.99678793,0.05295150936,0.596022704,0.3177221966,0,-1.221138127,4.403420965,-3.18293638
56.39,-64.99678141,0.05295155265,0.5960226871,0.317722204,0,-1.221141018,4.403423764,-3.182934422
56.4,-64.9967749,0.05295159583,0.59602267,0.3177222114,0,-1.221143901,4.403426566,-3.182932469
56.41,-64.99676841,0.0529516389,0.5960226526,0.3177222191,0,-1.221146777,4.40342937,-3.182930523
56.42,-64.99676194,0.05295168187,0.5960226349,0.3177222269,0,-1.221149645,4.403432177,-3.182928582
56.43,-64.99675549,0.05295172472,0.596022617,0.3177222349,0,-1.221152504,4.403434986,-3.182926647
56.44,-64.99674906,0.05295176747,0.5960225989,0.317722243,0,-1.221155356,4.403437797,-3.182924717
56.45,-64.99674264,0.05295181011,0.5960225805,0.3177222513,0,-1.221158201,4.40344061,-3.182922793
56.46,-64.99673625,0.05295185264,0.5960225619,0.3177222598,0,-1.221161037,4.403443426,-3.182920875
56.47,-64.99672987,0.05295189505,0.5960225431,0.3177222684,0,-1.221163865,4.403446244,-3.182918962
56.48,-64.99672352,0.05295193736,0.596022524,0.3177222772,0,-1.221166686,4.403449063,-3.182917055
56.49,-64.99671718,0.05295197956,0.5960225046,0.3177222862,0,-1.221169498,4.403451885,-3.182915154
56.5,-64.99671086,0.05295202164,0.5960224851,0.3177222953,0,-1.221172303,4.403454709,-3.182913259
56.51,-64.99670456,0.05295206362,0.5960224653,0.3177223046,0,-1.221175099,4.403457534,-3.182911369
56.52,-64.99669828,0.05295210548,0.5960224452,0.317722314,0,-1.221177888,4.403460361,-3.182909485
56.53,-64.99669202,0.05295214723,0.5960224249,0.3177223236,0,-1.221180668,4.40346319,-3.182907607
56.54,-64.99668578,0.05295218886,0.5960224044,0.3177223334,0,-1.22118344,4.403466021,-3.182905734
56.55,-64.99667956,0.05295223039,0.5960223837,0.3177223433,0,-1.221186205,4.403468853,-3.182903868
56.56,-64.99667336,0.0529522718,0.5960223627,0.3177223534,0,-1.221188961,4.403471687,-3.182902007
56.57,-64.99666717,0.05295231309,0.5960223415,0.3177223636,0,-1.221191709,4.403474522,-3.182900152
56.58,-64.99666101,0.05295235428,0.5960223201,0.317722374,0,-1.221194449,4.403477359,-3.182898303
56.59,-64.99665487,0.05295239534,0.5960222985,0.3177223845,0,-1.221197181,4.403480197,-3.18289646
56.6,-64.99664874,0.0529524363,0.5960222766,0.3177223952,0,-1.221199904,4.403483036,-3.182894622
56.61,-64.99664264,0.05295247714,0.5960222545,0.3177224061,0,-1.22120262,4.403485877,-3.182892791
56.62,-64.99663655,0.05295251786,0.5960222321,0.3177224171,0,-1.221205327,4.403488719,-3.182890965
56.63,-64.99663048,0.05295255847,0.5960222096,0.3177224282,0,-1.221208026,4.403491562,-3.182889145
56.64,-64.99662444,0.05295259896,0.5960221868,0.3177224395,0,-1.221210716,4.403494406,-3.182887332
56.65,-64.99661841,0.05295263934,0.5960221638,0.3177224509,0,-1.221213399,4.403497251,-3.182885524
56.66,-64.99661241,0.0529526796,0.5960221406,0.3177224625,0,-1.221216073,4.403500097,-3.182883722
56.67,-64.99660642,0.05295271974,0.5960221172,0.3177224743,0,-1.221218739,4.403502944,-3.182881925
56.68,-64.99660045,0.05295275977,0.5960220935,0.3177224861,0,-1.221221396,4.403505792,-3.182880135
56.69,-64.9965945,0.05295279968,0.5960220696,0.3177224982,0,-1.221224046,4.403508641,-3.182878351
56.7,-64.99658858,0.05295283947,0.5960220455,0.3177225103,0,-1.221226686,4.40351149,-3.182876573
56.71,-64.99658267,0.05295287915,0.5960220212,0.3177225226,0,-1.221229319,4.40351434,-3.1828748
56.72,-64.99657678,0.05295291871,0.5960219967,0.3177225351,0,-1.221231943,4.403517191,-3.182873034
56.73,-64.99657091,0.05295295814,0.596021972,0.3177225477,0,-1.221234559,4.403520042,-3.182871274
56.74,-64.99656506,0.05295299746,0.5960219471,0.3177225604,0,-1.221237166,4.403522893,-3.182869519
56.75,-64.99655924,0.05295303667,0.5960219219,0.3177225733,0,-1.221239765,4.403525746,-3.182867771
56.76,-64.99655343,0.05295307575,0.5960218966,0.3177225863,0,-1.221242355,4.403528598,-3.182866029
56.77,-64.99654764,0.05295311471,0.596021871,0.3177225995,0,-1.221244937,4.403531451,-3.182864292
56.78,-64.99654187,0.05295315355,0.5960218452,0.3177226128,0,-1.221247511,4.403534304,-3.182862562
56.79,-64.99653613,0.05295319228,0.5960218192,0.3177226262,0,-1.221250076,4.403537157,-3.182860838
56.8,-64.9965304,0.05295323088,0.5960217931,0.3177226398,0,-1.221252632,4.403540011,-3.182859119
56.81,-64.99652469,0.05295326937,0.5960217667,0.3177226535,0,-1.22125518,4.403542865,-3.182857407
56.82,-64.996519,0.05295330773,0.5960217401,0.3177226674,0,-1.221257719,4.403545718,-3.182855701
56.83,-64.99651334,0.05295334597,0.5960217133,0.3177226813,0,-1.22126025,4.403548572,-3.182854001
56.84,-64.99650769,0.05295338409,0.5960216863,0.3177226954,0,-1.221262773,4.403551426,-3.182852307
56.85,-64.99650206,0.05295342209,0.5960216591,0.3177227097,0,-1.221265286,4.403554279,-3.182850619
56.86,-64.99649646,0.05295345997,0.5960216317,0.3177227241,0,-1.221267791,4.403557133,-3.182848937
56.87,-64.99649087,0.05295349773,0.5960216041,0.3177227386,0,-1.221270288,4.403559986,-3.182847261
56.88,-64.99648531,0.05295353536,0.5960215763,0.3177227532,0,-1.221272776,4.403562839,-3.182845592
56.89,-64.99647976,0.05295357288,0.5960215484,0.317722768,0,-1.221275255,4.403565692,-3.182843928
56.9,-64.99647424,0.05295361027,0.5960215202,0.3177227828,0,-1.221277726,4.403568544,-3.182842271
56.91,-64.99646873,0.05295364754,0.5960214918,0.3177227979,0,-1.221280188,4.403571396,-3.18284062
56.92,-64.99646325,0.05295368468,0.5960214632,0.317722813,0,-1.221282641,4.403574247,-3.182838974
56.93,-64.99645778,0.05295372171,0.5960214345,0.3177228283,0,-1.221285086,4.403577098,-3.182837335
56.94,-64.99645234,0.05295375861,0.5960214056,0.3177228437,0,-1.221287522,4.403579948,-3.182835702
56.95,-64.99644692,0.05295379538,0.5960213764,0.3177228592,0,-1.221289949,4.403582798,-3.182834076
56.96,-64.99644152,0.05295383204,0.5960213471,0.3177228748,0,-1.221292368,4.403585647,-3.182832455
56.97,-64.99643614,0.05295386857,0.5960213176,0.3177228906,0,-1.221294778,4.403588495,-3.182830841
56.98,-64.99643077,0.05295390497,0.5960212879,0.3177229065,0,-1.221297179,4.403591343,-3.182829232
56.99,-64.99642543,0.05295394125,0.596021258,0.3177229225,0,-1.221299571,4.403594189,-3.18282763
57,-64.99642011,0.05295397741,0.596021228,0.3177229386,0,-1.221301955,4.403597035,-3.182826034
57.01,-64.99641482,0.05295401344,0.5960211977,0.3177229549,0,-1.22130433,4.40359988,-3.182824445
57.02,-64.99640954,0.05295404935,0.5960211673,0.3177229712,0,-1.221306696,4.403602724,-3.182822861
57.03,-64.99640428,0.05295408514,0.5960211367,0.3177229877,0,-1.221309053,4.403605566,-3.182821284
57.04,-64.99639904,0.0529541208,0.5960211059,0.3177230043,0,-1.221311402,4.403608408,-3.182819712
57.05,-64.99639382,0.05295415633,0.5960210749,0.317723021,0,-1.221313742,4.403611249,-3.182818147
57.06,-64.99638863,0.05295419174,0.5960210438,0.3177230379,0,-1.221316073,4.403614088,-3.182816588
57.07,-64.99638345,0.05295422702,0.5960210125,0.3177230548,0,-1.221318395,4.403616926,-3.182815036
57.08,-64.9963783,0.05295426218,0.596020981,0.3177230719,0,-1.221320708,4.403619763,-3.182813489
57.09,-64.99637316,0.05295429721,0.5960209493,0.3177230891,0,-1.221323013,4.403622599,-3.182811949
57.1,-64.99636805,0.05295433212,0.5960209175,0.3177231063,0,-1.221325308,4.403625433,-3.182810415
57.11,-64.99636296,0.0529543669,0.5960208855,0.3177231237,0,-1.221327595,4.403628266,-3.182808888
57.12,-64.99635789,0.05295440155,0.5960208533,0.3177231412,0,-1.221329873,4.403631097,-3.182807366
57.13,-64.99635284,0.05295443608,0.5960208209,0.3177231589,0,-1.221332142,4.403633927,-3.182805851
57.14,-64.99634781,0.05295447048,0.5960207884,0.3177231766,0,-1.221334402,4.403636755,-3.182804342
57.15,-64.9963428,0.05295450476,0.5960207557,0.3177231944,0,-1.221336654,4.403639582,-3.182802839
57.16,-64.99633781,0.05295453891,0.5960207229,0.3177232124,0,-1.221338896,4.403642407,-3.182801342
57.17,-64.99633284,0.05295457293,0.5960206899,0.3177232304,0,-1.22134113,4.40364523,-3.182799852
57.18,-64.99632789,0.05295460682,0.5960206567,0.3177232486,0,-1.221343355,4.403648052,-3.182798368
57.19,-64.99632297,0.05295464059,0.5960206233,0.3177232668,0,-1.22134557,4.403650871,-3.18279689
57.2,-64.99631806,0.05295467423,0.5960205898,0.3177232852,0,-1.221347777,4.403653689,-3.182795418
57.21,-64.99631318,0.05295470774,0.5960205561,0.3177233037,0,-1.221349975,4.403656505,-3.182793953
57.22,-64.99630831,0.05295474113,0.5960205223,0.3177233223,0,-1.221352164,4.403659319,-3.182792494
57.23,-64.99630347,0.05295477439,0.5960204883,0.3177233409,0,-1.221354344,4.403662131,-3.182791041
57.24,-64.99629865,0.05295480752,0.5960204541,0.3177233597,0,-1.221356516,4.403664941,-3.182789594
57.25,-64.99629385,0.05295484052,0.5960204198,0.3177233786,0,-1.221358678,4.403667749,-3.182788154
57.26,-64.99628907,0.0529548734,0.5960203854,0.3177233976,0,-1.221360831,4.403670555,-3.18278672
57.27,-64.99628431,0.05295490614,0.5960203507,0.3177234166,0,-1.221362975,4.403673359,-3.182785292
57.28,-64.99627957,0.05295493876,0.596020316,0.3177234358,0,-1.221365111,4.40367616,-3.18278387
57.29,-64.99627485,0.05295497125,0.596020281,0.3177234551,0,-1.221367237,4.403678959,-3.182782455
57.3,-64.99627015,0.05295500362,0.596020246,0.3177234745,0,-1.221369355,4.403681756,-3.182781046
57.31,-64.99626548,0.05295503585,0.5960202107,0.3177234939,0,-1.221371463,4.403684551,-3.182779643
57.32,-64.99626082,0.05295506796,0.5960201753,0.3177235135,0,-1.221373563,4.403687343,-3.182778246
57.33,-64.99625619,0.05295509994,0.5960201398,0.3177235331,0,-1.221375654,4.403690133,-3.182776856
57.34,-64.99625157,0.05295513179,0.5960201041,0.3177235529,0,-1.221377735,4.40369292,-3.182775472
57.35,-64.99624698,0.05295516351,0.5960200683,0.3177235727,0,-1.221379808,4.403695705,-3.182774094
57.36,-64.99624241,0.0529551951,0.5960200323,0.3177235927,0,-1.221381871,4.403698487,-3.182772723
57.37,-64.99623786,0.05295522656,0.5960199962,0.3177236127,0,-1.221383926,4.403701267,-3.182771358
57.38,-64.99623333,0.05295525789,0.5960199599,0.3177236328,0,-1.221385972,4.403704044,-3.182769999
57.39,-64.99622882,0.0529552891,0.5960199235,0.317723653,0,-1.221388009,4.403706818,-3.182768646
57.4,-64.99622433,0.05295532018,0.596019887,0.3177236733,0,-1.221390036,4.40370959,-3.1827673
57.41,-64.99621987,0.05295535112,0.5960198503,0.3177236937,0,-1.221392055,4.403712358,-3.18276596
57.42,-64.99621542,0.05295538194,0.5960198135,0.3177237142,0,-1.221394065,4.403715125,-3.182764626
57.43,-64.99621099,0.05295541263,0.5960197765,0.3177237347,0,-1.221396065,4.403717888,-3.182763298
57.44,-64.99620659,0.05295544319,0.5960197394,0.3177237554,0,-1.221398057,4.403720648,-3.182761977
57.45,-64.99620221,0.05295547362,0.5960197021,0.3177237761,0,-1.22140004,4.403723405,-3.182760662
57.46,-64.99619784,0.05295550392,0.5960196648,0.3177237969,0,-1.221402014,4.40372616,-3.182759353
57.47,-64.9961935,0.05295553409,0.5960196273,0.3177238178,0,-1.221403978,4.403728911,-3.182758051
57.48,-64.99618918,0.05295556414,0.5960195896,0.3177238388,0,-1.221405934,4.403731659,-3.182756755
57.49,-64.99618488,0.05295559405,0.5960195518,0.3177238598,0,-1.221407881,4.403734405,-3.182755465
57.5,-64.9961806,0.05295562383,0.5960195139,0.317723881,0,-1.221409818,4.403737147,-3.182754181
57.51,-64.99617634,0.05295565349,0.5960194759,0.3177239022,0,-1.221411747,4.403739886,-3.182752903
57.52,-64.99617211,0.05295568301,0.5960194377,0.3177239235,0,-1.221413667,4.403742622,-3.182751632
57.53,-64.99616789,0.0529557124,0.5960193994,0.3177239449,0,-1.221415577,4.403745354,-3.182750367
57.54,-64.9961637,0.05295574167,0.596019361,0.3177239664,0,-1.221417479,4.403748083,-3.182749109
57.55,-64.99615952,0.0529557708,0.5960193224,0.3177239879,0,-1.221419372,4.403750809,-3.182747856
57.56,-64.99615537,0.05295579981,0.5960192837,0.3177240095,0,-1.221421255,4.403753532,-3.18274661
57.57,-64.99615123,0.05295582869,0.5960192449,0.3177240312,0,-1.22142313,4.403756251,-3.18274537
57.58,-64.99614712,0.05295585743,0.596019206,0.317724053,0,-1.221424996,4.403758967,-3.182744137
57.59,-64.99614303,0.05295588605,0.596019167,0.3177240749,0,-1.221426852,4.403761679,-3.182742909
57.6,-64.99613896,0.05295591454,0.5960191278,0.3177240968,0,-1.2214287,4.403764388,-3.182741688
57.61,-64.99613491,0.05295594289,0.5960190885,0.3177241188,0,-1.221430539,4.403767093,-3.182740473
57.62,-64.99613088,0.05295597112,0.5960190491,0.3177241408,0,-1.221432368,4.403769794,-3.182739265
57.63,-64.99612687,0.05295599922,0.5960190095,0.317724163,0,-1.221434189,4.403772492,-3.182738062
57.64,-64.99612289,0.05295602719,0.5960189699,0.3177241852,0,-1.221436001,4.403775187,-3.182736866
57.65,-64.99611892,0.05295605502,0.5960189301,0.3177242075,0,-1.221437803,4.403777877,-3.182735676
57.66,-64.99611498,0.05295608273,0.5960188902,0.3177242298,0,-1.221439597,4.403780564,-3.182734493
57.67,-64.99611105,0.05295611031,0.5960188503,0.3177242523,0,-1.221441382,4.403783247,-3.182733315
57.68,-64.99610715,0.05295613776,0.5960188101,0.3177242748,0,-1.221443157,4.403785927,-3.182732144
57.69,-64.99610326,0.05295616508,0.5960187699,0.3177242973,0,-1.221444924,4.403788602,-3.182730979
57.7,-64.9960994,0.05295619227,0.5960187296,0.31772432,0,-1.221446682,4.403791274,-3.18272982
57.71,-64.99609556,0.05295621933,0.5960186891,0.3177243426,0,-1.22144843,4.403793942,-3.182728667
57.72,-64.99609174,0.05295624626,0.5960186486,0.3177243654,0,-1.22145017,4.403796605,-3.182727521
57.73,-64.99608794,0.05295627306,0.5960186079,0.3177243882,0,-1.221451901,4.403799265,-3.182726381
57.74,-64.99608416,0.05295629973,0.5960185671,0.3177244111,0,-1.221453623,4.403801921,-3.182725247
57.75,-64.9960804,0.05295632627,0.5960185263,0.3177244341,0,-1.221455335,4.403804573,-3.182724119
57.76,-64.99607666,0.05295635268,0.5960184853,0.3177244571,0,-1.221457039,4.40380722,-3.182722998
57.77,-64.99607294,0.05295637896,0.5960184442,0.3177244802,0,-1.221458734,4.403809864,-3.182721882
57.78,-64.99606924,0.05295640511,0.596018403,0.3177245033,0,-1.22146042,4.403812503,-3.182720773
57.79,-64.99606557,0.05295643114,0.5960183617,0.3177245265,0,-1.221462097,4.403815139,-3.18271967
57.8,-64.99606191,0.05295645703,0.5960183203,0.3177245498,0,-1.221463765,4.40381777,-3.182718573
57.81,-64.99605828,0.05295648279,0.5960182788,0.3177245731,0,-1.221465424,4.403820396,-3.182717483
57.82,-64.99605466,0.05295650843,0.5960182372,0.3177245965,0,-1.221467074,4.403823019,-3.182716398
57.83,-64.99605107,0.05295653393,0.5960181955,0.3177246199,0,-1.221468716,4.403825637,-3.18271532
57.84,-64.99604749,0.05295655931,0.5960181537,0.3177246434,0,-1.221470348,4.403828251,-3.182714248
57.85,-64.99604394,0.05295658456,0.5960181118,0.317724667,0,-1.221471971,4.40383086,-3.182713182
57.86,-64.99604041,0.05295660967,0.5960180698,0.3177246906,0,-1.221473586,4.403833466,-3.182712122
57.87,-64.9960369,0.05295663466,0.5960180277,0.3177247143,0,-1.221475191,4.403836066,-3.182711069
57.88,-64.9960334,0.05295665952,0.5960179855,0.317724738,0,-1.221476788,4.403838662,-3.182710021
57.89,-64.99602993,0.05295668425,0.5960179433,0.3177247618,0,-1.221478375,4.403841254,-3.18270898
57.9,-64.99602648,0.05295670885,0.5960179009,0.3177247856,0,-1.221479954,4.403843841,-3.182707944
57.91,-64.99602305,0.05295673332,0.5960178585,0.3177248095,0,-1.221481524,4.403846424,-3.182706915
57.92,-64.99601964,0.05295675766,0.5960178159,0.3177248334,0,-1.221483085,4.403849002,-3.182705892
57.93,-64.99601625,0.05295678188,0.5960177733,0.3177248574,0,-1.221484637,4.403851575,-3.182704875
57.94,-64.99601288,0.05295680596,0.5960177305,0.3177248814,0,-1.221486181,4.403854144,-3.182703865
57.95,-64.99600953,0.05295682992,0.5960176877,0.3177249055,0,-1.221487715,4.403856708,-3.18270286
57.96,-64.9960062,0.05295685375,0.5960176448,0.3177249297,0,-1.221489241,4.403859267,-3.182701861
57.97,-64.9960029,0.05295687745,0.5960176018,0.3177249538,0,-1.221490757,4.403861822,-3.182700869
57.98,-64.99599961,0.05295690102,0.5960175588,0.3177249781,0,-1.221492265,4.403864372,-3.182699883
57.99,-64.99599634,0.05295692446,0.5960175156,0.3177250024,0,-1.221493764,4.403866917,-3.182698902
58,-64.99599309,0.05295694777,0.5960174724,0.3177250267,0,-1.221495254,4.403869457,-3.182697928
58.01,-64.99598987,0.05295697096,0.596017429,0.3177250511,0,-1.221496736,4.403871992,-3.18269696
58.02,-64.99598666,0.05295699402,0.5960173856,0.3177250755,0,-1.221498208,4.403874523,-3.182695998
58.03,-64.99598347,0.05295701695,0.5960173422,0.3177250999,0,-1.221499672,4.403877048,-3.182695042
58.04,-64.99598031,0.05295703975,0.5960172986,0.3177251245,0,-1.221501127,4.403879569,-3.182694092
58.05,-64.99597716,0.05295706242,0.596017255,0.317725149,0,-1.221502573,4.403882085,-3.182693148
58.06,-64.99597403,0.05295708497,0.5960172112,0.3177251736,0,-1.22150401,4.403884595,-3.18269221
58.07,-64.99597093,0.05295710739,0.5960171674,0.3177251982,0,-1.221505439,4.403887101,-3.182691278
58.08,-64.99596784,0.05295712968,0.5960171236,0.3177252229,0,-1.221506858,4.403889601,-3.182690352
58.09,-64.99596478,0.05295715184,0.5960170796,0.3177252477,0,-1.221508269,4.403892097,-3.182689433
58.1,-64.99596173,0.05295717387,0.5960170356,0.3177252724,0,-1.221509672,4.403894587,-3.182688519
58.11,-64.9959587,0.05295719578,0.5960169915,0.3177252972,0,-1.221511065,4.403897073,-3.182687611
58.12,-64.9959557,0.05295721756,0.5960169473,0.3177253221,0,-1.22151245,4.403899553,-3.182686709
58.13,-64.99595271,0.05295723922,0.5960169031,0.3177253469,0,-1.221513826,4.403902028,-3.182685813
58.14,-64.99594975,0.05295726074,0.5960168588,0.3177253719,0,-1.221515193,4.403904497,-3.182684924
58.15,-64.9959468,0.05295728214,0.5960168144,0.3177253968,0,-1.221516552,4.403906962,-3.18268404
58.16,-64.99594387,0.05295730342,0.59601677,0.3177254218,0,-1.221517902,4.403909421,-3.182683162
58.17,-64.99594097,0.05295732456,0.5960167255,0.3177254468,0,-1.221519243,4.403911875,-3.18268229
58.18,-64.99593808,0.05295734558,0.5960166809,0.3177254719,0,-1.221520575,4.403914324,-3.182681424
58.19,-64.99593521,0.05295736648,0.5960166363,0.317725497,0,-1.221521899,4.403916767,-3.182680564
58.2,-64.99593237,0.05295738724,0.5960165915,0.3177255221,0,-1.221523214,4.403919205,-3.18267971
58.21,-64.99592954,0.05295740789,0.5960165468,0.3177255473,0,-1.221524521,4.403921637,-3.182678861
58.22,-64.99592673,0.0529574284,0.5960165019,0.3177255725,0,-1.221525819,4.403924064,-3.182678019
58.23,-64.99592394,0.05295744879,0.596016457,0.3177255977,0,-1.221527108,4.403926486,-3.182677183
58.24,-64.99592117,0.05295746905,0.5960164121,0.317725623,0,-1.221528389,4.403928902,-3.182676352
58.25,-64.99591843,0.05295748919,0.5960163671,0.3177256483,0,-1.221529661,4.403931313,-3.182675528
58.26,-64.9959157,0.0529575092,0.596016322,0.3177256736,0,-1.221530924,4.403933718,-3.182674709
58.27,-64.99591299,0.05295752909,0.5960162768,0.317725699,0,-1.221532179,4.403936118,-3.182673896
58.28,-64.9959103,0.05295754885,0.5960162317,0.3177257243,0,-1.221533425,4.403938512,-3.182673089
58.29,-64.99590763,0.05295756848,0.5960161864,0.3177257498,0,-1.221534663,4.403940901,-3.182672288
58.3,-64.99590498,0.05295758799,0.5960161411,0.3177257752,0,-1.221535892,4.403943284,-3.182671493
58.31,-64.99590235,0.05295760738,0.5960160957,0.3177258007,0,-1.221537112,4.403945661,-3.182670704
58.32,-64.99589973,0.05295762664,0.5960160503,0.3177258262,0,-1.221538324,4.403948033,-3.18266992
58.33,-64.99589714,0.05295764578,0.5960160048,0.3177258517,0,-1.221539528,4.403950399,-3.182669142
58.34,-64.99589457,0.05295766479,0.5960159593,0.3177258772,0,-1.221540723,4.40395276,-3.18266837
58.35,-64.99589201,0.05295768368,0.5960159137,0.3177259028,0,-1.221541909,4.403955114,-3.182667604
58.36,-64.99588948,0.05295770244,0.5960158681,0.3177259284,0,-1.221543087,4.403957463,-3.182666844
58.37,-64.99588697,0.05295772108,0.5960158224,0.317725954,0,-1.221544257,4.403959806,-3.18266609
58.38,-64.99588447,0.05295773959,0.5960157767,0.3177259797,0,-1.221545418,4.403962144,-3.182665341
58.39,-64.99588199,0.05295775799,0.5960157309,0.3177260053,0,-1.22154657,4.403964475,-3.182664598
58.4,-64.99587954,0.05295777625,0.5960156851,0.317726031,0,-1.221547715,4.403966801,-3.182663861
58.41,-64.9958771,0.0529577944,0.5960156392,0.3177260567,0,-1.22154885,4.403969121,-3.182663129
58.42,-64.99587468,0.05295781242,0.5960155933,0.3177260825,0,-1.221549978,4.403971435,-3.182662403
58.43,-64.99587228,0.05295783032,0.5960155474,0.3177261082,0,-1.221551096,4.403973744,-3.182661683
58.44,-64.9958699,0.05295784809,0.5960155014,0.317726134,0,-1.221552207,4.403976046,-3.182660969
58.45,-64.99586754,0.05295786575,0.5960154553,0.3177261598,0,-1.221553309,4.403978343,-3.182660261
58.46,-64.99586519,0.05295788328,0.5960154092,0.3177261856,0,-1.221554403,4.403980633,-3.182659558
58.47,-64.99586287,0.05295790068,0.5960153631,0.3177262114,0,-1.221555488,4.403982918,-3.182658861
58.48,-64.99586056,0.05295791797,0.5960153169,0.3177262373,0,-1.221556565,4.403985196,-3.182658169
58.49,-64.99585828,0.05295793513,0.5960152707,0.3177262631,0,-1.221557634,4.403987469,-3.182657484
58.5,-64.99585601,0.05295795217,0.5960152245,0.317726289,0,-1.221558694,4.403989736,-3.182656803
58.51,-64.99585376,0.05295796909,0.5960151782,0.3177263149,0,-1.221559746,4.403991996,-3.182656129
58.52,-64.99585153,0.05295798589,0.5960151318,0.3177263408,0,-1.22156079,4.403994251,-3.18265546
58.53,-64.99584932,0.05295800257,0.5960150855,0.3177263667,0,-1.221561825,4.403996499,-3.182654797
58.54,-64.99584713,0.05295801912,0.5960150391,0.3177263927,0,-1.221562853,4.403998742,-3.182654139
58.55,-64.99584496,0.05295803556,0.5960149926,0.3177264186,0,-1.221563872,4.404000978,-3.182653487
58.56,-64.9958428,0.05295805187,0.5960149462,0.3177264446,0,-1.221564882,4.404003208,-3.182652841
58.57,-64.99584067,0.05295806806,0.5960148997,0.3177264706,0,-1.221565885,4.404005432,-3.1826522
58.58,-64.99583855,0.05295808413,0.5960148531,0.3177264966,0,-1.221566879,4.40400765,-3.182651565
58.59,-64.99583645,0.05295810008,0.5960148066,0.3177265226,0,-1.221567865,4.404009862,-3.182650936
58.6,-64.99583437,0.05295811592,0.59601476,0.3177265486,0,-1.221568843,4.404012067,-3.182650312
58.61,-64.99583231,0.05295813163,0.5960147133,0.3177265746,0,-1.221569813,4.404014266,-3.182649693
58.62,-64.99583027,0.05295814722,0.5960146667,0.3177266007,0,-1.221570775,4.40401646,-3.18264908
58.63,-64.99582824,0.05295816269,0.59601462,0.3177266267,0,-1.221571728,4.404018646,-3.182648473
58.64,-64.99582624,0.05295817804,0.5960145733,0.3177266528,0,-1.221572673,4.404020827,-3.182647871
58.65,-64.99582425,0.05295819328,0.5960145265,0.3177266788,0,-1.221573611,4.404023001,-3.182647274
58.66,-64.99582228,0.05295820839,0.5960144798,0.3177267049,0,-1.22157454,4.404025169,-3.182646683
58.67,-64.99582033,0.05295822339,0.596014433,0.317726731,0,-1.221575461,4.404027331,-3.182646098
58.68,-64.99581839,0.05295823826,0.5960143861,0.3177267571,0,-1.221576374,4.404029486,-3.182645518
58.69,-64.99581648,0.05295825302,0.5960143393,0.3177267831,0,-1.221577279,4.404031636,-3.182644944
58.7,-64.99581458,0.05295826766,0.5960142924,0.3177268092,0,-1.221578176,4.404033778,-3.182644375
58.71,-64.9958127,0.05295828218,0.5960142455,0.3177268353,0,-1.221579065,4.404035915,-3.182643811
58.72,-64.99581084,0.05295829659,0.5960141986,0.3177268614,0,-1.221579945,4.404038045,-3.182643253
58.73,-64.995809,0.05295831088,0.5960141517,0.3177268876,0,-1.221580818,4.404040168,-3.1826427
58.74,-64.99580718,0.05295832505,0.5960141047,0.3177269137,0,-1.221581683,4.404042285,-3.182642153
58.75,-64.99580537,0.0529583391,0.5960140578,0.3177269398,0,-1.22158254,4.404044396,-3.182641611
58.76,-64.99580358,0.05295835303,0.5960140108,0.3177269659,0,-1.221583389,4.404046501,-3.182641074
58.77,-64.99580181,0.05295836685,0.5960139638,0.317726992,0,-1.22158423,4.404048599,-3.182640543
58.78,-64.99580006,0.05295838055,0.5960139167,0.3177270181,0,-1.221585064,4.40405069,-3.182640017
58.79,-64.99579832,0.05295839414,0.5960138697,0.3177270443,0,-1.221585889,4.404052775,-3.182639497
58.8,-64.9957966,0.05295840761,0.5960138226,0.3177270704,0,-1.221586706,4.404054853,-3.182638981
58.81,-64.99579491,0.05295842096,0.5960137756,0.3177270965,0,-1.221587516,4.404056925,-3.182638472
58.82,-64.99579322,0.0529584342,0.5960137285,0.3177271226,0,-1.221588318,4.404058991,-3.182637967
58.83,-64.99579156,0.05295844732,0.5960136814,0.3177271488,0,-1.221589111,4.40406105,-3.182637468
58.84,-64.99578991,0.05295846033,0.5960136343,0.3177271749,0,-1.221589897,4.404063102,-3.182636974
58.85,-64.99578828,0.05295847322,0.5960135872,0.317727201,0,-1.221590676,4.404065148,-3.182636485
58.86,-64.99578667,0.052958486,0.59601354,0.3177272271,0,-1.221591446,4.404067187,-3.182636002
58.87,-64.99578508,0.05295849866,0.5960134929,0.3177272532,0,-1.221592209,4.40406922,-3.182635524
58.88,-64.9957835,0.05295851121,0.5960134457,0.3177272794,0,-1.221592964,4.404071246,-3.182635051
58.89,-64.99578194,0.05295852365,0.5960133985,0.3177273055,0,-1.221593711,4.404073265,-3.182634583
58.9,-64.9957804,0.05295853597,0.5960133514,0.3177273316,0,-1.221594451,4.404075278,-3.182634121
58.91,-64.99577888,0.05295854818,0.5960133042,0.3177273577,0,-1.221595183,4.404077285,-3.182633663
58.92,-64.99577737,0.05295856027,0.596013257,0.3177273838,0,-1.221595907,4.404079284,-3.182633211
58.93,-64.99577588,0.05295857225,0.5960132098,0.3177274098,0,-1.221596623,4.404081277,-3.182632764
58.94,-64.99577441,0.05295858412,0.5960131626,0.3177274359,0,-1.221597332,4.404083263,-3.182632323
58.95,-64.99577295,0.05295859587,0.5960131154,0.317727462,0,-1.221598033,4.404085243,-3.182631886
58.96,-64.99577151,0.05295860751,0.5960130682,0.3177274881,0,-1.221598727,4.404087216,-3.182631454
58.97,-64.99577009,0.05295861904,0.596013021,0.3177275141,0,-1.221599413,4.404089182,-3.182631028
58.98,-64.99576869,0.05295863046,0.5960129738,0.3177275402,0,-1.221600091,4.404091142,-3.182630607
58.99,-64.9957673,0.05295864177,0.5960129266,0.3177275662,0,-1.221600762,4.404093095,-3.182630191
59,-64.99576593,0.05295865296,0.5960128793,0.3177275923,0,-1.221601425,4.404095041,-3.18262978
59.01,-64.99576458,0.05295866404,0.5960128321,0.3177276183,0,-1.221602081,4.40409698,-3.182629374
59.02,-64.99576324,0.05295867501,0.5960127849,0.3177276443,0,-1.22160273,4.404098913,-3.182628973
59.03,-64.99576192,0.05295868588,0.5960127377,0.3177276703,0,-1.22160337,4.404100839,-3.182628577
59.04,-64.99576062,0.05295869663,0.5960126905,0.3177276963,0,-1.221604004,4.404102758,-3.182628186
59.05,-64.99575933,0.05295870727,0.5960126433,0.3177277223,0,-1.22160463,4.40410467,-3.1826278
59.06,-64.99575807,0.0529587178,0.5960125961,0.3177277482,0,-1.221605248,4.404106576,-3.18262742
59.07,-64.99575681,0.05295872822,0.5960125489,0.3177277742,0,-1.221605859,4.404108475,-3.182627044
59.08,-64.99575558,0.05295873853,0.5960125017,0.3177278002,0,-1.221606463,4.404110367,-3.182626673
59.09,-64.99575436,0.05295874873,0.5960124545,0.3177278261,0,-1.221607059,4.404112252,-3.182626307
59.1,-64.99575315,0.05295875882,0.5960124073,0.317727852,0,-1.221607648,4.404114131,-3.182625946
59.11,-64.99575197,0.0529587688,0.5960123601,0.3177278779,0,-1.221608229,4.404116002,-3.18262559
59.12,-64.9957508,0.05295877868,0.5960123129,0.3177279038,0,-1.221608803,4.404117867,-3.182625239
59.13,-64.99574964,0.05295878844,0.5960122657,0.3177279297,0,-1.22160937,4.404119725,-3.182624893
59.14,-64.99574851,0.0529587981,0.5960122186,0.3177279555,0,-1.22160993,4.404121576,-3.182624552
59.15,-64.99574739,0.05295880765,0.5960121714,0.3177279814,0,-1.221610482,4.40412342,-3.182624216
59.16,-64.99574628,0.05295881709,0.5960121243,0.3177280072,0,-1.221611027,4.404125258,-3.182623885
59.17,-64.99574519,0.05295882643,0.5960120771,0.317728033,0,-1.221611565,4.404127088,-3.182623558
59.18,-64.99574412,0.05295883566,0.59601203,0.3177280588,0,-1.221612096,4.404128912,-3.182623236
59.19,-64.99574307,0.05295884478,0.5960119829,0.3177280846,0,-1.221612619,4.404130729,-3.18262292
59.2,-64.99574203,0.05295885379,0.5960119358,0.3177281104,0,-1.221613135,4.404132538,-3.182622608
59.21,-64.995741,0.0529588627,0.5960118887,0.3177281361,0,-1.221613645,4.404134342,-3.1826223
59.22,-64.99573999,0.0529588715,0.5960118417,0.3177281618,0,-1.221614147,4.404136138,-3.182621998
59.23,-64.995739,0.0529588802,0.5960117946,0.3177281875,0,-1.221614641,4.404137927,-3.1826217
59.24,-64.99573802,0.05295888879,0.5960117476,0.3177282132,0,-1.221615129,4.404139709,-3.182621407
59.25,-64.99573706,0.05295889728,0.5960117005,0.3177282389,0,-1.22161561,4.404141484,-3.182621119
59.26,-64.99573612,0.05295890566,0.5960116535,0.3177282645,0,-1.221616083,4.404143253,-3.182620836
59.27,-64.99573519,0.05295891393,0.5960116065,0.3177282902,0,-1.22161655,4.404145014,-3.182620557
59.28,-64.99573428,0.0529589221,0.5960115596,0.3177283158,0,-1.221617009,4.404146769,-3.182620283
59.29,-64.99573338,0.05295893017,0.5960115126,0.3177283413,0,-1.221617462,4.404148517,-3.182620014
59.3,-64.9957325,0.05295893814,0.5960114657,0.3177283669,0,-1.221617907,4.404150257,-3.18261975
59.31,-64.99573163,0.052958946,0.5960114187,0.3177283924,0,-1.221618346,4.404151991,-3.18261949
59.32,-64.99573078,0.05295895375,0.5960113718,0.317728418,0,-1.221618777,4.404153718,-3.182619235
59.33,-64.99572995,0.05295896141,0.596011325,0.3177284434,0,-1.221619202,4.404155438,-3.182618984
59.34,-64.99572913,0.05295896896,0.5960112781,0.3177284689,0,-1.22161962,4.404157151,-3.182618738
59.35,-64.99572832,0.0529589764,0.5960112313,0.3177284944,0,-1.221620031,4.404158857,-3.182618497
59.36,-64.99572753,0.05295898375,0.5960111844,0.3177285198,0,-1.221620435,4.404160556,-3.18261826
59.37,-64.99572676,0.05295899099,0.5960111377,0.3177285452,0,-1.221620832,4.404162248,-3.182618028
59.38,-64.995726,0.05295899814,0.5960110909,0.3177285706,0,-1.221621222,4.404163933,-3.1826178
59.39,-64.99572526,0.05295900518,0.5960110441,0.3177285959,0,-1.221621606,4.404165611,-3.182617577
59.4,-64.99572453,0.05295901212,0.5960109974,0.3177286212,0,-1.221621983,4.404167282,-3.182617359
59.41,-64.99572382,0.05295901895,0.5960109507,0.3177286465,0,-1.221622352,4.404168946,-3.182617145
59.42,-64.99572312,0.05295902569,0.5960109041,0.3177286718,0,-1.221622716,4.404170603,-3.182616936
59.43,-64.99572244,0.05295903233,0.5960108574,0.317728697,0,-1.221623072,4.404172253,-3.182616731
59.44,-64.99572177,0.05295903887,0.5960108108,0.3177287222,0,-1.221623422,4.404173896,-3.18261653
59.45,-64.99572111,0.0529590453,0.5960107642,0.3177287474,0,-1.221623765,4.404175532,-3.182616334
59.46,-64.99572048,0.05295905164,0.5960107176,0.3177287726,0,-1.221624101,4.404177161,-3.182616143
59.47,-64.99571985,0.05295905788,0.5960106711,0.3177287977,0,-1.221624431,4.404178783,-3.182615956
59.48,-64.99571924,0.05295906402,0.5960106246,0.3177288228,0,-1.221624754,4.404180398,-3.182615773
59.49,-64.99571865,0.05295907006,0.5960105781,0.3177288479,0,-1.221625071,4.404182006,-3.182615595
59.5,-64.99571807,0.05295907601,0.5960105317,0.3177288729,0,-1.221625381,4.404183607,-3.182615421
59.51,-64.99571751,0.05295908185,0.5960104853,0.3177288979,0,-1.221625684,4.404185201,-3.182615252
59.52,-64.99571696,0.0529590876,0.5960104389,0.3177289229,0,-1.221625981,4.404186788,-3.182615087
59.53,-64.99571642,0.05295909325,0.5960103926,0.3177289479,0,-1.221626271,4.404188368,-3.182614926
59.54,-64.9957159,0.0529590988,0.5960103463,0.3177289728,0,-1.221626555,4.404189941,-3.18261477
59.55,-64.99571539,0.05295910426,0.5960103,0.3177289977,0,-1.221626832,4.404191507,-3.182614618
59.56,-64.9957149,0.05295910961,0.5960102537,0.3177290225,0,-1.221627103,4.404193066,-3.18261447
59.57,-64.99571442,0.05295911488,0.5960102075,0.3177290474,0,-1.221627367,4.404194618,-3.182614327
59.58,-64.99571396,0.05295912004,0.5960101613,0.3177290722,0,-1.221627625,4.404196162,-3.182614188
59.59,-64.99571351,0.05295912511,0.5960101152,0.3177290969,0,-1.221627877,4.4041977,-3.182614053
59.6,-64.99571307,0.05295913009,0.5960100691,0.3177291216,0,-1.221628122,4.404199231,-3.182613922
59.61,-64.99571265,0.05295913497,0.596010023,0.3177291463,0,-1.221628361,4.404200755,-3.182613796
59.62,-64.99571225,0.05295913975,0.596009977,0.317729171,0,-1.221628593,4.404202271,-3.182613674
59.63,-64.99571185,0.05295914444,0.596009931,0.3177291956,0,-1.221628819,4.404203781,-3.182613556
59.64,-64.99571147,0.05295914904,0.596009885,0.3177292202,0,-1.221629039,4.404205284,-3.182613442
59.65,-64.99571111,0.05295915354,0.5960098391,0.3177292448,0,-1.221629253,4.404206779,-3.182613333
59.66,-64.99571076,0.05295915795,0.5960097932,0.3177292693,0,-1.22162946,4.404208268,-3.182613228
59.67,-64.99571042,0.05295916227,0.5960097474,0.3177292938,0,-1.221629661,4.40420975,-3.182613126
59.68,-64.9957101,0.05295916649,0.5960097016,0.3177293182,0,-1.221629856,4.404211224,-3.182613029
59.69,-64.99570979,0.05295917062,0.5960096558,0.3177293427,0,-1.221630045,4.404212692,-3.182612936
59.7,-64.99570949,0.05295917465,0.5960096101,0.317729367,0,-1.221630227,4.404214152,-3.182612848
59.71,-64.99570921,0.0529591786,0.5960095644,0.3177293914,0,-1.221630404,4.404215605,-3.182612763
59.72,-64.99570894,0.05295918245,0.5960095188,0.3177294157,0,-1.221630574,4.404217052,-3.182612682
59.73,-64.99570869,0.05295918621,0.5960094732,0.31772944,0,-1.221630738,4.404218491,-3.182612606
59.74,-64.99570844,0.05295918988,0.5960094277,0.3177294642,0,-1.221630896,4.404219924,-3.182612533
59.75,-64.99570822,0.05295919346,0.5960093822,0.3177294884,0,-1.221631048,4.404221349,-3.182612465
59.76,-64.995708,0.05295919695,0.5960093367,0.3177295126,0,-1.221631194,4.404222767,-3.1826124
59.77,-64.9957078,0.05295920034,0.5960092913,0.3177295367,0,-1.221631334,4.404224178,-3.18261234
59.78,-64.99570761,0.05295920365,0.5960092459,0.3177295608,0,-1.221631467,4.404225583,-3.182612283
59.79,-64.99570744,0.05295920687,0.5960092006,0.3177295848,0,-1.221631595,4.40422698,-3.182612231
59.8,-64.99570727,0.05295921,0.5960091553,0.3177296088,0,-1.221631717,4.40422837,-3.182612182
59.81,-64.99570712,0.05295921303,0.5960091101,0.3177296328,0,-1.221631833,4.404229753,-3.182612137
59.82,-64.99570699,0.05295921598,0.5960090649,0.3177296567,0,-1.221631943,4.404231129,-3.182612097
59.83,-64.99570687,0.05295921884,0.5960090198,0.3177296806,0,-1.221632047,4.404232499,-3.18261206
59.84,-64.99570676,0.05295922162,0.5960089747,0.3177297044,0,-1.221632146,4.404233861,-3.182612027
59.85,-64.99570666,0.0529592243,0.5960089297,0.3177297282,0,-1.221632238,4.404235216,-3.182611998
59.86,-64.99570658,0.0529592269,0.5960088847,0.317729752,0,-1.221632325,4.404236564,-3.182611973
59.87,-64.99570651,0.05295922941,0.5960088397,0.3177297757,0,-1.221632405,4.404237905,-3.182611952
59.88,-64.99570645,0.05295923183,0.5960087948,0.3177297994,0,-1.22163248,4.404239239,-3.182611934
59.89,-64.9957064,0.05295923416,0.59600875,0.317729823,0,-1.22163255,4.404240567,-3.182611921
59.9,-64.99570637,0.05295923641,0.5960087052,0.3177298466,0,-1.221632613,4.404241887,-3.182611911
59.91,-64.99570635,0.05295923858,0.5960086605,0.3177298701,0,-1.221632671,4.4042432,-3.182611905
59.92,-64.99570634,0.05295924065,0.5960086158,0.3177298937,0,-1.221632723,4.404244506,-3.182611903
59.93,-64.99570635,0.05295924264,0.5960085712,0.3177299171,0,-1.221632769,4.404245805,-3.182611904
59.94,-64.99570636,0.05295924455,0.5960085266,0.3177299405,0,-1.22163281,4.404247097,-3.182611909
59.95,-64.99570639,0.05295924637,0.5960084821,0.3177299639,0,-1.221632845,4.404248383,-3.182611918
59.96,-64.99570644,0.05295924811,0.5960084376,0.3177299872,0,-1.221632875,4.404249661,-3.182611931
59.97,-64.99570649,0.05295924976,0.5960083932,0.3177300105,0,-1.221632898,4.404250932,-3.182611947
59.98,-64.99570656,0.05295925133,0.5960083488,0.3177300338,0,-1.221632917,4.404252197,-3.182611968
59.99,-64.99570664,0.05295925281,0.5960083045,0.317730057,0,-1.22163293,4.404253454,-3.182611991
60,-64.99570673,0.05295925421,0.5960082602,0.3177300801,0,-1.221632937,4.404254704,-3.182612019
