t_ms,V_mV,m,h,n,Iinj_uAcm2,INa_uAcm2,IK_uAcm2,IL_uAcm2
0,-65,0.05293248526,0.5961207535,0.3176769141,0,-1.220057176,4.399733467,-3.1839
0.01,-64.9999579,0.05293249073,0.5961207526,0.3176769147,0,-1.220057107,4.399748934,-3.183887371
0.02,-64.99991609,0.05293250681,0.5961207501,0.3176769164,0,-1.22005777,4.399764364,-3.183874826
0.03,-64.99987454,0.05293253299,0.5961207458,0.3176769194,0,-1.22005913,4.399779761,-3.183862361
0.04,-64.99983325,0.05293256877,0.5961207398,0.3176769234,0,-1.220061154,4.399795125,-3.183849975
0.05,-64.99979221,0.05293261369,0.5961207321,0.3176769287,0,-1.220063809,4.39981046,-3.183837664
0.06,-64.99975143,0.05293266732,0.5961207228,0.3176769351,0,-1.220067066,4.399825768,-3.183825428
0.07,-64.99971088,0.05293272922,0.5961207118,0.3176769426,0,-1.220070894,4.399841051,-3.183813263
0.08,-64.99967056,0.05293279901,0.5961206991,0.3176769512,0,-1.220075265,4.39985631,-3.183801169
0.09,-64.99963047,0.05293287628,0.5961206848,0.3176769609,0,-1.220080154,4.399871548,-3.183789142
0.1,-64.99959061,0.05293296067,0.5961206689,0.3176769718,0,-1.220085534,4.399886766,-3.183777182
0.11,-64.99955095,0.05293305184,0.5961206514,0.3176769837,0,-1.220091382,4.399901965,-3.183765286
0.12,-64.99951151,0.05293314944,0.5961206323,0.3176769967,0,-1.220097673,4.399917148,-3.183753453
0.13,-64.99947227,0.05293325316,0.5961206116,0.3176770108,0,-1.220104387,4.399932316,-3.183741681
0.14,-64.99943323,0.0529333627,0.5961205893,0.317677026,0,-1.220111501,4.39994747,-3.18372997
0.15,-64.99939439,0.05293347775,0.5961205654,0.3176770422,0,-1.220118996,4.399962611,-3.183718317
0.16,-64.99935574,0.05293359805,0.59612054,0.3176770595,0,-1.220126853,4.399977741,-3.183706721
0.17,-64.99931727,0.05293372332,0.596120513,0.3176770779,0,-1.220135052,4.39999286,-3.183695182
0.18,-64.99927899,0.05293385332,0.5961204845,0.3176770972,0,-1.220143577,4.400007971,-3.183683697
0.19,-64.99924088,0.05293398781,0.5961204544,0.3176771177,0,-1.220152411,4.400023073,-3.183672265
0.2,-64.99920296,0.05293412654,0.5961204228,0.3176771391,0,-1.220161538,4.400038168,-3.183660887
0.21,-64.9991652,0.0529342693,0.5961203897,0.3176771616,0,-1.220170941,4.400053257,-3.183649559
0.22,-64.99912761,0.05293441588,0.5961203551,0.3176771851,0,-1.220180608,4.40006834,-3.183638283
0.23,-64.99909019,0.05293456609,0.596120319,0.3176772096,0,-1.220190524,4.400083418,-3.183627056
0.24,-64.99905293,0.05293471971,0.5961202814,0.3176772351,0,-1.220200676,4.400098493,-3.183615878
0.25,-64.99901582,0.05293487659,0.5961202423,0.3176772616,0,-1.22021105,4.400113564,-3.183604747
0.26,-64.99897888,0.05293503653,0.5961202018,0.3176772891,0,-1.220221636,4.400128632,-3.183593664
0.27,-64.99894209,0.05293519937,0.5961201598,0.3176773175,0,-1.220232421,4.400143698,-3.183582627
0.28,-64.99890545,0.05293536496,0.5961201163,0.317677347,0,-1.220243394,4.400158763,-3.183571636
0.29,-64.99886896,0.05293553313,0.5961200714,0.3176773774,0,-1.220254545,4.400173827,-3.183560689
0.3,-64.99883262,0.05293570375,0.596120025,0.3176774088,0,-1.220265864,4.40018889,-3.183549787
0.31,-64.99879643,0.05293587667,0.5961199772,0.3176774411,0,-1.22027734,4.400203953,-3.183538928
0.32,-64.99876038,0.05293605177,0.596119928,0.3176774744,0,-1.220288966,4.400219016,-3.183528113
0.33,-64.99872447,0.05293622892,0.5961198773,0.3176775087,0,-1.220300732,4.40023408,-3.18351734
0.34,-64.9986887,0.05293640798,0.5961198253,0.3176775439,0,-1.22031263,4.400249145,-3.183506609
0.35,-64.99865306,0.05293658886,0.5961197718,0.31767758,0,-1.220324651,4.400264211,-3.183495919
0.36,-64.99861757,0.05293677144,0.5961197169,0.3176776171,0,-1.220336789,4.400279279,-3.18348527
0.37,-64.99858221,0.05293695562,0.5961196607,0.317677655,0,-1.220349036,4.400294348,-3.183474662
0.38,-64.99854698,0.05293714128,0.5961196031,0.317677694,0,-1.220361385,4.400309419,-3.183464094
0.39,-64.99851189,0.05293732835,0.5961195441,0.3176777338,0,-1.220373829,4.400324493,-3.183453566
0.4,-64.99847692,0.05293751672,0.5961194837,0.3176777745,0,-1.220386362,4.400339569,-3.183443077
0.41,-64.99844209,0.05293770631,0.5961194219,0.3176778161,0,-1.220398978,4.400354648,-3.183432626
0.42,-64.99840738,0.05293789703,0.5961193589,0.3176778587,0,-1.220411671,4.400369729,-3.183422215
0.43,-64.9983728,0.05293808881,0.5961192944,0.3176779021,0,-1.220424436,4.400384813,-3.183411841
0.44,-64.99833835,0.05293828157,0.5961192286,0.3176779464,0,-1.220437267,4.400399901,-3.183401506
0.45,-64.99830403,0.05293847523,0.5961191615,0.3176779916,0,-1.220450159,4.400414991,-3.183391208
0.46,-64.99826983,0.05293866973,0.5961190931,0.3176780377,0,-1.220463108,4.400430084,-3.183380948
0.47,-64.99823575,0.052938865,0.5961190233,0.3176780846,0,-1.220476109,4.40044518,-3.183370724
0.48,-64.99820179,0.05293906097,0.5961189522,0.3176781325,0,-1.220489157,4.400460279,-3.183360538
0.49,-64.99816796,0.05293925759,0.5961188798,0.3176781811,0,-1.220502249,4.400475381,-3.183350388
0.5,-64.99813425,0.05293945479,0.5961188062,0.3176782307,0,-1.22051538,4.400490487,-3.183340274
0.51,-64.99810065,0.05293965253,0.5961187312,0.3176782811,0,-1.220528546,4.400505596,-3.183330196
0.52,-64.99806718,0.05293985075,0.5961186549,0.3176783323,0,-1.220541745,4.400520707,-3.183320155
0.53,-64.99803383,0.05294004939,0.5961185773,0.3176783844,0,-1.220554971,4.400535822,-3.183310149
0.54,-64.9980006,0.05294024841,0.5961184985,0.3176784373,0,-1.220568223,4.40055094,-3.183300179
0.55,-64.99796748,0.05294044777,0.5961184184,0.3176784911,0,-1.220581496,4.40056606,-3.183290244
0.56,-64.99793448,0.05294064741,0.5961183371,0.3176785457,0,-1.220594788,4.400581184,-3.183280345
0.57,-64.9979016,0.05294084731,0.5961182544,0.3176786011,0,-1.220608096,4.40059631,-3.183270481
0.58,-64.99786884,0.0529410474,0.5961181706,0.3176786573,0,-1.220621417,4.400611439,-3.183260651
0.59,-64.99783619,0.05294124767,0.5961180855,0.3176787144,0,-1.220634749,4.40062657,-3.183250857
0.6,-64.99780366,0.05294144807,0.5961179991,0.3176787722,0,-1.220648088,4.400641704,-3.183241097
0.61,-64.99777124,0.05294164856,0.5961179115,0.3176788309,0,-1.220661433,4.40065684,-3.183231372
0.62,-64.99773894,0.05294184912,0.5961178227,0.3176788903,0,-1.22067478,4.400671979,-3.183221681
0.63,-64.99770675,0.0529420497,0.5961177327,0.3176789506,0,-1.220688129,4.400687119,-3.183212025
0.64,-64.99767468,0.05294225029,0.5961176415,0.3176790116,0,-1.220701477,4.400702261,-3.183202403
0.65,-64.99764272,0.05294245084,0.596117549,0.3176790735,0,-1.220714821,4.400717406,-3.183192815
0.66,-64.99761087,0.05294265134,0.5961174554,0.3176791361,0,-1.22072816,4.400732551,-3.183183262
0.67,-64.99757914,0.05294285175,0.5961173605,0.3176791995,0,-1.220741492,4.400747699,-3.183173742
0.68,-64.99754752,0.05294305206,0.5961172645,0.3176792636,0,-1.220754815,4.400762847,-3.183164256
0.69,-64.99751602,0.05294325222,0.5961171673,0.3176793286,0,-1.220768128,4.400777997,-3.183154805
0.7,-64.99748462,0.05294345223,0.5961170689,0.3176793943,0,-1.220781428,4.400793148,-3.183145387
0.71,-64.99745334,0.05294365205,0.5961169693,0.3176794607,0,-1.220794715,4.400808299,-3.183136003
0.72,-64.99742217,0.05294385168,0.5961168686,0.3176795279,0,-1.220807987,4.400823451,-3.183126652
0.73,-64.99739112,0.05294405108,0.5961167667,0.3176795959,0,-1.220821243,4.400838604,-3.183117336
0.74,-64.99736017,0.05294425023,0.5961166637,0.3176796646,0,-1.22083448,4.400853757,-3.183108052
0.75,-64.99732934,0.05294444913,0.5961165595,0.317679734,0,-1.220847698,4.400868909,-3.183098803
0.76,-64.99729862,0.05294464774,0.5961164542,0.3176798042,0,-1.220860896,4.400884062,-3.183089587
0.77,-64.99726801,0.05294484606,0.5961163477,0.3176798751,0,-1.220874072,4.400899214,-3.183080404
0.78,-64.99723752,0.05294504406,0.5961162401,0.3176799468,0,-1.220887225,4.400914366,-3.183071255
0.79,-64.99720713,0.05294524173,0.5961161314,0.3176800191,0,-1.220900355,4.400929517,-3.18306214
0.8,-64.99717686,0.05294543906,0.5961160216,0.3176800922,0,-1.22091346,4.400944667,-3.183053057
0.81,-64.99714669,0.05294563603,0.5961159106,0.317680166,0,-1.220926538,4.400959815,-3.183044008
0.82,-64.99711664,0.05294583263,0.5961157986,0.3176802405,0,-1.220939591,4.400974963,-3.183034993
0.83,-64.9970867,0.05294602884,0.5961156854,0.3176803157,0,-1.220952615,4.400990108,-3.183026011
0.84,-64.99705687,0.05294622465,0.5961155712,0.3176803916,0,-1.220965611,4.401005252,-3.183017062
0.85,-64.99702715,0.05294642005,0.5961154559,0.3176804682,0,-1.220978577,4.401020394,-3.183008146
0.86,-64.99699755,0.05294661503,0.5961153395,0.3176805455,0,-1.220991513,4.401035533,-3.182999264
0.87,-64.99696805,0.05294680958,0.596115222,0.3176806235,0,-1.221004419,4.40105067,-3.182990415
0.88,-64.99693866,0.05294700368,0.5961151034,0.3176807022,0,-1.221017292,4.401065804,-3.182981599
0.89,-64.99690939,0.05294719732,0.5961149838,0.3176807815,0,-1.221030134,4.401080936,-3.182972816
0.9,-64.99688022,0.05294739051,0.5961148631,0.3176808615,0,-1.221042942,4.401096064,-3.182964067
0.91,-64.99685117,0.05294758321,0.5961147414,0.3176809422,0,-1.221055717,4.401111188,-3.182955351
0.92,-64.99682223,0.05294777544,0.5961146186,0.3176810236,0,-1.221068457,4.401126309,-3.182946668
0.93,-64.99679339,0.05294796718,0.5961144948,0.3176811056,0,-1.221081162,4.401141426,-3.182938018
0.94,-64.99676467,0.05294815841,0.5961143699,0.3176811883,0,-1.221093832,4.401156539,-3.182929401
0.95,-64.99673606,0.05294834914,0.596114244,0.3176812716,0,-1.221106466,4.401171648,-3.182920818
0.96,-64.99670756,0.05294853935,0.5961141171,0.3176813556,0,-1.221119064,4.401186752,-3.182912267
0.97,-64.99667917,0.05294872904,0.5961139892,0.3176814402,0,-1.221131625,4.401201851,-3.18290375
0.98,-64.99665089,0.05294891821,0.5961138602,0.3176815255,0,-1.221144148,4.401216945,-3.182895266
0.99,-64.99662272,0.05294910683,0.5961137303,0.3176816114,0,-1.221156634,4.401232034,-3.182886815
1,-64.99659466,0.05294929492,0.5961135993,0.3176816979,0,-1.221169081,4.401247117,-3.182878398
1.01,-64.99656671,0.05294948245,0.5961134674,0.3176817851,0,-1.221181489,4.401262195,-3.182870013
1.02,-64.99653887,0.05294966944,0.5961133344,0.3176818728,0,-1.221193858,4.401277267,-3.182861662
1.03,-64.99651115,0.05294985586,0.5961132005,0.3176819612,0,-1.221206188,4.401292332,-3.182853344
1.04,-64.99648353,0.05295004172,0.5961130656,0.3176820502,0,-1.221218478,4.401307391,-3.182845059
1.05,-64.99645602,0.05295022701,0.5961129297,0.3176821399,0,-1.221230728,4.401322443,-3.182836807
1.06,-64.99642863,0.05295041172,0.5961127929,0.3176822301,0,-1.221242937,4.401337489,-3.182828588
1.07,-64.99640134,0.05295059585,0.5961126551,0.3176823209,0,-1.221255106,4.401352527,-3.182820402
1.08,-64.99637417,0.0529507794,0.5961125163,0.3176824123,0,-1.221267233,4.401367558,-3.18281225
1.09,-64.9963471,0.05295096236,0.5961123766,0.3176825044,0,-1.221279319,4.401382581,-3.182804131
1.1,-64.99632015,0.05295114473,0.5961122359,0.317682597,0,-1.221291363,4.401397596,-3.182796045
1.11,-64.99629331,0.0529513265,0.5961120943,0.3176826902,0,-1.221303365,4.401412603,-3.182787992
1.12,-64.99626657,0.05295150767,0.5961119518,0.3176827839,0,-1.221315325,4.401427602,-3.182779972
1.13,-64.99623995,0.05295168824,0.5961118083,0.3176828783,0,-1.221327243,4.401442592,-3.182771986
1.14,-64.99621344,0.05295186819,0.596111664,0.3176829732,0,-1.221339118,4.401457574,-3.182764033
1.15,-64.99618704,0.05295204754,0.5961115187,0.3176830687,0,-1.22135095,4.401472546,-3.182756112
1.16,-64.99616075,0.05295222627,0.5961113725,0.3176831648,0,-1.221362738,4.40148751,-3.182748225
1.17,-64.99613457,0.05295240439,0.5961112253,0.3176832614,0,-1.221374484,4.401502463,-3.182740372
1.18,-64.9961085,0.05295258188,0.5961110773,0.3176833586,0,-1.221386186,4.401517407,-3.182732551
1.19,-64.99608255,0.05295275875,0.5961109284,0.3176834563,0,-1.221397844,4.401532342,-3.182724764
1.2,-64.9960567,0.05295293499,0.5961107786,0.3176835546,0,-1.221409458,4.401547265,-3.182717009
1.21,-64.99603096,0.05295311061,0.596110628,0.3176836534,0,-1.221421028,4.401562179,-3.182709288
1.22,-64.99600534,0.05295328559,0.5961104764,0.3176837527,0,-1.221432554,4.401577082,-3.182701601
1.23,-64.99597982,0.05295345994,0.596110324,0.3176838526,0,-1.221444035,4.401591974,-3.182693946
1.24,-64.99595442,0.05295363365,0.5961101707,0.317683953,0,-1.221455472,4.401606855,-3.182686325
1.25,-64.99592912,0.05295380673,0.5961100165,0.317684054,0,-1.221466864,4.401621724,-3.182678736
1.26,-64.99590394,0.05295397916,0.5961098615,0.3176841555,0,-1.221478212,4.401636582,-3.182671181
1.27,-64.99587887,0.05295415095,0.5961097057,0.3176842575,0,-1.221489514,4.401651428,-3.18266366
1.28,-64.9958539,0.0529543221,0.596109549,0.31768436,0,-1.221500771,4.401666262,-3.182656171
1.29,-64.99582905,0.0529544926,0.5961093914,0.317684463,0,-1.221511983,4.401681084,-3.182648715
1.3,-64.99580431,0.05295466245,0.596109233,0.3176845665,0,-1.22152315,4.401695894,-3.182641293
1.31,-64.99577968,0.05295483165,0.5961090738,0.3176846705,0,-1.221534271,4.401710691,-3.182633904
1.32,-64.99575516,0.0529550002,0.5961089138,0.3176847751,0,-1.221545347,4.401725475,-3.182626548
1.33,-64.99573075,0.0529551681,0.596108753,0.3176848801,0,-1.221556377,4.401740246,-3.182619226
1.34,-64.99570645,0.05295533534,0.5961085913,0.3176849856,0,-1.221567361,4.401755003,-3.182611936
1.35,-64.99568227,0.05295550192,0.5961084289,0.3176850916,0,-1.2215783,4.401769747,-3.18260468
1.36,-64.99565819,0.05295566785,0.5961082656,0.3176851981,0,-1.221589192,4.401784478,-3.182597457
1.37,-64.99563422,0.05295583312,0.5961081016,0.317685305,0,-1.221600039,4.401799194,-3.182590267
1.38,-64.99561037,0.05295599773,0.5961079367,0.3176854125,0,-1.221610839,4.401813896,-3.18258311
1.39,-64.99558662,0.05295616167,0.5961077711,0.3176855204,0,-1.221621593,4.401828584,-3.182575987
1.4,-64.99556299,0.05295632495,0.5961076047,0.3176856288,0,-1.221632301,4.401843257,-3.182568896
1.41,-64.99553946,0.05295648757,0.5961074375,0.3176857376,0,-1.221642963,4.401857915,-3.182561839
1.42,-64.99551605,0.05295664953,0.5961072696,0.3176858469,0,-1.221653579,4.401872558,-3.182554815
1.43,-64.99549275,0.05295681082,0.5961071009,0.3176859567,0,-1.221664147,4.401887186,-3.182547824
1.44,-64.99546955,0.05295697144,0.5961069314,0.3176860669,0,-1.22167467,4.401901798,-3.182540866
1.45,-64.99544647,0.05295713139,0.5961067612,0.3176861775,0,-1.221685146,4.401916395,-3.182533941
1.46,-64.9954235,0.05295729067,0.5961065902,0.3176862886,0,-1.221695575,4.401930976,-3.18252705
1.47,-64.99540064,0.05295744929,0.5961064185,0.3176864001,0,-1.221705958,4.401945541,-3.182520192
1.48,-64.99537789,0.05295760723,0.5961062461,0.3176865121,0,-1.221716294,4.401960089,-3.182513366
1.49,-64.99535525,0.05295776451,0.596106073,0.3176866245,0,-1.221726583,4.401974621,-3.182506574
1.5,-64.99533272,0.05295792111,0.5961058991,0.3176867373,0,-1.221736826,4.401989136,-3.182499815
1.51,-64.9953103,0.05295807704,0.5961057245,0.3176868506,0,-1.221747022,4.402003634,-3.182493089
1.52,-64.99528799,0.05295823229,0.5961055492,0.3176869643,0,-1.221757171,4.402018116,-3.182486396
1.53,-64.99526579,0.05295838687,0.5961053731,0.3176870784,0,-1.221767273,4.402032579,-3.182479736
1.54,-64.9952437,0.05295854078,0.5961051964,0.3176871929,0,-1.221777328,4.402047026,-3.18247311
1.55,-64.99522172,0.05295869401,0.596105019,0.3176873078,0,-1.221787336,4.402061454,-3.182466516
1.56,-64.99519985,0.05295884657,0.5961048409,0.3176874231,0,-1.221797297,4.402075865,-3.182459955
1.57,-64.99517809,0.05295899845,0.5961046621,0.3176875388,0,-1.221807212,4.402090258,-3.182453428
1.58,-64.99515644,0.05295914965,0.5961044826,0.3176876549,0,-1.221817079,4.402104632,-3.182446933
1.59,-64.9951349,0.05295930018,0.5961043024,0.3176877714,0,-1.221826899,4.402118988,-3.182440471
1.6,-64.99511348,0.05295945003,0.5961041216,0.3176878883,0,-1.221836673,4.402133325,-3.182434043
1.61,-64.99509216,0.0529595992,0.5961039401,0.3176880056,0,-1.221846399,4.402147643,-3.182427647
1.62,-64.99507095,0.0529597477,0.5961037579,0.3176881233,0,-1.221856078,4.402161942,-3.182421284
1.63,-64.99504985,0.05295989551,0.5961035751,0.3176882413,0,-1.22186571,4.402176222,-3.182414954
1.64,-64.99502886,0.05296004265,0.5961033917,0.3176883597,0,-1.221875295,4.402190482,-3.182408658
1.65,-64.99500798,0.05296018911,0.5961032076,0.3176884785,0,-1.221884833,4.402204723,-3.182402394
1.66,-64.99498721,0.05296033489,0.5961030228,0.3176885977,0,-1.221894324,4.402218943,-3.182396162
1.67,-64.99496655,0.05296047999,0.5961028375,0.3176887172,0,-1.221903768,4.402233144,-3.182389964
1.68,-64.994946,0.05296062441,0.5961026515,0.317688837,0,-1.221913164,4.402247325,-3.182383799
1.69,-64.99492555,0.05296076815,0.5961024648,0.3176889573,0,-1.221922514,4.402261485,-3.182377666
1.7,-64.99490522,0.05296091121,0.5961022776,0.3176890779,0,-1.221931816,4.402275625,-3.182371567
1.71,-64.994885,0.0529610536,0.5961020897,0.3176891988,0,-1.221941072,4.402289743,-3.1823655
1.72,-64.99486489,0.0529611953,0.5961019013,0.3176893201,0,-1.22195028,4.402303841,-3.182359466
1.73,-64.99484488,0.05296133632,0.5961017122,0.3176894417,0,-1.221959441,4.402317918,-3.182353464
1.74,-64.99482499,0.05296147666,0.5961015225,0.3176895636,0,-1.221968555,4.402331973,-3.182347496
1.75,-64.9948052,0.05296161632,0.5961013323,0.3176896859,0,-1.221977622,4.402346007,-3.18234156
1.76,-64.99478552,0.0529617553,0.5961011414,0.3176898085,0,-1.221986642,4.40236002,-3.182335657
1.77,-64.99476595,0.05296189361,0.59610095,0.3176899315,0,-1.221995614,4.40237401,-3.182329786
1.78,-64.99474649,0.05296203123,0.596100758,0.3176900547,0,-1.22200454,4.402387978,-3.182323948
1.79,-64.99472714,0.05296216817,0.5961005655,0.3176901783,0,-1.222013419,4.402401925,-3.182318143
1.8,-64.9947079,0.05296230443,0.5961003723,0.3176903022,0,-1.22202225,4.402415849,-3.182312371
1.81,-64.99468877,0.05296244001,0.5961001786,0.3176904264,0,-1.222031035,4.40242975,-3.182306631
1.82,-64.99466974,0.05296257491,0.5960999844,0.317690551,0,-1.222039772,4.402443629,-3.182300923
1.83,-64.99465083,0.05296270913,0.5960997896,0.3176906758,0,-1.222048463,4.402457484,-3.182295248
1.84,-64.99463202,0.05296284268,0.5960995942,0.3176908009,0,-1.222057107,4.402471317,-3.182289606
1.85,-64.99461332,0.05296297554,0.5960993983,0.3176909263,0,-1.222065703,4.402485127,-3.182283996
1.86,-64.99459473,0.05296310772,0.5960992019,0.317691052,0,-1.222074253,4.402498913,-3.182278418
1.87,-64.99457624,0.05296323923,0.5960990049,0.317691178,0,-1.222082756,4.402512675,-3.182272873
1.88,-64.99455787,0.05296337005,0.5960988075,0.3176913043,0,-1.222091212,4.402526414,-3.182267361
1.89,-64.9945396,0.0529635002,0.5960986095,0.3176914309,0,-1.222099621,4.402540129,-3.18226188
1.9,-64.99452144,0.05296362967,0.5960984109,0.3176915577,0,-1.222107983,4.40255382,-3.182256432
1.91,-64.99450339,0.05296375845,0.5960982119,0.3176916849,0,-1.222116298,4.402567487,-3.182251017
1.92,-64.99448544,0.05296388657,0.5960980124,0.3176918123,0,-1.222124567,4.40258113,-3.182245633
1.93,-64.99446761,0.052964014,0.5960978123,0.3176919399,0,-1.222132789,4.402594748,-3.182240282
1.94,-64.99444988,0.05296414076,0.5960976118,0.3176920679,0,-1.222140964,4.402608341,-3.182234963
1.95,-64.99443226,0.05296426684,0.5960974108,0.3176921961,0,-1.222149092,4.402621909,-3.182229677
1.96,-64.99441474,0.05296439224,0.5960972093,0.3176923245,0,-1.222157174,4.402635453,-3.182224422
1.97,-64.99439733,0.05296451696,0.5960970073,0.3176924532,0,-1.222165209,4.402648971,-3.1822192
1.98,-64.99438003,0.05296464101,0.5960968048,0.3176925822,0,-1.222173198,4.402662464,-3.18221401
1.99,-64.99436284,0.05296476439,0.5960966019,0.3176927114,0,-1.222181139,4.402675932,-3.182208851
2,-64.99434575,0.05296488709,0.5960963985,0.3176928408,0,-1.222189035,4.402689374,-3.182203725
2.01,-64.99432877,0.05296500911,0.5960961947,0.3176929705,0,-1.222196884,4.402702791,-3.182198631
2.02,-64.9943119,0.05296513046,0.5960959903,0.3176931005,0,-1.222204686,4.402716181,-3.182193569
2.03,-64.99429513,0.05296525113,0.5960957856,0.3176932306,0,-1.222212442,4.402729545,-3.182188539
2.04,-64.99427847,0.05296537113,0.5960955804,0.317693361,0,-1.222220151,4.402742884,-3.18218354
2.05,-64.99426191,0.05296549046,0.5960953747,0.3176934917,0,-1.222227814,4.402756196,-3.182178574
2.06,-64.99424546,0.05296560912,0.5960951686,0.3176936225,0,-1.222235431,4.402769481,-3.182173639
2.07,-64.99422912,0.0529657271,0.5960949621,0.3176937536,0,-1.222243002,4.40278274,-3.182168736
2.08,-64.99421288,0.05296584441,0.5960947552,0.3176938848,0,-1.222250526,4.402795972,-3.182163865
2.09,-64.99419675,0.05296596104,0.5960945478,0.3176940163,0,-1.222258004,4.402809177,-3.182159026
2.1,-64.99418073,0.05296607701,0.59609434,0.3176941481,0,-1.222265436,4.402822355,-3.182154218
2.11,-64.99416481,0.05296619231,0.5960941318,0.31769428,0,-1.222272822,4.402835506,-3.182149442
2.12,-64.99414899,0.05296630693,0.5960939232,0.3176944121,0,-1.222280161,4.40284863,-3.182144697
2.13,-64.99413328,0.05296642089,0.5960937142,0.3176945444,0,-1.222287455,4.402861726,-3.182139985
2.14,-64.99411768,0.05296653418,0.5960935048,0.3176946769,0,-1.222294703,4.402874795,-3.182135303
2.15,-64.99410218,0.0529666468,0.596093295,0.3176948096,0,-1.222301904,4.402887836,-3.182130653
2.16,-64.99408678,0.05296675875,0.5960930848,0.3176949425,0,-1.22230906,4.402900849,-3.182126035
2.17,-64.99407149,0.05296687003,0.5960928743,0.3176950756,0,-1.22231617,4.402913834,-3.182121448
2.18,-64.99405631,0.05296698065,0.5960926633,0.3176952089,0,-1.222323234,4.402926791,-3.182116892
2.19,-64.99404123,0.0529670906,0.596092452,0.3176953423,0,-1.222330253,4.40293972,-3.182112368
2.2,-64.99402625,0.05296719989,0.5960922403,0.317695476,0,-1.222337226,4.40295262,-3.182107875
2.21,-64.99401138,0.05296730851,0.5960920283,0.3176956098,0,-1.222344153,4.402965492,-3.182103413
2.22,-64.99399661,0.05296741646,0.5960918159,0.3176957437,0,-1.222351034,4.402978335,-3.182098982
2.23,-64.99398194,0.05296752376,0.5960916031,0.3176958779,0,-1.22235787,4.402991149,-3.182094583
2.24,-64.99396738,0.05296763039,0.59609139,0.3176960122,0,-1.222364661,4.403003935,-3.182090214
2.25,-64.99395292,0.05296773635,0.5960911765,0.3176961467,0,-1.222371406,4.403016691,-3.182085877
2.26,-64.99393857,0.05296784166,0.5960909627,0.3176962813,0,-1.222378105,4.403029419,-3.182081571
2.27,-64.99392432,0.0529679463,0.5960907486,0.3176964161,0,-1.22238476,4.403042117,-3.182077296
2.28,-64.99391017,0.05296805029,0.5960905341,0.317696551,0,-1.222391369,4.403054785,-3.182073051
2.29,-64.99389613,0.05296815361,0.5960903193,0.3176966861,0,-1.222397932,4.403067425,-3.182068838
2.3,-64.99388218,0.05296825628,0.5960901042,0.3176968213,0,-1.222404451,4.403080034,-3.182064655
2.31,-64.99386834,0.05296835829,0.5960898888,0.3176969567,0,-1.222410925,4.403092614,-3.182060503
2.32,-64.99385461,0.05296845964,0.596089673,0.3176970922,0,-1.222417353,4.403105164,-3.182056382
2.33,-64.99384097,0.05296856033,0.596089457,0.3176972278,0,-1.222423736,4.403117684,-3.182052292
2.34,-64.99382744,0.05296866037,0.5960892406,0.3176973636,0,-1.222430075,4.403130174,-3.182048232
2.35,-64.99381401,0.05296875975,0.596089024,0.3176974995,0,-1.222436369,4.403142634,-3.182044203
2.36,-64.99380068,0.05296885848,0.596088807,0.3176976355,0,-1.222442618,4.403155063,-3.182040204
2.37,-64.99378745,0.05296895655,0.5960885898,0.3176977717,0,-1.222448822,4.403167462,-3.182036236
2.38,-64.99377433,0.05296905398,0.5960883722,0.3176979079,0,-1.222454981,4.403179831,-3.182032299
2.39,-64.99376131,0.05296915075,0.5960881544,0.3176980443,0,-1.222461096,4.403192168,-3.182028392
2.4,-64.99374838,0.05296924686,0.5960879363,0.3176981808,0,-1.222467166,4.403204475,-3.182024515
2.41,-64.99373556,0.05296934233,0.596087718,0.3176983175,0,-1.222473192,4.403216751,-3.182020668
2.42,-64.99372284,0.05296943715,0.5960874993,0.3176984542,0,-1.222479173,4.403228997,-3.182016852
2.43,-64.99371022,0.05296953132,0.5960872804,0.317698591,0,-1.22248511,4.403241211,-3.182013066
2.44,-64.9936977,0.05296962484,0.5960870613,0.317698728,0,-1.222491003,4.403253394,-3.18200931
2.45,-64.99368528,0.05296971772,0.5960868419,0.317698865,0,-1.222496851,4.403265545,-3.182005585
2.46,-64.99367296,0.05296980995,0.5960866222,0.3176990021,0,-1.222502656,4.403277666,-3.182001889
2.47,-64.99366074,0.05296990153,0.5960864023,0.3176991393,0,-1.222508416,4.403289754,-3.181998223
2.48,-64.99364863,0.05296999247,0.5960861822,0.3176992766,0,-1.222514132,4.403301811,-3.181994588
2.49,-64.99363661,0.05297008276,0.5960859618,0.317699414,0,-1.222519804,4.403313837,-3.181990982
2.5,-64.99362469,0.05297017242,0.5960857412,0.3176995515,0,-1.222525432,4.403325831,-3.181987406
2.51,-64.99361287,0.05297026143,0.5960855203,0.3176996891,0,-1.222531016,4.403337792,-3.18198386
2.52,-64.99360115,0.0529703498,0.5960852992,0.3176998267,0,-1.222536557,4.403349722,-3.181980344
2.53,-64.99358952,0.05297043753,0.5960850779,0.3176999645,0,-1.222542054,4.40336162,-3.181976857
2.54,-64.993578,0.05297052462,0.5960848564,0.3177001022,0,-1.222547507,4.403373485,-3.1819734
2.55,-64.99356657,0.05297061107,0.5960846347,0.3177002401,0,-1.222552917,4.403385319,-3.181969972
2.56,-64.99355525,0.05297069689,0.5960844128,0.317700378,0,-1.222558283,4.403397119,-3.181966574
2.57,-64.99354402,0.05297078207,0.5960841907,0.317700516,0,-1.222563606,4.403408888,-3.181963206
2.58,-64.99353289,0.05297086661,0.5960839684,0.3177006541,0,-1.222568886,4.403420624,-3.181959867
2.59,-64.99352186,0.05297095052,0.5960837458,0.3177007922,0,-1.222574122,4.403432327,-3.181956557
2.6,-64.99351092,0.0529710338,0.5960835231,0.3177009304,0,-1.222579315,4.403443997,-3.181953277
2.61,-64.99350008,0.05297111644,0.5960833002,0.3177010686,0,-1.222584465,4.403455635,-3.181950025
2.62,-64.99348934,0.05297119846,0.5960830772,0.3177012068,0,-1.222589572,4.40346724,-3.181946803
2.63,-64.9934787,0.05297127984,0.5960828539,0.3177013452,0,-1.222594636,4.403478812,-3.181943611
2.64,-64.99346816,0.05297136059,0.5960826305,0.3177014835,0,-1.222599657,4.40349035,-3.181940447
2.65,-64.99345771,0.05297144072,0.5960824069,0.3177016219,0,-1.222604636,4.403501856,-3.181937312
2.66,-64.99344735,0.05297152022,0.5960821832,0.3177017604,0,-1.222609571,4.403513328,-3.181934206
2.67,-64.9934371,0.05297159909,0.5960819592,0.3177018988,0,-1.222614464,4.403524767,-3.181931129
2.68,-64.99342694,0.05297167734,0.5960817352,0.3177020373,0,-1.222619315,4.403536173,-3.181928081
2.69,-64.99341687,0.05297175496,0.5960815109,0.3177021759,0,-1.222624122,4.403547545,-3.181925062
2.7,-64.9934069,0.05297183196,0.5960812866,0.3177023144,0,-1.222628888,4.403558883,-3.181922071
2.71,-64.99339703,0.05297190834,0.596081062,0.317702453,0,-1.222633611,4.403570188,-3.18191911
2.72,-64.99338725,0.0529719841,0.5960808374,0.3177025917,0,-1.222638292,4.403581459,-3.181916176
2.73,-64.99337757,0.05297205924,0.5960806126,0.3177027303,0,-1.222642931,4.403592697,-3.181913271
2.74,-64.99336798,0.05297213376,0.5960803877,0.3177028689,0,-1.222647527,4.4036039,-3.181910395
2.75,-64.99335849,0.05297220766,0.5960801626,0.3177030076,0,-1.222652082,4.403615069,-3.181907547
2.76,-64.99334909,0.05297228094,0.5960799374,0.3177031463,0,-1.222656595,4.403626205,-3.181904728
2.77,-64.99333979,0.05297235361,0.5960797121,0.3177032849,0,-1.222661066,4.403637306,-3.181901937
2.78,-64.99333058,0.05297242567,0.5960794867,0.3177034236,0,-1.222665495,4.403648373,-3.181899174
2.79,-64.99332146,0.05297249711,0.5960792612,0.3177035623,0,-1.222669882,4.403659406,-3.181896439
2.8,-64.99331244,0.05297256794,0.5960790356,0.317703701,0,-1.222674228,4.403670405,-3.181893732
2.81,-64.99330351,0.05297263816,0.5960788098,0.3177038397,0,-1.222678532,4.403681369,-3.181891053
2.82,-64.99329468,0.05297270777,0.596078584,0.3177039784,0,-1.222682795,4.403692299,-3.181888403
2.83,-64.99328593,0.05297277677,0.5960783581,0.3177041171,0,-1.222687017,4.403703194,-3.18188578
2.84,-64.99327728,0.05297284517,0.5960781321,0.3177042557,0,-1.222691197,4.403714055,-3.181883185
2.85,-64.99326873,0.05297291296,0.596077906,0.3177043944,0,-1.222695336,4.403724881,-3.181880618
2.86,-64.99326026,0.05297298014,0.5960776798,0.317704533,0,-1.222699434,4.403735672,-3.181878079
2.87,-64.99325189,0.05297304672,0.5960774535,0.3177046716,0,-1.222703491,4.403746429,-3.181875567
2.88,-64.99324361,0.05297311269,0.5960772271,0.3177048102,0,-1.222707507,4.403757151,-3.181873083
2.89,-64.99323542,0.05297317807,0.5960770007,0.3177049488,0,-1.222711483,4.403767838,-3.181870626
2.9,-64.99322732,0.05297324284,0.5960767742,0.3177050874,0,-1.222715417,4.403778489,-3.181868197
2.91,-64.99321932,0.05297330702,0.5960765477,0.3177052259,0,-1.222719311,4.403789106,-3.181865796
2.92,-64.9932114,0.0529733706,0.5960763211,0.3177053644,0,-1.222723165,4.403799688,-3.181863421
2.93,-64.99320358,0.05297343358,0.5960760944,0.3177055029,0,-1.222726978,4.403810235,-3.181861074
2.94,-64.99319585,0.05297349596,0.5960758677,0.3177056413,0,-1.22273075,4.403820746,-3.181858754
2.95,-64.99318821,0.05297355775,0.5960756409,0.3177057797,0,-1.222734483,4.403831222,-3.181856462
2.96,-64.99318065,0.05297361895,0.5960754141,0.317705918,0,-1.222738175,4.403841663,-3.181854196
2.97,-64.99317319,0.05297367956,0.5960751872,0.3177060563,0,-1.222741827,4.403852068,-3.181851957
2.98,-64.99316582,0.05297373957,0.5960749603,0.3177061946,0,-1.222745439,4.403862438,-3.181849746
2.99,-64.99315854,0.052973799,0.5960747333,0.3177063328,0,-1.222749011,4.403872773,-3.181847561
3,-64.99315134,0.05297385784,0.5960745064,0.317706471,0,-1.222752543,4.403883072,-3.181845403
3.01,-64.99314424,0.05297391609,0.5960742794,0.3177066091,0,-1.222756036,4.403893336,-3.181843272
3.02,-64.99313722,0.05297397375,0.5960740524,0.3177067472,0,-1.222759489,4.403903563,-3.181841167
3.03,-64.9931303,0.05297403084,0.5960738253,0.3177068852,0,-1.222762902,4.403913756,-3.181839089
3.04,-64.99312346,0.05297408734,0.5960735983,0.3177070231,0,-1.222766276,4.403923912,-3.181837037
3.05,-64.99311671,0.05297414325,0.5960733712,0.317707161,0,-1.22276961,4.403934033,-3.181835013
3.06,-64.99311005,0.05297419859,0.5960731441,0.3177072988,0,-1.222772906,4.403944118,-3.181833014
3.07,-64.99310347,0.05297425335,0.5960729171,0.3177074365,0,-1.222776162,4.403954167,-3.181831042
3.08,-64.99309699,0.05297430753,0.59607269,0.3177075742,0,-1.222779379,4.40396418,-3.181829096
3.09,-64.99309059,0.05297436113,0.5960724629,0.3177077118,0,-1.222782557,4.403974157,-3.181827176
3.1,-64.99308427,0.05297441416,0.5960722358,0.3177078494,0,-1.222785696,4.403984098,-3.181825282
3.11,-64.99307805,0.05297446662,0.5960720088,0.3177079868,0,-1.222788797,4.403994003,-3.181823415
3.12,-64.99307191,0.0529745185,0.5960717817,0.3177081242,0,-1.222791858,4.404003872,-3.181821573
3.13,-64.99306586,0.05297456981,0.5960715547,0.3177082615,0,-1.222794882,4.404013705,-3.181819757
3.14,-64.99305989,0.05297462055,0.5960713276,0.3177083987,0,-1.222797866,4.404023502,-3.181817967
3.15,-64.99305401,0.05297467073,0.5960711007,0.3177085358,0,-1.222800812,4.404033262,-3.181816203
3.16,-64.99304822,0.05297472034,0.5960708737,0.3177086729,0,-1.22280372,4.404042986,-3.181814465
3.17,-64.99304251,0.05297476938,0.5960706468,0.3177088098,0,-1.22280659,4.404052674,-3.181812752
3.18,-64.99303688,0.05297481785,0.5960704198,0.3177089467,0,-1.222809422,4.404062326,-3.181811065
3.19,-64.99303134,0.05297486577,0.596070193,0.3177090835,0,-1.222812215,4.404071941,-3.181809403
3.2,-64.99302589,0.05297491312,0.5960699662,0.3177092202,0,-1.222814971,4.40408152,-3.181807767
3.21,-64.99302052,0.05297495991,0.5960697394,0.3177093567,0,-1.222817689,4.404091063,-3.181806156
3.22,-64.99301523,0.05297500614,0.5960695126,0.3177094932,0,-1.222820369,4.404100569,-3.18180457
3.23,-64.99301003,0.05297505182,0.596069286,0.3177096296,0,-1.222823012,4.404110038,-3.181803009
3.24,-64.99300491,0.05297509694,0.5960690593,0.3177097658,0,-1.222825617,4.404119471,-3.181801474
3.25,-64.99299988,0.0529751415,0.5960688328,0.317709902,0,-1.222828185,4.404128868,-3.181799964
3.26,-64.99299493,0.05297518551,0.5960686063,0.3177100381,0,-1.222830715,4.404138228,-3.181798478
3.27,-64.99299006,0.05297522897,0.5960683798,0.317710174,0,-1.222833209,4.404147551,-3.181797018
3.28,-64.99298527,0.05297527188,0.5960681534,0.3177103098,0,-1.222835665,4.404156838,-3.181795582
3.29,-64.99298057,0.05297531424,0.5960679271,0.3177104455,0,-1.222838084,4.404166088,-3.181794171
3.3,-64.99297595,0.05297535606,0.5960677009,0.3177105811,0,-1.222840466,4.404175301,-3.181792785
3.31,-64.99297141,0.05297539732,0.5960674747,0.3177107166,0,-1.222842812,4.404184478,-3.181791424
3.32,-64.99296696,0.05297543804,0.5960672487,0.317710852,0,-1.22284512,4.404193618,-3.181790087
3.33,-64.99296258,0.05297547822,0.5960670227,0.3177109872,0,-1.222847392,4.404202721,-3.181788774
3.34,-64.99295829,0.05297551786,0.5960667968,0.3177111223,0,-1.222849628,4.404211787,-3.181787486
3.35,-64.99295407,0.05297555696,0.596066571,0.3177112573,0,-1.222851827,4.404220816,-3.181786222
3.36,-64.99294994,0.05297559551,0.5960663452,0.3177113921,0,-1.222853991,4.404229809,-3.181784982
3.37,-64.99294589,0.05297563353,0.5960661196,0.3177115268,0,-1.222856117,4.404238765,-3.181783767
3.38,-64.99294192,0.05297567101,0.5960658941,0.3177116614,0,-1.222858208,4.404247684,-3.181782576
3.39,-64.99293803,0.05297570796,0.5960656687,0.3177117958,0,-1.222860263,4.404256566,-3.181781408
3.4,-64.99293422,0.05297574438,0.5960654434,0.3177119301,0,-1.222862282,4.404265411,-3.181780265
3.41,-64.99293049,0.05297578026,0.5960652182,0.3177120643,0,-1.222864265,4.404274219,-3.181779146
3.42,-64.99292683,0.05297581562,0.5960649931,0.3177121983,0,-1.222866213,4.40428299,-3.18177805
3.43,-64.99292326,0.05297585044,0.5960647681,0.3177123322,0,-1.222868125,4.404291724,-3.181776978
3.44,-64.99291977,0.05297588474,0.5960645432,0.3177124659,0,-1.222870002,4.404300422,-3.18177593
3.45,-64.99291635,0.05297591851,0.5960643185,0.3177125995,0,-1.222871843,4.404309082,-3.181774905
3.46,-64.99291301,0.05297595176,0.5960640939,0.317712733,0,-1.222873649,4.404317705,-3.181773904
3.47,-64.99290975,0.05297598448,0.5960638694,0.3177128662,0,-1.22287542,4.404326291,-3.181772926
3.48,-64.99290657,0.05297601668,0.5960636451,0.3177129994,0,-1.222877156,4.40433484,-3.181771971
3.49,-64.99290347,0.05297604837,0.5960634209,0.3177131323,0,-1.222878857,4.404343353,-3.18177104
3.5,-64.99290044,0.05297607953,0.5960631968,0.3177132652,0,-1.222880523,4.404351828,-3.181770132
3.51,-64.99289749,0.05297611018,0.5960629728,0.3177133978,0,-1.222882155,4.404360265,-3.181769247
3.52,-64.99289462,0.05297614031,0.596062749,0.3177135303,0,-1.222883752,4.404368666,-3.181768385
3.53,-64.99289182,0.05297616993,0.5960625254,0.3177136626,0,-1.222885315,4.40437703,-3.181767546
3.54,-64.9928891,0.05297619904,0.5960623019,0.3177137948,0,-1.222886843,4.404385357,-3.18176673
3.55,-64.99288646,0.05297622763,0.5960620786,0.3177139268,0,-1.222888337,4.404393646,-3.181765937
3.56,-64.99288389,0.05297625572,0.5960618554,0.3177140586,0,-1.222889796,4.404401899,-3.181765166
3.57,-64.99288139,0.0529762833,0.5960616323,0.3177141903,0,-1.222891222,4.404410114,-3.181764418
3.58,-64.99287898,0.05297631037,0.5960614095,0.3177143218,0,-1.222892614,4.404418292,-3.181763693
3.59,-64.99287663,0.05297633694,0.5960611868,0.3177144531,0,-1.222893972,4.404426433,-3.18176299
3.6,-64.99287437,0.052976363,0.5960609642,0.3177145843,0,-1.222895296,4.404434537,-3.18176231
3.61,-64.99287217,0.05297638856,0.5960607418,0.3177147152,0,-1.222896587,4.404442604,-3.181761652
3.62,-64.99287005,0.05297641363,0.5960605196,0.317714846,0,-1.222897844,4.404450633,-3.181761016
3.63,-64.99286801,0.05297643819,0.5960602976,0.3177149766,0,-1.222899068,4.404458626,-3.181760402
3.64,-64.99286604,0.05297646226,0.5960600758,0.317715107,0,-1.222900259,4.404466581,-3.181759811
3.65,-64.99286414,0.05297648583,0.5960598541,0.3177152373,0,-1.222901416,4.404474499,-3.181759242
3.66,-64.99286231,0.05297650891,0.5960596326,0.3177153673,0,-1.22290254,4.40448238,-3.181758694
3.67,-64.99286056,0.05297653149,0.5960594113,0.3177154972,0,-1.222903632,4.404490224,-3.181758168
3.68,-64.99285888,0.05297655359,0.5960591902,0.3177156268,0,-1.222904691,4.404498031,-3.181757665
3.69,-64.99285727,0.05297657519,0.5960589693,0.3177157563,0,-1.222905716,4.4045058,-3.181757182
3.7,-64.99285574,0.05297659631,0.5960587486,0.3177158856,0,-1.22290671,4.404513532,-3.181756722
3.71,-64.99285428,0.05297661694,0.5960585281,0.3177160147,0,-1.222907671,4.404521228,-3.181756283
3.72,-64.99285289,0.05297663709,0.5960583078,0.3177161436,0,-1.222908599,4.404528886,-3.181755866
3.73,-64.99285156,0.05297665676,0.5960580876,0.3177162723,0,-1.222909495,4.404536507,-3.181755469
3.74,-64.99285032,0.05297667594,0.5960578677,0.3177164008,0,-1.222910359,4.40454409,-3.181755095
3.75,-64.99284914,0.05297669464,0.596057648,0.3177165291,0,-1.222911191,4.404551637,-3.181754741
3.76,-64.99284803,0.05297671287,0.5960574285,0.3177166572,0,-1.222911991,4.404559147,-3.181754409
3.77,-64.99284699,0.05297673062,0.5960572093,0.3177167851,0,-1.222912759,4.404566619,-3.181754098
3.78,-64.99284603,0.05297674789,0.5960569902,0.3177169128,0,-1.222913496,4.404574055,-3.181753808
3.79,-64.99284513,0.05297676469,0.5960567713,0.3177170402,0,-1.222914201,4.404581453,-3.181753538
3.8,-64.9928443,0.05297678102,0.5960565527,0.3177171675,0,-1.222914874,4.404588814,-3.18175329
3.81,-64.99284354,0.05297679688,0.5960563343,0.3177172946,0,-1.222915516,4.404596138,-3.181753062
3.82,-64.99284285,0.05297681227,0.5960561162,0.3177174214,0,-1.222916127,4.404603425,-3.181752855
3.83,-64.99284223,0.05297682719,0.5960558982,0.3177175481,0,-1.222916707,4.404610675,-3.181752669
3.84,-64.99284168,0.05297684165,0.5960556805,0.3177176745,0,-1.222917255,4.404617888,-3.181752503
3.85,-64.99284119,0.05297685564,0.596055463,0.3177178007,0,-1.222917773,4.404625064,-3.181752357
3.86,-64.99284077,0.05297686917,0.5960552458,0.3177179267,0,-1.22291826,4.404632203,-3.181752232
3.87,-64.99284043,0.05297688224,0.5960550288,0.3177180524,0,-1.222918716,4.404639305,-3.181752128
3.88,-64.99284014,0.05297689485,0.596054812,0.317718178,0,-1.222919142,4.40464637,-3.181752043
3.89,-64.99283993,0.05297690701,0.5960545955,0.3177183033,0,-1.222919537,4.404653398,-3.181751979
3.9,-64.99283978,0.05297691871,0.5960543792,0.3177184284,0,-1.222919902,4.404660389,-3.181751934
3.91,-64.9928397,0.05297692995,0.5960541632,0.3177185532,0,-1.222920237,4.404667344,-3.18175191
3.92,-64.99283969,0.05297694074,0.5960539475,0.3177186779,0,-1.222920541,4.404674261,-3.181751906
3.93,-64.99283974,0.05297695108,0.5960537319,0.3177188023,0,-1.222920816,4.404681141,-3.181751921
3.94,-64.99283985,0.05297696098,0.5960535167,0.3177189265,0,-1.22292106,4.404687985,-3.181751956
3.95,-64.99284004,0.05297697042,0.5960533017,0.3177190504,0,-1.222921275,4.404694791,-3.181752011
3.96,-64.99284028,0.05297697942,0.5960530869,0.3177191741,0,-1.22292146,4.404701561,-3.181752085
3.97,-64.9928406,0.05297698797,0.5960528725,0.3177192976,0,-1.222921616,4.404708294,-3.181752179
3.98,-64.99284097,0.05297699608,0.5960526583,0.3177194209,0,-1.222921742,4.40471499,-3.181752292
3.99,-64.99284141,0.05297700375,0.5960524443,0.3177195439,0,-1.222921839,4.404721649,-3.181752424
4,-64.99284192,0.05297701098,0.5960522307,0.3177196666,0,-1.222921907,4.404728272,-3.181752576
4.01,-64.99284249,0.05297701777,0.5960520173,0.3177197892,0,-1.222921945,4.404734858,-3.181752747
4.02,-64.99284312,0.05297702413,0.5960518041,0.3177199115,0,-1.222921955,4.404741407,-3.181752937
4.03,-64.99284382,0.05297703005,0.5960515913,0.3177200335,0,-1.222921936,4.40474792,-3.181753146
4.04,-64.99284458,0.05297703554,0.5960513787,0.3177201553,0,-1.222921888,4.404754395,-3.181753374
4.05,-64.9928454,0.0529770406,0.5960511664,0.3177202769,0,-1.222921811,4.404760835,-3.181753621
4.06,-64.99284629,0.05297704523,0.5960509545,0.3177203982,0,-1.222921706,4.404767237,-3.181753887
4.07,-64.99284724,0.05297704943,0.5960507427,0.3177205193,0,-1.222921573,4.404773603,-3.181754171
4.08,-64.99284825,0.0529770532,0.5960505313,0.3177206401,0,-1.222921411,4.404779933,-3.181754474
4.09,-64.99284932,0.05297705655,0.5960503202,0.3177207606,0,-1.222921221,4.404786226,-3.181754795
4.1,-64.99285045,0.05297705947,0.5960501093,0.3177208809,0,-1.222921003,4.404792482,-3.181755135
4.11,-64.99285164,0.05297706198,0.5960498988,0.317721001,0,-1.222920757,4.404798702,-3.181755493
4.12,-64.9928529,0.05297706406,0.5960496886,0.3177211208,0,-1.222920484,4.404804885,-3.18175587
4.13,-64.99285421,0.05297706573,0.5960494786,0.3177212404,0,-1.222920182,4.404811033,-3.181756264
4.14,-64.99285559,0.05297706698,0.596049269,0.3177213597,0,-1.222919853,4.404817143,-3.181756677
4.15,-64.99285703,0.05297706781,0.5960490596,0.3177214787,0,-1.222919497,4.404823218,-3.181757108
4.16,-64.99285852,0.05297706823,0.5960488506,0.3177215975,0,-1.222919113,4.404829256,-3.181757557
4.17,-64.99286008,0.05297706825,0.5960486419,0.317721716,0,-1.222918702,4.404835257,-3.181758023
4.18,-64.99286169,0.05297706785,0.5960484334,0.3177218342,0,-1.222918264,4.404841223,-3.181758508
4.19,-64.99286337,0.05297706704,0.5960482253,0.3177219522,0,-1.222917799,4.404847152,-3.18175901
4.2,-64.9928651,0.05297706582,0.5960480175,0.31772207,0,-1.222917307,4.404853045,-3.18175953
4.21,-64.99286689,0.0529770642,0.5960478101,0.3177221874,0,-1.222916788,4.404858902,-3.181760067
4.22,-64.99286874,0.05297706218,0.5960476029,0.3177223046,0,-1.222916243,4.404864723,-3.181760622
4.23,-64.99287065,0.05297705976,0.5960473961,0.3177224216,0,-1.222915671,4.404870508,-3.181761194
4.24,-64.99287261,0.05297705694,0.5960471896,0.3177225382,0,-1.222915073,4.404876257,-3.181761784
4.25,-64.99287464,0.05297705371,0.5960469834,0.3177226546,0,-1.222914448,4.404881969,-3.181762391
4.26,-64.99287672,0.0529770501,0.5960467775,0.3177227708,0,-1.222913797,4.404887646,-3.181763015
4.27,-64.99287885,0.05297704608,0.596046572,0.3177228866,0,-1.22291312,4.404893287,-3.181763656
4.28,-64.99288105,0.05297704168,0.5960463668,0.3177230022,0,-1.222912417,4.404898892,-3.181764314
4.29,-64.9928833,0.05297703688,0.5960461619,0.3177231175,0,-1.222911689,4.404904461,-3.181764989
4.3,-64.9928856,0.05297703169,0.5960459574,0.3177232325,0,-1.222910934,4.404909994,-3.181765681
4.31,-64.99288796,0.05297702611,0.5960457532,0.3177233473,0,-1.222910154,4.404915491,-3.181766389
4.32,-64.99289038,0.05297702015,0.5960455493,0.3177234617,0,-1.222909349,4.404920953,-3.181767114
4.33,-64.99289285,0.0529770138,0.5960453458,0.3177235759,0,-1.222908518,4.404926379,-3.181767856
4.34,-64.99289538,0.05297700707,0.5960451426,0.3177236899,0,-1.222907662,4.404931769,-3.181768614
4.35,-64.99289796,0.05297699996,0.5960449397,0.3177238035,0,-1.222906781,4.404937124,-3.181769389
4.36,-64.9929006,0.05297699247,0.5960447372,0.3177239169,0,-1.222905875,4.404942443,-3.18177018
4.37,-64.99290329,0.0529769846,0.5960445351,0.3177240299,0,-1.222904943,4.404947726,-3.181770987
4.38,-64.99290604,0.05297697635,0.5960443333,0.3177241427,0,-1.222903987,4.404952974,-3.181771811
4.39,-64.99290883,0.05297696773,0.5960441318,0.3177242552,0,-1.222903007,4.404958187,-3.18177265
4.4,-64.99291169,0.05297695874,0.5960439307,0.3177243675,0,-1.222902002,4.404963364,-3.181773506
4.41,-64.99291459,0.05297694937,0.59604373,0.3177244794,0,-1.222900972,4.404968506,-3.181774377
4.42,-64.99291755,0.05297693963,0.5960435296,0.317724591,0,-1.222899918,4.404973613,-3.181775265
4.43,-64.99292056,0.05297692953,0.5960433296,0.3177247024,0,-1.22289884,4.404978684,-3.181776168
4.44,-64.99292362,0.05297691906,0.5960431299,0.3177248135,0,-1.222897738,4.40498372,-3.181777087
4.45,-64.99292674,0.05297690822,0.5960429306,0.3177249243,0,-1.222896612,4.404988721,-3.181778021
4.46,-64.9929299,0.05297689703,0.5960427317,0.3177250348,0,-1.222895462,4.404993687,-3.181778971
4.47,-64.99293312,0.05297688547,0.5960425331,0.317725145,0,-1.222894288,4.404998617,-3.181779937
4.48,-64.99293639,0.05297687355,0.5960423349,0.3177252549,0,-1.222893091,4.405003513,-3.181780918
4.49,-64.99293971,0.05297686127,0.596042137,0.3177253645,0,-1.22289187,4.405008374,-3.181781914
4.5,-64.99294308,0.05297684863,0.5960419395,0.3177254738,0,-1.222890626,4.405013199,-3.181782925
4.51,-64.99294651,0.05297683565,0.5960417424,0.3177255828,0,-1.222889358,4.40501799,-3.181783952
4.52,-64.99294998,0.0529768223,0.5960415457,0.3177256916,0,-1.222888067,4.405022746,-3.181784993
4.53,-64.9929535,0.05297680861,0.5960413493,0.3177258,0,-1.222886754,4.405027467,-3.18178605
4.54,-64.99295707,0.05297679457,0.5960411533,0.3177259081,0,-1.222885417,4.405032154,-3.181787121
4.55,-64.99296069,0.05297678018,0.5960409577,0.3177260159,0,-1.222884058,4.405036806,-3.181788207
4.56,-64.99296436,0.05297676544,0.5960407625,0.3177261235,0,-1.222882676,4.405041423,-3.181789308
4.57,-64.99296808,0.05297675036,0.5960405677,0.3177262307,0,-1.222881271,4.405046005,-3.181790424
4.58,-64.99297185,0.05297673493,0.5960403732,0.3177263376,0,-1.222879844,4.405050553,-3.181791554
4.59,-64.99297566,0.05297671916,0.5960401791,0.3177264443,0,-1.222878394,4.405055067,-3.181792699
4.6,-64.99297953,0.05297670306,0.5960399854,0.3177265506,0,-1.222876923,4.405059546,-3.181793858
4.61,-64.99298344,0.05297668661,0.5960397921,0.3177266566,0,-1.222875429,4.405063991,-3.181795031
4.62,-64.9929874,0.05297666983,0.5960395992,0.3177267623,0,-1.222873913,4.405068401,-3.181796219
4.63,-64.9929914,0.05297665272,0.5960394067,0.3177268678,0,-1.222872376,4.405072777,-3.181797421
4.64,-64.99299546,0.05297663527,0.5960392145,0.3177269729,0,-1.222870816,4.405077119,-3.181798637
4.65,-64.99299956,0.05297661749,0.5960390228,0.3177270777,0,-1.222869235,4.405081427,-3.181799867
4.66,-64.9930037,0.05297659938,0.5960388315,0.3177271822,0,-1.222867633,4.405085701,-3.181801111
4.67,-64.9930079,0.05297658094,0.5960386405,0.3177272864,0,-1.222866009,4.405089941,-3.181802369
4.68,-64.99301213,0.05297656218,0.5960384499,0.3177273902,0,-1.222864363,4.405094146,-3.18180364
4.69,-64.99301642,0.05297654309,0.5960382598,0.3177274938,0,-1.222862697,4.405098318,-3.181804925
4.7,-64.99302075,0.05297652368,0.59603807,0.3177275971,0,-1.222861009,4.405102456,-3.181806224
4.71,-64.99302512,0.05297650395,0.5960378807,0.3177277,0,-1.222859301,4.40510656,-3.181807537
4.72,-64.99302954,0.05297648389,0.5960376917,0.3177278026,0,-1.222857572,4.40511063,-3.181808863
4.73,-64.99303401,0.05297646352,0.5960375032,0.317727905,0,-1.222855822,4.405114667,-3.181810202
4.74,-64.99303852,0.05297644284,0.596037315,0.317728007,0,-1.222854051,4.40511867,-3.181811555
4.75,-64.99304307,0.05297642184,0.5960371273,0.3177281087,0,-1.22285226,4.405122639,-3.18181292
4.76,-64.99304766,0.05297640052,0.5960369399,0.31772821,0,-1.222850449,4.405126575,-3.181814299
4.77,-64.9930523,0.05297637889,0.596036753,0.3177283111,0,-1.222848617,4.405130478,-3.181815691
4.78,-64.99305699,0.05297635696,0.5960365665,0.3177284118,0,-1.222846765,4.405134347,-3.181817096
4.79,-64.99306171,0.05297633472,0.5960363804,0.3177285123,0,-1.222844893,4.405138183,-3.181818514
4.8,-64.99306648,0.05297631217,0.5960361947,0.3177286124,0,-1.222843001,4.405141985,-3.181819945
4.81,-64.99307129,0.05297628931,0.5960360095,0.3177287122,0,-1.22284109,4.405145755,-3.181821388
4.82,-64.99307615,0.05297626615,0.5960358246,0.3177288117,0,-1.222839158,4.405149491,-3.181822845
4.83,-64.99308104,0.05297624269,0.5960356402,0.3177289108,0,-1.222837208,4.405153194,-3.181824313
4.84,-64.99308598,0.05297621893,0.5960354562,0.3177290097,0,-1.222835237,4.405156864,-3.181825795
4.85,-64.99309096,0.05297619488,0.5960352726,0.3177291082,0,-1.222833248,4.405160501,-3.181827288
4.86,-64.99309598,0.05297617052,0.5960350894,0.3177292064,0,-1.222831239,4.405164105,-3.181828794
4.87,-64.99310104,0.05297614588,0.5960349066,0.3177293043,0,-1.222829211,4.405167676,-3.181830313
4.88,-64.99310614,0.05297612093,0.5960347243,0.3177294018,0,-1.222827164,4.405171215,-3.181831843
4.89,-64.99311129,0.0529760957,0.5960345424,0.3177294991,0,-1.222825098,4.405174721,-3.181833386
4.9,-64.99311647,0.05297607018,0.5960343609,0.317729596,0,-1.222823013,4.405178194,-3.181834941
4.91,-64.99312169,0.05297604437,0.5960341798,0.3177296926,0,-1.22282091,4.405181635,-3.181836507
4.92,-64.99312695,0.05297601827,0.5960339992,0.3177297888,0,-1.222818788,4.405185043,-3.181838086
4.93,-64.99313225,0.05297599189,0.596033819,0.3177298848,0,-1.222816648,4.405188418,-3.181839676
4.94,-64.99313759,0.05297596522,0.5960336392,0.3177299804,0,-1.22281449,4.405191762,-3.181841278
4.95,-64.99314297,0.05297593828,0.5960334599,0.3177300757,0,-1.222812313,4.405195073,-3.181842892
4.96,-64.99314839,0.05297591105,0.596033281,0.3177301706,0,-1.222810118,4.405198352,-3.181844518
4.97,-64.99315385,0.05297588354,0.5960331025,0.3177302653,0,-1.222807905,4.405201598,-3.181846154
4.98,-64.99315934,0.05297585576,0.5960329245,0.3177303596,0,-1.222805675,4.405204813,-3.181847803
4.99,-64.99316487,0.0529758277,0.5960327469,0.3177304536,0,-1.222803426,4.405207995,-3.181849462
5,-64.97650378,0.05297579937,0.5960325697,0.3177305472,10,-1.222623932,4.411326015,-3.176851133
5.01,-64.87695584,0.05299303914,0.596029658,0.3177325091,10,-1.222752377,4.447959222,-3.146986753
5.02,-64.77806151,0.0530352227,0.5960226564,0.3177372619,10,-1.224605177,4.484511987,-3.117318454
5.03,-64.67980125,0.05310119932,0.5960115789,0.317744792,10,-1.228106033,4.520994498,-3.087840375
5.04,-64.58215639,0.05318988422,0.595996439,0.3177550858,10,-1.233187282,4.557416584,-3.058546917
5.05,-64.48510906,0.05330025447,0.5959772496,0.3177681304,10,-1.239788996,4.593787751,-3.029432719
5.06,-64.3886421,0.05343134521,0.5959540227,0.3177839131,10,-1.247858182,4.630117214,-3.00049263
5.07,-64.29273898,0.05358224606,0.59592677,0.3178024215,10,-1.257348086,4.666413925,-2.971721695
5.08,-64.19738376,0.0537520979,0.5958955024,0.3178236435,10,-1.268217569,4.702686597,-2.943115128
5.09,-64.102561,0.05394008974,0.5958602304,0.3178475676,10,-1.280430564,4.738943732,-2.9146683
5.1,-64.00825574,0.05414545588,0.5958209637,0.3178741822,10,-1.293955589,4.775193637,-2.886376723
5.11,-63.91445344,0.05436747325,0.5957777118,0.3179034764,10,-1.308765317,4.811444449,-2.858236033
5.12,-63.82113994,0.05460545893,0.5957304834,0.3179354393,10,-1.324836195,4.847704148,-2.830241983
5.13,-63.72830141,0.05485876782,0.5956792869,0.3179700604,10,-1.34214811,4.883980576,-2.802390423
5.14,-63.63592432,0.05512679048,0.59562413,0.3180073295,10,-1.360684079,4.920281454,-2.774677297
5.15,-63.54399544,0.05540895109,0.5955650199,0.3180472368,10,-1.380429994,4.95661439,-2.747098631
5.16,-63.45250174,0.05570470561,0.5955019636,0.3180897725,10,-1.401374372,4.992986899,-2.719650523
5.17,-63.36143045,0.05601353994,0.5954349673,0.3181349273,10,-1.423508153,5.029406411,-2.692329134
5.18,-63.27076895,0.05633496835,0.5953640368,0.3181826921,10,-1.446824506,5.065880283,-2.665130686
5.19,-63.18050483,0.05666853186,0.5952891775,0.318233058,10,-1.471318662,5.102415812,-2.63805145
5.2,-63.0906258,0.05701379685,0.5952103942,0.3182860167,10,-1.496987768,5.139020239,-2.611087739
5.21,-63.0011197,0.05737035368,0.5951276915,0.3183415596,10,-1.523830751,5.175700767,-2.584235909
5.22,-62.91197448,0.05773781545,0.5950410732,0.318399679,10,-1.551848198,5.212464561,-2.557492344
5.23,-62.82317821,0.05811581676,0.5949505427,0.318460367,10,-1.581042258,5.249318764,-2.530853462
5.24,-62.734719,0.05850401267,0.5948561031,0.3185236162,10,-1.611416543,5.2862705,-2.504315699
5.25,-62.64658504,0.0589020776,0.5947577569,0.3185894195,10,-1.642976047,5.323326885,-2.477875513
5.26,-62.55876459,0.05930970441,0.594655506,0.3186577698,10,-1.675727076,5.360495031,-2.451529377
5.27,-62.47124591,0.05972660342,0.594549352,0.3187286608,10,-1.709677181,5.397782057,-2.425273774
5.28,-62.38401732,0.06015250164,0.5944392961,0.3188020859,10,-1.744835105,5.435195095,-2.399105195
5.29,-62.29706712,0.06058714187,0.5943253386,0.3188780392,10,-1.781210733,5.472741293,-2.373020135
5.3,-62.21038363,0.06103028205,0.5942074798,0.3189565149,10,-1.818815048,5.510427829,-2.34701509
5.31,-62.12395517,0.06148169446,0.5940857192,0.3190375075,10,-1.857660099,5.548261908,-2.321086552
5.32,-62.03777003,0.06194116515,0.5939600557,0.3191210119,10,-1.89775897,5.586250778,-2.295231009
5.33,-61.95181647,0.06240849325,0.593830488,0.3192070233,10,-1.939125752,5.624401731,-2.269444941
5.34,-61.86608272,0.06288349043,0.5936970141,0.3192955371,10,-1.981775525,5.662722108,-2.243724816
5.35,-61.78055696,0.06336598035,0.5935596314,0.319386549,10,-2.025724342,5.70121931,-2.218067088
5.36,-61.69522731,0.06385579814,0.5934183368,0.319480055,10,-2.070989214,5.739900801,-2.192468193
5.37,-61.61008184,0.06435278995,0.5932731268,0.3195760517,10,-2.117588109,5.778774113,-2.166924551
5.38,-61.52510852,0.06485681249,0.5931239972,0.3196745357,10,-2.16553994,5.817846856,-2.141432557
5.39,-61.44029528,0.06536773259,0.5929709432,0.319775504,10,-2.214864566,5.857126722,-2.115988583
5.4,-61.35562992,0.06588542688,0.5928139595,0.3198789541,10,-2.265582801,5.896621492,-2.090588975
5.41,-61.27110016,0.06640978135,0.5926530401,0.3199848836,10,-2.31771641,5.93633904,-2.065230048
5.42,-61.18669362,0.06694069107,0.5924881785,0.3200932906,10,-2.371288123,5.976287345,-2.039908086
5.43,-61.1023978,0.06747805985,0.5923193676,0.3202041736,10,-2.426321646,6.016474491,-2.014619339
5.44,-61.01820006,0.06802179995,0.5921465994,0.3203175314,10,-2.482841676,6.056908677,-1.989360019
5.45,-60.93408766,0.0685718318,0.5919698657,0.320433363,10,-2.540873917,6.097598226,-1.964126299
5.46,-60.8500477,0.06912808376,0.5917891572,0.3205516682,10,-2.600445098,6.138551588,-1.93891431
5.47,-60.76606713,0.0696904919,0.5916044642,0.3206724467,10,-2.661583002,6.179777348,-1.91372014
5.48,-60.68213276,0.07025899975,0.5914157762,0.3207956989,10,-2.724316485,6.221284235,-1.888539827
5.49,-60.59823121,0.07083355813,0.5912230819,0.3209214256,10,-2.788675507,6.26308113,-1.863369362
5.5,-60.51434894,0.07141412495,0.5910263695,0.3210496279,10,-2.854691164,6.30517707,-1.838204681
5.51,-60.43047222,0.07200066505,0.5908256261,0.3211803073,10,-2.922395718,6.347581259,-1.813041667
5.52,-60.34658714,0.07259315005,0.5906208384,0.3213134658,10,-2.991822639,6.390303076,-1.787876143
5.53,-60.26267957,0.07319155822,0.5904119921,0.3214491059,10,-3.063006638,6.433352084,-1.76270387
5.54,-60.17873516,0.07379587434,0.5901990721,0.3215872305,10,-3.135983715,6.476738036,-1.737520547
5.55,-60.09473935,0.07440608961,0.5899820624,0.3217278428,10,-3.210791201,6.520470888,-1.712321805
5.56,-60.01067734,0.07502220153,0.5897609463,0.3218709468,10,-3.287467804,6.564560804,-1.687103202
5.57,-59.92653409,0.07564421382,0.5895357062,0.3220165467,10,-3.366053667,6.60901817,-1.661860226
5.58,-59.84229428,0.07627213639,0.5893063234,0.3221646473,10,-3.446590418,6.653853601,-1.636588284
5.59,-59.75794235,0.0769059852,0.5890727784,0.3223152539,10,-3.529121228,6.699077956,-1.611282704
5.6,-59.67346243,0.0775457823,0.5888350508,0.3224683724,10,-3.613690875,6.744702341,-1.585938728
5.61,-59.58883837,0.0781915557,0.5885931191,0.3226240092,10,-3.700345808,6.79073813,-1.56055151
5.62,-59.5040537,0.07884333944,0.5883469607,0.3227821711,10,-3.789134217,6.837196968,-1.535116111
5.63,-59.41909165,0.07950117349,0.5880965522,0.3229428656,10,-3.880106106,6.884090791,-1.509627495
5.64,-59.33393508,0.08016510381,0.5878418688,0.3231061009,10,-3.973313369,6.931431832,-1.484080524
5.65,-59.24856652,0.08083518232,0.5875828849,0.3232718855,10,-4.068809875,6.979232642,-1.458469957
5.66,-59.16296813,0.08151146691,0.5873195735,0.3234402287,10,-4.166651553,7.027506096,-1.432790438
5.67,-59.07712166,0.0821940215,0.5870519064,0.3236111405,10,-4.266896484,7.076265414,-1.407036498
5.68,-58.99100849,0.08288291606,0.5867798543,0.3237846314,10,-4.369604996,7.125524174,-1.381202548
5.69,-58.90460957,0.08357822668,0.5865033865,0.3239607127,10,-4.474839771,7.175296327,-1.355282871
5.7,-58.81790539,0.08428003557,0.5862224712,0.3241393961,10,-4.582665948,7.225596216,-1.329271618
5.71,-58.73087601,0.08498843121,0.5859370749,0.3243206944,10,-4.69315124,7.276438592,-1.303162804
5.72,-58.64350099,0.08570350838,0.5856471629,0.3245046208,10,-4.806366057,7.327838634,-1.276950298
5.73,-58.55575939,0.08642536828,0.5853526991,0.3246911895,10,-4.922383628,7.379811967,-1.250627818
5.74,-58.46762976,0.0871541186,0.5850536457,0.3248804153,10,-5.041280141,7.432374683,-1.224188928
5.75,-58.37909008,0.0878898737,0.5847499635,0.3250723139,10,-5.163134884,7.485543362,-1.197627023
5.76,-58.29011776,0.08863275465,0.5844416115,0.3252669017,10,-5.288030398,7.539335094,-1.170935329
5.77,-58.20068963,0.08938288948,0.5841285471,0.3254641962,10,-5.416052632,7.593767507,-1.14410689
5.78,-58.11078188,0.09014041322,0.5838107261,0.3256642154,10,-5.547291119,7.648858783,-1.117134563
5.79,-58.02037003,0.09090546816,0.5834881023,0.3258669786,10,-5.681839149,7.704627692,-1.090011008
5.8,-57.92942893,0.09167820397,0.5831606277,0.3260725056,10,-5.819793964,7.761093617,-1.062728678
5.81,-57.8379327,0.09245877793,0.5828282523,0.3262808177,10,-5.961256955,7.818276581,-1.03527981
5.82,-57.74585472,0.09324735513,0.5824909242,0.3264919367,10,-6.106333877,7.876197281,-1.007656415
5.83,-57.65316756,0.09404410868,0.5821485892,0.3267058858,10,-6.255135075,7.934877115,-0.9798502693
5.84,-57.559843,0.09484921998,0.5818011911,0.326922689,10,-6.407775725,7.994338224,-0.951852899
5.85,-57.46585191,0.09566287895,0.5814486714,0.3271423716,10,-6.564376084,8.054603518,-0.9236555715
5.86,-57.37116427,0.09648528433,0.5810909691,0.3273649599,10,-6.725061765,8.115696721,-0.8952492819
5.87,-57.27574913,0.09731664393,0.5807280208,0.3275904815,10,-6.889964021,8.177642408,-0.8666247399
5.88,-57.17957452,0.09815717502,0.5803597607,0.3278189652,10,-7.059220053,8.240466047,-0.837772356
5.89,-57.08260742,0.09900710457,0.57998612,0.3280504412,10,-7.232973328,8.304194047,-0.8086822269
5.9,-56.98481373,0.09986666968,0.5796070275,0.3282849407,10,-7.411373931,8.368853799,-0.7793441196
5.91,-56.88615819,0.1007361179,0.5792224088,0.3285224967,10,-7.594578927,8.434473731,-0.7497474559
5.92,-56.78660431,0.1016157077,0.5788321865,0.3287631433,10,-7.782752753,8.501083359,-0.7198812943
5.93,-56.68611437,0.1025057088,0.5784362803,0.3290069163,10,-7.976067635,8.568713344,-0.6897343122
5.94,-56.58464929,0.1034064028,0.5780346063,0.3292538529,10,-8.174704031,8.637395551,-0.6592947862
5.95,-56.48216857,0.1043180833,0.5776270772,0.329503992,10,-8.378851102,8.707163111,-0.6285505722
5.96,-56.37863028,0.1052410568,0.5772136023,0.3297573742,10,-8.588707221,8.77805049,-0.5974890832
5.97,-56.27399089,0.1061756431,0.5767940868,0.3300140418,10,-8.804480509,8.850093559,-0.5660972665
5.98,-56.16820527,0.1071221759,0.5763684322,0.3302740389,10,-9.026389409,8.92332967,-0.5343615795
5.99,-56.06122655,0.1080810033,0.5759365358,0.3305374116,10,-9.254663305,8.997797737,-0.5022679638
6,-55.95300606,0.1090524884,0.5754982905,0.3308042079,10,-9.489543177,9.07353832,-0.4698018177
6.01,-55.92656047,0.1100246388,0.5750557709,0.3310732459,0,-9.735672077,9.114529885,-0.4618681404
6.02,-55.91469233,0.1109737314,0.5746132242,0.3313421277,0,-9.980990432,9.149325327,-0.4583076989
6.03,-55.90077369,0.1119012003,0.5741705138,0.3316109305,0,-10.22410968,9.185110385,-0.4541321063
6.04,-55.88484195,0.112808429,0.5737275067,0.3318797294,0,-10.46514776,9.221885943,-0.4493525851
6.05,-55.86693318,0.1136967542,0.5732840726,0.3321485984,0,-10.70423548,9.259653241,-0.4439799541
6.06,-55.84708198,0.1145674672,0.5728400832,0.3324176097,0,-10.94151527,9.298413951,-0.4380245949
6.07,-55.8253214,0.1154218154,0.5723954127,0.3326868346,0,-11.17713994,9.338170245,-0.4314964211
6.08,-55.80168284,0.1162610039,0.5719499371,0.3329563427,0,-11.41127166,9.378924853,-0.4244048518
6.09,-55.77619596,0.1170861974,0.5715035345,0.3332262026,0,-11.64408096,9.420681126,-0.4167587886
6.1,-55.74888865,0.1178985214,0.5710560847,0.3334964819,0,-11.87574591,9.463443092,-0.4085665952
6.11,-55.71978693,0.118699064,0.570607469,0.3337672469,0,-12.10645134,9.507215503,-0.3998360795
6.12,-55.68891493,0.1194888777,0.5701575701,0.334038563,0,-12.33638817,9.552003889,-0.3905744784
6.13,-55.65629482,0.1202689806,0.5697062723,0.334310495,0,-12.56575286,9.597814604,-0.3807884448
6.14,-55.62194679,0.1210403586,0.5692534607,0.3345831065,0,-12.79474689,9.644654872,-0.3704840359
6.15,-55.58588901,0.1218039665,0.5687990215,0.3348564607,0,-13.02357636,9.692532829,-0.3596667028
6.16,-55.54813761,0.1225607298,0.5683428417,0.33513062,0,-13.25245169,9.741457566,-0.3483412826
6.17,-55.50870663,0.1233115463,0.5678848089,0.3354056462,0,-13.48158729,9.791439172,-0.33651199
6.18,-55.46760804,0.1240572879,0.5674248112,0.3356816008,0,-13.71120145,9.842488774,-0.3241824109
6.19,-55.42485165,0.1247988015,0.5669627371,0.3359585449,0,-13.94151612,9.894618578,-0.3113554957
6.2,-55.38044518,0.1255369115,0.566498475,0.3362365391,0,-14.17275694,9.94784191,-0.2980335543
6.21,-55.33439417,0.1262724202,0.5660319136,0.3365156441,0,-14.40515312,10.00217326,-0.2842182495
6.22,-55.28670198,0.1270061104,0.5655629411,0.3367959202,0,-14.6389376,10.05762832,-0.2699105927
6.23,-55.23736979,0.1277387461,0.5650914455,0.3370774279,0,-14.87434704,10.11422403,-0.2551109373
6.24,-55.18639658,0.1284710743,0.5646173142,0.3373602277,0,-15.11162205,10.17197862,-0.2398189739
6.25,-55.13377908,0.1292038266,0.564140434,0.3376443801,0,-15.35100732,10.23091166,-0.2240337237
6.26,-55.07951177,0.1299377202,0.5636606904,0.3379299461,0,-15.5927519,10.29104411,-0.2077535321
6.27,-55.02358687,0.1306734598,0.5631779684,0.3382169867,0,-15.83710948,10.35239836,-0.1909760614
6.28,-54.96599428,0.1314117385,0.5626921511,0.3385055637,0,-16.08433871,10.4149983,-0.1736982829
6.29,-54.90672156,0.1321532399,0.5622031205,0.3387957392,0,-16.33470359,10.47886937,-0.1559164683
6.3,-54.84575393,0.1328986389,0.5617107569,0.339087576,0,-16.58847386,10.5440386,-0.1376261796
6.31,-54.78307419,0.1336486031,0.5612149386,0.3393811376,0,-16.8459255,10.61053469,-0.1188222584
6.32,-54.71866271,0.1344037945,0.5607155417,0.3396764882,0,-17.10734121,10.6783881,-0.09949881364
6.33,-54.65249736,0.135164871,0.5602124404,0.3399736932,0,-17.37301097,10.74763108,-0.07964920824
6.34,-54.58455348,0.135932487,0.5597055059,0.3402728188,0,-17.64323263,10.81829775,-0.05926604413
6.35,-54.51480382,0.1367072958,0.5591946068,0.3405739323,0,-17.91831255,10.89042422,-0.03834114574
6.36,-54.44321847,0.1374899501,0.558679609,0.3408771026,0,-18.19856634,10.96404863,-0.01686554182
6.37,-54.36976482,0.138281104,0.5581603746,0.3411823995,0,-18.48431952,11.03921127,0.005170554606
6.38,-54.29440744,0.1390814141,0.5576367626,0.3414898946,0,-18.77590839,11.11595468,0.02777776826
6.39,-54.21710805,0.1398915411,0.557108628,0.3417996611,0,-19.07368088,11.19432373,0.05096758572
6.4,-54.13782539,0.1407121511,0.5565758219,0.3421117736,0,-19.37799741,11.27436576,0.07475238174
6.41,-54.05651517,0.141543917,0.556038191,0.3424263091,0,-19.68923193,11.3561307,0.09914544808
6.42,-53.97312992,0.1423875204,0.5554955772,0.3427433461,0,-20.00777297,11.43967117,0.1241610249
6.43,-53.88761888,0.1432436527,0.5549478175,0.3430629656,0,-20.33402472,11.52504265,0.1498143346
6.44,-53.79992794,0.1441130169,0.5543947436,0.3433852507,0,-20.66840826,11.61230364,0.1761216194
6.45,-53.7099994,0.144996329,0.5538361814,0.343710287,0,-21.01136285,11.70151577,0.203100181
6.46,-53.61777192,0.14589432,0.5532719508,0.3440381626,0,-21.36334731,11.79274402,0.2307684246
6.47,-53.52318031,0.1468077372,0.5527018653,0.3443689687,0,-21.72484149,11.8860569,0.2591459058
6.48,-53.42615539,0.1477373466,0.5521257312,0.3447027991,0,-22.09634788,11.98152663,0.2882533817
6.49,-53.32662378,0.1486839339,0.5515433479,0.345039751,0,-22.47839329,12.07922936,0.3181128666
6.5,-53.2245077,0.1496483072,0.5509545064,0.3453799248,0,-22.8715307,12.17924541,0.348747691
6.51,-53.11972478,0.1506312984,0.5503589899,0.3457234246,0,-23.27634122,12.28165952,0.3801825666
6.52,-53.01218781,0.1516337659,0.5497565724,0.3460703581,0,-23.69343622,12.38656112,0.4124436559
6.53,-52.90180451,0.1526565963,0.5491470185,0.3464208372,0,-24.12345963,12.49404459,0.4455586472
6.54,-52.78847721,0.1537007069,0.5485300827,0.346774978,0,-24.56709037,12.60420963,0.479556836
6.55,-52.67210262,0.1547670482,0.5479055089,0.3471329012,0,-25.02504503,12.71716153,0.5144692126
6.56,-52.55257148,0.1558566063,0.5472730293,0.347494732,0,-25.49808077,12.83301159,0.5503285567
6.57,-52.4297682,0.1569704057,0.5466323642,0.3478606012,0,-25.98699837,12.95187748,0.5871695397
6.58,-52.30357055,0.1581095123,0.5459832206,0.3482306447,0,-26.49264566,13.07388368,0.6250288347
6.59,-52.17384921,0.1592750362,0.5453252919,0.3486050042,0,-27.01592109,13.19916196,0.6639452362
6.6,-52.04046737,0.1604681351,0.5446582566,0.3489838276,0,-27.55777776,13.32785183,0.7039597882
6.61,-51.90328025,0.1616900177,0.5439817774,0.3493672693,0,-28.11922763,13.46010114,0.7451159236
6.62,-51.76213462,0.1629419471,0.5432955,0.3497554906,0,-28.70134623,13.59606663,0.7874596148
6.63,-51.61686821,0.1642252453,0.5425990523,0.3501486603,0,-29.30527768,13.73591458,0.8310395358
6.64,-51.4673092,0.1655412968,0.5418920427,0.3505469547,0,-29.93224025,13.87982151,0.8759072386
6.65,-51.31327552,0.1668915533,0.5411740592,0.3509505589,0,-30.58353229,14.02797496,0.9221173432
6.66,-51.15457419,0.1682775383,0.5404446674,0.3513596667,0,-31.26053879,14.18057425,0.9697277444
6.67,-50.99100055,0.1697008527,0.5397034094,0.3517744812,0,-31.96473855,14.33783146,1.018799835
6.68,-50.82233751,0.1711631798,0.5389498019,0.3521952159,0,-32.69771188,14.49997235,1.069398748
6.69,-50.6483546,0.1726662912,0.5381833345,0.3526220949,0,-33.46114919,14.66723747,1.12159362
6.7,-50.46880708,0.1742120535,0.5374034672,0.353055354,0,-34.25686021,14.83988331,1.175457877
6.71,-50.28343486,0.1758024349,0.5366096289,0.3534952413,0,-35.08678421,15.01818361,1.231069542
6.72,-50.09196142,0.1774395128,0.5358012146,0.353942018,0,-35.95300116,15.20243073,1.288511575
6.73,-49.89409254,0.1791254814,0.5349775829,0.3543959594,0,-36.85774389,15.39293724,1.347872238
6.74,-49.68951502,0.1808626606,0.5341380533,0.3548573559,0,-37.80341154,15.59003759,1.409245495
6.75,-49.47789519,0.1826535051,0.5332819032,0.3553265144,0,-38.79258423,15.79408998,1.472731444
6.76,-49.25887736,0.1845006146,0.5324083643,0.3558037587,0,-39.82803924,16.0054784,1.538436793
6.77,-49.03208208,0.1864067447,0.5315166193,0.3562894316,0,-40.91276875,16.22461494,1.606475375
6.78,-48.79710429,0.1883748185,0.530605798,0.3567838959,0,-42.04999936,16.45194224,1.676968713
6.79,-48.55351123,0.1904079395,0.5296749727,0.3572875359,0,-43.24321357,16.68793627,1.750046631
6.8,-48.30084023,0.1925094055,0.5287231539,0.3578007593,0,-44.49617344,16.93310939,1.825847932
6.81,-48.03859624,0.1946827239,0.5277492848,0.3583239985,0,-45.81294659,17.18801373,1.904521129
6.82,-47.76624917,0.1969316273,0.5267522364,0.3588577132,0,-47.1979349,17.45324491,1.98622525
6.83,-47.48323094,0.1992600924,0.5257308009,0.3594023922,0,-48.65590612,17.72944627,2.071130718
6.84,-47.18893229,0.2016723585,0.5246836853,0.3599585556,0,-50.19202864,18.01731342,2.159420314
6.85,-46.88269922,0.2041729488,0.5236095046,0.3605267577,0,-51.81190986,18.31759946,2.251290234
6.86,-46.56382919,0.2067666937,0.5225067737,0.3611075897,0,-53.52163846,18.63112069,2.346951242
6.87,-46.23156686,0.2094587553,0.5213738992,0.3617016826,0,-55.32783089,18.95876301,2.446629943
6.88,-45.88509944,0.2122546547,0.5202091705,0.3623097109,0,-57.23768256,19.3014891,2.550570167
6.89,-45.52355167,0.2151603018,0.51901075,0.362932396,0,-59.2590241,19.66034645,2.659034499
6.9,-45.14598019,0.2181820274,0.5177766628,0.3635705104,0,-61.40038317,20.03647626,2.772305944
6.91,-44.75136746,0.2213266182,0.5165047855,0.3642248823,0,-63.67105219,20.4311236,2.890689762
6.92,-44.33861509,0.2246013552,0.515192835,0.3648964003,0,-66.08116243,20.84564861,3.014515474
6.93,-43.90653648,0.2280140547,0.5138383557,0.3655860189,0,-68.64176484,21.2815393,3.144139055
6.94,-43.45384888,0.2315731137,0.5124387075,0.3662947644,0,-71.36491801,21.74042573,3.279945337
6.95,-42.97916455,0.2352875583,0.5109910527,0.3670237416,0,-74.2637833,22.2240962,3.422350634
6.96,-42.48098133,0.2391670964,0.5094923438,0.3677741409,0,-77.35272736,22.73451533,3.571805602
6.97,-41.95767217,0.2432221746,0.5079393111,0.3685472459,0,-80.64743175,23.27384455,3.728798348
6.98,-41.40747397,0.2474640386,0.5063284519,0.3693444425,0,-84.1650091,23.84446521,3.89385781
6.99,-40.82847533,0.2519047991,0.504656022,0.3701672282,0,-87.92412486,24.44900469,4.067557402
7,-40.21860353,0.2565575001,0.5029180295,0.3710172226,0,-91.94512286,25.0903659,4.25051894
7.01,-39.57561052,0.2614361925,0.5011102338,0.3718961785,0,-96.25015216,25.77176057,4.443416844
7.02,-38.89705804,0.2665560096,0.4992281503,0.3728059947,0,-100.8632913,26.49674698,4.646982589
7.03,-38.18030201,0.2719332458,0.4972670638,0.373748729,0,-105.8106646,27.26927245,4.862009396
7.04,-37.42247635,0.2775854358,0.4952220525,0.3747266132,0,-111.1205429,28.09372129,5.089357094
7.05,-36.62047641,0.2835314328,0.4930880277,0.3757420684,0,-116.8234183,28.97496891,5.329957078
7.06,-35.77094247,0.2897914825,0.4908597894,0.3767977219,0,-122.9520389,29.91844252,5.584817259
7.07,-34.87024395,0.2963872903,0.4885321062,0.3778964247,0,-129.5413851,30.93018926,5.855026814
7.08,-33.9144649,0.3033420747,0.48609982,0.3790412704,0,-136.628561,32.01695221,6.141760529
7.09,-32.89939203,0.3106806019,0.4835579813,0.3802356138,0,-144.2525706,33.18625481,6.44628239
7.1,-31.82050665,0.3184291918,0.4809020179,0.3814830904,0,-152.4539333,34.44649404,6.769948004
7.11,-30.67298247,0.3266156845,0.4781279366,0.3827876355,0,-161.2740855,35.80704211,7.114205259
7.12,-29.45169176,0.3352693533,0.4752325575,0.3841535018,0,-170.7544974,37.27835636,7.480592471
7.13,-28.1512233,0.3444207457,0.4722137721,0.3855852753,0,-180.9354162,38.87209576,7.87073301
7.14,-26.76591621,0.3541014333,0.4690708144,0.3870878879,0,-191.8541288,40.6012417,8.286325136
7.15,-25.28991527,0.3643436438,0.4658045233,0.3886666249,0,-203.5426143,42.48021892,8.729125418
7.16,-23.71725429,0.375179748,0.4624175729,0.3903271251,0,-216.0244405,44.52501029,9.200923712
7.17,-22.04197572,0.3866415721,0.4589146372,0.3920753719,0,-229.3107498,46.75325636,9.703507283
7.18,-20.25829604,0.3987595036,0.4553024585,0.3939176714,0,-243.3951915,49.18432665,10.23861119
7.19,-18.3608274,0.4115613648,0.4515897926,0.3958606137,0,-258.2477045,51.83934541,10.80785178
7.2,-16.34486645,0.4250710349,0.4477872116,0.3979110151,0,-273.8071556,54.74114917,11.41264007
7.21,-14.20675992,0.4393068155,0.4439067679,0.4000758345,0,-289.9730191,57.91414815,12.05407202
7.22,-11.94435328,0.4542795614,0.4399615388,0.4023620621,0,-306.596558,61.38405867,12.73279402
7.23,-9.557521672,0.4699906264,0.4359650935,0.4047765747,0,-323.4723551,65.17747112,13.4488435
7.24,-7.048771665,0.486429718,0.4319309364,0.4073259564,0,-340.3315052,69.32121877,14.2014685
7.25,-4.423886036,0.5035727978,0.4278719875,0.4100162836,0,-356.8382785,73.84152049,14.98893419
7.26,-1.692563845,0.5213802114,0.4238001491,0.4128528764,0,-372.5924545,78.76288618,15.80833085
7.27,1.131014822,0.5397952644,0.419725996,0.415840024,0,-387.1396432,84.10680099,16.65540445
7.28,4.027791156,0.5587434768,0.4156586032,0.4189806947,0,-399.991524,89.89024227,17.52443735
7.29,6.973702201,0.5781327356,0.4116055034,0.4222762485,0,-410.656859,96.12412955,18.40821066
7.3,9.939931397,0.5978545112,0.4075727533,0.425726174,0,-418.6823082,102.8118564,19.29807942
7.31,12.89361533,0.6177862192,0.4035650759,0.4293278758,0,-423.699658,109.9480924,20.1841846
7.32,15.79903808,0.6377946888,0.3995860461,0.4330765404,0,-425.4735588,117.5180592,21.05581142
7.33,18.61927339,0.657740565,0.3956382905,0.4369651032,0,-423.9419949,125.4974668,21.90188202
7.34,21.31815209,0.6774833433,0.3917236798,0.4409843361,0,-419.2413072,133.8532319,22.71154563
7.35,23.86235661,0.6968866333,0.3878434992,0.4451230581,0,-411.7092217,142.5449972,23.47480698
7.36,26.22339689,0.7158231997,0.3839985921,0.4493684638,0,-401.8629755,151.5273439,24.18311907
7.37,28.37921892,0.734179345,0.3801894743,0.4537065434,0,-390.3545096,160.7524671,24.82986568
7.38,30.31524527,0.7518582812,0.3764164232,0.4581225618,0,-377.9094746,170.1729963,25.41067358
7.39,32.02473595,0.7687822704,0.3726795437,0.4626015537,0,-365.2600356,179.7446168,25.92352079
7.4,33.50846746,0.7848934728,0.3689788171,0.4671287939,0,-353.0822201,189.4281899,26.36864024
7.41,34.77383063,0.8001535939,0.3653141367,0.4716902071,0,-341.9467354,199.1911665,26.74824919
7.42,35.83352083,0.8145425372,0.361685333,0.4762726915,0,-332.2885513,209.0082184,27.06615625
7.43,36.70402579,0.8280563406,0.3580921918,0.4808643455,0,-324.3963225,218.8611362,27.32730774
7.44,37.40410605,0.8407046909,0.3545344668,0.4854545962,0,-318.4191039,228.7381381,27.53733182
7.45,37.95342292,0.8525082856,0.3510118894,0.4900342398,0,-314.38554,238.6327869,27.70212688
7.46,38.37141324,0.8634962591,0.3475241748,0.4945954115,0,-312.2299688,248.542719,27.82752397
7.47,38.67645409,0.8737038257,0.344071027,0.4991315015,0,-311.8203875,258.4683612,27.91903623
7.48,38.88531453,0.8831702295,0.3406521423,0.5036370386,0,-312.9844861,268.411767,27.98169436
7.49,39.01285964,0.8919370385,0.337267212,0.5081075548,0,-315.5314386,278.3756486,28.01995789
7.5,39.07195603,0.900046781,0.3339159241,0.5125394471,0,-319.2684907,288.362637,28.03768681
7.51,39.07352337,0.9075418967,0.330597965,0.5169298431,0,-324.012387,298.3747648,28.03815701
7.52,39.02668073,0.9144639613,0.3273130206,0.5212764785,0,-329.5962999,308.4131477,28.02410422
7.53,38.93894561,0.9208531386,0.3240607768,0.5255775879,0,-335.8732068,318.4778237,27.99778368
7.54,38.81645328,0.9267478152,0.3208409207,0.5298318124,0,-342.7167013,328.5677133,27.96103598
7.55,38.66417457,0.9321843765,0.3176531409,0.5340381204,0,-350.0201195,338.6806606,27.91535237
7.56,38.48611809,0.9371970901,0.3144971276,0.5381957435,0,-357.6946911,348.8135273,27.86193543
7.57,38.28550975,0.9418180667,0.3113725731,0.5423041245,0,-365.6672356,358.962313,27.80175292
7.58,38.06494665,0.9460772784,0.3082791724,0.5463628748,0,-373.8777601,369.1222864,27.73558399
7.59,37.82652576,0.9500026138,0.3052166225,0.5503717416,0,-382.2771768,379.2881153,27.66405773
7.6,37.57194924,0.9536199597,0.3021846235,0.554330581,0,-390.8252583,389.453988,27.58768477
7.61,37.30260928,0.9569532981,0.2991828779,0.5582393379,0,-399.4888809,399.6137225,27.50688278
7.62,37.01965563,0.9600248122,0.2962110912,0.5620980291,0,-408.2405588,409.7608631,27.42199669
7.63,36.72404871,0.9628549955,0.2932689715,0.5659067311,0,-417.0572511,419.8887627,27.33331461
7.64,36.41660121,0.9654627615,0.2903562301,0.5696655694,0,-425.9194065,429.990653,27.24108036
7.65,36.09801032,0.9678655518,0.2874725808,0.5733747108,0,-434.8102108,440.0597035,27.1455031
7.66,35.76888273,0.9700794394,0.2846177407,0.5770343573,0,-443.7149997,450.0890711,27.04676482
7.67,35.42975392,0.9721192281,0.2817914294,0.5806447405,0,-452.6208053,460.0719407,26.94502618
7.68,35.08110305,0.9739985467,0.2789933698,0.5842061178,0,-461.516008,470.0015601,26.84043091
7.69,34.72336438,0.975729937,0.2762232874,0.587718769,0,-470.3900706,479.8712676,26.73310931
7.7,34.3569362,0.9773249372,0.2734809107,0.5911829934,0,-479.2333366,489.6745164,26.62318086
7.71,33.98218761,0.9787941592,0.2707659711,0.5945991075,0,-488.0368763,499.404894,26.51075628
7.72,33.5994639,0.9801473602,0.268078203,0.5979674432,0,-496.7923708,509.0561389,26.39593917
7.73,33.20909062,0.9813935104,0.2654173433,0.6012883456,0,-505.4920236,518.6221541,26.27882719
7.74,32.81137683,0.9825408543,0.2627831321,0.6045621721,0,-514.1284936,528.0970189,26.15951305
7.75,32.40661762,0.9835969683,0.2601753122,0.6077892909,0,-522.6948446,537.4749985,26.03808529
7.76,31.9950961,0.9845688142,0.2575936292,0.6109700797,0,-531.1845054,546.7505515,25.91462883
7.77,31.57708494,0.9854627875,0.2550378316,0.6141049248,0,-539.5912405,555.9183368,25.78922548
7.78,31.15284763,0.986284763,0.2525076705,0.6171942203,0,-547.9091266,564.9732187,25.66195429
7.79,30.72263942,0.9870401364,0.2500029002,0.6202383671,0,-556.1325342,573.9102708,25.53289183
7.8,30.28670816,0.9877338627,0.2475232772,0.623237772,0,-564.2561134,582.7247795,25.40211245
7.81,29.84529484,0.9883704915,0.2450685613,0.6261928473,0,-572.2747823,591.4122459,25.26968845
7.82,29.39863415,0.9889541992,0.2426385146,0.6291040101,0,-580.1837169,599.9683872,25.13569024
7.83,28.94695483,0.9894888195,0.2402329023,0.6319716814,0,-587.9783436,608.3891375,25.00018645
7.84,28.49048001,0.9899778703,0.237851492,0.6347962858,0,-595.654332,616.6706479,24.863244
7.85,28.02942746,0.9904245796,0.2354940542,0.6375782511,0,-603.2075886,624.8092856,24.72492824
7.86,27.56400976,0.9908319079,0.2331603621,0.6403180072,0,-610.6342516,632.801633,24.58530293
7.87,27.0944345,0.9912025702,0.2308501916,0.6430159865,0,-617.9306854,640.6444857,24.44443035
7.88,26.62090439,0.9915390553,0.228563321,0.6456726225,0,-625.0934757,648.3348506,24.30237132
7.89,26.14361738,0.9918436437,0.2262995317,0.6482883502,0,-632.1194249,655.8699432,24.15918521
7.9,25.66276671,0.9921184244,0.2240586074,0.6508636053,0,-639.0055473,663.2471845,24.01493001
7.91,25.17854103,0.9923653098,0.2218403347,0.653398824,0,-645.7490643,670.4641979,23.86966231
7.92,24.69112442,0.9925860495,0.2196445026,0.6558944423,0,-652.3474001,677.5188053,23.72343733
7.93,24.20069646,0.9927822433,0.2174709029,0.6583508963,0,-658.7981767,684.4090232,23.57630894
7.94,23.70743225,0.9929553528,0.21531933,0.6607686211,0,-665.0992094,691.1330587,23.42832967
7.95,23.21150249,0.9931067122,0.2131895808,0.6631480513,0,-671.2485017,697.6893047,23.27955075
7.96,22.71307347,0.9932375377,0.211081455,0.6654896201,0,-677.2442408,704.0763356,23.13002204
7.97,22.21230715,0.9933489374,0.2089947547,0.6677937594,0,-683.0847926,710.2929021,22.97979214
7.98,21.70936114,0.9934419185,0.2069292847,0.6700608994,0,-688.7686965,716.3379269,22.82890834
7.99,21.2043888,0.9935173957,0.2048848524,0.6722914683,0,-694.2946605,722.2104987,22.67741664
8,20.6975392,0.9935761979,0.2028612677,0.6744858924,0,-699.6615564,727.9098681,22.52536176
8.01,20.18895723,0.9936190745,0.2008583432,0.6766445953,0,-704.8684143,733.4354414,22.37278717
8.02,19.67878357,0.9936467011,0.1988758939,0.6787679986,0,-709.9144176,738.7867759,22.21973507
8.03,19.16715477,0.9936596851,0.1969137376,0.6808565206,0,-714.7988981,743.9635741,22.06624643
8.04,18.65420331,0.9936585707,0.1949716945,0.6829105772,0,-719.5213303,748.965679,21.91236099
8.05,18.14005756,0.9936438428,0.1930495874,0.684930581,0,-724.081327,753.793068,21.75811727
8.06,17.62484192,0.9936159319,0.1911472416,0.6869169416,0,-728.4786334,758.4458479,21.60355258
8.07,17.10867682,0.9935752172,0.1892644851,0.688870065,0,-732.7131225,762.9242496,21.44870305
8.08,16.59167875,0.9935220304,0.1874011483,0.690790354,0,-736.7847897,767.2286225,21.29360363
8.09,16.07396037,0.9934566586,0.1855570643,0.6926782078,0,-740.6937481,771.3594298,21.13828811
8.1,15.55563049,0.9933793476,0.1837320687,0.6945340218,0,-744.4402232,775.3172427,20.98278915
8.11,15.03679421,0.993290304,0.1819259995,0.6963581877,0,-748.0245482,779.1027356,20.82713826
8.12,14.51755289,0.9931896979,0.1801386976,0.6981510933,0,-751.447159,782.7166811,20.67136587
8.13,13.99800427,0.9930776651,0.1783700061,0.6999131224,0,-754.7085893,786.1599449,20.51550128
8.14,13.47824251,0.9929543092,0.1766197708,0.7016446549,0,-757.8094663,789.4334809,20.35957275
8.15,12.95835823,0.992819703,0.1748878401,0.7033460665,0,-760.7505057,792.5383267,20.20360747
8.16,12.43843861,0.9926738906,0.1731740649,0.7050177287,0,-763.5325074,795.4755985,20.04763158
8.17,11.91856743,0.9925168888,0.1714782986,0.7066600089,0,-766.1563509,798.2464872,19.89167023
8.18,11.39882513,0.9923486883,0.1698003972,0.70827327,0,-768.622991,800.8522532,19.73574754
8.19,10.87928891,0.9921692554,0.1681402193,0.7098578709,0,-770.9334537,803.2942227,19.57988667
8.2,10.36003275,0.9919785325,0.166497626,0.7114141659,0,-773.0888322,805.5737831,19.42410982
8.21,9.841127486,0.9917764397,0.164872481,0.7129425051,0,-775.0902823,807.6923793,19.26843825
8.22,9.322640914,0.9915628755,0.1632646505,0.7144432339,0,-776.9390192,809.6515092,19.11289227
8.23,8.804637816,0.9913377174,0.1616740034,0.7159166937,0,-778.6363135,811.4527207,18.95749134
8.24,8.287180044,0.9911008232,0.1601004109,0.717363221,0,-780.1834871,813.0976071,18.80225401
8.25,7.770326582,0.9908520313,0.158543747,0.7187831483,0,-781.5819104,814.587804,18.64719797
8.26,7.254133621,0.9905911613,0.1570038883,0.7201768032,0,-782.8329982,815.9249861,18.49234009
8.27,6.738654617,0.9903180148,0.1554807138,0.7215445092,0,-783.9382068,817.1108633,18.33769639
8.28,6.223940363,0.9900323756,0.1539741051,0.722886585,0,-784.8990306,818.1471778,18.18328211
8.29,5.710039056,0.9897340103,0.1524839464,0.7242033451,0,-785.716999,819.0357011,18.02911172
8.3,5.196996357,0.9894226686,0.1510101245,0.7254950994,0,-786.3936734,819.7782309,17.87519891
8.31,4.684855463,0.9890980837,0.1495525288,0.7267621535,0,-786.9306447,820.3765884,17.72155664
8.32,4.173657168,0.9887599725,0.1481110512,0.7280048083,0,-787.3295298,820.8326154,17.56819715
8.33,3.663439929,0.9884080359,0.1466855863,0.7292233605,0,-787.5919697,821.148172,17.41513198
8.34,3.154239926,0.988041959,0.145276031,0.7304181024,0,-787.7196264,821.3251339,17.26237198
8.35,2.646091128,0.9876614111,0.1438822851,0.7315893218,0,-787.714181,821.3653899,17.10992734
8.36,2.139025351,0.9872660464,0.1425042508,0.7327373023,0,-787.5773308,821.27084,16.95780761
8.37,1.63307232,0.9868555031,0.1411418328,0.733862323,0,-787.3107872,821.0433929,16.8060217
8.38,1.128259728,0.9864294045,0.1397949386,0.7349646589,0,-786.9162739,820.6849644,16.65457792
8.39,0.6246132909,0.9859873585,0.1384634781,0.7360445806,0,-786.3955244,820.1974748,16.50348399
8.4,0.1221568094,0.9855289578,0.1371473638,0.7371023544,0,-785.7502803,819.5828477,16.35274704
8.41,-0.3790877805,0.9850537796,0.1358465107,0.7381382425,0,-784.9822891,818.8430077,16.20237367
8.42,-0.8791003523,0.9845613861,0.1345608364,0.739152503,0,-784.093303,817.979879,16.05236989
8.43,-1.377862537,0.9840513242,0.1332902611,0.7401453898,0,-783.0850763,816.9953839,15.90274124
8.44,-1.875357671,0.9835231252,0.1320347075,0.7411171526,0,-781.9593646,815.8914411,15.7534927
8.45,-2.371570749,0.9829763051,0.1307941007,0.7420680371,0,-780.7179227,814.6699641,15.60462878
8.46,-2.866488379,0.9824103645,0.1295683685,0.7429982852,0,-779.3625031,813.3328603,15.45615349
8.47,-3.36009873,0.9818247883,0.1283574411,0.7439081344,0,-777.8948548,811.8820295,15.30807038
8.48,-3.852391496,0.9812190454,0.1271612513,0.7447978186,0,-776.3167216,810.3193625,15.16038255
8.49,-4.34335785,0.9805925892,0.1259797341,0.7456675676,0,-774.6298411,808.6467402,15.01309264
8.5,-4.832990407,0.9799448568,0.1248128272,0.7465176076,0,-772.835943,806.8660323,14.86620288
8.51,-5.321283184,0.9792752695,0.1236604708,0.7473481607,0,-770.9367481,804.9790965,14.71971504
8.52,-5.808231568,0.9785832318,0.1225226072,0.7481594454,0,-768.9339671,802.9877772,14.57363053
8.53,-6.293832282,0.977868132,0.1213991814,0.7489516763,0,-766.8292993,800.8939048,14.42795032
8.54,-6.778083356,0.9771293417,0.1202901406,0.7497250646,0,-764.6244316,798.6992947,14.28267499
8.55,-7.260984095,0.9763662155,0.1191954344,0.7504798176,0,-762.321037,796.4057465,14.13780477
8.56,-7.74253506,0.975578091,0.1181150148,0.751216139,0,-759.9207742,794.0150429,13.99333948
8.57,-8.222738041,0.9747642886,0.1170488358,0.7519342292,0,-757.4252859,791.5289492,13.84927859
8.58,-8.70159604,0.973924111,0.1159968539,0.7526342847,0,-754.8361981,788.9492126,13.70562119
8.59,-9.179113252,0.9730568433,0.1149590278,0.7533164989,0,-752.1551188,786.2775611,13.56236602
8.6,-9.655295054,0.9721617526,0.1139353182,0.7539810615,0,-749.3836371,783.5157029,13.41951148
8.61,-10.13014799,0.9712380879,0.1129256881,0.7546281589,0,-746.5233222,780.6653258,13.2770556
8.62,-10.60367978,0.9702850798,0.1119301024,0.7552579741,0,-743.5757224,777.7280964,13.13499607
8.63,-11.07589929,0.9693019399,0.1109485283,0.7558706868,0,-740.5423639,774.7056595,12.99333021
8.64,-11.54681654,0.9682878612,0.1099809348,0.7564664736,0,-737.4247496,771.5996372,12.85205504
8.65,-12.01644274,0.9672420173,0.1090272928,0.7570455075,0,-734.2243587,768.4116283,12.71116718
8.66,-12.48479023,0.9661635624,0.1080875752,0.7576079585,0,-730.9426448,765.1432077,12.57066293
8.67,-12.95187256,0.9650516309,0.1071617567,0.7581539936,0,-727.5810352,761.7959255,12.43053823
8.68,-13.41770447,0.963905337,0.1062498136,0.7586837762,0,-724.14093,758.3713064,12.29078866
8.69,-13.88230191,0.9627237747,0.1053517242,0.7591974671,0,-720.6237005,754.8708491,12.15140943
8.7,-14.34568207,0.9615060172,0.1044674681,0.7596952238,0,-717.0306881,751.2960253,12.01239538
8.71,-14.80786339,0.9602511168,0.1035970268,0.7601772005,0,-713.3632036,747.6482789,11.87374098
8.72,-15.26886563,0.9589581043,0.102740383,0.7606435489,0,-709.622525,743.9290255,11.73544031
8.73,-15.72870986,0.9576259888,0.1018975211,0.7610944173,0,-705.8098973,740.1396513,11.59748704
8.74,-16.18741853,0.9562537575,0.1010684265,0.7615299512,0,-701.9265305,736.2815125,11.45987444
8.75,-16.64501552,0.954840375,0.1002530864,0.761950293,0,-697.9735981,732.3559342,11.32259534
8.76,-17.10152617,0.9533847829,0.09945148867,0.7623555825,0,-693.9522366,728.3642095,11.18564215
8.77,-17.55697732,0.9518858998,0.09866362267,0.7627459562,0,-689.863543,724.3075988,11.0490068
8.78,-18.01139742,0.9503426203,0.09788947867,0.763121548,0,-685.7085739,720.1873286,10.91268077
8.79,-18.46481656,0.9487538149,0.09712904795,0.7634824888,0,-681.4883442,716.0045905,10.77665503
8.8,-18.91726653,0.9471183293,0.0963823227,0.7638289066,0,-677.2038247,711.7605402,10.64092004
8.81,-19.36878094,0.9454349841,0.09564929594,0.7641609265,0,-672.8559416,707.4562965,10.50546572
8.82,-19.81939523,0.943702574,0.09492996143,0.7644786709,0,-668.4455739,703.0929401,10.37028143
8.83,-20.26914681,0.9419198671,0.09422431362,0.7647822592,0,-663.9735522,698.6715124,10.23535596
8.84,-20.71807514,0.9400856047,0.09353234758,0.765071808,0,-659.4406572,694.1930141,10.10067746
8.85,-21.16622179,0.9381985003,0.0928540589,0.7653474311,0,-654.8476174,689.6584047,9.966233463
8.86,-21.61363058,0.9362572388,0.09218944366,0.7656092394,0,-650.1951076,685.0686002,9.832010826
8.87,-22.06034766,0.9342604759,0.09153849835,0.7658573408,0,-645.4837476,680.4244727,9.697995703
8.88,-22.50642161,0.9322068373,0.09090121981,0.7660918404,0,-640.7140993,675.7268486,9.564173518
8.89,-22.95190357,0.9300949176,0.09027760519,0.7663128405,0,-635.886666,670.9765072,9.43052893
8.9,-23.39684735,0.9279232795,0.08966765188,0.7665204404,0,-631.0018898,666.1741797,9.297045795
8.91,-23.84130955,0.9256904526,0.08907135748,0.7667147364,0,-626.0601501,661.3205474,9.163707134
8.92,-24.28534968,0.9233949328,0.08848871978,0.7668958218,0,-621.0617619,656.4162405,9.030495096
8.93,-24.72903028,0.9210351803,0.08791973668,0.7670637872,0,-616.0069733,651.4618365,8.897390916
8.94,-25.17241707,0.918609619,0.0873644062,0.7672187198,0,-610.8959646,646.4578589,8.764374878
8.95,-25.61557908,0.916116635,0.08682272648,0.7673607039,0,-605.7288457,641.4047757,8.631426275
8.96,-26.05858877,0.913554575,0.08629469571,0.7674898208,0,-600.5056548,636.3029978,8.498523369
8.97,-26.50152218,0.910921745,0.08578031219,0.7676061484,0,-595.2263565,631.152878,8.365643346
8.98,-26.94445908,0.9082164084,0.08527957432,0.7677097617,0,-589.8908402,625.954709,8.232762275
8.99,-27.38748311,0.9054367845,0.08479248059,0.7678007322,0,-584.4989183,620.7087224,8.099855066
9,-27.83068192,0.9025810464,0.08431902964,0.7678791283,0,-579.0503251,615.415087,7.966895424
9.01,-28.27414731,0.8996473194,0.08385922026,0.7679450151,0,-573.5447147,610.0739079,7.833855807
9.02,-28.71797539,0.8966336784,0.08341305146,0.767998454,0,-567.9816602,604.6852249,7.700707382
9.03,-29.16226674,0.8935381462,0.08298052254,0.7680395033,0,-562.3606523,599.2490111,7.567419979
9.04,-29.6071265,0.8903586907,0.08256163309,0.7680682175,0,-556.681098,593.7651722,7.433962051
9.05,-30.05266458,0.8870932227,0.08215638312,0.7680846477,0,-550.94232,588.2335452,7.300300626
9.06,-30.49899577,0.8837395933,0.08176477313,0.7680888412,0,-545.1435559,582.6538973,7.16640127
9.07,-30.94623987,0.8802955911,0.08138680419,0.7680808418,0,-539.2839576,577.0259252,7.03222804
9.08,-31.39452184,0.8767589391,0.08102247806,0.7680606892,0,-533.3625907,571.3492543,6.897743447
9.09,-31.84397194,0.8731272922,0.08067179726,0.7680284194,0,-527.3784352,565.623438,6.762908417
9.1,-32.29472581,0.8693982336,0.08033476527,0.7679840646,0,-521.3303853,559.8479576,6.627682257
9.11,-32.74692462,0.8655692717,0.08001138657,0.7679276526,0,-515.2172501,554.0222217,6.492022614
9.12,-33.20071516,0.8616378369,0.07970166684,0.7678592076,0,-509.0377549,548.1455662,6.355885452
9.13,-33.65624993,0.8576012776,0.0794056131,0.7677787492,0,-502.7905424,542.2172548,6.219225022
9.14,-34.11368721,0.8534568574,0.07912323386,0.767686293,0,-496.4741752,536.2364794,6.081993837
9.15,-34.57319113,0.8492017507,0.07885453927,0.7675818503,0,-490.087138,530.2023606,5.94414266
9.16,-35.03493172,0.8448330394,0.07859954132,0.767465428,0,-483.6278413,524.1139493,5.805620485
9.17,-35.49908486,0.8403477089,0.07835825403,0.7673370285,0,-477.0946252,517.970228,5.666374541
9.18,-35.96583237,0.8357426446,0.07813069362,0.7671966497,0,-470.4857647,511.7701128,5.52635029
9.19,-36.43536186,0.8310146278,0.07791687872,0.7670442851,0,-463.799475,505.5124559,5.385491442
9.2,-36.90786674,0.8261603322,0.07771683059,0.7668799234,0,-457.0339193,499.1960488,5.243739979
9.21,-37.38354602,0.8211763204,0.07753057334,0.7667035489,0,-450.1872163,492.8196257,5.101036194
9.22,-37.8626042,0.8160590401,0.07735813413,0.7665151409,0,-443.2574503,486.3818683,4.957318741
9.23,-38.34525099,0.8108048215,0.07719954347,0.7663146743,0,-436.2426821,479.8814104,4.812524702
9.24,-38.83170108,0.805409874,0.07705483539,0.7661021192,0,-429.1409621,473.3168443,4.666589676
9.25,-39.32217371,0.7998702839,0.07692404778,0.7658774409,0,-421.9503446,466.686728,4.519447887
9.26,-39.81689227,0.7941820123,0.07680722262,0.7656406002,0,-414.6689054,459.9895928,4.371032319
9.27,-40.31608376,0.7883408942,0.07670440628,0.7653915532,0,-407.2947606,453.2239528,4.221274872
9.28,-40.81997813,0.7823426377,0.07661564982,0.7651302513,0,-399.8260885,446.3883159,4.07010656
9.29,-41.32880755,0.7761828242,0.07654100928,0.7648566416,0,-392.2611548,439.4811955,3.917457736
9.3,-41.84280548,0.7698569107,0.07648054608,0.7645706667,0,-384.5983401,432.5011242,3.763258357
9.31,-42.36220567,0.7633602319,0.07643432731,0.7642722651,0,-376.8361715,425.4466698,3.6074383
9.32,-42.88724094,0.7566880053,0.07640242612,0.7639613711,0,-368.9733574,418.3164523,3.449927717
9.33,-43.41814183,0.7498353372,0.07638492211,0.7636379154,0,-361.008827,411.1091639,3.290657452
9.34,-43.95513495,0.7427972318,0.07638190177,0.7633018248,0,-352.9417735,403.8235906,3.129559516
9.35,-44.49844124,0.7355686016,0.07639345887,0.7629530231,0,-344.7717022,396.4586369,2.966567627
9.36,-45.04827393,0.7281442822,0.07641969494,0.762591431,0,-336.4984831,389.0133529,2.801617822
9.37,-45.60483616,0.7205190491,0.07646071977,0.7622169668,0,-328.1224089,381.486964,2.634649151
9.38,-46.1683185,0.7126876394,0.07651665188,0.7618295468,0,-319.6442576,373.8789041,2.46560445
9.39,-46.73889598,0.7046447768,0.07658761907,0.7614290856,0,-311.065361,366.1888516,2.294431207
9.4,-47.31672491,0.6963852031,0.07667375893,0.761015497,0,-302.3876777,358.4167688,2.121082526
9.41,-47.90193937,0.6879037132,0.07677521942,0.7605886945,0,-293.6138708,350.5629446,1.945518189
9.42,-48.49464726,0.6791951982,0.0768921594,0.7601485922,0,-284.7473909,342.6280404,1.767705822
9.43,-49.09492609,0.6702546942,0.07702474917,0.7596951053,0,-275.7925623,334.6131396,1.587622172
9.44,-49.70281838,0.6610774387,0.07717317104,0.7592281513,0,-266.7546718,326.5197997,1.405254485
9.45,-50.31832669,0.651658936,0.07733761978,0.7587476511,0,-257.6400603,318.3501081,1.220601994
9.46,-50.94140832,0.6419950308,0.07751830306,0.7582535296,0,-248.4562135,310.106739,1.033677505
9.47,-51.57196977,0.6320819913,0.07771544185,0.7577457174,0,-239.2118513,301.7930137,0.8445090688
9.48,-52.20986088,0.6219166028,0.07792927067,0.7572241516,0,-229.9170126,293.4129609,0.6531417373
9.49,-52.85486877,0.6114962716,0.07816003765,0.7566887774,0,-220.5831329,284.9713781,0.4596393676
9.5,-53.50671179,0.6008191386,0.07840800456,0.7561395496,0,-211.2231108,276.4738907,0.2640864616
9.51,-54.16503333,0.5898842049,0.07867344645,0.7555764335,0,-201.8513606,267.9270103,0.06659000122
9.52,-54.82939587,0.5786914663,0.07895665117,0.7549994073,0,-192.4838441,259.3381874,-0.1327187603
9.53,-55.49927533,0.5672420574,0.07925791845,0.754408463,0,-183.1380795,250.7158585,-0.3336826003
9.54,-56.17405593,0.5555384036,0.07957755872,0.7538036081,0,-173.8331201,242.0694848,-0.5361167802
9.55,-56.85302572,0.5435843789,0.07991589139,0.7531848675,0,-164.5894985,233.4095795,-0.7398077175
9.56,-57.53537317,0.5313854667,0.08027324275,0.7525522849,0,-155.4291303,224.7477215,-0.9445119503
9.57,-58.22018492,0.5189489205,0.08064994333,0.7519059245,0,-146.3751735,216.096553,-1.149955476
9.58,-58.90644515,0.5062839201,0.08104632461,0.7512458721,0,-137.4518392,207.4697563,-1.355833546
9.59,-59.59303671,0.4934017174,0.08146271523,0.7505722371,0,-128.6841502,198.8820095,-1.561811013
9.6,-60.27874431,0.4803157673,0.08189943659,0.7498851534,0,-120.0976482,190.3489169,-1.767523292
9.61,-60.96226015,0.4670418355,0.0823567978,0.7491847805,0,-111.7180498,181.8869121,-1.972578045
9.62,-61.64219203,0.4535980768,0.08283509008,0.7484713044,0,-103.5708555,173.5131333,-2.176557608
9.63,-62.31707415,0.4400050761,0.08333458075,0.7477449384,0,-95.68092006,165.2452689,-2.379022244
9.64,-62.98538069,0.4262858453,0.0838555067,0.7470059235,0,-88.0719929,157.1013759,-2.579514207
9.65,-63.64554204,0.4124657679,0.08439806767,0.7462545283,0,-80.76624379,149.0996706,-2.777562612
9.66,-64.29596351,0.3985724865,0.08496241943,0.7454910488,0,-73.78378977,141.258297,-2.972689053
9.67,-64.93504625,0.3846357294,0.08554866702,0.744715808,0,-67.14224216,133.5950765,-3.164413874
9.68,-65.56120983,0.3706870725,0.08615685833,0.7439291544,0,-60.85629408,126.1272451,-3.35226295
9.69,-66.17291602,0.3567596391,0.08678697819,0.7431314616,0,-54.93736832,118.8711869,-3.535774807
9.7,-66.76869286,0.3428877395,0.08743894329,0.7423231256,0,-49.39334458,111.8421699,-3.714507857
9.71,-67.34715843,0.3291064588,0.08811259812,0.7415045634,0,-44.22838155,105.0540964,-3.888047528
9.72,-67.90704339,0.315451202,0.08880771204,0.7406762103,0,-39.44284531,98.51927402,-4.056013016
9.73,-68.44721146,0.3019572086,0.08952397786,0.7398385174,0,-35.03334967,92.24821827,-4.218063437
9.74,-68.96667709,0.2886590542,0.09026101184,0.7389919489,0,-30.99290807,86.24949334,-4.373903128
9.75,-69.46461969,0.2755901528,0.09101835526,0.7381369785,0,-27.31118983,80.52959737,-4.523285907
9.76,-69.94039381,0.2627822788,0.09179547758,0.7372740867,0,-23.97486803,75.09289633,-4.666018142
9.77,-70.39353511,0.250265125,0.09259178098,0.7364037574,0,-20.96804078,69.9416084,-4.801960532
9.78,-70.82376187,0.2380659111,0.09340660633,0.7355264749,0,-18.27270451,65.07583825,-4.931028562
9.79,-71.23097222,0.2262090545,0.0942392402,0.7346427205,0,-15.8692559,60.49365838,-5.053191666
9.8,-71.61523728,0.2147159144,0.09508892281,0.7337529697,0,-13.73699909,56.19123268,-5.168471184
9.81,-71.97679085,0.2036046125,0.09595485658,0.7328576895,0,-11.85463664,52.16297572,-5.276937254
9.82,-72.316016,0.1928899337,0.09683621501,0.7319573357,0,-10.20072573,48.40173996,-5.378704801
9.83,-72.6334295,0.1825833036,0.09773215164,0.7310523511,0,-8.754085062,44.89902294,-5.473928849
9.84,-72.92966448,0.1726928385,0.09864180883,0.7301431633,0,-7.494142616,41.64518569,-5.562799344
9.85,-73.20545237,0.1632234596,0.0995643261,0.7292301831,0,-6.40121875,38.62967486,-5.645535712
9.86,-73.46160449,0.1541770624,0.1004988479,0.7283138035,0,-5.456743576,35.84124112,-5.722381348
9.87,-73.698994,0.1455527296,0.1014445307,0.7273943985,0,-4.643410873,33.26814792,-5.7935982
9.88,-73.91853872,0.1373469777,0.102400549,0.7264723229,0,-3.945273693,30.89836572,-5.859461615
9.89,-74.1211851,0.1295540255,0.1033661007,0.7255479113,0,-3.347788621,28.71974818,-5.92025553
9.9,-74.30789376,0.122166074,0.1043404117,0.7246214789,0,-2.837816778,26.72018787,-5.976268128
9.91,-74.47962661,0.1151735905,0.1053227389,0.7236933206,0,-2.403589981,24.8877505,-6.027787982
9.92,-74.63733574,0.1085655867,0.1063123733,0.7227637124,0,-2.034650256,23.21078738,-6.075100721
9.93,-74.78195411,0.102329887,0.1073086415,0.7218329112,0,-1.721770288,21.67802666,-6.118486232
9.94,-74.91438789,0.09645338014,0.1083109072,0.7209011554,0,-1.456861475,20.27864478,-6.158216366
9.95,-75.03551041,0.09092225241,0.1093185711,0.7199686662,0,-1.232875215,19.00231953,-6.194553122
9.96,-75.14615759,0.08572219917,0.1103310716,0.7190356479,0,-1.043701998,17.83926687,-6.227747277
9.97,-75.24712467,0.080838614,0.1113478837,0.7181022887,0,-0.8840718334,16.78026341,-6.2580374
9.98,-75.33916408,0.07625675513,0.1123685184,0.7171687622,0,-0.7494586189,15.81665675,-6.285649223
9.99,-75.42298431,0.07196188966,0.1133925215,0.7162352275,0,-0.6359902622,14.9403656,-6.310795294
10,-75.49924963,0.06793941647,0.1144194722,0.7153018308,0,-0.5403656728,14.14387168,-6.333674888
10.01,-75.56858039,0.06417496909,0.1154489815,0.7143687059,0,-0.4597792217,13.42020499,-6.354474116
10.02,-75.63155399,0.06065450042,0.1164806907,0.713435975,0,-0.3918528458,12.76292409,-6.373366198
10.03,-75.68870621,0.05736435064,0.1175142696,0.7125037499,0,-0.3345756671,12.16609275,-6.390511863
10.04,-75.7405328,0.05429130038,0.1185494145,0.7115721326,0,-0.2862507858,11.62425395,-6.406059839
10.05,-75.7874914,0.05142261076,0.1195858469,0.7106412158,0,-0.2454487657,11.1324024,-6.42014742
10.06,-75.83000357,0.04874605203,0.1206233116,0.7097110842,0,-0.2109672519,10.68595623,-6.43290107
10.07,-75.86845683,0.04624992244,0.1216615749,0.7087818147,0,-0.1817961217,10.28072854,-6.44443705
10.08,-75.90320689,0.04392305871,0.122700423,0.7078534772,0,-0.1570875714,9.912899274,-6.454862067
10.09,-75.93457969,0.04175483952,0.1237396607,0.7069261351,0,-0.1361305567,9.578987861,-6.464273907
10.1,-75.96287356,0.03973518323,0.12477911,0.705999846,0,-0.1183290422,9.275826841,-6.472762068
10.11,-75.98836121,0.03785454081,0.1258186082,0.7050746622,0,-0.1031835574,9.000536725,-6.480408362
10.12,-76.01129169,0.03610388498,0.1268580072,0.704150631,0,-0.09027560447,8.75050219,-6.487287506
10.13,-76.03189225,0.03447469638,0.1278971721,0.7032277952,0,-0.07925451174,8.523349718,-6.493467676
10.14,-76.0503701,0.03295894739,0.1289359799,0.7023061937,0,-0.06982637495,8.316926686,-6.499011031
10.15,-76.06691404,0.03154908432,0.1299743189,0.7013858616,0,-0.06174477251,8.129281919,-6.503974212
10.16,-76.08169599,0.03023800833,0.1310120872,0.7004668304,0,-0.05480298331,7.958647687,-6.508408797
10.17,-76.09487247,0.02901905562,0.1320491923,0.6995491289,0,-0.04882747275,7.803423085,-6.512361742
10.18,-76.1065859,0.02788597716,0.1330855499,0.6986327829,0,-0.04367244633,7.662158749,-6.51587577
10.19,-76.11696583,0.02683291837,0.1341210837,0.6977178157,0,-0.03921530003,7.533542842,-6.518989748
10.2,-76.12613007,0.02585439875,0.135155724,0.6968042483,0,-0.03535282207,7.416388222,-6.521739021
10.21,-76.13418577,0.02494529192,0.1361894077,0.6958920995,0,-0.03199802379,7.309620729,-6.524155731
10.22,-76.14123034,0.02410080606,0.1372220773,0.6949813863,0,-0.02907749581,7.212268512,-6.526269101
10.23,-76.14735233,0.02331646483,0.1382536808,0.694072124,0,-0.02652920296,7.123452314,-6.528105698
10.24,-76.15263225,0.02258808903,0.1392841707,0.6931643263,0,-0.02430064485,7.042376641,-6.529689674
10.25,-76.15714329,0.02191177886,0.1403135042,0.6922580053,0,-0.02234732125,6.968321751,-6.531042987
10.26,-76.160952,0.02128389695,0.1413416421,0.691353172,0,-0.0206314513,6.900636393,-6.532185601
10.27,-76.16411889,0.02070105216,0.1423685491,0.6904498362,0,-0.01912090408,6.838731218,-6.533135667
10.28,-76.16669897,0.02016008412,0.1433941929,0.6895480065,0,-0.01778830512,6.782072827,-6.533909691
10.29,-76.16874228,0.01965804861,0.1444185445,0.6886476906,0,-0.01661028934,6.73017838,-6.534522683
10.3,-76.17029433,0.01919220361,0.1454415775,0.6877488954,0,-0.01556687599,6.682610723,-6.5349883
10.31,-76.17139654,0.01875999621,0.1464632677,0.6868516268,0,-0.01464094518,6.638973986,-6.535318963
10.32,-76.17208658,0.01835905018,0.1474835936,0.6859558901,0,-0.01381779893,6.598909603,-6.535525975
10.33,-76.17239875,0.01798715428,0.1485025354,0.6850616899,0,-0.01308479291,6.562092721,-6.535619626
10.34,-76.17236427,0.0176422513,0.1495200753,0.6841690302,0,-0.01243102691,6.528228955,-6.535609281
10.35,-76.17201156,0.01732242769,0.1505361972,0.6832779144,0,-0.01184708448,6.497051459,-6.535503468
10.36,-76.17136652,0.01702590385,0.1515508866,0.6823883456,0,-0.01132481363,6.468318285,-6.535309955
10.37,-76.17045273,0.01675102508,0.1525641301,0.681500326,0,-0.01085714183,6.441809995,-6.535035819
10.38,-76.16929169,0.01649625301,0.153575916,0.6806138579,0,-0.01043791973,6.417327507,-6.534687508
10.39,-76.167903,0.01626015767,0.1545862335,0.6797289429,0,-0.01006178897,6.394690154,-6.534270901
10.4,-76.16630452,0.01604140998,0.1555950729,0.6788455823,0,-0.009724070173,6.373733928,-6.533791357
10.41,-76.16451256,0.0158387748,0.1566024255,0.6779637772,0,-0.00942066794,6.354309894,-6.533253767
10.42,-76.16254196,0.01565110443,0.1576082835,0.6770835283,0,-0.009147990046,6.336282765,-6.532662589
10.43,-76.16040632,0.0154773325,0.1586126399,0.676204836,0,-0.008902878708,6.319529609,-6.532021895
10.44,-76.158118,0.01531646833,0.1596154883,0.6753277007,0,-0.008682551951,6.303938681,-6.531335401
10.45,-76.15568833,0.0151675916,0.1606168233,0.6744521222,0,-0.008484553547,6.289408374,-6.530606499
10.46,-76.15312764,0.01502984744,0.1616166397,0.6735781006,0,-0.008306710172,6.275846265,-6.529838291
10.47,-76.15044536,0.01490244182,0.1626149332,0.6727056353,0,-0.008147094698,6.263168256,-6.529033609
10.48,-76.14765014,0.01478463729,0.1636116997,0.6718347258,0,-0.008003994678,6.2512978,-6.528195041
10.49,-76.14474985,0.01467574896,0.1646069359,0.6709653716,0,-0.007875885242,6.240165196,-6.527324955
10.5,-76.14175172,0.0145751408,0.1656006387,0.6700975717,0,-0.007761405751,6.229706953,-6.526425517
10.51,-76.13866235,0.0144822222,0.1665928054,0.6692313253,0,-0.007659339642,6.21986522,-6.525498706
10.52,-76.13548779,0.0143964447,0.1675834337,0.6683666312,0,-0.007568597011,6.210587264,-6.524546337
10.53,-76.13223356,0.01431729908,0.1685725217,0.6675034884,0,-0.00748819952,6.201824999,-6.523570069
10.54,-76.12890474,0.0142443125,0.1695600677,0.6666418955,0,-0.007417267305,6.193534565,-6.522571422
10.55,-76.12550596,0.01417704596,0.1705460702,0.6657818513,0,-0.007355007599,6.185675936,-6.521551788
10.56,-76.12204148,0.01411509186,0.1715305282,0.6649233544,0,-0.007300704814,6.178212576,-6.520512444
10.57,-76.11851519,0.01405807179,0.1725134406,0.6640664031,0,-0.007253711898,6.171111123,-6.519454558
10.58,-76.11493068,0.01400563444,0.1734948069,0.6632109961,0,-0.007213442777,6.1643411,-6.518379203
10.59,-76.11129121,0.01395745365,0.1744746264,0.6623571316,0,-0.007179365735,6.157874656,-6.517287362
10.6,-76.10759979,0.01391322664,0.1754528988,0.6615048081,0,-0.007150997612,6.151686331,-6.516179938
10.61,-76.1038592,0.01387267234,0.1764296239,0.6606540237,0,-0.007127898693,6.145752845,-6.515057759
10.62,-76.10007195,0.01383552982,0.1774048016,0.6598047768,0,-0.007109668223,6.140052897,-6.513921584
10.63,-76.09624037,0.01380155684,0.1783784322,0.6589570655,0,-0.007095940435,6.134566997,-6.512772111
10.64,-76.09236661,0.01377052855,0.1793505157,0.658110888,0,-0.007086381055,6.129277301,-6.511609982
10.65,-76.08845262,0.01374223623,0.1803210525,0.6572662423,0,-0.007080684188,6.124167469,-6.510435785
10.66,-76.0845002,0.01371648613,0.181290043,0.6564231267,0,-0.007078569577,6.119222531,-6.509250061
10.67,-76.08051102,0.01369309838,0.1822574878,0.6555815392,0,-0.007079780147,6.114428767,-6.508053307
10.68,-76.0764866,0.01367190604,0.1832233875,0.6547414777,0,-0.007084079836,6.1097736,-6.506845981
10.69,-76.07242834,0.01365275413,0.1841877428,0.6539029404,0,-0.007091251641,6.105245497,-6.505628503
10.7,-76.06833753,0.0136354988,0.1851505545,0.6530659251,0,-0.007101095891,6.100833874,-6.504401259
10.71,-76.06421535,0.01362000653,0.1861118233,0.65223043,0,-0.007113428687,6.096529022,-6.503164605
10.72,-76.0600629,0.01360615336,0.1870715502,0.6513964529,0,-0.007128080509,6.092322026,-6.501918869
10.73,-76.05588117,0.01359382426,0.1880297362,0.6505639918,0,-0.007144894962,6.088204697,-6.500664352
10.74,-76.0516711,0.01358291242,0.1889863822,0.6497330446,0,-0.007163727651,6.084169514,-6.499401331
10.75,-76.04743353,0.01357331872,0.1899414894,0.6489036092,0,-0.007184445159,6.080209566,-6.49813006
10.76,-76.04316925,0.01356495115,0.1908950588,0.6480756836,0,-0.007206924136,6.076318497,-6.496850776
10.77,-76.03887898,0.0135577243,0.1918470916,0.6472492656,0,-0.007231050461,6.072490465,-6.495563694
10.78,-76.03456338,0.01355155889,0.192797589,0.6464243532,0,-0.007256718496,6.068720093,-6.494269014
10.79,-76.03022306,0.01354638134,0.1937465521,0.6456009441,0,-0.0072838304,6.065002435,-6.492966919
10.8,-76.02585859,0.01354212334,0.1946939822,0.6447790363,0,-0.007312295506,6.061332938,-6.491657578
10.81,-76.02147049,0.01353872148,0.1956398807,0.6439586276,0,-0.007342029761,6.057707408,-6.490341147
10.82,-76.01705923,0.01353611693,0.1965842488,0.6431397159,0,-0.007372955211,6.054121984,-6.489017769
10.83,-76.01262526,0.01353425504,0.1975270878,0.6423222991,0,-0.007404999526,6.050573106,-6.487687577
10.84,-76.00816897,0.01353308513,0.1984683991,0.641506375,0,-0.007438095576,6.047057494,-6.486350691
10.85,-76.00369075,0.01353256011,0.1994081841,0.6406919414,0,-0.007472181037,6.043572124,-6.485007225
10.86,-75.99919094,0.01353263631,0.2003464441,0.6398789962,0,-0.007507198028,6.040114207,-6.483657281
10.87,-75.99466984,0.01353327317,0.2012831806,0.6390675372,0,-0.007543092785,6.03668117,-6.482300953
10.88,-75.99012777,0.01353443305,0.202218395,0.6382575623,0,-0.007579815355,6.033270637,-6.480938331
10.89,-75.98556498,0.01353608102,0.2031520888,0.6374490693,0,-0.00761731932,6.029880418,-6.479569494
10.9,-75.98098172,0.01353818465,0.2040842633,0.6366420561,0,-0.007655561538,6.026508487,-6.478194516
10.91,-75.97637822,0.01354071383,0.20501492,0.6358365205,0,-0.007694501907,6.023152976,-6.476813466
10.92,-75.97175469,0.01354364062,0.2059440605,0.6350324603,0,-0.007734103149,6.019812156,-6.475426406
10.93,-75.96711132,0.01354693909,0.2068716862,0.6342298733,0,-0.007774330608,6.016484432,-6.474033395
10.94,-75.96244828,0.01355058518,0.2077977985,0.6334287575,0,-0.007815152066,6.013168329,-6.472634484
10.95,-75.95776574,0.01355455652,0.2087223991,0.6326291106,0,-0.007856537567,6.00986248,-6.471229722
10.96,-75.95306385,0.0135588324,0.2096454894,0.6318309306,0,-0.007898459265,6.006565626,-6.469819155
10.97,-75.94834274,0.01356339355,0.210567071,0.6310342151,0,-0.007940891272,6.003276597,-6.468402823
10.98,-75.94360255,0.01356822212,0.2114871453,0.6302389621,0,-0.007983809524,5.999994315,-6.466980764
10.99,-75.93884338,0.01357330152,0.2124057138,0.6294451695,0,-0.008027191656,5.996717779,-6.465553013
11,-75.93406533,0.01357861637,0.2133227782,0.628652835,0,-0.008071016884,5.993446063,-6.4641196
11.01,-75.92926852,0.01358415237,0.21423834,0.6278619565,0,-0.008115265896,5.99017831,-6.462680555
11.02,-75.92445301,0.01358989627,0.2151524007,0.627072532,0,-0.008159920753,5.986913727,-6.461235903
11.03,-75.9196189,0.01359583577,0.2160649618,0.6262845591,0,-0.008204964796,5.983651578,-6.45978567
11.04,-75.91476625,0.01360195946,0.2169760249,0.6254980358,0,-0.008250382556,5.980391181,-6.458329876
11.05,-75.90989514,0.01360825673,0.2178855916,0.62471296,0,-0.008296159678,5.977131906,-6.456868541
11.06,-75.90500562,0.01361471776,0.2187936634,0.6239293294,0,-0.008342282843,5.973873168,-6.455401685
11.07,-75.90009774,0.01362133341,0.2197002419,0.623147142,0,-0.008388739698,5.970614423,-6.453929322
11.08,-75.89517156,0.01362809523,0.2206053286,0.6223663957,0,-0.008435518794,5.967355169,-6.452451467
11.09,-75.89022712,0.01363499535,0.2215089251,0.6215870883,0,-0.008482609523,5.96409494,-6.450968135
11.1,-75.88526445,0.0136420265,0.222411033,0.6208092176,0,-0.008530002062,5.960833304,-6.449479336
11.11,-75.88028361,0.0136491819,0.2233116538,0.6200327816,0,-0.008577687323,5.957569858,-6.447985082
11.12,-75.87528461,0.01365645528,0.2242107891,0.6192577781,0,-0.008625656901,5.954304233,-6.446485382
11.13,-75.87026748,0.01366384083,0.2251084404,0.6184842051,0,-0.008673903031,5.951036082,-6.444980244
11.14,-75.86523225,0.01367133313,0.2260046094,0.6177120603,0,-0.008722418546,5.947765087,-6.443469676
11.15,-75.86017895,0.0136789272,0.2268992975,0.6169413418,0,-0.008771196834,5.94449095,-6.441953684
11.16,-75.85510758,0.01368661838,0.2277925064,0.6161720473,0,-0.008820231808,5.941213396,-6.440432274
11.17,-75.85001817,0.01369440237,0.2286842377,0.6154041748,0,-0.008869517864,5.93793217,-6.438905451
11.18,-75.84491073,0.01370227517,0.2295744928,0.6146377223,0,-0.008919049854,5.934647036,-6.437373218
11.19,-75.83978527,0.01371023309,0.2304632734,0.6138726875,0,-0.008968823054,5.931357774,-6.43583558
11.2,-75.8346418,0.01371827269,0.231350581,0.6131090684,0,-0.009018833139,5.928064181,-6.434292539
11.21,-75.82948033,0.01372639079,0.2322364172,0.6123468629,0,-0.009069076153,5.924766069,-6.432744098
11.22,-75.82430086,0.01373458443,0.2331207836,0.6115860689,0,-0.00911954849,5.921463263,-6.431190257
11.23,-75.8191034,0.0137428509,0.2340036817,0.6108266844,0,-0.009170246866,5.918155601,-6.429631019
11.24,-75.81388794,0.01375118767,0.2348851131,0.6100687072,0,-0.009221168301,5.914842934,-6.428066383
11.25,-75.8086545,0.01375959237,0.2357650793,0.6093121354,0,-0.009272310099,5.911525122,-6.426496351
11.26,-75.80340307,0.01376806286,0.236643582,0.6085569667,0,-0.009323669829,5.908202039,-6.424920922
11.27,-75.79813365,0.01377659711,0.2375206226,0.6078031992,0,-0.009375245311,5.904873564,-6.423340095
11.28,-75.79284624,0.01378519326,0.2383962028,0.6070508308,0,-0.009427034595,5.901539589,-6.421753871
11.29,-75.78754082,0.01379384961,0.2392703241,0.6062998595,0,-0.009479035949,5.898200013,-6.420162247
11.3,-75.78221741,0.01380256454,0.240142988,0.6055502831,0,-0.009531247844,5.894854742,-6.418565223
11.31,-75.77687599,0.0138113366,0.2410141962,0.6048020996,0,-0.009583668944,5.89150369,-6.416962796
11.32,-75.77151655,0.01382016442,0.2418839502,0.6040553071,0,-0.009636298089,5.888146778,-6.415354965
11.33,-75.76613909,0.01382904675,0.2427522514,0.6033099033,0,-0.009689134289,5.884783934,-6.413741728
11.34,-75.76074361,0.01383798241,0.2436191016,0.6025658864,0,-0.009742176709,5.88141509,-6.412123083
11.35,-75.75533009,0.01384697035,0.2444845022,0.6018232543,0,-0.00979542466,5.878040184,-6.410499027
11.36,-75.74989852,0.01385600957,0.2453484548,0.6010820048,0,-0.009848877593,5.874659162,-6.408869557
11.37,-75.7444489,0.01386509915,0.2462109609,0.6003421361,0,-0.009902535087,5.871271971,-6.40723467
11.38,-75.73898121,0.01387423827,0.2470720221,0.5996036461,0,-0.009956396841,5.867878565,-6.405594364
11.39,-75.73349545,0.01388342613,0.24793164,0.5988665327,0,-0.01001046267,5.864478901,-6.403948636
11.4,-75.72799161,0.01389266205,0.248789816,0.598130794,0,-0.0100647325,5.861072942,-6.402297482
11.41,-75.72246966,0.01390194534,0.2496465518,0.5973964279,0,-0.01011920634,5.857660651,-6.400640899
11.42,-75.71692961,0.01391127542,0.2505018488,0.5966634324,0,-0.01017388431,5.854241998,-6.398978884
11.43,-75.71137144,0.01392065174,0.2513557087,0.5959318056,0,-0.01022876661,5.850816954,-6.397311433
11.44,-75.70579514,0.01393007378,0.2522081329,0.5952015453,0,-0.01028385353,5.847385496,-6.395638543
11.45,-75.7002007,0.01393954109,0.253059123,0.5944726497,0,-0.01033914544,5.8439476,-6.393960211
11.46,-75.6945881,0.01394905323,0.2539086805,0.5937451168,0,-0.01039464276,5.840503247,-6.392276431
11.47,-75.68895734,0.01395860983,0.254756807,0.5930189444,0,-0.01045034602,5.837052421,-6.390587202
11.48,-75.6833084,0.01396821052,0.255603504,0.5922941308,0,-0.01050625577,5.833595107,-6.388892519
11.49,-75.67764126,0.013977855,0.256448773,0.5915706738,0,-0.01056237265,5.830131293,-6.387192379
11.5,-75.67195592,0.01398754297,0.2572926155,0.5908485715,0,-0.01061869735,5.826660969,-6.385486777
11.51,-75.66625237,0.01399727416,0.2581350332,0.5901278219,0,-0.01067523063,5.823184127,-6.383775711
11.52,-75.66053058,0.01400704834,0.2589760275,0.5894084232,0,-0.01073197326,5.819700761,-6.382059175
11.53,-75.65479056,0.01401686529,0.2598155999,0.5886903731,0,-0.01078892611,5.816210866,-6.380337167
11.54,-75.64903228,0.01402672482,0.260653752,0.58797367,0,-0.01084609006,5.812714439,-6.378609683
11.55,-75.64325573,0.01403662677,0.2614904852,0.5872583117,0,-0.01090346604,5.80921148,-6.376876718
11.56,-75.6374609,0.01404657097,0.2623258012,0.5865442963,0,-0.01096105504,5.805701989,-6.375138269
11.57,-75.63164778,0.0140565573,0.2631597014,0.5858316219,0,-0.01101885806,5.802185967,-6.373394333
11.58,-75.62581635,0.01406658563,0.2639921874,0.5851202865,0,-0.01107687616,5.798663417,-6.371644905
11.59,-75.6199666,0.01407665586,0.2648232606,0.5844102882,0,-0.01113511043,5.795134345,-6.369889981
11.6,-75.61409853,0.01408676791,0.2656529226,0.583701625,0,-0.01119356198,5.791598754,-6.368129559
11.61,-75.60821211,0.0140969217,0.2664811749,0.5829942951,0,-0.01125223198,5.788056653,-6.366363634
11.62,-75.60230734,0.01410711716,0.267308019,0.5822882964,0,-0.01131112159,5.784508049,-6.364592202
11.63,-75.5963842,0.01411735425,0.2681334563,0.5815836271,0,-0.01137023204,5.78095295,-6.362815261
11.64,-75.59044269,0.01412763293,0.2689574886,0.5808802852,0,-0.01142956455,5.777391367,-6.361032806
11.65,-75.58448278,0.01413795315,0.2697801171,0.5801782688,0,-0.01148912041,5.773823309,-6.359244834
11.66,-75.57850447,0.01414831491,0.2706013435,0.579477576,0,-0.01154890088,5.770248789,-6.357451341
11.67,-75.57250775,0.01415871818,0.2714211692,0.5787782049,0,-0.0116089073,5.766667818,-6.355652324
11.68,-75.5664926,0.01416916297,0.2722395957,0.5780801536,0,-0.01166914099,5.763080411,-6.353847779
11.69,-75.56045901,0.01417964927,0.2730566246,0.5773834201,0,-0.01172960331,5.75948658,-6.352037704
11.7,-75.55440698,0.0141901771,0.2738722573,0.5766880026,0,-0.01179029564,5.75588634,-6.350222094
11.71,-75.54833649,0.01420074646,0.2746864953,0.5759938991,0,-0.01185121939,5.752279708,-6.348400946
11.72,-75.54224753,0.01421135738,0.2754993402,0.5753011079,0,-0.01191237597,5.748666697,-6.346574258
11.73,-75.53614008,0.0142220099,0.2763107934,0.5746096269,0,-0.01197376682,5.745047326,-6.344742025
11.74,-75.53001415,0.01423270403,0.2771208564,0.5739194543,0,-0.0120353934,5.741421612,-6.342904246
11.75,-75.52386972,0.01424343981,0.2779295307,0.5732305883,0,-0.01209725718,5.737789572,-6.341060916
11.76,-75.51770678,0.01425421729,0.2787368178,0.5725430269,0,-0.01215935965,5.734151224,-6.339212033
11.77,-75.51152531,0.01426503651,0.2795427191,0.5718567682,0,-0.01222170232,5.730506587,-6.337357594
11.78,-75.50532532,0.01427589752,0.2803472363,0.5711718105,0,-0.01228428672,5.726855682,-6.335497596
11.79,-75.49910679,0.01428680038,0.2811503706,0.5704881517,0,-0.01234711438,5.723198527,-6.333632036
11.8,-75.4928697,0.01429774513,0.2819521238,0.5698057902,0,-0.01241018685,5.719535143,-6.331760911
11.81,-75.48661406,0.01430873184,0.2827524971,0.5691247239,0,-0.01247350571,5.715865551,-6.329884219
11.82,-75.48033986,0.01431976057,0.2835514921,0.5684449511,0,-0.01253707255,5.712189772,-6.328001958
11.83,-75.47404708,0.01433083138,0.2843491103,0.5677664699,0,-0.01260088895,5.708507828,-6.326114123
11.84,-75.46773571,0.01434194434,0.2851453532,0.5670892784,0,-0.01266495653,5.70481974,-6.324220714
11.85,-75.46140576,0.01435309952,0.2859402221,0.5664133748,0,-0.01272927691,5.701125532,-6.322321727
11.86,-75.4550572,0.01436429699,0.2867337187,0.5657387573,0,-0.01279385174,5.697425226,-6.32041716
11.87,-75.44869004,0.01437553682,0.2875258443,0.565065424,0,-0.01285868266,5.693718846,-6.318507011
11.88,-75.44230426,0.01438681909,0.2883166005,0.5643933731,0,-0.01292377134,5.690006414,-6.316591278
11.89,-75.43589986,0.01439814387,0.2891059887,0.5637226027,0,-0.01298911945,5.686287956,-6.314669959
11.9,-75.42947684,0.01440951125,0.2898940104,0.5630531111,0,-0.01305472868,5.682563494,-6.312743051
11.91,-75.42303517,0.01442092129,0.290680667,0.5623848964,0,-0.01312060073,5.678833055,-6.310810552
11.92,-75.41657487,0.01443237409,0.29146596,0.5617179567,0,-0.01318673732,5.675096663,-6.308872462
11.93,-75.41009592,0.01444386972,0.2922498909,0.5610522903,0,-0.01325314017,5.671354342,-6.306928776
11.94,-75.40359832,0.01445540827,0.2930324612,0.5603878954,0,-0.01331981102,5.66760612,-6.304979495
11.95,-75.39708206,0.01446698981,0.2938136722,0.5597247701,0,-0.0133867516,5.663852021,-6.303024617
11.96,-75.39054713,0.01447861445,0.2945935255,0.5590629127,0,-0.0134539637,5.660092071,-6.301064139
11.97,-75.38399353,0.01449028225,0.2953720225,0.5584023212,0,-0.01352144906,5.656326298,-6.29909806
11.98,-75.37742126,0.01450199332,0.2961491647,0.557742994,0,-0.01358920948,5.652554728,-6.297126379
11.99,-75.37083032,0.01451374773,0.2969249535,0.5570849293,0,-0.01365724674,5.648777387,-6.295149095
12,-75.36422068,0.01452554558,0.2976993903,0.5564281252,0,-0.01372556266,5.644994304,-6.293166205
12.01,-75.35759236,0.01453738695,0.2984724768,0.5557725799,0,-0.01379415905,5.641205506,-6.291177709
12.02,-75.35094535,0.01454927193,0.2992442142,0.5551182917,0,-0.01386303773,5.63741102,-6.289183606
12.03,-75.34427965,0.01456120062,0.300014604,0.5544652588,0,-0.01393220053,5.633610874,-6.287183895
12.04,-75.33759525,0.0145731731,0.3007836477,0.5538134794,0,-0.01400164932,5.629805097,-6.285178575
12.05,-75.33089215,0.01458518946,0.3015513467,0.5531629518,0,-0.01407138594,5.625993717,-6.283167644
12.06,-75.32417034,0.01459724981,0.3023177025,0.5525136741,0,-0.01414141227,5.622176763,-6.281151103
12.07,-75.31742983,0.01460935422,0.3030827166,0.5518656445,0,-0.01421173018,5.618354264,-6.279128949
12.08,-75.31067061,0.01462150278,0.3038463903,0.5512188615,0,-0.01428234157,5.614526249,-6.277101184
12.09,-75.30389269,0.01463369561,0.3046087251,0.550573323,0,-0.01435324834,5.610692748,-6.275067806
12.1,-75.29709605,0.01464593277,0.3053697224,0.5499290275,0,-0.0144244524,5.60685379,-6.273028814
12.11,-75.2902807,0.01465821438,0.3061293837,0.5492859732,0,-0.01449595567,5.603009404,-6.270984209
12.12,-75.28344663,0.01467054051,0.3068877105,0.5486441582,0,-0.01456776009,5.599159622,-6.268933989
12.13,-75.27659385,0.01468291127,0.3076447041,0.5480035809,0,-0.0146398676,5.595304473,-6.266878156
12.14,-75.26972236,0.01469532675,0.3084003659,0.5473642395,0,-0.01471228016,5.591443988,-6.264816708
12.15,-75.26283215,0.01470778703,0.3091546975,0.5467261323,0,-0.01478499973,5.587578198,-6.262749646
12.16,-75.25592323,0.01472029223,0.3099077003,0.5460892575,0,-0.01485802828,5.583707133,-6.260676969
12.17,-75.2489956,0.01473284242,0.3106593757,0.5454536134,0,-0.01493136781,5.579830824,-6.258598679
12.18,-75.24204925,0.0147454377,0.311409725,0.5448191982,0,-0.01500502032,5.575949303,-6.256514774
12.19,-75.23508419,0.01475807817,0.3121587499,0.5441860103,0,-0.0150789878,5.572062601,-6.254425256
12.2,-75.22810041,0.01477076392,0.3129064516,0.5435540479,0,-0.01515327228,5.568170751,-6.252330124
12.21,-75.22109793,0.01478349504,0.3136528316,0.5429233093,0,-0.01522787579,5.564273782,-6.25022938
12.22,-75.21407675,0.01479627163,0.3143978913,0.5422937927,0,-0.01530280037,5.560371729,-6.248123024
12.23,-75.20703685,0.01480909378,0.3151416322,0.5416654965,0,-0.01537804807,5.556464622,-6.246011056
12.24,-75.19997826,0.01482196159,0.3158840556,0.541038419,0,-0.01545362095,5.552552495,-6.243893477
12.25,-75.19290096,0.01483487515,0.316625163,0.5404125583,0,-0.01552952108,5.548635379,-6.241770288
12.26,-75.18580497,0.01484783456,0.3173649559,0.5397879129,0,-0.01560575056,5.544713308,-6.239641491
12.27,-75.17869028,0.0148608399,0.3181034356,0.539164481,0,-0.01568231146,5.540786315,-6.237507085
12.28,-75.17155691,0.01487389127,0.3188406035,0.538542261,0,-0.0157592059,5.536854432,-6.235367073
12.29,-75.16440485,0.01488698877,0.3195764611,0.537921251,0,-0.015836436,5.532917693,-6.233221455
12.3,-75.15723411,0.01490013248,0.3203110098,0.5373014495,0,-0.01591400387,5.528976132,-6.231070232
12.31,-75.15004469,0.01491332251,0.321044251,0.5366828547,0,-0.01599191167,5.525029781,-6.228913406
12.32,-75.1428366,0.01492655895,0.3217761861,0.536065465,0,-0.01607016153,5.521078675,-6.226750979
12.33,-75.13560984,0.01493984188,0.3225068166,0.5354492787,0,-0.01614875561,5.517122847,-6.224582952
12.34,-75.12836442,0.01495317141,0.3232361437,0.5348342941,0,-0.0162276961,5.513162332,-6.222409327
12.35,-75.12110035,0.01496654762,0.323964169,0.5342205094,0,-0.01630698516,5.509197164,-6.220230105
12.36,-75.11381763,0.01497997061,0.3246908939,0.5336079231,0,-0.016386625,5.505227377,-6.218045288
12.37,-75.10651626,0.01499344048,0.3254163197,0.5329965335,0,-0.01646661781,5.501253005,-6.215854878
12.38,-75.09919626,0.01500695731,0.3261404479,0.5323863389,0,-0.01654696582,5.497274085,-6.213658877
12.39,-75.09185763,0.01502052119,0.3268632799,0.5317773376,0,-0.01662767124,5.493290649,-6.211457288
12.4,-75.08450037,0.01503413222,0.3275848171,0.531169528,0,-0.01670873632,5.489302734,-6.209250112
12.41,-75.07712451,0.0150477905,0.3283050608,0.5305629085,0,-0.01679016331,5.485310374,-6.207037352
12.42,-75.06973003,0.01506149611,0.3290240125,0.5299574772,0,-0.01687195447,5.481313605,-6.20481901
12.43,-75.06231696,0.01507524915,0.3297416736,0.5293532327,0,-0.01695411206,5.477312462,-6.202595089
12.44,-75.0548853,0.0150890497,0.3304580455,0.5287501733,0,-0.01703663838,5.473306981,-6.200365591
12.45,-75.04743506,0.01510289786,0.3311731295,0.5281482972,0,-0.01711953571,5.469297197,-6.198130518
12.46,-75.03996625,0.01511679373,0.3318869272,0.5275476029,0,-0.01720280637,5.465283147,-6.195889874
12.47,-75.03247887,0.01513073738,0.3325994398,0.5269480888,0,-0.01728645266,5.461264866,-6.193643662
12.48,-75.02497295,0.01514472892,0.3333106688,0.5263497531,0,-0.01737047693,5.457242391,-6.191391884
12.49,-75.01744848,0.01515876843,0.3340206156,0.5257525943,0,-0.01745488151,5.453215757,-6.189134543
12.5,-75.00990548,0.01517285601,0.3347292815,0.5251566108,0,-0.01753966875,5.449185002,-6.186871643
12.51,-75.00234395,0.01518699174,0.335436668,0.5245618008,0,-0.01762484102,5.445150161,-6.184603186
12.52,-74.99476392,0.01520117572,0.3361427764,0.5239681628,0,-0.0177104007,5.441111272,-6.182329177
12.53,-74.98716539,0.01521540803,0.3368476082,0.5233756951,0,-0.01779635017,5.437068371,-6.180049618
12.54,-74.97954838,0.01522968877,0.3375511647,0.5227843961,0,-0.01788269183,5.433021496,-6.177764513
12.55,-74.97191288,0.01524401802,0.3382534473,0.5221942643,0,-0.0179694281,5.428970682,-6.175473865
12.56,-74.96425893,0.01525839588,0.3389544574,0.521605298,0,-0.01805656139,5.424915968,-6.173177678
12.57,-74.95658652,0.01527282243,0.3396541964,0.5210174955,0,-0.01814409414,5.420857391,-6.170875956
12.58,-74.94889568,0.01528729776,0.3403526657,0.5204308553,0,-0.01823202881,5.416794989,-6.168568703
12.59,-74.94118641,0.01530182196,0.3410498666,0.5198453758,0,-0.01832036785,5.412728798,-6.166255923
12.6,-74.93345873,0.01531639512,0.3417458006,0.5192610554,0,-0.01840911373,5.408658856,-6.16393762
12.61,-74.92571266,0.01533101733,0.3424404691,0.5186778924,0,-0.01849826893,5.404585202,-6.161613797
12.62,-74.9179482,0.01534568868,0.3431338733,0.5180958853,0,-0.01858783595,5.400507873,-6.15928446
12.63,-74.91016537,0.01536040925,0.3438260147,0.5175150325,0,-0.01867781731,5.396426908,-6.156949612
12.64,-74.90236419,0.01537517913,0.3445168947,0.5169353323,0,-0.01876821551,5.392342344,-6.154609258
12.65,-74.89454468,0.01538999841,0.3452065147,0.5163567833,0,-0.0188590331,5.38825422,-6.152263403
12.66,-74.88670684,0.01540486717,0.3458948759,0.5157793838,0,-0.01895027262,5.384162574,-6.149912051
12.67,-74.87885069,0.01541978551,0.3465819799,0.5152031322,0,-0.01904193662,5.380067444,-6.147555206
12.68,-74.87097625,0.0154347535,0.347267828,0.5146280269,0,-0.01913402767,5.37596887,-6.145192874
12.69,-74.86308353,0.01544977124,0.3479524215,0.5140540664,0,-0.01922654837,5.37186689,-6.14282506
12.7,-74.85517256,0.01546483881,0.3486357618,0.5134812491,0,-0.01931950129,5.367761542,-6.140451767
12.71,-74.84724334,0.01547995629,0.3493178504,0.5129095735,0,-0.01941288906,5.363652867,-6.138073003
12.72,-74.8392959,0.01549512378,0.3499986885,0.5123390379,0,-0.01950671428,5.359540902,-6.135688771
12.73,-74.83133026,0.01551034135,0.3506782776,0.5117696408,0,-0.0196009796,5.355425687,-6.133299077
12.74,-74.82334642,0.01552560909,0.351356619,0.5112013806,0,-0.01969568766,5.351307261,-6.130903927
12.75,-74.81534442,0.01554092709,0.3520337141,0.5106342558,0,-0.01979084111,5.347185664,-6.128503325
12.76,-74.80732426,0.01555629543,0.3527095643,0.5100682648,0,-0.01988644264,5.343060935,-6.126097277
12.77,-74.79928597,0.0155717142,0.3533841709,0.509503406,0,-0.01998249491,5.338933113,-6.12368579
12.78,-74.79122956,0.01558718347,0.3540575353,0.508939678,0,-0.02007900063,5.334802239,-6.121268868
12.79,-74.78315506,0.01560270333,0.3547296588,0.5083770791,0,-0.02017596251,5.330668351,-6.118846518
12.8,-74.77506249,0.01561827387,0.3554005429,0.5078156078,0,-0.02027338328,5.32653149,-6.116418746
12.81,-74.76695185,0.01563389516,0.3560701889,0.5072552625,0,-0.02037126565,5.322391696,-6.113985556
12.82,-74.75882319,0.0156495673,0.3567385981,0.5066960418,0,-0.0204696124,5.318249008,-6.111546957
12.83,-74.75067651,0.01566529036,0.357405772,0.5061379441,0,-0.02056842627,5.314103467,-6.109102953
12.84,-74.74251184,0.01568106442,0.3580717118,0.5055809678,0,-0.02066771004,5.309955113,-6.106653552
12.85,-74.73432919,0.01569688956,0.358736419,0.5050251114,0,-0.02076746651,5.305803987,-6.104198758
12.86,-74.7261286,0.01571276588,0.3593998949,0.5044703734,0,-0.02086769847,5.301650128,-6.10173858
12.87,-74.71791008,0.01572869344,0.3600621408,0.5039167522,0,-0.02096840873,5.297493577,-6.099273024
12.88,-74.70967365,0.01574467233,0.3607231582,0.5033642464,0,-0.02106960013,5.293334374,-6.096802095
12.89,-74.70141934,0.01576070262,0.3613829484,0.5028128543,0,-0.02117127551,5.289172561,-6.094325802
12.9,-74.69314717,0.01577678441,0.3620415127,0.5022625745,0,-0.02127343772,5.285008178,-6.091844151
12.91,-74.68485716,0.01579291777,0.3626988525,0.5017134055,0,-0.02137608962,5.280841265,-6.089357148
12.92,-74.67654934,0.01580910277,0.3633549691,0.5011653457,0,-0.02147923411,5.276671864,-6.086864801
12.93,-74.66822372,0.0158253395,0.364009864,0.5006183937,0,-0.02158287408,5.272500015,-6.084367117
12.94,-74.65988035,0.01584162803,0.3646635384,0.5000725479,0,-0.02168701244,5.26832576,-6.081864104
12.95,-74.65151923,0.01585796845,0.3653159938,0.4995278067,0,-0.0217916521,5.264149139,-6.079355768
12.96,-74.64314039,0.01587436083,0.3659672314,0.4989841688,0,-0.02189679601,5.259970194,-6.076842116
12.97,-74.63474386,0.01589080525,0.3666172526,0.4984416326,0,-0.02200244712,5.255788966,-6.074323158
12.98,-74.62632966,0.01590730179,0.3672660588,0.4979001966,0,-0.02210860838,5.251605496,-6.071798899
12.99,-74.61789783,0.01592385052,0.3679136513,0.4973598593,0,-0.02221528278,5.247419825,-6.069269348
13,-74.60944838,0.01594045152,0.3685600316,0.4968206191,0,-0.02232247332,5.243231996,-6.066734513
13.01,-74.60098134,0.01595710487,0.3692052008,0.4962824747,0,-0.02243018298,5.239042049,-6.064194401
13.02,-74.59249673,0.01597381064,0.3698491604,0.4957454245,0,-0.0225384148,5.234850026,-6.06164902
13.03,-74.5839946,0.01599056891,0.3704919117,0.4952094671,0,-0.02264717181,5.230655969,-6.059098379
13.04,-74.57547495,0.01600737975,0.3711334561,0.4946746009,0,-0.02275645706,5.226459919,-6.056542486
13.05,-74.56693783,0.01602424324,0.3717737949,0.4941408244,0,-0.02286627359,5.222261918,-6.053981348
13.06,-74.55838325,0.01604115946,0.3724129294,0.4936081363,0,-0.02297662451,5.218062007,-6.051414974
13.07,-74.54981124,0.01605812847,0.3730508611,0.4930765349,0,-0.02308751288,5.21386023,-6.048843373
13.08,-74.54122184,0.01607515035,0.3736875911,0.4925460189,0,-0.02319894182,5.209656627,-6.046266553
13.09,-74.53261508,0.01609222518,0.374323121,0.4920165867,0,-0.02331091444,5.205451241,-6.043684523
13.1,-74.52399097,0.01610935302,0.374957452,0.4914882369,0,-0.02342343388,5.201244113,-6.041097291
13.11,-74.51534955,0.01612653396,0.3755905855,0.490960968,0,-0.02353650329,5.197035286,-6.038504866
13.12,-74.50669086,0.01614376805,0.3762225228,0.4904347785,0,-0.02365012582,5.192824802,-6.035907257
13.13,-74.49801491,0.01616105538,0.3768532652,0.4899096671,0,-0.02376430465,5.188612702,-6.033304474
13.14,-74.48932175,0.01617839602,0.3774828142,0.4893856321,0,-0.02387904297,5.18439903,-6.030696524
13.15,-74.48061139,0.01619579003,0.378111171,0.4888626722,0,-0.02399434398,5.180183827,-6.028083417
13.16,-74.47188388,0.01621323749,0.3787383369,0.4883407859,0,-0.02411021091,5.175967136,-6.025465163
13.17,-74.46313924,0.01623073847,0.3793643133,0.4878199718,0,-0.02422664699,5.171748999,-6.022841771
13.18,-74.4543775,0.01624829304,0.3799891016,0.4873002283,0,-0.02434365546,5.167529458,-6.02021325
13.19,-74.4455987,0.01626590126,0.3806127031,0.4867815541,0,-0.02446123959,5.163308556,-6.01757961
13.2,-74.43680286,0.01628356321,0.3812351191,0.4862639476,0,-0.02457940266,5.159086336,-6.014940859
13.21,-74.42799003,0.01630127896,0.3818563509,0.4857474075,0,-0.02469814796,5.154862839,-6.012297009
13.22,-74.41916023,0.01631904857,0.3824763999,0.4852319324,0,-0.02481747879,5.150638109,-6.009648069
13.23,-74.41031349,0.01633687211,0.3830952675,0.4847175206,0,-0.02493739849,5.146412188,-6.006994048
13.24,-74.40144986,0.01635474965,0.3837129549,0.4842041709,0,-0.02505791037,5.142185119,-6.004334957
13.25,-74.39256935,0.01637268125,0.3843294634,0.4836918818,0,-0.02517901781,5.137956943,-6.001670805
13.26,-74.38367201,0.01639066699,0.3849447945,0.4831806518,0,-0.02530072416,5.133727705,-5.999001603
13.27,-74.37475787,0.01640870693,0.3855589494,0.4826704796,0,-0.0254230328,5.129497446,-5.99632736
13.28,-74.36582696,0.01642680114,0.3861719296,0.4821613636,0,-0.02554594713,5.12526621,-5.993648088
13.29,-74.35687932,0.01644494967,0.3867837362,0.4816533025,0,-0.02566947057,5.121034039,-5.990963797
13.3,-74.34791499,0.0164631526,0.3873943706,0.4811462948,0,-0.02579360654,5.116800975,-5.988274497
13.31,-74.33893399,0.01648140999,0.3880038342,0.4806403391,0,-0.02591835848,5.112567063,-5.985580198
13.32,-74.32993637,0.01649972191,0.3886121283,0.480135434,0,-0.02604372985,5.108332344,-5.982880911
13.33,-74.32092216,0.01651808842,0.3892192542,0.4796315781,0,-0.02616972412,5.104096861,-5.980176648
13.34,-74.31189139,0.01653650957,0.3898252133,0.47912877,0,-0.02629634477,5.099860658,-5.977467418
13.35,-74.30284411,0.01655498544,0.3904300068,0.4786270081,0,-0.02642359532,5.095623776,-5.974753233
13.36,-74.29378034,0.01657351609,0.3910336361,0.4781262912,0,-0.02655147928,5.09138626,-5.972034103
13.37,-74.28470013,0.01659210158,0.3916361025,0.4776266178,0,-0.02668000018,5.087148152,-5.96931004
13.38,-74.27560352,0.01661074196,0.3922374074,0.4771279865,0,-0.02680916157,5.082909495,-5.966581055
13.39,-74.26649053,0.01662943731,0.392837552,0.4766303959,0,-0.02693896702,5.078670332,-5.96384716
13.4,-74.25736122,0.01664818769,0.3934365377,0.4761338445,0,-0.0270694201,5.074430706,-5.961108365
13.41,-74.2482156,0.01666699314,0.3940343658,0.4756383311,0,-0.02720052441,5.07019066,-5.958364681
13.42,-74.23905374,0.01668585374,0.3946310377,0.4751438541,0,-0.02733228356,5.065950236,-5.955616121
13.43,-74.22987565,0.01670476954,0.3952265546,0.4746504123,0,-0.02746470117,5.061709478,-5.952862696
13.44,-74.22068139,0.0167237406,0.3958209179,0.4741580041,0,-0.0275977809,5.05746843,-5.950104417
13.45,-74.21147099,0.01674276698,0.3964141288,0.4736666282,0,-0.02773152639,5.053227133,-5.947341297
13.46,-74.20224449,0.01676184873,0.3970061888,0.4731762832,0,-0.02786594131,5.048985631,-5.944573347
13.47,-74.19300193,0.01678098592,0.3975970991,0.4726869678,0,-0.02800102937,5.044743967,-5.941800579
13.48,-74.18374335,0.0168001786,0.398186861,0.4721986804,0,-0.02813679425,5.040502184,-5.939023005
13.49,-74.17446879,0.01681942684,0.3987754759,0.4717114198,0,-0.02827323969,5.036260324,-5.936240638
13.5,-74.16517829,0.01683873067,0.3993629451,0.4712251846,0,-0.02841036941,5.032018432,-5.933453488
13.51,-74.1558719,0.01685809017,0.3999492699,0.4707399733,0,-0.02854818717,5.02777655,-5.930661569
13.52,-74.14654964,0.01687750538,0.4005344516,0.4702557847,0,-0.02868669674,5.02353472,-5.927864893
13.53,-74.13721157,0.01689697636,0.4011184915,0.4697726172,0,-0.0288259019,5.019292987,-5.925063472
13.54,-74.12785773,0.01691650316,0.4017013909,0.4692904696,0,-0.02896580644,5.015051392,-5.922257319
13.55,-74.11848815,0.01693608584,0.4022831512,0.4688093404,0,-0.02910641419,5.01080998,-5.919446446
13.56,-74.10910289,0.01695572445,0.4028637737,0.4683292284,0,-0.02924772897,5.006568792,-5.916630866
13.57,-74.09970197,0.01697541905,0.4034432596,0.467850132,0,-0.02938975463,5.002327872,-5.913810591
13.58,-74.09028545,0.01699516968,0.4040216103,0.4673720501,0,-0.02953249504,4.998087264,-5.910985635
13.59,-74.08085337,0.0170149764,0.4045988271,0.4668949811,0,-0.02967595407,4.993847008,-5.90815601
13.6,-74.07140577,0.01703483926,0.4051749114,0.4664189237,0,-0.02982013562,4.98960715,-5.90532173
13.61,-74.06194269,0.0170547583,0.4057498643,0.4659438766,0,-0.02996504361,4.985367731,-5.902482807
13.62,-74.05246418,0.01707473359,0.4063236873,0.4654698383,0,-0.03011068194,4.981128795,-5.899639254
13.63,-74.04297028,0.01709476517,0.4068963816,0.4649968077,0,-0.03025705458,4.976890384,-5.896791084
13.64,-74.03346104,0.01711485308,0.4074679485,0.4645247832,0,-0.03040416549,4.972652542,-5.893938311
13.65,-74.0239365,0.01713499739,0.4080383895,0.4640537635,0,-0.03055201862,4.96841531,-5.891080949
13.66,-74.0143967,0.01715519813,0.4086077056,0.4635837473,0,-0.03070061799,4.964178733,-5.88821901
13.67,-74.00484169,0.01717545535,0.4091758984,0.4631147332,0,-0.03084996759,4.959942852,-5.885352508
13.68,-73.99527152,0.0171957691,0.409742969,0.4626467199,0,-0.03100007146,4.95570771,-5.882481457
13.69,-73.98568623,0.01721613944,0.4103089188,0.462179706,0,-0.03115093363,4.951473351,-5.87960587
13.7,-73.97608587,0.01723656639,0.410873749,0.4617136902,0,-0.03130255816,4.947239817,-5.876725761
13.71,-73.96647048,0.01725705001,0.4114374611,0.4612486712,0,-0.03145494912,4.94300715,-5.873841143
13.72,-73.95684011,0.01727759035,0.4120000562,0.4607846475,0,-0.03160811061,4.938775393,-5.870952032
13.73,-73.9471948,0.01729818745,0.4125615358,0.4603216179,0,-0.03176204673,4.93454459,-5.868058439
13.74,-73.9375346,0.01731884135,0.413121901,0.459859581,0,-0.03191676161,4.930314781,-5.865160381
13.75,-73.92785957,0.0173395521,0.4136811532,0.4593985355,0,-0.03207225937,4.926086011,-5.86225787
13.76,-73.91816974,0.01736031974,0.4142392938,0.45893848,0,-0.03222854419,4.921858322,-5.859350921
13.77,-73.90846516,0.01738114431,0.4147963239,0.4584794132,0,-0.03238562022,4.917631755,-5.856439548
13.78,-73.89874588,0.01740202586,0.415352245,0.4580213338,0,-0.03254349167,4.913406354,-5.853523765
13.79,-73.88901196,0.01742296442,0.4159070582,0.4575642405,0,-0.03270216272,4.90918216,-5.850603587
13.8,-73.87926343,0.01744396004,0.4164607649,0.4571081319,0,-0.03286163762,4.904959217,-5.847679029
13.81,-73.86950034,0.01746501275,0.4170133665,0.4566530066,0,-0.03302192059,4.900737566,-5.844750103
13.82,-73.85972276,0.01748612261,0.4175648641,0.4561988635,0,-0.03318301589,4.896517251,-5.841816827
13.83,-73.84993071,0.01750728963,0.4181152591,0.4557457011,0,-0.03334492779,4.892298312,-5.838879213
13.84,-73.84012426,0.01752851388,0.4186645529,0.4552935181,0,-0.03350766059,4.888080793,-5.835937277
13.85,-73.83030344,0.01754979538,0.4192127466,0.4548423132,0,-0.03367121857,4.883864735,-5.832991033
13.86,-73.82046832,0.01757113416,0.4197598416,0.4543920851,0,-0.03383560607,4.87965018,-5.830040496
13.87,-73.81061894,0.01759253028,0.4203058392,0.4539428325,0,-0.03400082743,4.875437172,-5.827085682
13.88,-73.80075535,0.01761398376,0.4208507406,0.453494554,0,-0.03416688699,4.871225751,-5.824126605
13.89,-73.7908776,0.01763549464,0.4213945472,0.4530472484,0,-0.03433378913,4.867015959,-5.821163281
13.9,-73.78098575,0.01765706296,0.4219372603,0.4526009143,0,-0.03450153824,4.862807839,-5.818195724
13.91,-73.77107983,0.01767868875,0.4224788812,0.4521555504,0,-0.03467013872,4.858601432,-5.815223949
13.92,-73.76115991,0.01770037204,0.4230194111,0.4517111554,0,-0.034839595,4.85439678,-5.812247973
13.93,-73.75122603,0.01772211287,0.4235588513,0.4512677281,0,-0.03500991151,4.850193926,-5.80926781
13.94,-73.74127825,0.01774391128,0.4240972032,0.4508252671,0,-0.0351810927,4.84599291,-5.806283475
13.95,-73.73131662,0.01776576729,0.4246344679,0.450383771,0,-0.03535314306,4.841793774,-5.803294985
13.96,-73.72134118,0.01778768093,0.425170647,0.4499432387,0,-0.03552606706,4.837596559,-5.800302354
13.97,-73.711352,0.01780965225,0.4257057415,0.4495036688,0,-0.03569986921,4.833401308,-5.797305599
13.98,-73.70134912,0.01783168126,0.4262397528,0.4490650599,0,-0.03587455404,4.829208062,-5.794304735
13.99,-73.69133259,0.017853768,0.4267726822,0.4486274109,0,-0.03605012608,4.825016862,-5.791299777
14,-73.68130247,0.0178759125,0.4273045309,0.4481907204,0,-0.0362265899,4.820827749,-5.788290742
14.01,-73.67125882,0.01789811479,0.4278353003,0.4477549871,0,-0.03640395005,4.816640765,-5.785277645
14.02,-73.66120167,0.0179203749,0.4283649917,0.4473202098,0,-0.03658221113,4.812455951,-5.782260502
14.03,-73.6511311,0.01794269285,0.4288936063,0.446886387,0,-0.03676137775,4.808273348,-5.77923933
14.04,-73.64104714,0.01796506867,0.4294211454,0.4464535177,0,-0.03694145453,4.804092997,-5.776214143
14.05,-73.63094986,0.01798750239,0.4299476104,0.4460216004,0,-0.03712244611,4.79991494,-5.773184959
14.06,-73.62083931,0.01800999404,0.4304730024,0.4455906338,0,-0.03730435715,4.795739216,-5.770151794
14.07,-73.61071554,0.01803254363,0.4309973228,0.4451606168,0,-0.03748719231,4.791565867,-5.767114663
14.08,-73.60057861,0.01805515121,0.4315205728,0.444731548,0,-0.03767095629,4.787394934,-5.764073583
14.09,-73.59042857,0.01807781678,0.4320427538,0.4443034261,0,-0.0378556538,4.783226457,-5.761028571
14.1,-73.58026547,0.01810054038,0.4325638671,0.4438762498,0,-0.03804128957,4.779060477,-5.757979642
14.11,-73.57008938,0.01812332202,0.4330839138,0.4434500179,0,-0.03822786832,4.774897035,-5.754926814
14.12,-73.55990034,0.01814616174,0.4336028953,0.4430247292,0,-0.03841539482,4.770736171,-5.751870102
14.13,-73.54969841,0.01816905954,0.4341208129,0.4426003822,0,-0.03860387384,4.766577926,-5.748809523
14.14,-73.53948365,0.01819201546,0.4346376679,0.4421769758,0,-0.03879331018,4.762422339,-5.745745095
14.15,-73.52925611,0.01821502952,0.4351534615,0.4417545086,0,-0.03898370864,4.758269451,-5.742676832
14.16,-73.51901585,0.01823810172,0.435668195,0.4413329795,0,-0.03917507405,4.754119303,-5.739604754
14.17,-73.50876292,0.01826123211,0.4361818697,0.4409123871,0,-0.03936741125,4.749971934,-5.736528875
14.18,-73.49849738,0.01828442068,0.4366944868,0.4404927302,0,-0.0395607251,4.745827384,-5.733449213
14.19,-73.48821928,0.01830766747,0.4372060478,0.4400740075,0,-0.03975502047,4.741685694,-5.730365785
14.2,-73.47792869,0.01833097248,0.4377165537,0.4396562177,0,-0.03995030225,4.737546903,-5.727278608
14.21,-73.46762566,0.01835433574,0.438226006,0.4392393596,0,-0.04014657536,4.73341105,-5.724187699
14.22,-73.45731025,0.01837775727,0.4387344058,0.4388234319,0,-0.04034384472,4.729278176,-5.721093075
14.23,-73.44698251,0.01840123707,0.4392417545,0.4384084333,0,-0.04054211528,4.725148321,-5.717994752
14.24,-73.4366425,0.01842477517,0.4397480533,0.4379943627,0,-0.04074139198,4.721021523,-5.714892749
14.25,-73.42629027,0.01844837158,0.4402533036,0.4375812186,0,-0.04094167981,4.716897822,-5.711787082
14.26,-73.4159259,0.01847202631,0.4407575065,0.437169,0,-0.04114298377,4.712777258,-5.708677769
14.27,-73.40554942,0.01849573937,0.4412606634,0.4367577055,0,-0.04134530886,4.708659869,-5.705564827
14.28,-73.39516091,0.01851951078,0.4417627755,0.4363473338,0,-0.0415486601,4.704545695,-5.702448273
14.29,-73.38476042,0.01854334056,0.4422638441,0.4359378838,0,-0.04175304254,4.700434775,-5.699328125
14.3,-73.374348,0.01856722871,0.4427638705,0.4355293541,0,-0.04195846125,4.696327148,-5.696204401
14.31,-73.36392372,0.01859117524,0.4432628559,0.4351217436,0,-0.04216492129,4.692222852,-5.693077117
14.32,-73.35348764,0.01861518016,0.4437608017,0.4347150509,0,-0.04237242776,4.688121927,-5.689946292
14.33,-73.34303981,0.01863924349,0.4442577091,0.4343092749,0,-0.04258098578,4.684024411,-5.686811942
14.34,-73.33258029,0.01866336523,0.4447535793,0.4339044142,0,-0.04279060046,4.679930342,-5.683674086
14.35,-73.32210914,0.01868754539,0.4452484136,0.4335004676,0,-0.04300127695,4.67583976,-5.680532742
14.36,-73.31162642,0.01871178398,0.4457422134,0.433097434,0,-0.04321302041,4.671752702,-5.677387927
14.37,-73.30113219,0.01873608101,0.4462349798,0.432695312,0,-0.04342583601,4.667669208,-5.674239658
14.38,-73.29062652,0.01876043648,0.4467267141,0.4322941004,0,-0.04363972896,4.663589314,-5.671087955
14.39,-73.28010945,0.01878485039,0.4472174177,0.4318937979,0,-0.04385470446,4.659513059,-5.667932834
14.4,-73.26958105,0.01880932276,0.4477070917,0.4314944035,0,-0.04407076773,4.655440481,-5.664774314
14.41,-73.25904138,0.01883385358,0.4481957375,0.4310959157,0,-0.04428792401,4.651371618,-5.661612413
14.42,-73.24849049,0.01885844287,0.4486833562,0.4306983333,0,-0.04450617858,4.647306508,-5.658447148
14.43,-73.23792846,0.01888309062,0.4491699493,0.4303016552,0,-0.0447255367,4.643245188,-5.655278538
14.44,-73.22735533,0.01890779684,0.4496555178,0.4299058801,0,-0.04494600366,4.639187697,-5.6521066
14.45,-73.21677118,0.01893256153,0.4501400632,0.4295110067,0,-0.04516758477,4.63513407,-5.648931354
14.46,-73.20617606,0.01895738468,0.4506235866,0.4291170339,0,-0.04539028536,4.631084347,-5.645752817
14.47,-73.19557003,0.01898226631,0.4511060894,0.4287239604,0,-0.04561411077,4.627038563,-5.642571008
14.48,-73.18495315,0.01900720641,0.4515875728,0.4283317849,0,-0.04583906636,4.622996757,-5.639385944
14.49,-73.17432548,0.01903220497,0.4520680379,0.4279405064,0,-0.0460651575,4.618958964,-5.636197644
14.5,-73.16368709,0.01905726201,0.4525474863,0.4275501234,0,-0.04629238958,4.614925223,-5.633006127
14.51,-73.15303804,0.01908237751,0.4530259189,0.4271606348,0,-0.046520768,4.61089557,-5.629811411
14.52,-73.14237838,0.01910755148,0.4535033373,0.4267720394,0,-0.0467502982,4.606870041,-5.626613514
14.53,-73.13170818,0.0191327839,0.4539797425,0.426384336,0,-0.0469809856,4.602848673,-5.623412454
14.54,-73.1210275,0.01915807478,0.4544551358,0.4259975233,0,-0.04721283567,4.598831503,-5.620208251
14.55,-73.11033641,0.01918342411,0.4549295186,0.4256116001,0,-0.04744585387,4.594818567,-5.617000923
14.56,-73.09963496,0.01920883189,0.455402892,0.4252265653,0,-0.04768004569,4.590809901,-5.613790488
14.57,-73.08892322,0.01923429811,0.4558752574,0.4248424175,0,-0.04791541663,4.586805542,-5.610576965
14.58,-73.07820124,0.01925982276,0.456346616,0.4244591555,0,-0.04815197222,4.582805525,-5.607360373
14.59,-73.0674691,0.01928540584,0.456816969,0.4240767783,0,-0.04838971799,4.578809886,-5.604140731
14.6,-73.05672685,0.01931104734,0.4572863176,0.4236952844,0,-0.04862865949,4.574818661,-5.600918056
14.61,-73.04597456,0.01933674724,0.4577546633,0.4233146728,0,-0.04886880228,4.570831886,-5.597692369
14.62,-73.03521229,0.01936250555,0.4582220071,0.4229349422,0,-0.04911015195,4.566849596,-5.594463687
14.63,-73.0244401,0.01938832224,0.4586883505,0.4225560915,0,-0.04935271411,4.562871827,-5.59123203
14.64,-73.01365805,0.01941419731,0.4591536945,0.4221781193,0,-0.04959649435,4.558898614,-5.587997416
14.65,-73.00286621,0.01944013075,0.4596180405,0.4218010245,0,-0.04984149831,4.554929992,-5.584759864
14.66,-72.99206465,0.01946612255,0.4600813897,0.4214248059,0,-0.05008773165,4.550965996,-5.581519394
14.67,-72.98125341,0.01949217269,0.4605437434,0.4210494623,0,-0.05033520001,4.547006661,-5.578276024
14.68,-72.97043258,0.01951828115,0.4610051029,0.4206749924,0,-0.05058390908,4.543052023,-5.575029773
14.69,-72.9596022,0.01954444794,0.4614654693,0.4203013951,0,-0.05083386455,4.539102115,-5.57178066
14.7,-72.94876235,0.01957067302,0.4619248439,0.4199286692,0,-0.05108507212,4.535156972,-5.568528705
14.71,-72.93791309,0.01959695639,0.462383228,0.4195568135,0,-0.05133753753,4.53121663,-5.565273926
14.72,-72.92705447,0.01962329802,0.4628406229,0.4191858267,0,-0.0515912665,4.527281121,-5.562016342
14.73,-72.91618658,0.01964969791,0.4632970297,0.4188157077,0,-0.0518462648,4.52335048,-5.558755973
14.74,-72.90530946,0.01967615603,0.4637524497,0.4184464553,0,-0.05210253819,4.519424742,-5.555492838
14.75,-72.89442319,0.01970267236,0.4642068842,0.4180780682,0,-0.05236009246,4.51550394,-5.552226956
14.76,-72.88352782,0.01972924689,0.4646603344,0.4177105453,0,-0.0526189334,4.511588108,-5.548958346
14.77,-72.87262342,0.0197558796,0.4651128016,0.4173438854,0,-0.05287906684,4.50767728,-5.545687027
14.78,-72.86171006,0.01978257047,0.465564287,0.4169780874,0,-0.0531404986,4.50377149,-5.542413019
14.79,-72.8507878,0.01980931947,0.4660147919,0.4166131499,0,-0.05340323452,4.49987077,-5.539136341
14.8,-72.83985671,0.01983612659,0.4664643175,0.4162490718,0,-0.05366728047,4.495975154,-5.535857013
14.81,-72.82891684,0.0198629918,0.466912865,0.4158858519,0,-0.05393264232,4.492084676,-5.532575053
14.82,-72.81796827,0.01988991507,0.4673604357,0.4155234891,0,-0.05419932597,4.488199368,-5.529290481
14.83,-72.80701106,0.0199168964,0.4678070308,0.4151619821,0,-0.05446733731,4.484319263,-5.526003317
14.84,-72.79604526,0.01994393574,0.4682526516,0.4148013297,0,-0.05473668226,4.480444395,-5.522713579
14.85,-72.78507096,0.01997103308,0.4686972994,0.4144415308,0,-0.05500736676,4.476574795,-5.519421288
14.86,-72.77408821,0.01999818838,0.4691409753,0.4140825842,0,-0.05527939676,4.472710496,-5.516126463
14.87,-72.76309707,0.02002540163,0.4695836805,0.4137244888,0,-0.05555277822,4.468851532,-5.512829122
14.88,-72.75209762,0.0200526728,0.4700254165,0.4133672432,0,-0.05582751712,4.464997933,-5.509529287
14.89,-72.74108992,0.02008000185,0.4704661843,0.4130108463,0,-0.05610361944,4.461149732,-5.506226976
14.9,-72.73007403,0.02010738876,0.4709059852,0.412655297,0,-0.0563810912,4.457306961,-5.502922208
14.91,-72.71905001,0.02013483351,0.4713448205,0.4123005941,0,-0.05665993841,4.453469652,-5.499615004
14.92,-72.70801794,0.02016233605,0.4717826913,0.4119467364,0,-0.05694016711,4.449637837,-5.496305383
14.93,-72.69697788,0.02018989636,0.472219599,0.4115937226,0,-0.05722178335,4.445811547,-5.492993364
14.94,-72.68592989,0.02021751441,0.4726555448,0.4112415517,0,-0.05750479319,4.441990814,-5.489678968
14.95,-72.67487404,0.02024519016,0.4730905299,0.4108902225,0,-0.05778920271,4.438175669,-5.486362213
14.96,-72.6638104,0.02027292359,0.4735245555,0.4105397338,0,-0.05807501799,4.434366143,-5.48304312
14.97,-72.65273903,0.02030071466,0.4739576229,0.4101900843,0,-0.05836224514,4.430562267,-5.479721708
14.98,-72.64165999,0.02032856333,0.4743897333,0.409841273,0,-0.05865089028,4.426764073,-5.476397996
14.99,-72.63057335,0.02035646957,0.474820888,0.4094932987,0,-0.05894095954,4.42297159,-5.473072005
15,-72.61947918,0.02038443335,0.4752510881,0.4091461602,0,-0.05923245906,4.41918485,-5.469743755
15.01,-72.60837755,0.02041245462,0.4756803349,0.4087998562,0,-0.05952539501,4.415403883,-5.466413264
15.02,-72.59726851,0.02044053336,0.4761086297,0.4084543858,0,-0.05981977355,4.41162872,-5.463080553
15.03,-72.58615214,0.02046866952,0.4765359736,0.4081097476,0,-0.06011560087,4.40785939,-5.459745641
15.04,-72.57502849,0.02049686306,0.476962368,0.4077659405,0,-0.06041288317,4.404095924,-5.456408548
15.05,-72.56389765,0.02052511395,0.4773878139,0.4074229634,0,-0.06071162667,4.400338352,-5.453069294
15.06,-72.55275966,0.02055342215,0.4778123128,0.407080815,0,-0.06101183757,4.396586704,-5.449727899
15.07,-72.54161461,0.02058178761,0.4782358657,0.4067394943,0,-0.06131352213,4.392841008,-5.446384383
15.08,-72.53046255,0.0206102103,0.478658474,0.406399,0,-0.06161668659,4.389101295,-5.443038765
15.09,-72.51930355,0.02063869017,0.4790801387,0.406059331,0,-0.06192133721,4.385367595,-5.439691064
15.1,-72.50813767,0.02066722718,0.4795008613,0.4057204861,0,-0.06222748028,4.381639936,-5.436341302
15.11,-72.49696499,0.02069582129,0.4799206429,0.4053824642,0,-0.06253512208,4.377918347,-5.432989498
15.12,-72.48578557,0.02072447245,0.4803394847,0.4050452641,0,-0.0628442689,4.374202857,-5.429635671
15.13,-72.47459947,0.02075318061,0.4807573879,0.4047088846,0,-0.06315492708,4.370493496,-5.426279842
15.14,-72.46340677,0.02078194574,0.4811743539,0.4043733246,0,-0.06346710292,4.366790292,-5.42292203
15.15,-72.45220752,0.02081076779,0.4815903837,0.404038583,0,-0.06378080278,4.363093273,-5.419562256
15.16,-72.44100179,0.0208396467,0.4820054786,0.4037046585,0,-0.06409603299,4.359402468,-5.416200538
15.17,-72.42978966,0.02086858244,0.4824196399,0.40337155,0,-0.06441279992,4.355717905,-5.412836898
15.18,-72.41857118,0.02089757495,0.4828328688,0.4030392564,0,-0.06473110995,4.352039612,-5.409471354
15.19,-72.40734642,0.02092662419,0.4832451664,0.4027077764,0,-0.06505096946,4.348367617,-5.406103927
15.2,-72.39611546,0.0209557301,0.4836565341,0.402377109,0,-0.06537238485,4.344701948,-5.402734637
15.21,-72.38487834,0.02098489263,0.484066973,0.402047253,0,-0.06569536253,4.341042633,-5.399363503
15.22,-72.37363515,0.02101411174,0.4844764843,0.4017182073,0,-0.06601990892,4.337389699,-5.395990546
15.23,-72.36238595,0.02104338737,0.4848850694,0.4013899706,0,-0.06634603045,4.333743174,-5.392615785
15.24,-72.3511308,0.02107271947,0.4852927293,0.4010625419,0,-0.06667373357,4.330103084,-5.389239241
15.25,-72.33986978,0.02110210799,0.4856994653,0.4007359199,0,-0.06700302473,4.326469458,-5.385860933
15.26,-72.32860294,0.02113155286,0.4861052786,0.4004101036,0,-0.0673339104,4.322842321,-5.382480881
15.27,-72.31733035,0.02116105405,0.4865101705,0.4000850918,0,-0.06766639705,4.319221701,-5.379099105
15.28,-72.30605208,0.02119061149,0.4869141421,0.3997608833,0,-0.06800049117,4.315607624,-5.375715624
15.29,-72.2947682,0.02122022512,0.4873171947,0.399437477,0,-0.06833619927,4.312000117,-5.37233046
15.3,-72.28347877,0.02124989489,0.4877193295,0.3991148718,0,-0.06867352784,4.308399206,-5.368943632
15.31,-72.27218386,0.02127962075,0.4881205477,0.3987930665,0,-0.06901248342,4.304804917,-5.365555159
15.32,-72.26088354,0.02130940263,0.4885208505,0.3984720599,0,-0.06935307252,4.301217277,-5.362165062
15.33,-72.24957787,0.02133924047,0.4889202391,0.398151851,0,-0.0696953017,4.297636312,-5.358773361
15.34,-72.23826692,0.02136913423,0.4893187148,0.3978324385,0,-0.0700391775,4.294062047,-5.355380075
15.35,-72.22695075,0.02139908382,0.4897162787,0.3975138213,0,-0.07038470648,4.290494507,-5.351985224
15.36,-72.21562943,0.0214290892,0.4901129321,0.3971959984,0,-0.07073189522,4.286933719,-5.348588829
15.37,-72.20430303,0.02145915031,0.4905086761,0.3968789685,0,-0.0710807503,4.283379708,-5.345190909
15.38,-72.19297161,0.02148926707,0.4909035121,0.3965627305,0,-0.0714312783,4.279832499,-5.341791484
15.39,-72.18163525,0.02151943944,0.4912974411,0.3962472832,0,-0.07178348583,4.276292116,-5.338390574
15.4,-72.170294,0.02154966734,0.4916904644,0.3959326256,0,-0.07213737949,4.272758586,-5.334988199
15.41,-72.15894793,0.0215799507,0.4920825832,0.3956187565,0,-0.07249296591,4.269231932,-5.331584378
15.42,-72.14759711,0.02161028947,0.4924737987,0.3953056748,0,-0.07285025172,4.26571218,-5.328179133
15.43,-72.13624161,0.02164068359,0.4928641122,0.3949933792,0,-0.07320924354,4.262199353,-5.324772482
15.44,-72.12488148,0.02167113297,0.4932535248,0.3946818688,0,-0.07356994803,4.258693476,-5.321364445
15.45,-72.11351681,0.02170163756,0.4936420377,0.3943711423,0,-0.07393237185,4.255194574,-5.317955043
15.46,-72.10214765,0.02173219728,0.4940296521,0.3940611986,0,-0.07429652165,4.251702669,-5.314544295
15.47,-72.09077407,0.02176281208,0.4944163693,0.3937520367,0,-0.07466240411,4.248217787,-5.311132221
15.48,-72.07939613,0.02179348187,0.4948021904,0.3934436552,0,-0.07503002592,4.244739951,-5.30771884
15.49,-72.06801391,0.02182420659,0.4951871166,0.3931360532,0,-0.07539939375,4.241269185,-5.304304174
15.5,-72.05662747,0.02185498617,0.4955711492,0.3928292295,0,-0.07577051431,4.237805511,-5.300888241
15.51,-72.04523687,0.02188582054,0.4959542894,0.392523183,0,-0.0761433943,4.234348953,-5.297471061
15.52,-72.03384218,0.02191670963,0.4963365382,0.3922179124,0,-0.07651804044,4.230899535,-5.294052654
15.53,-72.02244347,0.02194765335,0.4967178971,0.3919134168,0,-0.07689445945,4.22745728,-5.290633041
15.54,-72.0110408,0.02197865165,0.4970983671,0.391609695,0,-0.07727265805,4.224022209,-5.28721224
15.55,-71.99963424,0.02200970444,0.4974779494,0.3913067458,0,-0.07765264299,4.220594346,-5.283790271
15.56,-71.98822385,0.02204081165,0.4978566452,0.3910045681,0,-0.07803442101,4.217173714,-5.280367155
15.57,-71.9768097,0.02207197321,0.4982344558,0.3907031608,0,-0.07841799885,4.213760335,-5.27694291
15.58,-71.96539186,0.02210318903,0.4986113824,0.3904025228,0,-0.07880338329,4.210354231,-5.273517558
15.59,-71.95397039,0.02213445905,0.498987426,0.3901026529,0,-0.07919058107,4.206955424,-5.270091117
15.6,-71.94254536,0.02216578318,0.499362588,0.38980355,0,-0.07957959897,4.203563937,-5.266663607
15.61,-71.93111683,0.02219716134,0.4997368695,0.3895052131,0,-0.07997044378,4.20017979,-5.263235048
15.62,-71.91968486,0.02222859347,0.5001102717,0.3892076409,0,-0.08036312228,4.196803006,-5.259805459
15.63,-71.90824954,0.02226007947,0.5004827958,0.3889108324,0,-0.08075764125,4.193433607,-5.256374861
15.64,-71.89681091,0.02229161926,0.5008544431,0.3886147864,0,-0.0811540075,4.190071613,-5.252943272
15.65,-71.88536904,0.02232321278,0.5012252146,0.3883195018,0,-0.08155222783,4.186717046,-5.249510713
15.66,-71.87392401,0.02235485992,0.5015951116,0.3880249775,0,-0.08195230905,4.183369927,-5.246077203
15.67,-71.86247587,0.02238656062,0.5019641352,0.3877312124,0,-0.08235425797,4.180030277,-5.242642762
15.68,-71.8510247,0.02241831479,0.5023322868,0.3874382053,0,-0.08275808141,4.176698117,-5.23920741
15.69,-71.83957055,0.02245012234,0.5026995673,0.3871459552,0,-0.08316378621,4.173373467,-5.235771165
15.7,-71.82811349,0.0224819832,0.5030659781,0.3868544608,0,-0.08357137919,4.170056348,-5.232334047
15.71,-71.81665359,0.02251389727,0.5034315204,0.3865637212,0,-0.08398086719,4.16674678,-5.228896077
15.72,-71.80519091,0.02254586447,0.5037961952,0.3862737352,0,-0.08439225705,4.163444784,-5.225457273
15.73,-71.79372552,0.02257788471,0.5041600039,0.3859845017,0,-0.08480555561,4.160150379,-5.222017655
15.74,-71.78225747,0.02260995791,0.5045229475,0.3856960195,0,-0.08522076973,4.156863585,-5.218577242
15.75,-71.77078685,0.02264208398,0.5048850273,0.3854082875,0,-0.08563790627,4.153584423,-5.215136055
15.76,-71.7593137,0.02267426283,0.5052462445,0.3851213047,0,-0.08605697208,4.150312911,-5.211694111
15.77,-71.74783811,0.02270649438,0.5056066002,0.3848350699,0,-0.08647797403,4.14704907,-5.208251432
15.78,-71.73636012,0.02273877852,0.5059660956,0.384549582,0,-0.08690091898,4.143792918,-5.204808036
15.79,-71.72487981,0.02277111517,0.5063247319,0.3842648399,0,-0.08732581381,4.140544475,-5.201363942
15.8,-71.71339724,0.02280350425,0.5066825103,0.3839808424,0,-0.08775266539,4.13730376,-5.197919171
15.81,-71.70191247,0.02283594565,0.507039432,0.3836975886,0,-0.0881814806,4.134070792,-5.19447374
15.82,-71.69042557,0.02286843929,0.5073954981,0.3834150772,0,-0.08861226633,4.130845589,-5.191027671
15.83,-71.6789366,0.02290098507,0.5077507099,0.3831333072,0,-0.08904502945,4.12762817,-5.187580981
15.84,-71.66744563,0.0229335829,0.5081050684,0.3828522774,0,-0.08947977686,4.124418554,-5.18413369
15.85,-71.65595273,0.02296623269,0.5084585749,0.3825719867,0,-0.08991651545,4.121216759,-5.180685818
15.86,-71.64445794,0.02299893434,0.5088112306,0.3822924341,0,-0.09035525211,4.118022803,-5.177237383
15.87,-71.63296135,0.02303168775,0.5091630366,0.3820136184,0,-0.09079599373,4.114836703,-5.173788405
15.88,-71.62146301,0.02306449282,0.5095139941,0.3817355385,0,-0.09123874723,4.111658479,-5.170338903
15.89,-71.60996299,0.02309734947,0.5098641044,0.3814581934,0,-0.09168351949,4.108488148,-5.166888896
15.9,-71.59846135,0.02313025759,0.5102133684,0.3811815818,0,-0.09213031742,4.105325727,-5.163438404
15.91,-71.58695815,0.02316321709,0.5105617875,0.3809057028,0,-0.09257914792,4.102171234,-5.159987445
15.92,-71.57545346,0.02319622786,0.5109093628,0.3806305551,0,-0.0930300179,4.099024685,-5.156536038
15.93,-71.56394734,0.02322928981,0.5112560955,0.3803561378,0,-0.09348293427,4.095886099,-5.153084203
15.94,-71.55243986,0.02326240283,0.5116019868,0.3800824496,0,-0.09393790393,4.092755493,-5.149631958
15.95,-71.54093108,0.02329556683,0.5119470377,0.3798094896,0,-0.0943949338,4.089632882,-5.146179323
15.96,-71.52942105,0.02332878171,0.5122912496,0.3795372565,0,-0.09485403079,4.086518284,-5.142726316
15.97,-71.51790986,0.02336204735,0.5126346235,0.3792657494,0,-0.0953152018,4.083411716,-5.139272957
15.98,-71.50639755,0.02339536366,0.5129771607,0.378994967,0,-0.09577845374,4.080313194,-5.135819264
15.99,-71.49488419,0.02342873054,0.5133188622,0.3787249083,0,-0.09624379354,4.077222734,-5.132365256
16,-71.48336984,0.02346214788,0.5136597293,0.3784555723,0,-0.0967112281,4.074140353,-5.128910952
16.01,-71.47185457,0.02349561557,0.5139997632,0.3781869577,0,-0.09718076433,4.071066066,-5.125456371
16.02,-71.46033844,0.02352913352,0.5143389649,0.3779190635,0,-0.09765240915,4.067999889,-5.122001532
16.03,-71.44882151,0.02356270161,0.5146773357,0.3776518886,0,-0.09812616946,4.064941839,-5.118546453
16.04,-71.43730385,0.02359631974,0.5150148768,0.377385432,0,-0.09860205218,4.06189193,-5.115091154
16.05,-71.42578551,0.0236299878,0.5153515892,0.3771196924,0,-0.09908006421,4.058850179,-5.111635652
16.06,-71.41426656,0.02366370568,0.5156874742,0.3768546689,0,-0.09956021247,4.0558166,-5.108179967
16.07,-71.40274706,0.02369747328,0.5160225329,0.3765903603,0,-0.1000425039,4.052791208,-5.104724117
16.08,-71.39122707,0.02373129048,0.5163567665,0.3763267655,0,-0.1005269453,4.04977402,-5.10126812
16.09,-71.37970665,0.02376515718,0.5166901761,0.3760638834,0,-0.1010135437,4.046765049,-5.097811996
16.1,-71.36818588,0.02379907326,0.5170227629,0.375801713,0,-0.1015023059,4.043764311,-5.094355764
16.11,-71.3566648,0.02383303862,0.5173545281,0.3755402532,0,-0.1019932388,4.040771819,-5.09089944
16.12,-71.34514348,0.02386705314,0.5176854728,0.3752795028,0,-0.1024863494,4.03778759,-5.087443045
16.13,-71.33362198,0.02390111671,0.5180155982,0.3750194608,0,-0.1029816446,4.034811636,-5.083986595
16.14,-71.32210037,0.02393522922,0.5183449054,0.374760126,0,-0.1034791312,4.031843972,-5.080530111
16.15,-71.3105787,0.02396939055,0.5186733956,0.3745014974,0,-0.1039788161,4.028884613,-5.07707361
16.16,-71.29905703,0.0240036006,0.51900107,0.374243574,0,-0.1044807062,4.025933572,-5.07361711
16.17,-71.28753544,0.02403785924,0.5193279296,0.3739863545,0,-0.1049848084,4.022990863,-5.070160631
16.18,-71.27601396,0.02407216636,0.5196539757,0.373729838,0,-0.1054911296,4.020056499,-5.066704189
16.19,-71.26449268,0.02410652184,0.5199792094,0.3734740233,0,-0.1059996766,4.017130495,-5.063247804
16.2,-71.25297164,0.02414092557,0.5203036319,0.3732189093,0,-0.1065104564,4.014212863,-5.059791493
16.21,-71.24145092,0.02417537743,0.5206272443,0.372964495,0,-0.1070234758,4.011303617,-5.056335275
16.22,-71.22993056,0.02420987731,0.5209500478,0.3727107793,0,-0.1075387416,4.00840277,-5.052879168
16.23,-71.21841063,0.02424442508,0.5212720435,0.372457761,0,-0.1080562608,4.005510335,-5.04942319
16.24,-71.2068912,0.02427902063,0.5215932325,0.3722054392,0,-0.1085760401,4.002626325,-5.04596736
16.25,-71.19537231,0.02431366383,0.5219136161,0.3719538127,0,-0.1090980865,3.999750752,-5.042511694
16.26,-71.18385404,0.02434835457,0.5222331953,0.3717028804,0,-0.1096224068,3.996883629,-5.039056211
16.27,-71.17233643,0.02438309273,0.5225519714,0.3714526412,0,-0.1101490077,3.994024969,-5.03560093
16.28,-71.16081956,0.02441787818,0.5228699454,0.3712030941,0,-0.1106778963,3.991174784,-5.032145868
16.29,-71.14930347,0.0244527108,0.5231871185,0.3709542381,0,-0.1112090792,3.988333086,-5.028691042
16.3,-71.13778824,0.02448759048,0.5235034919,0.3707060719,0,-0.1117425633,3.985499887,-5.025236471
16.31,-71.12627391,0.02452251708,0.5238190667,0.3704585945,0,-0.1122783555,3.982675199,-5.021782173
16.32,-71.11476055,0.02455749048,0.524133844,0.3702118049,0,-0.1128164625,3.979859034,-5.018328165
16.33,-71.10324822,0.02459251057,0.524447825,0.3699657019,0,-0.1133568912,3.977051404,-5.014874466
16.34,-71.09173697,0.02462757721,0.5247610108,0.3697202845,0,-0.1138996483,3.974252319,-5.011421091
16.35,-71.08022687,0.02466269029,0.5250734026,0.3694755516,0,-0.1144447406,3.971461792,-5.007968061
16.36,-71.06871797,0.02469784966,0.5253850015,0.3692315022,0,-0.114992175,3.968679834,-5.004515391
16.37,-71.05721033,0.02473305522,0.5256958087,0.368988135,0,-0.1155419582,3.965906455,-5.0010631
16.38,-71.04570402,0.02476830683,0.5260058252,0.3687454492,0,-0.1160940969,3.963141667,-4.997611206
16.39,-71.03419908,0.02480360436,0.5263150523,0.3685034435,0,-0.116648598,3.960385481,-4.994159724
16.4,-71.02269558,0.02483894768,0.5266234911,0.368262117,0,-0.1172054681,3.957637907,-4.990708674
16.41,-71.01119358,0.02487433667,0.5269311426,0.3680214685,0,-0.1177647141,3.954898956,-4.987258073
16.42,-70.99969312,0.02490977121,0.5272380081,0.367781497,0,-0.1183263427,3.952168639,-4.983807937
16.43,-70.98819428,0.02494525114,0.5275440887,0.3675422013,0,-0.1188903606,3.949446965,-4.980358285
16.44,-70.97669711,0.02498077636,0.5278493855,0.3673035805,0,-0.1194567745,3.946733946,-4.976909133
16.45,-70.96520166,0.02501634672,0.5281538997,0.3670656334,0,-0.1200255911,3.944029591,-4.973460499
16.46,-70.953708,0.0250519621,0.5284576323,0.3668283589,0,-0.1205968171,3.94133391,-4.970012399
16.47,-70.94221617,0.02508762237,0.5287605845,0.3665917561,0,-0.1211704593,3.938646912,-4.966564852
16.48,-70.93072625,0.02512332738,0.5290627575,0.3663558238,0,-0.1217465242,3.935968609,-4.963117875
16.49,-70.91923828,0.02515907702,0.5293641524,0.3661205609,0,-0.1223250187,3.933299009,-4.959671483
16.5,-70.90775232,0.02519487113,0.5296647703,0.3658859664,0,-0.1229059493,3.930638122,-4.956225696
16.51,-70.89626843,0.0252307096,0.5299646123,0.3656520393,0,-0.1234893227,3.927985956,-4.952780528
16.52,-70.88478666,0.02526659229,0.5302636796,0.3654187783,0,-0.1240751455,3.925342523,-4.949335998
16.53,-70.87330707,0.02530251906,0.5305619733,0.3651861826,0,-0.1246634243,3.922707829,-4.945892122
16.54,-70.86182972,0.02533848977,0.5308594946,0.3649542509,0,-0.1252541659,3.920081885,-4.942448917
16.55,-70.85035467,0.02537450429,0.5311562444,0.3647229823,0,-0.1258473767,3.917464699,-4.9390064
16.56,-70.83888196,0.02541056248,0.5314522241,0.3644923756,0,-0.1264430634,3.91485628,-4.935564588
16.57,-70.82741166,0.02544666421,0.5317474347,0.3642624298,0,-0.1270412326,3.912256637,-4.932123498
16.58,-70.81594382,0.02548280934,0.5320418773,0.3640331439,0,-0.1276418908,3.909665777,-4.928683145
16.59,-70.80447849,0.02551899773,0.532335553,0.3638045167,0,-0.1282450446,3.90708371,-4.925243548
16.6,-70.79301574,0.02555522924,0.5326284631,0.3635765472,0,-0.1288507006,3.904510444,-4.921804721
16.61,-70.78155561,0.02559150373,0.5329206085,0.3633492344,0,-0.1294588652,3.901945986,-4.918366683
16.62,-70.77009817,0.02562782106,0.5332119904,0.3631225771,0,-0.1300695451,3.899390345,-4.91492945
16.63,-70.75864346,0.0256641811,0.53350261,0.3628965743,0,-0.1306827466,3.896843528,-4.911493037
16.64,-70.74719154,0.02570058369,0.5337924684,0.362671225,0,-0.1312984764,3.894305544,-4.908057461
16.65,-70.73574247,0.0257370287,0.5340815667,0.362446528,0,-0.1319167408,3.891776399,-4.90462274
16.66,-70.72429629,0.025773516,0.5343699059,0.3622224823,0,-0.1325375464,3.889256102,-4.901188888
16.67,-70.71285308,0.02581004543,0.5346574873,0.3619990869,0,-0.1331608996,3.88674466,-4.897755923
16.68,-70.70141287,0.02584661685,0.5349443119,0.3617763407,0,-0.1337868068,3.88424208,-4.894323861
16.69,-70.68997572,0.02588323012,0.5352303808,0.3615542426,0,-0.1344152746,3.881748369,-4.890892717
16.7,-70.6785417,0.0259198851,0.5355156953,0.3613327916,0,-0.1350463092,3.879263535,-4.887462509
16.71,-70.66711084,0.02595658164,0.5358002563,0.3611119866,0,-0.135679917,3.876787583,-4.884033251
16.72,-70.6556832,0.02599331959,0.536084065,0.3608918265,0,-0.1363161045,3.874320521,-4.88060496
16.73,-70.64425884,0.02603009882,0.5363671225,0.3606723104,0,-0.1369548781,3.871862356,-4.877177653
16.74,-70.63283782,0.02606691918,0.53664943,0.360453437,0,-0.137596244,3.869413095,-4.873751345
16.75,-70.62142017,0.02610378051,0.5369309885,0.3602352054,0,-0.1382402086,3.866972743,-4.870326051
16.76,-70.61000596,0.02614068268,0.5372117991,0.3600176146,0,-0.1388867782,3.864541306,-4.866901789
16.77,-70.59859524,0.02617762554,0.537491863,0.3598006634,0,-0.1395359591,3.862118793,-4.863478573
16.78,-70.58718807,0.02621460893,0.5377711813,0.3595843508,0,-0.1401877577,3.859705207,-4.86005642
16.79,-70.57578448,0.02625163272,0.5380497551,0.3593686757,0,-0.1408421801,3.857300555,-4.856635344
16.8,-70.56438454,0.02628869675,0.5383275854,0.3591536371,0,-0.1414992326,3.854904844,-4.853215363
16.81,-70.5529883,0.02632580087,0.5386046734,0.358939234,0,-0.1421589214,3.852518079,-4.849796491
16.82,-70.54159581,0.02636294494,0.5388810203,0.3587254652,0,-0.1428212528,3.850140265,-4.846378744
16.83,-70.53020713,0.02640012881,0.539156627,0.3585123298,0,-0.143486233,3.847771408,-4.842962138
16.84,-70.51882229,0.02643735232,0.5394314948,0.3582998266,0,-0.1441538681,3.845411514,-4.839546688
16.85,-70.50744136,0.02647461532,0.5397056246,0.3580879547,0,-0.1448241643,3.843060588,-4.836132409
16.86,-70.49606439,0.02651191767,0.5399790177,0.3578767129,0,-0.1454971277,3.840718635,-4.832719317
16.87,-70.48469142,0.0265492592,0.5402516751,0.3576661002,0,-0.1461727645,3.83838566,-4.829307427
16.88,-70.47332252,0.02658663978,0.540523598,0.3574561156,0,-0.1468510807,3.836061668,-4.825896755
16.89,-70.46195772,0.02662405924,0.5407947873,0.357246758,0,-0.1475320825,3.833746664,-4.822487315
16.9,-70.45059708,0.02666151744,0.5410652443,0.3570380264,0,-0.1482157759,3.831440652,-4.819079123
16.91,-70.43924065,0.02669901422,0.54133497,0.3568299197,0,-0.148902167,3.829143638,-4.815672195
16.92,-70.42788848,0.02673654943,0.5416039656,0.3566224369,0,-0.1495912617,3.826855626,-4.812266544
16.93,-70.41654062,0.02677412291,0.541872232,0.3564155768,0,-0.1502830661,3.82457662,-4.808862187
16.94,-70.40519712,0.02681173451,0.5421397705,0.3562093386,0,-0.1509775862,3.822306625,-4.805459137
16.95,-70.39385804,0.02684938407,0.5424065821,0.356003721,0,-0.1516748279,3.820045645,-4.802057411
16.96,-70.38252341,0.02688707144,0.542672668,0.3557987231,0,-0.1523747972,3.817793684,-4.798657023
16.97,-70.37119329,0.02692479646,0.5429380291,0.3555943439,0,-0.1530775,3.815550746,-4.795257987
16.98,-70.35986773,0.02696255898,0.5432026666,0.3553905822,0,-0.1537829422,3.813316835,-4.791860319
16.99,-70.34854678,0.02700035884,0.5434665817,0.3551874371,0,-0.1544911296,3.811091955,-4.788464033
17,-70.33723048,0.02703819588,0.5437297753,0.3549849074,0,-0.1552020682,3.808876109,-4.785069145
17.01,-70.32591889,0.02707606995,0.5439922486,0.3547829922,0,-0.1559157638,3.806669301,-4.781675668
17.02,-70.31461206,0.02711398088,0.5442540027,0.3545816904,0,-0.1566322222,3.804471534,-4.778283617
17.03,-70.30331002,0.02715192853,0.5445150386,0.3543810009,0,-0.1573514491,3.802282812,-4.774893007
17.04,-70.29201284,0.02718991272,0.5447753575,0.3541809228,0,-0.1580734503,3.800103139,-4.771503852
17.05,-70.28072055,0.02722793331,0.5450349605,0.3539814549,0,-0.1587982317,3.797932517,-4.768116166
17.06,-70.26943322,0.02726599012,0.5452938486,0.3537825963,0,-0.1595257988,3.795770949,-4.764729965
17.07,-70.25815087,0.02730408301,0.5455520229,0.3535843458,0,-0.1602561575,3.793618438,-4.761345262
17.08,-70.24687357,0.02734221182,0.5458094845,0.3533867025,0,-0.1609893133,3.791474988,-4.757962072
17.09,-70.23560136,0.02738037637,0.5460662345,0.3531896653,0,-0.1617252719,3.7893406,-4.754580409
17.1,-70.22433429,0.02741857652,0.546322274,0.3529932332,0,-0.162464039,3.787215278,-4.751200286
17.11,-70.2130724,0.02745681209,0.546577604,0.3527974051,0,-0.1632056202,3.785099024,-4.747821719
17.12,-70.20181574,0.02749508294,0.5468322257,0.35260218,0,-0.1639500209,3.782991841,-4.744444721
17.13,-70.19056435,0.02753338888,0.5470861401,0.3524075568,0,-0.1646972469,3.780893731,-4.741069306
17.14,-70.1793183,0.02757172978,0.5473393484,0.3522135346,0,-0.1654473035,3.778804696,-4.737695489
17.15,-70.16807761,0.02761010545,0.5475918515,0.3520201122,0,-0.1662001964,3.776724739,-4.734323282
17.16,-70.15684234,0.02764851574,0.5478436506,0.3518272886,0,-0.1669559309,3.774653861,-4.730952701
17.17,-70.14561253,0.02768696049,0.5480947468,0.3516350629,0,-0.1677145126,3.772592064,-4.727583758
17.18,-70.13438823,0.02772543953,0.548345141,0.3514434339,0,-0.1684759468,3.770539351,-4.724216468
17.19,-70.12316948,0.02776395269,0.5485948346,0.3512524007,0,-0.1692402389,3.768495723,-4.720850845
17.2,-70.11195634,0.02780249981,0.5488438284,0.3510619622,0,-0.1700073944,3.766461181,-4.717486901
17.21,-70.10074883,0.02784108074,0.5490921235,0.3508721173,0,-0.1707774185,3.764435728,-4.71412465
17.22,-70.08954702,0.02787969529,0.5493397211,0.3506828651,0,-0.1715503166,3.762419365,-4.710764107
17.23,-70.07835095,0.02791834331,0.5495866223,0.3504942044,0,-0.172326094,3.760412093,-4.707405285
17.24,-70.06716065,0.02795702463,0.549832828,0.3503061343,0,-0.1731047559,3.758413913,-4.704048196
17.25,-70.05597618,0.02799573909,0.5500783394,0.3501186538,0,-0.1738863076,3.756424827,-4.700692855
17.26,-70.04479758,0.02803448651,0.5503231575,0.3499317618,0,-0.1746707542,3.754444836,-4.697339274
17.27,-70.03362489,0.02807326674,0.5505672834,0.3497454572,0,-0.175458101,3.752473941,-4.693987468
17.28,-70.02245816,0.0281120796,0.5508107183,0.3495597391,0,-0.176248353,3.750512143,-4.690637449
17.29,-70.01129743,0.02815092492,0.551053463,0.3493746063,0,-0.1770415155,3.748559442,-4.68728923
17.3,-70.00014275,0.02818980255,0.5512955188,0.349190058,0,-0.1778375935,3.746615839,-4.683942826
17.31,-69.98899416,0.0282287123,0.5515368867,0.3490060931,0,-0.178636592,3.744681335,-4.680598247
17.32,-69.9778517,0.02826765402,0.5517775678,0.3488227104,0,-0.1794385161,3.742755931,-4.677255509
17.33,-69.96671541,0.02830662753,0.5520175631,0.3486399091,0,-0.1802433709,3.740839627,-4.673914623
17.34,-69.95558534,0.02834563266,0.5522568737,0.348457688,0,-0.1810511612,3.738932423,-4.670575603
17.35,-69.94446154,0.02838466925,0.5524955006,0.3482760462,0,-0.181861892,3.73703432,-4.667238461
17.36,-69.93334404,0.02842373713,0.552733445,0.3480949826,0,-0.1826755683,3.735145317,-4.663903211
17.37,-69.92223288,0.02846283612,0.5529707079,0.3479144962,0,-0.1834921948,3.733265416,-4.660569865
17.38,-69.91112812,0.02850196606,0.5532072903,0.3477345859,0,-0.1843117765,3.731394615,-4.657238435
17.39,-69.90002978,0.02854112677,0.5534431934,0.3475552509,0,-0.1851343183,3.729532915,-4.653908935
17.4,-69.88893793,0.02858031808,0.5536784181,0.3473764899,0,-0.1859598247,3.727680316,-4.650581378
17.41,-69.87785258,0.02861953983,0.5539129656,0.347198302,0,-0.1867883007,3.725836817,-4.647255774
17.42,-69.86677379,0.02865879184,0.5541468369,0.3470206863,0,-0.187619751,3.724002419,-4.643932138
17.43,-69.85570161,0.02869807394,0.5543800331,0.3468436415,0,-0.1884541802,3.72217712,-4.640610482
17.44,-69.84463606,0.02873738596,0.5546125551,0.3466671668,0,-0.189291593,3.72036092,-4.637290817
17.45,-69.83357719,0.02877672772,0.5548444042,0.3464912612,0,-0.190131994,3.718553818,-4.633973157
17.46,-69.82252504,0.02881609906,0.5550755813,0.3463159235,0,-0.1909753879,3.716755815,-4.630657513
17.47,-69.81147966,0.02885549979,0.5553060875,0.3461411528,0,-0.1918217792,3.714966909,-4.627343898
17.48,-69.80044108,0.02889492976,0.5555359239,0.3459669481,0,-0.1926711724,3.713187098,-4.624032325
17.49,-69.78940935,0.02893438877,0.5557650915,0.3457933083,0,-0.1935235721,3.711416384,-4.620722804
17.5,-69.7783845,0.02897387667,0.5559935913,0.3456202324,0,-0.1943789826,3.709654763,-4.617415349
17.51,-69.76736657,0.02901339328,0.5562214244,0.3454477194,0,-0.1952374084,3.707902236,-4.614109971
17.52,-69.75635561,0.02905293842,0.556448592,0.3452757683,0,-0.196098854,3.7061588,-4.610806682
17.53,-69.74535165,0.02909251191,0.5566750949,0.3451043781,0,-0.1969633236,3.704424456,-4.607505494
17.54,-69.73435473,0.02913211359,0.5569009344,0.3449335477,0,-0.1978308217,3.7026992,-4.60420642
17.55,-69.7233649,0.02917174329,0.5571261113,0.3447632762,0,-0.1987013524,3.700983033,-4.60090947
17.56,-69.71238219,0.02921140081,0.5573506268,0.3445935625,0,-0.1995749201,3.699275952,-4.597614657
17.57,-69.70140664,0.02925108599,0.557574482,0.3444244056,0,-0.200451529,3.697577956,-4.594321992
17.58,-69.69043829,0.02929079866,0.5577976778,0.3442558045,0,-0.2013311833,3.695889043,-4.591031487
17.59,-69.67947718,0.02933053863,0.5580202154,0.3440877583,0,-0.202213887,3.694209211,-4.587743154
17.6,-69.66852335,0.02937030574,0.5582420957,0.3439202657,0,-0.2030996444,3.692538459,-4.584457004
17.61,-69.65757683,0.0294100998,0.5584633199,0.343753326,0,-0.2039884595,3.690876785,-4.581173049
17.62,-69.64663767,0.02944992064,0.5586838889,0.343586938,0,-0.2048803364,3.689224186,-4.5778913
17.63,-69.63570589,0.02948976808,0.5589038038,0.3434211007,0,-0.2057752791,3.687580661,-4.574611768
17.64,-69.62478155,0.02952964195,0.5591230657,0.3432558132,0,-0.2066732914,3.685946207,-4.571334465
17.65,-69.61386467,0.02956954207,0.5593416755,0.3430910743,0,-0.2075743775,3.684320822,-4.568059402
17.66,-69.6029553,0.02960946826,0.5595596344,0.3429268832,0,-0.2084785411,3.682704505,-4.564786591
17.67,-69.59205347,0.02964942034,0.5597769434,0.3427632389,0,-0.2093857861,3.681097251,-4.561516042
17.68,-69.58115922,0.02968939814,0.5599936035,0.3426001402,0,-0.2102961164,3.67949906,-4.558247767
17.69,-69.57027259,0.02972940147,0.5602096158,0.3424375862,0,-0.2112095358,3.677909928,-4.554981777
17.7,-69.55939361,0.02976943017,0.5604249812,0.3422755759,0,-0.2121260479,3.676329854,-4.551718083
17.71,-69.54852232,0.02980948405,0.5606397009,0.3421141082,0,-0.2130456565,3.674758833,-4.548456695
17.72,-69.53765875,0.02984956293,0.5608537759,0.3419531823,0,-0.2139683653,3.673196864,-4.545197625
17.73,-69.52680295,0.02988966663,0.5610672072,0.341792797,0,-0.2148941778,3.671643943,-4.541940884
17.74,-69.51595494,0.02992979498,0.5612799958,0.3416329514,0,-0.2158230978,3.670100069,-4.538686482
17.75,-69.50511477,0.0299699478,0.5614921429,0.3414736444,0,-0.2167551287,3.668565236,-4.53543443
17.76,-69.49428247,0.0300101249,0.5617036493,0.3413148751,0,-0.217690274,3.667039444,-4.53218474
17.77,-69.48345807,0.03005032611,0.5619145162,0.3411566425,0,-0.2186285373,3.665522688,-4.52893742
17.78,-69.47264161,0.03009055125,0.5621247446,0.3409989455,0,-0.2195699219,3.664014965,-4.525692484
17.79,-69.46183313,0.03013080014,0.5623343355,0.3408417832,0,-0.2205144314,3.662516273,-4.522449939
17.8,-69.45103266,0.03017107259,0.56254329,0.3406851546,0,-0.2214620689,3.661026607,-4.519209798
17.81,-69.44024024,0.03021136843,0.562751609,0.3405290586,0,-0.2224128378,3.659545964,-4.515972071
17.82,-69.42945589,0.03025168748,0.5629592937,0.3403734942,0,-0.2233667415,3.658074341,-4.512736768
17.83,-69.41867967,0.03029202956,0.563166345,0.3402184606,0,-0.2243237831,3.656611735,-4.5095039
17.84,-69.40791159,0.03033239449,0.563372764,0.3400639566,0,-0.2252839659,3.655158141,-4.506273476
17.85,-69.39715169,0.03037278208,0.5635785517,0.3399099812,0,-0.2262472929,3.653713556,-4.503045507
17.86,-69.38640001,0.03041319215,0.5637837091,0.3397565335,0,-0.2272137673,3.652277976,-4.499820004
17.87,-69.37565659,0.03045362453,0.5639882372,0.3396036125,0,-0.2281833923,3.650851397,-4.496596976
17.88,-69.36492144,0.03049407903,0.5641921372,0.3394512172,0,-0.2291561707,3.649433815,-4.493376433
17.89,-69.35419462,0.03053455547,0.5643954099,0.3392993466,0,-0.2301321056,3.648025227,-4.490158386
17.9,-69.34347615,0.03057505367,0.5645980565,0.3391479997,0,-0.2311111999,3.646625629,-4.486942845
17.91,-69.33276606,0.03061557344,0.564800078,0.3389971754,0,-0.2320934566,3.645235015,-4.483729819
17.92,-69.3220644,0.03065611461,0.5650014753,0.3388468729,0,-0.2330788785,3.643853383,-4.480519319
17.93,-69.31137118,0.030696677,0.5652022495,0.338697091,0,-0.2340674683,3.642480727,-4.477311354
17.94,-69.30068645,0.03073726042,0.5654024016,0.3385478289,0,-0.235059229,3.641117044,-4.474105934
17.95,-69.29001023,0.03077786468,0.5656019327,0.3383990855,0,-0.2360541632,3.639762329,-4.470903068
17.96,-69.27934256,0.03081848961,0.5658008438,0.3382508599,0,-0.2370522736,3.638416578,-4.467702767
17.97,-69.26868347,0.03085913503,0.5659991358,0.338103151,0,-0.2380535629,3.637079786,-4.464505041
17.98,-69.25803299,0.03089980075,0.5661968098,0.3379559579,0,-0.2390580336,3.635751948,-4.461309898
17.99,-69.24739116,0.03094048658,0.5663938668,0.3378092796,0,-0.2400656883,3.634433061,-4.458117348
18,-69.236758,0.03098119235,0.5665903079,0.337663115,0,-0.2410765295,3.633123118,-4.454927401
18.01,-69.22613355,0.03102191787,0.566786134,0.3375174632,0,-0.2420905598,3.631822116,-4.451740066
18.02,-69.21551784,0.03106266297,0.5669813462,0.3373723233,0,-0.2431077814,3.63053005,-4.448555353
18.03,-69.2049109,0.03110342744,0.5671759454,0.3372276941,0,-0.2441281969,3.629246914,-4.445373271
18.04,-69.19431276,0.03114421113,0.5673699328,0.3370835749,0,-0.2451518085,3.627972704,-4.442193829
18.05,-69.18372345,0.03118501382,0.5675633093,0.3369399644,0,-0.2461786185,3.626707414,-4.439017036
18.06,-69.17314301,0.03122583536,0.5677560758,0.3367968619,0,-0.2472086293,3.625451041,-4.435842902
18.07,-69.16257145,0.03126667555,0.5679482335,0.3366542662,0,-0.2482418428,3.624203577,-4.432671436
18.08,-69.15200882,0.0313075342,0.5681397834,0.3365121765,0,-0.2492782615,3.62296502,-4.429502647
18.09,-69.14145515,0.03134841114,0.5683307264,0.3363705916,0,-0.2503178872,3.621735362,-4.426336544
18.1,-69.13091045,0.03138930618,0.5685210635,0.3362295108,0,-0.2513607222,3.620514598,-4.423173136
18.11,-69.12037477,0.03143021913,0.5687107958,0.3360889329,0,-0.2524067684,3.619302724,-4.420012431
18.12,-69.10984813,0.03147114982,0.5688999243,0.3359488569,0,-0.2534560278,3.618099734,-4.41685444
18.13,-69.09933057,0.03151209805,0.56908845,0.335809282,0,-0.2545085023,3.616905622,-4.41369917
18.14,-69.0888221,0.03155306365,0.5692763739,0.3356702071,0,-0.2555641938,3.615720382,-4.410546631
18.15,-69.07832277,0.03159404642,0.569463697,0.3355316313,0,-0.2566231041,3.61454401,-4.40739683
18.16,-69.06783259,0.03163504619,0.5696504202,0.3353935535,0,-0.2576852351,3.613376499,-4.404249778
18.17,-69.05735161,0.03167606276,0.5698365447,0.3352559728,0,-0.2587505884,3.612217844,-4.401105482
18.18,-69.04687984,0.03171709597,0.5700220714,0.3351188883,0,-0.2598191658,3.611068038,-4.397963951
18.19,-69.03641731,0.03175814561,0.5702070013,0.3349822988,0,-0.2608909688,3.609927077,-4.394825194
18.2,-69.02596407,0.0317992115,0.5703913354,0.3348462036,0,-0.2619659992,3.608794953,-4.39168922
18.21,-69.01552012,0.03184029347,0.5705750747,0.3347106016,0,-0.2630442583,3.607671662,-4.388556036
18.22,-69.0050855,0.03188139132,0.5707582202,0.3345754917,0,-0.2641257479,3.606557196,-4.385425651
18.23,-68.99466024,0.03192250487,0.5709407729,0.3344408732,0,-0.2652104692,3.60545155,-4.382298073
18.24,-68.98424437,0.03196363394,0.5711227339,0.3343067449,0,-0.2662984237,3.604354718,-4.379173311
18.25,-68.97383791,0.03200477833,0.5713041041,0.3341731059,0,-0.2673896127,3.603266693,-4.376051374
18.26,-68.96344089,0.03204593787,0.5714848844,0.3340399553,0,-0.2684840377,3.60218747,-4.372932268
18.27,-68.95305335,0.03208711237,0.571665076,0.333907292,0,-0.2695816997,3.601117041,-4.369816004
18.28,-68.94267529,0.03212830165,0.5718446798,0.3337751151,0,-0.2706826001,3.600055401,-4.366702587
18.29,-68.93230676,0.03216950551,0.5720236968,0.3336434237,0,-0.2717867399,3.599002543,-4.363592028
18.3,-68.92194778,0.03221072377,0.5722021279,0.3335122167,0,-0.2728941204,3.597958461,-4.360484333
18.31,-68.91159837,0.03225195625,0.5723799743,0.3333814932,0,-0.2740047425,3.596923147,-4.35737951
18.32,-68.90125856,0.03229320276,0.5725572368,0.3332512522,0,-0.2751186073,3.595896596,-4.354277569
18.33,-68.89092838,0.03233446312,0.5727339165,0.3331214929,0,-0.2762357157,3.594878801,-4.351178515
18.34,-68.88060786,0.03237573714,0.5729100143,0.3329922141,0,-0.2773560687,3.593869755,-4.348082359
18.35,-68.87029702,0.03241702464,0.5730855313,0.3328634149,0,-0.2784796671,3.592869451,-4.344989106
18.36,-68.85999588,0.03245832542,0.5732604684,0.3327350944,0,-0.2796065118,3.591877883,-4.341898765
18.37,-68.84970448,0.03249963931,0.5734348267,0.3326072517,0,-0.2807366034,3.590895043,-4.338811344
18.38,-68.83942283,0.03254096611,0.5736086071,0.3324798856,0,-0.2818699427,3.589920925,-4.33572685
18.39,-68.82915097,0.03258230565,0.5737818106,0.3323529954,0,-0.2830065304,3.588955521,-4.332645291
18.4,-68.81888892,0.03262365773,0.5739544382,0.33222658,0,-0.2841463671,3.587998825,-4.329566675
18.41,-68.8086367,0.03266502218,0.5741264909,0.3321006384,0,-0.2852894534,3.58705083,-4.326491009
18.42,-68.79839433,0.0327063988,0.5742979696,0.3319751698,0,-0.2864357897,3.586111528,-4.3234183
18.43,-68.78816185,0.0327477874,0.5744688754,0.3318501731,0,-0.2875853765,3.585180913,-4.320348556
18.44,-68.77793928,0.03278918781,0.5746392092,0.3317256474,0,-0.2887382142,3.584258977,-4.317281784
18.45,-68.76772664,0.03283059984,0.574808972,0.3316015917,0,-0.2898943031,3.583345712,-4.314217992
18.46,-68.75752396,0.03287202329,0.5749781649,0.3314780051,0,-0.2910536437,3.582441112,-4.311157187
18.47,-68.74733125,0.03291345799,0.5751467887,0.3313548866,0,-0.2922162361,3.581545169,-4.308099376
18.48,-68.73714856,0.03295490375,0.5753148445,0.3312322353,0,-0.2933820805,3.580657875,-4.305044567
18.49,-68.72697589,0.03299636039,0.5754823332,0.3311100501,0,-0.2945511771,3.579779224,-4.301992766
18.5,-68.71681327,0.03303782771,0.5756492559,0.3309883303,0,-0.295723526,3.578909207,-4.298943981
18.51,-68.70666073,0.03307930553,0.5758156134,0.3308670747,0,-0.2968991272,3.578047817,-4.295898218
18.52,-68.69651829,0.03312079366,0.5759814069,0.3307462825,0,-0.2980779807,3.577195047,-4.292855486
18.53,-68.68638597,0.03316229192,0.5761466372,0.3306259527,0,-0.2992600865,3.576350888,-4.28981579
18.54,-68.67626379,0.03320380013,0.5763113053,0.3305060844,0,-0.3004454444,3.575515333,-4.286779138
18.55,-68.66615179,0.03324531809,0.5764754122,0.3303866765,0,-0.3016340543,3.574688375,-4.283745537
18.56,-68.65604998,0.03328684563,0.576638959,0.3302677283,0,-0.3028259159,3.573870005,-4.280714993
18.57,-68.64595838,0.03332838255,0.5768019465,0.3301492386,0,-0.304021029,3.573060215,-4.277687514
18.58,-68.63587702,0.03336992867,0.5769643757,0.3300312065,0,-0.3052193933,3.572258998,-4.274663106
18.59,-68.62580592,0.0334114838,0.5771262476,0.3299136312,0,-0.3064210083,3.571466346,-4.271641775
18.6,-68.6157451,0.03345304775,0.5772875632,0.3297965116,0,-0.3076258737,3.57068225,-4.268623529
18.61,-68.60569458,0.03349462035,0.5774483235,0.3296798468,0,-0.308833989,3.569906703,-4.265608374
18.62,-68.59565439,0.03353620141,0.5776085294,0.3295636359,0,-0.3100453536,3.569139697,-4.262596317
18.63,-68.58562455,0.03357779073,0.5777681819,0.329447878,0,-0.3112599669,3.568381222,-4.259587365
18.64,-68.57560508,0.03361938814,0.5779272819,0.329332572,0,-0.3124778282,3.567631272,-4.256581523
18.65,-68.56559599,0.03366099344,0.5780858305,0.3292177171,0,-0.313698937,3.566889838,-4.253578798
18.66,-68.55559733,0.03370260646,0.5782438286,0.3291033122,0,-0.3149232924,3.566156911,-4.250579198
18.67,-68.54560909,0.033744227,0.5784012772,0.3289893565,0,-0.3161508936,3.565432484,-4.247582727
18.68,-68.53563131,0.03378585489,0.5785581772,0.3288758491,0,-0.3173817397,3.564716547,-4.244589393
18.69,-68.52566401,0.03382748992,0.5787145295,0.3287627889,0,-0.3186158299,3.564009093,-4.241599202
18.7,-68.5157072,0.03386913193,0.5788703353,0.328650175,0,-0.3198531632,3.563310113,-4.238612159
18.71,-68.50576091,0.03391078072,0.5790255954,0.3285380066,0,-0.3210937384,3.562619598,-4.235628272
18.72,-68.49582516,0.0339524361,0.5791803108,0.3284262826,0,-0.3223375547,3.56193754,-4.232647547
18.73,-68.48589996,0.0339940979,0.5793344824,0.3283150021,0,-0.3235846107,3.561263931,-4.229669989
18.74,-68.47598535,0.03403576593,0.5794881113,0.3282041642,0,-0.3248349054,3.560598761,-4.226695605
18.75,-68.46608134,0.03407743999,0.5796411983,0.328093768,0,-0.3260884374,3.559942022,-4.223724401
18.76,-68.45618794,0.03411911991,0.5797937445,0.3279838125,0,-0.3273452055,3.559293706,-4.220756382
18.77,-68.44630518,0.0341608055,0.5799457508,0.3278742968,0,-0.3286052083,3.558653803,-4.217791555
18.78,-68.43643309,0.03420249657,0.5800972181,0.3277652199,0,-0.3298684444,3.558022305,-4.214829926
18.79,-68.42657167,0.03424419295,0.5802481475,0.327656581,0,-0.3311349124,3.557399202,-4.211871501
18.8,-68.41672095,0.03428589443,0.5803985398,0.3275483791,0,-0.3324046106,3.556784487,-4.208916285
18.81,-68.40688095,0.03432760085,0.5805483961,0.3274406132,0,-0.3336775376,3.556178149,-4.205964284
18.82,-68.39705168,0.03436931201,0.5806977173,0.3273332824,0,-0.3349536916,3.555580181,-4.203015505
18.83,-68.38723317,0.03441102772,0.5808465043,0.3272263859,0,-0.336233071,3.554990572,-4.200069952
18.84,-68.37742544,0.03445274781,0.5809947581,0.3271199226,0,-0.3375156741,3.554409315,-4.197127632
18.85,-68.3676285,0.03449447209,0.5811424797,0.3270138917,0,-0.338801499,3.553836399,-4.19418855
18.86,-68.35784237,0.03453620037,0.58128967,0.3269082922,0,-0.3400905439,3.553271816,-4.191252712
18.87,-68.34806708,0.03457793247,0.58143633,0.3268031232,0,-0.3413828069,3.552715556,-4.188320123
18.88,-68.33830263,0.0346196682,0.5815824606,0.3266983837,0,-0.3426782859,3.552167611,-4.18539079
18.89,-68.32854905,0.03466140738,0.5817280627,0.3265940729,0,-0.343976979,3.551627971,-4.182464716
18.9,-68.31880636,0.03470314982,0.5818731374,0.3264901898,0,-0.345278884,3.551096626,-4.179541909
18.91,-68.30907458,0.03474489534,0.5820176855,0.3263867335,0,-0.3465839989,3.550573568,-4.176622373
18.92,-68.29935371,0.03478664375,0.5821617081,0.3262837031,0,-0.3478923214,3.550058786,-4.173706114
18.93,-68.28964379,0.03482839488,0.582305206,0.3261810977,0,-0.3492038492,3.549552272,-4.170793137
18.94,-68.27994483,0.03487014853,0.5824481802,0.3260789163,0,-0.3505185801,3.549054016,-4.167883448
18.95,-68.27025684,0.03491190452,0.5825906317,0.3259771579,0,-0.3518365117,3.548564009,-4.164977051
18.96,-68.26057984,0.03495366267,0.5827325615,0.3258758218,0,-0.3531576415,3.54808224,-4.162073952
18.97,-68.25091385,0.03499542279,0.5828739703,0.325774907,0,-0.3544819671,3.547608701,-4.159174156
18.98,-68.2412589,0.03503718469,0.5830148593,0.3256744125,0,-0.3558094859,3.547143382,-4.156277669
18.99,-68.23161498,0.0350789482,0.5831552293,0.3255743375,0,-0.3571401953,3.546686273,-4.153384495
19,-68.22198213,0.03512071313,0.5832950814,0.325474681,0,-0.3584740926,3.546237364,-4.15049464
19.01,-68.21236036,0.0351624793,0.5834344163,0.3253754421,0,-0.3598111752,3.545796646,-4.147608109
19.02,-68.20274969,0.03520424652,0.5835732351,0.3252766199,0,-0.3611514403,3.545364108,-4.144724906
19.03,-68.19315012,0.0352460146,0.5837115388,0.3251782135,0,-0.362494885,3.544939742,-4.141845037
19.04,-68.18356169,0.03528778338,0.5838493282,0.325080222,0,-0.3638415065,3.544523537,-4.138968507
19.05,-68.1739844,0.03532955265,0.5839866043,0.3249826444,0,-0.3651913017,3.544115483,-4.13609532
19.06,-68.16441827,0.03537132223,0.584123368,0.3248854799,0,-0.3665442677,3.543715571,-4.133225482
19.07,-68.15486332,0.03541309196,0.5842596203,0.3247887276,0,-0.3679004015,3.54332379,-4.130358996
19.08,-68.14531956,0.03545486163,0.5843953621,0.3246923864,0,-0.3692596999,3.54294013,-4.127495869
19.09,-68.13578702,0.03549663107,0.5845305944,0.3245964556,0,-0.3706221597,3.542564582,-4.124636105
19.1,-68.1262657,0.03553840009,0.5846653181,0.3245009342,0,-0.3719877777,3.542197135,-4.121779709
19.11,-68.11675562,0.03558016852,0.5847995341,0.3244058213,0,-0.3733565506,3.541837779,-4.118926685
19.12,-68.10725679,0.03562193616,0.5849332434,0.324311116,0,-0.374728475,3.541486504,-4.116077038
19.13,-68.09776924,0.03566370283,0.5850664468,0.3242168174,0,-0.3761035476,3.5411433,-4.113230772
19.14,-68.08829298,0.03570546836,0.5851991454,0.3241229246,0,-0.3774817648,3.540808157,-4.110387893
19.15,-68.07882802,0.03574723256,0.5853313401,0.3240294367,0,-0.3788631231,3.540481064,-4.107548405
19.16,-68.06937437,0.03578899524,0.5854630317,0.3239363528,0,-0.380247619,3.540162011,-4.104712312
19.17,-68.05993206,0.03583075623,0.5855942213,0.323843672,0,-0.3816352488,3.539850988,-4.101879619
19.18,-68.0505011,0.03587251534,0.5857249097,0.3237513933,0,-0.3830260088,3.539547984,-4.09905033
19.19,-68.0410815,0.03591427239,0.585855098,0.3236595159,0,-0.3844198952,3.539252989,-4.09622445
19.2,-68.03167328,0.0359560272,0.5859847869,0.3235680389,0,-0.3858169042,3.538965993,-4.093401983
19.21,-68.02227645,0.03599777958,0.5861139775,0.3234769614,0,-0.387217032,3.538686984,-4.090582934
19.22,-68.01289102,0.03603952935,0.5862426707,0.3233862825,0,-0.3886202745,3.538415953,-4.087767307
19.23,-68.00351702,0.03608127633,0.5863708674,0.3232960013,0,-0.3900266278,3.538152889,-4.084955106
19.24,-67.99415445,0.03612302035,0.5864985685,0.3232061168,0,-0.3914360878,3.537897782,-4.082146335
19.25,-67.98480333,0.03616476121,0.586625775,0.3231166283,0,-0.3928486504,3.53765062,-4.079341
19.26,-67.97546368,0.03620649873,0.5867524878,0.3230275348,0,-0.3942643115,3.537411394,-4.076539103
19.27,-67.9661355,0.03624823275,0.5868787077,0.3229388354,0,-0.3956830667,3.537180092,-4.073740649
19.28,-67.95681881,0.03628996306,0.5870044359,0.3228505291,0,-0.3971049119,3.536956703,-4.070945642
19.29,-67.94751362,0.03633168949,0.587129673,0.3227626153,0,-0.3985298426,3.536741218,-4.068154087
19.3,-67.93821996,0.03637341187,0.5872544202,0.3226750928,0,-0.3999578544,3.536533625,-4.065365987
19.31,-67.92893782,0.03641513,0.5873786782,0.3225879609,0,-0.4013889429,3.536333913,-4.062581347
19.32,-67.91966723,0.03645684371,0.5875024481,0.3225012187,0,-0.4028231035,3.536142072,-4.05980017
19.33,-67.9104082,0.03649855282,0.5876257308,0.3224148652,0,-0.4042603317,3.53595809,-4.057022461
19.34,-67.90116074,0.03654025715,0.5877485271,0.3223288996,0,-0.4057006228,3.535781958,-4.054248223
19.35,-67.89192487,0.03658195651,0.5878708379,0.3222433209,0,-0.407143972,3.535613663,-4.051477461
19.36,-67.88270059,0.03662365073,0.5879926643,0.3221581284,0,-0.4085903746,3.535453194,-4.048710178
19.37,-67.87348793,0.03666533963,0.5881140072,0.3220733211,0,-0.4100398258,3.535300542,-4.045946378
19.38,-67.86428688,0.03670702301,0.5882348673,0.3219888982,0,-0.4114923207,3.535155694,-4.043186065
19.39,-67.85509748,0.03674870072,0.5883552457,0.3219048586,0,-0.4129478544,3.53501864,-4.040429243
19.4,-67.84591972,0.03679037256,0.5884751433,0.3218212017,0,-0.4144064218,3.534889369,-4.037675916
19.41,-67.83675362,0.03683203835,0.588594561,0.3217379264,0,-0.4158680178,3.534767869,-4.034926087
19.42,-67.8275992,0.03687369792,0.5887134997,0.321655032,0,-0.4173326374,3.534654129,-4.03217976
19.43,-67.81845646,0.03691535108,0.5888319603,0.3215725174,0,-0.4188002753,3.534548138,-4.029436938
19.44,-67.80932542,0.03695699766,0.5889499437,0.3214903819,0,-0.4202709264,3.534449885,-4.026697627
19.45,-67.80020609,0.03699863748,0.5890674509,0.3214086246,0,-0.4217445852,3.534359358,-4.023961828
19.46,-67.79109848,0.03704027035,0.5891844828,0.3213272445,0,-0.4232212465,3.534276546,-4.021229545
19.47,-67.78200261,0.0370818961,0.5893010402,0.3212462409,0,-0.4247009048,3.534201438,-4.018500783
19.48,-67.77291848,0.03712351455,0.5894171241,0.3211656128,0,-0.4261835546,3.534134023,-4.015775545
19.49,-67.76384611,0.03716512552,0.5895327354,0.3210853594,0,-0.4276691903,3.534074289,-4.013053834
19.5,-67.75478551,0.03720672884,0.589647875,0.3210054797,0,-0.4291578065,3.534022224,-4.010335654
19.51,-67.74573669,0.03724832431,0.5897625437,0.320925973,0,-0.4306493973,3.533977817,-4.007621008
19.52,-67.73669966,0.03728991177,0.5898767427,0.3208468383,0,-0.4321439572,3.533941057,-4.004909899
19.53,-67.72767444,0.03733149103,0.5899904726,0.3207680747,0,-0.4336414802,3.533911932,-4.002202332
19.54,-67.71866103,0.03737306192,0.5901037345,0.3206896815,0,-0.4351419606,3.533890431,-3.999498309
19.55,-67.70965945,0.03741462427,0.5902165292,0.3206116577,0,-0.4366453924,3.533876541,-3.996797834
19.56,-67.7006697,0.03745617788,0.5903288576,0.3205340024,0,-0.4381517697,3.533870252,-3.99410091
19.57,-67.6916918,0.03749772258,0.5904407207,0.3204567148,0,-0.4396610865,3.533871551,-3.991407541
19.58,-67.68272576,0.03753925821,0.5905521194,0.320379794,0,-0.4411733367,3.533880427,-3.988717729
19.59,-67.67377159,0.03758078457,0.5906630545,0.3203032392,0,-0.442688514,3.533896869,-3.986031478
19.6,-67.6648293,0.03762230149,0.5907735269,0.3202270495,0,-0.4442066124,3.533920864,-3.983348791
19.61,-67.65589891,0.03766380879,0.5908835377,0.320151224,0,-0.4457276256,3.5339524,-3.980669672
19.62,-67.64698041,0.0377053063,0.5909930875,0.3200757619,0,-0.4472515471,3.533991467,-3.977994123
19.63,-67.63807383,0.03774679384,0.5911021775,0.3200006622,0,-0.4487783708,3.534038051,-3.975322148
19.64,-67.62917916,0.03778827123,0.5912108084,0.3199259242,0,-0.45030809,3.534092142,-3.972653749
19.65,-67.62029643,0.0378297383,0.5913189812,0.319851547,0,-0.4518406983,3.534153726,-3.96998893
19.66,-67.61142565,0.03787119486,0.5914266967,0.3197775297,0,-0.4533761892,3.534222793,-3.967327695
19.67,-67.60256682,0.03791264075,0.5915339559,0.3197038714,0,-0.4549145559,3.534299331,-3.964670045
19.68,-67.59371995,0.03795407578,0.5916407597,0.3196305713,0,-0.4564557919,3.534383327,-3.962015984
19.69,-67.58488505,0.03799549978,0.5917471089,0.3195576285,0,-0.4579998904,3.534474769,-3.959365515
19.7,-67.57606214,0.03803691257,0.5918530044,0.3194850423,0,-0.4595468445,3.534573645,-3.956718641
19.71,-67.56725122,0.03807831399,0.5919584472,0.3194128116,0,-0.4610966475,3.534679943,-3.954075365
19.72,-67.5584523,0.03811970384,0.5920634382,0.3193409357,0,-0.4626492923,3.534793652,-3.95143569
19.73,-67.54966539,0.03816108196,0.5921679782,0.3192694137,0,-0.4642047721,3.534914758,-3.948799618
19.74,-67.54089051,0.03820244817,0.5922720681,0.3191982448,0,-0.4657630797,3.53504325,-3.946167153
19.75,-67.53212766,0.03824380229,0.5923757088,0.3191274281,0,-0.467324208,3.535179116,-3.943538297
19.76,-67.52337685,0.03828514416,0.5924789012,0.3190569627,0,-0.46888815,3.535322343,-3.940913054
19.77,-67.51463808,0.03832647358,0.5925816463,0.3189868478,0,-0.4704548983,3.535472919,-3.938291425
19.78,-67.50591138,0.0383677904,0.5926839448,0.3189170826,0,-0.4720244457,3.535630831,-3.935673414
19.79,-67.49719675,0.03840909443,0.5927857978,0.3188476662,0,-0.4735967848,3.535796068,-3.933059024
19.8,-67.48849419,0.0384503855,0.592887206,0.3187785977,0,-0.4751719082,3.535968617,-3.930448257
19.81,-67.47980372,0.03849166344,0.5929881704,0.3187098764,0,-0.4767498085,3.536148466,-3.927841115
19.82,-67.47112534,0.03853292807,0.5930886918,0.3186415012,0,-0.4783304781,3.536335602,-3.925237603
19.83,-67.46245907,0.03857417921,0.5931887712,0.3185734716,0,-0.4799139095,3.536530012,-3.922637721
19.84,-67.45380491,0.0386154167,0.5932884094,0.3185057864,0,-0.4815000951,3.536731685,-3.920041474
19.85,-67.44516288,0.03865664035,0.5933876073,0.318438445,0,-0.483089027,3.536940608,-3.917448863
19.86,-67.43653297,0.03869785,0.5934863658,0.3183714465,0,-0.4846806975,3.537156768,-3.914859891
19.87,-67.4279152,0.03873904547,0.5935846858,0.31830479,0,-0.4862750989,3.537380153,-3.912274561
19.88,-67.41930958,0.03878022659,0.5936825682,0.3182384747,0,-0.4878722233,3.537610749,-3.909692875
19.89,-67.41071612,0.03882139318,0.5937800138,0.3181724998,0,-0.4894720626,3.537848546,-3.907114836
19.9,-67.40213482,0.03886254507,0.5938770236,0.3181068644,0,-0.4910746089,3.538093529,-3.904540446
19.91,-67.39356569,0.03890368209,0.5939735984,0.3180415677,0,-0.4926798542,3.538345686,-3.901969707
19.92,-67.38500874,0.03894480406,0.5940697391,0.3179766088,0,-0.4942877903,3.538605005,-3.899402623
19.93,-67.37646399,0.03898591081,0.5941654465,0.3179119869,0,-0.495898409,3.538871473,-3.896839196
19.94,-67.36793142,0.03902700218,0.5942607217,0.3178477011,0,-0.497511702,3.539145076,-3.894279427
19.95,-67.35941107,0.03906807798,0.5943555654,0.3177837508,0,-0.4991276612,3.539425803,-3.89172332
19.96,-67.35090292,0.03910913804,0.5944499785,0.3177201349,0,-0.5007462781,3.53971364,-3.889170877
19.97,-67.342407,0.0391501822,0.5945439619,0.3176568526,0,-0.5023675443,3.540008575,-3.8866221
19.98,-67.3339233,0.03919121027,0.5946375165,0.3175939032,0,-0.5039914514,3.540310594,-3.884076991
19.99,-67.32545184,0.03923222209,0.5947306432,0.3175312858,0,-0.5056179907,3.540619685,-3.881535553
20,-67.31699263,0.03927321749,0.5948233428,0.3174689996,0,-0.5072471538,3.540935835,-3.878997789
20.01,-67.30854567,0.03931419629,0.5949156162,0.3174070437,0,-0.5088789318,3.54125903,-3.8764637
20.02,-67.30011096,0.03935515833,0.5950074643,0.3173454173,0,-0.5105133162,3.541589259,-3.873933288
20.03,-67.29168852,0.03939610343,0.5950988879,0.3172841196,0,-0.5121502982,3.541926507,-3.871406556
20.04,-67.28327836,0.03943703141,0.595189888,0.3172231498,0,-0.5137898688,3.542270762,-3.868883507
20.05,-67.27488047,0.03947794212,0.5952804654,0.317162507,0,-0.5154320193,3.542622011,-3.866364141
20.06,-67.26649487,0.03951883537,0.595370621,0.3171021903,0,-0.5170767406,3.54298024,-3.863848462
20.07,-67.25812157,0.03955971101,0.5954603556,0.3170421991,0,-0.5187240238,3.543345437,-3.861336472
20.08,-67.24976058,0.03960056884,0.5955496702,0.3169825324,0,-0.5203738598,3.543717588,-3.858828173
20.09,-67.24141189,0.03964140872,0.5956385656,0.3169231895,0,-0.5220262394,3.54409668,-3.856323566
20.1,-67.23307552,0.03968223046,0.5957270426,0.3168641695,0,-0.5236811535,3.5444827,-3.853822655
20.11,-67.22475147,0.0397230339,0.5958151022,0.3168054715,0,-0.5253385928,3.544875634,-3.85132544
20.12,-67.21643975,0.03976381886,0.5959027452,0.3167470948,0,-0.526998548,3.54527547,-3.848831925
20.13,-67.20814037,0.03980458518,0.5959899725,0.3166890386,0,-0.5286610097,3.545682194,-3.846342111
20.14,-67.19985333,0.03984533268,0.5960767849,0.316631302,0,-0.5303259686,3.546095793,-3.843856
20.15,-67.19157865,0.0398860612,0.5961631833,0.3165738843,0,-0.5319934151,3.546516253,-3.841373595
20.16,-67.18331632,0.03992677057,0.5962491686,0.3165167845,0,-0.5336633397,3.54694356,-3.838894896
20.17,-67.17506636,0.03996746062,0.5963347417,0.3164600019,0,-0.5353357327,3.547377703,-3.836419907
20.18,-67.16682876,0.04000813117,0.5964199034,0.3164035357,0,-0.5370105846,3.547818666,-3.833948629
20.19,-67.15860355,0.04004878207,0.5965046545,0.316347385,0,-0.5386878856,3.548266437,-3.831481065
20.2,-67.15039072,0.04008941313,0.596588996,0.3162915491,0,-0.540367626,3.548721003,-3.829017215
20.21,-67.14219027,0.0401300242,0.5966729287,0.3162360271,0,-0.5420497958,3.549182348,-3.826557082
20.22,-67.13400223,0.0401706151,0.5967564535,0.3161808182,0,-0.5437343853,3.549650461,-3.824100668
20.23,-67.12582658,0.04021118567,0.5968395712,0.3161259216,0,-0.5454213844,3.550125327,-3.821647975
20.24,-67.11766335,0.04025173574,0.5969222827,0.3160713365,0,-0.5471107831,3.550606934,-3.819199005
20.25,-67.10951253,0.04029226513,0.5970045888,0.3160170622,0,-0.5488025715,3.551095266,-3.816753759
20.26,-67.10137413,0.04033277369,0.5970864905,0.3159630977,0,-0.5504967393,3.55159031,-3.814312239
20.27,-67.09324816,0.04037326123,0.5971679885,0.3159094422,0,-0.5521932763,3.552092054,-3.811874447
20.28,-67.08513462,0.04041372761,0.5972490838,0.3158560951,0,-0.5538921724,3.552600482,-3.809440385
20.29,-67.07703352,0.04045417264,0.5973297772,0.3158030554,0,-0.5555934173,3.553115582,-3.807010055
20.3,-67.06894486,0.04049459617,0.5974100695,0.3157503224,0,-0.5572970005,3.55363734,-3.804583459
20.31,-67.06086866,0.04053499802,0.5974899616,0.3156978952,0,-0.5590029117,3.554165741,-3.802160597
20.32,-67.05280491,0.04057537802,0.5975694544,0.3156457732,0,-0.5607111403,3.554700772,-3.799741473
20.33,-67.04475362,0.04061573602,0.5976485487,0.3155939553,0,-0.5624216759,3.555242419,-3.797326087
20.34,-67.0367148,0.04065607184,0.5977272454,0.3155424409,0,-0.5641345079,3.555790668,-3.794914441
20.35,-67.02868846,0.04069638531,0.5978055454,0.3154912292,0,-0.5658496256,3.556345506,-3.792506538
20.36,-67.02067459,0.04073667628,0.5978834494,0.3154403193,0,-0.5675670183,3.556906917,-3.790102378
20.37,-67.01267321,0.04077694457,0.5979609584,0.3153897105,0,-0.5692866753,3.557474889,-3.787701963
20.38,-67.00468432,0.04081719001,0.5980380731,0.315339402,0,-0.5710085857,3.558049407,-3.785305296
20.39,-66.99670792,0.04085741245,0.5981147946,0.3152893929,0,-0.5727327387,3.558630458,-3.782912377
20.4,-66.98874403,0.04089761172,0.5981911235,0.3152396825,0,-0.5744591234,3.559218026,-3.780523208
20.41,-66.98079264,0.04093778765,0.5982670607,0.31519027,0,-0.5761877286,3.559812099,-3.778137792
20.42,-66.97285376,0.04097794007,0.5983426072,0.3151411546,0,-0.5779185435,3.560412661,-3.775756128
20.43,-66.9649274,0.04101806882,0.5984177638,0.3150923354,0,-0.5796515569,3.5610197,-3.77337822
20.44,-66.95701356,0.04105817373,0.5984925312,0.3150438118,0,-0.5813867577,3.5616332,-3.771004069
20.45,-66.94911225,0.04109825465,0.5985669104,0.3149955829,0,-0.5831241346,3.562253147,-3.768633675
20.46,-66.94122347,0.0411383114,0.5986409022,0.3149476479,0,-0.5848636763,3.562879528,-3.766267041
20.47,-66.93334723,0.04117834382,0.5987145074,0.3149000061,0,-0.5866053715,3.563512328,-3.763904168
20.48,-66.92548353,0.04121835174,0.598787727,0.3148526566,0,-0.5883492089,3.564151532,-3.761545058
20.49,-66.91763237,0.041258335,0.5988605616,0.3148055986,0,-0.5900951771,3.564797126,-3.759189712
20.5,-66.90979377,0.04129829344,0.5989330123,0.3147588314,0,-0.5918432644,3.565449097,-3.756838132
20.51,-66.90196773,0.0413382269,0.5990050798,0.3147123543,0,-0.5935934593,3.566107429,-3.754490319
20.52,-66.89415425,0.0413781352,0.599076765,0.3146661663,0,-0.5953457503,3.566772109,-3.752146275
20.53,-66.88635333,0.04141801818,0.5991480688,0.3146202668,0,-0.5971001257,3.567443121,-3.749806
20.54,-66.87856499,0.04145787569,0.5992189918,0.3145746549,0,-0.5988565738,3.568120452,-3.747469497
20.55,-66.87078922,0.04149770755,0.5992895352,0.3145293298,0,-0.6006150827,3.568804086,-3.745136767
20.56,-66.86302604,0.0415375136,0.5993596995,0.3144842909,0,-0.6023756407,3.56949401,-3.742807811
20.57,-66.85527544,0.04157729369,0.5994294858,0.3144395372,0,-0.6041382358,3.570190209,-3.740482631
20.58,-66.84753742,0.04161704764,0.5994988948,0.3143950681,0,-0.6059028561,3.570892668,-3.738161227
20.59,-66.83981201,0.04165677529,0.5995679274,0.3143508827,0,-0.6076694897,3.571601372,-3.735843603
20.6,-66.83209919,0.04169647649,0.5996365844,0.3143069803,0,-0.6094381244,3.572316308,-3.733529758
20.61,-66.82439898,0.04173615107,0.5997048666,0.31426336,0,-0.6112087482,3.57303746,-3.731219694
20.62,-66.81671137,0.04177579886,0.599772775,0.3142200212,0,-0.6129813488,3.573764813,-3.728913412
20.63,-66.80903638,0.0418154197,0.5998403103,0.3141769631,0,-0.6147559141,3.574498354,-3.726610914
20.64,-66.80137401,0.04185501344,0.5999074734,0.3141341848,0,-0.6165324319,3.575238067,-3.724312202
20.65,-66.79372425,0.0418945799,0.5999742651,0.3140916856,0,-0.6183108896,3.575983938,-3.722017275
20.66,-66.78608712,0.04193411893,0.6000406863,0.3140494647,0,-0.6200912751,3.576735951,-3.719726137
20.67,-66.77846262,0.04197363037,0.6001067377,0.3140075214,0,-0.6218735758,3.577494092,-3.717438787
20.68,-66.77085076,0.04201311405,0.6001724203,0.3139658549,0,-0.6236577792,3.578258346,-3.715155228
20.69,-66.76325153,0.04205256981,0.6002377348,0.3139244644,0,-0.6254438729,3.579028698,-3.71287546
20.7,-66.75566495,0.0420919975,0.6003026821,0.3138833492,0,-0.6272318441,3.579805134,-3.710599484
20.71,-66.74809101,0.04213139694,0.600367263,0.3138425084,0,-0.6290216803,3.580587638,-3.708327303
20.72,-66.74052972,0.04217076798,0.6004314784,0.3138019414,0,-0.6308133687,3.581376195,-3.706058916
20.73,-66.73298109,0.04221011046,0.6004953291,0.3137616473,0,-0.6326068966,3.582170791,-3.703794327
20.74,-66.72544511,0.04224942422,0.600558816,0.3137216254,0,-0.6344022511,3.58297141,-3.701533534
20.75,-66.7179218,0.04228870909,0.6006219397,0.3136818749,0,-0.6361994195,3.583778037,-3.699276541
20.76,-66.71041116,0.04232796491,0.6006847013,0.3136423951,0,-0.6379983886,3.584590658,-3.697023347
20.77,-66.70291318,0.04236719154,0.6007471015,0.3136031852,0,-0.6397991457,3.585409257,-3.694773955
20.78,-66.69542788,0.0424063888,0.6008091411,0.3135642444,0,-0.6416016776,3.586233819,-3.692528364
20.79,-66.68795526,0.04244555653,0.6008708211,0.3135255721,0,-0.6434059713,3.587064328,-3.690286578
20.8,-66.68049532,0.04248469458,0.6009321421,0.3134871673,0,-0.6452120136,3.587900771,-3.688048596
20.81,-66.67304806,0.04252380278,0.600993105,0.3134490294,0,-0.6470197913,3.588743131,-3.685814419
20.82,-66.6656135,0.04256288098,0.6010537108,0.3134111577,0,-0.6488292913,3.589591393,-3.683584049
20.83,-66.65819163,0.04260192901,0.6011139601,0.3133735513,0,-0.6506405001,3.590445542,-3.681357488
20.84,-66.65078245,0.04264094672,0.6011738538,0.3133362094,0,-0.6524534045,3.591305563,-3.679134735
20.85,-66.64338598,0.04267993395,0.6012333928,0.3132991315,0,-0.654267991,3.59217144,-3.676915793
20.86,-66.6360022,0.04271889054,0.6012925778,0.3132623166,0,-0.6560842463,3.593043158,-3.674700661
20.87,-66.62863114,0.04275781633,0.6013514098,0.3132257641,0,-0.6579021567,3.593920701,-3.672489343
20.88,-66.62127279,0.04279671116,0.6014098894,0.3131894731,0,-0.6597217088,3.594804055,-3.670281837
20.89,-66.61392715,0.04283557487,0.6014680176,0.313153443,0,-0.6615428889,3.595693204,-3.668078146
20.9,-66.60659423,0.04287440731,0.6015257952,0.313117673,0,-0.6633656833,3.596588132,-3.66587827
20.91,-66.59927404,0.04291320831,0.601583223,0.3130821624,0,-0.6651900784,3.597488823,-3.663682211
20.92,-66.59196657,0.04295197772,0.6016403017,0.3130469103,0,-0.6670160604,3.598395263,-3.66148997
20.93,-66.58467182,0.04299071537,0.6016970323,0.3130119161,0,-0.6688436155,3.599307436,-3.659301547
20.94,-66.57738981,0.04302942112,0.6017534156,0.3129771789,0,-0.6706727298,3.600225325,-3.657116944
20.95,-66.57012054,0.04306809481,0.6018094523,0.3129426982,0,-0.6725033894,3.601148917,-3.654936161
20.96,-66.562864,0.04310673627,0.6018651433,0.312908473,0,-0.6743355803,3.602078194,-3.6527592
20.97,-66.55562021,0.04314534534,0.6019204894,0.3128745027,0,-0.6761692885,3.603013141,-3.650586062
20.98,-66.54838916,0.04318392188,0.6019754915,0.3128407866,0,-0.6780044999,3.603953742,-3.648416747
20.99,-66.54117086,0.04322246573,0.6020301503,0.3128073238,0,-0.6798412004,3.604899983,-3.646251257
21,-66.53396531,0.04326097672,0.6020844667,0.3127741137,0,-0.6816793759,3.605851846,-3.644089593
21.01,-66.52677252,0.0432994547,0.6021384415,0.3127411554,0,-0.6835190121,3.606809317,-3.641931755
21.02,-66.51959248,0.04333789951,0.6021920754,0.3127084484,0,-0.6853600948,3.607772379,-3.639777745
21.03,-66.51242521,0.04337631101,0.6022453694,0.3126759917,0,-0.6872026096,3.608741017,-3.637627563
21.04,-66.5052707,0.04341468902,0.6022983242,0.3126437848,0,-0.6890465421,3.609715214,-3.63548121
21.05,-66.49812896,0.04345303339,0.6023509407,0.3126118268,0,-0.690891878,3.610694955,-3.633338688
21.06,-66.49099999,0.04349134398,0.6024032196,0.3125801171,0,-0.6927386028,3.611680225,-3.631199997
21.07,-66.48388379,0.04352962061,0.6024551618,0.3125486548,0,-0.6945867019,3.612671005,-3.629065138
21.08,-66.47678037,0.04356786315,0.6025067681,0.3125174393,0,-0.6964361608,3.613667282,-3.626934112
21.09,-66.46968973,0.04360607142,0.6025580392,0.3124864698,0,-0.6982869648,3.614669039,-3.62480692
21.1,-66.46261188,0.04364424528,0.6026089761,0.3124557456,0,-0.7001390994,3.61567626,-3.622683563
21.11,-66.45554681,0.04368238456,0.6026595796,0.3124252659,0,-0.7019925497,3.616688928,-3.620564042
21.12,-66.44849452,0.04372048912,0.6027098503,0.3123950301,0,-0.7038473011,3.617707029,-3.618448357
21.13,-66.44145503,0.0437585588,0.6027597892,0.3123650374,0,-0.7057033386,3.618730544,-3.61633651
21.14,-66.43442834,0.04379659345,0.6028093971,0.312335287,0,-0.7075606475,3.61975946,-3.614228502
21.15,-66.42741444,0.0438345929,0.6028586747,0.3123057783,0,-0.7094192129,3.620793758,-3.612124333
21.16,-66.42041334,0.043872557,0.6029076229,0.3122765106,0,-0.7112790197,3.621833423,-3.610024003
21.17,-66.41342505,0.04391048561,0.6029562425,0.312247483,0,-0.713140053,3.62287844,-3.607927515
21.18,-66.40644956,0.04394837856,0.6030045343,0.3122186949,0,-0.7150022978,3.62392879,-3.605834869
21.19,-66.39948688,0.0439862357,0.6030524991,0.3121901455,0,-0.7168657389,3.624984459,-3.603746065
21.2,-66.39253702,0.04402405688,0.6031001377,0.3121618342,0,-0.7187303611,3.62604543,-3.601661105
21.21,-66.38559996,0.04406184194,0.6031474509,0.3121337601,0,-0.7205961494,3.627111686,-3.599579989
21.22,-66.37867573,0.04409959073,0.6031944395,0.3121059227,0,-0.7224630884,3.628183212,-3.597502719
21.23,-66.37176431,0.04413730309,0.6032411043,0.3120783211,0,-0.7243311629,3.62925999,-3.595429294
21.24,-66.36486572,0.04417497887,0.6032874462,0.3120509546,0,-0.7262003575,3.630342004,-3.593359716
21.25,-66.35797995,0.04421261793,0.6033334659,0.3120238226,0,-0.7280706569,3.631429238,-3.591293986
21.26,-66.35110701,0.04425022009,0.6033791642,0.3119969243,0,-0.7299420455,3.632521675,-3.589232104
21.27,-66.3442469,0.04428778522,0.603424542,0.311970259,0,-0.7318145081,3.633619299,-3.587174071
21.28,-66.33739963,0.04432531315,0.6034696,0.311943826,0,-0.733688029,3.634722094,-3.585119889
21.29,-66.33056519,0.04436280374,0.6035143391,0.3119176245,0,-0.7355625927,3.635830041,-3.583069557
21.3,-66.32374359,0.04440025684,0.60355876,0.3118916539,0,-0.7374381835,3.636943126,-3.581023076
21.31,-66.31693483,0.04443767228,0.6036028635,0.3118659134,0,-0.7393147859,3.638061331,-3.578980448
21.32,-66.31013891,0.04447504992,0.6036466505,0.3118404023,0,-0.741192384,3.639184639,-3.576941673
21.33,-66.30335584,0.0445123896,0.6036901217,0.3118151199,0,-0.7430709623,3.640313035,-3.574906752
21.34,-66.29658562,0.04454969118,0.603733278,0.3117900656,0,-0.7449505048,3.6414465,-3.572875685
21.35,-66.28982825,0.04458695449,0.6037761201,0.3117652386,0,-0.7468309958,3.642585019,-3.570848474
21.36,-66.28308373,0.0446241794,0.6038186489,0.3117406381,0,-0.7487124194,3.643728575,-3.568825119
21.37,-66.27635207,0.04466136574,0.6038608651,0.3117162635,0,-0.7505947596,3.64487715,-3.56680562
21.38,-66.26963327,0.04469851337,0.6039027696,0.3116921141,0,-0.7524780005,3.646030728,-3.56478998
21.39,-66.26292732,0.04473562213,0.603944363,0.3116681892,0,-0.7543621261,3.647189293,-3.562778197
21.4,-66.25623425,0.04477269187,0.6039856463,0.311644488,0,-0.7562471203,3.648352826,-3.560770274
21.41,-66.24955403,0.04480972245,0.6040266203,0.3116210099,0,-0.7581329671,3.649521311,-3.55876621
21.42,-66.24288669,0.0448467137,0.6040672856,0.3115977541,0,-0.7600196502,3.650694732,-3.556766007
21.43,-66.23623222,0.04488366548,0.6041076432,0.31157472,0,-0.7619071536,3.651873071,-3.554769665
21.44,-66.22959061,0.04492057765,0.6041476938,0.3115519068,0,-0.7637954609,3.65305631,-3.552777184
21.45,-66.22296189,0.04495745003,0.6041874381,0.3115293139,0,-0.765684556,3.654244434,-3.550788567
21.46,-66.21634604,0.0449942825,0.6042268771,0.3115069406,0,-0.7675744225,3.655437425,-3.548803813
21.47,-66.20974307,0.04503107489,0.6042660115,0.3114847861,0,-0.769465044,3.656635266,-3.546822922
21.48,-66.20315299,0.04506782706,0.604304842,0.3114628498,0,-0.7713564042,3.657837939,-3.544845897
21.49,-66.19657579,0.04510453886,0.6043433695,0.3114411309,0,-0.7732484866,3.659045428,-3.542872736
21.5,-66.19001147,0.04514121013,0.6043815948,0.3114196288,0,-0.7751412748,3.660257716,-3.540903442
21.51,-66.18346005,0.04517784073,0.6044195186,0.3113983428,0,-0.7770347522,3.661474784,-3.538938015
21.52,-66.17692151,0.0452144305,0.6044571418,0.3113772722,0,-0.7789289023,3.662696616,-3.536976454
21.53,-66.17039587,0.0452509793,0.6044944651,0.3113564162,0,-0.7808237085,3.663923195,-3.535018762
21.54,-66.16388313,0.04528748699,0.6045314893,0.3113357742,0,-0.7827191541,3.665154502,-3.533064939
21.55,-66.15738328,0.04532395339,0.6045682153,0.3113153455,0,-0.7846152224,3.666390522,-3.531114985
21.56,-66.15089634,0.04536037838,0.6046046437,0.3112951295,0,-0.7865118968,3.667631236,-3.529168901
21.57,-66.14442229,0.0453967618,0.6046407754,0.3112751254,0,-0.7884091604,3.668876627,-3.527226688
21.58,-66.13796115,0.04543310351,0.6046766112,0.3112553324,0,-0.7903069965,3.670126677,-3.525288346
21.59,-66.13151292,0.04546940334,0.6047121519,0.3112357501,0,-0.7922053882,3.67138137,-3.523353876
21.6,-66.1250776,0.04550566116,0.6047473982,0.3112163776,0,-0.7941043187,3.672640687,-3.521423279
21.61,-66.11865518,0.04554187682,0.6047823509,0.3111972142,0,-0.796003771,3.673904611,-3.519496555
21.62,-66.11224568,0.04557805016,0.6048170109,0.3111782594,0,-0.7979037281,3.675173125,-3.517573705
21.63,-66.1058491,0.04561418105,0.6048513788,0.3111595124,0,-0.7998041731,3.676446211,-3.515654729
21.64,-66.09946543,0.04565026932,0.6048854555,0.3111409724,0,-0.801705089,3.67772385,-3.513739629
21.65,-66.09309468,0.04568631484,0.6049192418,0.3111226389,0,-0.8036064586,3.679006027,-3.511828404
21.66,-66.08673685,0.04572231746,0.6049527384,0.3111045112,0,-0.8055082648,3.680292722,-3.509921056
21.67,-66.08039195,0.04575827703,0.6049859462,0.3110865886,0,-0.8074104906,3.681583919,-3.508017585
21.68,-66.07405997,0.0457941934,0.6050188659,0.3110688703,0,-0.8093131186,3.682879599,-3.506117991
21.69,-66.06774092,0.04583006642,0.6050514983,0.3110513557,0,-0.8112161317,3.684179744,-3.504222276
21.7,-66.0614348,0.04586589595,0.6050838441,0.3110340442,0,-0.8131195127,3.685484338,-3.502330439
21.71,-66.05514161,0.04590168184,0.6051159042,0.3110169351,0,-0.8150232442,3.686793361,-3.500442482
21.72,-66.04886135,0.04593742395,0.6051476794,0.3110000276,0,-0.8169273088,3.688106797,-3.498558405
21.73,-66.04259403,0.04597312212,0.6051791703,0.3109833211,0,-0.8188316893,3.689424627,-3.496678209
21.74,-66.03633965,0.04600877622,0.6052103779,0.310966815,0,-0.8207363681,3.690746834,-3.494801894
21.75,-66.0300982,0.04604438609,0.6052413028,0.3109505085,0,-0.822641328,3.692073399,-3.492929461
21.76,-66.0238697,0.04607995158,0.6052719459,0.3109344011,0,-0.8245465513,3.693404304,-3.49106091
21.77,-66.01765414,0.04611547256,0.6053023079,0.3109184919,0,-0.8264520206,3.694739532,-3.489196242
21.78,-66.01145153,0.04615094888,0.6053323896,0.3109027804,0,-0.8283577183,3.696079064,-3.487335458
21.79,-66.00526186,0.04618638039,0.6053621917,0.3108872658,0,-0.8302636268,3.697422883,-3.485478558
21.8,-65.99908514,0.04622176694,0.6053917152,0.3108719476,0,-0.8321697286,3.698770969,-3.483625542
21.81,-65.99292137,0.04625710839,0.6054209606,0.310856825,0,-0.8340760059,3.700123306,-3.481776412
21.82,-65.98677056,0.04629240459,0.6054499289,0.3108418973,0,-0.8359824411,3.701479875,-3.479931168
21.83,-65.9806327,0.04632765541,0.6054786208,0.310827164,0,-0.8378890164,3.702840658,-3.47808981
21.84,-65.9745078,0.04636286069,0.605507037,0.3108126243,0,-0.8397957141,3.704205636,-3.476252339
21.85,-65.96839585,0.04639802029,0.6055351783,0.3107982775,0,-0.8417025164,3.705574792,-3.474418755
21.86,-65.96229687,0.04643313406,0.6055630455,0.3107841231,0,-0.8436094056,3.706948106,-3.47258906
21.87,-65.95621084,0.04646820187,0.6055906394,0.3107701603,0,-0.8455163636,3.708325561,-3.470763253
21.88,-65.95013779,0.04650322356,0.6056179607,0.3107563885,0,-0.8474233727,3.709707139,-3.468941336
21.89,-65.94407769,0.04653819899,0.6056450103,0.310742807,0,-0.8493304149,3.711092821,-3.467123308
21.9,-65.93803057,0.04657312802,0.6056717888,0.3107294152,0,-0.8512374723,3.712482588,-3.465309171
21.91,-65.93199641,0.04660801051,0.6056982971,0.3107162124,0,-0.8531445269,3.713876423,-3.463498924
21.92,-65.92597523,0.0466428463,0.605724536,0.3107031979,0,-0.8550515606,3.715274306,-3.461692569
21.93,-65.91996702,0.04667763526,0.6057505061,0.310690371,0,-0.8569585555,3.71667622,-3.459890105
21.94,-65.91397178,0.04671237725,0.6057762082,0.3106777313,0,-0.8588654934,3.718082146,-3.458091534
21.95,-65.90798952,0.04674707211,0.6058016433,0.3106652778,0,-0.8607723563,3.719492064,-3.456296856
21.96,-65.90202024,0.04678171971,0.6058268119,0.3106530101,0,-0.8626791259,3.720905958,-3.454506072
21.97,-65.89606394,0.04681631991,0.6058517148,0.3106409275,0,-0.8645857842,3.722323807,-3.452719181
21.98,-65.89012062,0.04685087255,0.6058763529,0.3106290292,0,-0.866492313,3.723745594,-3.450936185
21.99,-65.88419028,0.04688537751,0.6059007269,0.3106173147,0,-0.8683986939,3.7251713,-3.449157084
22,-65.87827293,0.04691983463,0.6059248376,0.3106057833,0,-0.8703049089,3.726600906,-3.447381878
22.01,-65.87236856,0.04695424377,0.6059486857,0.3105944343,0,-0.8722109394,3.728034393,-3.445610569
22.02,-65.86647719,0.04698860479,0.605972272,0.3105832672,0,-0.8741167674,3.729471743,-3.443843156
22.03,-65.8605988,0.04702291756,0.6059955973,0.3105722812,0,-0.8760223743,3.730912937,-3.44207964
22.04,-65.8547334,0.04705718192,0.6060186622,0.3105614757,0,-0.8779277419,3.732357956,-3.440320021
22.05,-65.848881,0.04709139774,0.6060414677,0.31055085,0,-0.8798328518,3.733806782,-3.438564301
22.06,-65.8430416,0.04712556487,0.6060640144,0.3105404035,0,-0.8817376854,3.735259394,-3.436812479
22.07,-65.83721519,0.04715968318,0.6060863031,0.3105301356,0,-0.8836422244,3.736715776,-3.435064556
22.08,-65.83140178,0.04719375251,0.6061083347,0.3105200456,0,-0.8855464503,3.738175906,-3.433320533
22.09,-65.82560137,0.04722777274,0.6061301097,0.3105101329,0,-0.8874503446,3.739639768,-3.43158041
22.1,-65.81981396,0.04726174372,0.606151629,0.3105003968,0,-0.8893538887,3.741107341,-3.429844188
22.11,-65.81403955,0.04729566531,0.6061728934,0.3104908367,0,-0.8912570641,3.742578607,-3.428111866
22.12,-65.80827815,0.04732953737,0.6061939036,0.3104814519,0,-0.8931598522,3.744053547,-3.426383446
22.13,-65.80252976,0.04736335975,0.6062146604,0.3104722418,0,-0.8950622343,3.745532141,-3.424658928
22.14,-65.79679437,0.04739713233,0.6062351645,0.3104632058,0,-0.8969641919,3.74701437,-3.422938312
22.15,-65.791072,0.04743085495,0.6062554167,0.3104543432,0,-0.8988657064,3.748500216,-3.421221599
22.16,-65.78536263,0.04746452748,0.6062754178,0.3104456534,0,-0.9007667589,3.74998966,-3.419508789
22.17,-65.77966628,0.04749814978,0.6062951685,0.3104371357,0,-0.9026673308,3.751482681,-3.417799884
22.18,-65.77398294,0.04753172171,0.6063146695,0.3104287896,0,-0.9045674033,3.752979261,-3.416094882
22.19,-65.76831262,0.04756524313,0.6063339216,0.3104206143,0,-0.9064669578,3.754479381,-3.414393786
22.2,-65.76265531,0.0475987139,0.6063529257,0.3104126092,0,-0.9083659754,3.755983021,-3.412696594
22.21,-65.75701103,0.04763213388,0.6063716824,0.3104047738,0,-0.9102644373,3.757490163,-3.411003309
22.22,-65.75137976,0.04766550294,0.6063901924,0.3103971073,0,-0.9121623247,3.759000786,-3.409313929
22.23,-65.74576152,0.04769882093,0.6064084566,0.3103896091,0,-0.9140596187,3.760514871,-3.407628456
22.24,-65.7401563,0.04773208771,0.6064264757,0.3103822787,0,-0.9159563006,3.7620324,-3.40594689
22.25,-65.7345641,0.04776530316,0.6064442505,0.3103751153,0,-0.9178523513,3.763553352,-3.404269231
22.26,-65.72898494,0.04779846712,0.6064617816,0.3103681184,0,-0.9197477519,3.765077708,-3.402595481
22.27,-65.72341879,0.04783157947,0.6064790699,0.3103612873,0,-0.9216424836,3.76660545,-3.400925638
22.28,-65.71786568,0.04786464006,0.6064961161,0.3103546213,0,-0.9235365274,3.768136556,-3.399259705
22.29,-65.7123256,0.04789764876,0.606512921,0.31034812,0,-0.9254298643,3.769671008,-3.39759768
22.3,-65.70679855,0.04793060543,0.6065294853,0.3103417825,0,-0.9273224753,3.771208787,-3.395939566
22.31,-65.70128454,0.04796350993,0.6065458098,0.3103356084,0,-0.9292143414,3.772749872,-3.394285361
22.32,-65.69578356,0.04799636212,0.6065618951,0.310329597,0,-0.9311054436,3.774294244,-3.392635067
22.33,-65.69029561,0.04802916187,0.6065777421,0.3103237476,0,-0.9329957627,3.775841883,-3.390988684
22.34,-65.68482071,0.04806190905,0.6065933516,0.3103180596,0,-0.9348852798,3.777392771,-3.389346212
22.35,-65.67935884,0.04809460351,0.6066087242,0.3103125325,0,-0.9367739757,3.778946886,-3.387707651
22.36,-65.67391001,0.04812724512,0.6066238607,0.3103071656,0,-0.9386618314,3.78050421,-3.386073003
22.37,-65.66847423,0.04815983374,0.6066387618,0.3103019582,0,-0.9405488276,3.782064722,-3.384442268
22.38,-65.66305148,0.04819236924,0.6066534284,0.3102969098,0,-0.9424349454,3.783628404,-3.382815445
22.39,-65.65764179,0.04822485149,0.6066678611,0.3102920197,0,-0.9443201654,3.785195234,-3.381192536
22.4,-65.65224514,0.04825728033,0.6066820607,0.3102872873,0,-0.9462044686,3.786765194,-3.379573541
22.41,-65.64686153,0.04828965565,0.606696028,0.310282712,0,-0.9480878357,3.788338263,-3.377958459
22.42,-65.64149098,0.04832197731,0.6067097636,0.3102782932,0,-0.9499702475,3.789914422,-3.376347293
22.43,-65.63613347,0.04835424517,0.6067232683,0.3102740303,0,-0.9518516848,3.79149365,-3.374740041
22.44,-65.63078901,0.04838645909,0.606736543,0.3102699226,0,-0.9537321283,3.793075928,-3.373136704
22.45,-65.62545761,0.04841861894,0.6067495882,0.3102659696,0,-0.9556115589,3.794661236,-3.371537283
22.46,-65.62013926,0.0484507246,0.6067624049,0.3102621706,0,-0.9574899572,3.796249554,-3.369941779
22.47,-65.61483397,0.04848277591,0.6067749936,0.310258525,0,-0.9593673039,3.797840862,-3.36835019
22.48,-65.60954173,0.04851477276,0.6067873552,0.3102550321,0,-0.9612435798,3.799435139,-3.366762519
22.49,-65.60426255,0.048546715,0.6067994903,0.3102516915,0,-0.9631187656,3.801032366,-3.365178765
22.5,-65.59899643,0.0485786025,0.6068113998,0.3102485025,0,-0.9649928418,3.802632523,-3.363598928
22.51,-65.59374336,0.04861043514,0.6068230844,0.3102454644,0,-0.9668657892,3.804235589,-3.362023009
22.52,-65.58850336,0.04864221277,0.6068345448,0.3102425767,0,-0.9687375885,3.805841544,-3.360451009
22.53,-65.58327642,0.04867393526,0.6068457817,0.3102398388,0,-0.9706082202,3.807450369,-3.358882927
22.54,-65.57806255,0.04870560249,0.6068567959,0.31023725,0,-0.972477665,3.809062043,-3.357318764
22.55,-65.57286174,0.04873721431,0.6068675882,0.3102348097,0,-0.9743459036,3.810676546,-3.355758521
22.56,-65.56767399,0.0487687706,0.6068781592,0.3102325174,0,-0.9762129164,3.812293857,-3.354202197
22.57,-65.56249931,0.04880027122,0.6068885098,0.3102303724,0,-0.9780786841,3.813913956,-3.352649794
22.58,-65.5573377,0.04883171605,0.6068986405,0.3102283742,0,-0.9799431874,3.815536824,-3.35110131
22.59,-65.55218916,0.04886310494,0.6069085523,0.3102265221,0,-0.9818064067,3.817162439,-3.349556748
22.6,-65.54705369,0.04889443778,0.6069182458,0.3102248155,0,-0.9836683227,3.818790782,-3.348016106
22.61,-65.54193129,0.04892571442,0.6069277217,0.3102232539,0,-0.9855289158,3.820421831,-3.346479386
22.62,-65.53682196,0.04895693474,0.6069369808,0.3102218365,0,-0.9873881667,3.822055567,-3.344946587
22.63,-65.5317257,0.04898809861,0.6069460239,0.3102205629,0,-0.9892460559,3.823691969,-3.343417711
22.64,-65.52664252,0.0490192059,0.6069548516,0.3102194325,0,-0.9911025638,3.825331017,-3.341892757
22.65,-65.52157242,0.04905025647,0.6069634647,0.3102184445,0,-0.9929576712,3.82697269,-3.340371725
22.66,-65.51651539,0.0490812502,0.6069718639,0.3102175985,0,-0.9948113583,3.828616968,-3.338854617
22.67,-65.51147144,0.04911218695,0.60698005,0.3102168939,0,-0.9966636059,3.83026383,-3.337341431
22.68,-65.50644056,0.0491430666,0.6069880237,0.31021633,0,-0.9985143943,3.831913256,-3.335832169
22.69,-65.50142277,0.04917388902,0.6069957857,0.3102159063,0,-1.000363704,3.833565225,-3.334326831
22.7,-65.49641806,0.04920465407,0.6070033367,0.3102156221,0,-1.002211516,3.835219716,-3.332825418
22.71,-65.49142643,0.04923536164,0.6070106775,0.3102154769,0,-1.00405781,3.83687671,-3.331327928
22.72,-65.48644788,0.04926601159,0.6070178089,0.31021547,0,-1.005902567,3.838536184,-3.329834364
22.73,-65.48148241,0.04929660378,0.6070247315,0.310215601,0,-1.007745767,3.840198119,-3.328344724
22.74,-65.47653003,0.04932713811,0.6070314461,0.3102158691,0,-1.009587391,3.841862494,-3.326859009
22.75,-65.47159074,0.04935761443,0.6070379534,0.3102162739,0,-1.011427419,3.843529289,-3.325377221
22.76,-65.46666452,0.04938803262,0.6070442541,0.3102168147,0,-1.013265832,3.845198481,-3.323899357
22.77,-65.4617514,0.04941839255,0.607050349,0.3102174909,0,-1.01510261,3.846870052,-3.32242542
22.78,-65.45685137,0.04944869409,0.6070562388,0.3102183019,0,-1.016937734,3.848543979,-3.32095541
22.79,-65.45196442,0.04947893712,0.6070619242,0.3102192473,0,-1.018771184,3.850220242,-3.319489325
22.8,-65.44709056,0.04950912151,0.6070674059,0.3102203263,0,-1.020602941,3.851898821,-3.318027168
22.81,-65.44222979,0.04953924714,0.6070726847,0.3102215383,0,-1.022432984,3.853579694,-3.316568938
22.82,-65.43738212,0.04956931388,0.6070777613,0.310222883,0,-1.024261295,3.85526284,-3.315114635
22.83,-65.43254753,0.04959932159,0.6070826364,0.3102243595,0,-1.026087855,3.856948239,-3.313664259
22.84,-65.42772604,0.04962927017,0.6070873108,0.3102259674,0,-1.027912642,3.85863587,-3.312217812
22.85,-65.42291764,0.04965915947,0.6070917852,0.310227706,0,-1.029735639,3.860325711,-3.310775292
22.86,-65.41812233,0.04968898938,0.6070960602,0.3102295748,0,-1.031556824,3.862017743,-3.3093367
22.87,-65.41334012,0.04971875977,0.6071001366,0.3102315733,0,-1.03337618,3.863711943,-3.307902037
22.88,-65.40857101,0.04974847052,0.6071040152,0.3102337007,0,-1.035193686,3.86540829,-3.306471303
22.89,-65.40381499,0.0497781215,0.6071076967,0.3102359566,0,-1.037009323,3.867106765,-3.305044497
22.9,-65.39907207,0.04980771258,0.6071111817,0.3102383404,0,-1.038823071,3.868807345,-3.303621621
22.91,-65.39434224,0.04983724366,0.607114471,0.3102408515,0,-1.040634911,3.87051001,-3.302202673
22.92,-65.38962552,0.04986671459,0.6071175654,0.3102434893,0,-1.042444823,3.872214738,-3.300787655
22.93,-65.38492189,0.04989612526,0.6071204655,0.3102462533,0,-1.044252787,3.873921509,-3.299376567
22.94,-65.38023136,0.04992547554,0.6071231721,0.3102491428,0,-1.046058785,3.875630301,-3.297969408
22.95,-65.37555393,0.04995476531,0.6071256858,0.3102521574,0,-1.047862796,3.877341093,-3.29656618
22.96,-65.3708896,0.04998399446,0.6071280075,0.3102552963,0,-1.049664802,3.879053864,-3.295166881
22.97,-65.36623838,0.05001316285,0.6071301378,0.3102585592,0,-1.051464782,3.880768593,-3.293771513
22.98,-65.36160025,0.05004227036,0.6071320774,0.3102619453,0,-1.053262717,3.882485258,-3.292380075
22.99,-65.35697522,0.05007131688,0.607133827,0.3102654541,0,-1.055058589,3.884203838,-3.290992567
23,-65.3523633,0.05010030228,0.6071353875,0.3102690852,0,-1.056852376,3.885924312,-3.289608991
23.01,-65.34776448,0.05012922644,0.6071367594,0.3102728377,0,-1.05864406,3.887646659,-3.288229345
23.02,-65.34317877,0.05015808924,0.6071379435,0.3102767114,0,-1.060433621,3.889370857,-3.28685363
23.03,-65.33860616,0.05018689056,0.6071389406,0.3102807054,0,-1.062221041,3.891096885,-3.285481847
23.04,-65.33404665,0.05021563028,0.6071397512,0.3102848194,0,-1.064006298,3.892824722,-3.284113995
23.05,-65.32950024,0.05024430827,0.6071403763,0.3102890527,0,-1.065789375,3.894554347,-3.282750073
23.06,-65.32496695,0.05027292443,0.6071408163,0.3102934047,0,-1.067570251,3.896285737,-3.281390084
23.07,-65.32044675,0.05030147863,0.6071410722,0.310297875,0,-1.069348907,3.898018871,-3.280034026
23.08,-65.31593967,0.05032997075,0.6071411445,0.3103024629,0,-1.071125324,3.899753729,-3.2786819
23.09,-65.31144568,0.05035840067,0.6071410341,0.3103071678,0,-1.072899482,3.901490289,-3.277333705
23.1,-65.30696481,0.05038676828,0.6071407415,0.3103119893,0,-1.074671363,3.903228528,-3.275989442
23.11,-65.30249704,0.05041507345,0.6071402676,0.3103169267,0,-1.076440946,3.904968427,-3.274649111
23.12,-65.29804237,0.05044331607,0.6071396129,0.3103219796,0,-1.078208212,3.906709962,-3.273312712
23.13,-65.29360082,0.05047149602,0.6071387784,0.3103271473,0,-1.079973142,3.908453114,-3.271980246
23.14,-65.28917237,0.05049961319,0.6071377646,0.3103324292,0,-1.081735717,3.910197859,-3.270651711
23.15,-65.28475703,0.05052766745,0.6071365722,0.3103378249,0,-1.083495917,3.911944177,-3.269327108
23.16,-65.28035479,0.05055565869,0.607135202,0.3103433338,0,-1.085253723,3.913692046,-3.268006438
23.17,-65.27596567,0.0505835868,0.6071336547,0.3103489553,0,-1.087009116,3.915441445,-3.2666897
23.18,-65.27158965,0.05061145165,0.6071319309,0.3103546888,0,-1.088762076,3.917192352,-3.265376894
23.19,-65.26722673,0.05063925314,0.6071300314,0.3103605339,0,-1.090512584,3.918944745,-3.26406802
23.2,-65.26287693,0.05066699115,0.607127957,0.3103664899,0,-1.092260621,3.920698602,-3.262763078
23.21,-65.25854023,0.05069466555,0.6071257082,0.3103725564,0,-1.094006168,3.922453902,-3.261462069
23.22,-65.25421664,0.05072227625,0.6071232858,0.3103787327,0,-1.095749206,3.924210624,-3.260164992
23.23,-65.24990616,0.05074982312,0.6071206906,0.3103850183,0,-1.097489715,3.925968746,-3.258871848
23.24,-65.24560878,0.05077730605,0.6071179231,0.3103914127,0,-1.099227676,3.927728245,-3.257582635
23.25,-65.24132452,0.05080472492,0.6071149842,0.3103979153,0,-1.100963071,3.9294891,-3.256297355
23.26,-65.23705336,0.05083207963,0.6071118745,0.3104045255,0,-1.102695879,3.93125129,-3.255016008
23.27,-65.23279531,0.05085937005,0.6071085947,0.3104112429,0,-1.104426082,3.933014793,-3.253738592
23.28,-65.22855036,0.05088659609,0.6071051456,0.3104180668,0,-1.106153661,3.934779587,-3.252465108
23.29,-65.22431852,0.05091375761,0.6071015277,0.3104249968,0,-1.107878596,3.93654565,-3.251195557
23.3,-65.22009979,0.05094085453,0.6070977419,0.3104320323,0,-1.109600869,3.93831296,-3.249929937
23.31,-65.21589417,0.05096788671,0.6070937888,0.3104391727,0,-1.111320461,3.940081496,-3.24866825
23.32,-65.21170165,0.05099485405,0.6070896692,0.3104464175,0,-1.113037353,3.941851236,-3.247410494
23.33,-65.20752223,0.05102175645,0.6070853836,0.3104537662,0,-1.114751525,3.943622158,-3.24615667
23.34,-65.20335593,0.05104859378,0.6070809329,0.3104612182,0,-1.116462959,3.94539424,-3.244906778
23.35,-65.19920272,0.05107536594,0.6070763177,0.310468773,0,-1.118171636,3.94716746,-3.243660817
23.36,-65.19506263,0.05110207282,0.6070715387,0.3104764301,0,-1.119877536,3.948941796,-3.242418788
23.37,-65.19093563,0.05112871431,0.6070665967,0.3104841888,0,-1.121580642,3.950717228,-3.24118069
23.38,-65.18682174,0.0511552903,0.6070614922,0.3104920487,0,-1.123280934,3.952493731,-3.239946523
23.39,-65.18272096,0.05118180069,0.6070562261,0.3105000092,0,-1.124978393,3.954271286,-3.238716287
23.4,-65.17863328,0.05120824535,0.607050799,0.3105080698,0,-1.126673,3.956049869,-3.237489983
23.41,-65.1745587,0.0512346242,0.6070452115,0.31051623,0,-1.128364738,3.957829459,-3.236267609
23.42,-65.17049722,0.05126093711,0.6070394645,0.3105244893,0,-1.130053586,3.959610034,-3.235049165
23.43,-65.16644884,0.05128718398,0.6070335586,0.310532847,0,-1.131739527,3.961391572,-3.233834652
23.44,-65.16241356,0.05131336471,0.6070274944,0.3105413026,0,-1.133422542,3.963174051,-3.232624069
23.45,-65.15839139,0.05133947918,0.6070212727,0.3105498558,0,-1.135102611,3.964957448,-3.231417417
23.46,-65.15438231,0.0513655273,0.6070148942,0.3105585058,0,-1.136779717,3.966741743,-3.230214694
23.47,-65.15038634,0.05139150896,0.6070083595,0.3105672521,0,-1.13845384,3.968526913,-3.229015901
23.48,-65.14640346,0.05141742404,0.6070016693,0.3105760944,0,-1.140124963,3.970312936,-3.227821037
23.49,-65.14243367,0.05144327245,0.6069948245,0.3105850319,0,-1.141793066,3.97209979,-3.226630102
23.5,-65.13847699,0.05146905409,0.6069878255,0.3105940642,0,-1.143458131,3.973887453,-3.225443096
23.51,-65.1345334,0.05149476884,0.6069806731,0.3106031908,0,-1.14512014,3.975675903,-3.224260019
23.52,-65.1306029,0.05152041661,0.6069733681,0.3106124111,0,-1.146779074,3.977465117,-3.223080871
23.53,-65.1266855,0.05154599729,0.606965911,0.3106217246,0,-1.148434915,3.979255075,-3.22190565
23.54,-65.12278119,0.05157151077,0.6069583027,0.3106311308,0,-1.150087645,3.981045753,-3.220734358
23.55,-65.11888998,0.05159695696,0.6069505437,0.3106406292,0,-1.151737244,3.98283713,-3.219566993
23.56,-65.11501185,0.05162233576,0.6069426347,0.3106502192,0,-1.153383695,3.984629184,-3.218403555
23.57,-65.11114681,0.05164764706,0.6069345765,0.3106599003,0,-1.15502698,3.986421892,-3.217244044
23.58,-65.10729487,0.05167289076,0.6069263697,0.3106696721,0,-1.15666708,3.988215232,-3.21608846
23.59,-65.10345601,0.05169806676,0.6069180151,0.3106795339,0,-1.158303977,3.990009183,-3.214936802
23.6,-65.09963023,0.05172317496,0.6069095132,0.3106894852,0,-1.159937653,3.991803722,-3.21378907
23.61,-65.09581755,0.05174821526,0.6069008648,0.3106995256,0,-1.16156809,3.993598827,-3.212645264
23.62,-65.09201794,0.05177318756,0.6068920705,0.3107096546,0,-1.163195269,3.995394476,-3.211505383
23.63,-65.08823142,0.05179809177,0.6068831311,0.3107198715,0,-1.164819173,3.997190647,-3.210369427
23.64,-65.08445798,0.05182292777,0.6068740473,0.3107301759,0,-1.166439783,3.998987317,-3.209237395
23.65,-65.08069763,0.05184769549,0.6068648196,0.3107405673,0,-1.168057082,4.000784465,-3.208109288
23.66,-65.07695035,0.0518723948,0.6068554488,0.3107510452,0,-1.169671052,4.002582068,-3.206985104
23.67,-65.07321614,0.05189702563,0.6068459356,0.310761609,0,-1.171281675,4.004380105,-3.205864843
23.68,-65.06949502,0.05192158788,0.6068362806,0.3107722582,0,-1.172888932,4.006178553,-3.204748505
23.69,-65.06578697,0.05194608144,0.6068264846,0.3107829924,0,-1.174492807,4.007977389,-3.20363609
23.7,-65.06209199,0.05197050622,0.6068165481,0.310793811,0,-1.176093281,4.009776593,-3.202527596
23.71,-65.05841008,0.05199486212,0.606806472,0.3108047135,0,-1.177690336,4.01157614,-3.201423024
23.72,-65.05474124,0.05201914906,0.6067962568,0.3108156993,0,-1.179283956,4.013376011,-3.200322372
23.73,-65.05108547,0.05204336693,0.6067859032,0.3108267681,0,-1.180874122,4.015176181,-3.199225642
23.74,-65.04744277,0.05206751564,0.6067754119,0.3108379192,0,-1.182460816,4.01697663,-3.198132831
23.75,-65.04381313,0.05209159511,0.6067647836,0.3108491523,0,-1.184044022,4.018777334,-3.197043939
23.76,-65.04019656,0.05211560522,0.606754019,0.3108604666,0,-1.185623721,4.020578273,-3.195958967
23.77,-65.03659304,0.0521395459,0.6067431187,0.3108718619,0,-1.187199896,4.022379422,-3.194877913
23.78,-65.03300259,0.05216341705,0.6067320834,0.3108833375,0,-1.18877253,4.024180761,-3.193800776
23.79,-65.02942519,0.05218721858,0.6067209138,0.3108948929,0,-1.190341606,4.025982267,-3.192727557
23.8,-65.02586085,0.05221095039,0.6067096106,0.3109065277,0,-1.191907106,4.027783918,-3.191658255
23.81,-65.02230956,0.0522346124,0.6066981744,0.3109182414,0,-1.193469012,4.029585692,-3.190592868
23.82,-65.01877132,0.05225820452,0.6066866058,0.3109300334,0,-1.195027308,4.031387566,-3.189531397
23.83,-65.01524614,0.05228172665,0.6066749056,0.3109419032,0,-1.196581976,4.033189519,-3.188473841
23.84,-65.011734,0.05230517871,0.6066630745,0.3109538504,0,-1.198133,4.034991527,-3.187420199
23.85,-65.0082349,0.05232856061,0.6066511131,0.3109658745,0,-1.199680361,4.03679357,-3.186370471
23.86,-65.00474885,0.05235187225,0.606639022,0.3109779749,0,-1.201224044,4.038595624,-3.185324656
23.87,-65.00127584,0.05237511356,0.606626802,0.3109901511,0,-1.202764031,4.040397669,-3.184282752
23.88,-64.99781587,0.05239828444,0.6066144536,0.3110024028,0,-1.204300305,4.04219968,-3.183244761
23.89,-64.99436893,0.05242138481,0.6066019777,0.3110147293,0,-1.205832849,4.044001637,-3.18221068
23.9,-64.99093503,0.05244441459,0.6065893748,0.3110271301,0,-1.207361647,4.045803516,-3.181180509
23.91,-64.98751416,0.05246737367,0.6065766455,0.3110396048,0,-1.208886682,4.047605297,-3.180154248
23.92,-64.98410632,0.05249026199,0.6065637907,0.311052153,0,-1.210407936,4.049406956,-3.179131895
23.93,-64.9807115,0.05251307945,0.6065508109,0.311064774,0,-1.211925394,4.051208471,-3.17811345
23.94,-64.97732971,0.05253582597,0.6065377068,0.3110774674,0,-1.213439039,4.053009821,-3.177098913
23.95,-64.97396094,0.05255850147,0.606524479,0.3110902327,0,-1.214948854,4.054810983,-3.176088281
23.96,-64.97060518,0.05258110587,0.6065111283,0.3111030695,0,-1.216454823,4.056611935,-3.175081555
23.97,-64.96726245,0.05260363907,0.6064976552,0.3111159772,0,-1.217956929,4.058412655,-3.174078734
23.98,-64.96393272,0.05262610101,0.6064840605,0.3111289553,0,-1.219455155,4.06021312,-3.173079817
23.99,-64.96061601,0.05264849159,0.6064703448,0.3111420034,0,-1.220949487,4.062013309,-3.172084803
24,-64.9573123,0.05267081074,0.6064565087,0.311155121,0,-1.222439906,4.063813199,-3.171093691
24.01,-64.9540216,0.05269305837,0.6064425529,0.3111683075,0,-1.223926398,4.065612769,-3.17010648
24.02,-64.9507439,0.05271523441,0.6064284782,0.3111815626,0,-1.225408945,4.067411995,-3.16912317
24.03,-64.9474792,0.05273733878,0.6064142851,0.3111948857,0,-1.226887532,4.069210857,-3.168143759
24.04,-64.94422749,0.0527593714,0.6063999742,0.3112082763,0,-1.228362143,4.071009331,-3.167168247
24.05,-64.94098878,0.05278133218,0.6063855463,0.311221734,0,-1.229832762,4.072807396,-3.166196633
24.06,-64.93776305,0.05280322105,0.606371002,0.3112352583,0,-1.231299373,4.07460503,-3.165228915
24.07,-64.93455031,0.05282503794,0.606356342,0.3112488487,0,-1.232761959,4.07640221,-3.164265093
24.08,-64.93135055,0.05284678277,0.6063415669,0.3112625047,0,-1.234220506,4.078198915,-3.163305165
24.09,-64.92816377,0.05286845546,0.6063266773,0.3112762258,0,-1.235674997,4.079995121,-3.162349132
24.1,-64.92498997,0.05289005594,0.606311674,0.3112900116,0,-1.237125417,4.081790809,-3.161396991
24.11,-64.92182914,0.05291158412,0.6062965575,0.3113038616,0,-1.238571751,4.083585954,-3.160448742
24.12,-64.91868128,0.05293303994,0.6062813286,0.3113177753,0,-1.240013982,4.085380536,-3.159504383
24.13,-64.91554638,0.05295442333,0.6062659878,0.3113317522,0,-1.241452095,4.087174531,-3.158563915
24.14,-64.91242445,0.0529757342,0.6062505359,0.3113457919,0,-1.242886075,4.088967919,-3.157627334
24.15,-64.90931547,0.05299697249,0.6062349734,0.3113598939,0,-1.244315907,4.090760677,-3.156694641
24.16,-64.90621945,0.05301813813,0.606219301,0.3113740577,0,-1.245741574,4.092552783,-3.155765835
24.17,-64.90313638,0.05303923104,0.6062035194,0.3113882828,0,-1.247163063,4.094344215,-3.154840913
24.18,-64.90006625,0.05306025115,0.6061876292,0.3114025688,0,-1.248580357,4.096134951,-3.153919876
24.19,-64.89700907,0.0530811984,0.6061716311,0.3114169152,0,-1.249993443,4.097924969,-3.153002721
24.2,-64.89396483,0.0531020727,0.6061555257,0.3114313216,0,-1.251402304,4.099714248,-3.152089448
24.21,-64.89093352,0.053122874,0.6061393136,0.3114457874,0,-1.252806925,4.101502764,-3.151180056
24.22,-64.88791514,0.05314360223,0.6061229955,0.3114603123,0,-1.254207293,4.103290497,-3.150274542
24.23,-64.88490969,0.05316425731,0.6061065721,0.3114748956,0,-1.255603392,4.105077424,-3.149372907
24.24,-64.88191716,0.05318483918,0.606090044,0.3114895371,0,-1.256995207,4.106863524,-3.148475149
24.25,-64.87893755,0.05320534778,0.6060734117,0.3115042361,0,-1.258382724,4.108648774,-3.147581266
24.26,-64.87597086,0.05322578303,0.6060566761,0.3115189923,0,-1.259765928,4.110433153,-3.146691257
24.27,-64.87301707,0.05324614487,0.6060398376,0.3115338052,0,-1.261144805,4.112216639,-3.145805121
24.28,-64.87007619,0.05326643324,0.606022897,0.3115486743,0,-1.26251934,4.113999209,-3.144922857
24.29,-64.86714821,0.05328664808,0.6060058549,0.3115635991,0,-1.263889519,4.115780843,-3.144044463
24.3,-64.86423312,0.05330678931,0.6059887119,0.3115785792,0,-1.265255327,4.117561518,-3.143169937
24.31,-64.86133093,0.05332685688,0.6059714687,0.3115936142,0,-1.266616751,4.119341213,-3.14229928
24.32,-64.85844163,0.05334685072,0.6059541258,0.3116087035,0,-1.267973776,4.121119906,-3.141432488
24.33,-64.8555652,0.05336677078,0.605936684,0.3116238468,0,-1.269326388,4.122897574,-3.140569561
24.34,-64.85270166,0.05338661699,0.6059191439,0.3116390435,0,-1.270674573,4.124674197,-3.139710497
24.35,-64.84985098,0.05340638929,0.6059015061,0.3116542933,0,-1.272018317,4.126449753,-3.138855295
24.36,-64.84701318,0.05342608762,0.6058837712,0.3116695956,0,-1.273357607,4.128224219,-3.138003954
24.37,-64.84418824,0.05344571192,0.6058659399,0.3116849499,0,-1.274692428,4.129997574,-3.137156471
24.38,-64.84137615,0.05346526214,0.6058480127,0.311700356,0,-1.276022767,4.131769797,-3.136312845
24.39,-64.83857692,0.05348473821,0.6058299905,0.3117158132,0,-1.277348611,4.133540866,-3.135473075
24.4,-64.83579053,0.05350414009,0.6058118737,0.3117313212,0,-1.278669945,4.135310759,-3.13463716
24.41,-64.83301699,0.0535234677,0.605793663,0.3117468794,0,-1.279986756,4.137079455,-3.133805097
24.42,-64.83025628,0.05354272101,0.605775359,0.3117624875,0,-1.281299031,4.138846932,-3.132976885
24.43,-64.82750841,0.05356189995,0.6057569624,0.311778145,0,-1.282606757,4.140613168,-3.132152522
24.44,-64.82477336,0.05358100446,0.6057384737,0.3117938514,0,-1.28390992,4.142378143,-3.131332008
24.45,-64.82205113,0.0536000345,0.6057198937,0.3118096063,0,-1.285208508,4.144141834,-3.130515339
24.46,-64.81934172,0.05361899001,0.6057012229,0.3118254093,0,-1.286502507,4.14590422,-3.129702515
24.47,-64.81664511,0.05363787094,0.605682462,0.3118412599,0,-1.287791904,4.147665279,-3.128893534
24.48,-64.81396131,0.05365667724,0.6056636116,0.3118571576,0,-1.289076686,4.149424991,-3.128088394
24.49,-64.81129031,0.05367540885,0.6056446722,0.311873102,0,-1.290356841,4.151183333,-3.127287093
24.5,-64.8086321,0.05369406573,0.6056256447,0.3118890928,0,-1.291632355,4.152940284,-3.126489629
24.51,-64.80598667,0.05371264783,0.6056065294,0.3119051293,0,-1.292903217,4.154695824,-3.125696002
24.52,-64.80335403,0.05373115509,0.6055873272,0.3119212113,0,-1.294169414,4.15644993,-3.124906208
24.53,-64.80073416,0.05374958747,0.6055680385,0.3119373381,0,-1.295430932,4.158202581,-3.124120247
24.54,-64.79812705,0.05376794493,0.6055486641,0.3119535095,0,-1.296687761,4.159953757,-3.123338116
24.55,-64.79553271,0.05378622741,0.6055292045,0.311969725,0,-1.297939887,4.161703435,-3.122559814
24.56,-64.79295113,0.05380443487,0.6055096604,0.3119859841,0,-1.299187298,4.163451594,-3.121785338
24.57,-64.79038229,0.05382256726,0.6054900324,0.3120022864,0,-1.300429983,4.165198214,-3.121014687
24.58,-64.7878262,0.05384062455,0.605470321,0.3120186315,0,-1.301667928,4.166943273,-3.120247859
24.59,-64.78528284,0.05385860668,0.605450527,0.3120350189,0,-1.302901123,4.16868675,-3.119484851
24.6,-64.78275221,0.05387651361,0.6054306509,0.3120514482,0,-1.304129555,4.170428624,-3.118725663
24.61,-64.7802343,0.0538943453,0.6054106933,0.3120679189,0,-1.305353212,4.172168873,-3.117970291
24.62,-64.77772911,0.05391210171,0.6053906549,0.3120844307,0,-1.306572084,4.173907478,-3.117218734
24.63,-64.77523663,0.0539297828,0.6053705362,0.3121009831,0,-1.307786157,4.175644416,-3.11647099
24.64,-64.77275686,0.05394738852,0.6053503379,0.3121175756,0,-1.308995422,4.177379667,-3.115727057
24.65,-64.77028978,0.05396491884,0.6053300606,0.3121342079,0,-1.310199866,4.179113209,-3.114986933
24.66,-64.76783538,0.05398237373,0.6053097049,0.3121508795,0,-1.311399477,4.180845023,-3.114250615
24.67,-64.76539367,0.05399975313,0.6052892714,0.3121675899,0,-1.312594246,4.182575086,-3.113518101
24.68,-64.76296463,0.05401705701,0.6052687608,0.3121843388,0,-1.31378416,4.184303378,-3.11278939
24.69,-64.76054827,0.05403428535,0.6052481735,0.3122011258,0,-1.314969209,4.186029878,-3.11206448
24.7,-64.75814456,0.05405143809,0.6052275103,0.3122179503,0,-1.316149382,4.187754566,-3.111343367
24.71,-64.7557535,0.05406851521,0.6052067717,0.312234812,0,-1.317324667,4.189477421,-3.11062605
24.72,-64.75337509,0.05408551667,0.6051859584,0.3122517105,0,-1.318495054,4.191198421,-3.109912526
24.73,-64.75100931,0.05410244244,0.6051650709,0.3122686453,0,-1.319660533,4.192917547,-3.109202794
24.74,-64.74865617,0.05411929249,0.6051441099,0.3122856161,0,-1.320821093,4.194634777,-3.108496851
24.75,-64.74631565,0.05413606678,0.6051230759,0.3123026223,0,-1.321976723,4.196350091,-3.107794694
24.76,-64.74398774,0.05415276528,0.6051019696,0.3123196636,0,-1.323127413,4.198063469,-3.107096322
24.77,-64.74167244,0.05416938797,0.6050807915,0.3123367395,0,-1.324273152,4.199774889,-3.106401732
24.78,-64.73936974,0.05418593481,0.6050595423,0.3123538497,0,-1.325413931,4.201484332,-3.105710921
24.79,-64.73707963,0.05420240577,0.6050382225,0.3123709937,0,-1.326549739,4.203191776,-3.105023888
24.8,-64.7348021,0.05421880083,0.6050168328,0.3123881711,0,-1.327680567,4.204897202,-3.104340629
24.81,-64.73253714,0.05423511995,0.6049953738,0.3124053815,0,-1.328806404,4.206600588,-3.103661143
24.82,-64.73028476,0.05425136312,0.604973846,0.3124226245,0,-1.32992724,4.208301915,-3.102985427
24.83,-64.72804493,0.05426753031,0.60495225,0.3124398996,0,-1.331043067,4.210001163,-3.102313478
24.84,-64.72581765,0.05428362148,0.6049305865,0.3124572065,0,-1.332153874,4.21169831,-3.101645294
24.85,-64.72360291,0.05429963663,0.604908856,0.3124745447,0,-1.333259652,4.213393338,-3.100980872
24.86,-64.7214007,0.05431557572,0.6048870591,0.3124919138,0,-1.334360391,4.215086224,-3.10032021
24.87,-64.71921102,0.05433143873,0.6048651964,0.3125093135,0,-1.335456082,4.21677695,-3.099663305
24.88,-64.71703385,0.05434722564,0.6048432686,0.3125267433,0,-1.336546716,4.218465496,-3.099010154
24.89,-64.71486919,0.05436293642,0.6048212761,0.3125442027,0,-1.337632284,4.22015184,-3.098360756
24.9,-64.71271702,0.05437857107,0.6047992196,0.3125616915,0,-1.338712777,4.221835964,-3.097715106
24.91,-64.71057734,0.05439412956,0.6047770997,0.3125792092,0,-1.339788185,4.223517847,-3.097073203
24.92,-64.70845015,0.05440961187,0.604754917,0.3125967553,0,-1.340858501,4.225197469,-3.096435044
24.93,-64.70633542,0.05442501798,0.604732672,0.3126143295,0,-1.341923715,4.226874811,-3.095800626
24.94,-64.70423315,0.05444034788,0.6047103653,0.3126319314,0,-1.342983818,4.228549852,-3.095169946
24.95,-64.70214334,0.05445560155,0.6046879975,0.3126495606,0,-1.344038803,4.230222572,-3.094543001
24.96,-64.70006597,0.05447077897,0.6046655693,0.3126672167,0,-1.345088661,4.231892953,-3.09391979
24.97,-64.69800103,0.05448588014,0.6046430811,0.3126848992,0,-1.346133384,4.233560973,-3.093300308
24.98,-64.69594851,0.05450090504,0.6046205336,0.3127026078,0,-1.347172963,4.235226614,-3.092684552
24.99,-64.6939084,0.05451585365,0.6045979274,0.3127203421,0,-1.34820739,4.236889856,-3.092072521
25,-64.6918807,0.05453072596,0.6045752629,0.3127381017,0,-1.349236657,4.238550679,-3.091464211
25.01,-64.6898654,0.05454552196,0.6045525409,0.3127558861,0,-1.350260757,4.240209064,-3.090859619
25.02,-64.68786247,0.05456024165,0.6045297619,0.312773695,0,-1.351279682,4.241864991,-3.090258742
25.03,-64.68587192,0.05457488501,0.6045069264,0.3127915281,0,-1.352293424,4.243518441,-3.089661577
25.04,-64.68389374,0.05458945204,0.604484035,0.3128093848,0,-1.353301976,4.245169395,-3.089068122
25.05,-64.68192791,0.05460394272,0.6044610884,0.3128272648,0,-1.354305329,4.246817832,-3.088478372
25.06,-64.67997442,0.05461835706,0.604438087,0.3128451678,0,-1.355303477,4.248463734,-3.087892326
25.07,-64.67803326,0.05463269503,0.6044150315,0.3128630933,0,-1.356296413,4.250107082,-3.087309979
25.08,-64.67610443,0.05464695665,0.6043919224,0.3128810409,0,-1.357284129,4.251747856,-3.086731329
25.09,-64.67418791,0.0546611419,0.6043687604,0.3128990103,0,-1.358266618,4.253386037,-3.086156372
25.1,-64.67228369,0.05467525079,0.6043455459,0.312917001,0,-1.359243874,4.255021607,-3.085585106
25.11,-64.67039176,0.0546892833,0.6043222795,0.3129350127,0,-1.36021589,4.256654545,-3.085017527
25.12,-64.66851211,0.05470323944,0.6042989618,0.312953045,0,-1.361182659,4.258284834,-3.084453632
25.13,-64.66664472,0.05471711921,0.6042755935,0.3129710975,0,-1.362144174,4.259912454,-3.083893417
25.14,-64.6647896,0.05473092261,0.6042521749,0.3129891698,0,-1.363100428,4.261537386,-3.08333688
25.15,-64.66294672,0.05474464963,0.6042287068,0.3130072615,0,-1.364051417,4.263159612,-3.082784016
25.16,-64.66111608,0.05475830029,0.6042051896,0.3130253723,0,-1.364997133,4.264779112,-3.082234824
25.17,-64.65929766,0.05477187458,0.6041816239,0.3130435018,0,-1.36593757,4.266395868,-3.081689298
25.18,-64.65749145,0.0547853725,0.6041580104,0.3130616495,0,-1.366872722,4.268009862,-3.081147436
25.19,-64.65569745,0.05479879407,0.6041343495,0.3130798152,0,-1.367802584,4.269621074,-3.080609235
25.2,-64.65391564,0.05481213929,0.6041106418,0.3130979984,0,-1.368727148,4.271229487,-3.080074691
25.21,-64.652146,0.05482540815,0.6040868879,0.3131161988,0,-1.369646411,4.272835082,-3.0795438
25.22,-64.65038853,0.05483860068,0.6040630883,0.3131344159,0,-1.370560366,4.274437839,-3.079016559
25.23,-64.64864321,0.05485171688,0.6040392437,0.3131526495,0,-1.371469007,4.276037742,-3.078492964
25.24,-64.64691004,0.05486475676,0.6040153544,0.3131708991,0,-1.37237233,4.277634771,-3.077973012
25.25,-64.645189,0.05487772032,0.6039914212,0.3131891643,0,-1.373270329,4.279228909,-3.0774567
25.26,-64.64348007,0.05489060758,0.6039674445,0.3132074448,0,-1.374162999,4.280820137,-3.076944022
25.27,-64.64178326,0.05490341855,0.6039434249,0.3132257403,0,-1.375050335,4.282408436,-3.076434977
25.28,-64.64009853,0.05491615325,0.603919363,0.3132440503,0,-1.375932332,4.28399379,-3.07592956
25.29,-64.63842589,0.05492881168,0.6038952593,0.3132623745,0,-1.376808985,4.28557618,-3.075427767
25.3,-64.63676532,0.05494139387,0.6038711143,0.3132807124,0,-1.37768029,4.287155587,-3.074929595
25.31,-64.6351168,0.05495389982,0.6038469286,0.3132990638,0,-1.378546242,4.288731995,-3.07443504
25.32,-64.63348033,0.05496632955,0.6038227028,0.3133174283,0,-1.379406836,4.290305385,-3.073944098
25.33,-64.63185588,0.05497868308,0.6037984374,0.3133358055,0,-1.380262068,4.291875739,-3.073456765
25.34,-64.63024346,0.05499096043,0.603774133,0.3133541951,0,-1.381111935,4.293443041,-3.072973038
25.35,-64.62864304,0.05500316162,0.60374979,0.3133725966,0,-1.381956431,4.295007271,-3.072492913
25.36,-64.62705462,0.05501528667,0.603725409,0.3133910097,0,-1.382795554,4.296568413,-3.072016385
25.37,-64.62547817,0.05502733559,0.6037009907,0.3134094341,0,-1.383629298,4.298126449,-3.07154345
25.38,-64.62391368,0.05503930841,0.6036765354,0.3134278694,0,-1.384457661,4.299681361,-3.071074105
25.39,-64.62236115,0.05505120516,0.6036520438,0.3134463152,0,-1.385280639,4.301233133,-3.070608346
25.4,-64.62082056,0.05506302585,0.6036275164,0.3134647712,0,-1.386098227,4.302781746,-3.070146169
25.41,-64.6192919,0.05507477052,0.6036029537,0.313483237,0,-1.386910423,4.304327185,-3.069687569
25.42,-64.61777514,0.05508643917,0.6035783563,0.3135017123,0,-1.387717224,4.30586943,-3.069232543
25.43,-64.61627029,0.05509803186,0.6035537247,0.3135201967,0,-1.388518626,4.307408466,-3.068781086
25.44,-64.61477731,0.05510954859,0.6035290594,0.3135386899,0,-1.389314626,4.308944275,-3.068333194
25.45,-64.61329621,0.0551209894,0.603504361,0.3135571914,0,-1.390105222,4.31047684,-3.067888863
25.46,-64.61182696,0.05513235432,0.60347963,0.313575701,0,-1.390890409,4.312006145,-3.067448089
25.47,-64.61036956,0.05514364338,0.6034548669,0.3135942183,0,-1.391670187,4.313532172,-3.067010867
25.48,-64.60892398,0.0551548566,0.6034300723,0.313612743,0,-1.392444552,4.315054905,-3.066577194
25.49,-64.60749022,0.05516599403,0.6034052467,0.3136312746,0,-1.393213501,4.316574326,-3.066147065
25.5,-64.60606825,0.05517705569,0.6033803905,0.3136498129,0,-1.393977033,4.31809042,-3.065720475
25.51,-64.60465807,0.05518804162,0.6033555045,0.3136683575,0,-1.394735145,4.31960317,-3.065297421
25.52,-64.60325966,0.05519895185,0.603330589,0.313686908,0,-1.395487835,4.321112559,-3.064877898
25.53,-64.601873,0.05520978643,0.6033056446,0.3137054642,0,-1.3962351,4.322618571,-3.0644619
25.54,-64.60049808,0.05522054538,0.6032806718,0.3137240256,0,-1.39697694,4.324121189,-3.064049425
25.55,-64.59913489,0.05523122874,0.6032556711,0.3137425919,0,-1.397713352,4.325620398,-3.063640468
25.56,-64.59778341,0.05524183655,0.6032306431,0.3137611629,0,-1.398444335,4.32711618,-3.063235023
25.57,-64.59644362,0.05525236886,0.6032055883,0.313779738,0,-1.399169887,4.32860852,-3.062833087
25.58,-64.59511552,0.0552628257,0.6031805072,0.3137983171,0,-1.399890007,4.330097402,-3.062434655
25.59,-64.59379907,0.05527320711,0.6031554003,0.3138168997,0,-1.400604693,4.33158281,-3.062039722
25.6,-64.59249428,0.05528351315,0.6031302681,0.3138354855,0,-1.401313945,4.333064727,-3.061648284
25.61,-64.59120112,0.05529374384,0.6031051112,0.3138540743,0,-1.402017761,4.334543138,-3.061260336
25.62,-64.58991958,0.05530389923,0.60307993,0.3138726655,0,-1.40271614,4.336018027,-3.060875873
25.63,-64.58864963,0.05531397938,0.6030547251,0.313891259,0,-1.403409082,4.337489379,-3.06049489
25.64,-64.58739128,0.05532398433,0.6030294969,0.3139098544,0,-1.404096585,4.338957178,-3.060117384
25.65,-64.58614449,0.05533391411,0.6030042461,0.3139284513,0,-1.40477865,4.340421408,-3.059743348
25.66,-64.58490926,0.0553437688,0.602978973,0.3139470494,0,-1.405455276,4.341882054,-3.059372778
25.67,-64.58368557,0.05535354842,0.6029536783,0.3139656484,0,-1.406126462,4.3433391,-3.05900567
25.68,-64.5824734,0.05536325303,0.6029283624,0.313984248,0,-1.406792208,4.344792531,-3.058642019
25.69,-64.58127273,0.05537288269,0.6029030257,0.3140028477,0,-1.407452515,4.346242332,-3.058281818
25.7,-64.58008355,0.05538243745,0.6028776689,0.3140214474,0,-1.408107382,4.347688488,-3.057925065
25.71,-64.57890584,0.05539191735,0.6028522925,0.3140400467,0,-1.408756809,4.349130983,-3.057571753
25.72,-64.57773959,0.05540132246,0.6028268968,0.3140586452,0,-1.409400797,4.350569803,-3.057221878
25.73,-64.57658478,0.05541065282,0.6028014825,0.3140772426,0,-1.410039345,4.352004933,-3.056875434
25.74,-64.57544139,0.0554199085,0.60277605,0.3140958386,0,-1.410672456,4.353436357,-3.056532417
25.75,-64.5743094,0.05542908955,0.6027505998,0.3141144329,0,-1.411300128,4.354864062,-3.056192821
25.76,-64.57318881,0.05543819603,0.6027251325,0.3141330251,0,-1.411922364,4.356288031,-3.055856642
25.77,-64.57207958,0.055447228,0.6026996484,0.3141516149,0,-1.412539163,4.357708252,-3.055523874
25.78,-64.5709817,0.05545618552,0.6026741482,0.3141702021,0,-1.413150527,4.359124709,-3.055194511
25.79,-64.56989517,0.05546506864,0.6026486322,0.3141887863,0,-1.413756457,4.360537387,-3.05486855
25.8,-64.56881995,0.05547387744,0.6026231011,0.3142073671,0,-1.414356954,4.361946273,-3.054545984
25.81,-64.56775603,0.05548261197,0.6025975552,0.3142259443,0,-1.414952019,4.363351353,-3.054226808
25.82,-64.56670339,0.05549127231,0.6025719951,0.3142445176,0,-1.415541655,4.364752611,-3.053911017
25.83,-64.56566202,0.0554998585,0.6025464213,0.3142630866,0,-1.416125862,4.366150033,-3.053598606
25.84,-64.5646319,0.05550837062,0.6025208342,0.314281651,0,-1.416704642,4.367543607,-3.053289569
25.85,-64.563613,0.05551680874,0.6024952343,0.3143002105,0,-1.417277997,4.368933318,-3.052983901
25.86,-64.56260532,0.05552517292,0.6024696222,0.3143187648,0,-1.417845929,4.370319151,-3.052681596
25.87,-64.56160883,0.05553346324,0.6024439982,0.3143373136,0,-1.41840844,4.371701094,-3.052382649
25.88,-64.56062351,0.05554167976,0.602418363,0.3143558565,0,-1.418965533,4.373079132,-3.052087054
25.89,-64.55964935,0.05554982255,0.6023927168,0.3143743934,0,-1.419517209,4.374453252,-3.051794806
25.9,-64.55868633,0.05555789168,0.6023670604,0.3143929237,0,-1.420063471,4.375823441,-3.051505899
25.91,-64.55773443,0.05556588724,0.602341394,0.3144114474,0,-1.420604322,4.377189684,-3.051220329
25.92,-64.55679363,0.05557380928,0.6023157182,0.314429964,0,-1.421139764,4.37855197,-3.050938088
25.93,-64.5558639,0.05558165789,0.6022900335,0.3144484733,0,-1.4216698,4.379910283,-3.050659171
25.94,-64.55494525,0.05558943314,0.6022643403,0.3144669749,0,-1.422194433,4.381264612,-3.050383574
25.95,-64.55403763,0.05559713512,0.6022386392,0.3144854685,0,-1.422713665,4.382614942,-3.050111289
25.96,-64.55314104,0.05560476388,0.6022129305,0.3145039539,0,-1.423227501,4.383961262,-3.049842312
25.97,-64.55225545,0.05561231953,0.6021872148,0.3145224307,0,-1.423735944,4.385303558,-3.049576636
25.98,-64.55138085,0.05561980212,0.6021614925,0.3145408987,0,-1.424238996,4.386641817,-3.049314256
25.99,-64.55051722,0.05562721175,0.602135764,0.3145593575,0,-1.424736661,4.387976027,-3.049055165
26,-64.54966453,0.0556345485,0.60211003,0.3145778069,0,-1.425228943,4.389306175,-3.048799359
26.01,-64.54882277,0.05564181245,0.6020842907,0.3145962466,0,-1.425715846,4.390632249,-3.048546831
26.02,-64.54799191,0.05564900368,0.6020585467,0.3146146762,0,-1.426197373,4.391954235,-3.048297574
26.03,-64.54717195,0.05565612228,0.6020327985,0.3146330955,0,-1.426673528,4.393272122,-3.048051584
26.04,-64.54636285,0.05566316833,0.6020070465,0.3146515042,0,-1.427144316,4.394585897,-3.047808854
26.05,-64.5455646,0.05567014192,0.6019812911,0.3146699019,0,-1.427609741,4.395895548,-3.047569379
26.06,-64.54477717,0.05567704314,0.6019555329,0.3146882885,0,-1.428069807,4.397201063,-3.047333151
26.07,-64.54400055,0.05568387207,0.6019297722,0.3147066636,0,-1.428524519,4.39850243,-3.047100165
26.08,-64.54323472,0.05569062881,0.6019040095,0.3147250269,0,-1.42897388,4.399799637,-3.046870415
26.09,-64.54247965,0.05569731344,0.6018782454,0.3147433782,0,-1.429417897,4.401092673,-3.046643895
26.1,-64.54173533,0.05570392606,0.6018524802,0.3147617171,0,-1.429856573,4.402381525,-3.046420599
26.11,-64.54100173,0.05571046676,0.6018267143,0.3147800434,0,-1.430289913,4.403666181,-3.046200519
26.12,-64.54027884,0.05571693563,0.6018009483,0.3147983568,0,-1.430717923,4.404946631,-3.045983651
26.13,-64.53956663,0.05572333276,0.6017751826,0.314816657,0,-1.431140608,4.406222863,-3.045769988
26.14,-64.53886507,0.05572965826,0.6017494176,0.3148349437,0,-1.431557973,4.407494866,-3.045559522
26.15,-64.53817417,0.05573591222,0.6017236538,0.3148532167,0,-1.431970023,4.408762627,-3.04535225
26.16,-64.53749387,0.05574209474,0.6016978916,0.3148714756,0,-1.432376764,4.410026137,-3.045148162
26.17,-64.53682418,0.0557482059,0.6016721315,0.3148897203,0,-1.432778201,4.411285384,-3.044947255
26.18,-64.53616507,0.05575424582,0.6016463738,0.3149079503,0,-1.433174341,4.412540356,-3.04474952
26.19,-64.53551651,0.0557602146,0.6016206191,0.3149261656,0,-1.433565189,4.413791044,-3.044554952
26.2,-64.53487848,0.05576611232,0.6015948678,0.3149443656,0,-1.43395075,4.415037436,-3.044363543
26.21,-64.53425096,0.05577193911,0.6015691204,0.3149625503,0,-1.434331032,4.416279521,-3.044175288
26.22,-64.53363393,0.05577769505,0.6015433771,0.3149807193,0,-1.43470604,4.41751729,-3.04399018
26.23,-64.53302737,0.05578338026,0.6015176386,0.3149988724,0,-1.435075781,4.418750731,-3.043808212
26.24,-64.53243126,0.05578899484,0.6014919052,0.3150170092,0,-1.435440261,4.419979834,-3.043629378
26.25,-64.53184557,0.05579453889,0.6014661773,0.3150351296,0,-1.435799487,4.421204589,-3.043453671
26.26,-64.53127028,0.05580001253,0.6014404554,0.3150532332,0,-1.436153464,4.422424986,-3.043281085
26.27,-64.53070537,0.05580541585,0.6014147399,0.3150713198,0,-1.436502201,4.423641014,-3.043111612
26.28,-64.53015082,0.05581074897,0.6013890313,0.3150893891,0,-1.436845703,4.424852663,-3.042945246
26.29,-64.5296066,0.05581601201,0.6013633299,0.3151074409,0,-1.437183979,4.426059924,-3.04278198
26.3,-64.52907269,0.05582120506,0.6013376363,0.3151254748,0,-1.437517034,4.427262786,-3.042621807
26.31,-64.52854907,0.05582632824,0.6013119507,0.3151434907,0,-1.437844877,4.428461241,-3.042464721
26.32,-64.52803572,0.05583138167,0.6012862737,0.3151614883,0,-1.438167514,4.429655277,-3.042310715
26.33,-64.5275326,0.05583636545,0.6012606056,0.3151794673,0,-1.438484953,4.430844887,-3.042159781
26.34,-64.52703971,0.05584127971,0.6012349469,0.3151974274,0,-1.438797202,4.43203006,-3.042011913
26.35,-64.52655702,0.05584612455,0.6012092979,0.3152153685,0,-1.439104268,4.433210787,-3.041867105
26.36,-64.52608449,0.0558509001,0.6011836592,0.3152332902,0,-1.439406159,4.434387058,-3.041725348
26.37,-64.52562212,0.05585560648,0.6011580311,0.3152511922,0,-1.439702883,4.435558866,-3.041586635
26.38,-64.52516987,0.05586024379,0.601132414,0.3152690744,0,-1.439994447,4.4367262,-3.041450961
26.39,-64.52472773,0.05586481216,0.6011068084,0.3152869365,0,-1.440280861,4.437889052,-3.041318318
26.4,-64.52429566,0.05586931172,0.6010812146,0.3153047782,0,-1.440562132,4.439047412,-3.041188698
26.41,-64.52387365,0.05587374257,0.6010556331,0.3153225993,0,-1.440838268,4.440201273,-3.041062095
26.42,-64.52346167,0.05587810485,0.6010300643,0.3153403996,0,-1.441109278,4.441350625,-3.040938501
26.43,-64.5230597,0.05588239868,0.6010045085,0.3153581787,0,-1.441375171,4.44249546,-3.04081791
26.44,-64.52266771,0.05588662418,0.6009789662,0.3153759364,0,-1.441635955,4.44363577,-3.040700313
26.45,-64.52228568,0.05589078148,0.6009534378,0.3153936726,0,-1.441891639,4.444771546,-3.040585704
26.46,-64.52191359,0.0558948707,0.6009279236,0.3154113868,0,-1.442142231,4.44590278,-3.040474076
26.47,-64.5215514,0.05589889197,0.6009024242,0.315429079,0,-1.442387742,4.447029464,-3.040365421
26.48,-64.5211991,0.05590284542,0.6008769398,0.3154467489,0,-1.442628179,4.44815159,-3.040259731
26.49,-64.52085667,0.05590673117,0.6008514709,0.3154643962,0,-1.442863552,4.44926915,-3.040157
26.5,-64.52052407,0.05591054936,0.6008260178,0.3154820206,0,-1.443093871,4.450382135,-3.04005722
26.51,-64.52020128,0.05591430012,0.600800581,0.315499622,0,-1.443319145,4.45149054,-3.039960384
26.52,-64.51988828,0.05591798357,0.6007751609,0.3155172001,0,-1.443539382,4.452594355,-3.039866484
26.53,-64.51958504,0.05592159986,0.6007497578,0.3155347547,0,-1.443754594,4.453693573,-3.039775512
26.54,-64.51929154,0.05592514911,0.6007243722,0.3155522855,0,-1.443964789,4.454788188,-3.039687462
26.55,-64.51900775,0.05592863146,0.6006990044,0.3155697923,0,-1.444169977,4.455878191,-3.039602326
26.56,-64.51873365,0.05593204705,0.6006736547,0.3155872749,0,-1.444370169,4.456963575,-3.039520095
26.57,-64.51846921,0.055935396,0.6006483237,0.315604733,0,-1.444565374,4.458044334,-3.039440763
26.58,-64.51821441,0.05593867847,0.6006230117,0.3156221664,0,-1.444755603,4.459120459,-3.039364322
26.59,-64.51796921,0.05594189458,0.600597719,0.3156395748,0,-1.444940866,4.460191946,-3.039290764
26.6,-64.5177336,0.05594504447,0.600572446,0.3156569582,0,-1.445121172,4.461258786,-3.039220081
26.61,-64.51750755,0.05594812829,0.6005471932,0.3156743161,0,-1.445296533,4.462320973,-3.039152266
26.62,-64.51729104,0.05595114617,0.6005219608,0.3156916484,0,-1.445466959,4.463378501,-3.039087311
26.63,-64.51708403,0.05595409827,0.6004967493,0.3157089549,0,-1.445632461,4.464431362,-3.039025209
26.64,-64.5168865,0.05595698471,0.6004715591,0.3157262354,0,-1.445793049,4.465479551,-3.038965951
26.65,-64.51669843,0.05595980564,0.6004463905,0.3157434896,0,-1.445948734,4.466523061,-3.03890953
26.66,-64.51651979,0.05596256121,0.6004212438,0.3157607172,0,-1.446099528,4.467561887,-3.038855937
26.67,-64.51635055,0.05596525156,0.6003961195,0.3157779182,0,-1.44624544,4.468596021,-3.038805166
26.68,-64.51619069,0.05596787684,0.6003710179,0.3157950922,0,-1.446386484,4.469625459,-3.038757207
26.69,-64.51604018,0.0559704372,0.6003459395,0.315812239,0,-1.446522668,4.470650194,-3.038712054
26.7,-64.51589899,0.05597293278,0.6003208844,0.3158293585,0,-1.446654006,4.471670221,-3.038669697
26.71,-64.5157671,0.05597536373,0.6002958532,0.3158464504,0,-1.446780508,4.472685533,-3.03863013
26.72,-64.51564448,0.05597773021,0.6002708462,0.3158635145,0,-1.446902186,4.473696126,-3.038593344
26.73,-64.5155311,0.05598003235,0.6002458637,0.3158805505,0,-1.447019051,4.474701994,-3.038559331
26.74,-64.51542694,0.05598227032,0.6002209061,0.3158975584,0,-1.447131116,4.475703132,-3.038528083
26.75,-64.51533197,0.05598444427,0.6001959737,0.3159145378,0,-1.447238392,4.476699535,-3.038499592
26.76,-64.51524616,0.05598655434,0.600171067,0.3159314885,0,-1.44734089,4.477691196,-3.038473849
26.77,-64.51516949,0.0559886007,0.6001461862,0.3159484104,0,-1.447438624,4.478678112,-3.038450848
26.78,-64.51510193,0.05599058349,0.6001213317,0.3159653032,0,-1.447531604,4.479660278,-3.038430579
26.79,-64.51504345,0.05599250288,0.6000965039,0.3159821668,0,-1.447619844,4.480637688,-3.038413034
26.8,-64.51499402,0.05599435901,0.6000717031,0.3159990009,0,-1.447703355,4.481610339,-3.038398205
26.81,-64.51495361,0.05599615206,0.6000469296,0.3160158052,0,-1.447782151,4.482578225,-3.038386084
26.82,-64.51492221,0.05599788217,0.6000221839,0.3160325798,0,-1.447856242,4.483541342,-3.038376662
26.83,-64.51489977,0.0559995495,0.5999974662,0.3160493242,0,-1.447925642,4.484499685,-3.038369931
26.84,-64.51488628,0.05600115421,0.5999727769,0.3160660383,0,-1.447990364,4.485453251,-3.038365884
26.85,-64.5148817,0.05600269647,0.5999481164,0.316082722,0,-1.44805042,4.486402036,-3.038364511
26.86,-64.51488601,0.05600417644,0.5999234849,0.3160993749,0,-1.448105824,4.487346034,-3.038365804
26.87,-64.51489918,0.05600559427,0.5998988828,0.316115997,0,-1.448156587,4.488285243,-3.038369754
26.88,-64.51492118,0.05600695014,0.5998743105,0.316132588,0,-1.448202723,4.489219659,-3.038376354
26.89,-64.51495198,0.0560082442,0.5998497683,0.3161491478,0,-1.448244245,4.490149277,-3.038385595
26.9,-64.51499156,0.05600947662,0.5998252565,0.3161656761,0,-1.448281167,4.491074094,-3.038397468
26.91,-64.51503988,0.05601064757,0.5998007754,0.3161821727,0,-1.4483135,4.491994107,-3.038411965
26.92,-64.51509692,0.05601175721,0.5997763254,0.3161986375,0,-1.44834126,4.492909312,-3.038429077
26.93,-64.51516265,0.05601280571,0.5997519068,0.3162150702,0,-1.448364459,4.493819706,-3.038448796
26.94,-64.51523704,0.05601379323,0.59972752,0.3162314707,0,-1.448383111,4.494725286,-3.038471113
26.95,-64.51532006,0.05601471995,0.5997031652,0.3162478388,0,-1.448397229,4.495626048,-3.038496019
26.96,-64.51541169,0.05601558604,0.5996788427,0.3162641743,0,-1.448406828,4.496521991,-3.038523507
26.97,-64.51551189,0.05601639166,0.599654553,0.316280477,0,-1.44841192,4.49741311,-3.038553566
26.98,-64.51562063,0.05601713699,0.5996302964,0.3162967468,0,-1.44841252,4.498299403,-3.03858619
26.99,-64.51573789,0.0560178222,0.599606073,0.3163129834,0,-1.448408641,4.499180868,-3.038621368
27,-64.51586364,0.05601844746,0.5995818833,0.3163291866,0,-1.448400298,4.500057501,-3.038659092
27.01,-64.51599784,0.05601901294,0.5995577276,0.3163453564,0,-1.448387505,4.500929301,-3.038699353
27.02,-64.51614048,0.05601951883,0.5995336062,0.3163614925,0,-1.448370275,4.501796265,-3.038742144
27.03,-64.51629151,0.05601996529,0.5995095194,0.3163775946,0,-1.448348624,4.502658391,-3.038787453
27.04,-64.51645091,0.0560203525,0.5994854675,0.3163936628,0,-1.448322565,4.503515676,-3.038835274
27.05,-64.51661866,0.05602068063,0.5994614509,0.3164096967,0,-1.448292113,4.50436812,-3.038885598
27.06,-64.51679471,0.05602094987,0.5994374697,0.3164256962,0,-1.448257283,4.505215719,-3.038938414
27.07,-64.51697905,0.05602116039,0.5994135244,0.3164416612,0,-1.448218088,4.506058472,-3.038993715
27.08,-64.51717164,0.05602131237,0.5993896153,0.3164575914,0,-1.448174544,4.506896378,-3.039051491
27.09,-64.51737245,0.05602140599,0.5993657426,0.3164734867,0,-1.448126665,4.507729434,-3.039111734
27.1,-64.51758145,0.05602144143,0.5993419066,0.3164893469,0,-1.448074466,4.50855764,-3.039174434
27.11,-64.51779861,0.05602141887,0.5993181077,0.3165051718,0,-1.448017962,4.509380993,-3.039239583
27.12,-64.51802391,0.0560213385,0.5992943461,0.3165209614,0,-1.447957167,4.510199494,-3.039307172
27.13,-64.5182573,0.05602120049,0.5992706221,0.3165367153,0,-1.447892098,4.511013139,-3.039377191
27.14,-64.51849877,0.05602100502,0.5992469361,0.3165524335,0,-1.447822768,4.511821929,-3.039449632
27.15,-64.51874828,0.05602075229,0.5992232883,0.3165681158,0,-1.447749194,4.512625863,-3.039524485
27.16,-64.51900581,0.05602044248,0.5991996791,0.316583762,0,-1.44767139,4.513424939,-3.039601742
27.17,-64.51927131,0.05602007576,0.5991761086,0.316599372,0,-1.447589371,4.514219156,-3.039681393
27.18,-64.51954476,0.05601965234,0.5991525772,0.3166149455,0,-1.447503153,4.515008516,-3.039763429
27.19,-64.51982614,0.05601917239,0.5991290852,0.3166304825,0,-1.447412752,4.515793015,-3.039847842
27.2,-64.5201154,0.0560186361,0.5991056329,0.3166459828,0,-1.447318183,4.516572655,-3.039934621
27.21,-64.52041253,0.05601804366,0.5990822206,0.3166614462,0,-1.44721946,4.517347435,-3.040023758
27.22,-64.52071748,0.05601739525,0.5990588484,0.3166768726,0,-1.447116601,4.518117355,-3.040115243
27.23,-64.52103023,0.05601669108,0.5990355168,0.3166922618,0,-1.447009621,4.518882414,-3.040209068
27.24,-64.52135074,0.05601593132,0.599012226,0.3167076137,0,-1.446898536,4.519642613,-3.040305222
27.25,-64.52167899,0.05601511617,0.5989889762,0.316722928,0,-1.44678336,4.520397952,-3.040403698
27.26,-64.52201495,0.05601424581,0.5989657677,0.3167382048,0,-1.446664111,4.52114843,-3.040504485
27.27,-64.52235858,0.05601332045,0.5989426009,0.3167534437,0,-1.446540804,4.521894049,-3.040607574
27.28,-64.52270985,0.05601234028,0.598919476,0.3167686447,0,-1.446413456,4.522634808,-3.040712956
27.29,-64.52306874,0.05601130547,0.5988963932,0.3167838076,0,-1.446282081,4.523370709,-3.040820621
27.3,-64.5234352,0.05601021624,0.5988733528,0.3167989323,0,-1.446146697,4.524101751,-3.04093056
27.31,-64.52380922,0.05600907278,0.5988503552,0.3168140186,0,-1.44600732,4.524827935,-3.041042765
27.32,-64.52419075,0.05600787527,0.5988274005,0.3168290663,0,-1.445863966,4.525549264,-3.041157224
27.33,-64.52457977,0.05600662393,0.598804489,0.3168440754,0,-1.445716651,4.526265736,-3.04127393
27.34,-64.52497624,0.05600531893,0.598781621,0.3168590457,0,-1.445565391,4.526977353,-3.041392872
27.35,-64.52538014,0.05600396048,0.5987587967,0.3168739771,0,-1.445410204,4.527684117,-3.041514041
27.36,-64.52579143,0.05600254878,0.5987360164,0.3168888693,0,-1.445251106,4.528386029,-3.041637428
27.37,-64.52621008,0.05600108403,0.5987132804,0.3169037224,0,-1.445088112,4.52908309,-3.041763023
27.38,-64.52663606,0.05599956641,0.5986905889,0.316918536,0,-1.44492124,4.529775301,-3.041890817
27.39,-64.52706933,0.05599799615,0.5986679422,0.3169333102,0,-1.444750507,4.530462664,-3.0420208
27.4,-64.52750987,0.05599637342,0.5986453404,0.3169480448,0,-1.444575929,4.531145181,-3.042152962
27.41,-64.52795765,0.05599469844,0.598622784,0.3169627395,0,-1.444397522,4.531822853,-3.042287294
27.42,-64.52841262,0.0559929714,0.598600273,0.3169773944,0,-1.444215305,4.532495683,-3.042423787
27.43,-64.52887477,0.05599119251,0.5985778079,0.3169920093,0,-1.444029293,4.533163671,-3.04256243
27.44,-64.52934405,0.05598936197,0.5985553887,0.3170065839,0,-1.443839504,4.533826821,-3.042703215
27.45,-64.52982044,0.05598747998,0.5985330158,0.3170211183,0,-1.443645954,4.534485135,-3.042846132
27.46,-64.5303039,0.05598554675,0.5985106893,0.3170356123,0,-1.443448661,4.535138614,-3.04299117
27.47,-64.5307944,0.05598356247,0.5984884096,0.3170500658,0,-1.443247641,4.535787262,-3.043138321
27.48,-64.53129192,0.05598152736,0.5984661769,0.3170644785,0,-1.443042913,4.536431079,-3.043287575
27.49,-64.53179641,0.05597944162,0.5984439914,0.3170788505,0,-1.442834492,4.537070071,-3.043438922
27.5,-64.53230784,0.05597730545,0.5984218533,0.3170931816,0,-1.442622397,4.537704237,-3.043592352
27.51,-64.53282618,0.05597511906,0.5983997629,0.3171074716,0,-1.442406644,4.538333583,-3.043747855
27.52,-64.53335141,0.05597288265,0.5983777204,0.3171217205,0,-1.442187251,4.538958109,-3.043905423
27.53,-64.53388348,0.05597059644,0.5983557261,0.3171359281,0,-1.441964235,4.539577821,-3.044065045
27.54,-64.53442237,0.05596826063,0.5983337801,0.3171500943,0,-1.441737614,4.540192719,-3.044226711
27.55,-64.53496804,0.05596587543,0.5983118827,0.317164219,0,-1.441507405,4.540802808,-3.044390412
27.56,-64.53552046,0.05596344105,0.5982900342,0.3171783021,0,-1.441273625,4.541408092,-3.044556138
27.57,-64.5360796,0.05596095769,0.5982682346,0.3171923434,0,-1.441036293,4.542008572,-3.044723879
27.58,-64.53664542,0.05595842557,0.5982464844,0.3172063428,0,-1.440795425,4.542604253,-3.044893625
27.59,-64.53721789,0.0559558449,0.5982247836,0.3172203003,0,-1.44055104,4.543195138,-3.045065366
27.6,-64.53779698,0.05595321588,0.5982031326,0.3172342158,0,-1.440303155,4.543781232,-3.045239094
27.61,-64.53838266,0.05595053874,0.5981815314,0.317248089,0,-1.440051787,4.544362537,-3.045414797
27.62,-64.53897489,0.05594781367,0.5981599804,0.3172619199,0,-1.439796955,4.544939057,-3.045592466
27.63,-64.53957364,0.05594504089,0.5981384798,0.3172757084,0,-1.439538676,4.545510797,-3.045772092
27.64,-64.54017888,0.05594222062,0.5981170297,0.3172894544,0,-1.439276969,4.546077761,-3.045953663
27.65,-64.54079057,0.05593935306,0.5980956304,0.3173031578,0,-1.43901185,4.546639952,-3.046137171
27.66,-64.54140868,0.05593643843,0.5980742821,0.3173168185,0,-1.438743338,4.547197375,-3.046322605
27.67,-64.54203319,0.05593347695,0.5980529849,0.3173304363,0,-1.43847145,4.547750034,-3.046509956
27.68,-64.54266405,0.05593046882,0.5980317392,0.3173440112,0,-1.438196206,4.548297934,-3.046699214
27.69,-64.54330123,0.05592741427,0.5980105451,0.3173575431,0,-1.437917622,4.548841079,-3.046890368
27.7,-64.5439447,0.0559243135,0.5979894027,0.3173710318,0,-1.437635717,4.549379475,-3.047083409
27.71,-64.54459442,0.05592116673,0.5979683124,0.3173844774,0,-1.437350509,4.549913124,-3.047278327
27.72,-64.54525037,0.05591797419,0.5979472742,0.3173978795,0,-1.437062015,4.550442033,-3.047475112
27.73,-64.54591251,0.05591473607,0.5979262885,0.3174112383,0,-1.436770255,4.550966206,-3.047673753
27.74,-64.5465808,0.05591145261,0.5979053554,0.3174245536,0,-1.436475246,4.551485649,-3.047874241
27.75,-64.54725522,0.05590812402,0.597884475,0.3174378252,0,-1.436177006,4.552000366,-3.048076567
27.76,-64.54793573,0.05590475051,0.5978636476,0.3174510531,0,-1.435875554,4.552510362,-3.048280719
27.77,-64.54862229,0.0559013323,0.5978428734,0.3174642373,0,-1.435570907,4.553015643,-3.048486688
27.78,-64.54931488,0.05589786961,0.5978221526,0.3174773775,0,-1.435263085,4.553516215,-3.048694464
27.79,-64.55001346,0.05589436267,0.5978014853,0.3174904738,0,-1.434952105,4.554012082,-3.048904037
27.8,-64.55071799,0.05589081168,0.5977808717,0.317503526,0,-1.434637986,4.55450325,-3.049115396
27.81,-64.55142844,0.05588721687,0.5977603121,0.317516534,0,-1.434320746,4.554989725,-3.049328532
27.82,-64.55214478,0.05588357845,0.5977398065,0.3175294978,0,-1.434000404,4.555471513,-3.049543435
27.83,-64.55286698,0.05587989665,0.5977193553,0.3175424173,0,-1.433676977,4.555948619,-3.049760095
27.84,-64.553595,0.05587617169,0.5976989584,0.3175552924,0,-1.433350484,4.55642105,-3.049978501
27.85,-64.55432881,0.05587240378,0.5976786163,0.3175681229,0,-1.433020945,4.55688881,-3.050198644
27.86,-64.55506838,0.05586859316,0.5976583289,0.317580909,0,-1.432688376,4.557351908,-3.050420513
27.87,-64.55581366,0.05586474003,0.5976380965,0.3175936503,0,-1.432352797,4.557810348,-3.050644099
27.88,-64.55656464,0.05586084462,0.5976179193,0.3176063469,0,-1.432014226,4.558264137,-3.050869391
27.89,-64.55732126,0.05585690715,0.5975977974,0.3176189987,0,-1.431672682,4.558713281,-3.051096379
27.9,-64.55808351,0.05585292785,0.597577731,0.3176316057,0,-1.431328183,4.559157787,-3.051325053
27.91,-64.55885134,0.05584890693,0.5975577203,0.3176441676,0,-1.430980748,4.559597661,-3.051555403
27.92,-64.55962473,0.05584484463,0.5975377654,0.3176566845,0,-1.430630395,4.560032911,-3.051787418
27.93,-64.56040363,0.05584074115,0.5975178665,0.3176691563,0,-1.430277144,4.560463542,-3.05202109
27.94,-64.56118802,0.05583659673,0.5974980238,0.3176815829,0,-1.429921011,4.560889561,-3.052256407
27.95,-64.56197786,0.05583241158,0.5974782374,0.3176939643,0,-1.429562017,4.561310976,-3.052493359
27.96,-64.56277312,0.05582818594,0.5974585075,0.3177063003,0,-1.42920018,4.561727793,-3.052731937
27.97,-64.56357377,0.05582392003,0.5974388342,0.317718591,0,-1.428835518,4.562140019,-3.05297213
27.98,-64.56437976,0.05581961406,0.5974192177,0.3177308361,0,-1.428468051,4.562547663,-3.053213928
27.99,-64.56519107,0.05581526827,0.5973996581,0.3177430357,0,-1.428097796,4.562950729,-3.053457321
28,-64.56600766,0.05581088287,0.5973801557,0.3177551898,0,-1.427724773,4.563349227,-3.053702298
28.01,-64.5668295,0.0558064581,0.5973607105,0.3177672981,0,-1.427349,4.563743164,-3.05394885
28.02,-64.56765656,0.05580199418,0.5973413227,0.3177793608,0,-1.426970495,4.564132547,-3.054196967
28.03,-64.56848879,0.05579749133,0.5973219924,0.3177913776,0,-1.426589279,4.564517383,-3.054446637
28.04,-64.56932617,0.05579294978,0.5973027199,0.3178033486,0,-1.426205369,4.56489768,-3.054697852
28.05,-64.57016867,0.05578836976,0.5972835052,0.3178152737,0,-1.425818784,4.565273446,-3.054950601
28.06,-64.57101624,0.05578375149,0.5972643485,0.3178271528,0,-1.425429543,4.56564469,-3.055204873
28.07,-64.57186886,0.05577909519,0.5972452499,0.3178389858,0,-1.425037664,4.566011418,-3.055460659
28.08,-64.57272649,0.05577440109,0.5972262095,0.3178507728,0,-1.424643167,4.566373638,-3.055717948
28.09,-64.5735891,0.05576966943,0.5972072276,0.3178625137,0,-1.42424607,4.566731359,-3.055976731
28.1,-64.57445665,0.05576490042,0.5971883042,0.3178742083,0,-1.423846392,4.56708459,-3.056236996
28.11,-64.57532911,0.05576009429,0.5971694395,0.3178858567,0,-1.423444152,4.567433337,-3.056498734
28.12,-64.57620645,0.05575525128,0.5971506337,0.3178974587,0,-1.423039368,4.56777761,-3.056761935
28.13,-64.57708863,0.0557503716,0.5971318867,0.3179090144,0,-1.422632059,4.568117417,-3.057026589
28.14,-64.57797562,0.05574545548,0.5971131988,0.3179205237,0,-1.422222244,4.568452766,-3.057292685
28.15,-64.57886738,0.05574050315,0.5970945702,0.3179319866,0,-1.421809942,4.568783665,-3.057560213
28.16,-64.57976387,0.05573551485,0.5970760008,0.3179434029,0,-1.421395172,4.569110125,-3.057829162
28.17,-64.58066508,0.05573049079,0.5970574909,0.3179547726,0,-1.420977952,4.569432152,-3.058099524
28.18,-64.58157096,0.0557254312,0.5970390406,0.3179660958,0,-1.420558301,4.569749756,-3.058371287
28.19,-64.58248147,0.05572033631,0.59702065,0.3179773723,0,-1.420136238,4.570062946,-3.058644441
28.2,-64.58339659,0.05571520635,0.5970023193,0.3179886021,0,-1.419711781,4.570371731,-3.058918977
28.21,-64.58431628,0.05571004155,0.5969840484,0.3179997852,0,-1.41928495,4.57067612,-3.059194884
28.22,-64.58524051,0.05570484214,0.5969658376,0.3180109215,0,-1.418855764,4.570976121,-3.059472152
28.23,-64.58616923,0.05569960834,0.596947687,0.318022011,0,-1.41842424,4.571271744,-3.05975077
28.24,-64.58710243,0.05569434038,0.5969295967,0.3180330536,0,-1.417990398,4.571562999,-3.060030729
28.25,-64.58804006,0.05568903849,0.5969115668,0.3180440493,0,-1.417554257,4.571849894,-3.060312018
28.26,-64.58898209,0.0556837029,0.5968935974,0.3180549981,0,-1.417115835,4.572132438,-3.060594627
28.27,-64.58992849,0.05567833383,0.5968756887,0.3180658999,0,-1.416675151,4.572410642,-3.060878546
28.28,-64.59087922,0.05567293153,0.5968578406,0.3180767547,0,-1.416232223,4.572684515,-3.061163765
28.29,-64.59183425,0.0556674962,0.5968400534,0.3180875624,0,-1.415787072,4.572954067,-3.061450274
28.3,-64.59279354,0.05566202809,0.5968223272,0.318098323,0,-1.415339714,4.573219306,-3.061738062
28.31,-64.59375707,0.05565652742,0.5968046619,0.3181090366,0,-1.414890169,4.573480243,-3.06202712
28.32,-64.59472479,0.05565099442,0.5967870579,0.318119703,0,-1.414438456,4.573736888,-3.062317436
28.33,-64.59569667,0.05564542932,0.5967695151,0.3181303222,0,-1.413984593,4.57398925,-3.062609002
28.34,-64.59667269,0.05563983234,0.5967520336,0.3181408942,0,-1.413528599,4.57423734,-3.062901807
28.35,-64.5976528,0.05563420372,0.5967346136,0.318151419,0,-1.413070493,4.574481168,-3.06319584
28.36,-64.59863698,0.05562854369,0.5967172551,0.3181618965,0,-1.412610293,4.574720742,-3.063491093
28.37,-64.59962518,0.05562285247,0.5966999583,0.3181723267,0,-1.412148018,4.574956075,-3.063787553
28.38,-64.60061737,0.05561713029,0.5966827232,0.3181827096,0,-1.411683687,4.575187176,-3.064085212
28.39,-64.60161353,0.05561137738,0.5966655499,0.3181930451,0,-1.411217318,4.575414054,-3.06438406
28.4,-64.60261362,0.05560559397,0.5966484386,0.3182033333,0,-1.410748929,4.575636722,-3.064684085
28.41,-64.60361759,0.0555997803,0.5966313892,0.3182135741,0,-1.41027854,4.575855188,-3.064985278
28.42,-64.60462543,0.05559393657,0.5966144019,0.3182237675,0,-1.409806169,4.576069464,-3.06528763
28.43,-64.6056371,0.05558806303,0.5965974768,0.3182339135,0,-1.409331834,4.57627956,-3.065591129
28.44,-64.60665255,0.05558215991,0.5965806139,0.318244012,0,-1.408855555,4.576485486,-3.065895766
28.45,-64.60767177,0.05557622743,0.5965638134,0.318254063,0,-1.408377349,4.576687254,-3.066201531
28.46,-64.60869471,0.05557026582,0.5965470752,0.3182640666,0,-1.407897235,4.576884874,-3.066508413
28.47,-64.60972134,0.05556427531,0.5965303996,0.3182740227,0,-1.407415231,4.577078357,-3.066816403
28.48,-64.61075163,0.05555825613,0.5965137866,0.3182839312,0,-1.406931356,4.577267714,-3.06712549
28.49,-64.61178555,0.0555522085,0.5964972362,0.3182937922,0,-1.406445629,4.577452955,-3.067435665
28.5,-64.61282306,0.05554613265,0.5964807485,0.3183036056,0,-1.405958068,4.577634092,-3.067746917
28.51,-64.61386412,0.05554002882,0.5964643236,0.3183133715,0,-1.405468691,4.577811136,-3.068059236
28.52,-64.61490871,0.05553389723,0.5964479616,0.3183230899,0,-1.404977516,4.577984098,-3.068372612
28.53,-64.61595679,0.05552773811,0.5964316625,0.3183327606,0,-1.404484563,4.578152989,-3.068687036
28.54,-64.61700832,0.05552155168,0.5964154264,0.3183423837,0,-1.403989848,4.57831782,-3.069002497
28.55,-64.61806329,0.05551533817,0.5963992534,0.3183519593,0,-1.403493391,4.578478603,-3.069318986
28.56,-64.61912164,0.05550909782,0.5963831436,0.3183614872,0,-1.402995211,4.578635349,-3.069636491
28.57,-64.62018335,0.05550283084,0.5963670969,0.3183709675,0,-1.402495324,4.57878807,-3.069955004
28.58,-64.62124838,0.05549653747,0.5963511135,0.3183804002,0,-1.401993749,4.578936776,-3.070274515
28.59,-64.62231671,0.05549021793,0.5963351934,0.3183897853,0,-1.401490505,4.579081479,-3.070595012
28.6,-64.62338829,0.05548387245,0.5963193367,0.3183991227,0,-1.40098561,4.579222192,-3.070916487
28.61,-64.6244631,0.05547750126,0.5963035435,0.3184084125,0,-1.400479082,4.579358925,-3.071238929
28.62,-64.6255411,0.05547110458,0.5962878137,0.3184176547,0,-1.399970939,4.579491691,-3.071562329
28.63,-64.62662226,0.05546468264,0.5962721475,0.3184268492,0,-1.399461198,4.579620501,-3.071886677
28.64,-64.62770654,0.05545823566,0.5962565449,0.3184359961,0,-1.398949879,4.579745366,-3.072211962
28.65,-64.62879391,0.05545176388,0.596241006,0.3184450954,0,-1.398436999,4.5798663,-3.072538174
28.66,-64.62988435,0.05544526752,0.5962255308,0.318454147,0,-1.397922577,4.579983313,-3.072865305
28.67,-64.63097781,0.0554387468,0.5962101193,0.318463151,0,-1.397406629,4.580096418,-3.073193344
28.68,-64.63207427,0.05543220195,0.5961947717,0.3184721073,0,-1.396889175,4.580205627,-3.073522281
28.69,-64.63317368,0.05542563319,0.5961794879,0.3184810161,0,-1.396370232,4.580310951,-3.073852105
28.7,-64.63427603,0.05541904076,0.596164268,0.3184898772,0,-1.395849817,4.580412404,-3.074182809
28.71,-64.63538127,0.05541242487,0.596149112,0.3184986907,0,-1.395327949,4.580509996,-3.074514381
28.72,-64.63648937,0.05540578575,0.59613402,0.3185074566,0,-1.394804646,4.580603741,-3.074846812
28.73,-64.6376003,0.05539912363,0.5961189921,0.3185161749,0,-1.394279926,4.580693651,-3.075180091
28.74,-64.63871403,0.05539243872,0.5961040282,0.3185248456,0,-1.393753805,4.580779737,-3.07551421
28.75,-64.63983053,0.05538573126,0.5960891284,0.3185334687,0,-1.393226302,4.580862013,-3.075849158
28.76,-64.64094975,0.05537900147,0.5960742928,0.3185420443,0,-1.392697435,4.580940491,-3.076184926
28.77,-64.64207168,0.05537224956,0.5960595213,0.3185505723,0,-1.392167221,4.581015183,-3.076521504
28.78,-64.64319627,0.05536547577,0.5960448141,0.3185590527,0,-1.391635678,4.581086102,-3.076858882
28.79,-64.6443235,0.05535868032,0.596030171,0.3185674857,0,-1.391102823,4.58115326,-3.07719705
28.8,-64.64545333,0.05535186343,0.5960155923,0.3185758711,0,-1.390568674,4.58121667,-3.077535999
28.81,-64.64658573,0.05534502533,0.5960010778,0.318584209,0,-1.390033249,4.581276345,-3.077875719
28.82,-64.64772067,0.05533816623,0.5959866277,0.3185924995,0,-1.389496564,4.581332297,-3.0782162
28.83,-64.64885811,0.05533128636,0.5959722419,0.3186007425,0,-1.388958637,4.581384539,-3.078557433
28.84,-64.64999802,0.05532438593,0.5959579205,0.318608938,0,-1.388419487,4.581433084,-3.078899407
28.85,-64.65114038,0.05531746518,0.5959436636,0.3186170861,0,-1.387879129,4.581477945,-3.079242115
28.86,-64.65228515,0.05531052432,0.595929471,0.3186251868,0,-1.387337581,4.581519135,-3.079585544
28.87,-64.65343229,0.05530356358,0.5959153429,0.3186332401,0,-1.386794862,4.581556666,-3.079929687
28.88,-64.65458178,0.05529658317,0.5959012792,0.318641246,0,-1.386250987,4.581590552,-3.080274534
28.89,-64.65573358,0.05528958332,0.5958872801,0.3186492046,0,-1.385705974,4.581620805,-3.080620074
28.9,-64.65688766,0.05528256424,0.5958733454,0.3186571159,0,-1.38515984,4.581647439,-3.080966299
28.91,-64.658044,0.05527552615,0.5958594753,0.3186649799,0,-1.384612602,4.581670467,-3.081313199
28.92,-64.65920255,0.05526846928,0.5958456697,0.3186727966,0,-1.384064278,4.581689902,-3.081660764
28.93,-64.66036328,0.05526139384,0.5958319286,0.3186805661,0,-1.383514884,4.581705756,-3.082008985
28.94,-64.66152617,0.05525430006,0.5958182521,0.3186882884,0,-1.382964438,4.581718044,-3.082357852
28.95,-64.66269119,0.05524718814,0.5958046401,0.3186959634,0,-1.382412955,4.581726779,-3.082707356
28.96,-64.66385829,0.05524005832,0.5957910927,0.3187035913,0,-1.381860454,4.581731973,-3.083057488
28.97,-64.66502746,0.0552329108,0.59577761,0.3187111721,0,-1.381306951,4.581733641,-3.083408237
28.98,-64.66619865,0.0552257458,0.5957641918,0.3187187058,0,-1.380752463,4.581731795,-3.083759596
28.99,-64.66737184,0.05521856354,0.5957508382,0.3187261924,0,-1.380197006,4.581726449,-3.084111553
29,-64.668547,0.05521136425,0.5957375491,0.318733632,0,-1.379640597,4.581717616,-3.0844641
29.01,-64.66972409,0.05520414812,0.5957243247,0.3187410245,0,-1.379083253,4.58170531,-3.084817227
29.02,-64.67090309,0.05519691539,0.5957111649,0.3187483701,0,-1.378524991,4.581689545,-3.085170926
29.03,-64.67208395,0.05518966626,0.5956980697,0.3187556688,0,-1.377965827,4.581670333,-3.085525186
29.04,-64.67326666,0.05518240096,0.5956850391,0.3187629205,0,-1.377405778,4.581647689,-3.085879998
29.05,-64.67445118,0.05517511968,0.5956720731,0.3187701254,0,-1.37684486,4.581621626,-3.086235354
29.06,-64.67563748,0.05516782266,0.5956591717,0.3187772834,0,-1.376283089,4.581592158,-3.086591244
29.07,-64.67682553,0.05516051011,0.5956463348,0.3187843947,0,-1.375720483,4.581559298,-3.086947658
29.08,-64.67801529,0.05515318223,0.5956335626,0.3187914592,0,-1.375157056,4.58152306,-3.087304588
29.09,-64.67920675,0.05514583924,0.5956208549,0.318798477,0,-1.374592826,4.581483458,-3.087662024
29.1,-64.68039985,0.05513848135,0.5956082117,0.3188054481,0,-1.374027809,4.581440506,-3.088019956
29.11,-64.68159459,0.05513110878,0.5955956332,0.3188123726,0,-1.373462021,4.581394217,-3.088378377
29.12,-64.68279092,0.05512372174,0.5955831191,0.3188192505,0,-1.372895478,4.581344606,-3.088737276
29.13,-64.68398882,0.05511632044,0.5955706696,0.3188260819,0,-1.372328196,4.581291685,-3.089096645
29.14,-64.68518825,0.05510890509,0.5955582846,0.3188328667,0,-1.371760192,4.58123547,-3.089456474
29.15,-64.68638918,0.0551014759,0.5955459641,0.3188396051,0,-1.371191481,4.581175973,-3.089816755
29.16,-64.68759159,0.05509403308,0.5955337081,0.3188462971,0,-1.370622079,4.58111321,-3.090177478
29.17,-64.68879545,0.05508657684,0.5955215165,0.3188529427,0,-1.370052002,4.581047193,-3.090538634
29.18,-64.69000071,0.0550791074,0.5955093894,0.318859542,0,-1.369481266,4.580977937,-3.090900214
29.19,-64.69120736,0.05507162495,0.5954973267,0.318866095,0,-1.368909886,4.580905456,-3.091262209
29.2,-64.69241537,0.05506412971,0.5954853284,0.3188726017,0,-1.368337879,4.580829764,-3.091624611
29.21,-64.6936247,0.05505662189,0.5954733945,0.3188790623,0,-1.36776526,4.580750875,-3.09198741
29.22,-64.69483532,0.05504910169,0.5954615249,0.3188854768,0,-1.367192045,4.580668804,-3.092350597
29.23,-64.69604721,0.05504156932,0.5954497196,0.3188918451,0,-1.366618249,4.580583563,-3.092714164
29.24,-64.69726034,0.05503402499,0.5954379787,0.3188981675,0,-1.366043888,4.580495168,-3.093078101
29.25,-64.69847467,0.05502646891,0.595426302,0.3189044439,0,-1.365468977,4.580403632,-3.0934424
29.26,-64.69969017,0.05501890127,0.5954146895,0.3189106743,0,-1.364893531,4.58030897,-3.093807052
29.27,-64.70090683,0.05501132228,0.5954031413,0.3189168589,0,-1.364317567,4.580211196,-3.094172048
29.28,-64.70212459,0.05500373216,0.5953916573,0.3189229976,0,-1.363741099,4.580110324,-3.094537378
29.29,-64.70334345,0.0549961311,0.5953802374,0.3189290906,0,-1.363164143,4.580006369,-3.094903036
29.3,-64.70456337,0.0549885193,0.5953688816,0.3189351379,0,-1.362586713,4.579899344,-3.095269011
29.31,-64.70578432,0.05498089697,0.5953575899,0.3189411395,0,-1.362008825,4.579789265,-3.095635295
29.32,-64.70700626,0.05497326432,0.5953463622,0.3189470955,0,-1.361430495,4.579676145,-3.096001879
29.33,-64.70822918,0.05496562154,0.5953351985,0.318953006,0,-1.360851736,4.579559998,-3.096368754
29.34,-64.70945304,0.05495796883,0.5953240988,0.318958871,0,-1.360272564,4.57944084,-3.096735913
29.35,-64.71067782,0.05495030641,0.5953130631,0.3189646906,0,-1.359692994,4.579318684,-3.097103346
29.36,-64.71190348,0.05494263446,0.5953020912,0.3189704648,0,-1.359113041,4.579193544,-3.097471044
29.37,-64.71313,0.05493495319,0.5952911831,0.3189761937,0,-1.358532719,4.579065436,-3.097839
29.38,-64.71435734,0.05492726279,0.5952803389,0.3189818774,0,-1.357952043,4.578934374,-3.098207203
29.39,-64.71558549,0.05491956347,0.5952695584,0.3189875159,0,-1.357371029,4.578800372,-3.098575647
29.4,-64.71681441,0.05491185543,0.5952588416,0.3189931093,0,-1.35678969,4.578663444,-3.098944323
29.41,-64.71804407,0.05490413885,0.5952481885,0.3189986576,0,-1.356208041,4.578523605,-3.099313221
29.42,-64.71927445,0.05489641395,0.595237599,0.319004161,0,-1.355626096,4.57838087,-3.099682334
29.43,-64.72050551,0.05488868092,0.5952270731,0.3190096194,0,-1.355043871,4.578235252,-3.100051653
29.44,-64.72173723,0.05488093994,0.5952166107,0.319015033,0,-1.354461379,4.578086767,-3.10042117
29.45,-64.72296959,0.05487319123,0.5952062118,0.3190204017,0,-1.353878635,4.57793543,-3.100790876
29.46,-64.72420254,0.05486543496,0.5951958762,0.3190257257,0,-1.353295653,4.577781253,-3.101160762
29.47,-64.72543607,0.05485767135,0.5951856041,0.3190310051,0,-1.352712448,4.577624253,-3.101530822
29.48,-64.72667015,0.05484990058,0.5951753952,0.3190362399,0,-1.352129032,4.577464444,-3.101901046
29.49,-64.72790475,0.05484212284,0.5951652496,0.3190414302,0,-1.351545422,4.577301839,-3.102271425
29.5,-64.72913984,0.05483433833,0.5951551672,0.319046576,0,-1.35096163,4.577136455,-3.102641953
29.51,-64.7303754,0.05482654725,0.595145148,0.3190516774,0,-1.35037767,4.576968305,-3.10301262
29.52,-64.73161139,0.05481874977,0.5951351918,0.3190567345,0,-1.349793557,4.576797404,-3.103383418
29.53,-64.7328478,0.0548109461,0.5951252986,0.3190617473,0,-1.349209304,4.576623767,-3.10375434
29.54,-64.73408459,0.05480313642,0.5951154684,0.319066716,0,-1.348624925,4.576447407,-3.104125376
29.55,-64.73532173,0.05479532092,0.5951057011,0.3190716406,0,-1.348040435,4.576268341,-3.10449652
29.56,-64.73655921,0.0547874998,0.5950959966,0.3190765212,0,-1.347455845,4.576086583,-3.104867762
29.57,-64.73779698,0.05477967324,0.5950863549,0.3190813578,0,-1.346871171,4.575902146,-3.105239095
29.58,-64.73903503,0.05477184142,0.5950767759,0.3190861505,0,-1.346286425,4.575715046,-3.10561051
29.59,-64.74027334,0.05476400455,0.5950672595,0.3190908994,0,-1.345701622,4.575525298,-3.105982001
29.6,-64.74151186,0.0547561628,0.5950578058,0.3190956046,0,-1.345116774,4.575332916,-3.106353558
29.61,-64.74275058,0.05474831636,0.5950484145,0.3191002662,0,-1.344531895,4.575137914,-3.106725174
29.62,-64.74398947,0.05474046541,0.5950390856,0.3191048841,0,-1.343946999,4.574940308,-3.10709684
29.63,-64.7452285,0.05473261015,0.5950298192,0.3191094586,0,-1.343362098,4.574740113,-3.10746855
29.64,-64.74646765,0.05472475075,0.595020615,0.3191139896,0,-1.342777205,4.574537342,-3.107840294
29.65,-64.74770689,0.0547168874,0.595011473,0.3191184773,0,-1.342192335,4.57433201,-3.108212066
29.66,-64.74894619,0.05470902028,0.5950023932,0.3191229218,0,-1.341607499,4.574124133,-3.108583857
29.67,-64.75018553,0.05470114958,0.5949933755,0.319127323,0,-1.341022711,4.573913724,-3.10895566
29.68,-64.75142489,0.05469327547,0.5949844198,0.3191316812,0,-1.340437984,4.5737008,-3.109327467
29.69,-64.75266423,0.05468539814,0.594975526,0.3191359963,0,-1.339853331,4.573485373,-3.10969927
29.7,-64.75390354,0.05467751777,0.594966694,0.3191402685,0,-1.339268764,4.573267459,-3.110071061
29.71,-64.75514278,0.05466963454,0.5949579238,0.3191444978,0,-1.338684296,4.573047074,-3.110442833
29.72,-64.75638193,0.05466174863,0.5949492153,0.3191486843,0,-1.33809994,4.57282423,-3.110814578
29.73,-64.75762096,0.05465386021,0.5949405684,0.3191528282,0,-1.337515709,4.572598943,-3.111186289
29.74,-64.75885986,0.05464596947,0.5949319831,0.3191569294,0,-1.336931615,4.572371229,-3.111557957
29.75,-64.76009859,0.05463807658,0.5949234592,0.3191609882,0,-1.33634767,4.5721411,-3.111929576
29.76,-64.76133713,0.05463018172,0.5949149967,0.3191650044,0,-1.335763887,4.571908573,-3.112301138
29.77,-64.76257545,0.05462228506,0.5949065954,0.3191689784,0,-1.335180279,4.571673662,-3.112672635
29.78,-64.76381353,0.05461438679,0.5948982554,0.31917291,0,-1.334596857,4.571436381,-3.11304406
29.79,-64.76505135,0.05460648707,0.5948899765,0.3191767995,0,-1.334013634,4.571196745,-3.113415405
29.8,-64.76628888,0.05459858607,0.5948817585,0.3191806468,0,-1.333430622,4.57095477,-3.113786664
29.81,-64.76752609,0.05459068399,0.5948736016,0.3191844522,0,-1.332847834,4.570710469,-3.114157828
29.82,-64.76876297,0.05458278097,0.5948655055,0.3191882156,0,-1.33226528,4.570463857,-3.11452889
29.83,-64.76999948,0.05457487721,0.5948574701,0.3191919372,0,-1.331682974,4.570214949,-3.114899843
29.84,-64.7712356,0.05456697286,0.5948494954,0.3191956171,0,-1.331100927,4.569963759,-3.11527068
29.85,-64.77247131,0.0545590681,0.5948415813,0.3191992553,0,-1.330519151,4.569710303,-3.115641394
29.86,-64.77370659,0.05455116311,0.5948337277,0.3192028519,0,-1.329937657,4.569454595,-3.116011977
29.87,-64.7749414,0.05454325804,0.5948259345,0.3192064071,0,-1.329356458,4.569196649,-3.116382421
29.88,-64.77617574,0.05453535307,0.5948182016,0.3192099208,0,-1.328775565,4.568936481,-3.116752721
29.89,-64.77740956,0.05452744836,0.5948105289,0.3192133933,0,-1.32819499,4.568674104,-3.117122868
29.9,-64.77864285,0.05451954409,0.5948029164,0.3192168246,0,-1.327614744,4.568409534,-3.117492856
29.91,-64.77987559,0.05451164042,0.5947953638,0.3192202148,0,-1.327034839,4.568142785,-3.117862677
29.92,-64.78110775,0.05450373751,0.5947878712,0.319223564,0,-1.326455287,4.567873872,-3.118232325
29.93,-64.78233931,0.05449583554,0.5947804384,0.3192268722,0,-1.325876097,4.567602809,-3.118601793
29.94,-64.78357024,0.05448793466,0.5947730653,0.3192301396,0,-1.325297282,4.567329611,-3.118971072
29.95,-64.78480053,0.05448003504,0.5947657518,0.3192333663,0,-1.324718854,4.567054292,-3.119340158
29.96,-64.78603014,0.05447213685,0.5947584979,0.3192365524,0,-1.324140822,4.566776867,-3.119709042
29.97,-64.78725906,0.05446424024,0.5947513034,0.3192396979,0,-1.323563199,4.566497351,-3.120077718
29.98,-64.78848726,0.05445634537,0.5947441682,0.3192428029,0,-1.322985995,4.566215759,-3.120446178
29.99,-64.78971472,0.05444845242,0.5947370922,0.3192458676,0,-1.322409221,4.565932104,-3.120814417
30,-64.79094142,0.05444056153,0.5947300753,0.3192488921,0,-1.321832888,4.565646401,-3.121182427
30.01,-64.79216734,0.05443267287,0.5947231175,0.3192518764,0,-1.321257007,4.565358665,-3.121550201
30.02,-64.79339244,0.0544247866,0.5947162186,0.3192548206,0,-1.320681589,4.565068911,-3.121917733
30.03,-64.79461672,0.05441690287,0.5947093784,0.3192577249,0,-1.320106644,4.564777152,-3.122285016
30.04,-64.79584015,0.05440902185,0.594702597,0.3192605894,0,-1.319532183,4.564483404,-3.122652044
30.05,-64.7970627,0.05440114368,0.5946958741,0.319263414,0,-1.318958216,4.56418768,-3.123018809
30.06,-64.79828435,0.05439326854,0.5946892097,0.319266199,0,-1.318384755,4.563889996,-3.123385306
30.07,-64.79950509,0.05438539656,0.5946826037,0.3192689445,0,-1.317811809,4.563590365,-3.123751527
30.08,-64.80072489,0.05437752791,0.594676056,0.3192716504,0,-1.317239389,4.563288803,-3.124117466
30.09,-64.80194372,0.05436966274,0.5946695664,0.319274317,0,-1.316667505,4.562985323,-3.124483116
30.1,-64.80316157,0.0543618012,0.5946631348,0.3192769444,0,-1.316096167,4.56267994,-3.124848472
30.11,-64.80437842,0.05435394345,0.5946567611,0.3192795326,0,-1.315525386,4.562372668,-3.125213526
30.12,-64.80559424,0.05434608964,0.5946504453,0.3192820817,0,-1.314955172,4.562063522,-3.125578272
30.13,-64.80680901,0.05433823991,0.5946441872,0.3192845919,0,-1.314385535,4.561752517,-3.125942704
30.14,-64.80802272,0.05433039442,0.5946379866,0.3192870632,0,-1.313816484,4.561439665,-3.126306816
30.15,-64.80923533,0.05432255332,0.5946318435,0.3192894958,0,-1.31324803,4.561124982,-3.1266706
30.16,-64.81044684,0.05431471676,0.5946257578,0.3192918898,0,-1.312680182,4.560808483,-3.127034052
30.17,-64.81165721,0.05430688489,0.5946197293,0.3192942452,0,-1.312112951,4.56049018,-3.127397164
30.18,-64.81286643,0.05429905785,0.5946137579,0.3192965621,0,-1.311546345,4.56017009,-3.12775993
30.19,-64.81407448,0.05429123578,0.5946078436,0.3192988408,0,-1.310980376,4.559848225,-3.128122344
30.2,-64.81528134,0.05428341885,0.5946019861,0.3193010812,0,-1.310415052,4.5595246,-3.128484401
30.21,-64.81648698,0.05427560718,0.5945961853,0.3193032835,0,-1.309850382,4.559199229,-3.128846093
30.22,-64.81769138,0.05426780093,0.5945904412,0.3193054477,0,-1.309286377,4.558872128,-3.129207415
30.23,-64.81889454,0.05426000024,0.5945847537,0.3193075741,0,-1.308723046,4.558543308,-3.129568361
30.24,-64.82009642,0.05425220525,0.5945791225,0.3193096626,0,-1.308160397,4.558212786,-3.129928925
30.25,-64.821297,0.0542444161,0.5945735476,0.3193117135,0,-1.307598441,4.557880574,-3.1302891
30.26,-64.82249627,0.05423663294,0.5945680289,0.3193137268,0,-1.307037187,4.557546688,-3.130648881
30.27,-64.82369421,0.05422885591,0.5945625662,0.3193157026,0,-1.306476643,4.557211141,-3.131008262
30.28,-64.82489079,0.05422108515,0.5945571594,0.319317641,0,-1.305916819,4.556873947,-3.131367237
30.29,-64.826086,0.05421332079,0.5945518084,0.3193195422,0,-1.305357724,4.55653512,-3.131725799
30.3,-64.82727981,0.05420556297,0.594546513,0.3193214062,0,-1.304799367,4.556194675,-3.132083944
30.31,-64.82847222,0.05419781184,0.5945412732,0.3193232331,0,-1.304241756,4.555852625,-3.132441666
30.32,-64.82966319,0.05419006753,0.5945360888,0.3193250232,0,-1.303684901,4.555508985,-3.132798957
30.33,-64.83085271,0.05418233018,0.5945309597,0.3193267764,0,-1.30312881,4.555163767,-3.133155814
30.34,-64.83204077,0.05417459991,0.5945258857,0.3193284929,0,-1.302573492,4.554816987,-3.13351223
30.35,-64.83322733,0.05416687688,0.5945208667,0.3193301727,0,-1.302018955,4.554468659,-3.1338682
30.36,-64.83441239,0.0541591612,0.5945159027,0.3193318161,0,-1.301465209,4.554118795,-3.134223718
30.37,-64.83559592,0.05415145302,0.5945109934,0.3193334231,0,-1.300912262,4.55376741,-3.134578777
30.38,-64.83677791,0.05414375246,0.5945061387,0.3193349938,0,-1.300360122,4.553414518,-3.134933374
30.39,-64.83795834,0.05413605967,0.5945013385,0.3193365284,0,-1.299808797,4.553060133,-3.135287502
30.4,-64.83913718,0.05412837476,0.5944965927,0.3193380269,0,-1.299258297,4.552704268,-3.135641155
30.41,-64.84031443,0.05412069788,0.5944919011,0.3193394895,0,-1.298708628,4.552346938,-3.135994329
30.42,-64.84149006,0.05411302914,0.5944872637,0.3193409163,0,-1.2981598,4.551988155,-3.136347017
30.43,-64.84266405,0.05410536868,0.5944826802,0.3193423073,0,-1.29761182,4.551627934,-3.136699215
30.44,-64.84383639,0.05409771663,0.5944781505,0.3193436628,0,-1.297064697,4.551266289,-3.137050917
30.45,-64.84500706,0.05409007312,0.5944736746,0.3193449827,0,-1.296518439,4.550903232,-3.137402117
30.46,-64.84617604,0.05408243826,0.5944692522,0.3193462673,0,-1.295973053,4.550538778,-3.137752811
30.47,-64.84734331,0.0540748122,0.5944648832,0.3193475167,0,-1.295428548,4.550172941,-3.138102993
30.48,-64.84850886,0.05406719504,0.5944605676,0.3193487309,0,-1.294884931,4.549805733,-3.138452658
30.49,-64.84967267,0.05405958692,0.5944563051,0.31934991,0,-1.29434221,4.549437169,-3.1388018
30.5,-64.85083472,0.05405198796,0.5944520956,0.3193510543,0,-1.293800392,4.549067262,-3.139150415
30.51,-64.85199499,0.05404439829,0.594447939,0.3193521638,0,-1.293259487,4.548696025,-3.139498497
30.52,-64.85315347,0.05403681802,0.5944438352,0.3193532385,0,-1.2927195,4.548323472,-3.139846042
30.53,-64.85431014,0.05402924728,0.594439784,0.3193542787,0,-1.29218044,4.547949617,-3.140193043
30.54,-64.85546499,0.05402168618,0.5944357852,0.3193552845,0,-1.291642313,4.547574473,-3.140539497
30.55,-64.85661799,0.05401413485,0.5944318388,0.3193562559,0,-1.291105128,4.547198053,-3.140885397
30.56,-64.85776913,0.05400659341,0.5944279445,0.3193571931,0,-1.290568892,4.546820371,-3.14123074
30.57,-64.8589184,0.05399906197,0.5944241023,0.3193580962,0,-1.290033612,4.546441439,-3.14157552
30.58,-64.86006577,0.05399154066,0.594420312,0.3193589654,0,-1.289499295,4.546061272,-3.141919732
30.59,-64.86121124,0.05398402958,0.5944165735,0.3193598006,0,-1.288965948,4.545679883,-3.142263372
30.6,-64.86235478,0.05397652886,0.5944128866,0.3193606021,0,-1.288433579,4.545297284,-3.142606434
30.61,-64.86349638,0.05396903861,0.5944092512,0.31936137,0,-1.287902194,4.544913489,-3.142948914
30.62,-64.86463602,0.05396155895,0.5944056671,0.3193621043,0,-1.287371801,4.544528512,-3.143290807
30.63,-64.86577369,0.05395408999,0.5944021342,0.3193628053,0,-1.286842406,4.544142365,-3.143632108
30.64,-64.86690937,0.05394663184,0.5943986523,0.319363473,0,-1.286314017,4.543755061,-3.143972812
30.65,-64.86804305,0.05393918461,0.5943952214,0.3193641075,0,-1.285786639,4.543366614,-3.144312916
30.66,-64.86917471,0.05393174842,0.5943918412,0.319364709,0,-1.285260281,4.542977037,-3.144652413
30.67,-64.87030433,0.05392432338,0.5943885116,0.3193652775,0,-1.284734947,4.542586343,-3.1449913
30.68,-64.87143191,0.0539169096,0.5943852325,0.3193658133,0,-1.284210646,4.542194544,-3.145329572
30.69,-64.87255742,0.05390950718,0.5943820037,0.3193663163,0,-1.283687383,4.541801654,-3.145667225
30.7,-64.87368084,0.05390211625,0.5943788251,0.3193667868,0,-1.283165166,4.541407686,-3.146004253
30.71,-64.87480218,0.05389473689,0.5943756965,0.3193672249,0,-1.282644,4.541012652,-3.146340653
30.72,-64.8759214,0.05388736923,0.5943726178,0.3193676306,0,-1.282123892,4.540616565,-3.14667642
30.73,-64.8770385,0.05388001336,0.5943695888,0.3193680042,0,-1.281604849,4.540219439,-3.147011549
30.74,-64.87815345,0.0538726694,0.5943666094,0.3193683456,0,-1.281086875,4.539821286,-3.147346036
30.75,-64.87926626,0.05386533744,0.5943636794,0.3193686551,0,-1.280569979,4.539422118,-3.147679878
30.76,-64.8803769,0.0538580176,0.5943607988,0.3193689327,0,-1.280054166,4.539021949,-3.148013069
30.77,-64.88148535,0.05385070998,0.5943579672,0.3193691786,0,-1.279539441,4.538620792,-3.148345605
30.78,-64.88259161,0.05384341467,0.5943551846,0.3193693929,0,-1.279025811,4.538218658,-3.148677482
30.79,-64.88369565,0.05383613178,0.5943524509,0.3193695757,0,-1.278513283,4.537815561,-3.149008695
30.8,-64.88479747,0.05382886142,0.5943497658,0.3193697272,0,-1.278001861,4.537411513,-3.149339242
30.81,-64.88589705,0.05382160368,0.5943471293,0.3193698474,0,-1.277491552,4.537006527,-3.149669116
30.82,-64.88699438,0.05381435866,0.5943445411,0.3193699365,0,-1.276982362,4.536600615,-3.149998315
30.83,-64.88808945,0.05380712646,0.5943420012,0.3193699947,0,-1.276474296,4.53619379,-3.150326835
30.84,-64.88918223,0.05379990718,0.5943395094,0.3193700219,0,-1.27596736,4.535786064,-3.15065467
30.85,-64.89027273,0.05379270092,0.5943370654,0.3193700184,0,-1.275461559,4.53537745,-3.150981818
30.86,-64.89136091,0.05378550777,0.5943346693,0.3193699843,0,-1.2749569,4.53496796,-3.151308273
30.87,-64.89244678,0.05377832784,0.5943323207,0.3193699196,0,-1.274453387,4.534557607,-3.151634033
30.88,-64.89353031,0.05377116121,0.5943300196,0.3193698246,0,-1.273951027,4.534146402,-3.151959093
30.89,-64.8946115,0.05376400797,0.5943277658,0.3193696993,0,-1.273449824,4.533734358,-3.152283449
30.9,-64.89569033,0.05375686824,0.5943255592,0.3193695439,0,-1.272949784,4.533321487,-3.152607098
30.91,-64.89676679,0.05374974209,0.5943233996,0.3193693584,0,-1.272450912,4.532907802,-3.152930036
30.92,-64.89784086,0.05374262961,0.5943212868,0.3193691431,0,-1.271953214,4.532493315,-3.153252258
30.93,-64.89891254,0.05373553091,0.5943192207,0.319368898,0,-1.271456694,4.532078037,-3.153573762
30.94,-64.89998181,0.05372844608,0.5943172011,0.3193686232,0,-1.270961358,4.531661982,-3.153894542
30.95,-64.90104866,0.05372137519,0.5943152279,0.3193683189,0,-1.270467211,4.53124516,-3.154214597
30.96,-64.90211307,0.05371431835,0.5943133009,0.3193679852,0,-1.269974257,4.530827585,-3.154533921
30.97,-64.90317504,0.05370727563,0.59431142,0.3193676223,0,-1.269482503,4.530409267,-3.154852512
30.98,-64.90423455,0.05370024714,0.5943095849,0.3193672302,0,-1.268991952,4.52999022,-3.155170366
30.99,-64.90529159,0.05369323295,0.5943077956,0.319366809,0,-1.26850261,4.529570454,-3.155487478
31,-64.90634616,0.05368623315,0.5943060519,0.319366359,0,-1.268014481,4.529149983,-3.155803847
31.01,-64.90739822,0.05367924783,0.5943043537,0.3193658801,0,-1.26752757,4.528728816,-3.156119467
31.02,-64.90844779,0.05367227708,0.5943027007,0.3193653727,0,-1.267041882,4.528306968,-3.156434336
31.03,-64.90949483,0.05366532097,0.5943010928,0.3193648366,0,-1.266557421,4.527884448,-3.15674845
31.04,-64.91053935,0.0536583796,0.5942995299,0.3193642722,0,-1.266074193,4.52746127,-3.157061806
31.05,-64.91158134,0.05365145304,0.5942980117,0.3193636795,0,-1.265592201,4.527037444,-3.157374401
31.06,-64.91262077,0.05364454138,0.5942965383,0.3193630586,0,-1.26511145,4.526612982,-3.15768623
31.07,-64.91365764,0.05363764469,0.5942951092,0.3193624097,0,-1.264631944,4.526187896,-3.157997292
31.08,-64.91469194,0.05363076307,0.5942937245,0.3193617329,0,-1.264153688,4.525762198,-3.158307581
31.09,-64.91572365,0.05362389658,0.594292384,0.3193610283,0,-1.263676687,4.525335899,-3.158617096
31.1,-64.91675278,0.05361704531,0.5942910874,0.319360296,0,-1.263200944,4.52490901,-3.158925833
31.11,-64.91777929,0.05361020934,0.5942898347,0.3193595362,0,-1.262726463,4.524481543,-3.159233788
31.12,-64.9188032,0.05360338875,0.5942886257,0.319358749,0,-1.262253249,4.52405351,-3.15954096
31.13,-64.91982448,0.05359658361,0.5942874602,0.3193579344,0,-1.261781306,4.523624921,-3.159847343
31.14,-64.92084312,0.053589794,0.594286338,0.3193570928,0,-1.261310638,4.523195789,-3.160152936
31.15,-64.92185912,0.05358301999,0.594285259,0.3193562241,0,-1.26084125,4.522766124,-3.160457735
31.16,-64.92287246,0.05357626167,0.5942842231,0.3193553284,0,-1.260373143,4.522335937,-3.160761738
31.17,-64.92388314,0.0535695191,0.59428323,0.319354406,0,-1.259906324,4.521905241,-3.161064941
31.18,-64.92489114,0.05356279236,0.5942822796,0.3193534569,0,-1.259440796,4.521474046,-3.161367341
31.19,-64.92589645,0.05355608152,0.5942813718,0.3193524813,0,-1.258976562,4.521042362,-3.161668935
31.2,-64.92689907,0.05354938665,0.5942805063,0.3193514793,0,-1.258513626,4.520610202,-3.161969721
31.21,-64.92789898,0.05354270783,0.5942796831,0.3193504509,0,-1.258051992,4.520177577,-3.162269695
31.22,-64.92889618,0.05353604513,0.5942789019,0.3193493965,0,-1.257591664,4.519744497,-3.162568855
31.23,-64.92989066,0.05352939862,0.5942781626,0.3193483159,0,-1.257132645,4.519310973,-3.162867198
31.24,-64.9308824,0.05352276836,0.5942774651,0.3193472095,0,-1.256674939,4.518877017,-3.163164721
31.25,-64.93187141,0.05351615443,0.5942768091,0.3193460773,0,-1.256218549,4.518442639,-3.163461422
31.26,-64.93285765,0.05350955689,0.5942761945,0.3193449194,0,-1.255763479,4.51800785,-3.163757296
31.27,-64.93384114,0.05350297581,0.5942756211,0.319343736,0,-1.255309732,4.51757266,-3.164052343
31.28,-64.93482186,0.05349641126,0.5942750888,0.3193425271,0,-1.254857312,4.517137082,-3.164346559
31.29,-64.93579981,0.05348986331,0.5942745975,0.319341293,0,-1.254406221,4.516701125,-3.164639942
31.3,-64.93677496,0.05348333202,0.5942741469,0.3193400337,0,-1.253956464,4.5162648,-3.164932488
31.31,-64.93774732,0.05347681745,0.5942737368,0.3193387494,0,-1.253508042,4.515828118,-3.165224196
31.32,-64.93871687,0.05347031967,0.5942733672,0.3193374402,0,-1.253060961,4.515391089,-3.165515062
31.33,-64.93968362,0.05346383874,0.5942730379,0.3193361062,0,-1.252615221,4.514953724,-3.165805085
31.34,-64.94064754,0.05345737473,0.5942727486,0.3193347475,0,-1.252170828,4.514516034,-3.166094262
31.35,-64.94160863,0.0534509277,0.5942724992,0.3193333643,0,-1.251727783,4.514078029,-3.16638259
31.36,-64.94256689,0.0534444977,0.5942722896,0.3193319567,0,-1.25128609,4.513639719,-3.166670067
31.37,-64.9435223,0.05343808481,0.5942721196,0.3193305248,0,-1.250845751,4.513201115,-3.166956691
31.38,-64.94447486,0.05343168907,0.5942719891,0.3193290687,0,-1.25040677,4.512762227,-3.167242458
31.39,-64.94542456,0.05342531055,0.5942718978,0.3193275886,0,-1.249969149,4.512323065,-3.167527368
31.4,-64.94637139,0.05341894931,0.5942718456,0.3193260846,0,-1.249532892,4.511883641,-3.167811417
31.41,-64.94731534,0.05341260541,0.5942718323,0.3193245569,0,-1.249098,4.511443963,-3.168094603
31.42,-64.94825641,0.0534062789,0.5942718578,0.3193230054,0,-1.248664477,4.511004043,-3.168376924
31.43,-64.94919459,0.05339996984,0.5942719219,0.3193214305,0,-1.248232325,4.51056389,-3.168658378
31.44,-64.95012988,0.05339367828,0.5942720244,0.3193198321,0,-1.247801547,4.510123514,-3.168938963
31.45,-64.95106225,0.05338740429,0.5942721652,0.3193182104,0,-1.247372145,4.509682927,-3.169218676
31.46,-64.95199172,0.05338114791,0.5942723441,0.3193165656,0,-1.246944122,4.509242136,-3.169497515
31.47,-64.95291826,0.05337490921,0.5942725609,0.3193148978,0,-1.24651748,4.508801154,-3.169775478
31.48,-64.95384188,0.05336868823,0.5942728155,0.319313207,0,-1.246092223,4.508359989,-3.170052563
31.49,-64.95476256,0.05336248502,0.5942731077,0.3193114935,0,-1.245668351,4.507918651,-3.170328768
31.5,-64.95568031,0.05335629965,0.5942734374,0.3193097573,0,-1.245245868,4.507477151,-3.170604092
31.51,-64.9565951,0.05335013215,0.5942738043,0.3193079985,0,-1.244824776,4.507035497,-3.170878531
31.52,-64.95750695,0.05334398259,0.5942742083,0.3193062174,0,-1.244405077,4.506593701,-3.171152084
31.53,-64.95841583,0.053337851,0.5942746493,0.319304414,0,-1.243986773,4.506151771,-3.17142475
31.54,-64.95932175,0.05333173745,0.594275127,0.3193025884,0,-1.243569866,4.505709718,-3.171696525
31.55,-64.9602247,0.05332564198,0.5942756414,0.3193007408,0,-1.243154359,4.50526755,-3.171967409
31.56,-64.96112466,0.05331956464,0.5942761922,0.3192988713,0,-1.242740254,4.504825278,-3.172237399
31.57,-64.96202165,0.05331350548,0.5942767792,0.31929698,0,-1.242327553,4.504382912,-3.172506494
31.58,-64.96291564,0.05330746454,0.5942774024,0.319295067,0,-1.241916257,4.50394046,-3.172774692
31.59,-64.96380664,0.05330144187,0.5942780615,0.3192931325,0,-1.241506369,4.503497932,-3.173041991
31.6,-64.96469463,0.05329543751,0.5942787563,0.3192911766,0,-1.24109789,4.503055337,-3.173308389
31.61,-64.96557961,0.05328945152,0.5942794868,0.3192891994,0,-1.240690823,4.502612686,-3.173573884
31.62,-64.96646159,0.05328348393,0.5942802527,0.319287201,0,-1.240285168,4.502169987,-3.173838476
31.63,-64.96734054,0.05327753479,0.5942810539,0.3192851816,0,-1.239880929,4.501727249,-3.174102162
31.64,-64.96821647,0.05327160414,0.5942818902,0.3192831413,0,-1.239478107,4.501284482,-3.17436494
31.65,-64.96908937,0.05326569203,0.5942827614,0.3192810802,0,-1.239076703,4.500841696,-3.17462681
31.66,-64.96995923,0.0532597985,0.5942836674,0.3192789985,0,-1.238676719,4.500398898,-3.174887769
31.67,-64.97082605,0.05325392359,0.594284608,0.3192768961,0,-1.238278157,4.4999561,-3.175147816
31.68,-64.97168983,0.05324806733,0.5942855831,0.3192747734,0,-1.237881019,4.499513308,-3.175406949
31.69,-64.97255056,0.05324222978,0.5942865924,0.3192726304,0,-1.237485305,4.499070533,-3.175665167
31.7,-64.97340823,0.05323641097,0.5942876358,0.3192704672,0,-1.237091017,4.498627784,-3.175922469
31.71,-64.97426284,0.05323061093,0.5942887132,0.3192682839,0,-1.236698158,4.498185069,-3.176178853
31.72,-64.97511439,0.05322482971,0.5942898243,0.3192660807,0,-1.236306727,4.497742398,-3.176434317
31.73,-64.97596287,0.05321906735,0.594290969,0.3192638577,0,-1.235916727,4.497299779,-3.17668886
31.74,-64.97680827,0.05321332388,0.5942921472,0.3192616151,0,-1.235528159,4.496857221,-3.176942482
31.75,-64.9776506,0.05320759934,0.5942933586,0.3192593528,0,-1.235141025,4.496414733,-3.177195179
31.76,-64.97848984,0.05320189377,0.5942946031,0.3192570712,0,-1.234755325,4.495972324,-3.177446952
31.77,-64.979326,0.0531962072,0.5942958806,0.3192547702,0,-1.23437106,4.495530003,-3.177697799
31.78,-64.98015906,0.05319053966,0.5942971908,0.31925245,0,-1.233988233,4.495087777,-3.177947719
31.79,-64.98098903,0.05318489119,0.5942985337,0.3192501108,0,-1.233606843,4.494645656,-3.17819671
31.8,-64.9818159,0.05317926182,0.5942999089,0.3192477526,0,-1.233226893,4.494203648,-3.178444771
31.81,-64.98263967,0.0531736516,0.5943013165,0.3192453756,0,-1.232848383,4.493761762,-3.178691901
31.82,-64.98346033,0.05316806054,0.5943027561,0.3192429799,0,-1.232471314,4.493320007,-3.1789381
31.83,-64.98427788,0.05316248868,0.5943042277,0.3192405657,0,-1.232095688,4.49287839,-3.179183365
31.84,-64.98509232,0.05315693605,0.5943057311,0.3192381329,0,-1.231721505,4.49243692,-3.179427695
31.85,-64.98590363,0.05315140269,0.594307266,0.3192356819,0,-1.231348766,4.491995606,-3.17967109
31.86,-64.98671183,0.05314588862,0.5943088324,0.3192332126,0,-1.230977472,4.491554455,-3.179913549
31.87,-64.9875169,0.05314039388,0.5943104301,0.3192307252,0,-1.230607623,4.491113477,-3.180155071
31.88,-64.98831885,0.05313491848,0.5943120589,0.3192282199,0,-1.230239222,4.490672679,-3.180395654
31.89,-64.98911766,0.05312946247,0.5943137186,0.3192256967,0,-1.229872268,4.490232069,-3.180635297
31.9,-64.98991333,0.05312402587,0.594315409,0.3192231558,0,-1.229506762,4.489791657,-3.180874
31.91,-64.99070587,0.0531186087,0.5943171301,0.3192205972,0,-1.229142705,4.489351449,-3.181111762
31.92,-64.99149527,0.05311321099,0.5943188817,0.3192180212,0,-1.228780098,4.488911454,-3.181348582
31.93,-64.99228153,0.05310783278,0.5943206635,0.3192154279,0,-1.228418941,4.488471679,-3.181584459
31.94,-64.99306464,0.05310247408,0.5943224754,0.3192128172,0,-1.228059235,4.488032134,-3.181819391
31.95,-64.9938446,0.05309713491,0.5943243173,0.3192101895,0,-1.22770098,4.487592825,-3.182053379
31.96,-64.99462141,0.05309181532,0.5943261889,0.3192075447,0,-1.227344177,4.487153761,-3.182286422
31.97,-64.99539506,0.05308651531,0.5943280902,0.3192048831,0,-1.226988827,4.48671495,-3.182518518
31.98,-64.99616556,0.05308123491,0.5943300209,0.3192022047,0,-1.226634929,4.486276399,-3.182749667
31.99,-64.9969329,0.05307597415,0.5943319809,0.3191995096,0,-1.226282485,4.485838116,-3.182979869
32,-64.99769707,0.05307073305,0.59433397,0.319196798,0,-1.225931494,4.485400108,-3.183209122
32.01,-64.99845808,0.05306551162,0.594335988,0.3191940701,0,-1.225581958,4.484962385,-3.183437425
32.02,-64.99921593,0.0530603099,0.5943380349,0.3191913258,0,-1.225233876,4.484524952,-3.183664779
32.03,-64.99997061,0.05305512789,0.5943401103,0.3191885653,0,-1.224887248,4.484087818,-3.183891183
32.04,-65.00072212,0.05304996563,0.5943422143,0.3191857889,0,-1.224542075,4.48365099,-3.184116636
32.05,-65.00147046,0.05304482313,0.5943443465,0.3191829964,0,-1.224198358,4.483214476,-3.184341137
32.06,-65.00221562,0.05303970041,0.5943465069,0.3191801882,0,-1.223856095,4.482778284,-3.184564685
32.07,-65.0029576,0.05303459749,0.5943486952,0.3191773643,0,-1.223515289,4.48234242,-3.184787281
32.08,-65.00369641,0.05302951439,0.5943509113,0.3191745248,0,-1.223175938,4.481906892,-3.185008924
32.09,-65.00443204,0.05302445112,0.5943531551,0.3191716698,0,-1.222838042,4.481471707,-3.185229613
32.1,-65.00516449,0.05301940771,0.5943554263,0.3191687995,0,-1.222501602,4.481036873,-3.185449348
32.11,-65.00589376,0.05301438416,0.5943577249,0.319165914,0,-1.222166619,4.480602398,-3.185668129
32.12,-65.00661985,0.0530093805,0.5943600506,0.3191630133,0,-1.221833091,4.480168287,-3.185885954
32.13,-65.00734275,0.05300439674,0.5943624032,0.3191600977,0,-1.221501018,4.479734548,-3.186102824
32.14,-65.00806246,0.05299943289,0.5943647827,0.3191571672,0,-1.221170402,4.479301189,-3.186318738
32.15,-65.00877899,0.05299448898,0.5943671889,0.319154222,0,-1.22084124,4.478868217,-3.186533696
32.16,-65.00949233,0.052989565,0.5943696216,0.3191512621,0,-1.220513535,4.478435638,-3.186747698
32.17,-65.01020248,0.05298466099,0.5943720806,0.3191482877,0,-1.220187285,4.478003459,-3.186960743
32.18,-65.01090943,0.05297977694,0.5943745657,0.3191452989,0,-1.21986249,4.477571689,-3.18717283
32.19,-65.0116132,0.05297491288,0.5943770769,0.3191422958,0,-1.219539149,4.477140332,-3.187383961
32.2,-65.01231378,0.05297006881,0.5943796139,0.3191392786,0,-1.219217264,4.476709397,-3.187594134
32.21,-65.01301116,0.05296524475,0.5943821766,0.3191362472,0,-1.218896833,4.47627889,-3.187803349
32.22,-65.01370535,0.05296044071,0.5943847648,0.319133202,0,-1.218577855,4.475848818,-3.188011606
32.23,-65.01439635,0.0529556567,0.5943873784,0.3191301429,0,-1.218260332,4.475419188,-3.188218905
32.24,-65.01508415,0.05295089272,0.5943900172,0.3191270701,0,-1.217944262,4.474990006,-3.188425245
32.25,-65.01576876,0.05294614879,0.594392681,0.3191239837,0,-1.217629645,4.474561279,-3.188630628
32.26,-65.01645017,0.05294142492,0.5943953697,0.3191208838,0,-1.217316481,4.474133014,-3.188835051
32.27,-65.01712839,0.05293672111,0.5943980831,0.3191177706,0,-1.217004768,4.473705218,-3.189038517
32.28,-65.01780341,0.05293203738,0.5944008211,0.3191146441,0,-1.216694508,4.473277896,-3.189241023
32.29,-65.01847524,0.05292737373,0.5944035834,0.3191115045,0,-1.216385698,4.472851055,-3.189442571
32.3,-65.01914387,0.05292273017,0.59440637,0.3191083518,0,-1.216078339,4.472424702,-3.18964316
32.31,-65.0198093,0.0529181067,0.5944091807,0.3191051863,0,-1.21577243,4.471998844,-3.18984279
32.32,-65.02047154,0.05291350333,0.5944120152,0.3191020079,0,-1.21546797,4.471573486,-3.190041462
32.33,-65.02113058,0.05290892007,0.5944148736,0.3190988169,0,-1.215164959,4.471148635,-3.190239174
32.34,-65.02178643,0.05290435693,0.5944177555,0.3190956133,0,-1.214863397,4.470724297,-3.190435929
32.35,-65.02243908,0.0528998139,0.5944206609,0.3190923972,0,-1.214563281,4.470300478,-3.190631724
32.36,-65.02308854,0.05289529099,0.5944235895,0.3190891688,0,-1.214264613,4.469877186,-3.190826561
32.37,-65.0237348,0.0528907882,0.5944265412,0.3190859281,0,-1.213967391,4.469454425,-3.19102044
32.38,-65.02437787,0.05288630555,0.594429516,0.3190826754,0,-1.213671613,4.469032202,-3.191213361
32.39,-65.02501775,0.05288184303,0.5944325135,0.3190794106,0,-1.213377281,4.468610523,-3.191405324
32.4,-65.02565443,0.05287740064,0.5944355336,0.3190761339,0,-1.213084392,4.468189395,-3.191596329
32.41,-65.02628792,0.05287297839,0.5944385762,0.3190728455,0,-1.212792945,4.467768823,-3.191786376
32.42,-65.02691822,0.05286857628,0.5944416412,0.3190695454,0,-1.212502941,4.467348812,-3.191975466
32.43,-65.02754533,0.0528641943,0.5944447283,0.3190662337,0,-1.212214378,4.46692937,-3.192163598
32.44,-65.02816925,0.05285983247,0.5944478375,0.3190629105,0,-1.211927255,4.466510502,-3.192350774
32.45,-65.02878998,0.05285549078,0.5944509684,0.319059576,0,-1.211641571,4.466092213,-3.192536993
32.46,-65.02940752,0.05285116923,0.5944541211,0.3190562303,0,-1.211357326,4.465674511,-3.192722256
32.47,-65.03002188,0.05284686782,0.5944572954,0.3190528735,0,-1.211074518,4.465257399,-3.192906563
32.48,-65.03063305,0.05284258655,0.594460491,0.3190495056,0,-1.210793146,4.464840885,-3.193089914
32.49,-65.03124103,0.05283832541,0.5944637078,0.3190461269,0,-1.210513209,4.464424973,-3.19327231
32.5,-65.03184584,0.05283408441,0.5944669457,0.3190427373,0,-1.210234707,4.46400967,-3.193453751
32.51,-65.03244746,0.05282986355,0.5944702045,0.3190393371,0,-1.209957637,4.463594981,-3.193634237
32.52,-65.0330459,0.05282566281,0.5944734841,0.3190359263,0,-1.209682,4.463180911,-3.19381377
32.53,-65.03364116,0.0528214822,0.5944767843,0.319032505,0,-1.209407793,4.462767467,-3.193992348
32.54,-65.03423325,0.05281732172,0.5944801049,0.3190290734,0,-1.209135016,4.462354653,-3.194169974
32.55,-65.03482216,0.05281318136,0.5944834458,0.3190256315,0,-1.208863667,4.461942476,-3.194346647
32.56,-65.03540789,0.05280906111,0.5944868069,0.3190221795,0,-1.208593746,4.46153094,-3.194522367
32.57,-65.03599045,0.05280496098,0.594490188,0.3190187174,0,-1.208325251,4.461120051,-3.194697136
32.58,-65.03656984,0.05280088095,0.5944935889,0.3190152455,0,-1.20805818,4.460709814,-3.194870953
32.59,-65.03714607,0.05279682102,0.5944970094,0.3190117637,0,-1.207792533,4.460300234,-3.19504382
32.6,-65.03771912,0.05279278119,0.5945004495,0.3190082721,0,-1.207528309,4.459891317,-3.195215737
32.61,-65.03828901,0.05278876144,0.594503909,0.319004771,0,-1.207265505,4.459483069,-3.195386704
32.62,-65.03885574,0.05278476177,0.5945073877,0.3190012604,0,-1.20700412,4.459075493,-3.195556722
32.63,-65.03941931,0.05278078218,0.5945108854,0.3189977404,0,-1.206744154,4.458668596,-3.195725792
32.64,-65.03997971,0.05277682266,0.5945144021,0.3189942111,0,-1.206485605,4.458262382,-3.195893914
32.65,-65.04053696,0.05277288319,0.5945179375,0.3189906726,0,-1.206228471,4.457856856,-3.196061089
32.66,-65.04109106,0.05276896378,0.5945214916,0.3189871251,0,-1.20597275,4.457452024,-3.196227318
32.67,-65.041642,0.0527650644,0.5945250641,0.3189835685,0,-1.205718443,4.457047891,-3.196392601
32.68,-65.0421898,0.05276118506,0.5945286549,0.3189800031,0,-1.205465546,4.456644461,-3.196556939
32.69,-65.04273444,0.05275732574,0.5945322638,0.318976429,0,-1.205214059,4.456241739,-3.196720333
32.7,-65.04327595,0.05275348643,0.5945358908,0.3189728462,0,-1.204963979,4.45583973,-3.196882784
32.71,-65.0438143,0.05274966713,0.5945395356,0.3189692548,0,-1.204715306,4.455438439,-3.197044291
32.72,-65.04434952,0.05274586782,0.5945431982,0.318965655,0,-1.204468038,4.455037871,-3.197204857
32.73,-65.04488161,0.05274208849,0.5945468783,0.3189620468,0,-1.204222174,4.454638031,-3.197364482
32.74,-65.04541055,0.05273832912,0.5945505757,0.3189584304,0,-1.203977711,4.454238923,-3.197523166
32.75,-65.04593637,0.05273458972,0.5945542905,0.3189548059,0,-1.203734648,4.453840552,-3.19768091
32.76,-65.04645905,0.05273087026,0.5945580224,0.3189511733,0,-1.203492983,4.453442922,-3.197837716
32.77,-65.04697861,0.05272717073,0.5945617712,0.3189475327,0,-1.203252715,4.453046039,-3.197993584
32.78,-65.04749505,0.05272349112,0.5945655368,0.3189438844,0,-1.203013842,4.452649906,-3.198148515
32.79,-65.04800836,0.05271983142,0.5945693191,0.3189402283,0,-1.202776363,4.452254529,-3.198302509
32.8,-65.04851856,0.05271619162,0.5945731179,0.3189365646,0,-1.202540275,4.451859912,-3.198455569
32.81,-65.04902565,0.05271257169,0.5945769331,0.3189328933,0,-1.202305577,4.451466058,-3.198607694
32.82,-65.04952962,0.05270897162,0.5945807645,0.3189292147,0,-1.202072267,4.451072974,-3.198758886
32.83,-65.05003048,0.05270539141,0.594584612,0.3189255287,0,-1.201840343,4.450680662,-3.198909145
32.84,-65.05052824,0.05270183103,0.5945884754,0.3189218354,0,-1.201609804,4.450289128,-3.199058473
32.85,-65.0510229,0.05269829047,0.5945923546,0.3189181351,0,-1.201380648,4.449898375,-3.199206871
32.86,-65.05151446,0.05269476972,0.5945962495,0.3189144277,0,-1.201152872,4.449508408,-3.199354339
32.87,-65.05200293,0.05269126875,0.5946001598,0.3189107134,0,-1.200926476,4.449119232,-3.199500878
32.88,-65.0524883,0.05268778755,0.5946040855,0.3189069923,0,-1.200701456,4.44873085,-3.19964649
32.89,-65.05297059,0.05268432611,0.5946080263,0.3189032644,0,-1.200477812,4.448343266,-3.199791176
32.9,-65.05344979,0.05268088441,0.5946119823,0.3188995299,0,-1.200255542,4.447956486,-3.199934936
32.91,-65.05392591,0.05267746243,0.5946159531,0.3188957889,0,-1.200034642,4.447570511,-3.200077772
32.92,-65.05439895,0.05267406014,0.5946199387,0.3188920415,0,-1.199815112,4.447185348,-3.200219685
32.93,-65.05486892,0.05267067755,0.594623939,0.3188882877,0,-1.19959695,4.446801,-3.200360676
32.94,-65.05533582,0.05266731461,0.5946279537,0.3188845277,0,-1.199380153,4.44641747,-3.200500746
32.95,-65.05579965,0.05266397133,0.5946319827,0.3188807615,0,-1.199164719,4.446034763,-3.200639896
32.96,-65.05626042,0.05266064767,0.594636026,0.3188769893,0,-1.198950647,4.445652883,-3.200778127
32.97,-65.05671814,0.05265734362,0.5946400833,0.3188732111,0,-1.198737934,4.445271833,-3.200915441
32.98,-65.05717279,0.05265405916,0.5946441545,0.3188694271,0,-1.198526579,4.444891617,-3.201051838
32.99,-65.0576244,0.05265079427,0.5946482395,0.3188656374,0,-1.198316579,4.44451224,-3.201187321
33,-65.05807296,0.05264754893,0.5946523381,0.318861842,0,-1.198107933,4.444133705,-3.201321889
33.01,-65.05851848,0.05264432312,0.5946564502,0.318858041,0,-1.197900637,4.443756015,-3.201455544
33.02,-65.05896096,0.05264111681,0.5946605757,0.3188542346,0,-1.19769469,4.443379174,-3.201588288
33.03,-65.05940041,0.05263792998,0.5946647144,0.3188504228,0,-1.197490091,4.443003187,-3.201720122
33.04,-65.05983682,0.05263476262,0.5946688661,0.3188466057,0,-1.197286836,4.442628056,-3.201851046
33.05,-65.06027021,0.05263161471,0.5946730308,0.3188427834,0,-1.197084923,4.442253786,-3.201981063
33.06,-65.06070058,0.05262848621,0.5946772082,0.3188389561,0,-1.196884351,4.441880379,-3.202110174
33.07,-65.06112793,0.05262537711,0.5946813983,0.3188351237,0,-1.196685117,4.44150784,-3.202238379
33.08,-65.06155227,0.05262228738,0.5946856009,0.3188312865,0,-1.196487219,4.441136171,-3.20236568
33.09,-65.0619736,0.052619217,0.5946898159,0.3188274444,0,-1.196290655,4.440765377,-3.202492079
33.1,-65.06239192,0.05261616595,0.5946940431,0.3188235977,0,-1.196095422,4.44039546,-3.202617577
33.11,-65.06280725,0.05261313421,0.5946982825,0.3188197463,0,-1.195901519,4.440026424,-3.202742174
33.12,-65.06321958,0.05261012175,0.5947025338,0.3188158904,0,-1.195708942,4.439658273,-3.202865873
33.13,-65.06362892,0.05260712854,0.5947067969,0.31881203,0,-1.19551769,4.439291009,-3.202988675
33.14,-65.06403527,0.05260415456,0.5947110717,0.3188081653,0,-1.195327761,4.438924637,-3.203110582
33.15,-65.06443865,0.05260119979,0.594715358,0.3188042964,0,-1.195139151,4.438559158,-3.203231594
33.16,-65.06483904,0.0525982642,0.5947196558,0.3188004233,0,-1.194951859,4.438194577,-3.203351713
33.17,-65.06523647,0.05259534776,0.5947239648,0.3187965461,0,-1.194765883,4.437830897,-3.20347094
33.18,-65.06563093,0.05259245046,0.594728285,0.3187926649,0,-1.194581219,4.437468121,-3.203589278
33.19,-65.06602242,0.05258957226,0.5947326162,0.3187887799,0,-1.194397866,4.437106251,-3.203706726
33.2,-65.06641096,0.05258671313,0.5947369583,0.318784891,0,-1.194215821,4.436745291,-3.203823288
33.21,-65.06679655,0.05258387306,0.5947413111,0.3187809985,0,-1.194035082,4.436385245,-3.203938964
33.22,-65.06717919,0.05258105201,0.5947456746,0.3187771023,0,-1.193855647,4.436026114,-3.204053756
33.23,-65.06755888,0.05257824996,0.5947500485,0.3187732026,0,-1.193677512,4.435667903,-3.204167665
33.24,-65.06793564,0.05257546688,0.5947544327,0.3187692994,0,-1.193500676,4.435310613,-3.204280693
33.25,-65.06830947,0.05257270274,0.5947588272,0.3187653929,0,-1.193325136,4.434954249,-3.204392841
33.26,-65.06868037,0.05256995752,0.5947632318,0.3187614831,0,-1.19315089,4.434598812,-3.204504111
33.27,-65.06904835,0.05256723118,0.5947676463,0.3187575702,0,-1.192977934,4.434244306,-3.204614504
33.28,-65.06941341,0.0525645237,0.5947720706,0.3187536541,0,-1.192806268,4.433890733,-3.204724022
33.29,-65.06977556,0.05256183505,0.5947765046,0.318749735,0,-1.192635887,4.433538097,-3.204832667
33.3,-65.0701348,0.0525591652,0.5947809481,0.3187458131,0,-1.19246679,4.433186399,-3.20494044
33.31,-65.07049114,0.05255651412,0.5947854011,0.3187418883,0,-1.192298974,4.432835643,-3.205047343
33.32,-65.07084459,0.05255388179,0.5947898634,0.3187379607,0,-1.192132437,4.432485832,-3.205153377
33.33,-65.07119514,0.05255126816,0.5947943348,0.3187340305,0,-1.191967175,4.432136968,-3.205258543
33.34,-65.07154282,0.05254867322,0.5947988153,0.3187300977,0,-1.191803187,4.431789053,-3.205362845
33.35,-65.07188761,0.05254609693,0.5948033047,0.3187261625,0,-1.191640469,4.431442091,-3.205466282
33.36,-65.07222952,0.05254353926,0.5948078029,0.3187222248,0,-1.19147902,4.431096083,-3.205568857
33.37,-65.07256857,0.05254100018,0.5948123097,0.3187182848,0,-1.191318836,4.430751033,-3.205670572
33.38,-65.07290476,0.05253847967,0.594816825,0.3187143426,0,-1.191159916,4.430406943,-3.205771428
33.39,-65.07323809,0.05253597768,0.5948213488,0.3187103982,0,-1.191002255,4.430063815,-3.205871426
33.4,-65.07356856,0.05253349419,0.5948258808,0.3187064518,0,-1.190845852,4.429721652,-3.205970569
33.41,-65.07389619,0.05253102917,0.5948304209,0.3187025034,0,-1.190690705,4.429380457,-3.206068858
33.42,-65.07422098,0.05252858258,0.5948349691,0.318698553,0,-1.190536809,4.429040231,-3.206166295
33.43,-65.07454294,0.05252615439,0.5948395252,0.3186946009,0,-1.190384164,4.428700976,-3.206262881
33.44,-65.07486206,0.05252374457,0.594844089,0.318690647,0,-1.190232765,4.428362696,-3.206358619
33.45,-65.07517837,0.0525213531,0.5948486605,0.3186866915,0,-1.19008261,4.428025393,-3.20645351
33.46,-65.07549185,0.05251897992,0.5948532395,0.3186827344,0,-1.189933698,4.427689068,-3.206547555
33.47,-65.07580252,0.05251662502,0.5948578258,0.3186787759,0,-1.189786024,4.427353725,-3.206640757
33.48,-65.07611039,0.05251428836,0.5948624195,0.3186748159,0,-1.189639586,4.427019365,-3.206733118
33.49,-65.07641546,0.0525119699,0.5948670203,0.3186708546,0,-1.189494381,4.42668599,-3.206824638
33.5,-65.07671773,0.05250966961,0.5948716281,0.318666892,0,-1.189350408,4.426353602,-3.20691532
33.51,-65.07701722,0.05250738747,0.5948762429,0.3186629283,0,-1.189207662,4.426022204,-3.207005166
33.52,-65.07731392,0.05250512342,0.5948808644,0.3186589635,0,-1.189066141,4.425691798,-3.207094177
33.53,-65.07760785,0.05250287745,0.5948854925,0.3186549977,0,-1.188925842,4.425362386,-3.207182355
33.54,-65.07789901,0.05250064951,0.5948901272,0.318651031,0,-1.188786763,4.42503397,-3.207269703
33.55,-65.0781874,0.05249843958,0.5948947683,0.3186470634,0,-1.188648901,4.424706551,-3.207356221
33.56,-65.07847304,0.05249624761,0.5948994157,0.3186430951,0,-1.188512253,4.424380132,-3.207441912
33.57,-65.07875592,0.05249407357,0.5949040693,0.318639126,0,-1.188376816,4.424054715,-3.207526777
33.58,-65.07903606,0.05249191742,0.594908729,0.3186351564,0,-1.188242587,4.423730301,-3.207610819
33.59,-65.07931346,0.05248977914,0.5949133945,0.3186311862,0,-1.188109564,4.423406892,-3.207694039
33.6,-65.07958813,0.05248765868,0.5949180659,0.3186272156,0,-1.187977743,4.423084491,-3.207776439
33.61,-65.07986007,0.05248555601,0.594922743,0.3186232446,0,-1.187847122,4.422763099,-3.207858022
33.62,-65.08012929,0.05248347109,0.5949274257,0.3186192733,0,-1.187717698,4.422442718,-3.207938788
33.63,-65.0803958,0.05248140389,0.5949321138,0.3186153017,0,-1.187589468,4.42212335,-3.20801874
33.64,-65.0806596,0.05247935437,0.5949368073,0.3186113301,0,-1.187462429,4.421804995,-3.208097879
33.65,-65.08092069,0.05247732249,0.594941506,0.3186073583,0,-1.187336578,4.421487657,-3.208176208
33.66,-65.0811791,0.05247530822,0.5949462098,0.3186033866,0,-1.187211912,4.421171337,-3.208253729
33.67,-65.08143481,0.05247331152,0.5949509186,0.3185994149,0,-1.187088429,4.420856036,-3.208330443
33.68,-65.08168784,0.05247133235,0.5949556323,0.3185954434,0,-1.186966126,4.420541756,-3.208406353
33.69,-65.0819382,0.05246937068,0.5949603508,0.3185914721,0,-1.186844999,4.420228499,-3.20848146
33.7,-65.08218589,0.05246742647,0.5949650739,0.3185875011,0,-1.186725045,4.419916265,-3.208555766
33.71,-65.08243091,0.05246549967,0.5949698015,0.3185835305,0,-1.186606263,4.419605058,-3.208629273
33.72,-65.08267328,0.05246359026,0.5949745336,0.3185795603,0,-1.186488648,4.419294878,-3.208701983
33.73,-65.082913,0.05246169819,0.5949792699,0.3185755907,0,-1.186372198,4.418985726,-3.208773899
33.74,-65.08315007,0.05245982343,0.5949840105,0.3185716216,0,-1.18625691,4.418677604,-3.208845022
33.75,-65.08338451,0.05245796593,0.5949887551,0.3185676532,0,-1.18614278,4.418370514,-3.208915354
33.76,-65.08361632,0.05245612566,0.5949935037,0.3185636856,0,-1.186029807,4.418064457,-3.208984897
33.77,-65.08384551,0.05245430259,0.5949982562,0.3185597188,0,-1.185917986,4.417759434,-3.209053653
33.78,-65.08407208,0.05245249666,0.5950030124,0.3185557528,0,-1.185807316,4.417455447,-3.209121624
33.79,-65.08429604,0.05245070785,0.5950077722,0.3185517879,0,-1.185697792,4.417152497,-3.209188813
33.8,-65.0845174,0.05244893611,0.5950125356,0.3185478239,0,-1.185589412,4.416850585,-3.20925522
33.81,-65.08473616,0.0524471814,0.5950173023,0.318543861,0,-1.185482173,4.416549713,-3.209320849
33.82,-65.08495234,0.05244544369,0.5950220724,0.3185398994,0,-1.185376072,4.416249881,-3.209385701
33.83,-65.08516593,0.05244372293,0.5950268457,0.3185359389,0,-1.185271105,4.415951092,-3.209449778
33.84,-65.08537694,0.05244201909,0.595031622,0.3185319798,0,-1.185167271,4.415653345,-3.209513083
33.85,-65.08558539,0.05244033212,0.5950364013,0.318528022,0,-1.185064565,4.415356643,-3.209575617
33.86,-65.08579128,0.05243866199,0.5950411835,0.3185240657,0,-1.184962985,4.415060987,-3.209637383
33.87,-65.08599461,0.05243700865,0.5950459684,0.3185201109,0,-1.184862527,4.414766377,-3.209698382
33.88,-65.08619539,0.05243537206,0.595050756,0.3185161577,0,-1.184763189,4.414472814,-3.209758616
33.89,-65.08639363,0.05243375219,0.5950555462,0.3185122061,0,-1.184664968,4.414180301,-3.209818088
33.9,-65.08658933,0.05243214898,0.5950603387,0.3185082563,0,-1.18456786,4.413888837,-3.2098768
33.91,-65.08678251,0.05243056241,0.5950651336,0.3185043082,0,-1.184471862,4.413598424,-3.209934754
33.92,-65.08697317,0.05242899243,0.5950699307,0.3185003621,0,-1.184376972,4.413309062,-3.209991952
33.93,-65.08716132,0.052427439,0.59507473,0.3184964178,0,-1.184283186,4.413020753,-3.210048396
33.94,-65.08734696,0.05242590208,0.5950795312,0.3184924755,0,-1.1841905,4.412733498,-3.210104088
33.95,-65.0875301,0.05242438162,0.5950843344,0.3184885353,0,-1.184098913,4.412447298,-3.21015903
33.96,-65.08771075,0.05242287759,0.5950891394,0.3184845972,0,-1.184008421,4.412162153,-3.210213224
33.97,-65.08788891,0.05242138993,0.595093946,0.3184806613,0,-1.18391902,4.411878064,-3.210266673
33.98,-65.0880646,0.05241991862,0.5950987543,0.3184767276,0,-1.183830708,4.411595032,-3.210319379
33.99,-65.08823781,0.05241846361,0.595103564,0.3184727963,0,-1.183743481,4.411313058,-3.210371344
34,-65.08840856,0.05241702486,0.5951083752,0.3184688673,0,-1.183657337,4.411032143,-3.210422569
34.01,-65.08857686,0.05241560232,0.5951131876,0.3184649408,0,-1.183572272,4.410752287,-3.210473058
34.02,-65.08874271,0.05241419595,0.5951180012,0.3184610168,0,-1.183488283,4.410473491,-3.210522812
34.03,-65.08890611,0.05241280572,0.5951228159,0.3184570953,0,-1.183405367,4.410195757,-3.210571833
34.04,-65.08906708,0.05241143156,0.5951276316,0.3184531765,0,-1.183323521,4.409919083,-3.210620124
34.05,-65.08922562,0.05241007346,0.5951324481,0.3184492605,0,-1.183242741,4.409643473,-3.210667686
34.06,-65.08938174,0.05240873135,0.5951372655,0.3184453471,0,-1.183163025,4.409368925,-3.210714523
34.07,-65.08953545,0.05240740521,0.5951420835,0.3184414366,0,-1.183084369,4.40909544,-3.210760635
34.08,-65.08968675,0.05240609497,0.5951469021,0.318437529,0,-1.18300677,4.40882302,-3.210806026
34.09,-65.08983566,0.05240480061,0.5951517213,0.3184336244,0,-1.182930226,4.408551664,-3.210850698
34.1,-65.08998217,0.05240352208,0.5951565407,0.3184297227,0,-1.182854731,4.408281374,-3.210894651
34.11,-65.0901263,0.05240225933,0.5951613605,0.3184258241,0,-1.182780285,4.408012149,-3.21093789
34.12,-65.09026805,0.05240101233,0.5951661805,0.3184219287,0,-1.182706883,4.40774399,-3.210980416
34.13,-65.09040744,0.05239978102,0.5951710006,0.3184180365,0,-1.182634522,4.407476898,-3.211022231
34.14,-65.09054446,0.05239856537,0.5951758206,0.3184141475,0,-1.182563198,4.407210874,-3.211063338
34.15,-65.09067913,0.05239736533,0.5951806406,0.3184102618,0,-1.18249291,4.406945917,-3.211103738
34.16,-65.09081145,0.05239618085,0.5951854603,0.3184063795,0,-1.182423653,4.406682028,-3.211143434
34.17,-65.09094143,0.05239501189,0.5951902798,0.3184025006,0,-1.182355425,4.406419207,-3.211182428
34.18,-65.09106908,0.05239385841,0.5951950989,0.3183986253,0,-1.182288222,4.406157455,-3.211220723
34.19,-65.0911944,0.05239272037,0.5951999175,0.3183947534,0,-1.182222041,4.405896772,-3.21125832
34.2,-65.09131741,0.05239159771,0.5952047355,0.3183908852,0,-1.182156878,4.405637159,-3.211295222
34.21,-65.0914381,0.0523904904,0.5952095529,0.3183870207,0,-1.182092731,4.405378615,-3.211331431
34.22,-65.0915565,0.05238939839,0.5952143695,0.3183831599,0,-1.182029596,4.405121142,-3.21136695
34.23,-65.0916726,0.05238832164,0.5952191853,0.3183793028,0,-1.18196747,4.404864738,-3.211401779
34.24,-65.09178641,0.05238726009,0.5952240001,0.3183754497,0,-1.18190635,4.404609405,-3.211435923
34.25,-65.09189794,0.05238621371,0.5952288138,0.3183716004,0,-1.181846233,4.404355143,-3.211469383
34.26,-65.0920072,0.05238518245,0.5952336264,0.318367755,0,-1.181787115,4.404101952,-3.211502161
34.27,-65.0921142,0.05238416626,0.5952384378,0.3183639137,0,-1.181728993,4.403849831,-3.21153426
34.28,-65.09221894,0.05238316511,0.5952432479,0.3183600764,0,-1.181671863,4.403598782,-3.211565681
34.29,-65.09232143,0.05238217893,0.5952480566,0.3183562433,0,-1.181615723,4.403348805,-3.211596428
34.3,-65.09242167,0.0523812077,0.5952528638,0.3183524143,0,-1.18156057,4.403099898,-3.211626502
34.31,-65.09251969,0.05238025136,0.5952576694,0.3183485896,0,-1.1815064,4.402852063,-3.211655906
34.32,-65.09261547,0.05237930987,0.5952624733,0.3183447691,0,-1.181453209,4.4026053,-3.211684641
34.33,-65.09270904,0.05237838319,0.5952672755,0.318340953,0,-1.181400995,4.402359608,-3.211712711
34.34,-65.09280039,0.05237747126,0.5952720758,0.3183371413,0,-1.181349754,4.402114988,-3.211740117
34.35,-65.09288954,0.05237657404,0.5952768741,0.318333334,0,-1.181299483,4.40187144,-3.211766863
34.36,-65.0929765,0.05237569149,0.5952816705,0.3183295313,0,-1.181250179,4.401628963,-3.211792949
34.37,-65.09306126,0.05237482355,0.5952864647,0.3183257331,0,-1.181201838,4.401387558,-3.211818378
34.38,-65.09314385,0.05237397019,0.5952912567,0.3183219395,0,-1.181154458,4.401147224,-3.211843154
34.39,-65.09322426,0.05237313136,0.5952960465,0.3183181505,0,-1.181108034,4.400907962,-3.211867277
34.4,-65.0933025,0.05237230701,0.5953008338,0.3183143663,0,-1.181062564,4.400669771,-3.21189075
34.41,-65.09337859,0.05237149709,0.5953056187,0.3183105868,0,-1.181018045,4.400432651,-3.211913576
34.42,-65.09345252,0.05237070156,0.5953104011,0.3183068122,0,-1.180974472,4.400196602,-3.211935757
34.43,-65.09352432,0.05236992038,0.5953151808,0.3183030424,0,-1.180931843,4.399961625,-3.211957295
34.44,-65.09359398,0.05236915349,0.5953199578,0.3182992775,0,-1.180890155,4.399727718,-3.211978193
34.45,-65.09366151,0.05236840085,0.5953247321,0.3182955176,0,-1.180849403,4.399494881,-3.211998452
34.46,-65.09372692,0.05236766241,0.5953295034,0.3182917627,0,-1.180809586,4.399263115,-3.212018076
34.47,-65.09379022,0.05236693813,0.5953342718,0.3182880129,0,-1.180770699,4.399032419,-3.212037066
34.48,-65.09385142,0.05236622796,0.5953390371,0.3182842682,0,-1.18073274,4.398802792,-3.212055425
34.49,-65.09391051,0.05236553185,0.5953437993,0.3182805286,0,-1.180695704,4.398574235,-3.212073154
34.5,-65.09396753,0.05236484975,0.5953485583,0.3182767943,0,-1.18065959,4.398346748,-3.212090258
34.51,-65.09402246,0.05236418163,0.5953533139,0.3182730653,0,-1.180624392,4.398120329,-3.212106737
34.52,-65.09407531,0.05236352743,0.5953580663,0.3182693415,0,-1.180590109,4.397894979,-3.212122594
34.53,-65.0941261,0.0523628871,0.5953628151,0.3182656231,0,-1.180556737,4.397670697,-3.212137831
34.54,-65.09417484,0.0523622606,0.5953675604,0.3182619102,0,-1.180524272,4.397447483,-3.212152451
34.55,-65.09422152,0.05236164788,0.5953723022,0.3182582027,0,-1.180492711,4.397225337,-3.212166456
34.56,-65.09426616,0.0523610489,0.5953770402,0.3182545006,0,-1.180462051,4.397004257,-3.212179849
34.57,-65.09430877,0.0523604636,0.5953817744,0.3182508042,0,-1.180432289,4.396784244,-3.212192631
34.58,-65.09434935,0.05235989194,0.5953865048,0.3182471133,0,-1.180403421,4.396565298,-3.212204806
34.59,-65.09438791,0.05235933387,0.5953912313,0.3182434281,0,-1.180375444,4.396347417,-3.212216374
34.6,-65.09442447,0.05235878935,0.5953959537,0.3182397486,0,-1.180348355,4.396130601,-3.21222734
34.61,-65.09445902,0.05235825833,0.5954006721,0.3182360748,0,-1.18032215,4.39591485,-3.212237705
34.62,-65.09449157,0.05235774075,0.5954053863,0.3182324067,0,-1.180296825,4.395700163,-3.212247471
34.63,-65.09452214,0.05235723658,0.5954100963,0.3182287445,0,-1.180272379,4.39548654,-3.212256641
34.64,-65.09455072,0.05235674576,0.5954148019,0.3182250882,0,-1.180248807,4.395273981,-3.212265217
34.65,-65.09457734,0.05235626825,0.5954195032,0.3182214378,0,-1.180226106,4.395062483,-3.212273201
34.66,-65.09460199,0.052355804,0.5954242,0.3182177934,0,-1.180204273,4.394852048,-3.212280597
34.67,-65.09462468,0.05235535296,0.5954288923,0.3182141549,0,-1.180183305,4.394642674,-3.212287405
34.68,-65.09464543,0.05235491508,0.5954335799,0.3182105225,0,-1.180163197,4.394434361,-3.212293629
34.69,-65.09466424,0.05235449032,0.5954382629,0.3182068962,0,-1.180143947,4.394227108,-3.212299271
34.7,-65.09468111,0.05235407863,0.5954429411,0.318203276,0,-1.180125552,4.394020914,-3.212304333
34.71,-65.09469606,0.05235367996,0.5954476144,0.318199662,0,-1.180108008,4.39381578,-3.212308818
34.72,-65.09470909,0.05235329426,0.5954522829,0.3181960542,0,-1.180091312,4.393611703,-3.212312728
34.73,-65.09472022,0.05235292149,0.5954569463,0.3181924527,0,-1.18007546,4.393408684,-3.212316065
34.74,-65.09472944,0.05235256159,0.5954616048,0.3181888575,0,-1.18006045,4.393206721,-3.212318831
34.75,-65.09473677,0.05235221453,0.595466258,0.3181852686,0,-1.180046278,4.393005815,-3.21232103
34.76,-65.09474221,0.05235188024,0.5954709061,0.3181816861,0,-1.18003294,4.392805963,-3.212322663
34.77,-65.09474578,0.05235155869,0.595475549,0.31817811,0,-1.180020433,4.392607166,-3.212323733
34.78,-65.09474747,0.05235124983,0.5954801865,0.3181745404,0,-1.180008755,4.392409423,-3.212324242
34.79,-65.09474731,0.0523509536,0.5954848186,0.3181709773,0,-1.179997901,4.392212732,-3.212324192
34.8,-65.09474529,0.05235066995,0.5954894452,0.3181674208,0,-1.179987868,4.392017094,-3.212323587
34.81,-65.09474142,0.05235039886,0.5954940662,0.3181638708,0,-1.179978653,4.391822506,-3.212322427
34.82,-65.09473572,0.05235014025,0.5954986817,0.3181603275,0,-1.179970253,4.391628969,-3.212320716
34.83,-65.09472819,0.05234989409,0.5955032915,0.3181567908,0,-1.179962665,4.391436481,-3.212318456
34.84,-65.09471883,0.05234966032,0.5955078955,0.3181532608,0,-1.179955884,4.391245042,-3.212315649
34.85,-65.09470766,0.0523494389,0.5955124937,0.3181497376,0,-1.179949908,4.391054651,-3.212312298
34.86,-65.09469468,0.05234922978,0.595517086,0.3181462211,0,-1.179944734,4.390865306,-3.212308404
34.87,-65.09467991,0.05234903292,0.5955216724,0.3181427115,0,-1.179940358,4.390677007,-3.212303972
34.88,-65.09466334,0.05234884825,0.5955262527,0.3181392087,0,-1.179936776,4.390489753,-3.212299001
34.89,-65.09464499,0.05234867575,0.595530827,0.3181357128,0,-1.179933986,4.390303542,-3.212293496
34.9,-65.09462486,0.05234851535,0.5955353951,0.3181322238,0,-1.179931985,4.390118375,-3.212287458
34.91,-65.09460297,0.052348367,0.595539957,0.3181287419,0,-1.179930768,4.38993425,-3.212280891
34.92,-65.09457932,0.05234823067,0.5955445126,0.3181252669,0,-1.179930332,4.389751165,-3.212273795
34.93,-65.09455391,0.0523481063,0.5955490618,0.3181217989,0,-1.179930675,4.389569121,-3.212266174
34.94,-65.09452676,0.05234799384,0.5955536047,0.318118338,0,-1.179931793,4.389388115,-3.212258029
34.95,-65.09449788,0.05234789325,0.5955581411,0.3181148843,0,-1.179933682,4.389208147,-3.212249364
34.96,-65.09446727,0.05234780448,0.5955626709,0.3181114377,0,-1.17993634,4.389029216,-3.212240181
34.97,-65.09443494,0.05234772747,0.5955671942,0.3181079982,0,-1.179939763,4.388851321,-3.212230481
34.98,-65.09440089,0.05234766218,0.5955717108,0.318104566,0,-1.179943947,4.38867446,-3.212220268
34.99,-65.09436514,0.05234760857,0.5955762206,0.3181011411,0,-1.17994889,4.388498632,-3.212209543
35,-65.0943277,0.05234756658,0.5955807237,0.3180977234,0,-1.179954588,4.388323837,-3.21219831
35.01,-65.09428857,0.05234753616,0.59558522,0.318094313,0,-1.179961038,4.388150073,-3.21218657
35.02,-65.09424775,0.05234751727,0.5955897093,0.31809091,0,-1.179968236,4.387977339,-3.212174325
35.03,-65.09420526,0.05234750986,0.5955941917,0.3180875144,0,-1.17997618,4.387805634,-3.212161579
35.04,-65.09416111,0.05234751387,0.595598667,0.3180841262,0,-1.179984865,4.387634957,-3.212148333
35.05,-65.0941153,0.05234752927,0.5956031353,0.3180807455,0,-1.179994289,4.387465306,-3.212134591
35.06,-65.09406784,0.052347556,0.5956075964,0.3180773722,0,-1.180004449,4.387296681,-3.212120353
35.07,-65.09401874,0.05234759402,0.5956120503,0.3180740065,0,-1.18001534,4.387129079,-3.212105623
35.08,-65.09396801,0.05234764327,0.5956164969,0.3180706483,0,-1.18002696,4.386962501,-3.212090402
35.09,-65.09391565,0.05234770371,0.5956209362,0.3180672977,0,-1.180039306,4.386796944,-3.212074694
35.1,-65.09386167,0.05234777529,0.5956253682,0.3180639547,0,-1.180052373,4.386632407,-3.212058501
35.11,-65.09380608,0.05234785795,0.5956297927,0.3180606193,0,-1.18006616,4.38646889,-3.212041824
35.12,-65.09374889,0.05234795167,0.5956342097,0.3180572916,0,-1.180080662,4.38630639,-3.212024667
35.13,-65.0936901,0.05234805637,0.5956386191,0.3180539717,0,-1.180095877,4.386144906,-3.212007031
35.14,-65.09362973,0.05234817202,0.595643021,0.3180506594,0,-1.1801118,4.385984438,-3.21198892
35.15,-65.09356778,0.05234829857,0.5956474152,0.318047355,0,-1.18012843,4.385824984,-3.211970334
35.16,-65.09350426,0.05234843597,0.5956518017,0.3180440583,0,-1.180145761,4.385666542,-3.211951278
35.17,-65.09343917,0.05234858416,0.5956561804,0.3180407694,0,-1.180163792,4.385509112,-3.211931752
35.18,-65.09337253,0.05234874311,0.5956605512,0.3180374885,0,-1.180182519,4.385352691,-3.21191176
35.19,-65.09330434,0.05234891276,0.5956649142,0.3180342153,0,-1.180201939,4.385197278,-3.211891303
35.2,-65.09323462,0.05234909307,0.5956692693,0.3180309501,0,-1.180222048,4.385042873,-3.211870385
35.21,-65.09316336,0.05234928399,0.5956736163,0.3180276929,0,-1.180242843,4.384889473,-3.211849007
35.22,-65.09309057,0.05234948546,0.5956779554,0.3180244436,0,-1.180264321,4.384737077,-3.211827171
35.23,-65.09301627,0.05234969745,0.5956822863,0.3180212023,0,-1.180286478,4.384585684,-3.211804881
35.24,-65.09294046,0.05234991989,0.5956866091,0.3180179691,0,-1.180309312,4.384435293,-3.211782138
35.25,-65.09286315,0.05235015275,0.5956909237,0.3180147438,0,-1.180332819,4.384285901,-3.211758945
35.26,-65.09278435,0.05235039598,0.59569523,0.3180115267,0,-1.180356996,4.384137508,-3.211735304
35.27,-65.09270406,0.05235064953,0.595699528,0.3180083177,0,-1.180381839,4.383990112,-3.211711217
35.28,-65.09262229,0.05235091334,0.5957038177,0.3180051168,0,-1.180407346,4.383843711,-3.211686687
35.29,-65.09253905,0.05235118738,0.595708099,0.3180019241,0,-1.180433513,4.383698304,-3.211661716
35.3,-65.09245435,0.05235147158,0.5957123718,0.3179987395,0,-1.180460337,4.383553889,-3.211636306
35.31,-65.0923682,0.05235176592,0.5957166362,0.3179955632,0,-1.180487814,4.383410466,-3.21161046
35.32,-65.0922806,0.05235207033,0.5957208919,0.3179923951,0,-1.180515942,4.383268032,-3.21158418
35.33,-65.09219156,0.05235238477,0.5957251391,0.3179892353,0,-1.180544716,4.383126585,-3.211557468
35.34,-65.09210109,0.05235270918,0.5957293776,0.3179860837,0,-1.180574135,4.382986125,-3.211530327
35.35,-65.0920092,0.05235304354,0.5957336074,0.3179829405,0,-1.180604194,4.38284665,-3.211502759
35.36,-65.09191589,0.05235338777,0.5957378285,0.3179798056,0,-1.180634891,4.382708158,-3.211474766
35.37,-65.09182117,0.05235374185,0.5957420408,0.317976679,0,-1.180666222,4.382570648,-3.211446351
35.38,-65.09172505,0.05235410571,0.5957462442,0.3179735609,0,-1.180698184,4.382434117,-3.211417515
35.39,-65.09162754,0.05235447931,0.5957504388,0.3179704511,0,-1.180730774,4.382298565,-3.211388262
35.4,-65.09152864,0.05235486261,0.5957546244,0.3179673498,0,-1.180763988,4.382163989,-3.211358593
35.41,-65.09142837,0.05235525555,0.5957588011,0.317964257,0,-1.180797824,4.382030389,-3.211328511
35.42,-65.09132673,0.05235565809,0.5957629687,0.3179611726,0,-1.180832278,4.381897762,-3.211298018
35.43,-65.09122372,0.05235607017,0.5957671272,0.3179580967,0,-1.180867346,4.381766107,-3.211267117
35.44,-65.09111936,0.05235649176,0.5957712767,0.3179550293,0,-1.180903027,4.381635422,-3.211235809
35.45,-65.09101366,0.0523569228,0.5957754169,0.3179519705,0,-1.180939316,4.381505705,-3.211204097
35.46,-65.09090661,0.05235736325,0.595779548,0.3179489203,0,-1.18097621,4.381376955,-3.211171984
35.47,-65.09079824,0.05235781306,0.5957836698,0.3179458786,0,-1.181013706,4.38124917,-3.211139471
35.48,-65.09068853,0.05235827217,0.5957877824,0.3179428456,0,-1.181051802,4.381122349,-3.21110656
35.49,-65.09057752,0.05235874056,0.5957918855,0.3179398212,0,-1.181090493,4.380996489,-3.211073255
35.5,-65.09046519,0.05235921815,0.5957959794,0.3179368054,0,-1.181129776,4.38087159,-3.211039558
35.51,-65.09035156,0.05235970492,0.5958000638,0.3179337983,0,-1.181169649,4.380747648,-3.211005469
35.52,-65.09023664,0.0523602008,0.5958041387,0.3179307999,0,-1.181210109,4.380624663,-3.210970993
35.53,-65.09012044,0.05236070576,0.5958082041,0.3179278102,0,-1.181251151,4.380502632,-3.210936132
35.54,-65.09000295,0.05236121974,0.59581226,0.3179248293,0,-1.181292773,4.380381555,-3.210900886
35.55,-65.0898842,0.0523617427,0.5958163063,0.3179218571,0,-1.181334972,4.380261428,-3.21086526
35.56,-65.08976418,0.05236227459,0.595820343,0.3179188937,0,-1.181377744,4.380142251,-3.210829254
35.57,-65.08964291,0.05236281537,0.59582437,0.317915939,0,-1.181421087,4.380024022,-3.210792872
35.58,-65.08952038,0.05236336498,0.5958283873,0.3179129932,0,-1.181464997,4.379906738,-3.210756115
35.59,-65.08939662,0.05236392338,0.5958323949,0.3179100562,0,-1.18150947,4.379790398,-3.210718987
35.6,-65.08927163,0.05236449052,0.5958363926,0.3179071281,0,-1.181554505,4.379675001,-3.210681488
35.61,-65.0891454,0.05236506636,0.5958403806,0.3179042088,0,-1.181600098,4.379560543,-3.210643621
35.62,-65.08901796,0.05236565084,0.5958443587,0.3179012984,0,-1.181646245,4.379447025,-3.210605389
35.63,-65.08888931,0.05236624393,0.5958483269,0.3178983969,0,-1.181692944,4.379334442,-3.210566794
35.64,-65.08875946,0.05236684557,0.5958522851,0.3178955044,0,-1.181740191,4.379222795,-3.210527838
35.65,-65.08862841,0.05236745571,0.5958562334,0.3178926207,0,-1.181787983,4.37911208,-3.210488524
35.66,-65.08849618,0.05236807431,0.5958601716,0.3178897461,0,-1.181836317,4.379002297,-3.210448853
35.67,-65.08836276,0.05236870133,0.5958640998,0.3178868804,0,-1.181885191,4.378893442,-3.210408827
35.68,-65.08822817,0.05236933672,0.595868018,0.3178840236,0,-1.1819346,4.378785515,-3.21036845
35.69,-65.08809241,0.05236998042,0.595871926,0.3178811759,0,-1.181984542,4.378678513,-3.210327723
35.7,-65.08795549,0.05237063239,0.5958758238,0.3178783372,0,-1.182035013,4.378572434,-3.210286648
35.71,-65.08781743,0.05237129259,0.5958797115,0.3178755076,0,-1.182086011,4.378467277,-3.210245228
35.72,-65.08767822,0.05237196097,0.5958835889,0.3178726869,0,-1.182137532,4.37836304,-3.210203465
35.73,-65.08753787,0.05237263748,0.5958874561,0.3178698754,0,-1.182189574,4.37825972,-3.210161361
35.74,-65.0873964,0.05237332208,0.5958913129,0.3178670729,0,-1.182242133,4.378157316,-3.210118919
35.75,-65.0872538,0.05237401472,0.5958951595,0.3178642796,0,-1.182295206,4.378055825,-3.210076139
35.76,-65.08711009,0.05237471535,0.5958989956,0.3178614953,0,-1.18234879,4.377955247,-3.210033026
35.77,-65.08696527,0.05237542393,0.5959028214,0.3178587202,0,-1.182402882,4.377855578,-3.209989581
35.78,-65.08681935,0.05237614041,0.5959066367,0.3178559542,0,-1.182457479,4.377756817,-3.209945806
35.79,-65.08667234,0.05237686474,0.5959104416,0.3178531974,0,-1.182512577,4.377658962,-3.209901703
35.8,-65.08652425,0.05237759688,0.595914236,0.3178504497,0,-1.182568175,4.37756201,-3.209857274
35.81,-65.08637508,0.05237833678,0.5959180198,0.3178477112,0,-1.182624268,4.377465961,-3.209812523
35.82,-65.08622483,0.0523790844,0.5959217931,0.3178449819,0,-1.182680853,4.377370811,-3.20976745
35.83,-65.08607353,0.05237983969,0.5959255558,0.3178422618,0,-1.182737928,4.377276559,-3.209722059
35.84,-65.08592117,0.0523806026,0.5959293079,0.317839551,0,-1.18279549,4.377183203,-3.20967635
35.85,-65.08576776,0.05238137309,0.5959330494,0.3178368493,0,-1.182853535,4.377090741,-3.209630327
35.86,-65.08561331,0.05238215111,0.5959367801,0.3178341569,0,-1.182912061,4.376999171,-3.209583992
35.87,-65.08545782,0.05238293661,0.5959405001,0.3178314738,0,-1.182971063,4.37690849,-3.209537347
35.88,-65.08530131,0.05238372956,0.5959442094,0.3178287999,0,-1.18303054,4.376818697,-3.209490394
35.89,-65.08514378,0.0523845299,0.595947908,0.3178261353,0,-1.183090489,4.376729789,-3.209443134
35.9,-65.08498524,0.05238533759,0.5959515957,0.3178234801,0,-1.183150906,4.376641765,-3.209395571
35.91,-65.08482569,0.05238615259,0.5959552726,0.3178208341,0,-1.183211788,4.376554622,-3.209347707
35.92,-65.08466514,0.05238697484,0.5959589386,0.3178181974,0,-1.183273132,4.376468359,-3.209299543
35.93,-65.0845036,0.05238780431,0.5959625938,0.31781557,0,-1.183334935,4.376382973,-3.209251081
35.94,-65.08434108,0.05238864094,0.595966238,0.317812952,0,-1.183397195,4.376298462,-3.209202325
35.95,-65.08417759,0.0523894847,0.5959698713,0.3178103434,0,-1.183459907,4.376214824,-3.209153276
35.96,-65.08401312,0.05239033553,0.5959734936,0.317807744,0,-1.18352307,4.376132058,-3.209103936
35.97,-65.08384769,0.05239119339,0.595977105,0.3178051541,0,-1.183586681,4.37605016,-3.209054307
35.98,-65.0836813,0.05239205824,0.5959807053,0.3178025735,0,-1.183650735,4.375969128,-3.209004391
35.99,-65.08351397,0.05239293003,0.5959842946,0.3178000024,0,-1.183715231,4.375888962,-3.208954192
36,-65.0833457,0.05239380872,0.5959878728,0.3177974406,0,-1.183780165,4.375809658,-3.208903709
36.01,-65.08317649,0.05239469426,0.5959914399,0.3177948882,0,-1.183845534,4.375731214,-3.208852947
36.02,-65.08300636,0.0523955866,0.5959949958,0.3177923452,0,-1.183911335,4.375653628,-3.208801907
36.03,-65.0828353,0.05239648571,0.5959985407,0.3177898117,0,-1.183977566,4.375576898,-3.20875059
36.04,-65.08266333,0.05239739154,0.5960020743,0.3177872875,0,-1.184044224,4.375501023,-3.208699
36.05,-65.08249046,0.05239830403,0.5960055968,0.3177847729,0,-1.184111304,4.375425999,-3.208647138
36.06,-65.08231669,0.05239922316,0.596009108,0.3177822676,0,-1.184178806,4.375351824,-3.208595006
36.07,-65.08214202,0.05240014887,0.596012608,0.3177797718,0,-1.184246724,4.375278497,-3.208542606
36.08,-65.08196647,0.05240108111,0.5960160968,0.3177772855,0,-1.184315058,4.375206015,-3.208489941
36.09,-65.08179004,0.05240201985,0.5960195742,0.3177748087,0,-1.184383803,4.375134376,-3.208437013
36.1,-65.08161274,0.05240296505,0.5960230404,0.3177723413,0,-1.184452957,4.375063577,-3.208383823
36.11,-65.08143458,0.05240391665,0.5960264952,0.3177698834,0,-1.184522516,4.374993618,-3.208330375
36.12,-65.08125556,0.05240487461,0.5960299386,0.317767435,0,-1.184592479,4.374924494,-3.208276668
36.13,-65.08107569,0.05240583888,0.5960333707,0.3177649961,0,-1.184662841,4.374856205,-3.208222707
36.14,-65.08089498,0.05240680943,0.5960367913,0.3177625667,0,-1.184733601,4.374788748,-3.208168493
36.15,-65.08071343,0.05240778622,0.5960402006,0.3177601468,0,-1.184804755,4.37472212,-3.208114028
36.16,-65.08053105,0.05240876918,0.5960435984,0.3177577364,0,-1.1848763,4.37465632,-3.208059314
36.17,-65.08034784,0.05240975829,0.5960469847,0.3177553356,0,-1.184948233,4.374591346,-3.208004353
36.18,-65.08016382,0.0524107535,0.5960503596,0.3177529442,0,-1.185020552,4.374527194,-3.207949147
36.19,-65.079979,0.05241175477,0.5960537229,0.3177505624,0,-1.185093254,4.374463863,-3.207893699
36.2,-65.07979336,0.05241276204,0.5960570748,0.3177481902,0,-1.185166335,4.37440135,-3.207838009
36.21,-65.07960694,0.05241377528,0.5960604151,0.3177458274,0,-1.185239793,4.374339654,-3.207782081
36.22,-65.07941972,0.05241479445,0.5960637438,0.3177434743,0,-1.185313625,4.374278772,-3.207725917
36.23,-65.07923172,0.0524158195,0.596067061,0.3177411306,0,-1.185387828,4.374218702,-3.207669517
36.24,-65.07904295,0.05241685038,0.5960703665,0.3177387966,0,-1.1854624,4.374159441,-3.207612885
36.25,-65.07885341,0.05241788707,0.5960736605,0.3177364721,0,-1.185537337,4.374100987,-3.207556023
36.26,-65.07866311,0.0524189295,0.5960769428,0.3177341571,0,-1.185612637,4.374043338,-3.207498932
36.27,-65.07847205,0.05241997764,0.5960802135,0.3177318517,0,-1.185688296,4.373986492,-3.207441614
36.28,-65.07828024,0.05242103144,0.5960834725,0.3177295559,0,-1.185764312,4.373930446,-3.207384072
36.29,-65.07808769,0.05242209087,0.5960867198,0.3177272697,0,-1.185840682,4.373875198,-3.207326307
36.3,-65.07789441,0.05242315588,0.5960899554,0.317724993,0,-1.185917404,4.373820746,-3.207268322
36.31,-65.07770039,0.05242422643,0.5960931793,0.317722726,0,-1.185994474,4.373767087,-3.207210118
36.32,-65.07750566,0.05242530247,0.5960963915,0.3177204685,0,-1.18607189,4.37371422,-3.207151698
36.33,-65.07731021,0.05242638396,0.5960995919,0.3177182206,0,-1.186149648,4.373662141,-3.207093062
36.34,-65.07711405,0.05242747086,0.5961027805,0.3177159822,0,-1.186227747,4.373610849,-3.207034215
36.35,-65.07691719,0.05242856313,0.5961059574,0.3177137535,0,-1.186306183,4.373560341,-3.206975156
36.36,-65.07671963,0.05242966073,0.5961091225,0.3177115344,0,-1.186384953,4.373510615,-3.206915889
36.37,-65.07652139,0.05243076361,0.5961122758,0.3177093248,0,-1.186464055,4.373461668,-3.206856416
36.38,-65.07632246,0.05243187172,0.5961154172,0.3177071249,0,-1.186543485,4.373413499,-3.206796737
36.39,-65.07612285,0.05243298504,0.5961185468,0.3177049345,0,-1.186623242,4.373366105,-3.206736856
36.4,-65.07592258,0.05243410351,0.5961216646,0.3177027538,0,-1.186703322,4.373319483,-3.206676774
36.41,-65.07572164,0.0524352271,0.5961247705,0.3177005827,0,-1.186783723,4.373273631,-3.206616493
36.42,-65.07552005,0.05243635576,0.5961278645,0.3176984211,0,-1.186864442,4.373228547,-3.206556015
36.43,-65.07531781,0.05243748945,0.5961309467,0.3176962692,0,-1.186945475,4.373184229,-3.206495342
36.44,-65.07511492,0.05243862813,0.5961340169,0.3176941268,0,-1.187026821,4.373140673,-3.206434476
36.45,-65.0749114,0.05243977176,0.5961370752,0.3176919941,0,-1.187108477,4.373097879,-3.206373419
36.46,-65.07470724,0.0524409203,0.5961401216,0.3176898709,0,-1.187190439,4.373055843,-3.206312173
36.47,-65.07450246,0.0524420737,0.596143156,0.3176877574,0,-1.187272706,4.373014562,-3.206250739
36.48,-65.07429707,0.05244323192,0.5961461786,0.3176856535,0,-1.187355274,4.372974036,-3.20618912
36.49,-65.07409106,0.05244439493,0.5961491891,0.3176835592,0,-1.18743814,4.372934261,-3.206127318
36.5,-65.07388445,0.05244556268,0.5961521877,0.3176814744,0,-1.187521303,4.372895235,-3.206065334
36.51,-65.07367723,0.05244673513,0.5961551742,0.3176793993,0,-1.187604759,4.372856955,-3.20600317
36.52,-65.07346943,0.05244791224,0.5961581488,0.3176773338,0,-1.187688506,4.372819419,-3.205940828
36.53,-65.07326104,0.05244909397,0.5961611114,0.3176752779,0,-1.18777254,4.372782625,-3.205878311
36.54,-65.07305207,0.05245028027,0.596164062,0.3176732315,0,-1.18785686,4.372746571,-3.20581562
36.55,-65.07284252,0.05245147111,0.5961670006,0.3176711948,0,-1.187941462,4.372711254,-3.205752756
36.56,-65.07263241,0.05245266645,0.5961699271,0.3176691677,0,-1.188026344,4.372676671,-3.205689722
36.57,-65.07242173,0.05245386625,0.5961728416,0.3176671502,0,-1.188111503,4.37264282,-3.20562652
36.58,-65.07221051,0.05245507046,0.596175744,0.3176651422,0,-1.188196937,4.372609699,-3.205563152
36.59,-65.07199873,0.05245627905,0.5961786344,0.3176631439,0,-1.188282643,4.372577305,-3.205499619
36.6,-65.07178641,0.05245749197,0.5961815127,0.3176611551,0,-1.188368617,4.372545637,-3.205435923
36.61,-65.07157355,0.05245870919,0.5961843789,0.3176591759,0,-1.188454859,4.372514691,-3.205372066
36.62,-65.07136017,0.05245993066,0.596187233,0.3176572063,0,-1.188541364,4.372484465,-3.20530805
36.63,-65.07114626,0.05246115635,0.5961900751,0.3176552463,0,-1.188628131,4.372454957,-3.205243877
36.64,-65.07093183,0.05246238621,0.5961929051,0.3176532959,0,-1.188715157,4.372426164,-3.205179548
36.65,-65.07071689,0.05246362021,0.5961957229,0.317651355,0,-1.188802438,4.372398084,-3.205115066
36.66,-65.07050144,0.0524648583,0.5961985287,0.3176494237,0,-1.188889973,4.372370714,-3.205050432
36.67,-65.0702855,0.05246610045,0.5962013223,0.317647502,0,-1.188977759,4.372344053,-3.204985649
36.68,-65.07006906,0.05246734662,0.5962041038,0.3176455898,0,-1.189065793,4.372318097,-3.204920717
36.69,-65.06985213,0.05246859676,0.5962068732,0.3176436872,0,-1.189154073,4.372292844,-3.204855639
36.7,-65.06963472,0.05246985084,0.5962096304,0.3176417942,0,-1.189242596,4.372268292,-3.204790416
36.71,-65.06941684,0.05247110882,0.5962123755,0.3176399107,0,-1.189331359,4.372244438,-3.204725051
36.72,-65.06919848,0.05247237066,0.5962151085,0.3176380367,0,-1.18942036,4.37222128,-3.204659545
36.73,-65.06897967,0.05247363632,0.5962178293,0.3176361723,0,-1.189509597,4.372198815,-3.2045939
36.74,-65.06876039,0.05247490577,0.5962205379,0.3176343174,0,-1.189599066,4.372177042,-3.204528117
36.75,-65.06854067,0.05247617895,0.5962232344,0.3176324721,0,-1.189688766,4.372155956,-3.2044622
36.76,-65.06832049,0.05247745584,0.5962259187,0.3176306363,0,-1.189778693,4.372135557,-3.204396148
36.77,-65.06809988,0.05247873639,0.5962285909,0.3176288101,0,-1.189868846,4.372115842,-3.204329964
36.78,-65.06787884,0.05248002058,0.5962312508,0.3176269933,0,-1.189959221,4.372096808,-3.204263651
36.79,-65.06765736,0.05248130835,0.5962338987,0.3176251861,0,-1.190049816,4.372078452,-3.204197209
36.8,-65.06743547,0.05248259967,0.5962365343,0.3176233883,0,-1.190140629,4.372060773,-3.20413064
36.81,-65.06721315,0.0524838945,0.5962391577,0.3176216001,0,-1.190231657,4.372043767,-3.204063946
36.82,-65.06699043,0.0524851928,0.596241769,0.3176198214,0,-1.190322897,4.372027433,-3.20399713
36.83,-65.0667673,0.05248649454,0.5962443681,0.3176180521,0,-1.190414348,4.372011768,-3.203930191
36.84,-65.06654378,0.05248779968,0.596246955,0.3176162924,0,-1.190506005,4.371996769,-3.203863133
36.85,-65.06631986,0.05248910818,0.5962495296,0.3176145421,0,-1.190597868,4.371982434,-3.203795958
36.86,-65.06609555,0.05249042,0.5962520922,0.3176128013,0,-1.190689934,4.37196876,-3.203728666
36.87,-65.06587086,0.0524917351,0.5962546425,0.31761107,0,-1.190782199,4.371955746,-3.203661259
36.88,-65.0656458,0.05249305346,0.5962571806,0.3176093481,0,-1.190874662,4.371943388,-3.20359374
36.89,-65.06542037,0.05249437502,0.5962597065,0.3176076357,0,-1.190967321,4.371931684,-3.20352611
36.9,-65.06519457,0.05249569975,0.5962622202,0.3176059327,0,-1.191060172,4.371920632,-3.20345837
36.91,-65.06496841,0.05249702761,0.5962647217,0.3176042392,0,-1.191153213,4.371910229,-3.203390523
36.92,-65.0647419,0.05249835858,0.5962672111,0.3176025551,0,-1.191246442,4.371900472,-3.20332257
36.93,-65.06451504,0.0524996926,0.5962696882,0.3176008804,0,-1.191339856,4.37189136,-3.203254512
36.94,-65.06428784,0.05250102965,0.5962721531,0.3175992152,0,-1.191433453,4.37188289,-3.203186352
36.95,-65.0640603,0.05250236968,0.5962746058,0.3175975593,0,-1.19152723,4.371875058,-3.203118091
36.96,-65.06383244,0.05250371266,0.5962770464,0.3175959129,0,-1.191621186,4.371867864,-3.203049731
36.97,-65.06360424,0.05250505856,0.5962794747,0.3175942758,0,-1.191715317,4.371861303,-3.202981273
36.98,-65.06337573,0.05250640733,0.5962818908,0.3175926482,0,-1.191809622,4.371855375,-3.20291272
36.99,-65.06314691,0.05250775894,0.5962842948,0.3175910299,0,-1.191904097,4.371850075,-3.202844072
37,-65.06291777,0.05250911335,0.5962866865,0.317589421,0,-1.191998741,4.371845403,-3.202775332
37.01,-65.06268834,0.05251047053,0.5962890661,0.3175878214,0,-1.192093551,4.371841355,-3.202706501
37.02,-65.0624586,0.05251183044,0.5962914334,0.3175862312,0,-1.192188524,4.371837929,-3.20263758
37.03,-65.06222857,0.05251319305,0.5962937886,0.3175846503,0,-1.192283659,4.371835122,-3.202568572
37.04,-65.06199826,0.05251455831,0.5962961316,0.3175830788,0,-1.192378952,4.371832932,-3.202499478
37.05,-65.06176767,0.0525159262,0.5962984624,0.3175815166,0,-1.192474403,4.371831356,-3.2024303
37.06,-65.0615368,0.05251729668,0.5963007811,0.3175799637,0,-1.192570007,4.371830392,-3.202361039
37.07,-65.06130565,0.0525186697,0.5963030875,0.3175784201,0,-1.192665763,4.371830038,-3.202291696
37.08,-65.06107425,0.05252004524,0.5963053818,0.3175768858,0,-1.192761669,4.37183029,-3.202222275
37.09,-65.06084258,0.05252142326,0.5963076639,0.3175753608,0,-1.192857722,4.371831148,-3.202152775
37.1,-65.06061066,0.05252280373,0.5963099339,0.3175738451,0,-1.19295392,4.371832606,-3.202083199
37.11,-65.06037849,0.05252418661,0.5963121917,0.3175723386,0,-1.19305026,4.371834665,-3.202013548
37.12,-65.06014608,0.05252557186,0.5963144373,0.3175708414,0,-1.193146741,4.37183732,-3.201943825
37.13,-65.05991343,0.05252695944,0.5963166708,0.3175693535,0,-1.193243359,4.37184057,-3.20187403
37.14,-65.05968055,0.05252834934,0.5963188921,0.3175678748,0,-1.193340114,4.371844412,-3.201804164
37.15,-65.05944744,0.0525297415,0.5963211013,0.3175664053,0,-1.193437001,4.371848843,-3.201734231
37.16,-65.0592141,0.0525311359,0.5963232983,0.317564945,0,-1.193534019,4.371853862,-3.201664231
37.17,-65.05898055,0.0525325325,0.5963254832,0.317563494,0,-1.193631167,4.371859465,-3.201594165
37.18,-65.05874679,0.05253393126,0.596327656,0.3175620521,0,-1.19372844,4.371865649,-3.201524036
37.19,-65.05851282,0.05253533215,0.5963298166,0.3175606194,0,-1.193825838,4.371872414,-3.201453845
37.2,-65.05827864,0.05253673514,0.5963319652,0.3175591959,0,-1.193923358,4.371879755,-3.201383593
37.21,-65.05804427,0.05253814019,0.5963341016,0.3175577816,0,-1.194020998,4.371887671,-3.201313282
37.22,-65.05780971,0.05253954727,0.5963362259,0.3175563764,0,-1.194118755,4.371896159,-3.201242914
37.23,-65.05757496,0.05254095635,0.5963383381,0.3175549803,0,-1.194216627,4.371905217,-3.201172489
37.24,-65.05734004,0.05254236738,0.5963404382,0.3175535934,0,-1.194314613,4.371914841,-3.201102011
37.25,-65.05710493,0.05254378034,0.5963425263,0.3175522156,0,-1.194412709,4.37192503,-3.201031479
37.26,-65.05686965,0.0525451952,0.5963446022,0.3175508469,0,-1.194510913,4.371935782,-3.200960896
37.27,-65.05663421,0.05254661191,0.5963466661,0.3175494873,0,-1.194609224,4.371947092,-3.200890264
37.28,-65.05639861,0.05254803045,0.5963487179,0.3175481367,0,-1.194707639,4.37195896,-3.200819582
37.29,-65.05616285,0.05254945078,0.5963507577,0.3175467953,0,-1.194806156,4.371971383,-3.200748854
37.3,-65.05592694,0.05255087287,0.5963527854,0.3175454628,0,-1.194904773,4.371984357,-3.200678081
37.31,-65.05569088,0.05255229668,0.5963548011,0.3175441395,0,-1.195003487,4.371997882,-3.200607264
37.32,-65.05545468,0.05255372219,0.5963568047,0.3175428251,0,-1.195102297,4.372011953,-3.200536404
37.33,-65.05521835,0.05255514935,0.5963587963,0.3175415198,0,-1.1952012,4.372026569,-3.200465504
37.34,-65.05498188,0.05255657815,0.5963607759,0.3175402235,0,-1.195300194,4.372041727,-3.200394564
37.35,-65.05474529,0.05255800853,0.5963627435,0.3175389362,0,-1.195399276,4.372057425,-3.200323586
37.36,-65.05450857,0.05255944048,0.5963646991,0.3175376579,0,-1.195498446,4.37207366,-3.200252572
37.37,-65.05427174,0.05256087396,0.5963666427,0.3175363885,0,-1.1955977,4.37209043,-3.200181523
37.38,-65.0540348,0.05256230893,0.5963685743,0.3175351281,0,-1.195697037,4.372107732,-3.20011044
37.39,-65.05379775,0.05256374536,0.5963704939,0.3175338766,0,-1.195796454,4.372125563,-3.200039325
37.4,-65.0535606,0.05256518323,0.5963724016,0.3175326341,0,-1.195895949,4.372143922,-3.199968179
37.41,-65.05332335,0.0525666225,0.5963742974,0.3175314005,0,-1.19599552,4.372162806,-3.199897004
37.42,-65.053086,0.05256806313,0.5963761811,0.3175301757,0,-1.196095165,4.372182212,-3.199825801
37.43,-65.05284857,0.0525695051,0.596378053,0.3175289599,0,-1.196194882,4.372202138,-3.199754572
37.44,-65.05261106,0.05257094837,0.5963799129,0.3175277529,0,-1.196294669,4.372222581,-3.199683318
37.45,-65.05237347,0.05257239291,0.596381761,0.3175265548,0,-1.196394524,4.372243538,-3.19961204
37.46,-65.0521358,0.0525738387,0.5963835971,0.3175253655,0,-1.196494444,4.372265009,-3.19954074
37.47,-65.05189806,0.05257528569,0.5963854213,0.3175241851,0,-1.196594428,4.372286989,-3.199469419
37.48,-65.05166026,0.05257673386,0.5963872337,0.3175230135,0,-1.196694474,4.372309476,-3.199398079
37.49,-65.0514224,0.05257818318,0.5963890342,0.3175218507,0,-1.196794578,4.372332468,-3.199326721
37.5,-65.05118449,0.05257963361,0.5963908228,0.3175206967,0,-1.196894741,4.372355963,-3.199255347
37.51,-65.05094652,0.05258108512,0.5963925996,0.3175195514,0,-1.196994958,4.372379958,-3.199183957
37.52,-65.05070851,0.05258253769,0.5963943646,0.3175184149,0,-1.197095229,4.37240445,-3.199112553
37.53,-65.05047046,0.05258399128,0.5963961177,0.3175172872,0,-1.197195551,4.372429437,-3.199041137
37.54,-65.05023237,0.05258544585,0.5963978591,0.3175161682,0,-1.197295923,4.372454917,-3.19896971
37.55,-65.04999425,0.05258690139,0.5963995886,0.3175150579,0,-1.197396341,4.372480887,-3.198898274
37.56,-65.04975609,0.05258835786,0.5964013063,0.3175139563,0,-1.197496805,4.372507345,-3.198826828
37.57,-65.04951792,0.05258981523,0.5964030123,0.3175128634,0,-1.197597312,4.372534287,-3.198755376
37.58,-65.04927973,0.05259127347,0.5964047066,0.3175117791,0,-1.19769786,4.372561713,-3.198683919
37.59,-65.04904152,0.05259273255,0.5964063891,0.3175107035,0,-1.197798448,4.372589618,-3.198612456
37.6,-65.0488033,0.05259419244,0.5964080598,0.3175096366,0,-1.197899073,4.372618002,-3.198540991
37.61,-65.04856508,0.0525956531,0.5964097188,0.3175085782,0,-1.197999733,4.37264686,-3.198469524
37.62,-65.04832686,0.05259711452,0.5964113662,0.3175075285,0,-1.198100426,4.372676192,-3.198398057
37.63,-65.04808864,0.05259857665,0.5964130018,0.3175064874,0,-1.198201151,4.372705993,-3.198326591
37.64,-65.04785042,0.05260003947,0.5964146258,0.3175054548,0,-1.198301905,4.372736263,-3.198255127
37.65,-65.04761222,0.05260150295,0.5964162381,0.3175044308,0,-1.198402687,4.372766998,-3.198183667
37.66,-65.04737404,0.05260296707,0.5964178387,0.3175034154,0,-1.198503494,4.372798197,-3.198112212
37.67,-65.04713587,0.05260443178,0.5964194278,0.3175024084,0,-1.198604325,4.372829855,-3.198040762
37.68,-65.04689774,0.05260589707,0.5964210052,0.31750141,0,-1.198705178,4.372861972,-3.197969321
37.69,-65.04665963,0.0526073629,0.596422571,0.3175004201,0,-1.19880605,4.372894545,-3.197897888
37.7,-65.04642155,0.05260882924,0.5964241252,0.3174994387,0,-1.19890694,4.372927571,-3.197826465
37.71,-65.04618351,0.05261029606,0.5964256678,0.3174984657,0,-1.199007846,4.372961047,-3.197755053
37.72,-65.04594551,0.05261176335,0.5964271989,0.3174975012,0,-1.199108766,4.372994972,-3.197683654
37.73,-65.04570756,0.05261323106,0.5964287184,0.3174965451,0,-1.199209699,4.373029343,-3.197612269
37.74,-65.04546966,0.05261469917,0.5964302264,0.3174955974,0,-1.199310641,4.373064158,-3.197540899
37.75,-65.04523182,0.05261616765,0.5964317229,0.3174946581,0,-1.199411592,4.373099413,-3.197469545
37.76,-65.04499403,0.05261763647,0.5964332078,0.3174937272,0,-1.19951255,4.373135107,-3.197398209
37.77,-65.0447563,0.0526191056,0.5964346813,0.3174928046,0,-1.199613512,4.373171237,-3.197326891
37.78,-65.04451865,0.05262057502,0.5964361434,0.3174918904,0,-1.199714477,4.373207801,-3.197255594
37.79,-65.04428106,0.0526220447,0.596437594,0.3174909845,0,-1.199815443,4.373244796,-3.197184318
37.8,-65.04404355,0.05262351461,0.5964390331,0.317490087,0,-1.199916409,4.37328222,-3.197113065
37.81,-65.04380612,0.05262498472,0.5964404608,0.3174891977,0,-1.200017371,4.373320071,-3.197041835
37.82,-65.04356877,0.052626455,0.5964418772,0.3174883167,0,-1.200118329,4.373358345,-3.19697063
37.83,-65.04333151,0.05262792543,0.5964432821,0.317487444,0,-1.200219281,4.373397041,-3.196899452
37.84,-65.04309434,0.05262939598,0.5964446757,0.3174865795,0,-1.200320225,4.373436157,-3.196828301
37.85,-65.04285726,0.05263086662,0.5964460579,0.3174857232,0,-1.200421158,4.373475689,-3.196757178
37.86,-65.04262028,0.05263233732,0.5964474288,0.3174848751,0,-1.20052208,4.373515635,-3.196686085
37.87,-65.04238341,0.05263380806,0.5964487884,0.3174840352,0,-1.200622989,4.373555994,-3.196615023
37.88,-65.04214664,0.05263527881,0.5964501367,0.3174832035,0,-1.200723882,4.373596762,-3.196543993
37.89,-65.04190999,0.05263674954,0.5964514737,0.31748238,0,-1.200824758,4.373637937,-3.196472997
37.9,-65.04167345,0.05263822023,0.5964527994,0.3174815645,0,-1.200925615,4.373679517,-3.196402035
37.91,-65.04143703,0.05263969085,0.5964541139,0.3174807572,0,-1.201026452,4.3737215,-3.196331108
37.92,-65.04120073,0.05264116138,0.5964554172,0.317479958,0,-1.201127266,4.373763882,-3.196260219
37.93,-65.04096456,0.05264263177,0.5964567093,0.3174791669,0,-1.201228057,4.373806662,-3.196189367
37.94,-65.04072852,0.05264410202,0.5964579901,0.3174783838,0,-1.201328821,4.373849837,-3.196118555
37.95,-65.04049261,0.05264557209,0.5964592598,0.3174776088,0,-1.201429558,4.373893405,-3.196047782
37.96,-65.04025684,0.05264704196,0.5964605184,0.3174768418,0,-1.201530266,4.373937363,-3.195977051
37.97,-65.04002121,0.0526485116,0.5964617658,0.3174760828,0,-1.201630942,4.373981709,-3.195906363
37.98,-65.03978573,0.05264998099,0.5964630021,0.3174753318,0,-1.201731586,4.374026441,-3.195835718
37.99,-65.03955039,0.0526514501,0.5964642273,0.3174745888,0,-1.201832196,4.374071557,-3.195765118
38,-65.03931521,0.05265291889,0.5964654414,0.3174738537,0,-1.201932769,4.374117053,-3.195694564
38.01,-65.03908019,0.05265438736,0.5964666445,0.3174731265,0,-1.202033305,4.374162927,-3.195624057
38.02,-65.03884533,0.05265585547,0.5964678365,0.3174724073,0,-1.202133801,4.374209178,-3.195553598
38.03,-65.03861063,0.0526573232,0.5964690175,0.3174716959,0,-1.202234257,4.374255802,-3.195483188
38.04,-65.03837609,0.05265879052,0.5964701875,0.3174709924,0,-1.202334669,4.374302798,-3.195412828
38.05,-65.03814173,0.0526602574,0.5964713465,0.3174702968,0,-1.202435037,4.374350163,-3.19534252
38.06,-65.03790755,0.05266172383,0.5964724946,0.317469609,0,-1.202535359,4.374397895,-3.195272264
38.07,-65.03767354,0.05266318978,0.5964736317,0.317468929,0,-1.202635633,4.374445991,-3.195202062
38.08,-65.03743971,0.05266465521,0.5964747579,0.3174682569,0,-1.202735857,4.374494449,-3.195131914
38.09,-65.03720608,0.05266612011,0.5964758732,0.3174675925,0,-1.202836031,4.374543266,-3.195061823
38.1,-65.03697262,0.05266758446,0.5964769776,0.3174669358,0,-1.202936152,4.374592441,-3.194991787
38.11,-65.03673937,0.05266904822,0.5964780712,0.3174662869,0,-1.203036219,4.374641971,-3.19492181
38.12,-65.0365063,0.05267051138,0.5964791539,0.3174656457,0,-1.20313623,4.374691853,-3.194851891
38.13,-65.03627344,0.0526719739,0.5964802258,0.3174650123,0,-1.203236183,4.374742086,-3.194782033
38.14,-65.03604078,0.05267343577,0.5964812869,0.3174643865,0,-1.203336077,4.374792667,-3.194712235
38.15,-65.03580833,0.05267489696,0.5964823373,0.3174637683,0,-1.203435911,4.374843593,-3.194642499
38.16,-65.03557609,0.05267635745,0.5964833768,0.3174631578,0,-1.203535683,4.374894862,-3.194572826
38.17,-65.03534406,0.05267781721,0.5964844057,0.3174625549,0,-1.203635391,4.374946473,-3.194503218
38.18,-65.03511225,0.05267927622,0.5964854238,0.3174619597,0,-1.203735033,4.374998422,-3.194433674
38.19,-65.03488065,0.05268073446,0.5964864313,0.317461372,0,-1.203834608,4.375050707,-3.194364196
38.2,-65.03464929,0.05268219189,0.596487428,0.3174607918,0,-1.203934116,4.375103326,-3.194294786
38.21,-65.03441814,0.05268364851,0.5964884142,0.3174602192,0,-1.204033553,4.375156277,-3.194225443
38.22,-65.03418723,0.05268510428,0.5964893896,0.3174596542,0,-1.204132918,4.375209558,-3.19415617
38.23,-65.03395655,0.05268655918,0.5964903545,0.3174590966,0,-1.204232211,4.375263165,-3.194086966
38.24,-65.03372611,0.05268801319,0.5964913089,0.3174585465,0,-1.204331428,4.375317097,-3.194017834
38.25,-65.03349591,0.05268946628,0.5964922526,0.3174580039,0,-1.20443057,4.375371352,-3.193948774
38.26,-65.03326595,0.05269091844,0.5964931858,0.3174574687,0,-1.204529634,4.375425927,-3.193879786
38.27,-65.03303624,0.05269236964,0.5964941085,0.3174569409,0,-1.204628619,4.37548082,-3.193810873
38.28,-65.03280678,0.05269381986,0.5964950207,0.3174564205,0,-1.204727524,4.375536028,-3.193742035
38.29,-65.03257757,0.05269526907,0.5964959225,0.3174559075,0,-1.204826346,4.37559155,-3.193673272
38.3,-65.03234862,0.05269671725,0.5964968138,0.3174554019,0,-1.204925085,4.375647382,-3.193604586
38.31,-65.03211993,0.05269816438,0.5964976946,0.3174549036,0,-1.205023739,4.375703524,-3.193535979
38.32,-65.0318915,0.05269961044,0.5964985651,0.3174544126,0,-1.205122306,4.375759972,-3.19346745
38.33,-65.03166333,0.05270105541,0.5964994252,0.3174539289,0,-1.205220786,4.375816724,-3.193399
38.34,-65.03143544,0.05270249926,0.5965002749,0.3174534525,0,-1.205319175,4.375873778,-3.193330632
38.35,-65.03120781,0.05270394197,0.5965011143,0.3174529833,0,-1.205417475,4.375931132,-3.193262344
38.36,-65.03098047,0.05270538352,0.5965019434,0.3174525214,0,-1.205515681,4.375988783,-3.19319414
38.37,-65.03075339,0.05270682388,0.5965027622,0.3174520667,0,-1.205613794,4.376046729,-3.193126018
38.38,-65.0305266,0.05270826305,0.5965035707,0.3174516192,0,-1.205711812,4.376104968,-3.193057981
38.39,-65.0303001,0.05270970099,0.596504369,0.3174511788,0,-1.205809734,4.376163498,-3.19299003
38.4,-65.03007388,0.05271113768,0.596505157,0.3174507456,0,-1.205907557,4.376222317,-3.192922164
38.41,-65.02984795,0.0527125731,0.5965059349,0.3174503195,0,-1.206005282,4.376281421,-3.192854386
38.42,-65.02962232,0.05271400724,0.5965067026,0.3174499006,0,-1.206102905,4.37634081,-3.192786695
38.43,-65.02939698,0.05271544006,0.5965074602,0.3174494887,0,-1.206200426,4.37640048,-3.192719093
38.44,-65.02917194,0.05271687156,0.5965082077,0.3174490839,0,-1.206297844,4.37646043,-3.192651581
38.45,-65.0289472,0.0527183017,0.596508945,0.3174486861,0,-1.206395157,4.376520657,-3.19258416
38.46,-65.02872276,0.05271973047,0.5965096723,0.3174482953,0,-1.206492363,4.376581159,-3.192516829
38.47,-65.02849864,0.05272115784,0.5965103895,0.3174479116,0,-1.206589463,4.376641934,-3.192449592
38.48,-65.02827482,0.0527225838,0.5965110967,0.3174475348,0,-1.206686453,4.376702979,-3.192382447
38.49,-65.02805132,0.05272400833,0.5965117939,0.317447165,0,-1.206783332,4.376764293,-3.192315396
38.5,-65.02782814,0.0527254314,0.5965124812,0.3174468021,0,-1.206880101,4.376825873,-3.192248441
38.51,-65.02760527,0.052726853,0.5965131585,0.3174464461,0,-1.206976756,4.376887718,-3.192181581
38.52,-65.02738272,0.05272827311,0.5965138258,0.317446097,0,-1.207073297,4.376949824,-3.192114817
38.53,-65.0271605,0.05272969169,0.5965144833,0.3174457548,0,-1.207169722,4.377012189,-3.192048151
38.54,-65.02693861,0.05273110875,0.5965151309,0.3174454195,0,-1.207266031,4.377074812,-3.191981583
38.55,-65.02671705,0.05273252425,0.5965157686,0.317445091,0,-1.207362221,4.377137691,-3.191915115
38.56,-65.02649582,0.05273393817,0.5965163965,0.3174447692,0,-1.207458292,4.377200822,-3.191848746
38.57,-65.02627493,0.0527353505,0.5965170146,0.3174444543,0,-1.207554242,4.377264204,-3.191782478
38.58,-65.02605437,0.05273676122,0.5965176229,0.3174441461,0,-1.20765007,4.377327835,-3.191716311
38.59,-65.02583416,0.0527381703,0.5965182215,0.3174438447,0,-1.207745775,4.377391713,-3.191650247
38.6,-65.02561428,0.05273957774,0.5965188104,0.31744355,0,-1.207841355,4.377455834,-3.191584285
38.61,-65.02539476,0.0527409835,0.5965193895,0.317443262,0,-1.207936809,4.377520199,-3.191518428
38.62,-65.02517558,0.05274238757,0.596519959,0.3174429806,0,-1.208032136,4.377584803,-3.191452675
38.63,-65.02495676,0.05274378993,0.5965205189,0.3174427059,0,-1.208127335,4.377649645,-3.191387028
38.64,-65.02473829,0.05274519057,0.5965210691,0.3174424379,0,-1.208222405,4.377714723,-3.191321487
38.65,-65.02452018,0.05274658946,0.5965216097,0.3174421764,0,-1.208317343,4.377780034,-3.191256053
38.66,-65.02430242,0.05274798658,0.5965221408,0.3174419215,0,-1.208412149,4.377845577,-3.191190727
38.67,-65.02408503,0.05274938192,0.5965226623,0.3174416732,0,-1.208506823,4.37791135,-3.19112551
38.68,-65.02386801,0.05275077546,0.5965231742,0.3174414315,0,-1.208601361,4.377977349,-3.191060402
38.69,-65.02365135,0.05275216718,0.5965236767,0.3174411963,0,-1.208695765,4.378043574,-3.190995404
38.7,-65.02343505,0.05275355706,0.5965241698,0.3174409675,0,-1.208790031,4.378110022,-3.190930516
38.71,-65.02321914,0.05275494508,0.5965246533,0.3174407452,0,-1.208884159,4.378176691,-3.190865741
38.72,-65.02300359,0.05275633123,0.5965251275,0.3174405294,0,-1.208978148,4.378243578,-3.190801077
38.73,-65.02278842,0.05275771548,0.5965255923,0.3174403201,0,-1.209071997,4.378310682,-3.190736527
38.74,-65.02257364,0.05275909783,0.5965260477,0.3174401171,0,-1.209165704,4.378378001,-3.190672091
38.75,-65.02235923,0.05276047824,0.5965264938,0.3174399205,0,-1.209259269,4.378445532,-3.190607769
38.76,-65.02214521,0.05276185672,0.5965269306,0.3174397303,0,-1.209352689,4.378513273,-3.190543562
38.77,-65.02193157,0.05276323322,0.5965273581,0.3174395464,0,-1.209445965,4.378581223,-3.190479471
38.78,-65.02171832,0.05276460775,0.5965277763,0.3174393689,0,-1.209539094,4.378649379,-3.190415497
38.79,-65.02150547,0.05276598028,0.5965281854,0.3174391976,0,-1.209632076,4.378717739,-3.19035164
38.8,-65.021293,0.0527673508,0.5965285852,0.3174390326,0,-1.20972491,4.378786301,-3.190287901
38.81,-65.02108094,0.05276871929,0.5965289758,0.3174388739,0,-1.209817594,4.378855063,-3.190224281
38.82,-65.02086927,0.05277008572,0.5965293573,0.3174387214,0,-1.209910128,4.378924023,-3.190160781
38.83,-65.020658,0.05277145009,0.5965297297,0.3174385751,0,-1.21000251,4.378993179,-3.1900974
38.84,-65.02044713,0.05277281238,0.596530093,0.317438435,0,-1.210094739,4.379062528,-3.19003414
38.85,-65.02023667,0.05277417257,0.5965304472,0.317438301,0,-1.210186814,4.37913207,-3.189971002
38.86,-65.02002662,0.05277553064,0.5965307924,0.3174381732,0,-1.210278734,4.379201801,-3.189907986
38.87,-65.01981698,0.05277688659,0.5965311285,0.3174380515,0,-1.210370499,4.37927172,-3.189845093
38.88,-65.01960774,0.05277824038,0.5965314557,0.3174379359,0,-1.210462106,4.379341824,-3.189782323
38.89,-65.01939892,0.05277959201,0.5965317739,0.3174378264,0,-1.210553554,4.379412112,-3.189719677
38.9,-65.01919052,0.05278094146,0.5965320832,0.3174377229,0,-1.210644844,4.379482581,-3.189657157
38.91,-65.01898254,0.05278228872,0.5965323836,0.3174376255,0,-1.210735973,4.37955323,-3.189594761
38.92,-65.01877497,0.05278363376,0.5965326752,0.317437534,0,-1.210826941,4.379624056,-3.189532492
38.93,-65.01856783,0.05278497657,0.5965329578,0.3174374485,0,-1.210917747,4.379695058,-3.189470349
38.94,-65.01836111,0.05278631714,0.5965332317,0.317437369,0,-1.211008389,4.379766234,-3.189408334
38.95,-65.01815482,0.05278765545,0.5965334968,0.3174372954,0,-1.211098867,4.379837581,-3.189346446
38.96,-65.01794896,0.05278899149,0.5965337531,0.3174372278,0,-1.211189179,4.379909097,-3.189284688
38.97,-65.01774353,0.05279032523,0.5965340006,0.317437166,0,-1.211279325,4.379980781,-3.189223058
38.98,-65.01753853,0.05279165667,0.5965342395,0.3174371101,0,-1.211369303,4.38005263,-3.189161558
38.99,-65.01733396,0.05279298579,0.5965344697,0.31743706,0,-1.211459113,4.380124643,-3.189100189
39,-65.01712983,0.05279431258,0.5965346912,0.3174370158,0,-1.211548754,4.380196818,-3.18903895
39.01,-65.01692615,0.05279563701,0.5965349041,0.3174369773,0,-1.211638224,4.380269152,-3.188977844
39.02,-65.0167229,0.05279695908,0.5965351084,0.3174369447,0,-1.211727522,4.380341643,-3.188916869
39.03,-65.01652009,0.05279827877,0.5965353041,0.3174369177,0,-1.211816649,4.38041429,-3.188856027
39.04,-65.01631773,0.05279959606,0.5965354913,0.3174368965,0,-1.211905602,4.380487091,-3.188795319
39.05,-65.01611582,0.05280091094,0.59653567,0.3174368811,0,-1.211994381,4.380560044,-3.188734745
39.06,-65.01591435,0.0528022234,0.5965358402,0.3174368713,0,-1.212082984,4.380633146,-3.188674305
39.07,-65.01571333,0.05280353342,0.596536002,0.3174368671,0,-1.212171412,4.380706396,-3.188614
39.08,-65.01551277,0.05280484099,0.5965361553,0.3174368686,0,-1.212259662,4.380779792,-3.188553831
39.09,-65.01531266,0.05280614609,0.5965363003,0.3174368757,0,-1.212347735,4.380853332,-3.188493798
39.1,-65.01511301,0.05280744871,0.5965364368,0.3174368884,0,-1.212435628,4.380927014,-3.188433902
39.11,-65.01491381,0.05280874883,0.596536565,0.3174369067,0,-1.212523342,4.381000836,-3.188374143
39.12,-65.01471507,0.05281004645,0.5965366849,0.3174369305,0,-1.212610875,4.381074796,-3.188314522
39.13,-65.0145168,0.05281134154,0.5965367966,0.3174369598,0,-1.212698226,4.381148893,-3.18825504
39.14,-65.01431899,0.0528126341,0.5965368999,0.3174369947,0,-1.212785395,4.381223124,-3.188195696
39.15,-65.01412164,0.05281392411,0.5965369951,0.317437035,0,-1.212872381,4.381297487,-3.188136492
39.16,-65.01392476,0.05281521155,0.596537082,0.3174370807,0,-1.212959182,4.381371981,-3.188077428
39.17,-65.01372835,0.05281649642,0.5965371608,0.3174371319,0,-1.213045798,4.381446603,-3.188018504
39.18,-65.01353241,0.0528177787,0.5965372314,0.3174371885,0,-1.213132228,4.381521352,-3.187959722
39.19,-65.01333694,0.05281905837,0.596537294,0.3174372505,0,-1.213218471,4.381596226,-3.187901081
39.2,-65.01314194,0.05282033543,0.5965373484,0.3174373178,0,-1.213304526,4.381671223,-3.187842582
39.21,-65.01294742,0.05282160986,0.5965373948,0.3174373905,0,-1.213390393,4.381746342,-3.187784226
39.22,-65.01275338,0.05282288165,0.5965374331,0.3174374685,0,-1.21347607,4.381821579,-3.187726013
39.23,-65.01255981,0.05282415078,0.5965374635,0.3174375518,0,-1.213561557,4.381896934,-3.187667943
39.24,-65.01236672,0.05282541725,0.5965374859,0.3174376404,0,-1.213646853,4.381972404,-3.187610017
39.25,-65.01217412,0.05282668103,0.5965375004,0.3174377342,0,-1.213731958,4.382047988,-3.187552236
39.26,-65.011982,0.05282794213,0.5965375069,0.3174378332,0,-1.213816869,4.382123684,-3.1874946
39.27,-65.01179037,0.05282920052,0.5965375056,0.3174379374,0,-1.213901587,4.38219949,-3.18743711
39.28,-65.01159922,0.05283045619,0.5965374964,0.3174380468,0,-1.213986111,4.382275404,-3.187379765
39.29,-65.01140856,0.05283170913,0.5965374794,0.3174381614,0,-1.214070439,4.382351424,-3.187322567
39.3,-65.01121839,0.05283295933,0.5965374546,0.3174382811,0,-1.214154572,4.382427549,-3.187265516
39.31,-65.01102871,0.05283420677,0.5965374221,0.3174384058,0,-1.214238508,4.382503777,-3.187208612
39.32,-65.01083952,0.05283545146,0.5965373818,0.3174385357,0,-1.214322246,4.382580105,-3.187151856
39.33,-65.01065083,0.05283669336,0.5965373338,0.3174386707,0,-1.214405787,4.382656532,-3.187095248
39.34,-65.01046263,0.05283793248,0.5965372781,0.3174388106,0,-1.214489128,4.382733057,-3.187038789
39.35,-65.01027493,0.05283916879,0.5965372148,0.3174389556,0,-1.21457227,4.382809677,-3.186982479
39.36,-65.01008773,0.05284040229,0.5965371439,0.3174391056,0,-1.214655211,4.382886391,-3.186926319
39.37,-65.00990103,0.05284163297,0.5965370654,0.3174392605,0,-1.214737951,4.382963196,-3.186870308
39.38,-65.00971483,0.05284286082,0.5965369793,0.3174394204,0,-1.214820489,4.383040092,-3.186814449
39.39,-65.00952913,0.05284408582,0.5965368857,0.3174395852,0,-1.214902824,4.383117076,-3.18675874
39.4,-65.00934394,0.05284530796,0.5965367846,0.3174397549,0,-1.214984956,4.383194147,-3.186703182
39.41,-65.00915925,0.05284652723,0.596536676,0.3174399295,0,-1.215066884,4.383271302,-3.186647776
39.42,-65.00897507,0.05284774363,0.59653656,0.317440109,0,-1.215148607,4.38334854,-3.186592522
39.43,-65.0087914,0.05284895713,0.5965364366,0.3174402932,0,-1.215230124,4.38342586,-3.18653742
39.44,-65.00860824,0.05285016774,0.5965363058,0.3174404823,0,-1.215311436,4.383503259,-3.186482472
39.45,-65.00842559,0.05285137543,0.5965361676,0.3174406762,0,-1.21539254,4.383580736,-3.186427677
39.46,-65.00824345,0.0528525802,0.5965360222,0.3174408748,0,-1.215473437,4.383658289,-3.186373035
39.47,-65.00806183,0.05285378204,0.5965358694,0.3174410781,0,-1.215554125,4.383735916,-3.186318548
39.48,-65.00788072,0.05285498094,0.5965357094,0.3174412862,0,-1.215634605,4.383813615,-3.186264215
39.49,-65.00770012,0.05285617688,0.5965355421,0.317441499,0,-1.215714875,4.383891386,-3.186210036
39.5,-65.00752005,0.05285736986,0.5965353676,0.3174417164,0,-1.215794935,4.383969225,-3.186156014
39.51,-65.00734049,0.05285855987,0.596535186,0.3174419385,0,-1.215874784,4.384047132,-3.186102146
39.52,-65.00716145,0.05285974689,0.5965349972,0.3174421652,0,-1.215954421,4.384125105,-3.186048435
39.53,-65.00698293,0.05286093092,0.5965348013,0.3174423965,0,-1.216033846,4.384203141,-3.18599488
39.54,-65.00680494,0.05286211195,0.5965345983,0.3174426323,0,-1.216113059,4.38428124,-3.185941482
39.55,-65.00662747,0.05286328997,0.5965343883,0.3174428728,0,-1.216192057,4.3843594,-3.18588824
39.56,-65.00645052,0.05286446496,0.5965341712,0.3174431177,0,-1.216270842,4.384437618,-3.185835156
39.57,-65.0062741,0.05286563692,0.5965339472,0.3174433672,0,-1.216349412,4.384515894,-3.18578223
39.58,-65.00609821,0.05286680584,0.5965337161,0.3174436211,0,-1.216427767,4.384594225,-3.185729462
39.59,-65.00592284,0.05286797171,0.5965334782,0.3174438795,0,-1.216505906,4.38467261,-3.185676852
39.6,-65.005748,0.05286913452,0.5965332333,0.3174441424,0,-1.216583829,4.384751048,-3.185624401
39.61,-65.0055737,0.05287029426,0.5965329816,0.3174444096,0,-1.216661534,4.384829536,-3.185572109
39.62,-65.00539992,0.05287145092,0.596532723,0.3174446813,0,-1.216739022,4.384908072,-3.185519977
39.63,-65.00522668,0.05287260449,0.5965324576,0.3174449573,0,-1.216816292,4.384986657,-3.185468004
39.64,-65.00505397,0.05287375497,0.5965321854,0.3174452377,0,-1.216893342,4.385065286,-3.185416191
39.65,-65.00488179,0.05287490235,0.5965319064,0.3174455224,0,-1.216970174,4.38514396,-3.185364538
39.66,-65.00471015,0.05287604661,0.5965316207,0.3174458114,0,-1.217046785,4.385222676,-3.185313046
39.67,-65.00453905,0.05287718775,0.5965313283,0.3174461046,0,-1.217123176,4.385301433,-3.185261715
39.68,-65.00436849,0.05287832575,0.5965310293,0.3174464021,0,-1.217199346,4.385380229,-3.185210546
39.69,-65.00419846,0.05287946062,0.5965307236,0.3174467039,0,-1.217275295,4.385459063,-3.185159538
39.7,-65.00402897,0.05288059234,0.5965304113,0.3174470099,0,-1.217351021,4.385537932,-3.185108691
39.71,-65.00386002,0.05288172091,0.5965300925,0.31744732,0,-1.217426525,4.385616836,-3.185058007
39.72,-65.00369162,0.05288284631,0.596529767,0.3174476343,0,-1.217501805,4.385695772,-3.185007485
39.73,-65.00352375,0.05288396854,0.5965294351,0.3174479528,0,-1.217576862,4.38577474,-3.184957126
39.74,-65.00335643,0.05288508759,0.5965290967,0.3174482754,0,-1.217651695,4.385853737,-3.18490693
39.75,-65.00318966,0.05288620345,0.5965287518,0.317448602,0,-1.217726303,4.385932762,-3.184856897
39.76,-65.00302342,0.05288731612,0.5965284005,0.3174489328,0,-1.217800686,4.386011814,-3.184807027
39.77,-65.00285774,0.05288842558,0.5965280428,0.3174492676,0,-1.217874843,4.38609089,-3.184757321
39.78,-65.0026926,0.05288953183,0.5965276787,0.3174496064,0,-1.217948774,4.38616999,-3.18470778
39.79,-65.00252801,0.05289063487,0.5965273083,0.3174499492,0,-1.218022479,4.386249111,-3.184658402
39.8,-65.00236396,0.05289173467,0.5965269315,0.317450296,0,-1.218095956,4.386328253,-3.184609189
39.81,-65.00220047,0.05289283125,0.5965265485,0.3174506468,0,-1.218169206,4.386407413,-3.184560141
39.82,-65.00203753,0.05289392458,0.5965261593,0.3174510015,0,-1.218242228,4.38648659,-3.184511258
39.83,-65.00187513,0.05289501467,0.5965257638,0.3174513601,0,-1.218315021,4.386565783,-3.18446254
39.84,-65.00171329,0.0528961015,0.5965253621,0.3174517226,0,-1.218387586,4.386644989,-3.184413987
39.85,-65.001552,0.05289718507,0.5965249543,0.317452089,0,-1.218459921,4.386724209,-3.1843656
39.86,-65.00139126,0.05289826537,0.5965245403,0.3174524592,0,-1.218532026,4.386803439,-3.184317379
39.87,-65.00123108,0.05289934239,0.5965241203,0.3174528332,0,-1.218603901,4.386882679,-3.184269324
39.88,-65.00107145,0.05290041613,0.5965236942,0.3174532111,0,-1.218675545,4.386961926,-3.184221436
39.89,-65.00091238,0.05290148658,0.596523262,0.3174535927,0,-1.218746959,4.387041181,-3.184173714
39.9,-65.00075386,0.05290255374,0.5965228238,0.3174539781,0,-1.21881814,4.38712044,-3.184126159
39.91,-65.0005959,0.05290361759,0.5965223797,0.3174543672,0,-1.21888909,4.387199703,-3.184078771
39.92,-65.0004385,0.05290467814,0.5965219295,0.31745476,0,-1.218959808,4.387278967,-3.18403155
39.93,-65.00028166,0.05290573537,0.5965214735,0.3174551565,0,-1.219030293,4.387358232,-3.183984497
39.94,-65.00012537,0.05290678927,0.5965210116,0.3174555567,0,-1.219100544,4.387437497,-3.183937611
39.95,-64.99996964,0.05290783985,0.5965205438,0.3174559605,0,-1.219170562,4.387516759,-3.183890893
39.96,-64.99981448,0.0529088871,0.5965200702,0.3174563679,0,-1.219240347,4.387596017,-3.183844343
39.97,-64.99965987,0.05290993101,0.5965195908,0.317456779,0,-1.219309897,4.387675269,-3.183797961
39.98,-64.99950582,0.05291097157,0.5965191056,0.3174571936,0,-1.219379212,4.387754516,-3.183751747
39.99,-64.99935234,0.05291200878,0.5965186147,0.3174576118,0,-1.219448293,4.387833753,-3.183705702
40,-64.99919942,0.05291304263,0.596518118,0.3174580335,0,-1.219517138,4.387912982,-3.183659826
40.01,-64.99904706,0.05291407313,0.5965176157,0.3174584587,0,-1.219585748,4.387992199,-3.183614118
40.02,-64.99889527,0.05291510025,0.5965171077,0.3174588874,0,-1.219654121,4.388071403,-3.18356858
40.03,-64.99874404,0.052916124,0.5965165941,0.3174593195,0,-1.219722258,4.388150594,-3.183523211
40.04,-64.99859337,0.05291714436,0.5965160749,0.3174597552,0,-1.219790159,4.38822977,-3.183478011
40.05,-64.99844327,0.05291816135,0.5965155502,0.3174601942,0,-1.219857822,4.388308929,-3.18343298
40.06,-64.99829373,0.05291917494,0.5965150199,0.3174606366,0,-1.219925248,4.388388069,-3.18338812
40.07,-64.99814476,0.05292018514,0.5965144841,0.3174610824,0,-1.219992436,4.38846719,-3.183343429
40.08,-64.99799636,0.05292119194,0.5965139428,0.3174615316,0,-1.220059387,4.388546291,-3.183298908
40.09,-64.99784852,0.05292219534,0.5965133961,0.3174619841,0,-1.220126099,4.388625369,-3.183254557
40.1,-64.99770125,0.05292319532,0.5965128439,0.3174624399,0,-1.220192572,4.388704423,-3.183210376
40.11,-64.99755455,0.05292419189,0.5965122864,0.317462899,0,-1.220258807,4.388783453,-3.183166366
40.12,-64.99740842,0.05292518504,0.5965117235,0.3174633614,0,-1.220324802,4.388862456,-3.183122526
40.13,-64.99726285,0.05292617476,0.5965111553,0.317463827,0,-1.220390558,4.388941431,-3.183078856
40.14,-64.99711786,0.05292716106,0.5965105818,0.3174642958,0,-1.220456074,4.389020377,-3.183035358
40.15,-64.99697343,0.05292814392,0.5965100031,0.3174647679,0,-1.22052135,4.389099293,-3.18299203
40.16,-64.99682958,0.05292912335,0.5965094191,0.3174652431,0,-1.220586386,4.389178177,-3.182948873
40.17,-64.99668629,0.05293009933,0.5965088299,0.3174657214,0,-1.220651181,4.389257028,-3.182905888
40.18,-64.99654358,0.05293107186,0.5965082355,0.317466203,0,-1.220715736,4.389335844,-3.182863073
40.19,-64.99640143,0.05293204095,0.5965076359,0.3174666876,0,-1.220780049,4.389414625,-3.18282043
40.2,-64.99625986,0.05293300658,0.5965070313,0.3174671753,0,-1.220844121,4.389493368,-3.182777958
40.21,-64.99611886,0.05293396875,0.5965064215,0.3174676661,0,-1.220907952,4.389572073,-3.182735658
40.22,-64.99597843,0.05293492746,0.5965058067,0.3174681599,0,-1.220971541,4.389650739,-3.182693529
40.23,-64.99583857,0.0529358827,0.5965051869,0.3174686568,0,-1.221034887,4.389729363,-3.182651572
40.24,-64.99569929,0.05293683447,0.596504562,0.3174691567,0,-1.221097992,4.389807945,-3.182609786
40.25,-64.99556058,0.05293778277,0.5965039322,0.3174696595,0,-1.221160854,4.389886484,-3.182568173
40.26,-64.99542244,0.05293872758,0.5965032974,0.3174701653,0,-1.221223473,4.389964977,-3.182526731
40.27,-64.99528487,0.05293966892,0.5965026578,0.3174706741,0,-1.22128585,4.390043425,-3.182485461
40.28,-64.99514788,0.05294060677,0.5965020132,0.3174711858,0,-1.221347983,4.390121825,-3.182444364
40.29,-64.99501146,0.05294154114,0.5965013638,0.3174717004,0,-1.221409874,4.390200176,-3.182403438
40.3,-64.99487562,0.05294247201,0.5965007095,0.3174722178,0,-1.22147152,4.390278478,-3.182362685
40.31,-64.99474035,0.05294339938,0.5965000505,0.3174727382,0,-1.221532923,4.390356728,-3.182322104
40.32,-64.99460565,0.05294432326,0.5964993867,0.3174732613,0,-1.221594082,4.390434926,-3.182281695
40.33,-64.99447153,0.05294524364,0.5964987181,0.3174737873,0,-1.221654997,4.39051307,-3.182241459
40.34,-64.99433798,0.05294616051,0.5964980449,0.317474316,0,-1.221715668,4.390591159,-3.182201395
40.35,-64.99420501,0.05294707387,0.5964973669,0.3174748476,0,-1.221776095,4.390669192,-3.182161503
40.36,-64.99407261,0.05294798373,0.5964966843,0.3174753818,0,-1.221836277,4.390747168,-3.182121784
40.37,-64.99394079,0.05294889007,0.5964959971,0.3174759188,0,-1.221896214,4.390825085,-3.182082238
40.38,-64.99380955,0.05294979289,0.5964953053,0.3174764585,0,-1.221955906,4.390902942,-3.182042864
40.39,-64.99367888,0.0529506922,0.5964946089,0.3174770009,0,-1.222015354,4.390980738,-3.182003663
40.4,-64.99354878,0.05295158799,0.596493908,0.317477546,0,-1.222074556,4.391058472,-3.181964635
40.41,-64.99341926,0.05295248025,0.5964932026,0.3174780937,0,-1.222133513,4.391136143,-3.181925779
40.42,-64.99329032,0.05295336898,0.5964924927,0.3174786441,0,-1.222192225,4.391213748,-3.181887096
40.43,-64.99316195,0.05295425419,0.5964917783,0.317479197,0,-1.222250691,4.391291289,-3.181848585
40.44,-64.99303416,0.05295513587,0.5964910596,0.3174797525,0,-1.222308911,4.391368762,-3.181810248
40.45,-64.99290694,0.05295601401,0.5964903364,0.3174803106,0,-1.222366886,4.391446167,-3.181772083
40.46,-64.9927803,0.05295688862,0.5964896089,0.3174808712,0,-1.222424615,4.391523503,-3.181734091
40.47,-64.99265424,0.05295775969,0.596488877,0.3174814343,0,-1.222482097,4.391600768,-3.181696272
40.48,-64.99252875,0.05295862723,0.5964881409,0.317482,0,-1.222539334,4.391677961,-3.181658625
40.49,-64.99240384,0.05295949122,0.5964874005,0.3174825681,0,-1.222596324,4.391755082,-3.181621152
40.5,-64.9922795,0.05296035167,0.5964866558,0.3174831387,0,-1.222653069,4.391832129,-3.181583851
40.51,-64.99215574,0.05296120857,0.5964859069,0.3174837117,0,-1.222709566,4.391909101,-3.181546723
40.52,-64.99203256,0.05296206193,0.5964851538,0.3174842871,0,-1.222765818,4.391985997,-3.181509768
40.53,-64.99190995,0.05296291173,0.5964843965,0.3174848649,0,-1.222821823,4.392062815,-3.181472986
40.54,-64.99178792,0.05296375799,0.5964836351,0.3174854451,0,-1.222877581,4.392139555,-3.181436376
40.55,-64.99166646,0.0529646007,0.5964828696,0.3174860276,0,-1.222933092,4.392216216,-3.181399939
40.56,-64.99154558,0.05296543986,0.5964821001,0.3174866125,0,-1.222988357,4.392292796,-3.181363675
40.57,-64.99142528,0.05296627546,0.5964813264,0.3174871997,0,-1.223043375,4.392369294,-3.181327584
40.58,-64.99130555,0.0529671075,0.5964805488,0.3174877892,0,-1.223098146,4.392445709,-3.181291665
40.59,-64.9911864,0.05296793599,0.5964797672,0.317488381,0,-1.22315267,4.39252204,-3.181255919
40.6,-64.99106782,0.05296876093,0.5964789816,0.317488975,0,-1.223206948,4.392598286,-3.181220346
40.61,-64.99094982,0.0529695823,0.596478192,0.3174895712,0,-1.223260978,4.392674446,-3.181184945
40.62,-64.99083239,0.05297040011,0.5964773986,0.3174901697,0,-1.223314761,4.392750519,-3.181149717
40.63,-64.99071554,0.05297121437,0.5964766013,0.3174907703,0,-1.223368297,4.392826504,-3.181114661
40.64,-64.99059926,0.05297202506,0.5964758001,0.3174913731,0,-1.223421587,4.392902399,-3.181079778
40.65,-64.99048356,0.05297283218,0.5964749951,0.3174919781,0,-1.223474629,4.392978204,-3.181045067
40.66,-64.99036843,0.05297363575,0.5964741863,0.3174925852,0,-1.223527424,4.393053918,-3.181010529
40.67,-64.99025388,0.05297443575,0.5964733738,0.3174931944,0,-1.223579971,4.393129539,-3.180976163
40.68,-64.9901399,0.05297523219,0.5964725575,0.3174938057,0,-1.223632272,4.393205067,-3.18094197
40.69,-64.99002649,0.05297602506,0.5964717375,0.3174944191,0,-1.223684326,4.3932805,-3.180907948
40.7,-64.98991366,0.05297681437,0.5964709138,0.3174950345,0,-1.223736132,4.393355838,-3.180874099
40.71,-64.98980141,0.05297760011,0.5964700865,0.317495652,0,-1.223787691,4.393431079,-3.180840422
40.72,-64.98968972,0.05297838229,0.5964692555,0.3174962714,0,-1.223839003,4.393506222,-3.180806917
40.73,-64.98957861,0.0529791609,0.596468421,0.3174968929,0,-1.223890068,4.393581267,-3.180773584
40.74,-64.98946807,0.05297993594,0.5964675828,0.3174975163,0,-1.223940886,4.393656212,-3.180740422
40.75,-64.98935811,0.05298070741,0.5964667412,0.3174981417,0,-1.223991457,4.393731057,-3.180707433
40.76,-64.98924872,0.05298147532,0.596465896,0.317498769,0,-1.224041781,4.3938058,-3.180674615
40.77,-64.9891399,0.05298223966,0.5964650473,0.3174993983,0,-1.224091858,4.39388044,-3.180641969
40.78,-64.98903165,0.05298300044,0.5964641951,0.3175000294,0,-1.224141688,4.393954977,-3.180609495
40.79,-64.98892397,0.05298375765,0.5964633396,0.3175006624,0,-1.224191271,4.394029409,-3.180577192
40.8,-64.98881687,0.05298451129,0.5964624806,0.3175012972,0,-1.224240607,4.394103736,-3.180545061
40.81,-64.98871033,0.05298526137,0.5964616182,0.3175019339,0,-1.224289696,4.394177957,-3.1805131
40.82,-64.98860437,0.05298600788,0.5964607525,0.3175025724,0,-1.224338539,4.39425207,-3.180481312
40.83,-64.98849898,0.05298675082,0.5964598835,0.3175032127,0,-1.224387135,4.394326074,-3.180449694
40.84,-64.98839416,0.0529874902,0.5964590111,0.3175038548,0,-1.224435484,4.394399969,-3.180418247
40.85,-64.9882899,0.05298822601,0.5964581355,0.3175044986,0,-1.224483587,4.394473754,-3.180386971
40.86,-64.98818622,0.05298895827,0.5964572567,0.3175051442,0,-1.224531443,4.394547428,-3.180355866
40.87,-64.98808311,0.05298968695,0.5964563746,0.3175057915,0,-1.224579053,4.39462099,-3.180324932
40.88,-64.98798056,0.05299041208,0.5964554894,0.3175064405,0,-1.224626416,4.394694438,-3.180294168
40.89,-64.98787858,0.05299113364,0.596454601,0.3175070912,0,-1.224673533,4.394767773,-3.180263575
40.9,-64.98777717,0.05299185164,0.5964537095,0.3175077435,0,-1.224720404,4.394840993,-3.180233152
40.91,-64.98767633,0.05299256609,0.5964528148,0.3175083975,0,-1.224767029,4.394914097,-3.180202899
40.92,-64.98757606,0.05299327697,0.5964519171,0.3175090531,0,-1.224813408,4.394987084,-3.180172817
40.93,-64.98747635,0.05299398429,0.5964510163,0.3175097104,0,-1.224859541,4.395059953,-3.180142905
40.94,-64.98737721,0.05299468806,0.5964501125,0.3175103692,0,-1.224905429,4.395132705,-3.180113162
40.95,-64.98727863,0.05299538827,0.5964492057,0.3175110295,0,-1.22495107,4.395205336,-3.180083589
40.96,-64.98718062,0.05299608493,0.5964482959,0.3175116915,0,-1.224996466,4.395277848,-3.180054186
40.97,-64.98708317,0.05299677803,0.5964473832,0.3175123549,0,-1.225041617,4.395350238,-3.180024952
40.98,-64.98698629,0.05299746758,0.5964464676,0.3175130199,0,-1.225086523,4.395422507,-3.179995888
40.99,-64.98688998,0.05299815358,0.596445549,0.3175136863,0,-1.225131183,4.395494653,-3.179966993
41,-64.98679422,0.05299883603,0.5964446276,0.3175143543,0,-1.225175598,4.395566675,-3.179938267
41.01,-64.98669903,0.05299951494,0.5964437034,0.3175150237,0,-1.225219769,4.395638572,-3.17990971
41.02,-64.9866044,0.05300019029,0.5964427763,0.3175156945,0,-1.225263694,4.395710344,-3.179881321
41.03,-64.98651034,0.0530008621,0.5964418465,0.3175163667,0,-1.225307375,4.39578199,-3.179853102
41.04,-64.98641683,0.05300153037,0.5964409139,0.3175170404,0,-1.225350812,4.395853508,-3.17982505
41.05,-64.98632389,0.0530021951,0.5964399786,0.3175177154,0,-1.225394004,4.395924899,-3.179797167
41.06,-64.98623151,0.05300285628,0.5964390405,0.3175183918,0,-1.225436952,4.395996161,-3.179769453
41.07,-64.98613969,0.05300351393,0.5964380998,0.3175190696,0,-1.225479656,4.396067294,-3.179741906
41.08,-64.98604842,0.05300416805,0.5964371564,0.3175197486,0,-1.225522116,4.396138296,-3.179714527
41.09,-64.98595772,0.05300481863,0.5964362104,0.317520429,0,-1.225564333,4.396209167,-3.179687316
41.1,-64.98586757,0.05300546567,0.5964352618,0.3175211107,0,-1.225606306,4.396279906,-3.179660272
41.11,-64.98577799,0.05300610919,0.5964343106,0.3175217936,0,-1.225648036,4.396350513,-3.179633396
41.12,-64.98568895,0.05300674918,0.5964333569,0.3175224778,0,-1.225689522,4.396420986,-3.179606686
41.13,-64.98560048,0.05300738565,0.5964324006,0.3175231633,0,-1.225730766,4.396491324,-3.179580144
41.14,-64.98551256,0.05300801859,0.5964314419,0.31752385,0,-1.225771767,4.396561528,-3.179553769
41.15,-64.9854252,0.05300864801,0.5964304806,0.3175245378,0,-1.225812525,4.396631595,-3.17952756
41.16,-64.98533839,0.05300927391,0.596429517,0.3175252269,0,-1.225853041,4.396701526,-3.179501518
41.17,-64.98525214,0.0530098963,0.5964285508,0.3175259171,0,-1.225893314,4.39677132,-3.179475642
41.18,-64.98516644,0.05301051517,0.5964275823,0.3175266085,0,-1.225933346,4.396840975,-3.179449932
41.19,-64.98508129,0.05301113053,0.5964266115,0.317527301,0,-1.225973136,4.396910492,-3.179424388
41.2,-64.9849967,0.05301174238,0.5964256382,0.3175279946,0,-1.226012684,4.396979869,-3.17939901
41.21,-64.98491266,0.05301235072,0.5964246627,0.3175286893,0,-1.226051991,4.397049105,-3.179373797
41.22,-64.98482917,0.05301295557,0.5964236849,0.3175293851,0,-1.226091057,4.397118201,-3.17934875
41.23,-64.98474622,0.05301355691,0.5964227047,0.3175300819,0,-1.226129882,4.397187154,-3.179323867
41.24,-64.98466383,0.05301415475,0.5964217224,0.3175307798,0,-1.226168466,4.397255965,-3.17929915
41.25,-64.98458199,0.0530147491,0.5964207378,0.3175314787,0,-1.22620681,4.397324633,-3.179274597
41.26,-64.9845007,0.05301533996,0.596419751,0.3175321787,0,-1.226244913,4.397393157,-3.179250209
41.27,-64.98441995,0.05301592732,0.5964187621,0.3175328796,0,-1.226282776,4.397461536,-3.179225986
41.28,-64.98433975,0.0530165112,0.596417771,0.3175335815,0,-1.2263204,4.397529769,-3.179201926
41.29,-64.9842601,0.0530170916,0.5964167778,0.3175342844,0,-1.226357784,4.397597857,-3.17917803
41.3,-64.98418099,0.05301766852,0.5964157825,0.3175349882,0,-1.226394929,4.397665798,-3.179154298
41.31,-64.98410243,0.05301824196,0.5964147852,0.3175356929,0,-1.226431834,4.397733591,-3.179130729
41.32,-64.98402441,0.05301881193,0.5964137857,0.3175363985,0,-1.226468501,4.397801236,-3.179107324
41.33,-64.98394694,0.05301937842,0.5964127843,0.3175371051,0,-1.22650493,4.397868733,-3.179084082
41.34,-64.98387001,0.05301994145,0.5964117809,0.3175378125,0,-1.22654112,4.397936079,-3.179061002
41.35,-64.98379362,0.05302050102,0.5964107755,0.3175385207,0,-1.226577072,4.398003276,-3.179038086
41.36,-64.98371777,0.05302105712,0.5964097681,0.3175392298,0,-1.226612786,4.398070322,-3.179015331
41.37,-64.98364246,0.05302160977,0.5964087589,0.3175399397,0,-1.226648263,4.398137217,-3.178992739
41.38,-64.98356769,0.05302215897,0.5964077477,0.3175406504,0,-1.226683503,4.398203959,-3.178970308
41.39,-64.98349346,0.05302270471,0.5964067347,0.3175413619,0,-1.226718506,4.398270549,-3.178948039
41.4,-64.98341977,0.05302324701,0.5964057198,0.3175420742,0,-1.226753272,4.398336985,-3.178925932
41.41,-64.98334662,0.05302378587,0.5964047031,0.3175427873,0,-1.226787802,4.398403267,-3.178903986
41.42,-64.983274,0.05302432129,0.5964036846,0.3175435011,0,-1.226822095,4.398469394,-3.178882201
41.43,-64.98320192,0.05302485327,0.5964026643,0.3175442156,0,-1.226856153,4.398535367,-3.178860577
41.44,-64.98313038,0.05302538182,0.5964016422,0.3175449308,0,-1.226889975,4.398601183,-3.178839113
41.45,-64.98305936,0.05302590694,0.5964006185,0.3175456467,0,-1.226923562,4.398666843,-3.178817809
41.46,-64.98298888,0.05302642864,0.596399593,0.3175463633,0,-1.226956915,4.398732346,-3.178796665
41.47,-64.98291894,0.05302694692,0.5963985658,0.3175470805,0,-1.226990032,4.398797691,-3.178775682
41.48,-64.98284952,0.05302746179,0.596397537,0.3175477984,0,-1.227022916,4.398862878,-3.178754857
41.49,-64.98278064,0.05302797324,0.5963965066,0.3175485169,0,-1.227055565,4.398927906,-3.178734192
41.5,-64.98271229,0.05302848129,0.5963954745,0.317549236,0,-1.227087981,4.398992775,-3.178713686
41.51,-64.98264446,0.05302898593,0.5963944409,0.3175499557,0,-1.227120163,4.399057483,-3.178693339
41.52,-64.98257717,0.05302948718,0.5963934057,0.317550676,0,-1.227152112,4.399122031,-3.17867315
41.53,-64.9825104,0.05302998502,0.596392369,0.3175513969,0,-1.227183829,4.399186418,-3.178653119
41.54,-64.98244416,0.05303047948,0.5963913307,0.3175521183,0,-1.227215313,4.399250643,-3.178633247
41.55,-64.98237844,0.05303097055,0.596390291,0.3175528402,0,-1.227246565,4.399314706,-3.178613532
41.56,-64.98231325,0.05303145824,0.5963892498,0.3175535627,0,-1.227277585,4.399378605,-3.178593974
41.57,-64.98224858,0.05303194256,0.5963882071,0.3175542856,0,-1.227308374,4.399442342,-3.178574574
41.58,-64.98218443,0.0530324235,0.596387163,0.317555009,0,-1.227338932,4.399505914,-3.17855533
41.59,-64.98212081,0.05303290107,0.5963861176,0.3175557329,0,-1.227369259,4.399569323,-3.178536244
41.6,-64.98205771,0.05303337527,0.5963850707,0.3175564573,0,-1.227399355,4.399632566,-3.178517313
41.61,-64.98199513,0.05303384612,0.5963840225,0.3175571821,0,-1.227429222,4.399695643,-3.178498539
41.62,-64.98193307,0.05303431361,0.596382973,0.3175579073,0,-1.227458859,4.399758555,-3.17847992
41.63,-64.98187152,0.05303477775,0.5963819221,0.3175586329,0,-1.227488267,4.3998213,-3.178461457
41.64,-64.9818105,0.05303523855,0.59638087,0.317559359,0,-1.227517445,4.399883878,-3.17844315
41.65,-64.98174999,0.05303569601,0.5963798166,0.3175600853,0,-1.227546395,4.399946288,-3.178424997
41.66,-64.98169,0.05303615013,0.596378762,0.3175608121,0,-1.227575117,4.40000853,-3.178406999
41.67,-64.98163052,0.05303660092,0.5963777062,0.3175615392,0,-1.227603611,4.400070604,-3.178389155
41.68,-64.98157155,0.05303704838,0.5963766491,0.3175622666,0,-1.227631877,4.400132508,-3.178371466
41.69,-64.9815131,0.05303749252,0.5963755909,0.3175629944,0,-1.227659916,4.400194243,-3.17835393
41.7,-64.98145516,0.05303793335,0.5963745316,0.3175637224,0,-1.227687728,4.400255809,-3.178336548
41.71,-64.98139773,0.05303837086,0.5963734711,0.3175644507,0,-1.227715314,4.400317203,-3.178319319
41.72,-64.98134081,0.05303880507,0.5963724095,0.3175651794,0,-1.227742674,4.400378427,-3.178302244
41.73,-64.9812844,0.05303923598,0.5963713468,0.3175659082,0,-1.227769808,4.400439479,-3.17828532
41.74,-64.9812285,0.05303966359,0.5963702831,0.3175666373,0,-1.227796717,4.400500359,-3.17826855
41.75,-64.9811731,0.05304008791,0.5963692184,0.3175673667,0,-1.227823401,4.400561067,-3.178251931
41.76,-64.98111821,0.05304050895,0.5963681526,0.3175680962,0,-1.22784986,4.400621602,-3.178235464
41.77,-64.98106383,0.0530409267,0.5963670858,0.3175688259,0,-1.227876095,4.400681964,-3.178219148
41.78,-64.98100995,0.05304134118,0.5963660181,0.3175695559,0,-1.227902107,4.400742152,-3.178202984
41.79,-64.98095657,0.05304175239,0.5963649494,0.317570286,0,-1.227927895,4.400802166,-3.178186971
41.8,-64.98090369,0.05304216034,0.5963638798,0.3175710162,0,-1.22795346,4.400862005,-3.178171108
41.81,-64.98085132,0.05304256503,0.5963628092,0.3175717466,0,-1.227978803,4.40092167,-3.178155395
41.82,-64.98079944,0.05304296646,0.5963617378,0.3175724771,0,-1.228003924,4.400981159,-3.178139833
41.83,-64.98074807,0.05304336465,0.5963606656,0.3175732077,0,-1.228028822,4.401040472,-3.17812442
41.84,-64.98069719,0.05304375959,0.5963595924,0.3175739385,0,-1.2280535,4.401099609,-3.178109156
41.85,-64.9806468,0.0530441513,0.5963585185,0.3175746693,0,-1.228077957,4.401158569,-3.178094041
41.86,-64.98059692,0.05304453978,0.5963574438,0.3175754001,0,-1.228102193,4.401217353,-3.178079075
41.87,-64.98054753,0.05304492503,0.5963563683,0.3175761311,0,-1.228126209,4.401275958,-3.178064258
41.88,-64.98049863,0.05304530706,0.596355292,0.317576862,0,-1.228150005,4.401334386,-3.178049588
41.89,-64.98045022,0.05304568588,0.596354215,0.3175775931,0,-1.228173583,4.401392636,-3.178035066
41.9,-64.98040231,0.05304606149,0.5963531373,0.3175783241,0,-1.228196941,4.401450708,-3.178020692
41.91,-64.98035488,0.0530464339,0.5963520589,0.3175790551,0,-1.228220081,4.4015086,-3.178006465
41.92,-64.98030795,0.05304680311,0.5963509798,0.3175797861,0,-1.228243003,4.401566313,-3.177992384
41.93,-64.9802615,0.05304716913,0.5963499001,0.3175805171,0,-1.228265708,4.401623846,-3.17797845
41.94,-64.98021554,0.05304753196,0.5963488197,0.317581248,0,-1.228288195,4.401681199,-3.177964662
41.95,-64.98017007,0.05304789162,0.5963477387,0.3175819789,0,-1.228310466,4.401738372,-3.17795102
41.96,-64.98012508,0.0530482481,0.5963466571,0.3175827097,0,-1.228332521,4.401795364,-3.177937523
41.97,-64.98008057,0.05304860142,0.596345575,0.3175834404,0,-1.228354359,4.401852175,-3.177924172
41.98,-64.98003655,0.05304895157,0.5963444923,0.317584171,0,-1.228375983,4.401908804,-3.177910965
41.99,-64.97999301,0.05304929857,0.5963434091,0.3175849016,0,-1.228397392,4.401965252,-3.177897903
42,-64.97994995,0.05304964243,0.5963423254,0.317585632,0,-1.228418586,4.402021518,-3.177884985
42.01,-64.97990737,0.05304998314,0.5963412412,0.3175863622,0,-1.228439566,4.4020776,-3.17787221
42.02,-64.97986527,0.05305032071,0.5963401565,0.3175870923,0,-1.228460333,4.402133501,-3.17785958
42.03,-64.97982364,0.05305065515,0.5963390714,0.3175878223,0,-1.228480886,4.402189218,-3.177847092
42.04,-64.97978249,0.05305098647,0.5963379859,0.3175885521,0,-1.228501227,4.402244751,-3.177834747
42.05,-64.97974181,0.05305131467,0.5963368999,0.3175892817,0,-1.228521356,4.402300101,-3.177822544
42.06,-64.97970161,0.05305163977,0.5963358136,0.3175900111,0,-1.228541274,4.402355267,-3.177810484
42.07,-64.97966188,0.05305196175,0.5963347269,0.3175907402,0,-1.228560979,4.402410249,-3.177798565
42.08,-64.97962263,0.05305228064,0.5963336398,0.3175914692,0,-1.228580475,4.402465046,-3.177786788
42.09,-64.97958384,0.05305259643,0.5963325525,0.3175921979,0,-1.22859976,4.402519658,-3.177775152
42.1,-64.97954552,0.05305290914,0.5963314648,0.3175929264,0,-1.228618835,4.402574084,-3.177763656
42.11,-64.97950767,0.05305321877,0.5963303768,0.3175936546,0,-1.2286377,4.402628325,-3.177752301
42.12,-64.97947029,0.05305352533,0.5963292886,0.3175943825,0,-1.228656357,4.402682381,-3.177741086
42.13,-64.97943337,0.05305382882,0.5963282001,0.3175951101,0,-1.228674806,4.40273625,-3.177730011
42.14,-64.97939692,0.05305412926,0.5963271114,0.3175958374,0,-1.228693046,4.402789933,-3.177719075
42.15,-64.97936093,0.05305442664,0.5963260224,0.3175965645,0,-1.228711079,4.40284343,-3.177708278
42.16,-64.9793254,0.05305472097,0.5963249333,0.3175972911,0,-1.228728905,4.402896739,-3.177697619
42.17,-64.97929033,0.05305501226,0.596323844,0.3175980175,0,-1.228746525,4.402949862,-3.177687099
42.18,-64.97925572,0.05305530052,0.5963227546,0.3175987435,0,-1.228763938,4.403002797,-3.177676716
42.19,-64.97922157,0.05305558576,0.596321665,0.3175994691,0,-1.228781147,4.403055545,-3.177666471
42.2,-64.97918788,0.05305586797,0.5963205753,0.3176001944,0,-1.22879815,4.403108104,-3.177656364
42.21,-64.97915464,0.05305614718,0.5963194855,0.3176009192,0,-1.228814948,4.403160476,-3.177646393
42.22,-64.97912186,0.05305642337,0.5963183957,0.3176016437,0,-1.228831543,4.403212659,-3.177636558
42.23,-64.97908953,0.05305669657,0.5963173058,0.3176023678,0,-1.228847934,4.403264654,-3.17762686
42.24,-64.97905766,0.05305696678,0.5963162158,0.3176030914,0,-1.228864122,4.40331646,-3.177617297
42.25,-64.97902623,0.053057234,0.5963151258,0.3176038146,0,-1.228880107,4.403368077,-3.17760787
42.26,-64.97899526,0.05305749824,0.5963140358,0.3176045373,0,-1.228895891,4.403419505,-3.177598578
42.27,-64.97896473,0.05305775951,0.5963129459,0.3176052596,0,-1.228911473,4.403470743,-3.17758942
42.28,-64.97893466,0.05305801782,0.5963118559,0.3176059814,0,-1.228926854,4.403521792,-3.177580397
42.29,-64.97890502,0.05305827317,0.5963107661,0.3176067027,0,-1.228942034,4.403572651,-3.177571507
42.3,-64.97887584,0.05305852557,0.5963096762,0.3176074236,0,-1.228957015,4.40362332,-3.177562751
42.31,-64.9788471,0.05305877502,0.5963085865,0.3176081439,0,-1.228971795,4.403673799,-3.177554129
42.32,-64.9788188,0.05305902154,0.5963074969,0.3176088637,0,-1.228986377,4.403724087,-3.177545639
42.33,-64.97879094,0.05305926514,0.5963064074,0.317609583,0,-1.229000761,4.403774185,-3.177537281
42.34,-64.97876352,0.0530595058,0.5963053181,0.3176103017,0,-1.229014946,4.403824092,-3.177529055
42.35,-64.97873654,0.05305974356,0.5963042289,0.3176110199,0,-1.229028935,4.403873808,-3.177520961
42.36,-64.97871,0.05305997841,0.5963031399,0.3176117375,0,-1.229042726,4.403923332,-3.177512999
42.37,-64.97868389,0.05306021035,0.5963020511,0.3176124546,0,-1.229056321,4.403972666,-3.177505167
42.38,-64.97865822,0.05306043941,0.5963009625,0.3176131711,0,-1.229069719,4.404021808,-3.177497466
42.39,-64.97863298,0.05306066558,0.5962998741,0.3176138869,0,-1.229082923,4.404070759,-3.177489895
42.4,-64.97860818,0.05306088887,0.596298786,0.3176146022,0,-1.229095932,4.404119518,-3.177482453
42.41,-64.9785838,0.05306110929,0.5962976982,0.3176153168,0,-1.229108746,4.404168084,-3.177475141
42.42,-64.97855986,0.05306132684,0.5962966106,0.3176160308,0,-1.229121367,4.404216459,-3.177467958
42.43,-64.97853635,0.05306154154,0.5962955234,0.3176167442,0,-1.229133795,4.404264642,-3.177460904
42.44,-64.97851326,0.05306175339,0.5962944364,0.3176174569,0,-1.229146029,4.404312632,-3.177453978
42.45,-64.9784906,0.0530619624,0.5962933498,0.3176181689,0,-1.229158072,4.40436043,-3.177447179
42.46,-64.97846836,0.05306216857,0.5962922636,0.3176188803,0,-1.229169923,4.404408035,-3.177440509
42.47,-64.97844655,0.05306237192,0.5962911777,0.317619591,0,-1.229181583,4.404455447,-3.177433965
42.48,-64.97842516,0.05306257245,0.5962900922,0.317620301,0,-1.229193052,4.404502667,-3.177427548
42.49,-64.97840419,0.05306277017,0.5962890071,0.3176210103,0,-1.229204332,4.404549693,-3.177421257
42.5,-64.97838364,0.05306296508,0.5962879225,0.3176217189,0,-1.229215422,4.404596527,-3.177415092
42.51,-64.97836351,0.0530631572,0.5962868382,0.3176224267,0,-1.229226323,4.404643167,-3.177409053
42.52,-64.9783438,0.05306334653,0.5962857545,0.3176231339,0,-1.229237035,4.404689614,-3.177403139
42.53,-64.9783245,0.05306353307,0.5962846712,0.3176238402,0,-1.22924756,4.404735868,-3.17739735
42.54,-64.97830562,0.05306371684,0.5962835883,0.3176245458,0,-1.229257898,4.404781928,-3.177391685
42.55,-64.97828715,0.05306389785,0.596282506,0.3176252507,0,-1.229268049,4.404827794,-3.177386144
42.56,-64.97826909,0.0530640761,0.5962814242,0.3176259548,0,-1.229278013,4.404873467,-3.177380726
42.57,-64.97825144,0.0530642516,0.596280343,0.317626658,0,-1.229287792,4.404918946,-3.177375432
42.58,-64.9782342,0.05306442435,0.5962792623,0.3176273605,0,-1.229297386,4.404964231,-3.17737026
42.59,-64.97821737,0.05306459437,0.5962781821,0.3176280622,0,-1.229306795,4.405009323,-3.177365211
42.6,-64.97820095,0.05306476166,0.5962771026,0.317628763,0,-1.229316021,4.40505422,-3.177360284
42.61,-64.97818493,0.05306492624,0.5962760236,0.3176294631,0,-1.229325063,4.405098923,-3.177355479
42.62,-64.97816931,0.0530650881,0.5962749453,0.3176301623,0,-1.229333922,4.405143432,-3.177350794
42.63,-64.9781541,0.05306524725,0.5962738676,0.3176308606,0,-1.229342598,4.405187747,-3.177346231
42.64,-64.97813929,0.05306540371,0.5962727906,0.3176315581,0,-1.229351094,4.405231867,-3.177341788
42.65,-64.97812488,0.05306555749,0.5962717142,0.3176322547,0,-1.229359407,4.405275793,-3.177337465
42.66,-64.97811087,0.05306570858,0.5962706385,0.3176329504,0,-1.229367541,4.405319525,-3.177333261
42.67,-64.97809726,0.053065857,0.5962695635,0.3176336453,0,-1.229375494,4.405363063,-3.177329177
42.68,-64.97808404,0.05306600275,0.5962684891,0.3176343393,0,-1.229383268,4.405406406,-3.177325211
42.69,-64.97807121,0.05306614585,0.5962674156,0.3176350323,0,-1.229390862,4.405449554,-3.177321364
42.7,-64.97805878,0.05306628629,0.5962663427,0.3176357245,0,-1.229398279,4.405492508,-3.177317635
42.71,-64.97804675,0.0530664241,0.5962652707,0.3176364157,0,-1.229405518,4.405535268,-3.177314024
42.72,-64.9780351,0.05306655928,0.5962641994,0.317637106,0,-1.229412579,4.405577832,-3.177310529
42.73,-64.97802384,0.05306669182,0.5962631288,0.3176377953,0,-1.229419464,4.405620202,-3.177307152
42.74,-64.97801297,0.05306682176,0.5962620591,0.3176384837,0,-1.229426173,4.405662378,-3.177303891
42.75,-64.97800249,0.05306694908,0.5962609902,0.3176391711,0,-1.229432706,4.405704359,-3.177300746
42.76,-64.97799239,0.0530670738,0.5962599222,0.3176398576,0,-1.229439064,4.405746145,-3.177297716
42.77,-64.97798267,0.05306719593,0.5962588549,0.3176405431,0,-1.229445248,4.405787737,-3.177294802
42.78,-64.97797334,0.05306731548,0.5962577886,0.3176412276,0,-1.229451258,4.405829134,-3.177292002
42.79,-64.97796439,0.05306743245,0.5962567231,0.317641911,0,-1.229457095,4.405870336,-3.177289317
42.8,-64.97795582,0.05306754685,0.5962556585,0.3176425935,0,-1.22946276,4.405911343,-3.177286745
42.81,-64.97794763,0.05306765869,0.5962545948,0.317643275,0,-1.229468252,4.405952156,-3.177284288
42.82,-64.97793981,0.05306776798,0.596253532,0.3176439555,0,-1.229473573,4.405992774,-3.177281943
42.83,-64.97793237,0.05306787472,0.5962524702,0.3176446349,0,-1.229478723,4.406033198,-3.177279711
42.84,-64.9779253,0.05306797893,0.5962514093,0.3176453133,0,-1.229483703,4.406073427,-3.177277591
42.85,-64.97791861,0.05306808061,0.5962503494,0.3176459906,0,-1.229488513,4.406113461,-3.177275584
42.86,-64.97791229,0.05306817977,0.5962492905,0.3176466669,0,-1.229493154,4.406153301,-3.177273687
42.87,-64.97790634,0.05306827642,0.5962482325,0.3176473421,0,-1.229497626,4.406192946,-3.177271902
42.88,-64.97790076,0.05306837056,0.5962471755,0.3176480162,0,-1.229501931,4.406232396,-3.177270228
42.89,-64.97789555,0.05306846221,0.5962461196,0.3176486893,0,-1.229506068,4.406271652,-3.177268664
42.9,-64.9778907,0.05306855138,0.5962450647,0.3176493613,0,-1.229510038,4.406310714,-3.177267209
42.91,-64.97788621,0.05306863807,0.5962440109,0.3176500321,0,-1.229513842,4.406349581,-3.177265864
42.92,-64.97788209,0.05306872228,0.5962429581,0.3176507019,0,-1.229517481,4.406388254,-3.177264628
42.93,-64.97787834,0.05306880404,0.5962419064,0.3176513705,0,-1.229520954,4.406426732,-3.177263501
42.94,-64.97787494,0.05306888334,0.5962408557,0.317652038,0,-1.229524263,4.406465017,-3.177262482
42.95,-64.9778719,0.0530689602,0.5962398062,0.3176527044,0,-1.229527409,4.406503107,-3.17726157
42.96,-64.97786922,0.05306903462,0.5962387578,0.3176533697,0,-1.229530391,4.406541002,-3.177260766
42.97,-64.9778669,0.05306910661,0.5962377105,0.3176540338,0,-1.22953321,4.406578704,-3.177260069
42.98,-64.97786493,0.05306917618,0.5962366644,0.3176546967,0,-1.229535867,4.406616212,-3.177259479
42.99,-64.97786331,0.05306924334,0.5962356194,0.3176553585,0,-1.229538363,4.406653526,-3.177258994
43,-64.97786205,0.0530693081,0.5962345755,0.3176560191,0,-1.229540698,4.406690645,-3.177258616
43.01,-64.97786114,0.05306937046,0.5962335329,0.3176566785,0,-1.229542873,4.406727571,-3.177258342
43.02,-64.97786058,0.05306943044,0.5962324914,0.3176573368,0,-1.229544888,4.406764304,-3.177258174
43.03,-64.97786037,0.05306948804,0.5962314512,0.3176579938,0,-1.229546744,4.406800842,-3.17725811
43.04,-64.9778605,0.05306954327,0.5962304122,0.3176586497,0,-1.229548441,4.406837187,-3.17725815
43.05,-64.97786098,0.05306959614,0.5962293744,0.3176593043,0,-1.229549981,4.406873339,-3.177258293
43.06,-64.9778618,0.05306964665,0.5962283378,0.3176599577,0,-1.229551363,4.406909297,-3.17725854
43.07,-64.97786296,0.05306969482,0.5962273026,0.3176606099,0,-1.229552589,4.406945062,-3.177258889
43.08,-64.97786447,0.05306974066,0.5962262685,0.3176612609,0,-1.229553659,4.406980634,-3.177259341
43.09,-64.97786632,0.05306978417,0.5962252358,0.3176619106,0,-1.229554573,4.407016012,-3.177259895
43.1,-64.9778685,0.05306982536,0.5962242044,0.3176625591,0,-1.229555332,4.407051198,-3.17726055
43.11,-64.97787102,0.05306986424,0.5962231742,0.3176632063,0,-1.229555937,4.407086191,-3.177261307
43.12,-64.97787388,0.05306990082,0.5962221454,0.3176638523,0,-1.229556388,4.407120991,-3.177262164
43.13,-64.97787707,0.0530699351,0.5962211179,0.317664497,0,-1.229556686,4.407155598,-3.177263121
43.14,-64.97788059,0.05306996711,0.5962200918,0.3176651404,0,-1.229556832,4.407190013,-3.177264178
43.15,-64.97788445,0.05306999683,0.596219067,0.3176657826,0,-1.229556826,4.407224235,-3.177265335
43.16,-64.97788864,0.05307002429,0.5962180436,0.3176664234,0,-1.229556669,4.407258265,-3.177266591
43.17,-64.97789315,0.05307004949,0.5962170216,0.317667063,0,-1.229556361,4.407292103,-3.177267945
43.18,-64.97789799,0.05307007244,0.5962160009,0.3176677012,0,-1.229555903,4.407325749,-3.177269397
43.19,-64.97790316,0.05307009314,0.5962149817,0.3176683382,0,-1.229555295,4.407359203,-3.177270948
43.2,-64.97790865,0.05307011162,0.5962139639,0.3176689738,0,-1.229554539,4.407392465,-3.177272595
43.21,-64.97791446,0.05307012787,0.5962129475,0.3176696081,0,-1.229553635,4.407425536,-3.177274339
43.22,-64.9779206,0.0530701419,0.5962119325,0.3176702411,0,-1.229552583,4.407458415,-3.17727618
43.23,-64.97792706,0.05307015372,0.596210919,0.3176708728,0,-1.229551383,4.407491102,-3.177278117
43.24,-64.97793383,0.05307016335,0.5962099069,0.3176715031,0,-1.229550038,4.407523599,-3.17728015
43.25,-64.97794092,0.05307017079,0.5962088964,0.317672132,0,-1.229548547,4.407555904,-3.177282277
43.26,-64.97794833,0.05307017605,0.5962078873,0.3176727596,0,-1.22954691,4.407588019,-3.1772845
43.27,-64.97795606,0.05307017913,0.5962068797,0.3176733859,0,-1.229545129,4.407619943,-3.177286817
43.28,-64.97796409,0.05307018005,0.5962058736,0.3176740107,0,-1.229543204,4.407651676,-3.177289228
43.29,-64.97797244,0.05307017881,0.596204869,0.3176746342,0,-1.229541136,4.407683219,-3.177291732
43.3,-64.9779811,0.05307017543,0.596203866,0.3176752564,0,-1.229538925,4.407714572,-3.17729433
43.31,-64.97799007,0.05307016991,0.5962028645,0.3176758771,0,-1.229536571,4.407745735,-3.17729702
43.32,-64.97799934,0.05307016225,0.5962018645,0.3176764964,0,-1.229534077,4.407776708,-3.177299803
43.33,-64.97800892,0.05307015248,0.5962008661,0.3176771144,0,-1.229531441,4.407807491,-3.177302677
43.34,-64.97801881,0.0530701406,0.5961998693,0.3176777309,0,-1.229528665,4.407838084,-3.177305643
43.35,-64.978029,0.05307012661,0.5961988741,0.317678346,0,-1.229525749,4.407868488,-3.177308699
43.36,-64.97803949,0.05307011053,0.5961978804,0.3176789597,0,-1.229522694,4.407898703,-3.177311847
43.37,-64.97805028,0.05307009236,0.5961968884,0.317679572,0,-1.229519501,4.407928729,-3.177315084
43.38,-64.97806137,0.05307007211,0.596195898,0.3176801829,0,-1.22951617,4.407958566,-3.177318411
43.39,-64.97807276,0.0530700498,0.5961949092,0.3176807923,0,-1.229512702,4.407988215,-3.177321828
43.4,-64.97808444,0.05307002543,0.596193922,0.3176814003,0,-1.229509097,4.408017675,-3.177325333
43.41,-64.97809642,0.053069999,0.5961929365,0.3176820068,0,-1.229505356,4.408046947,-3.177328927
43.42,-64.9781087,0.05306997053,0.5961919526,0.3176826119,0,-1.22950148,4.408076031,-3.177332609
43.43,-64.97812126,0.05306994003,0.5961909704,0.3176832156,0,-1.229497468,4.408104927,-3.177336379
43.44,-64.97813412,0.0530699075,0.5961899899,0.3176838177,0,-1.229493323,4.408133636,-3.177340236
43.45,-64.97814726,0.05306987296,0.596189011,0.3176844184,0,-1.229489044,4.408162157,-3.177344179
43.46,-64.9781607,0.05306983641,0.5961880339,0.3176850177,0,-1.229484632,4.408190491,-3.177348209
43.47,-64.97817442,0.05306979786,0.5961870585,0.3176856154,0,-1.229480088,4.408218638,-3.177352325
43.48,-64.97818842,0.05306975732,0.5961860847,0.3176862117,0,-1.229475412,4.408246599,-3.177356526
43.49,-64.97820271,0.0530697148,0.5961851127,0.3176868065,0,-1.229470605,4.408274372,-3.177360813
43.5,-64.97821728,0.0530696703,0.5961841425,0.3176873998,0,-1.229465668,4.40830196,-3.177365184
43.51,-64.97823213,0.05306962384,0.5961831739,0.3176879915,0,-1.2294606,4.408329361,-3.177369639
43.52,-64.97824726,0.05306957543,0.5961822072,0.3176885818,0,-1.229455403,4.408356577,-3.177374178
43.53,-64.97826267,0.05306952507,0.5961812421,0.3176891706,0,-1.229450078,4.408383607,-3.177378801
43.54,-64.97827836,0.05306947277,0.5961802789,0.3176897579,0,-1.229444625,4.408410451,-3.177383507
43.55,-64.97829432,0.05306941854,0.5961793174,0.3176903436,0,-1.229439044,4.40843711,-3.177388295
43.56,-64.97831055,0.0530693624,0.5961783578,0.3176909278,0,-1.229433336,4.408463585,-3.177393165
43.57,-64.97832706,0.05306930434,0.5961773999,0.3176915105,0,-1.229427502,4.408489875,-3.177398117
43.58,-64.97834384,0.05306924438,0.5961764438,0.3176920917,0,-1.229421543,4.40851598,-3.177403151
43.59,-64.97836088,0.05306918252,0.5961754896,0.3176926713,0,-1.229415458,4.408541901,-3.177408265
43.6,-64.9783782,0.05306911878,0.5961745372,0.3176932494,0,-1.22940925,4.408567638,-3.17741346
43.61,-64.97839578,0.05306905316,0.5961735866,0.3176938259,0,-1.229402917,4.408593192,-3.177418734
43.62,-64.97841363,0.05306898568,0.5961726378,0.3176944009,0,-1.229396461,4.408618562,-3.177424089
43.63,-64.97843174,0.05306891633,0.5961716909,0.3176949743,0,-1.229389883,4.408643749,-3.177429522
43.64,-64.97845012,0.05306884514,0.5961707459,0.3176955461,0,-1.229383183,4.408668752,-3.177435035
43.65,-64.97846875,0.05306877211,0.5961698028,0.3176961164,0,-1.229376362,4.408693574,-3.177440625
43.66,-64.97848765,0.05306869724,0.5961688615,0.3176966851,0,-1.22936942,4.408718213,-3.177446294
43.67,-64.9785068,0.05306862055,0.5961679221,0.3176972523,0,-1.229362357,4.408742669,-3.17745204
43.68,-64.97852621,0.05306854204,0.5961669846,0.3176978178,0,-1.229355176,4.408766944,-3.177457863
43.69,-64.97854588,0.05306846173,0.596166049,0.3176983818,0,-1.229347875,4.408791037,-3.177463763
43.7,-64.9785658,0.05306837961,0.5961651153,0.3176989442,0,-1.229340457,4.408814949,-3.17746974
43.71,-64.97858597,0.05306829571,0.5961641835,0.317699505,0,-1.22933292,4.40883868,-3.177475792
43.72,-64.9786064,0.05306821003,0.5961632537,0.3177000642,0,-1.229325267,4.40886223,-3.177481919
43.73,-64.97862707,0.05306812258,0.5961623258,0.3177006218,0,-1.229317497,4.4088856,-3.177488122
43.74,-64.978648,0.05306803337,0.5961613998,0.3177011778,0,-1.229309611,4.408908789,-3.177494399
43.75,-64.97866917,0.0530679424,0.5961604758,0.3177017322,0,-1.229301611,4.408931799,-3.17750075
43.76,-64.97869059,0.05306784969,0.5961595538,0.3177022849,0,-1.229293495,4.408954629,-3.177507176
43.77,-64.97871225,0.05306775524,0.5961586337,0.3177028361,0,-1.229285266,4.408977279,-3.177513674
43.78,-64.97873415,0.05306765906,0.5961577156,0.3177033856,0,-1.229276923,4.40899975,-3.177520245
43.79,-64.9787563,0.05306756116,0.5961567995,0.3177039336,0,-1.229268468,4.409022043,-3.177526889
43.8,-64.97877868,0.05306746155,0.5961558853,0.3177044798,0,-1.229259901,4.409044157,-3.177533605
43.81,-64.97880131,0.05306736025,0.5961549732,0.3177050245,0,-1.229251222,4.409066093,-3.177540393
43.82,-64.97882417,0.05306725724,0.596154063,0.3177055675,0,-1.229242432,4.409087851,-3.177547252
43.83,-64.97884727,0.05306715256,0.5961531549,0.3177061089,0,-1.229233531,4.409109431,-3.177554182
43.84,-64.97887061,0.0530670462,0.5961522488,0.3177066486,0,-1.229224521,4.409130835,-3.177561182
43.85,-64.97889418,0.05306693817,0.5961513448,0.3177071867,0,-1.229215402,4.409152061,-3.177568253
43.86,-64.97891798,0.05306682849,0.5961504427,0.3177077232,0,-1.229206175,4.40917311,-3.177575393
43.87,-64.97894201,0.05306671715,0.5961495427,0.3177082579,0,-1.229196839,4.409193984,-3.177582602
43.88,-64.97896627,0.05306660418,0.5961486448,0.3177087911,0,-1.229187397,4.409214681,-3.17758988
43.89,-64.97899075,0.05306648957,0.5961477489,0.3177093225,0,-1.229177847,4.409235202,-3.177597226
43.9,-64.97901547,0.05306637334,0.596146855,0.3177098524,0,-1.229168192,4.409255548,-3.17760464
43.91,-64.97904041,0.0530662555,0.5961459633,0.3177103805,0,-1.229158431,4.409275719,-3.177612122
43.92,-64.97906557,0.05306613605,0.5961450736,0.317710907,0,-1.229148566,4.409295715,-3.177619671
43.93,-64.97909096,0.053066015,0.596144186,0.3177114318,0,-1.229138596,4.409315537,-3.177627287
43.94,-64.97911656,0.05306589237,0.5961433005,0.3177119549,0,-1.229128522,4.409335184,-3.177634969
43.95,-64.97914239,0.05306576815,0.5961424171,0.3177124763,0,-1.229118345,4.409354658,-3.177642717
43.96,-64.97916843,0.05306564237,0.5961415357,0.3177129961,0,-1.229108066,4.409373958,-3.17765053
43.97,-64.9791947,0.05306551502,0.5961406565,0.3177135141,0,-1.229097686,4.409393085,-3.177658409
43.98,-64.97922117,0.05306538612,0.5961397794,0.3177140305,0,-1.229087204,4.409412039,-3.177666352
43.99,-64.97924787,0.05306525568,0.5961389045,0.3177145452,0,-1.229076621,4.409430821,-3.17767436
44,-64.97927477,0.05306512369,0.5961380316,0.3177150582,0,-1.229065938,4.409449431,-3.177682431
44.01,-64.97930189,0.05306499018,0.5961371609,0.3177155695,0,-1.229055156,4.409467869,-3.177690566
44.02,-64.97932921,0.05306485515,0.5961362923,0.3177160791,0,-1.229044275,4.409486135,-3.177698764
44.03,-64.97935675,0.05306471861,0.5961354259,0.317716587,0,-1.229033296,4.40950423,-3.177707024
44.04,-64.97938449,0.05306458057,0.5961345616,0.3177170932,0,-1.229022219,4.409522155,-3.177715347
44.05,-64.97941244,0.05306444104,0.5961336995,0.3177175977,0,-1.229011045,4.409539909,-3.177723732
44.06,-64.97944059,0.05306430002,0.5961328396,0.3177181005,0,-1.228999775,4.409557493,-3.177732178
44.07,-64.97946895,0.05306415753,0.5961319818,0.3177186015,0,-1.228988409,4.409574907,-3.177740685
44.08,-64.97949751,0.05306401356,0.5961311262,0.3177191009,0,-1.228976948,4.409592152,-3.177749253
44.09,-64.97952627,0.05306386814,0.5961302728,0.3177195985,0,-1.228965392,4.409609228,-3.177757881
44.1,-64.97955523,0.05306372127,0.5961294215,0.3177200944,0,-1.228953742,4.409626135,-3.177766568
44.11,-64.97958438,0.05306357296,0.5961285725,0.3177205886,0,-1.228941999,4.409642874,-3.177775315
44.12,-64.97961374,0.05306342322,0.5961277257,0.317721081,0,-1.228930163,4.409659444,-3.177784121
44.13,-64.97964329,0.05306327205,0.596126881,0.3177215718,0,-1.228918234,4.409675848,-3.177792986
44.14,-64.97967303,0.05306311946,0.5961260386,0.3177220608,0,-1.228906214,4.409692084,-3.177801909
44.15,-64.97970297,0.05306296547,0.5961251984,0.317722548,0,-1.228894103,4.409708153,-3.17781089
44.16,-64.97973309,0.05306281008,0.5961243604,0.3177230335,0,-1.228881901,4.409724055,-3.177819928
44.17,-64.97976341,0.0530626533,0.5961235246,0.3177235173,0,-1.22886961,4.409739792,-3.177829023
44.18,-64.97979392,0.05306249514,0.5961226911,0.3177239994,0,-1.228857229,4.409755362,-3.177838175
44.19,-64.97982461,0.0530623356,0.5961218598,0.3177244797,0,-1.228844759,4.409770767,-3.177847383
44.2,-64.97985549,0.0530621747,0.5961210307,0.3177249583,0,-1.228832202,4.409786008,-3.177856646
44.21,-64.97988655,0.05306201244,0.5961202039,0.3177254351,0,-1.228819557,4.409801083,-3.177865965
44.22,-64.9799178,0.05306184884,0.5961193793,0.3177259102,0,-1.228806825,4.409815994,-3.17787534
44.23,-64.97994923,0.0530616839,0.596118557,0.3177263835,0,-1.228794006,4.409830742,-3.177884768
44.24,-64.97998084,0.05306151762,0.596117737,0.3177268551,0,-1.228781102,4.409845325,-3.177894251
44.25,-64.98001263,0.05306135003,0.5961169192,0.3177273249,0,-1.228768113,4.409859746,-3.177903788
44.26,-64.98004459,0.05306118112,0.5961161037,0.317727793,0,-1.228755039,4.409874004,-3.177913378
44.27,-64.98007674,0.0530610109,0.5961152904,0.3177282593,0,-1.228741881,4.409888099,-3.177923021
44.28,-64.98010906,0.05306083939,0.5961144794,0.3177287238,0,-1.228728639,4.409902033,-3.177932717
44.29,-64.98014155,0.05306066659,0.5961136708,0.3177291866,0,-1.228715315,4.409915805,-3.177942465
44.3,-64.98017422,0.05306049251,0.5961128644,0.3177296476,0,-1.228701909,4.409929415,-3.177952265
44.31,-64.98020706,0.05306031716,0.5961120603,0.3177301069,0,-1.228688421,4.409942865,-3.177962117
44.32,-64.98024006,0.05306014054,0.5961112584,0.3177305644,0,-1.228674852,4.409956154,-3.177972019
44.33,-64.98027324,0.05305996267,0.5961104589,0.3177310201,0,-1.228661202,4.409969283,-3.177981972
44.34,-64.98030659,0.05305978356,0.5961096617,0.3177314741,0,-1.228647472,4.409982253,-3.177991976
44.35,-64.9803401,0.05305960321,0.5961088668,0.3177319263,0,-1.228633663,4.409995063,-3.178002029
44.36,-64.98037377,0.05305942162,0.5961080743,0.3177323767,0,-1.228619776,4.410007715,-3.178012132
44.37,-64.98040761,0.05305923882,0.596107284,0.3177328254,0,-1.22860581,4.410020207,-3.178022284
44.38,-64.98044161,0.0530590548,0.5961064961,0.3177332723,0,-1.228591766,4.410032542,-3.178032484
44.39,-64.98047578,0.05305886958,0.5961057104,0.3177337174,0,-1.228577646,4.410044719,-3.178042733
44.4,-64.9805101,0.05305868316,0.5961049271,0.3177341607,0,-1.228563449,4.410056739,-3.17805303
44.41,-64.98054458,0.05305849556,0.5961041462,0.3177346023,0,-1.228549176,4.410068602,-3.178063375
44.42,-64.98057922,0.05305830677,0.5961033676,0.3177350421,0,-1.228534827,4.410080309,-3.178073766
44.43,-64.98061402,0.05305811681,0.5961025913,0.3177354801,0,-1.228520404,4.410091859,-3.178084205
44.44,-64.98064897,0.05305792569,0.5961018174,0.3177359163,0,-1.228505907,4.410103254,-3.17809469
44.45,-64.98068407,0.05305773342,0.5961010458,0.3177363507,0,-1.228491336,4.410114494,-3.178105221
44.46,-64.98071932,0.05305754,0.5961002765,0.3177367834,0,-1.228476692,4.410125578,-3.178115797
44.47,-64.98075473,0.05305734544,0.5960995096,0.3177372142,0,-1.228461976,4.410136508,-3.178126419
44.48,-64.98079029,0.05305714975,0.5960987451,0.3177376433,0,-1.228447188,4.410147285,-3.178137086
44.49,-64.98082599,0.05305695294,0.5960979829,0.3177380706,0,-1.228432328,4.410157907,-3.178147797
44.5,-64.98086184,0.05305675502,0.5960972231,0.3177384961,0,-1.228417398,4.410168377,-3.178158552
44.51,-64.98089784,0.05305655599,0.5960964657,0.3177389198,0,-1.228402397,4.410178693,-3.178169351
44.52,-64.98093398,0.05305635586,0.5960957106,0.3177393418,0,-1.228387327,4.410188858,-3.178180194
44.53,-64.98097026,0.05305615464,0.5960949579,0.3177397619,0,-1.228372188,4.41019887,-3.178191079
44.54,-64.98100669,0.05305595235,0.5960942076,0.3177401803,0,-1.22835698,4.410208731,-3.178202007
44.55,-64.98104326,0.05305574898,0.5960934597,0.3177405969,0,-1.228341704,4.410218441,-3.178212978
44.56,-64.98107997,0.05305554454,0.5960927141,0.3177410116,0,-1.228326361,4.410228,-3.17822399
44.57,-64.98111681,0.05305533905,0.596091971,0.3177414246,0,-1.228310951,4.410237409,-3.178235043
44.58,-64.98115379,0.05305513252,0.5960912302,0.3177418358,0,-1.228295474,4.410246668,-3.178246138
44.59,-64.98119091,0.05305492494,0.5960904918,0.3177422452,0,-1.228279932,4.410255777,-3.178257274
44.6,-64.98122817,0.05305471633,0.5960897558,0.3177426528,0,-1.228264325,4.410264738,-3.17826845
44.61,-64.98126555,0.05305450669,0.5960890222,0.3177430586,0,-1.228248653,4.41027355,-3.178279665
44.62,-64.98130307,0.05305429604,0.596088291,0.3177434627,0,-1.228232917,4.410282214,-3.178290921
44.63,-64.98134072,0.05305408438,0.5960875622,0.3177438649,0,-1.228217118,4.41029073,-3.178302215
44.64,-64.9813785,0.05305387172,0.5960868359,0.3177442653,0,-1.228201255,4.410299099,-3.178313549
44.65,-64.9814164,0.05305365807,0.5960861119,0.317744664,0,-1.22818533,4.410307321,-3.178324921
44.66,-64.98145444,0.05305344344,0.5960853903,0.3177450608,0,-1.228169344,4.410315397,-3.178336331
44.67,-64.9814926,0.05305322783,0.5960846711,0.3177454559,0,-1.228153296,4.410323327,-3.178347779
44.68,-64.98153088,0.05305301125,0.5960839544,0.3177458491,0,-1.228137187,4.410331111,-3.178359265
44.69,-64.98156929,0.05305279371,0.5960832401,0.3177462406,0,-1.228121018,4.410338751,-3.178370787
44.7,-64.98160782,0.05305257522,0.5960825281,0.3177466302,0,-1.228104789,4.410346245,-3.178382346
44.71,-64.98164647,0.05305235579,0.5960818187,0.3177470181,0,-1.228088502,4.410353596,-3.178393942
44.72,-64.98168524,0.05305213542,0.5960811116,0.3177474041,0,-1.228072155,4.410360802,-3.178405573
44.73,-64.98172413,0.05305191412,0.5960804069,0.3177477884,0,-1.228055751,4.410367866,-3.17841724
44.74,-64.98176314,0.0530516919,0.5960797047,0.3177481709,0,-1.228039289,4.410374786,-3.178428942
44.75,-64.98180226,0.05305146877,0.5960790049,0.3177485516,0,-1.22802277,4.410381564,-3.178440679
44.76,-64.9818415,0.05305124473,0.5960783076,0.3177489304,0,-1.228006195,4.4103882,-3.178452451
44.77,-64.98188085,0.0530510198,0.5960776127,0.3177493075,0,-1.227989564,4.410394694,-3.178464256
44.78,-64.98192032,0.05305079398,0.5960769202,0.3177496828,0,-1.227972877,4.410401048,-3.178476096
44.79,-64.9819599,0.05305056728,0.5960762301,0.3177500563,0,-1.227956136,4.41040726,-3.178487969
44.8,-64.98199958,0.0530503397,0.5960755425,0.317750428,0,-1.22793934,4.410413332,-3.178499875
44.81,-64.98203938,0.05305011126,0.5960748573,0.3177507979,0,-1.227922491,4.410419265,-3.178511813
44.82,-64.98207928,0.05304988196,0.5960741746,0.317751166,0,-1.227905588,4.410425058,-3.178523784
44.83,-64.98211929,0.05304965182,0.5960734943,0.3177515323,0,-1.227888633,4.410430713,-3.178535787
44.84,-64.98215941,0.05304942083,0.5960728164,0.3177518968,0,-1.227871626,4.410436229,-3.178547822
44.85,-64.98219963,0.053049189,0.596072141,0.3177522595,0,-1.227854567,4.410441607,-3.178559888
44.86,-64.98223995,0.05304895635,0.5960714681,0.3177526205,0,-1.227837457,4.410446847,-3.178571985
44.87,-64.98228037,0.05304872288,0.5960707976,0.3177529796,0,-1.227820296,4.410451951,-3.178584112
44.88,-64.9823209,0.0530484886,0.5960701295,0.3177533369,0,-1.227803085,4.410456917,-3.17859627
44.89,-64.98236152,0.05304825351,0.5960694639,0.3177536925,0,-1.227785825,4.410461748,-3.178608457
44.9,-64.98240225,0.05304801763,0.5960688007,0.3177540462,0,-1.227768516,4.410466443,-3.178620675
44.91,-64.98244307,0.05304778096,0.59606814,0.3177543982,0,-1.227751158,4.410471003,-3.178632921
44.92,-64.98248399,0.05304754351,0.5960674818,0.3177547484,0,-1.227733752,4.410475427,-3.178645196
44.93,-64.982525,0.05304730529,0.596066826,0.3177550967,0,-1.227716299,4.410479718,-3.1786575
44.94,-64.9825661,0.0530470663,0.5960661727,0.3177554433,0,-1.227698799,4.410483875,-3.178669831
44.95,-64.9826073,0.05304682656,0.5960655218,0.3177557881,0,-1.227681253,4.410487898,-3.178682191
44.96,-64.98264859,0.05304658606,0.5960648733,0.3177561311,0,-1.227663661,4.410491788,-3.178694578
44.97,-64.98268997,0.05304634482,0.5960642274,0.3177564723,0,-1.227646023,4.410495546,-3.178706992
44.98,-64.98273144,0.05304610285,0.5960635839,0.3177568118,0,-1.227628341,4.410499171,-3.178719433
44.99,-64.982773,0.05304586015,0.5960629428,0.3177571494,0,-1.227610614,4.410502665,-3.1787319
45,-64.98281465,0.05304561672,0.5960623042,0.3177574853,0,-1.227592843,4.410506028,-3.178744394
45.01,-64.98285638,0.05304537259,0.5960616681,0.3177578194,0,-1.227575029,4.410509261,-3.178756913
45.02,-64.98289819,0.05304512775,0.5960610345,0.3177581517,0,-1.227557173,4.410512363,-3.178769458
45.03,-64.98294009,0.05304488221,0.5960604033,0.3177584822,0,-1.227539274,4.410515335,-3.178782027
45.04,-64.98298207,0.05304463598,0.5960597745,0.3177588109,0,-1.227521333,4.410518178,-3.178794622
45.05,-64.98302414,0.05304438907,0.5960591483,0.3177591379,0,-1.227503351,4.410520893,-3.178807241
45.06,-64.98306628,0.05304414148,0.5960585245,0.317759463,0,-1.227485328,4.410523479,-3.178819883
45.07,-64.9831085,0.05304389323,0.5960579031,0.3177597864,0,-1.227467264,4.410525937,-3.17883255
45.08,-64.9831508,0.05304364431,0.5960572842,0.317760108,0,-1.227449161,4.410528267,-3.17884524
45.09,-64.98319318,0.05304339474,0.5960566678,0.3177604279,0,-1.227431019,4.410530471,-3.178857953
45.1,-64.98323563,0.05304314453,0.5960560539,0.3177607459,0,-1.227412838,4.410532548,-3.178870689
45.11,-64.98327816,0.05304289367,0.5960554424,0.3177610622,0,-1.227394619,4.410534499,-3.178883447
45.12,-64.98332076,0.05304264219,0.5960548334,0.3177613767,0,-1.227376362,4.410536325,-3.178896227
45.13,-64.98336343,0.05304239008,0.5960542268,0.3177616895,0,-1.227358067,4.410538026,-3.178909029
45.14,-64.98340618,0.05304213735,0.5960536228,0.3177620004,0,-1.227339736,4.410539602,-3.178921853
45.15,-64.98344899,0.05304188401,0.5960530211,0.3177623096,0,-1.227321369,4.410541054,-3.178934697
45.16,-64.98349188,0.05304163008,0.596052422,0.3177626171,0,-1.227302965,4.410542382,-3.178947563
45.17,-64.98353483,0.05304137554,0.5960518253,0.3177629227,0,-1.227284526,4.410543587,-3.178960448
45.18,-64.98357785,0.05304112042,0.5960512311,0.3177632266,0,-1.227266053,4.410544669,-3.178973354
45.19,-64.98362093,0.05304086471,0.5960506393,0.3177635287,0,-1.227247545,4.410545629,-3.17898628
45.2,-64.98366408,0.05304060844,0.59605005,0.3177638291,0,-1.227229003,4.410546468,-3.178999225
45.21,-64.9837073,0.05304035159,0.5960494632,0.3177641277,0,-1.227210428,4.410547185,-3.179012189
45.22,-64.98375057,0.05304009419,0.5960488789,0.3177644246,0,-1.22719182,4.410547781,-3.179025172
45.23,-64.98379391,0.05303983623,0.596048297,0.3177647197,0,-1.22717318,4.410548257,-3.179038174
45.24,-64.98383731,0.05303957773,0.5960477175,0.317765013,0,-1.227154507,4.410548613,-3.179051194
45.25,-64.98388077,0.05303931869,0.5960471406,0.3177653046,0,-1.227135803,4.410548849,-3.179064231
45.26,-64.98392429,0.05303905912,0.5960465661,0.3177655944,0,-1.227117069,4.410548967,-3.179077286
45.27,-64.98396786,0.05303879902,0.596045994,0.3177658824,0,-1.227098303,4.410548966,-3.179090359
45.28,-64.98401149,0.05303853841,0.5960454245,0.3177661688,0,-1.227079508,4.410548847,-3.179103448
45.29,-64.98405518,0.05303827729,0.5960448574,0.3177664533,0,-1.227060683,4.410548611,-3.179116554
45.3,-64.98409892,0.05303801566,0.5960442927,0.3177667362,0,-1.227041829,4.410548257,-3.179129676
45.31,-64.98414271,0.05303775354,0.5960437305,0.3177670172,0,-1.227022946,4.410547787,-3.179142814
45.32,-64.98418656,0.05303749093,0.5960431708,0.3177672966,0,-1.227004036,4.410547201,-3.179155968
45.33,-64.98423046,0.05303722783,0.5960426135,0.3177675742,0,-1.226985097,4.4105465,-3.179169138
45.34,-64.98427441,0.05303696426,0.5960420587,0.31776785,0,-1.226966131,4.410545683,-3.179182322
45.35,-64.9843184,0.05303670022,0.5960415063,0.3177681241,0,-1.226947139,4.410544752,-3.179195521
45.36,-64.98436245,0.05303643572,0.5960409564,0.3177683965,0,-1.22692812,4.410543706,-3.179208734
45.37,-64.98440654,0.05303617077,0.596040409,0.3177686671,0,-1.226909076,4.410542547,-3.179221962
45.38,-64.98445068,0.05303590537,0.596039864,0.317768936,0,-1.226890006,4.410541274,-3.179235203
45.39,-64.98449486,0.05303563952,0.5960393214,0.3177692032,0,-1.226870911,4.410539889,-3.179248458
45.4,-64.98453909,0.05303537324,0.5960387813,0.3177694686,0,-1.226851792,4.410538392,-3.179261726
45.41,-64.98458336,0.05303510653,0.5960382437,0.3177697323,0,-1.226832649,4.410536782,-3.179275007
45.42,-64.98462767,0.0530348394,0.5960377085,0.3177699943,0,-1.226813482,4.410535062,-3.179288301
45.43,-64.98467202,0.05303457186,0.5960371758,0.3177702546,0,-1.226794292,4.410533231,-3.179301607
45.44,-64.98471642,0.05303430391,0.5960366455,0.3177705131,0,-1.22677508,4.410531289,-3.179314925
45.45,-64.98476085,0.05303403556,0.5960361176,0.31777077,0,-1.226755845,4.410529237,-3.179328254
45.46,-64.98480532,0.05303376681,0.5960355922,0.3177710251,0,-1.226736589,4.410527076,-3.179341596
45.47,-64.98484983,0.05303349768,0.5960350693,0.3177712785,0,-1.226717311,4.410524806,-3.179354948
45.48,-64.98489437,0.05303322817,0.5960345488,0.3177715301,0,-1.226698013,4.410522428,-3.179368311
45.49,-64.98493895,0.05303295828,0.5960340307,0.3177717801,0,-1.226678694,4.410519942,-3.179381684
45.5,-64.98498356,0.05303268802,0.5960335151,0.3177720284,0,-1.226659356,4.410517348,-3.179395068
45.51,-64.98502821,0.0530324174,0.5960330019,0.3177722749,0,-1.226639997,4.410514647,-3.179408462
45.52,-64.98507288,0.05303214643,0.5960324911,0.3177725198,0,-1.22662062,4.41051184,-3.179421865
45.53,-64.98511759,0.05303187511,0.5960319828,0.3177727629,0,-1.226601224,4.410508927,-3.179435278
45.54,-64.98516233,0.05303160345,0.5960314769,0.3177730044,0,-1.22658181,4.410505908,-3.179448699
45.55,-64.9852071,0.05303133145,0.5960309734,0.3177732441,0,-1.226562379,4.410502784,-3.17946213
45.56,-64.9852519,0.05303105912,0.5960304724,0.3177734821,0,-1.22654293,4.410499556,-3.179475569
45.57,-64.98529672,0.05303078648,0.5960299738,0.3177737185,0,-1.226523464,4.410496223,-3.179489016
45.58,-64.98534157,0.05303051351,0.5960294776,0.3177739532,0,-1.226503982,4.410492787,-3.179502471
45.59,-64.98538645,0.05303024024,0.5960289839,0.3177741862,0,-1.226484483,4.410489248,-3.179515934
45.6,-64.98543135,0.05302996666,0.5960284926,0.3177744174,0,-1.226464969,4.410485606,-3.179529404
45.61,-64.98547627,0.05302969279,0.5960280036,0.3177746471,0,-1.22644544,4.410481862,-3.179542881
45.62,-64.98552122,0.05302941862,0.5960275172,0.317774875,0,-1.226425897,4.410478016,-3.179556365
45.63,-64.98556619,0.05302914418,0.5960270331,0.3177751012,0,-1.226406339,4.410474069,-3.179569856
45.64,-64.98561118,0.05302886945,0.5960265514,0.3177753258,0,-1.226386767,4.410470021,-3.179583353
45.65,-64.98565618,0.05302859446,0.5960260722,0.3177755487,0,-1.226367182,4.410465873,-3.179596855
45.66,-64.98570121,0.05302831919,0.5960255954,0.3177757699,0,-1.226347583,4.410461625,-3.179610363
45.67,-64.98574626,0.05302804367,0.5960251209,0.3177759895,0,-1.226327972,4.410457278,-3.179623877
45.68,-64.98579132,0.0530277679,0.5960246489,0.3177762074,0,-1.226308349,4.410452832,-3.179637396
45.69,-64.9858364,0.05302749188,0.5960241793,0.3177764236,0,-1.226288715,4.410448287,-3.17965092
45.7,-64.98588149,0.05302721562,0.5960237121,0.3177766382,0,-1.226269068,4.410443645,-3.179664448
45.71,-64.9859266,0.05302693913,0.5960232473,0.3177768511,0,-1.226249411,4.410438906,-3.17967798
45.72,-64.98597172,0.05302666241,0.5960227849,0.3177770623,0,-1.226229744,4.410434069,-3.179691517
45.73,-64.98601686,0.05302638546,0.5960223249,0.3177772719,0,-1.226210066,4.410429136,-3.179705057
45.74,-64.986062,0.05302610831,0.5960218673,0.3177774799,0,-1.226190379,4.410424107,-3.179718601
45.75,-64.98610716,0.05302583094,0.5960214121,0.3177776862,0,-1.226170682,4.410418983,-3.179732148
45.76,-64.98615233,0.05302555337,0.5960209592,0.3177778908,0,-1.226150976,4.410413764,-3.179745698
45.77,-64.9861975,0.0530252756,0.5960205088,0.3177780939,0,-1.226131262,4.41040845,-3.17975925
45.78,-64.98624268,0.05302499764,0.5960200607,0.3177782952,0,-1.22611154,4.410403042,-3.179772805
45.79,-64.98628787,0.05302471949,0.596019615,0.317778495,0,-1.22609181,4.410397541,-3.179786362
45.8,-64.98633307,0.05302444117,0.5960191717,0.3177786931,0,-1.226072073,4.410391947,-3.179799921
45.81,-64.98637827,0.05302416267,0.5960187308,0.3177788896,0,-1.226052329,4.41038626,-3.179813482
45.82,-64.98642348,0.053023884,0.5960182922,0.3177790844,0,-1.226032579,4.410380481,-3.179827044
45.83,-64.98646869,0.05302360517,0.596017856,0.3177792776,0,-1.226012822,4.41037461,-3.179840607
45.84,-64.9865139,0.05302332619,0.5960174222,0.3177794692,0,-1.22599306,4.410368648,-3.179854171
45.85,-64.98655912,0.05302304706,0.5960169908,0.3177796592,0,-1.225973293,4.410362595,-3.179867735
45.86,-64.98660433,0.05302276778,0.5960165617,0.3177798476,0,-1.22595352,4.410356453,-3.1798813
45.87,-64.98664955,0.05302248836,0.596016135,0.3177800343,0,-1.225933744,4.41035022,-3.179894865
45.88,-64.98669477,0.05302220882,0.5960157106,0.3177802195,0,-1.225913963,4.410343899,-3.17990843
45.89,-64.98673998,0.05302192914,0.5960152886,0.317780403,0,-1.225894178,4.410337488,-3.179921994
45.9,-64.98678519,0.05302164935,0.5960148689,0.3177805849,0,-1.22587439,4.410330989,-3.179935558
45.91,-64.9868304,0.05302136944,0.5960144516,0.3177807653,0,-1.225854599,4.410324403,-3.17994912
45.92,-64.98687561,0.05302108942,0.5960140366,0.317780944,0,-1.225834805,4.410317729,-3.179962682
45.93,-64.98692081,0.05302080929,0.596013624,0.3177811211,0,-1.225815009,4.410310968,-3.179976242
45.94,-64.986966,0.05302052907,0.5960132137,0.3177812967,0,-1.225795212,4.410304121,-3.1799898
45.95,-64.98701119,0.05302024876,0.5960128058,0.3177814706,0,-1.225775413,4.410297188,-3.180003356
45.96,-64.98705637,0.05301996836,0.5960124002,0.317781643,0,-1.225755613,4.41029017,-3.18001691
45.97,-64.98710154,0.05301968788,0.5960119969,0.3177818137,0,-1.225735812,4.410283066,-3.180030462
45.98,-64.9871467,0.05301940733,0.5960115959,0.317781983,0,-1.225716011,4.410275878,-3.180044011
45.99,-64.98719186,0.0530191267,0.5960111973,0.3177821506,0,-1.22569621,4.410268607,-3.180057557
46,-64.987237,0.05301884601,0.596010801,0.3177823166,0,-1.225676409,4.410261251,-3.1800711
46.01,-64.98728213,0.05301856527,0.596010407,0.3177824811,0,-1.225656609,4.410253813,-3.180084639
46.02,-64.98732725,0.05301828446,0.5960100153,0.317782644,0,-1.225636811,4.410246292,-3.180098175
46.03,-64.98737236,0.05301800362,0.596009626,0.3177828054,0,-1.225617014,4.410238688,-3.180111707
46.04,-64.98741745,0.05301772273,0.5960092389,0.3177829652,0,-1.225597218,4.410231004,-3.180125235
46.05,-64.98746253,0.0530174418,0.5960088542,0.3177831234,0,-1.225577425,4.410223238,-3.180138758
46.06,-64.98750759,0.05301716084,0.5960084717,0.3177832801,0,-1.225557635,4.410215391,-3.180152277
46.07,-64.98755264,0.05301687986,0.5960080916,0.3177834352,0,-1.225537848,4.410207464,-3.180165791
46.08,-64.98759767,0.05301659885,0.5960077138,0.3177835888,0,-1.225518064,4.410199458,-3.1801793
46.09,-64.98764268,0.05301631783,0.5960073382,0.3177837408,0,-1.225498283,4.410191372,-3.180192804
46.1,-64.98768767,0.0530160368,0.5960069649,0.3177838913,0,-1.225478507,4.410183207,-3.180206302
46.11,-64.98773265,0.05301575577,0.5960065939,0.3177840402,0,-1.225458735,4.410174964,-3.180219794
46.12,-64.9877776,0.05301547474,0.5960062252,0.3177841877,0,-1.225438968,4.410166643,-3.18023328
46.13,-64.98782253,0.05301519371,0.5960058588,0.3177843336,0,-1.225419206,4.410158245,-3.18024676
46.14,-64.98786745,0.0530149127,0.5960054947,0.3177844779,0,-1.22539945,4.410149769,-3.180260234
46.15,-64.98791234,0.0530146317,0.5960051328,0.3177846208,0,-1.225379699,4.410141218,-3.180273701
46.16,-64.9879572,0.05301435072,0.5960047732,0.3177847621,0,-1.225359954,4.41013259,-3.180287161
46.17,-64.98800204,0.05301406977,0.5960044158,0.3177849019,0,-1.225340216,4.410123887,-3.180300613
46.18,-64.98804686,0.05301378886,0.5960040608,0.3177850402,0,-1.225320485,4.410115108,-3.180314059
46.19,-64.98809166,0.05301350798,0.5960037079,0.3177851769,0,-1.225300761,4.410106255,-3.180327497
46.2,-64.98813642,0.05301322714,0.5960033574,0.3177853122,0,-1.225281045,4.410097328,-3.180340927
46.21,-64.98818116,0.05301294635,0.596003009,0.317785446,0,-1.225261336,4.410088328,-3.180354349
46.22,-64.98822588,0.05301266562,0.596002663,0.3177855782,0,-1.225241636,4.410079254,-3.180367763
46.23,-64.98827056,0.05301238494,0.5960023191,0.317785709,0,-1.225221944,4.410070107,-3.180381168
46.24,-64.98831521,0.05301210433,0.5960019775,0.3177858383,0,-1.225202261,4.410060888,-3.180394564
46.25,-64.98835984,0.05301182378,0.5960016381,0.3177859661,0,-1.225182587,4.410051597,-3.180407952
46.26,-64.98840444,0.0530115433,0.596001301,0.3177860924,0,-1.225162923,4.410042235,-3.180421331
46.27,-64.988449,0.05301126291,0.5960009661,0.3177862172,0,-1.225143268,4.410032802,-3.1804347
46.28,-64.98849353,0.0530109826,0.5960006334,0.3177863405,0,-1.225123624,4.410023299,-3.18044806
46.29,-64.98853803,0.05301070237,0.5960003029,0.3177864624,0,-1.22510399,4.410013726,-3.18046141
46.3,-64.9885825,0.05301042224,0.5959999747,0.3177865828,0,-1.225084367,4.410004083,-3.18047475
46.31,-64.98862693,0.0530101422,0.5959996486,0.3177867017,0,-1.225064756,4.409994371,-3.180488079
46.32,-64.98867133,0.05300986227,0.5959993248,0.3177868192,0,-1.225045156,4.409984591,-3.180501399
46.33,-64.98871569,0.05300958245,0.5959990032,0.3177869352,0,-1.225025567,4.409974742,-3.180514708
46.34,-64.98876002,0.05300930274,0.5959986837,0.3177870497,0,-1.225005991,4.409964826,-3.180528005
46.35,-64.98880431,0.05300902314,0.5959983665,0.3177871628,0,-1.224986427,4.409954842,-3.180541292
46.36,-64.98884856,0.05300874367,0.5959980514,0.3177872745,0,-1.224966876,4.409944792,-3.180554568
46.37,-64.98889277,0.05300846432,0.5959977386,0.3177873847,0,-1.224947338,4.409934676,-3.180567832
46.38,-64.98893695,0.05300818511,0.5959974279,0.3177874935,0,-1.224927813,4.409924493,-3.180581085
46.39,-64.98898109,0.05300790603,0.5959971194,0.3177876008,0,-1.224908302,4.409914246,-3.180594326
46.4,-64.98902518,0.05300762709,0.595996813,0.3177877067,0,-1.224888806,4.409903933,-3.180607555
46.41,-64.98906924,0.0530073483,0.5959965089,0.3177878111,0,-1.224869323,4.409893556,-3.180620771
46.42,-64.98911325,0.05300706966,0.5959962069,0.3177879141,0,-1.224849855,4.409883115,-3.180633975
46.43,-64.98915722,0.05300679117,0.595995907,0.3177880158,0,-1.224830402,4.409872611,-3.180647167
46.44,-64.98920115,0.05300651284,0.5959956093,0.3177881159,0,-1.224810964,4.409862043,-3.180660346
46.45,-64.98924504,0.05300623468,0.5959953138,0.3177882147,0,-1.224791542,4.409851412,-3.180673511
46.46,-64.98928888,0.05300595668,0.5959950204,0.3177883121,0,-1.224772136,4.40984072,-3.180686664
46.47,-64.98933268,0.05300567886,0.5959947292,0.317788408,0,-1.224752745,4.409829966,-3.180699803
46.48,-64.98937643,0.05300540121,0.5959944401,0.3177885026,0,-1.224733372,4.40981915,-3.180712928
46.49,-64.98942013,0.05300512375,0.5959941531,0.3177885957,0,-1.224714014,4.409808273,-3.18072604
46.5,-64.98946379,0.05300484647,0.5959938683,0.3177886875,0,-1.224694674,4.409797337,-3.180739137
46.51,-64.9895074,0.05300456939,0.5959935856,0.3177887778,0,-1.224675352,4.40978634,-3.180752221
46.52,-64.98955097,0.0530042925,0.595993305,0.3177888668,0,-1.224656046,4.409775283,-3.18076529
46.53,-64.98959448,0.05300401581,0.5959930265,0.3177889544,0,-1.224636759,4.409764168,-3.180778344
46.54,-64.98963795,0.05300373932,0.5959927502,0.3177890406,0,-1.22461749,4.409752994,-3.180791384
46.55,-64.98968136,0.05300346305,0.5959924759,0.3177891254,0,-1.224598239,4.409741762,-3.180804409
46.56,-64.98972473,0.05300318698,0.5959922038,0.3177892089,0,-1.224579008,4.409730472,-3.180817419
46.57,-64.98976804,0.05300291114,0.5959919337,0.317789291,0,-1.224559795,4.409719125,-3.180830413
46.58,-64.98981131,0.05300263551,0.5959916658,0.3177893717,0,-1.224540601,4.409707721,-3.180843392
46.59,-64.98985452,0.05300236012,0.5959913999,0.3177894511,0,-1.224521427,4.40969626,-3.180856356
46.6,-64.98989768,0.05300208495,0.5959911361,0.3177895291,0,-1.224502273,4.409684744,-3.180869303
46.61,-64.98994078,0.05300181002,0.5959908744,0.3177896057,0,-1.22448314,4.409673172,-3.180882235
46.62,-64.98998383,0.05300153532,0.5959906148,0.3177896811,0,-1.224464026,4.409661545,-3.18089515
46.63,-64.99002683,0.05300126087,0.5959903572,0.317789755,0,-1.224444934,4.409649863,-3.180908049
46.64,-64.99006977,0.05300098667,0.5959901018,0.3177898276,0,-1.224425862,4.409638127,-3.180920931
46.65,-64.99011266,0.05300071271,0.5959898483,0.3177898989,0,-1.224406811,4.409626338,-3.180933797
46.66,-64.99015548,0.05300043902,0.595989597,0.3177899689,0,-1.224387783,4.409614495,-3.180946645
46.67,-64.99019826,0.05300016558,0.5959893477,0.3177900375,0,-1.224368775,4.409602599,-3.180959477
46.68,-64.99024097,0.0529998924,0.5959891004,0.3177901048,0,-1.22434979,4.409590651,-3.180972291
46.69,-64.99028363,0.0529996195,0.5959888552,0.3177901708,0,-1.224330828,4.409578651,-3.180985088
46.7,-64.99032623,0.05299934686,0.595988612,0.3177902354,0,-1.224311888,4.409566599,-3.180997868
46.71,-64.99036876,0.0529990745,0.5959883708,0.3177902988,0,-1.22429297,4.409554496,-3.181010629
46.72,-64.99041124,0.05299880242,0.5959881317,0.3177903608,0,-1.224274076,4.409542342,-3.181023373
46.73,-64.99045366,0.05299853063,0.5959878946,0.3177904215,0,-1.224255205,4.409530139,-3.181036099
46.74,-64.99049602,0.05299825912,0.5959876595,0.317790481,0,-1.224236358,4.409517885,-3.181048806
46.75,-64.99053832,0.05299798791,0.5959874265,0.3177905391,0,-1.224217535,4.409505582,-3.181061495
46.76,-64.99058055,0.05299771699,0.5959871954,0.317790596,0,-1.224198736,4.409493229,-3.181074165
46.77,-64.99062272,0.05299744637,0.5959869663,0.3177906515,0,-1.224179961,4.409480829,-3.181086817
46.78,-64.99066483,0.05299717605,0.5959867393,0.3177907058,0,-1.224161211,4.40946838,-3.18109945
46.79,-64.99070688,0.05299690604,0.5959865142,0.3177907588,0,-1.224142486,4.409455883,-3.181112063
46.8,-64.99074886,0.05299663634,0.5959862911,0.3177908105,0,-1.224123786,4.409443339,-3.181124658
46.81,-64.99079077,0.05299636696,0.5959860701,0.3177908609,0,-1.224105112,4.409430749,-3.181137232
46.82,-64.99083263,0.05299609789,0.5959858509,0.3177909101,0,-1.224086463,4.409418111,-3.181149788
46.83,-64.99087441,0.05299582915,0.5959856338,0.317790958,0,-1.22406784,4.409405428,-3.181162324
46.84,-64.99091613,0.05299556073,0.5959854186,0.3177910047,0,-1.224049243,4.4093927,-3.181174839
46.85,-64.99095778,0.05299529265,0.5959852054,0.3177910501,0,-1.224030672,4.409379926,-3.181187335
46.86,-64.99099937,0.05299502489,0.5959849942,0.3177910942,0,-1.224012128,4.409367107,-3.181199811
46.87,-64.99104089,0.05299475748,0.5959847849,0.3177911372,0,-1.223993611,4.409354244,-3.181212266
46.88,-64.99108234,0.05299449041,0.5959845776,0.3177911788,0,-1.223975121,4.409341337,-3.181224701
46.89,-64.99112372,0.05299422368,0.5959843722,0.3177912192,0,-1.223956659,4.409328387,-3.181237115
46.9,-64.99116503,0.0529939573,0.5959841687,0.3177912584,0,-1.223938224,4.409315393,-3.181249509
46.91,-64.99120627,0.05299369127,0.5959839672,0.3177912964,0,-1.223919816,4.409302357,-3.181261881
46.92,-64.99124744,0.05299342559,0.5959837676,0.3177913331,0,-1.223901437,4.409289279,-3.181274233
46.93,-64.99128854,0.05299316028,0.5959835699,0.3177913686,0,-1.223883086,4.409276159,-3.181286563
46.94,-64.99132957,0.05299289533,0.5959833742,0.3177914029,0,-1.223864764,4.409262997,-3.181298872
46.95,-64.99137053,0.05299263074,0.5959831803,0.317791436,0,-1.22384647,4.409249795,-3.181311159
46.96,-64.99141142,0.05299236653,0.5959829884,0.3177914679,0,-1.223828205,4.409236552,-3.181323425
46.97,-64.99145223,0.05299210268,0.5959827984,0.3177914986,0,-1.223809969,4.409223269,-3.181335668
46.98,-64.99149297,0.05299183922,0.5959826102,0.317791528,0,-1.223791763,4.409209946,-3.18134789
46.99,-64.99153363,0.05299157613,0.595982424,0.3177915563,0,-1.223773586,4.409196583,-3.18136009
47,-64.99157423,0.05299131343,0.5959822396,0.3177915834,0,-1.22375544,4.409183182,-3.181372268
47.01,-64.99161474,0.05299105111,0.5959820571,0.3177916093,0,-1.223737323,4.409169742,-3.181384423
47.02,-64.99165519,0.05299078919,0.5959818765,0.317791634,0,-1.223719236,4.409156264,-3.181396556
47.03,-64.99169555,0.05299052765,0.5959816978,0.3177916575,0,-1.22370118,4.409142749,-3.181408666
47.04,-64.99173584,0.05299026652,0.5959815209,0.3177916799,0,-1.223683155,4.409129196,-3.181420753
47.05,-64.99177606,0.05299000578,0.5959813459,0.3177917011,0,-1.22366516,4.409115606,-3.181432817
47.06,-64.9918162,0.05298974545,0.5959811728,0.3177917211,0,-1.223647197,4.40910198,-3.181444859
47.07,-64.99185626,0.05298948553,0.5959810015,0.31779174,0,-1.223629265,4.409088317,-3.181456877
47.08,-64.99189624,0.05298922601,0.595980832,0.3177917577,0,-1.223611364,4.409074619,-3.181468872
47.09,-64.99193614,0.05298896691,0.5959806644,0.3177917742,0,-1.223593496,4.409060885,-3.181480843
47.1,-64.99197597,0.05298870822,0.5959804986,0.3177917896,0,-1.223575659,4.409047117,-3.181492791
47.11,-64.99201572,0.05298844996,0.5959803347,0.3177918039,0,-1.223557854,4.409033314,-3.181504715
47.12,-64.99205538,0.05298819211,0.5959801726,0.317791817,0,-1.223540082,4.409019477,-3.181516615
47.13,-64.99209497,0.05298793469,0.5959800122,0.317791829,0,-1.223522342,4.409005607,-3.181528492
47.14,-64.99213448,0.05298767771,0.5959798537,0.3177918398,0,-1.223504635,4.408991703,-3.181540344
47.15,-64.99217391,0.05298742115,0.595979697,0.3177918496,0,-1.223486961,4.408977766,-3.181552172
47.16,-64.99221325,0.05298716503,0.5959795421,0.3177918582,0,-1.22346932,4.408963796,-3.181563976
47.17,-64.99225252,0.05298690934,0.595979389,0.3177918656,0,-1.223451713,4.408949795,-3.181575755
47.18,-64.9922917,0.0529866541,0.5959792377,0.317791872,0,-1.223434139,4.408935761,-3.18158751
47.19,-64.9923308,0.0529863993,0.5959790882,0.3177918773,0,-1.223416598,4.408921697,-3.18159924
47.2,-64.99236982,0.05298614495,0.5959789405,0.3177918814,0,-1.223399092,4.408907601,-3.181610945
47.21,-64.99240875,0.05298589105,0.5959787945,0.3177918845,0,-1.22338162,4.408893475,-3.181622625
47.22,-64.9924476,0.05298563761,0.5959786503,0.3177918864,0,-1.223364182,4.408879319,-3.18163428
47.23,-64.99248637,0.05298538462,0.5959785078,0.3177918873,0,-1.223346778,4.408865132,-3.18164591
47.24,-64.99252505,0.05298513208,0.5959783672,0.3177918871,0,-1.223329409,4.408850917,-3.181657515
47.25,-64.99256365,0.05298488001,0.5959782282,0.3177918858,0,-1.223312075,4.408836672,-3.181669094
47.26,-64.99260216,0.05298462841,0.595978091,0.3177918834,0,-1.223294776,4.408822399,-3.181680648
47.27,-64.99264059,0.05298437727,0.5959779556,0.3177918799,0,-1.223277512,4.408808097,-3.181692176
47.28,-64.99267893,0.0529841266,0.5959778219,0.3177918754,0,-1.223260284,4.408793768,-3.181703678
47.29,-64.99271718,0.05298387641,0.5959776899,0.3177918698,0,-1.223243091,4.408779411,-3.181715155
47.3,-64.99275535,0.05298362669,0.5959775596,0.3177918631,0,-1.223225934,4.408765027,-3.181726605
47.31,-64.99279343,0.05298337745,0.5959774311,0.3177918554,0,-1.223208813,4.408750616,-3.181738029
47.32,-64.99283143,0.05298312869,0.5959773043,0.3177918466,0,-1.223191728,4.408736179,-3.181749428
47.33,-64.99286933,0.05298288042,0.5959771791,0.3177918368,0,-1.223174679,4.408721716,-3.1817608
47.34,-64.99290715,0.05298263263,0.5959770557,0.317791826,0,-1.223157667,4.408707227,-3.181772145
47.35,-64.99294488,0.05298238534,0.595976934,0.3177918141,0,-1.223140691,4.408692713,-3.181783464
47.36,-64.99298252,0.05298213853,0.5959768139,0.3177918011,0,-1.223123752,4.408678174,-3.181794756
47.37,-64.99302007,0.05298189222,0.5959766956,0.3177917871,0,-1.22310685,4.408663611,-3.181806022
47.38,-64.99305754,0.05298164641,0.5959765789,0.3177917722,0,-1.223089986,4.408649024,-3.181817261
47.39,-64.99309491,0.0529814011,0.5959764639,0.3177917561,0,-1.223073158,4.408634412,-3.181828473
47.4,-64.99313219,0.05298115629,0.5959763506,0.3177917391,0,-1.223056368,4.408619778,-3.181839657
47.41,-64.99316938,0.05298091199,0.5959762389,0.317791721,0,-1.223039615,4.40860512,-3.181850815
47.42,-64.99320649,0.05298066819,0.5959761289,0.317791702,0,-1.2230229,4.40859044,-3.181861946
47.43,-64.9932435,0.05298042491,0.5959760205,0.3177916819,0,-1.223006224,4.408575737,-3.181873049
47.44,-64.99328041,0.05298018214,0.5959759138,0.3177916609,0,-1.222989585,4.408561013,-3.181884124
47.45,-64.99331724,0.05297993988,0.5959758087,0.3177916388,0,-1.222972984,4.408546267,-3.181895172
47.46,-64.99335398,0.05297969814,0.5959757053,0.3177916158,0,-1.222956422,4.4085315,-3.181906193
47.47,-64.99339062,0.05297945692,0.5959756035,0.3177915917,0,-1.222939898,4.408516712,-3.181917186
47.48,-64.99342717,0.05297921623,0.5959755033,0.3177915667,0,-1.222923413,4.408501903,-3.181928151
47.49,-64.99346363,0.05297897606,0.5959754047,0.3177915407,0,-1.222906967,4.408487075,-3.181939088
47.5,-64.99349999,0.05297873642,0.5959753077,0.3177915137,0,-1.22289056,4.408472226,-3.181949997
47.51,-64.99353626,0.0529784973,0.5959752123,0.3177914858,0,-1.222874192,4.408457359,-3.181960878
47.52,-64.99357243,0.05297825872,0.5959751186,0.3177914569,0,-1.222857864,4.408442472,-3.18197173
47.53,-64.99360852,0.05297802068,0.5959750264,0.317791427,0,-1.222841574,4.408427566,-3.181982555
47.54,-64.9936445,0.05297778317,0.5959749358,0.3177913962,0,-1.222825325,4.408412643,-3.181993351
47.55,-64.9936804,0.0529775462,0.5959748468,0.3177913644,0,-1.222809115,4.408397701,-3.182004119
47.56,-64.99371619,0.05297730977,0.5959747594,0.3177913317,0,-1.222792945,4.408382741,-3.182014858
47.57,-64.99375189,0.05297707389,0.5959746735,0.317791298,0,-1.222776815,4.408367765,-3.182025568
47.58,-64.9937875,0.05297683855,0.5959745892,0.3177912634,0,-1.222760725,4.408352771,-3.18203625
47.59,-64.99382301,0.05297660376,0.5959745065,0.3177912279,0,-1.222744675,4.408337761,-3.182046903
47.6,-64.99385842,0.05297636952,0.5959744253,0.3177911914,0,-1.222728666,4.408322735,-3.182057527
47.61,-64.99389374,0.05297613584,0.5959743457,0.317791154,0,-1.222712697,4.408307692,-3.182068122
47.62,-64.99392896,0.05297590271,0.5959742676,0.3177911157,0,-1.222696769,4.408292635,-3.182078688
47.63,-64.99396408,0.05297567013,0.595974191,0.3177910765,0,-1.222680882,4.408277562,-3.182089225
47.64,-64.99399911,0.05297543812,0.595974116,0.3177910363,0,-1.222665036,4.408262474,-3.182099733
47.65,-64.99403404,0.05297520666,0.5959740425,0.3177909953,0,-1.222649231,4.408247371,-3.182110212
47.66,-64.99406887,0.05297497577,0.5959739705,0.3177909533,0,-1.222633467,4.408232255,-3.182120661
47.67,-64.9941036,0.05297474544,0.5959739,0.3177909105,0,-1.222617744,4.408217125,-3.18213108
47.68,-64.99413823,0.05297451568,0.595973831,0.3177908667,0,-1.222602063,4.408201981,-3.18214147
47.69,-64.99417277,0.05297428649,0.5959737636,0.3177908221,0,-1.222586423,4.408186824,-3.182151831
47.7,-64.99420721,0.05297405788,0.5959736976,0.3177907766,0,-1.222570825,4.408171654,-3.182162162
47.71,-64.99424154,0.05297382983,0.5959736331,0.3177907302,0,-1.222555269,4.408156472,-3.182172463
47.72,-64.99427578,0.05297360236,0.5959735701,0.3177906829,0,-1.222539755,4.408141277,-3.182182734
47.73,-64.99430992,0.05297337547,0.5959735086,0.3177906347,0,-1.222524283,4.408126071,-3.182192976
47.74,-64.99434396,0.05297314916,0.5959734485,0.3177905857,0,-1.222508853,4.408110853,-3.182203187
47.75,-64.99437789,0.05297292342,0.5959733899,0.3177905358,0,-1.222493465,4.408095625,-3.182213368
47.76,-64.99441173,0.05297269827,0.5959733328,0.3177904851,0,-1.22247812,4.408080385,-3.18222352
47.77,-64.99444547,0.05297247371,0.5959732771,0.3177904335,0,-1.222462818,4.408065135,-3.182233641
47.78,-64.99447911,0.05297224973,0.5959732229,0.317790381,0,-1.222447558,4.408049874,-3.182243732
47.79,-64.99451264,0.05297202634,0.5959731701,0.3177903278,0,-1.22243234,4.408034604,-3.182253792
47.8,-64.99454608,0.05297180354,0.5959731188,0.3177902736,0,-1.222417166,4.408019325,-3.182263823
47.81,-64.99457941,0.05297158134,0.5959730689,0.3177902186,0,-1.222402034,4.408004036,-3.182273822
47.82,-64.99461264,0.05297135972,0.5959730204,0.3177901628,0,-1.222386946,4.407988738,-3.182283792
47.83,-64.99464577,0.05297113871,0.5959729733,0.3177901062,0,-1.222371901,4.407973432,-3.18229373
47.84,-64.99467879,0.05297091828,0.5959729276,0.3177900487,0,-1.222356899,4.407958117,-3.182303638
47.85,-64.99471172,0.05297069846,0.5959728834,0.3177899905,0,-1.22234194,4.407942795,-3.182313516
47.86,-64.99474454,0.05297047924,0.5959728405,0.3177899314,0,-1.222327025,4.407927465,-3.182323362
47.87,-64.99477726,0.05297026063,0.5959727991,0.3177898715,0,-1.222312154,4.407912128,-3.182333178
47.88,-64.99480988,0.05297004261,0.595972759,0.3177898107,0,-1.222297326,4.407896784,-3.182342963
47.89,-64.99484239,0.0529698252,0.5959727203,0.3177897492,0,-1.222282542,4.407881433,-3.182352717
47.9,-64.9948748,0.0529696084,0.595972683,0.3177896869,0,-1.222267802,4.407866076,-3.18236244
47.91,-64.99490711,0.05296939221,0.5959726471,0.3177896238,0,-1.222253106,4.407850713,-3.182372132
47.92,-64.99493931,0.05296917663,0.5959726125,0.3177895599,0,-1.222238455,4.407835344,-3.182381793
47.93,-64.99497141,0.05296896166,0.5959725793,0.3177894952,0,-1.222223847,4.40781997,-3.182391423
47.94,-64.9950034,0.05296874731,0.5959725475,0.3177894298,0,-1.222209283,4.40780459,-3.182401021
47.95,-64.99503529,0.05296853357,0.595972517,0.3177893635,0,-1.222194764,4.407789206,-3.182410588
47.96,-64.99506708,0.05296832045,0.5959724878,0.3177892965,0,-1.22218029,4.407773818,-3.182420124
47.97,-64.99509876,0.05296810794,0.59597246,0.3177892287,0,-1.222165859,4.407758425,-3.182429629
47.98,-64.99513034,0.05296789606,0.5959724335,0.3177891602,0,-1.222151474,4.407743028,-3.182439102
47.99,-64.99516181,0.0529676848,0.5959724084,0.3177890909,0,-1.222137133,4.407727628,-3.182448544
48,-64.99519318,0.05296747416,0.5959723845,0.3177890208,0,-1.222122837,4.407712225,-3.182457954
48.01,-64.99522444,0.05296726414,0.595972362,0.31778895,0,-1.222108586,4.407696819,-3.182467332
48.02,-64.9952556,0.05296705475,0.5959723408,0.3177888785,0,-1.22209438,4.40768141,-3.182476679
48.03,-64.99528665,0.05296684599,0.5959723208,0.3177888062,0,-1.222080219,4.407665998,-3.182485994
48.04,-64.99531759,0.05296663785,0.5959723022,0.3177887332,0,-1.222066103,4.407650585,-3.182495278
48.05,-64.99534843,0.05296643035,0.5959722849,0.3177886594,0,-1.222052032,4.40763517,-3.182504529
48.06,-64.99537916,0.05296622347,0.5959722688,0.3177885849,0,-1.222038007,4.407619753,-3.182513749
48.07,-64.99540979,0.05296601723,0.595972254,0.3177885097,0,-1.222024027,4.407604336,-3.182522937
48.08,-64.99544031,0.05296581162,0.5959722405,0.3177884338,0,-1.222010093,4.407588917,-3.182532094
48.09,-64.99547073,0.05296560665,0.5959722283,0.3177883571,0,-1.221996204,4.407573498,-3.182541218
48.1,-64.99550103,0.05296540231,0.5959722173,0.3177882798,0,-1.22198236,4.407558078,-3.18255031
48.11,-64.99553123,0.05296519862,0.5959722076,0.3177882017,0,-1.221968562,4.407542659,-3.18255937
48.12,-64.99556133,0.05296499556,0.5959721991,0.3177881229,0,-1.22195481,4.407527239,-3.182568398
48.13,-64.99559131,0.05296479314,0.5959721919,0.3177880434,0,-1.221941104,4.407511821,-3.182577394
48.14,-64.99562119,0.05296459136,0.5959721859,0.3177879633,0,-1.221927444,4.407496403,-3.182586358
48.15,-64.99565097,0.05296439022,0.5959721811,0.3177878824,0,-1.221913829,4.407480986,-3.18259529
48.16,-64.99568063,0.05296418973,0.5959721776,0.3177878009,0,-1.221900261,4.407465571,-3.182604189
48.17,-64.99571019,0.05296398988,0.5959721753,0.3177877187,0,-1.221886739,4.407450158,-3.182613057
48.18,-64.99573964,0.05296379068,0.5959721742,0.3177876358,0,-1.221873263,4.407434746,-3.182621892
48.19,-64.99576898,0.05296359212,0.5959721743,0.3177875522,0,-1.221859833,4.407419337,-3.182630694
48.2,-64.99579821,0.05296339422,0.5959721756,0.317787468,0,-1.221846449,4.40740393,-3.182639464
48.21,-64.99582734,0.05296319696,0.5959721781,0.3177873831,0,-1.221833112,4.407388526,-3.182648202
48.22,-64.99585636,0.05296300035,0.5959721818,0.3177872975,0,-1.221819821,4.407373125,-3.182656908
48.23,-64.99588527,0.0529628044,0.5959721867,0.3177872113,0,-1.221806576,4.407357728,-3.182665581
48.24,-64.99591407,0.05296260909,0.5959721927,0.3177871244,0,-1.221793378,4.407342334,-3.182674221
48.25,-64.99594276,0.05296241445,0.5959722,0.3177870369,0,-1.221780227,4.407326944,-3.182682829
48.26,-64.99597135,0.05296222045,0.5959722084,0.3177869487,0,-1.221767122,4.407311558,-3.182691404
48.27,-64.99599982,0.05296202711,0.5959722179,0.3177868599,0,-1.221754064,4.407296177,-3.182699947
48.28,-64.99602819,0.05296183443,0.5959722286,0.3177867705,0,-1.221741053,4.407280801,-3.182708457
48.29,-64.99605645,0.0529616424,0.5959722405,0.3177866804,0,-1.221728088,4.407265429,-3.182716935
48.3,-64.9960846,0.05296145103,0.5959722535,0.3177865897,0,-1.221715171,4.407250063,-3.18272538
48.31,-64.99611264,0.05296126033,0.5959722677,0.3177864984,0,-1.2217023,4.407234702,-3.182733792
48.32,-64.99614057,0.05296107028,0.5959722829,0.3177864065,0,-1.221689476,4.407219347,-3.182742172
48.33,-64.99616839,0.05296088089,0.5959722993,0.3177863139,0,-1.221676699,4.407203998,-3.182750518
48.34,-64.99619611,0.05296069217,0.5959723169,0.3177862208,0,-1.221663969,4.407188656,-3.182758832
48.35,-64.99622371,0.0529605041,0.5959723355,0.317786127,0,-1.221651286,4.40717332,-3.182767113
48.36,-64.99625121,0.0529603167,0.5959723553,0.3177860327,0,-1.221638651,4.407157991,-3.182775362
48.37,-64.99627859,0.05296012997,0.5959723761,0.3177859377,0,-1.221626062,4.407142669,-3.182783577
48.38,-64.99630587,0.0529599439,0.5959723981,0.3177858421,0,-1.221613521,4.407127354,-3.18279176
48.39,-64.99633303,0.0529597585,0.5959724211,0.317785746,0,-1.221601027,4.407112047,-3.18279991
48.4,-64.99636009,0.05295957376,0.5959724452,0.3177856493,0,-1.22158858,4.407096748,-3.182808027
48.41,-64.99638704,0.0529593897,0.5959724704,0.317785552,0,-1.221576181,4.407081457,-3.182816111
48.42,-64.99641387,0.0529592063,0.5959724967,0.3177854541,0,-1.221563828,4.407066174,-3.182824162
48.43,-64.9964406,0.05295902357,0.5959725241,0.3177853556,0,-1.221551524,4.4070509,-3.18283218
48.44,-64.99646722,0.0529588415,0.5959725525,0.3177852566,0,-1.221539267,4.407035635,-3.182840165
48.45,-64.99649372,0.05295866011,0.5959725819,0.317785157,0,-1.221527057,4.407020379,-3.182848117
48.46,-64.99652012,0.0529584794,0.5959726125,0.3177850569,0,-1.221514895,4.407005132,-3.182856036
48.47,-64.99654641,0.05295829935,0.595972644,0.3177849562,0,-1.22150278,4.406989895,-3.182863922
48.48,-64.99657258,0.05295811997,0.5959726766,0.3177848549,0,-1.221490713,4.406974668,-3.182871775
48.49,-64.99659865,0.05295794127,0.5959727103,0.3177847531,0,-1.221478693,4.406959451,-3.182879595
48.5,-64.99662461,0.05295776325,0.5959727449,0.3177846508,0,-1.221466722,4.406944244,-3.182887382
48.51,-64.99665045,0.05295758589,0.5959727806,0.3177845479,0,-1.221454797,4.406929048,-3.182895136
48.52,-64.99667619,0.05295740922,0.5959728173,0.3177844445,0,-1.221442921,4.406913863,-3.182902857
48.53,-64.99670181,0.05295723321,0.5959728551,0.3177843406,0,-1.221431092,4.406898688,-3.182910544
48.54,-64.99672733,0.05295705789,0.5959728938,0.3177842361,0,-1.221419311,4.406883525,-3.182918199
48.55,-64.99675274,0.05295688324,0.5959729335,0.3177841311,0,-1.221407578,4.406868374,-3.182925821
48.56,-64.99677803,0.05295670927,0.5959729742,0.3177840256,0,-1.221395893,4.406853234,-3.182933409
48.57,-64.99680321,0.05295653597,0.5959730159,0.3177839195,0,-1.221384255,4.406838107,-3.182940964
48.58,-64.99682829,0.05295636336,0.5959730586,0.317783813,0,-1.221372665,4.406822992,-3.182948486
48.59,-64.99685325,0.05295619142,0.5959731023,0.3177837059,0,-1.221361123,4.406807889,-3.182955975
48.6,-64.9968781,0.05295602016,0.5959731469,0.3177835984,0,-1.221349629,4.406792799,-3.182963431
48.61,-64.99690285,0.05295584958,0.5959731925,0.3177834903,0,-1.221338183,4.406777721,-3.182970854
48.62,-64.99692748,0.05295567969,0.5959732391,0.3177833818,0,-1.221326785,4.406762657,-3.182978243
48.63,-64.996952,0.05295551047,0.5959732866,0.3177832728,0,-1.221315435,4.406747607,-3.182985599
48.64,-64.99697641,0.05295534193,0.5959733351,0.3177831632,0,-1.221304133,4.40673257,-3.182992923
48.65,-64.99700071,0.05295517408,0.5959733845,0.3177830532,0,-1.221292878,4.406717547,-3.183000212
48.66,-64.9970249,0.05295500691,0.5959734348,0.3177829428,0,-1.221281672,4.406702538,-3.183007469
48.67,-64.99704898,0.05295484042,0.5959734861,0.3177828318,0,-1.221270514,4.406687543,-3.183014693
48.68,-64.99707294,0.05295467461,0.5959735383,0.3177827204,0,-1.221259404,4.406672563,-3.183021883
48.69,-64.9970968,0.05295450948,0.5959735914,0.3177826085,0,-1.221248341,4.406657598,-3.183029041
48.7,-64.99712055,0.05295434504,0.5959736454,0.3177824961,0,-1.221237327,4.406642647,-3.183036165
48.71,-64.99714418,0.05295418128,0.5959737004,0.3177823833,0,-1.221226361,4.406627712,-3.183043255
48.72,-64.99716771,0.05295401821,0.5959737562,0.31778227,0,-1.221215443,4.406612792,-3.183050313
48.73,-64.99719113,0.05295385582,0.595973813,0.3177821563,0,-1.221204573,4.406597888,-3.183057338
48.74,-64.99721443,0.05295369411,0.5959738706,0.3177820421,0,-1.221193751,4.406582999,-3.183064329
48.75,-64.99723762,0.05295353309,0.5959739291,0.3177819275,0,-1.221182977,4.406568127,-3.183071287
48.76,-64.99726071,0.05295337276,0.5959739885,0.3177818125,0,-1.221172251,4.406553271,-3.183078212
48.77,-64.99728368,0.05295321311,0.5959740488,0.317781697,0,-1.221161573,4.406538431,-3.183085104
48.78,-64.99730654,0.05295305414,0.59597411,0.3177815811,0,-1.221150944,4.406523608,-3.183091963
48.79,-64.99732929,0.05295289586,0.595974172,0.3177814647,0,-1.221140362,4.406508802,-3.183098788
48.8,-64.99735194,0.05295273827,0.5959742349,0.3177813479,0,-1.221129828,4.406494013,-3.183105581
48.81,-64.99737447,0.05295258136,0.5959742986,0.3177812308,0,-1.221119343,4.406479241,-3.18311234
48.82,-64.99739689,0.05295242514,0.5959743632,0.3177811132,0,-1.221108906,4.406464487,-3.183119066
48.83,-64.9974192,0.0529522696,0.5959744286,0.3177809951,0,-1.221098517,4.406449751,-3.183125759
48.84,-64.9974414,0.05295211475,0.5959744948,0.3177808767,0,-1.221088175,4.406435032,-3.183132419
48.85,-64.99746349,0.05295196059,0.5959745619,0.3177807579,0,-1.221077882,4.406420332,-3.183139046
48.86,-64.99748546,0.05295180711,0.5959746298,0.3177806386,0,-1.221067637,4.40640565,-3.183145639
48.87,-64.99750733,0.05295165433,0.5959746986,0.317780519,0,-1.221057441,4.406390986,-3.1831522
48.88,-64.99752909,0.05295150222,0.5959747681,0.317780399,0,-1.221047292,4.406376341,-3.183158727
48.89,-64.99755074,0.05295135081,0.5959748385,0.3177802786,0,-1.221037191,4.406361715,-3.183165222
48.9,-64.99757228,0.05295120008,0.5959749096,0.3177801578,0,-1.221027138,4.406347108,-3.183171683
48.91,-64.9975937,0.05295105004,0.5959749816,0.3177800366,0,-1.221017134,4.406332521,-3.183178111
48.92,-64.99761502,0.05295090068,0.5959750543,0.3177799151,0,-1.221007177,4.406317953,-3.183184507
48.93,-64.99763623,0.05295075202,0.5959751279,0.3177797931,0,-1.220997268,4.406303404,-3.183190869
48.94,-64.99765733,0.05295060404,0.5959752022,0.3177796708,0,-1.220987408,4.406288876,-3.183197198
48.95,-64.99767832,0.05295045674,0.5959752773,0.3177795482,0,-1.220977595,4.406274368,-3.183203495
48.96,-64.99769919,0.05295031014,0.5959753532,0.3177794251,0,-1.220967831,4.406259879,-3.183209758
48.97,-64.99771996,0.05295016422,0.5959754298,0.3177793018,0,-1.220958114,4.406245412,-3.183215988
48.98,-64.99774062,0.05295001899,0.5959755072,0.317779178,0,-1.220948445,4.406230965,-3.183222186
48.99,-64.99776117,0.05294987444,0.5959755853,0.3177790539,0,-1.220938825,4.406216538,-3.18322835
49,-64.99778161,0.05294973058,0.5959756642,0.3177789295,0,-1.220929252,4.406202133,-3.183234482
49.01,-64.99780194,0.05294958741,0.5959757439,0.3177788047,0,-1.220919727,4.406187749,-3.183240581
49.02,-64.99782216,0.05294944493,0.5959758242,0.3177786796,0,-1.22091025,4.406173387,-3.183246647
49.03,-64.99784227,0.05294930313,0.5959759054,0.3177785541,0,-1.220900821,4.406159046,-3.18325268
49.04,-64.99786227,0.05294916202,0.5959759872,0.3177784283,0,-1.22089144,4.406144726,-3.18325868
49.05,-64.99788216,0.05294902159,0.5959760698,0.3177783022,0,-1.220882106,4.406130429,-3.183264647
49.06,-64.99790194,0.05294888185,0.595976153,0.3177781757,0,-1.220872821,4.406116154,-3.183270582
49.07,-64.99792161,0.0529487428,0.595976237,0.317778049,0,-1.220863583,4.4061019,-3.183276484
49.08,-64.99794118,0.05294860443,0.5959763217,0.3177779219,0,-1.220854393,4.40608767,-3.183282353
49.09,-64.99796063,0.05294846675,0.5959764071,0.3177777945,0,-1.220845251,4.406073462,-3.18328819
49.1,-64.99797998,0.05294832975,0.5959764932,0.3177776668,0,-1.220836156,4.406059277,-3.183293993
49.11,-64.99799921,0.05294819344,0.59597658,0.3177775387,0,-1.220827109,4.406045115,-3.183299764
49.12,-64.99801834,0.05294805781,0.5959766675,0.3177774104,0,-1.22081811,4.406030975,-3.183305503
49.13,-64.99803736,0.05294792287,0.5959767556,0.3177772818,0,-1.220809159,4.40601686,-3.183311208
49.14,-64.99805627,0.05294778861,0.5959768445,0.3177771529,0,-1.220800255,4.406002767,-3.183316882
49.15,-64.99807507,0.05294765504,0.595976934,0.3177770237,0,-1.220791399,4.405988699,-3.183322522
49.16,-64.99809377,0.05294752215,0.5959770241,0.3177768942,0,-1.22078259,4.405974654,-3.18332813
49.17,-64.99811235,0.05294738995,0.595977115,0.3177767644,0,-1.220773829,4.405960633,-3.183333706
49.18,-64.99813083,0.05294725842,0.5959772064,0.3177766343,0,-1.220765115,4.405946636,-3.183339249
49.19,-64.9981492,0.05294712759,0.5959772986,0.3177765039,0,-1.220756449,4.405932664,-3.18334476
49.2,-64.99816746,0.05294699743,0.5959773913,0.3177763733,0,-1.22074783,4.405918716,-3.183350238
49.21,-64.99818561,0.05294686796,0.5959774847,0.3177762424,0,-1.220739258,4.405904793,-3.183355683
49.22,-64.99820366,0.05294673916,0.5959775788,0.3177761113,0,-1.220730734,4.405890894,-3.183361097
49.23,-64.99822159,0.05294661105,0.5959776734,0.3177759798,0,-1.220722258,4.40587702,-3.183366478
49.24,-64.99823942,0.05294648363,0.5959777687,0.3177758481,0,-1.220713828,4.405863172,-3.183371827
49.25,-64.99825714,0.05294635688,0.5959778646,0.3177757162,0,-1.220705446,4.405849349,-3.183377143
49.26,-64.99827476,0.05294623081,0.5959779612,0.317775584,0,-1.220697111,4.405835551,-3.183382427
49.27,-64.99829226,0.05294610543,0.5959780583,0.3177754515,0,-1.220688824,4.405821779,-3.183387679
49.28,-64.99830966,0.05294598072,0.595978156,0.3177753188,0,-1.220680583,4.405808032,-3.183392899
49.29,-64.99832695,0.05294585669,0.5959782543,0.3177751859,0,-1.22067239,4.405794311,-3.183398086
49.3,-64.99834414,0.05294573335,0.5959783533,0.3177750527,0,-1.220664243,4.405780617,-3.183403242
49.31,-64.99836122,0.05294561068,0.5959784528,0.3177749193,0,-1.220656144,4.405766948,-3.183408365
49.32,-64.99837819,0.05294548868,0.5959785529,0.3177747856,0,-1.220648092,4.405753306,-3.183413456
49.33,-64.99839505,0.05294536737,0.5959786535,0.3177746517,0,-1.220640086,4.405739691,-3.183418516
49.34,-64.99841181,0.05294524673,0.5959787548,0.3177745176,0,-1.220632128,4.405726102,-3.183423543
49.35,-64.99842846,0.05294512678,0.5959788566,0.3177743833,0,-1.220624216,4.405712539,-3.183428538
49.36,-64.99844501,0.05294500749,0.5959789589,0.3177742487,0,-1.220616351,4.405699004,-3.183433502
49.37,-64.99846144,0.05294488888,0.5959790619,0.317774114,0,-1.220608533,4.405685496,-3.183438433
49.38,-64.99847778,0.05294477095,0.5959791653,0.317773979,0,-1.220600762,4.405672014,-3.183443333
49.39,-64.998494,0.05294465369,0.5959792694,0.3177738438,0,-1.220593038,4.405658561,-3.183448201
49.4,-64.99851012,0.05294453711,0.5959793739,0.3177737084,0,-1.22058536,4.405645134,-3.183453037
49.41,-64.99852614,0.0529444212,0.595979479,0.3177735728,0,-1.220577728,4.405631736,-3.183457841
49.42,-64.99854205,0.05294430596,0.5959795846,0.317773437,0,-1.220570143,4.405618365,-3.183462614
49.43,-64.99855785,0.0529441914,0.5959796908,0.317773301,0,-1.220562605,4.405605022,-3.183467355
49.44,-64.99857355,0.05294407751,0.5959797975,0.3177731648,0,-1.220555113,4.405591706,-3.183472064
49.45,-64.99858914,0.05294396428,0.5959799047,0.3177730284,0,-1.220547668,4.40557842,-3.183476742
49.46,-64.99860463,0.05294385173,0.5959800124,0.3177728919,0,-1.220540269,4.405565161,-3.183481388
49.47,-64.99862001,0.05294373985,0.5959801206,0.3177727551,0,-1.220532916,4.405551931,-3.183486003
49.48,-64.99863529,0.05294362864,0.5959802293,0.3177726182,0,-1.220525609,4.405538729,-3.183490586
49.49,-64.99865046,0.0529435181,0.5959803385,0.3177724811,0,-1.220518349,4.405525556,-3.183495138
49.5,-64.99866553,0.05294340822,0.5959804483,0.3177723438,0,-1.220511135,4.405512412,-3.183499659
49.51,-64.99868049,0.05294329902,0.5959805584,0.3177722064,0,-1.220503967,4.405499297,-3.183504148
49.52,-64.99869535,0.05294319048,0.5959806691,0.3177720687,0,-1.220496844,4.405486211,-3.183508606
49.53,-64.99871011,0.05294308261,0.5959807803,0.317771931,0,-1.220489768,4.405473154,-3.183513033
49.54,-64.99872476,0.0529429754,0.5959808919,0.317771793,0,-1.220482738,4.405460126,-3.183517428
49.55,-64.99873931,0.05294286885,0.595981004,0.3177716549,0,-1.220475754,4.405447128,-3.183521792
49.56,-64.99875375,0.05294276298,0.5959811166,0.3177715167,0,-1.220468815,4.40543416,-3.183526126
49.57,-64.99876809,0.05294265776,0.5959812296,0.3177713783,0,-1.220461922,4.405421221,-3.183530428
49.58,-64.99878233,0.05294255321,0.5959813431,0.3177712397,0,-1.220455075,4.405408312,-3.183534699
49.59,-64.99879646,0.05294244932,0.595981457,0.3177711011,0,-1.220448274,4.405395432,-3.183538939
49.6,-64.99881049,0.05294234609,0.5959815714,0.3177709622,0,-1.220441518,4.405382583,-3.183543148
49.61,-64.99882442,0.05294224352,0.5959816862,0.3177708233,0,-1.220434807,4.405369764,-3.183547326
49.62,-64.99883825,0.05294214161,0.5959818014,0.3177706841,0,-1.220428142,4.405356976,-3.183551474
49.63,-64.99885197,0.05294204036,0.5959819171,0.3177705449,0,-1.220421523,4.405344218,-3.183555591
49.64,-64.99886559,0.05294193977,0.5959820332,0.3177704055,0,-1.220414948,4.40533149,-3.183559677
49.65,-64.99887911,0.05294183983,0.5959821497,0.3177702661,0,-1.220408419,4.405318793,-3.183563732
49.66,-64.99889252,0.05294174055,0.5959822666,0.3177701264,0,-1.220401936,4.405306126,-3.183567756
49.67,-64.99890583,0.05294164193,0.595982384,0.3177699867,0,-1.220395497,4.405293491,-3.18357175
49.68,-64.99891905,0.05294154397,0.5959825017,0.3177698469,0,-1.220389103,4.405280886,-3.183575714
49.69,-64.99893216,0.05294144665,0.5959826199,0.3177697069,0,-1.220382755,4.405268313,-3.183579647
49.7,-64.99894516,0.05294134999,0.5959827384,0.3177695668,0,-1.220376451,4.40525577,-3.183583549
49.71,-64.99895807,0.05294125399,0.5959828574,0.3177694266,0,-1.220370192,4.405243259,-3.183587422
49.72,-64.99897088,0.05294115863,0.5959829767,0.3177692864,0,-1.220363979,4.40523078,-3.183591263
49.73,-64.99898358,0.05294106393,0.5959830964,0.317769146,0,-1.220357809,4.405218332,-3.183595075
49.74,-64.99899619,0.05294096987,0.5959832165,0.3177690055,0,-1.220351685,4.405205915,-3.183598856
49.75,-64.99900869,0.05294087647,0.595983337,0.3177688649,0,-1.220345605,4.40519353,-3.183602607
49.76,-64.99902109,0.05294078371,0.5959834578,0.3177687243,0,-1.220339569,4.405181177,-3.183606328
49.77,-64.9990334,0.0529406916,0.595983579,0.3177685835,0,-1.220333579,4.405168856,-3.183610019
49.78,-64.9990456,0.05294060014,0.5959837006,0.3177684427,0,-1.220327632,4.405156567,-3.183613679
49.79,-64.9990577,0.05294050932,0.5959838225,0.3177683017,0,-1.22032173,4.40514431,-3.18361731
49.8,-64.9990697,0.05294041915,0.5959839448,0.3177681607,0,-1.220315872,4.405132085,-3.183620911
49.81,-64.99908161,0.05294032962,0.5959840674,0.3177680196,0,-1.220310058,4.405119893,-3.183624482
49.82,-64.99909341,0.05294024073,0.5959841903,0.3177678785,0,-1.220304289,4.405107732,-3.183628023
49.83,-64.99910512,0.05294015249,0.5959843136,0.3177677372,0,-1.220298563,4.405095605,-3.183631535
49.84,-64.99911672,0.05294006489,0.5959844373,0.3177675959,0,-1.220292881,4.40508351,-3.183635016
49.85,-64.99912823,0.05293997792,0.5959845612,0.3177674546,0,-1.220287244,4.405071447,-3.183638468
49.86,-64.99913964,0.0529398916,0.5959846855,0.3177673132,0,-1.22028165,4.405059418,-3.183641891
49.87,-64.99915095,0.05293980591,0.5959848101,0.3177671717,0,-1.220276099,4.405047421,-3.183645284
49.88,-64.99916216,0.05293972086,0.5959849351,0.3177670301,0,-1.220270593,4.405035457,-3.183648647
49.89,-64.99917327,0.05293963645,0.5959850603,0.3177668885,0,-1.22026513,4.405023527,-3.183651981
49.9,-64.99918429,0.05293955267,0.5959851858,0.3177667469,0,-1.220259711,4.405011629,-3.183655286
49.91,-64.9991952,0.05293946952,0.5959853117,0.3177666052,0,-1.220254335,4.404999765,-3.183658561
49.92,-64.99920602,0.05293938701,0.5959854378,0.3177664634,0,-1.220249002,4.404987934,-3.183661807
49.93,-64.99921675,0.05293930513,0.5959855643,0.3177663217,0,-1.220243713,4.404976136,-3.183665024
49.94,-64.99922737,0.05293922388,0.595985691,0.3177661798,0,-1.220238467,4.404964372,-3.183668211
49.95,-64.9992379,0.05293914326,0.595985818,0.317766038,0,-1.220233264,4.404952641,-3.18367137
49.96,-64.99924833,0.05293906327,0.5959859453,0.3177658961,0,-1.220228104,4.404940944,-3.183674499
49.97,-64.99925867,0.05293898391,0.5959860729,0.3177657542,0,-1.220222987,4.404929281,-3.1836776
49.98,-64.9992689,0.05293890518,0.5959862007,0.3177656122,0,-1.220217913,4.404917652,-3.183680671
49.99,-64.99927905,0.05293882707,0.5959863288,0.3177654702,0,-1.220212881,4.404906056,-3.183683714
50,-64.99928909,0.05293874958,0.5959864572,0.3177653282,0,-1.220207893,4.404894494,-3.183686728
50.01,-64.99929904,0.05293867272,0.5959865858,0.3177651862,0,-1.220202947,4.404882967,-3.183689713
50.02,-64.9993089,0.05293859648,0.5959867147,0.3177650441,0,-1.220198044,4.404871473,-3.18369267
50.03,-64.99931866,0.05293852086,0.5959868438,0.3177649021,0,-1.220193183,4.404860014,-3.183695598
50.04,-64.99932832,0.05293844586,0.5959869732,0.31776476,0,-1.220188364,4.404848589,-3.183698497
50.05,-64.99933789,0.05293837149,0.5959871029,0.3177646179,0,-1.220183588,4.404837198,-3.183701368
50.06,-64.99934737,0.05293829772,0.5959872327,0.3177644758,0,-1.220178854,4.404825842,-3.183704211
50.07,-64.99935675,0.05293822458,0.5959873628,0.3177643338,0,-1.220174162,4.40481452,-3.183707025
50.08,-64.99936604,0.05293815205,0.5959874932,0.3177641917,0,-1.220169513,4.404803233,-3.183709811
50.09,-64.99937523,0.05293808014,0.5959876237,0.3177640496,0,-1.220164905,4.404791981,-3.183712569
50.1,-64.99938433,0.05293800884,0.5959877545,0.3177639075,0,-1.220160339,4.404780763,-3.183715298
50.11,-64.99939333,0.05293793815,0.5959878855,0.3177637654,0,-1.220155815,4.40476958,-3.183717999
50.12,-64.99940224,0.05293786808,0.5959880167,0.3177636233,0,-1.220151333,4.404758431,-3.183720673
50.13,-64.99941106,0.05293779861,0.5959881482,0.3177634813,0,-1.220146892,4.404747318,-3.183723318
50.14,-64.99941978,0.05293772975,0.5959882798,0.3177633392,0,-1.220142493,4.404736239,-3.183725935
50.15,-64.99942842,0.0529376615,0.5959884116,0.3177631972,0,-1.220138135,4.404725196,-3.183728525
50.16,-64.99943696,0.05293759386,0.5959885436,0.3177630552,0,-1.220133819,4.404714188,-3.183731087
50.17,-64.9994454,0.05293752682,0.5959886759,0.3177629132,0,-1.220129544,4.404703214,-3.183733621
50.18,-64.99945376,0.05293746039,0.5959888083,0.3177627712,0,-1.22012531,4.404692277,-3.183736127
50.19,-64.99946202,0.05293739456,0.5959889409,0.3177626293,0,-1.220121117,4.404681374,-3.183738606
50.2,-64.99947019,0.05293732933,0.5959890737,0.3177624874,0,-1.220116965,4.404670506,-3.183741057
50.21,-64.99947827,0.0529372647,0.5959892066,0.3177623455,0,-1.220112855,4.404659674,-3.183743481
50.22,-64.99948626,0.05293720067,0.5959893397,0.3177622036,0,-1.220108785,4.404648878,-3.183745877
50.23,-64.99949415,0.05293713724,0.595989473,0.3177620618,0,-1.220104755,4.404638117,-3.183748246
50.24,-64.99950196,0.0529370744,0.5959896065,0.3177619201,0,-1.220100767,4.404627392,-3.183750588
50.25,-64.99950967,0.05293701216,0.5959897401,0.3177617783,0,-1.220096819,4.404616702,-3.183752902
50.26,-64.9995173,0.05293695052,0.5959898739,0.3177616367,0,-1.220092911,4.404606048,-3.183755189
50.27,-64.99952483,0.05293688947,0.5959900079,0.317761495,0,-1.220089044,4.404595429,-3.18375745
50.28,-64.99953228,0.05293682901,0.595990142,0.3177613534,0,-1.220085217,4.404584847,-3.183759683
50.29,-64.99953963,0.05293676914,0.5959902762,0.3177612119,0,-1.22008143,4.4045743,-3.183761889
50.3,-64.9995469,0.05293670986,0.5959904106,0.3177610704,0,-1.220077683,4.404563789,-3.183764069
50.31,-64.99955407,0.05293665116,0.5959905451,0.317760929,0,-1.220073976,4.404553314,-3.183766222
50.32,-64.99956116,0.05293659306,0.5959906797,0.3177607876,0,-1.22007031,4.404542875,-3.183768348
50.33,-64.99956816,0.05293653554,0.5959908145,0.3177606463,0,-1.220066683,4.404532472,-3.183770447
50.34,-64.99957507,0.0529364786,0.5959909494,0.3177605051,0,-1.220063095,4.404522105,-3.18377252
50.35,-64.99958189,0.05293642225,0.5959910845,0.3177603639,0,-1.220059548,4.404511774,-3.183774566
50.36,-64.99958862,0.05293636647,0.5959912196,0.3177602228,0,-1.220056039,4.40450148,-3.183776586
50.37,-64.99959526,0.05293631128,0.5959913549,0.3177600818,0,-1.220052571,4.404491221,-3.183778579
50.38,-64.99960182,0.05293625667,0.5959914903,0.3177599408,0,-1.220049141,4.404480999,-3.183780546
50.39,-64.99960829,0.05293620263,0.5959916258,0.3177597999,0,-1.220045751,4.404470813,-3.183782487
50.4,-64.99961467,0.05293614917,0.5959917614,0.3177596591,0,-1.2200424,4.404460664,-3.183784402
50.41,-64.99962097,0.05293609629,0.5959918971,0.3177595184,0,-1.220039088,4.404450551,-3.18378629
50.42,-64.99962718,0.05293604397,0.5959920329,0.3177593777,0,-1.220035815,4.404440474,-3.183788153
50.43,-64.9996333,0.05293599223,0.5959921687,0.3177592372,0,-1.220032581,4.404430434,-3.183789989
50.44,-64.99963933,0.05293594107,0.5959923047,0.3177590967,0,-1.220029385,4.40442043,-3.1837918
50.45,-64.99964528,0.05293589047,0.5959924408,0.3177589563,0,-1.220026228,4.404410463,-3.183793585
50.46,-64.99965115,0.05293584043,0.5959925769,0.317758816,0,-1.22002311,4.404400533,-3.183795344
50.47,-64.99965692,0.05293579097,0.5959927132,0.3177586758,0,-1.22002003,4.404390639,-3.183797077
50.48,-64.99966262,0.05293574207,0.5959928495,0.3177585357,0,-1.220016988,4.404380781,-3.183798785
50.49,-64.99966822,0.05293569374,0.5959929858,0.3177583957,0,-1.220013985,4.404370961,-3.183800467
50.5,-64.99967375,0.05293564596,0.5959931223,0.3177582558,0,-1.22001102,4.404361177,-3.183802124
50.51,-64.99967919,0.05293559875,0.5959932588,0.317758116,0,-1.220008093,4.40435143,-3.183803756
50.52,-64.99968454,0.0529355521,0.5959933953,0.3177579763,0,-1.220005204,4.404341719,-3.183805362
50.53,-64.99968981,0.05293550601,0.595993532,0.3177578367,0,-1.220002352,4.404332046,-3.183806943
50.54,-64.99969499,0.05293546047,0.5959936686,0.3177576972,0,-1.219999539,4.404322409,-3.183808498
50.55,-64.9997001,0.05293541549,0.5959938054,0.3177575578,0,-1.219996763,4.40431281,-3.183810029
50.56,-64.99970511,0.05293537106,0.5959939422,0.3177574186,0,-1.219994024,4.404303247,-3.183811534
50.57,-64.99971005,0.05293532719,0.595994079,0.3177572794,0,-1.219991323,4.404293721,-3.183813015
50.58,-64.9997149,0.05293528386,0.5959942158,0.3177571404,0,-1.219988659,4.404284232,-3.183814471
50.59,-64.99971967,0.05293524109,0.5959943527,0.3177570015,0,-1.219986033,4.40427478,-3.183815902
50.6,-64.99972436,0.05293519887,0.5959944897,0.3177568627,0,-1.219983443,4.404265365,-3.183817308
50.61,-64.99972896,0.05293515719,0.5959946266,0.317756724,0,-1.219980891,4.404255987,-3.183818689
50.62,-64.99973349,0.05293511606,0.5959947636,0.3177565855,0,-1.219978376,4.404246646,-3.183820046
50.63,-64.99973793,0.05293507547,0.5959949006,0.3177564471,0,-1.219975897,4.404237342,-3.183821379
50.64,-64.99974229,0.05293503543,0.5959950377,0.3177563088,0,-1.219973455,4.404228076,-3.183822687
50.65,-64.99974657,0.05293499592,0.5959951747,0.3177561706,0,-1.21997105,4.404218846,-3.18382397
50.66,-64.99975077,0.05293495696,0.5959953118,0.3177560326,0,-1.219968681,4.404209654,-3.18382523
50.67,-64.99975488,0.05293491853,0.5959954488,0.3177558948,0,-1.219966348,4.404200499,-3.183826465
50.68,-64.99975892,0.05293488064,0.5959955859,0.317755757,0,-1.219964052,4.404191381,-3.183827676
50.69,-64.99976288,0.05293484329,0.595995723,0.3177556194,0,-1.219961792,4.4041823,-3.183828863
50.7,-64.99976675,0.05293480647,0.5959958601,0.317755482,0,-1.219959568,4.404173256,-3.183830026
50.71,-64.99977055,0.05293477019,0.5959959972,0.3177553446,0,-1.21995738,4.40416425,-3.183831165
50.72,-64.99977427,0.05293473443,0.5959961342,0.3177552075,0,-1.219955228,4.404155281,-3.18383228
50.73,-64.9997779,0.0529346992,0.5959962713,0.3177550704,0,-1.219953112,4.404146349,-3.183833371
50.74,-64.99978146,0.0529346645,0.5959964083,0.3177549336,0,-1.219951031,4.404137455,-3.183834439
50.75,-64.99978494,0.05293463033,0.5959965454,0.3177547969,0,-1.219948986,4.404128598,-3.183835483
50.76,-64.99978835,0.05293459669,0.5959966824,0.3177546603,0,-1.219946976,4.404119778,-3.183836504
50.77,-64.99979167,0.05293456356,0.5959968194,0.3177545239,0,-1.219945002,4.404110995,-3.183837501
50.78,-64.99979492,0.05293453096,0.5959969563,0.3177543876,0,-1.219943062,4.40410225,-3.183838475
50.79,-64.99979808,0.05293449888,0.5959970933,0.3177542515,0,-1.219941158,4.404093542,-3.183839425
50.8,-64.99980118,0.05293446732,0.5959972302,0.3177541156,0,-1.219939289,4.404084872,-3.183840353
50.81,-64.99980419,0.05293443627,0.595997367,0.3177539798,0,-1.219937455,4.404076239,-3.183841257
50.82,-64.99980713,0.05293440575,0.5959975038,0.3177538442,0,-1.219935655,4.404067643,-3.183842138
50.83,-64.99980999,0.05293437573,0.5959976406,0.3177537088,0,-1.219933891,4.404059085,-3.183842996
50.84,-64.99981277,0.05293434623,0.5959977774,0.3177535735,0,-1.21993216,4.404050564,-3.183843831
50.85,-64.99981548,0.05293431724,0.5959979141,0.3177534384,0,-1.219930465,4.404042081,-3.183844643
50.86,-64.99981811,0.05293428876,0.5959980507,0.3177533035,0,-1.219928803,4.404033634,-3.183845433
50.87,-64.99982067,0.05293426079,0.5959981873,0.3177531688,0,-1.219927176,4.404025226,-3.1838462
50.88,-64.99982315,0.05293423333,0.5959983238,0.3177530342,0,-1.219925583,4.404016855,-3.183846944
50.89,-64.99982555,0.05293420637,0.5959984603,0.3177528998,0,-1.219924024,4.404008521,-3.183847666
50.9,-64.99982788,0.05293417991,0.5959985967,0.3177527656,0,-1.219922499,4.404000225,-3.183848365
50.91,-64.99983014,0.05293415396,0.595998733,0.3177526315,0,-1.219921007,4.403991966,-3.183849042
50.92,-64.99983232,0.0529341285,0.5959988693,0.3177524977,0,-1.21991955,4.403983744,-3.183849697
50.93,-64.99983443,0.05293410355,0.5959990055,0.317752364,0,-1.219918125,4.40397556,-3.183850329
50.94,-64.99983646,0.05293407909,0.5959991416,0.3177522305,0,-1.219916735,4.403967414,-3.183850939
50.95,-64.99983843,0.05293405513,0.5959992777,0.3177520972,0,-1.219915377,4.403959304,-3.183851528
50.96,-64.99984031,0.05293403167,0.5959994137,0.3177519641,0,-1.219914053,4.403951233,-3.183852094
50.97,-64.99984213,0.05293400869,0.5959995496,0.3177518312,0,-1.219912762,4.403943198,-3.183852638
50.98,-64.99984387,0.05293398621,0.5959996853,0.3177516985,0,-1.219911505,4.403935201,-3.183853161
50.99,-64.99984554,0.05293396422,0.5959998211,0.317751566,0,-1.219910279,4.403927242,-3.183853661
51,-64.99984713,0.05293394272,0.5959999567,0.3177514337,0,-1.219909087,4.40391932,-3.18385414
51.01,-64.99984866,0.0529339217,0.5960000922,0.3177513015,0,-1.219907928,4.403911435,-3.183854598
51.02,-64.99985011,0.05293390116,0.5960002276,0.3177511696,0,-1.219906801,4.403903588,-3.183855034
51.03,-64.99985149,0.05293388111,0.5960003629,0.3177510379,0,-1.219905706,4.403895778,-3.183855448
51.04,-64.99985281,0.05293386155,0.5960004982,0.3177509064,0,-1.219904644,4.403888006,-3.183855842
51.05,-64.99985405,0.05293384246,0.5960006333,0.317750775,0,-1.219903614,4.403880271,-3.183856214
51.06,-64.99985521,0.05293382385,0.5960007683,0.3177506439,0,-1.219902616,4.403872573,-3.183856564
51.07,-64.99985631,0.05293380572,0.5960009032,0.317750513,0,-1.21990165,4.403864913,-3.183856894
51.08,-64.99985734,0.05293378806,0.5960010379,0.3177503823,0,-1.219900716,4.40385729,-3.183857203
51.09,-64.9998583,0.05293377088,0.5960011726,0.3177502519,0,-1.219899814,4.403849705,-3.18385749
51.1,-64.99985919,0.05293375417,0.5960013071,0.3177501216,0,-1.219898944,4.403842157,-3.183857757
51.11,-64.99986001,0.05293373793,0.5960014416,0.3177499915,0,-1.219898105,4.403834646,-3.183858003
51.12,-64.99986076,0.05293372216,0.5960015759,0.3177498617,0,-1.219897297,4.403827172,-3.183858228
51.13,-64.99986144,0.05293370685,0.59600171,0.3177497321,0,-1.219896521,4.403819736,-3.183858433
51.14,-64.99986206,0.05293369201,0.596001844,0.3177496027,0,-1.219895776,4.403812337,-3.183858617
51.15,-64.9998626,0.05293367764,0.5960019779,0.3177494735,0,-1.219895062,4.403804976,-3.183858781
51.16,-64.99986308,0.05293366373,0.5960021117,0.3177493445,0,-1.219894379,4.403797651,-3.183858924
51.17,-64.99986349,0.05293365028,0.5960022453,0.3177492158,0,-1.219893727,4.403790364,-3.183859047
51.18,-64.99986383,0.05293363729,0.5960023788,0.3177490873,0,-1.219893105,4.403783115,-3.183859149
51.19,-64.99986411,0.05293362475,0.5960025122,0.317748959,0,-1.219892515,4.403775902,-3.183859232
51.2,-64.99986431,0.05293361267,0.5960026453,0.317748831,0,-1.219891954,4.403768726,-3.183859294
51.21,-64.99986446,0.05293360105,0.5960027784,0.3177487031,0,-1.219891425,4.403761588,-3.183859337
51.22,-64.99986453,0.05293358988,0.5960029113,0.3177485755,0,-1.219890925,4.403754487,-3.183859359
51.23,-64.99986454,0.05293357916,0.596003044,0.3177484482,0,-1.219890456,4.403747423,-3.183859362
51.24,-64.99986448,0.05293356889,0.5960031766,0.317748321,0,-1.219890017,4.403740397,-3.183859345
51.25,-64.99986436,0.05293355907,0.596003309,0.3177481941,0,-1.219889607,4.403733407,-3.183859308
51.26,-64.99986417,0.05293354969,0.5960034413,0.3177480675,0,-1.219889228,4.403726454,-3.183859252
51.27,-64.99986392,0.05293354076,0.5960035734,0.3177479411,0,-1.219888878,4.403719539,-3.183859176
51.28,-64.9998636,0.05293353228,0.5960037053,0.3177478149,0,-1.219888558,4.40371266,-3.183859081
51.29,-64.99986322,0.05293352423,0.5960038371,0.317747689,0,-1.219888267,4.403705819,-3.183858966
51.3,-64.99986277,0.05293351662,0.5960039686,0.3177475633,0,-1.219888006,4.403699014,-3.183858832
51.31,-64.99986226,0.05293350945,0.5960041001,0.3177474378,0,-1.219887774,4.403692247,-3.183858679
51.32,-64.99986169,0.05293350272,0.5960042313,0.3177473126,0,-1.219887571,4.403685516,-3.183858507
51.33,-64.99986105,0.05293349642,0.5960043623,0.3177471876,0,-1.219887397,4.403678823,-3.183858316
51.34,-64.99986035,0.05293349056,0.5960044932,0.3177470629,0,-1.219887252,4.403672166,-3.183858106
51.35,-64.99985959,0.05293348513,0.5960046239,0.3177469384,0,-1.219887136,4.403665546,-3.183857877
51.36,-64.99985876,0.05293348012,0.5960047544,0.3177468142,0,-1.219887048,4.403658963,-3.183857629
51.37,-64.99985788,0.05293347555,0.5960048847,0.3177466903,0,-1.219886989,4.403652417,-3.183857363
51.38,-64.99985693,0.0529334714,0.5960050149,0.3177465666,0,-1.219886959,4.403645908,-3.183857078
51.39,-64.99985591,0.05293346768,0.5960051448,0.3177464431,0,-1.219886957,4.403639435,-3.183856774
51.4,-64.99985484,0.05293346438,0.5960052745,0.3177463199,0,-1.219886983,4.403632999,-3.183856452
51.41,-64.9998537,0.0529334615,0.5960054041,0.3177461969,0,-1.219887037,4.4036266,-3.183856111
51.42,-64.99985251,0.05293345904,0.5960055334,0.3177460743,0,-1.219887119,4.403620238,-3.183855753
51.43,-64.99985125,0.052933457,0.5960056626,0.3177459518,0,-1.219887229,4.403613912,-3.183855376
51.44,-64.99984993,0.05293345538,0.5960057915,0.3177458297,0,-1.219887366,4.403607623,-3.18385498
51.45,-64.99984856,0.05293345417,0.5960059202,0.3177457078,0,-1.219887532,4.40360137,-3.183854567
51.46,-64.99984712,0.05293345337,0.5960060488,0.3177455861,0,-1.219887724,4.403595154,-3.183854136
51.47,-64.99984562,0.05293345299,0.5960061771,0.3177454647,0,-1.219887945,4.403588974,-3.183853687
51.48,-64.99984407,0.05293345301,0.5960063052,0.3177453436,0,-1.219888192,4.403582831,-3.18385322
51.49,-64.99984245,0.05293345345,0.596006433,0.3177452228,0,-1.219888467,4.403576725,-3.183852736
51.5,-64.99984078,0.05293345429,0.5960065607,0.3177451022,0,-1.219888768,4.403570654,-3.183852233
51.51,-64.99983905,0.05293345553,0.5960066881,0.3177449819,0,-1.219889097,4.403564621,-3.183851714
51.52,-64.99983725,0.05293345718,0.5960068154,0.3177448618,0,-1.219889452,4.403558623,-3.183851176
51.53,-64.99983541,0.05293345923,0.5960069424,0.317744742,0,-1.219889834,4.403552662,-3.183850622
51.54,-64.9998335,0.05293346168,0.5960070691,0.3177446225,0,-1.219890243,4.403546737,-3.183850049
51.55,-64.99983153,0.05293346453,0.5960071957,0.3177445033,0,-1.219890678,4.403540848,-3.18384946
51.56,-64.99982951,0.05293346778,0.596007322,0.3177443844,0,-1.21989114,4.403534996,-3.183848854
51.57,-64.99982743,0.05293347142,0.5960074481,0.3177442657,0,-1.219891627,4.403529179,-3.18384823
51.58,-64.9998253,0.05293347545,0.5960075739,0.3177441473,0,-1.219892141,4.403523399,-3.18384759
51.59,-64.99982311,0.05293347988,0.5960076995,0.3177440291,0,-1.219892681,4.403517655,-3.183846932
51.6,-64.99982086,0.05293348469,0.5960078249,0.3177439113,0,-1.219893247,4.403511947,-3.183846258
51.61,-64.99981856,0.0529334899,0.59600795,0.3177437937,0,-1.219893838,4.403506275,-3.183845567
51.62,-64.9998162,0.05293349549,0.5960080749,0.3177436764,0,-1.219894455,4.403500639,-3.183844859
51.63,-64.99981378,0.05293350146,0.5960081996,0.3177435594,0,-1.219895098,4.403495038,-3.183844135
51.64,-64.99981131,0.05293350782,0.596008324,0.3177434427,0,-1.219895766,4.403489474,-3.183843394
51.65,-64.99980879,0.05293351456,0.5960084481,0.3177433263,0,-1.219896459,4.403483946,-3.183842637
51.66,-64.99980621,0.05293352168,0.596008572,0.3177432101,0,-1.219897178,4.403478453,-3.183841863
51.67,-64.99980358,0.05293352918,0.5960086956,0.3177430942,0,-1.219897921,4.403472996,-3.183841073
51.68,-64.99980089,0.05293353705,0.596008819,0.3177429787,0,-1.21989869,4.403467574,-3.183840267
51.69,-64.99979815,0.0529335453,0.5960089422,0.3177428634,0,-1.219899483,4.403462189,-3.183839445
51.7,-64.99979536,0.05293355393,0.596009065,0.3177427484,0,-1.219900301,4.403456839,-3.183838607
51.71,-64.99979251,0.05293356292,0.5960091877,0.3177426336,0,-1.219901144,4.403451524,-3.183837753
51.72,-64.99978961,0.05293357228,0.59600931,0.3177425192,0,-1.219902011,4.403446245,-3.183836883
51.73,-64.99978666,0.05293358202,0.5960094321,0.3177424051,0,-1.219902902,4.403441002,-3.183835997
51.74,-64.99978365,0.05293359212,0.5960095539,0.3177422912,0,-1.219903818,4.403435794,-3.183835095
51.75,-64.99978059,0.05293360258,0.5960096755,0.3177421777,0,-1.219904758,4.403430621,-3.183834178
51.76,-64.99977748,0.0529336134,0.5960097968,0.3177420644,0,-1.219905721,4.403425484,-3.183833245
51.77,-64.99977432,0.05293362459,0.5960099178,0.3177419515,0,-1.219906709,4.403420382,-3.183832297
51.78,-64.99977111,0.05293363614,0.5960100386,0.3177418388,0,-1.219907721,4.403415315,-3.183831334
51.79,-64.99976785,0.05293364805,0.596010159,0.3177417264,0,-1.219908756,4.403410283,-3.183830355
51.8,-64.99976454,0.05293366031,0.5960102792,0.3177416144,0,-1.219909814,4.403405287,-3.183829361
51.81,-64.99976117,0.05293367293,0.5960103991,0.3177415026,0,-1.219910896,4.403400326,-3.183828352
51.82,-64.99975776,0.0529336859,0.5960105188,0.3177413911,0,-1.219912002,4.403395399,-3.183827327
51.83,-64.99975429,0.05293369922,0.5960106381,0.31774128,0,-1.21991313,4.403390508,-3.183826288
51.84,-64.99975078,0.05293371289,0.5960107572,0.3177411691,0,-1.219914282,4.403385651,-3.183825234
51.85,-64.99974722,0.05293372691,0.596010876,0.3177410585,0,-1.219915457,4.40338083,-3.183824165
51.86,-64.9997436,0.05293374127,0.5960109945,0.3177409483,0,-1.219916654,4.403376043,-3.183823081
51.87,-64.99973994,0.05293375598,0.5960111127,0.3177408383,0,-1.219917874,4.403371291,-3.183821983
51.88,-64.99973623,0.05293377104,0.5960112306,0.3177407287,0,-1.219919117,4.403366574,-3.18382087
51.89,-64.99973247,0.05293378643,0.5960113482,0.3177406193,0,-1.219920382,4.403361891,-3.183819742
51.9,-64.99972867,0.05293380216,0.5960114656,0.3177405103,0,-1.21992167,4.403357243,-3.1838186
51.91,-64.99972481,0.05293381824,0.5960115826,0.3177404015,0,-1.21992298,4.40335263,-3.183817444
51.92,-64.99972091,0.05293383465,0.5960116994,0.3177402931,0,-1.219924312,4.403348051,-3.183816274
51.93,-64.99971696,0.05293385139,0.5960118158,0.317740185,0,-1.219925666,4.403343507,-3.183815089
51.94,-64.99971297,0.05293386846,0.596011932,0.3177400772,0,-1.219927042,4.403338997,-3.18381389
51.95,-64.99970892,0.05293388587,0.5960120478,0.3177399697,0,-1.21992844,4.403334521,-3.183812677
51.96,-64.99970484,0.05293390361,0.5960121634,0.3177398625,0,-1.219929859,4.40333008,-3.183811451
51.97,-64.9997007,0.05293392167,0.5960122786,0.3177397556,0,-1.2199313,4.403325672,-3.18381021
51.98,-64.99969652,0.05293394007,0.5960123935,0.317739649,0,-1.219932762,4.403321299,-3.183808956
51.99,-64.99969229,0.05293395878,0.5960125082,0.3177395428,0,-1.219934246,4.403316961,-3.183807688
52,-64.99968802,0.05293397782,0.5960126225,0.3177394368,0,-1.219935751,4.403312656,-3.183806406
52.01,-64.9996837,0.05293399718,0.5960127365,0.3177393312,0,-1.219937277,4.403308385,-3.183805111
52.02,-64.99967934,0.05293401686,0.5960128502,0.3177392259,0,-1.219938824,4.403304148,-3.183803802
52.03,-64.99967493,0.05293403686,0.5960129636,0.3177391209,0,-1.219940392,4.403299945,-3.18380248
52.04,-64.99967048,0.05293405717,0.5960130766,0.3177390162,0,-1.219941981,4.403295776,-3.183801144
52.05,-64.99966599,0.0529340778,0.5960131894,0.3177389119,0,-1.21994359,4.40329164,-3.183799796
52.06,-64.99966145,0.05293409874,0.5960133018,0.3177388078,0,-1.21994522,4.403287538,-3.183798434
52.07,-64.99965686,0.05293411999,0.5960134139,0.3177387041,0,-1.21994687,4.40328347,-3.183797059
52.08,-64.99965224,0.05293414156,0.5960135257,0.3177386007,0,-1.219948541,4.403279436,-3.183795671
52.09,-64.99964757,0.05293416343,0.5960136372,0.3177384976,0,-1.219950232,4.403275435,-3.18379427
52.1,-64.99964286,0.0529341856,0.5960137483,0.3177383948,0,-1.219951943,4.403271467,-3.183792857
52.11,-64.9996381,0.05293420809,0.5960138592,0.3177382924,0,-1.219953673,4.403267533,-3.18379143
52.12,-64.9996333,0.05293423087,0.5960139697,0.3177381903,0,-1.219955424,4.403263632,-3.183789991
52.13,-64.99962847,0.05293425396,0.5960140798,0.3177380885,0,-1.219957194,4.403259764,-3.18378854
52.14,-64.99962359,0.05293427734,0.5960141897,0.317737987,0,-1.219958984,4.40325593,-3.183787076
52.15,-64.99961866,0.05293430102,0.5960142992,0.3177378858,0,-1.219960794,4.403252129,-3.183785599
52.16,-64.9996137,0.052934325,0.5960144083,0.317737785,0,-1.219962622,4.40324836,-3.18378411
52.17,-64.9996087,0.05293434928,0.5960145172,0.3177376845,0,-1.21996447,4.403244625,-3.183782609
52.18,-64.99960365,0.05293437385,0.5960146257,0.3177375843,0,-1.219966338,4.403240923,-3.183781095
52.19,-64.99959857,0.0529343987,0.5960147339,0.3177374845,0,-1.219968224,4.403237253,-3.18377957
52.2,-64.99959344,0.05293442385,0.5960148417,0.3177373849,0,-1.219970129,4.403233617,-3.183778032
52.21,-64.99958827,0.05293444929,0.5960149492,0.3177372857,0,-1.219972053,4.403230013,-3.183776482
52.22,-64.99958307,0.05293447501,0.5960150564,0.3177371869,0,-1.219973996,4.403226442,-3.183774921
52.23,-64.99957783,0.05293450102,0.5960151632,0.3177370883,0,-1.219975957,4.403222903,-3.183773348
52.24,-64.99957254,0.05293452731,0.5960152697,0.3177369901,0,-1.219977937,4.403219397,-3.183771763
52.25,-64.99956722,0.05293455389,0.5960153758,0.3177368922,0,-1.219979935,4.403215924,-3.183770166
52.26,-64.99956186,0.05293458074,0.5960154816,0.3177367946,0,-1.219981951,4.403212483,-3.183768558
52.27,-64.99955646,0.05293460787,0.5960155871,0.3177366974,0,-1.219983985,4.403209074,-3.183766938
52.28,-64.99955102,0.05293463528,0.5960156922,0.3177366005,0,-1.219986038,4.403205697,-3.183765306
52.29,-64.99954555,0.05293466296,0.596015797,0.3177365039,0,-1.219988108,4.403202353,-3.183763664
52.3,-64.99954003,0.05293469092,0.5960159014,0.3177364077,0,-1.219990196,4.403199041,-3.18376201
52.31,-64.99953448,0.05293471914,0.5960160054,0.3177363118,0,-1.219992302,4.403195761,-3.183760345
52.32,-64.9995289,0.05293474764,0.5960161091,0.3177362162,0,-1.219994425,4.403192512,-3.183758669
52.33,-64.99952327,0.05293477641,0.5960162125,0.3177361209,0,-1.219996566,4.403189296,-3.183756981
52.34,-64.99951761,0.05293480544,0.5960163155,0.317736026,0,-1.219998724,4.403186112,-3.183755283
52.35,-64.99951191,0.05293483474,0.5960164181,0.3177359314,0,-1.2200009,4.403182959,-3.183753574
52.36,-64.99950618,0.0529348643,0.5960165204,0.3177358372,0,-1.220003092,4.403179838,-3.183751854
52.37,-64.99950041,0.05293489412,0.5960166224,0.3177357433,0,-1.220005302,4.403176749,-3.183750123
52.38,-64.99949461,0.05293492421,0.596016724,0.3177356497,0,-1.220007528,4.403173692,-3.183748382
52.39,-64.99948877,0.05293495455,0.5960168252,0.3177355564,0,-1.220009772,4.403170665,-3.18374663
52.4,-64.99948289,0.05293498515,0.596016926,0.3177354635,0,-1.220012031,4.403167671,-3.183744868
52.41,-64.99947698,0.05293501601,0.5960170265,0.3177353709,0,-1.220014308,4.403164707,-3.183743095
52.42,-64.99947104,0.05293504711,0.5960171267,0.3177352787,0,-1.220016601,4.403161775,-3.183741312
52.43,-64.99946506,0.05293507848,0.5960172265,0.3177351868,0,-1.22001891,4.403158874,-3.183739518
52.44,-64.99945905,0.05293511009,0.5960173259,0.3177350952,0,-1.220021235,4.403156005,-3.183737714
52.45,-64.999453,0.05293514195,0.5960174249,0.317735004,0,-1.220023577,4.403153166,-3.1837359
52.46,-64.99944692,0.05293517406,0.5960175236,0.3177349131,0,-1.220025935,4.403150358,-3.183734076
52.47,-64.99944081,0.05293520641,0.596017622,0.3177348225,0,-1.220028308,4.403147581,-3.183732242
52.48,-64.99943466,0.05293523901,0.5960177199,0.3177347323,0,-1.220030697,4.403144836,-3.183730399
52.49,-64.99942848,0.05293527185,0.5960178175,0.3177346424,0,-1.220033102,4.40314212,-3.183728545
52.5,-64.99942227,0.05293530493,0.5960179147,0.3177345529,0,-1.220035523,4.403139436,-3.183726682
52.51,-64.99941603,0.05293533825,0.5960180116,0.3177344637,0,-1.220037959,4.403136782,-3.183724808
52.52,-64.99940975,0.05293537181,0.596018108,0.3177343748,0,-1.22004041,4.403134159,-3.183722926
52.53,-64.99940344,0.05293540561,0.5960182042,0.3177342863,0,-1.220042876,4.403131566,-3.183721033
52.54,-64.99939711,0.05293543964,0.5960182999,0.3177341981,0,-1.220045358,4.403129003,-3.183719132
52.55,-64.99939073,0.0529354739,0.5960183953,0.3177341103,0,-1.220047855,4.403126471,-3.18371722
52.56,-64.99938433,0.0529355084,0.5960184902,0.3177340228,0,-1.220050366,4.403123969,-3.1837153
52.57,-64.9993779,0.05293554312,0.5960185849,0.3177339356,0,-1.220052893,4.403121497,-3.18371337
52.58,-64.99937144,0.05293557807,0.5960186791,0.3177338488,0,-1.220055434,4.403119056,-3.183711431
52.59,-64.99936494,0.05293561325,0.596018773,0.3177337623,0,-1.22005799,4.403116644,-3.183709483
52.6,-64.99935842,0.05293564866,0.5960188664,0.3177336761,0,-1.22006056,4.403114262,-3.183707526
52.61,-64.99935187,0.05293568429,0.5960189595,0.3177335903,0,-1.220063144,4.40311191,-3.183705561
52.62,-64.99934529,0.05293572014,0.5960190523,0.3177335049,0,-1.220065743,4.403109588,-3.183703586
52.63,-64.99933867,0.05293575621,0.5960191446,0.3177334197,0,-1.220068356,4.403107296,-3.183701602
52.64,-64.99933203,0.05293579249,0.5960192366,0.317733335,0,-1.220070983,4.403105033,-3.18369961
52.65,-64.99932536,0.052935829,0.5960193282,0.3177332505,0,-1.220073624,4.403102799,-3.183697609
52.66,-64.99931866,0.05293586572,0.5960194194,0.3177331664,0,-1.220076279,4.403100596,-3.183695599
52.67,-64.99931194,0.05293590266,0.5960195102,0.3177330827,0,-1.220078947,4.403098421,-3.183693581
52.68,-64.99930518,0.05293593981,0.5960196006,0.3177329992,0,-1.220081629,4.403096276,-3.183691555
52.69,-64.9992984,0.05293597717,0.5960196907,0.3177329162,0,-1.220084325,4.40309416,-3.18368952
52.7,-64.99929159,0.05293601474,0.5960197804,0.3177328335,0,-1.220087034,4.403092073,-3.183687476
52.71,-64.99928475,0.05293605251,0.5960198696,0.3177327511,0,-1.220089756,4.403090015,-3.183685425
52.72,-64.99927789,0.0529360905,0.5960199585,0.317732669,0,-1.220092492,4.403087986,-3.183683366
52.73,-64.99927099,0.05293612868,0.596020047,0.3177325873,0,-1.22009524,4.403085987,-3.183681298
52.74,-64.99926407,0.05293616707,0.5960201352,0.317732506,0,-1.220098002,4.403084015,-3.183679222
52.75,-64.99925713,0.05293620567,0.5960202229,0.317732425,0,-1.220100776,4.403082073,-3.183677139
52.76,-64.99925016,0.05293624446,0.5960203103,0.3177323443,0,-1.220103563,4.403080159,-3.183675047
52.77,-64.99924316,0.05293628345,0.5960203972,0.317732264,0,-1.220106363,4.403078274,-3.183672948
52.78,-64.99923614,0.05293632264,0.5960204838,0.317732184,0,-1.220109176,4.403076418,-3.183670841
52.79,-64.99922909,0.05293636202,0.59602057,0.3177321043,0,-1.220112,4.403074589,-3.183668726
52.8,-64.99922201,0.0529364016,0.5960206557,0.3177320251,0,-1.220114838,4.40307279,-3.183666604
52.81,-64.99921492,0.05293644137,0.5960207411,0.3177319461,0,-1.220117687,4.403071018,-3.183664475
52.82,-64.99920779,0.05293648133,0.5960208261,0.3177318675,0,-1.220120549,4.403069274,-3.183662337
52.83,-64.99920064,0.05293652148,0.5960209108,0.3177317892,0,-1.220123422,4.403067559,-3.183660193
52.84,-64.99919347,0.05293656182,0.596020995,0.3177317113,0,-1.220126308,4.403065872,-3.183658041
52.85,-64.99918627,0.05293660235,0.5960210788,0.3177316337,0,-1.220129205,4.403064212,-3.183655882
52.86,-64.99917905,0.05293664306,0.5960211622,0.3177315565,0,-1.220132115,4.40306258,-3.183653716
52.87,-64.99917181,0.05293668395,0.5960212453,0.3177314796,0,-1.220135035,4.403060976,-3.183651543
52.88,-64.99916454,0.05293672503,0.5960213279,0.3177314031,0,-1.220137968,4.4030594,-3.183649362
52.89,-64.99915725,0.05293676628,0.5960214102,0.3177313269,0,-1.220140911,4.403057851,-3.183647175
52.9,-64.99914994,0.05293680772,0.596021492,0.317731251,0,-1.220143866,4.40305633,-3.183644981
52.91,-64.9991426,0.05293684933,0.5960215735,0.3177311755,0,-1.220146833,4.403054836,-3.18364278
52.92,-64.99913524,0.05293689112,0.5960216545,0.3177311004,0,-1.22014981,4.40305337,-3.183640572
52.93,-64.99912786,0.05293693308,0.5960217352,0.3177310256,0,-1.220152798,4.403051931,-3.183638358
52.94,-64.99912046,0.05293697521,0.5960218154,0.3177309511,0,-1.220155798,4.403050519,-3.183636137
52.95,-64.99911303,0.05293701752,0.5960218953,0.3177308769,0,-1.220158808,4.403049134,-3.183633909
52.96,-64.99910558,0.05293705999,0.5960219747,0.3177308032,0,-1.220161828,4.403047776,-3.183631675
52.97,-64.99909812,0.05293710264,0.5960220538,0.3177307297,0,-1.22016486,4.403046445,-3.183629435
52.98,-64.99909063,0.05293714545,0.5960221325,0.3177306566,0,-1.220167902,4.403045141,-3.183627188
52.99,-64.99908312,0.05293718842,0.5960222107,0.3177305839,0,-1.220170954,4.403043863,-3.183624935
53,-64.99907559,0.05293723157,0.5960222886,0.3177305115,0,-1.220174016,4.403042612,-3.183622676
53.01,-64.99906804,0.05293727487,0.596022366,0.3177304394,0,-1.220177089,4.403041388,-3.183620411
53.02,-64.99906047,0.05293731833,0.5960224431,0.3177303677,0,-1.220180172,4.40304019,-3.18361814
53.03,-64.99905287,0.05293736195,0.5960225198,0.3177302963,0,-1.220183265,4.403039019,-3.183615862
53.04,-64.99904526,0.05293740574,0.596022596,0.3177302253,0,-1.220186368,4.403037873,-3.183613579
53.05,-64.99903763,0.05293744967,0.5960226719,0.3177301546,0,-1.22018948,4.403036755,-3.18361129
53.06,-64.99902998,0.05293749377,0.5960227473,0.3177300842,0,-1.220192602,4.403035662,-3.183608995
53.07,-64.99902231,0.05293753801,0.5960228224,0.3177300142,0,-1.220195734,4.403034595,-3.183606694
53.08,-64.99901463,0.05293758241,0.596022897,0.3177299446,0,-1.220198876,4.403033554,-3.183604388
53.09,-64.99900692,0.05293762696,0.5960229713,0.3177298752,0,-1.220202027,4.403032539,-3.183602076
53.1,-64.9989992,0.05293767166,0.5960230451,0.3177298063,0,-1.220205187,4.40303155,-3.183599759
53.11,-64.99899145,0.05293771651,0.5960231185,0.3177297376,0,-1.220208356,4.403030587,-3.183597436
53.12,-64.99898369,0.0529377615,0.5960231916,0.3177296694,0,-1.220211534,4.403029649,-3.183595107
53.13,-64.99897591,0.05293780664,0.5960232642,0.3177296014,0,-1.220214722,4.403028737,-3.183592774
53.14,-64.99896812,0.05293785192,0.5960233364,0.3177295338,0,-1.220217918,4.40302785,-3.183590435
53.15,-64.9989603,0.05293789734,0.5960234082,0.3177294665,0,-1.220221123,4.403026988,-3.183588091
53.16,-64.99895247,0.05293794291,0.5960234796,0.3177293996,0,-1.220224337,4.403026152,-3.183585741
53.17,-64.99894462,0.05293798861,0.5960235506,0.3177293331,0,-1.22022756,4.403025341,-3.183583387
53.18,-64.99893676,0.05293803445,0.5960236212,0.3177292668,0,-1.220230791,4.403024555,-3.183581028
53.19,-64.99892888,0.05293808043,0.5960236914,0.3177292009,0,-1.22023403,4.403023794,-3.183578664
53.2,-64.99892098,0.05293812654,0.5960237612,0.3177291354,0,-1.220237278,4.403023058,-3.183576294
53.21,-64.99891307,0.05293817279,0.5960238306,0.3177290702,0,-1.220240534,4.403022347,-3.183573921
53.22,-64.99890514,0.05293821916,0.5960238996,0.3177290053,0,-1.220243798,4.403021661,-3.183571542
53.23,-64.99889719,0.05293826567,0.5960239681,0.3177289408,0,-1.22024707,4.403020999,-3.183569158
53.24,-64.99888923,0.05293831231,0.5960240363,0.3177288766,0,-1.220250351,4.403020361,-3.18356677
53.25,-64.99888126,0.05293835908,0.596024104,0.3177288128,0,-1.220253639,4.403019749,-3.183564378
53.26,-64.99887327,0.05293840597,0.5960241714,0.3177287493,0,-1.220256934,4.40301916,-3.183561981
53.27,-64.99886526,0.05293845299,0.5960242383,0.3177286861,0,-1.220260238,4.403018596,-3.183559579
53.28,-64.99885725,0.05293850013,0.5960243049,0.3177286233,0,-1.220263549,4.403018056,-3.183557174
53.29,-64.99884921,0.0529385474,0.596024371,0.3177285608,0,-1.220266868,4.40301754,-3.183554763
53.3,-64.99884116,0.05293859478,0.5960244367,0.3177284987,0,-1.220270193,4.403017049,-3.183552349
53.31,-64.9988331,0.05293864229,0.596024502,0.3177284369,0,-1.220273527,4.403016581,-3.183549931
53.32,-64.99882503,0.05293868991,0.5960245669,0.3177283754,0,-1.220276867,4.403016137,-3.183547508
53.33,-64.99881694,0.05293873765,0.5960246314,0.3177283143,0,-1.220280215,4.403015716,-3.183545081
53.34,-64.99880883,0.05293878551,0.5960246955,0.3177282535,0,-1.220283569,4.40301532,-3.18354265
53.35,-64.99880072,0.05293883348,0.5960247591,0.3177281931,0,-1.220286931,4.403014947,-3.183540216
53.36,-64.99879259,0.05293888156,0.5960248224,0.317728133,0,-1.220290299,4.403014597,-3.183537777
53.37,-64.99878445,0.05293892975,0.5960248853,0.3177280732,0,-1.220293674,4.403014271,-3.183535335
53.38,-64.9987763,0.05293897806,0.5960249477,0.3177280138,0,-1.220297056,4.403013968,-3.183532889
53.39,-64.99876813,0.05293902647,0.5960250098,0.3177279547,0,-1.220300444,4.403013689,-3.183530439
53.4,-64.99875995,0.05293907499,0.5960250714,0.3177278959,0,-1.220303839,4.403013432,-3.183527986
53.41,-64.99875176,0.05293912362,0.5960251326,0.3177278375,0,-1.22030724,4.403013199,-3.183525529
53.42,-64.99874356,0.05293917235,0.5960251935,0.3177277794,0,-1.220310647,4.403012988,-3.183523068
53.43,-64.99873535,0.05293922118,0.5960252539,0.3177277217,0,-1.220314061,4.403012801,-3.183520604
53.44,-64.99872712,0.05293927012,0.5960253139,0.3177276643,0,-1.220317481,4.403012636,-3.183518137
53.45,-64.99871889,0.05293931915,0.5960253735,0.3177276072,0,-1.220320906,4.403012494,-3.183515666
53.46,-64.99871064,0.05293936829,0.5960254326,0.3177275505,0,-1.220324338,4.403012374,-3.183513193
53.47,-64.99870239,0.05293941752,0.5960254914,0.3177274941,0,-1.220327775,4.403012277,-3.183510716
53.48,-64.99869412,0.05293946685,0.5960255498,0.317727438,0,-1.220331219,4.403012202,-3.183508235
53.49,-64.99868584,0.05293951628,0.5960256078,0.3177273823,0,-1.220334668,4.40301215,-3.183505752
53.5,-64.99867755,0.0529395658,0.5960256653,0.3177273269,0,-1.220338122,4.40301212,-3.183503266
53.51,-64.99866925,0.05293961541,0.5960257225,0.3177272718,0,-1.220341582,4.403012112,-3.183500776
53.52,-64.99866095,0.05293966512,0.5960257792,0.3177272171,0,-1.220345047,4.403012126,-3.183498284
53.53,-64.99865263,0.05293971491,0.5960258355,0.3177271627,0,-1.220348518,4.403012162,-3.183495789
53.54,-64.9986443,0.0529397648,0.5960258914,0.3177271086,0,-1.220351994,4.40301222,-3.183493291
53.55,-64.99863597,0.05293981477,0.596025947,0.3177270549,0,-1.220355475,4.403012299,-3.183490791
53.56,-64.99862763,0.05293986482,0.5960260021,0.3177270015,0,-1.220358961,4.403012401,-3.183488288
53.57,-64.99861927,0.05293991497,0.5960260568,0.3177269484,0,-1.220362452,4.403012524,-3.183485782
53.58,-64.99861091,0.05293996519,0.5960261111,0.3177268957,0,-1.220365947,4.403012668,-3.183483273
53.59,-64.99860254,0.0529400155,0.5960261649,0.3177268433,0,-1.220369448,4.403012834,-3.183480763
53.6,-64.99859416,0.05294006589,0.5960262184,0.3177267912,0,-1.220372953,4.403013021,-3.183478249
53.61,-64.99858578,0.05294011636,0.5960262715,0.3177267395,0,-1.220376463,4.40301323,-3.183475733
53.62,-64.99857738,0.05294016691,0.5960263242,0.3177266881,0,-1.220379978,4.403013459,-3.183473215
53.63,-64.99856898,0.05294021753,0.5960263764,0.317726637,0,-1.220383497,4.40301371,-3.183470695
53.64,-64.99856058,0.05294026823,0.5960264283,0.3177265862,0,-1.22038702,4.403013981,-3.183468173
53.65,-64.99855216,0.05294031901,0.5960264797,0.3177265358,0,-1.220390547,4.403014274,-3.183465648
53.66,-64.99854374,0.05294036986,0.5960265308,0.3177264857,0,-1.220394079,4.403014587,-3.183463121
53.67,-64.99853531,0.05294042078,0.5960265814,0.3177264359,0,-1.220397615,4.403014921,-3.183460592
53.68,-64.99852687,0.05294047177,0.5960266316,0.3177263865,0,-1.220401155,4.403015275,-3.183458061
53.69,-64.99851843,0.05294052283,0.5960266814,0.3177263374,0,-1.220404698,4.40301565,-3.183455529
53.7,-64.99850998,0.05294057397,0.5960267309,0.3177262886,0,-1.220408246,4.403016045,-3.183452994
53.71,-64.99850152,0.05294062516,0.5960267799,0.3177262402,0,-1.220411797,4.403016461,-3.183450457
53.72,-64.99849306,0.05294067643,0.5960268285,0.317726192,0,-1.220415352,4.403016897,-3.183447919
53.73,-64.9984846,0.05294072776,0.5960268767,0.3177261442,0,-1.220418911,4.403017353,-3.183445379
53.74,-64.99847613,0.05294077915,0.5960269245,0.3177260967,0,-1.220422473,4.403017829,-3.183442838
53.75,-64.99846765,0.0529408306,0.5960269719,0.3177260496,0,-1.220426039,4.403018325,-3.183440294
53.76,-64.99845917,0.05294088212,0.5960270189,0.3177260027,0,-1.220429608,4.403018841,-3.18343775
53.77,-64.99845068,0.0529409337,0.5960270655,0.3177259562,0,-1.22043318,4.403019377,-3.183435203
53.78,-64.99844218,0.05294098533,0.5960271117,0.31772591,0,-1.220436755,4.403019932,-3.183432655
53.79,-64.99843369,0.05294103702,0.5960271574,0.3177258642,0,-1.220440334,4.403020507,-3.183430106
53.8,-64.99842519,0.05294108877,0.5960272028,0.3177258186,0,-1.220443915,4.403021102,-3.183427556
53.81,-64.99841668,0.05294114058,0.5960272478,0.3177257734,0,-1.2204475,4.403021716,-3.183425004
53.82,-64.99840817,0.05294119243,0.5960272924,0.3177257285,0,-1.220451087,4.403022349,-3.183422451
53.83,-64.99839966,0.05294124434,0.5960273366,0.3177256839,0,-1.220454677,4.403023001,-3.183419897
53.84,-64.99839114,0.05294129631,0.5960273803,0.3177256397,0,-1.22045827,4.403023673,-3.183417342
53.85,-64.99838262,0.05294134832,0.5960274237,0.3177255957,0,-1.220461866,4.403024363,-3.183414785
53.86,-64.99837409,0.05294140038,0.5960274667,0.3177255521,0,-1.220465464,4.403025073,-3.183412228
53.87,-64.99836557,0.05294145249,0.5960275092,0.3177255088,0,-1.220469064,4.403025801,-3.18340967
53.88,-64.99835703,0.05294150464,0.5960275514,0.3177254658,0,-1.220472667,4.403026549,-3.18340711
53.89,-64.9983485,0.05294155685,0.5960275932,0.3177254232,0,-1.220476273,4.403027314,-3.18340455
53.9,-64.99833996,0.05294160909,0.5960276346,0.3177253808,0,-1.22047988,4.403028099,-3.183401989
53.91,-64.99833143,0.05294166138,0.5960276755,0.3177253388,0,-1.22048349,4.403028902,-3.183399428
53.92,-64.99832288,0.05294171371,0.5960277161,0.3177252971,0,-1.220487101,4.403029723,-3.183396865
53.93,-64.99831434,0.05294176609,0.5960277563,0.3177252557,0,-1.220490715,4.403030563,-3.183394302
53.94,-64.9983058,0.0529418185,0.5960277961,0.3177252146,0,-1.220494331,4.403031421,-3.183391739
53.95,-64.99829725,0.05294187095,0.5960278354,0.3177251738,0,-1.220497948,4.403032297,-3.183389174
53.96,-64.9982887,0.05294192344,0.5960278744,0.3177251334,0,-1.220501568,4.403033191,-3.18338661
53.97,-64.99828015,0.05294197597,0.596027913,0.3177250933,0,-1.220505188,4.403034103,-3.183384045
53.98,-64.9982716,0.05294202853,0.5960279512,0.3177250534,0,-1.220508811,4.403035033,-3.183381479
53.99,-64.99826304,0.05294208112,0.596027989,0.3177250139,0,-1.220512435,4.403035981,-3.183378913
54,-64.99825449,0.05294213375,0.5960280264,0.3177249747,0,-1.220516061,4.403036946,-3.183376347
54.01,-64.99824593,0.05294218641,0.5960280634,0.3177249358,0,-1.220519688,4.403037929,-3.18337378
54.02,-64.99823738,0.0529422391,0.5960281,0.3177248973,0,-1.220523316,4.403038929,-3.183371214
54.03,-64.99822882,0.05294229182,0.5960281362,0.317724859,0,-1.220526946,4.403039947,-3.183368647
54.04,-64.99822027,0.05294234457,0.5960281721,0.317724821,0,-1.220530577,4.403040982,-3.18336608
54.05,-64.99821171,0.05294239735,0.5960282075,0.3177247834,0,-1.220534208,4.403042035,-3.183363513
54.06,-64.99820315,0.05294245015,0.5960282425,0.3177247461,0,-1.220537841,4.403043104,-3.183360946
54.07,-64.9981946,0.05294250298,0.5960282772,0.317724709,0,-1.220541475,4.403044191,-3.183358379
54.08,-64.99818604,0.05294255583,0.5960283114,0.3177246723,0,-1.22054511,4.403045294,-3.183355812
54.09,-64.99817748,0.05294260871,0.5960283453,0.3177246359,0,-1.220548745,4.403046415,-3.183353245
54.1,-64.99816893,0.0529426616,0.5960283788,0.3177245998,0,-1.220552382,4.403047552,-3.183350678
54.11,-64.99816037,0.05294271452,0.5960284118,0.317724564,0,-1.220556019,4.403048706,-3.183348112
54.12,-64.99815182,0.05294276746,0.5960284445,0.3177245285,0,-1.220559656,4.403049876,-3.183345546
54.13,-64.99814327,0.05294282042,0.5960284768,0.3177244933,0,-1.220563294,4.403051063,-3.18334298
54.14,-64.99813471,0.05294287339,0.5960285087,0.3177244584,0,-1.220566933,4.403052267,-3.183340414
54.15,-64.99812616,0.05294292638,0.5960285403,0.3177244238,0,-1.220570571,4.403053487,-3.183337849
54.16,-64.99811762,0.05294297939,0.5960285714,0.3177243896,0,-1.220574211,4.403054722,-3.183335285
54.17,-64.99810907,0.05294303241,0.5960286021,0.3177243556,0,-1.22057785,4.403055975,-3.183332721
54.18,-64.99810052,0.05294308545,0.5960286325,0.3177243219,0,-1.22058149,4.403057243,-3.183330157
54.19,-64.99809198,0.05294313849,0.5960286625,0.3177242885,0,-1.220585129,4.403058527,-3.183327594
54.2,-64.99808344,0.05294319155,0.5960286921,0.3177242555,0,-1.220588769,4.403059827,-3.183325032
54.21,-64.9980749,0.05294324462,0.5960287213,0.3177242227,0,-1.220592409,4.403061143,-3.183322471
54.22,-64.99806637,0.0529432977,0.5960287501,0.3177241902,0,-1.220596048,4.403062474,-3.18331991
54.23,-64.99805783,0.05294335079,0.5960287785,0.317724158,0,-1.220599688,4.403063821,-3.18331735
54.24,-64.9980493,0.05294340388,0.5960288066,0.3177241262,0,-1.220603327,4.403065184,-3.18331479
54.25,-64.99804077,0.05294345698,0.5960288342,0.3177240946,0,-1.220606965,4.403066562,-3.183312232
54.26,-64.99803225,0.05294351008,0.5960288615,0.3177240633,0,-1.220610604,4.403067955,-3.183309675
54.27,-64.99802373,0.05294356319,0.5960288884,0.3177240323,0,-1.220614242,4.403069364,-3.183307118
54.28,-64.99801521,0.05294361631,0.596028915,0.3177240016,0,-1.220617879,4.403070788,-3.183304563
54.29,-64.99800669,0.05294366942,0.5960289411,0.3177239712,0,-1.220621516,4.403072226,-3.183302008
54.3,-64.99799818,0.05294372254,0.5960289669,0.3177239411,0,-1.220625152,4.40307368,-3.183299455
54.31,-64.99798968,0.05294377565,0.5960289922,0.3177239113,0,-1.220628788,4.403075149,-3.183296903
54.32,-64.99798117,0.05294382877,0.5960290172,0.3177238818,0,-1.220632422,4.403076633,-3.183294352
54.33,-64.99797267,0.05294388188,0.5960290419,0.3177238526,0,-1.220636056,4.403078131,-3.183291802
54.34,-64.99796418,0.05294393499,0.5960290661,0.3177238236,0,-1.220639689,4.403079644,-3.183289253
54.35,-64.99795569,0.0529439881,0.59602909,0.317723795,0,-1.220643321,4.403081171,-3.183286706
54.36,-64.9979472,0.0529440412,0.5960291135,0.3177237667,0,-1.220646952,4.403082713,-3.18328416
54.37,-64.99793872,0.05294409429,0.5960291366,0.3177237386,0,-1.220650582,4.403084269,-3.183281616
54.38,-64.99793024,0.05294414738,0.5960291593,0.3177237108,0,-1.22065421,4.40308584,-3.183279073
54.39,-64.99792177,0.05294420046,0.5960291817,0.3177236834,0,-1.220657837,4.403087425,-3.183276531
54.4,-64.9979133,0.05294425353,0.5960292037,0.3177236562,0,-1.220661463,4.403089023,-3.183273991
54.41,-64.99790484,0.0529443066,0.5960292253,0.3177236293,0,-1.220665088,4.403090636,-3.183271452
54.42,-64.99789639,0.05294435965,0.5960292466,0.3177236026,0,-1.220668711,4.403092263,-3.183268916
54.43,-64.99788793,0.05294441269,0.5960292675,0.3177235763,0,-1.220672333,4.403093904,-3.18326638
54.44,-64.99787949,0.05294446572,0.596029288,0.3177235503,0,-1.220675953,4.403095558,-3.183263847
54.45,-64.99787105,0.05294451873,0.5960293081,0.3177235245,0,-1.220679572,4.403097226,-3.183261315
54.46,-64.99786262,0.05294457173,0.5960293279,0.317723499,0,-1.220683188,4.403098907,-3.183258785
54.47,-64.99785419,0.05294462472,0.5960293473,0.3177234738,0,-1.220686804,4.403100602,-3.183256256
54.48,-64.99784577,0.05294467768,0.5960293663,0.3177234489,0,-1.220690417,4.403102311,-3.18325373
54.49,-64.99783735,0.05294473064,0.5960293849,0.3177234243,0,-1.220694028,4.403104033,-3.183251205
54.5,-64.99782894,0.05294478357,0.5960294032,0.3177233999,0,-1.220697638,4.403105768,-3.183248683
54.51,-64.99782054,0.05294483648,0.5960294212,0.3177233759,0,-1.220701245,4.403107516,-3.183246162
54.52,-64.99781215,0.05294488938,0.5960294387,0.3177233521,0,-1.220704851,4.403109277,-3.183243644
54.53,-64.99780376,0.05294494225,0.5960294559,0.3177233285,0,-1.220708454,4.403111051,-3.183241127
54.54,-64.99779537,0.0529449951,0.5960294728,0.3177233053,0,-1.220712055,4.403112838,-3.183238612
54.55,-64.997787,0.05294504793,0.5960294892,0.3177232824,0,-1.220715654,4.403114638,-3.1832361
54.56,-64.99777863,0.05294510073,0.5960295053,0.3177232597,0,-1.220719251,4.40311645,-3.18323359
54.57,-64.99777027,0.05294515351,0.5960295211,0.3177232373,0,-1.220722845,4.403118275,-3.183231082
54.58,-64.99776192,0.05294520627,0.5960295364,0.3177232151,0,-1.220726437,4.403120113,-3.183228576
54.59,-64.99775357,0.052945259,0.5960295515,0.3177231933,0,-1.220730026,4.403121963,-3.183226072
54.6,-64.99774524,0.0529453117,0.5960295661,0.3177231717,0,-1.220733613,4.403123826,-3.183223571
54.61,-64.99773691,0.05294536437,0.5960295804,0.3177231504,0,-1.220737197,4.4031257,-3.183221072
54.62,-64.99772859,0.05294541702,0.5960295944,0.3177231294,0,-1.220740779,4.403127587,-3.183218576
54.63,-64.99772027,0.05294546963,0.596029608,0.3177231086,0,-1.220744358,4.403129486,-3.183216081
54.64,-64.99771197,0.05294552222,0.5960296212,0.3177230881,0,-1.220747934,4.403131397,-3.18321359
54.65,-64.99770367,0.05294557477,0.596029634,0.3177230679,0,-1.220751507,4.40313332,-3.183211101
54.66,-64.99769538,0.05294562729,0.5960296466,0.3177230479,0,-1.220755078,4.403135255,-3.183208614
54.67,-64.9976871,0.05294567977,0.5960296587,0.3177230283,0,-1.220758645,4.403137202,-3.18320613
54.68,-64.99767883,0.05294573223,0.5960296705,0.3177230089,0,-1.22076221,4.40313916,-3.183203649
54.69,-64.99767057,0.05294578465,0.596029682,0.3177229897,0,-1.220765771,4.40314113,-3.18320117
54.7,-64.99766231,0.05294583703,0.5960296931,0.3177229708,0,-1.22076933,4.403143111,-3.183198694
54.71,-64.99765407,0.05294588937,0.5960297038,0.3177229522,0,-1.220772885,4.403145104,-3.18319622
54.72,-64.99764583,0.05294594168,0.5960297142,0.3177229339,0,-1.220776437,4.403147108,-3.18319375
54.73,-64.99763761,0.05294599395,0.5960297243,0.3177229158,0,-1.220779986,4.403149123,-3.183191282
54.74,-64.99762939,0.05294604618,0.596029734,0.317722898,0,-1.220783531,4.40315115,-3.183188817
54.75,-64.99762118,0.05294609837,0.5960297433,0.3177228804,0,-1.220787073,4.403153187,-3.183186355
54.76,-64.99761299,0.05294615052,0.5960297523,0.3177228631,0,-1.220790612,4.403155236,-3.183183896
54.77,-64.9976048,0.05294620263,0.596029761,0.3177228461,0,-1.220794147,4.403157295,-3.183181439
54.78,-64.99759662,0.0529462547,0.5960297693,0.3177228293,0,-1.220797679,4.403159366,-3.183178986
54.79,-64.99758845,0.05294630672,0.5960297773,0.3177228128,0,-1.220801207,4.403161447,-3.183176535
54.8,-64.99758029,0.0529463587,0.5960297849,0.3177227965,0,-1.220804732,4.403163539,-3.183174088
54.81,-64.99757215,0.05294641063,0.5960297922,0.3177227805,0,-1.220808252,4.403165641,-3.183171644
54.82,-64.99756401,0.05294646252,0.5960297991,0.3177227648,0,-1.22081177,4.403167754,-3.183169203
54.83,-64.99755588,0.05294651436,0.5960298057,0.3177227493,0,-1.220815283,4.403169877,-3.183166764
54.84,-64.99754777,0.05294656615,0.5960298119,0.3177227341,0,-1.220818792,4.403172011,-3.18316433
54.85,-64.99753966,0.0529466179,0.5960298179,0.3177227191,0,-1.220822298,4.403174155,-3.183161898
54.86,-64.99753156,0.0529466696,0.5960298234,0.3177227044,0,-1.220825799,4.403176309,-3.183159469
54.87,-64.99752348,0.05294672125,0.5960298287,0.31772269,0,-1.220829297,4.403178473,-3.183157044
54.88,-64.99751541,0.05294677285,0.5960298336,0.3177226757,0,-1.22083279,4.403180647,-3.183154622
54.89,-64.99750734,0.05294682439,0.5960298381,0.3177226618,0,-1.22083628,4.403182831,-3.183152203
54.9,-64.99749929,0.05294687589,0.5960298423,0.3177226481,0,-1.220839765,4.403185025,-3.183149788
54.91,-64.99749125,0.05294692733,0.5960298462,0.3177226346,0,-1.220843246,4.403187228,-3.183147376
54.92,-64.99748323,0.05294697872,0.5960298498,0.3177226214,0,-1.220846723,4.403189441,-3.183144968
54.93,-64.99747521,0.05294703006,0.596029853,0.3177226085,0,-1.220850196,4.403191664,-3.183142563
54.94,-64.9974672,0.05294708134,0.5960298559,0.3177225958,0,-1.220853664,4.403193897,-3.183140161
54.95,-64.99745921,0.05294713256,0.5960298584,0.3177225833,0,-1.220857128,4.403196139,-3.183137763
54.96,-64.99745123,0.05294718373,0.5960298607,0.3177225711,0,-1.220860587,4.40319839,-3.183135369
54.97,-64.99744326,0.05294723484,0.5960298626,0.3177225591,0,-1.220864042,4.40320065,-3.183132978
54.98,-64.9974353,0.0529472859,0.5960298641,0.3177225474,0,-1.220867492,4.40320292,-3.183130591
54.99,-64.99742736,0.05294733689,0.5960298654,0.3177225359,0,-1.220870938,4.403205199,-3.183128207
55,-64.99741942,0.05294738783,0.5960298663,0.3177225247,0,-1.220874379,4.403207486,-3.183125827
55.01,-64.9974115,0.05294743871,0.5960298669,0.3177225137,0,-1.220877816,4.403209783,-3.183123451
55.02,-64.99740359,0.05294748952,0.5960298671,0.317722503,0,-1.220881248,4.403212089,-3.183121078
55.03,-64.9973957,0.05294754028,0.596029867,0.3177224925,0,-1.220884675,4.403214403,-3.183118709
55.04,-64.99738781,0.05294759097,0.5960298667,0.3177224822,0,-1.220888097,4.403216726,-3.183116344
55.05,-64.99737994,0.0529476416,0.5960298659,0.3177224722,0,-1.220891514,4.403219058,-3.183113983
55.06,-64.99737209,0.05294769217,0.5960298649,0.3177224624,0,-1.220894926,4.403221398,-3.183111626
55.07,-64.99736424,0.05294774267,0.5960298636,0.3177224528,0,-1.220898334,4.403223747,-3.183109272
55.08,-64.99735641,0.05294779311,0.5960298619,0.3177224435,0,-1.220901736,4.403226104,-3.183106922
55.09,-64.99734859,0.05294784348,0.5960298599,0.3177224345,0,-1.220905134,4.403228469,-3.183104577
55.1,-64.99734078,0.05294789378,0.5960298576,0.3177224256,0,-1.220908526,4.403230843,-3.183102235
55.11,-64.99733299,0.05294794402,0.5960298549,0.317722417,0,-1.220911913,4.403233225,-3.183099897
55.12,-64.99732521,0.05294799419,0.596029852,0.3177224086,0,-1.220915295,4.403235615,-3.183097563
55.13,-64.99731745,0.0529480443,0.5960298487,0.3177224005,0,-1.220918672,4.403238012,-3.183095234
55.14,-64.99730969,0.05294809433,0.5960298451,0.3177223926,0,-1.220922044,4.403240418,-3.183092908
55.15,-64.99730196,0.0529481443,0.5960298413,0.3177223849,0,-1.22092541,4.403242832,-3.183090587
55.16,-64.99729423,0.05294819419,0.596029837,0.3177223775,0,-1.220928771,4.403245253,-3.183088269
55.17,-64.99728652,0.05294824402,0.5960298325,0.3177223703,0,-1.220932126,4.403247682,-3.183085956
55.18,-64.99727882,0.05294829377,0.5960298277,0.3177223633,0,-1.220935477,4.403250119,-3.183083647
55.19,-64.99727114,0.05294834345,0.5960298226,0.3177223566,0,-1.220938821,4.403252563,-3.183081342
55.2,-64.99726347,0.05294839306,0.5960298171,0.31772235,0,-1.22094216,4.403255015,-3.183079041
55.21,-64.99725582,0.05294844259,0.5960298114,0.3177223437,0,-1.220945494,4.403257474,-3.183076745
55.22,-64.99724818,0.05294849205,0.5960298053,0.3177223377,0,-1.220948822,4.40325994,-3.183074453
55.23,-64.99724055,0.05294854143,0.5960297989,0.3177223318,0,-1.220952144,4.403262414,-3.183072165
55.24,-64.99723294,0.05294859074,0.5960297923,0.3177223262,0,-1.220955461,4.403264894,-3.183069881
55.25,-64.99722534,0.05294863998,0.5960297853,0.3177223208,0,-1.220958772,4.403267382,-3.183067602
55.26,-64.99721776,0.05294868914,0.596029778,0.3177223156,0,-1.220962077,4.403269877,-3.183065327
55.27,-64.99721019,0.05294873822,0.5960297704,0.3177223107,0,-1.220965376,4.403272379,-3.183063057
55.28,-64.99720264,0.05294878722,0.5960297625,0.3177223059,0,-1.22096867,4.403274887,-3.183060791
55.29,-64.9971951,0.05294883614,0.5960297543,0.3177223014,0,-1.220971958,4.403277403,-3.183058529
55.3,-64.99718757,0.05294888499,0.5960297459,0.3177222971,0,-1.22097524,4.403279924,-3.183056272
55.31,-64.99718007,0.05294893375,0.5960297371,0.317722293,0,-1.220978515,4.403282453,-3.18305402
55.32,-64.99717257,0.05294898244,0.596029728,0.3177222892,0,-1.220981785,4.403284988,-3.183051772
55.33,-64.9971651,0.05294903104,0.5960297186,0.3177222855,0,-1.220985049,4.40328753,-3.183049529
55.34,-64.99715763,0.05294907957,0.5960297089,0.3177222821,0,-1.220988307,4.403290078,-3.18304729
55.35,-64.99715018,0.05294912801,0.596029699,0.3177222789,0,-1.220991558,4.403292632,-3.183045055
55.36,-64.99714275,0.05294917637,0.5960296887,0.3177222759,0,-1.220994804,4.403295193,-3.183042826
55.37,-64.99713534,0.05294922465,0.5960296782,0.3177222731,0,-1.220998043,4.403297759,-3.183040601
55.38,-64.99712793,0.05294927284,0.5960296673,0.3177222706,0,-1.221001276,4.403300332,-3.18303838
55.39,-64.99712055,0.05294932095,0.5960296562,0.3177222682,0,-1.221004503,4.403302911,-3.183036165
55.4,-64.99711318,0.05294936897,0.5960296448,0.3177222661,0,-1.221007724,4.403305496,-3.183033954
55.41,-64.99710583,0.05294941691,0.596029633,0.3177222641,0,-1.221010938,4.403308086,-3.183031748
55.42,-64.99709849,0.05294946476,0.596029621,0.3177222624,0,-1.221014146,4.403310683,-3.183029546
55.43,-64.99709117,0.05294951252,0.5960296087,0.3177222609,0,-1.221017347,4.403313285,-3.18302735
55.44,-64.99708386,0.0529495602,0.5960295962,0.3177222596,0,-1.221020543,4.403315893,-3.183025158
55.45,-64.99707657,0.05294960779,0.5960295833,0.3177222585,0,-1.221023731,4.403318506,-3.183022971
55.46,-64.9970693,0.0529496553,0.5960295702,0.3177222576,0,-1.221026913,4.403321125,-3.183020789
55.47,-64.99706204,0.05294970271,0.5960295567,0.3177222569,0,-1.221030089,4.403323749,-3.183018611
55.48,-64.9970548,0.05294975004,0.596029543,0.3177222564,0,-1.221033258,4.403326379,-3.183016439
55.49,-64.99704757,0.05294979727,0.596029529,0.3177222562,0,-1.22103642,4.403329014,-3.183014272
55.5,-64.99704036,0.05294984442,0.5960295148,0.3177222561,0,-1.221039576,4.403331654,-3.183012109
55.51,-64.99703317,0.05294989147,0.5960295002,0.3177222562,0,-1.221042725,4.4033343,-3.183009951
55.52,-64.997026,0.05294993844,0.5960294854,0.3177222565,0,-1.221045868,4.40333695,-3.183007799
55.53,-64.99701884,0.05294998531,0.5960294703,0.3177222571,0,-1.221049003,4.403339606,-3.183005651
55.54,-64.99701169,0.05295003209,0.5960294549,0.3177222578,0,-1.221052132,4.403342266,-3.183003508
55.55,-64.99700457,0.05295007878,0.5960294393,0.3177222587,0,-1.221055254,4.403344931,-3.183001371
55.56,-64.99699746,0.05295012537,0.5960294233,0.3177222598,0,-1.22105837,4.403347601,-3.182999238
55.57,-64.99699037,0.05295017187,0.5960294071,0.3177222612,0,-1.221061478,4.403350276,-3.182997111
55.58,-64.99698329,0.05295021827,0.5960293907,0.3177222627,0,-1.22106458,4.403352956,-3.182994988
55.59,-64.99697624,0.05295026458,0.5960293739,0.3177222644,0,-1.221067674,4.40335564,-3.182992871
55.6,-64.9969692,0.0529503108,0.5960293569,0.3177222663,0,-1.221070762,4.403358328,-3.182990759
55.61,-64.99696217,0.05295035692,0.5960293396,0.3177222684,0,-1.221073843,4.403361021,-3.182988652
55.62,-64.99695517,0.05295040294,0.5960293221,0.3177222707,0,-1.221076916,4.403363719,-3.18298655
55.63,-64.99694818,0.05295044887,0.5960293043,0.3177222732,0,-1.221079983,4.40336642,-3.182984453
55.64,-64.99694121,0.0529504947,0.5960292862,0.3177222758,0,-1.221083043,4.403369126,-3.182982362
55.65,-64.99693425,0.05295054043,0.5960292678,0.3177222787,0,-1.221086095,4.403371836,-3.182980276
55.66,-64.99692732,0.05295058607,0.5960292492,0.3177222818,0,-1.22108914,4.40337455,-3.182978195
55.67,-64.9969204,0.0529506316,0.5960292304,0.317722285,0,-1.221092179,4.403377269,-3.182976119
55.68,-64.9969135,0.05295067704,0.5960292112,0.3177222884,0,-1.221095209,4.403379991,-3.182974049
55.69,-64.99690661,0.05295072238,0.5960291918,0.3177222921,0,-1.221098233,4.403382717,-3.182971984
55.7,-64.99689975,0.05295076761,0.5960291722,0.3177222959,0,-1.22110125,4.403385447,-3.182969924
55.71,-64.9968929,0.05295081275,0.5960291523,0.3177222999,0,-1.221104259,4.40338818,-3.182967869
55.72,-64.99688607,0.05295085779,0.5960291321,0.317722304,0,-1.221107261,4.403390918,-3.18296582
55.73,-64.99687925,0.05295090272,0.5960291117,0.3177223084,0,-1.221110255,4.403393659,-3.182963776
55.74,-64.99687246,0.05295094755,0.596029091,0.3177223129,0,-1.221113243,4.403396403,-3.182961738
55.75,-64.99686568,0.05295099229,0.5960290701,0.3177223177,0,-1.221116222,4.403399151,-3.182959705
55.76,-64.99685892,0.05295103691,0.5960290489,0.3177223226,0,-1.221119195,4.403401903,-3.182957677
55.77,-64.99685218,0.05295108144,0.5960290274,0.3177223277,0,-1.22112216,4.403404658,-3.182955655
55.78,-64.99684546,0.05295112586,0.5960290057,0.3177223329,0,-1.221125117,4.403407416,-3.182953638
55.79,-64.99683876,0.05295117018,0.5960289838,0.3177223384,0,-1.221128067,4.403410177,-3.182951627
55.8,-64.99683207,0.0529512144,0.5960289616,0.317722344,0,-1.22113101,4.403412942,-3.182949621
55.81,-64.9968254,0.05295125851,0.5960289392,0.3177223498,0,-1.221133945,4.403415709,-3.182947621
55.82,-64.99681875,0.05295130251,0.5960289165,0.3177223558,0,-1.221136872,4.40341848,-3.182945626
55.83,-64.99681212,0.05295134641,0.5960288936,0.3177223619,0,-1.221139792,4.403421253,-3.182943637
55.84,-64.99680551,0.0529513902,0.5960288704,0.3177223683,0,-1.221142704,4.40342403,-3.182941653
55.85,-64.99679892,0.05295143389,0.596028847,0.3177223747,0,-1.221145608,4.403426809,-3.182939675
55.86,-64.99679234,0.05295147747,0.5960288233,0.3177223814,0,-1.221148505,4.403429591,-3.182937702
55.87,-64.99678578,0.05295152095,0.5960287994,0.3177223883,0,-1.221151394,4.403432376,-3.182935735
55.88,-64.99677925,0.05295156431,0.5960287753,0.3177223953,0,-1.221154276,4.403435164,-3.182933774
55.89,-64.99677273,0.05295160757,0.5960287509,0.3177224025,0,-1.22115715,4.403437954,-3.182931818
55.9,-64.99676622,0.05295165072,0.5960287262,0.3177224098,0,-1.221160015,4.403440746,-3.182929867
55.91,-64.99675974,0.05295169376,0.5960287014,0.3177224173,0,-1.221162874,4.403443541,-3.182927923
55.92,-64.99675328,0.0529517367,0.5960286763,0.317722425,0,-1.221165724,4.403446339,-3.182925984
55.93,-64.99674684,0.05295177952,0.596028651,0.3177224329,0,-1.221168566,4.403449139,-3.182924051
55.94,-64.99674041,0.05295182224,0.5960286254,0.3177224409,0,-1.221171401,4.403451941,-3.182922123
55.95,-64.996734,0.05295186484,0.5960285996,0.3177224491,0,-1.221174228,4.403454745,-3.182920201
55.96,-64.99672762,0.05295190733,0.5960285736,0.3177224575,0,-1.221177047,4.403457551,-3.182918285
55.97,-64.99672125,0.05295194972,0.5960285473,0.317722466,0,-1.221179857,4.40346036,-3.182916375
55.98,-64.9967149,0.05295199199,0.5960285208,0.3177224747,0,-1.22118266,4.40346317,-3.18291447
55.99,-64.99670857,0.05295203415,0.5960284941,0.3177224835,0,-1.221185455,4.403465982,-3.182912571
56,-64.99670226,0.0529520762,0.5960284671,0.3177224925,0,-1.221188242,4.403468797,-3.182910678
56.01,-64.99669597,0.05295211814,0.5960284399,0.3177225017,0,-1.221191021,4.403471613,-3.18290879
56.02,-64.99668969,0.05295215996,0.5960284125,0.317722511,0,-1.221193792,4.403474431,-3.182906908
56.03,-64.99668344,0.05295220168,0.5960283849,0.3177225205,0,-1.221196555,4.40347725,-3.182905032
56.04,-64.99667721,0.05295224327,0.5960283571,0.3177225301,0,-1.22119931,4.403480072,-3.182903162
56.05,-64.99667099,0.05295228476,0.596028329,0.3177225399,0,-1.221202057,4.403482895,-3.182901298
56.06,-64.9966648,0.05295232613,0.5960283007,0.3177225499,0,-1.221204796,4.403485719,-3.18289944
56.07,-64.99665862,0.05295236739,0.5960282722,0.31772256,0,-1.221207526,4.403488545,-3.182897587
56.08,-64.99665247,0.05295240854,0.5960282434,0.3177225702,0,-1.221210249,4.403491372,-3.18289574
56.09,-64.99664633,0.05295244957,0.5960282145,0.3177225807,0,-1.221212963,4.403494201,-3.182893899
56.1,-64.99664021,0.05295249048,0.5960281853,0.3177225912,0,-1.221215669,4.403497031,-3.182892064
56.11,-64.99663412,0.05295253128,0.5960281559,0.3177226019,0,-1.221218367,4.403499862,-3.182890235
56.12,-64.99662804,0.05295257196,0.5960281263,0.3177226128,0,-1.221221056,4.403502694,-3.182888412
56.13,-64.99662198,0.05295261253,0.5960280965,0.3177226238,0,-1.221223738,4.403505528,-3.182886594
56.14,-64.99661594,0.05295265298,0.5960280665,0.317722635,0,-1.221226411,4.403508362,-3.182884783
56.15,-64.99660992,0.05295269332,0.5960280362,0.3177226463,0,-1.221229076,4.403511198,-3.182882977
56.16,-64.99660393,0.05295273354,0.5960280058,0.3177226578,0,-1.221231732,4.403514034,-3.182881178
56.17,-64.99659795,0.05295277364,0.5960279751,0.3177226694,0,-1.22123438,4.403516871,-3.182879384
56.18,-64.99659199,0.05295281362,0.5960279442,0.3177226812,0,-1.22123702,4.403519709,-3.182877596
56.19,-64.99658605,0.05295285349,0.5960279131,0.3177226931,0,-1.221239652,4.403522548,-3.182875815
56.2,-64.99658013,0.05295289324,0.5960278818,0.3177227051,0,-1.221242275,4.403525388,-3.182874039
56.21,-64.99657423,0.05295293287,0.5960278503,0.3177227173,0,-1.22124489,4.403528228,-3.182872269
56.22,-64.99656835,0.05295297238,0.5960278186,0.3177227297,0,-1.221247496,4.403531069,-3.182870505
56.23,-64.99656249,0.05295301178,0.5960277867,0.3177227421,0,-1.221250094,4.40353391,-3.182868748
56.24,-64.99655665,0.05295305105,0.5960277546,0.3177227548,0,-1.221252684,4.403536752,-3.182866996
56.25,-64.99655083,0.05295309021,0.5960277223,0.3177227675,0,-1.221255265,4.403539595,-3.18286525
56.26,-64.99654503,0.05295312924,0.5960276898,0.3177227804,0,-1.221257838,4.403542437,-3.18286351
56.27,-64.99653926,0.05295316816,0.5960276571,0.3177227935,0,-1.221260402,4.40354528,-3.182861777
56.28,-64.9965335,0.05295320696,0.5960276242,0.3177228066,0,-1.221262958,4.403548124,-3.182860049
56.29,-64.99652776,0.05295324564,0.5960275911,0.31772282,0,-1.221265505,4.403550967,-3.182858327
56.3,-64.99652204,0.05295328419,0.5960275578,0.3177228334,0,-1.221268044,4.403553811,-3.182856612
56.31,-64.99651634,0.05295332263,0.5960275243,0.317722847,0,-1.221270574,4.403556654,-3.182854902
56.32,-64.99651066,0.05295336094,0.5960274906,0.3177228607,0,-1.221273096,4.403559498,-3.182853199
56.33,-64.996505,0.05295339914,0.5960274567,0.3177228746,0,-1.221275609,4.403562342,-3.182851501
56.34,-64.99649937,0.05295343721,0.5960274226,0.3177228886,0,-1.221278113,4.403565185,-3.18284981
56.35,-64.99649375,0.05295347516,0.5960273884,0.3177229027,0,-1.221280609,4.403568029,-3.182848125
56.36,-64.99648815,0.05295351299,0.5960273539,0.3177229169,0,-1.221283097,4.403570872,-3.182846446
56.37,-64.99648258,0.0529535507,0.5960273193,0.3177229313,0,-1.221285575,4.403573716,-3.182844773
56.38,-64.99647702,0.05295358828,0.5960272844,0.3177229458,0,-1.221288046,4.403576558,-3.182843106
56.39,-64.99647148,0.05295362575,0.5960272494,0.3177229605,0,-1.221290507,4.403579401,-3.182841445
56.4,-64.99646597,0.05295366309,0.5960272142,0.3177229752,0,-1.22129296,4.403582243,-3.182839791
56.41,-64.99646047,0.05295370031,0.5960271788,0.3177229901,0,-1.221295404,4.403585085,-3.182838142
56.42,-64.996455,0.0529537374,0.5960271432,0.3177230052,0,-1.22129784,4.403587926,-3.1828365
56.43,-64.99644955,0.05295377437,0.5960271075,0.3177230203,0,-1.221300267,4.403590767,-3.182834864
56.44,-64.99644411,0.05295381122,0.5960270715,0.3177230356,0,-1.221302685,4.403593607,-3.182833234
56.45,-64.9964387,0.05295384794,0.5960270354,0.317723051,0,-1.221305094,4.403596446,-3.18283161
56.46,-64.99643331,0.05295388454,0.5960269991,0.3177230665,0,-1.221307495,4.403599285,-3.182829992
56.47,-64.99642794,0.05295392102,0.5960269627,0.3177230822,0,-1.221309887,4.403602123,-3.182828381
56.48,-64.99642258,0.05295395737,0.596026926,0.3177230979,0,-1.22131227,4.40360496,-3.182826775
56.49,-64.99641725,0.0529539936,0.5960268892,0.3177231138,0,-1.221314645,4.403607797,-3.182825176
56.5,-64.99641194,0.0529540297,0.5960268522,0.3177231298,0,-1.221317011,4.403610632,-3.182823583
56.51,-64.99640665,0.05295406568,0.596026815,0.3177231459,0,-1.221319368,4.403613466,-3.182821996
56.52,-64.99640139,0.05295410154,0.5960267776,0.3177231622,0,-1.221321716,4.4036163,-3.182820416
56.53,-64.99639614,0.05295413727,0.5960267401,0.3177231786,0,-1.221324056,4.403619132,-3.182818841
56.54,-64.99639091,0.05295417287,0.5960267024,0.317723195,0,-1.221326386,4.403621964,-3.182817273
56.55,-64.9963857,0.05295420835,0.5960266645,0.3177232116,0,-1.221328708,4.403624794,-3.182815711
56.56,-64.99638052,0.0529542437,0.5960266265,0.3177232283,0,-1.221331021,4.403627623,-3.182814156
56.57,-64.99637535,0.05295427893,0.5960265883,0.3177232452,0,-1.221333326,4.403630451,-3.182812606
56.58,-64.99637021,0.05295431403,0.5960265499,0.3177232621,0,-1.221335621,4.403633277,-3.182811063
56.59,-64.99636509,0.05295434901,0.5960265114,0.3177232792,0,-1.221337908,4.403636102,-3.182809526
56.6,-64.99635998,0.05295438385,0.5960264727,0.3177232963,0,-1.221340186,4.403638926,-3.182807995
56.61,-64.9963549,0.05295441858,0.5960264339,0.3177233136,0,-1.221342455,4.403641748,-3.18280647
56.62,-64.99634984,0.05295445317,0.5960263948,0.317723331,0,-1.221344715,4.403644569,-3.182804952
56.63,-64.9963448,0.05295448764,0.5960263556,0.3177233485,0,-1.221346966,4.403647388,-3.182803439
56.64,-64.99633978,0.05295452199,0.5960263163,0.3177233661,0,-1.221349208,4.403650206,-3.182801934
56.65,-64.99633478,0.0529545562,0.5960262768,0.3177233838,0,-1.221351442,4.403653022,-3.182800434
56.66,-64.9963298,0.05295459029,0.5960262371,0.3177234016,0,-1.221353666,4.403655836,-3.18279894
56.67,-64.99632484,0.05295462425,0.5960261973,0.3177234196,0,-1.221355882,4.403658649,-3.182797453
56.68,-64.99631991,0.05295465809,0.5960261573,0.3177234376,0,-1.221358089,4.403661459,-3.182795972
56.69,-64.99631499,0.0529546918,0.5960261172,0.3177234557,0,-1.221360287,4.403664268,-3.182794498
56.7,-64.9963101,0.05295472538,0.5960260769,0.317723474,0,-1.221362476,4.403667076,-3.182793029
56.71,-64.99630522,0.05295475883,0.5960260365,0.3177234923,0,-1.221364656,4.403669881,-3.182791567
56.72,-64.99630037,0.05295479216,0.5960259959,0.3177235108,0,-1.221366827,4.403672684,-3.182790111
56.73,-64.99629554,0.05295482535,0.5960259551,0.3177235293,0,-1.221368989,4.403675485,-3.182788662
56.74,-64.99629073,0.05295485842,0.5960259142,0.317723548,0,-1.221371142,4.403678285,-3.182787218
56.75,-64.99628594,0.05295489136,0.5960258732,0.3177235667,0,-1.221373287,4.403681082,-3.182785781
56.76,-64.99628117,0.05295492418,0.596025832,0.3177235856,0,-1.221375422,4.403683877,-3.18278435
56.77,-64.99627642,0.05295495686,0.5960257906,0.3177236045,0,-1.221377548,4.40368667,-3.182782926
56.78,-64.99627169,0.05295498942,0.5960257492,0.3177236236,0,-1.221379666,4.40368946,-3.182781507
56.79,-64.99626698,0.05295502185,0.5960257075,0.3177236427,0,-1.221381774,4.403692249,-3.182780095
56.8,-64.9962623,0.05295505415,0.5960256658,0.317723662,0,-1.221383874,4.403695035,-3.18277869
56.81,-64.99625763,0.05295508632,0.5960256238,0.3177236813,0,-1.221385965,4.403697818,-3.18277729
56.82,-64.99625299,0.05295511836,0.5960255818,0.3177237008,0,-1.221388046,4.403700599,-3.182775897
56.83,-64.99624837,0.05295515027,0.5960255396,0.3177237203,0,-1.221390119,4.403703378,-3.18277451
56.84,-64.99624377,0.05295518206,0.5960254972,0.3177237399,0,-1.221392183,4.403706155,-3.18277313
56.85,-64.99623918,0.05295521372,0.5960254548,0.3177237596,0,-1.221394237,4.403708928,-3.182771755
56.86,-64.99623462,0.05295524524,0.5960254122,0.3177237795,0,-1.221396283,4.4037117,-3.182770387
56.87,-64.99623008,0.05295527664,0.5960253694,0.3177237994,0,-1.22139832,4.403714468,-3.182769025
56.88,-64.99622557,0.05295530791,0.5960253265,0.3177238193,0,-1.221400347,4.403717234,-3.18276767
56.89,-64.99622107,0.05295533905,0.5960252835,0.3177238394,0,-1.221402366,4.403719997,-3.182766321
56.9,-64.99621659,0.05295537006,0.5960252403,0.3177238596,0,-1.221404376,4.403722758,-3.182764978
56.91,-64.99621214,0.05295540094,0.596025197,0.3177238799,0,-1.221406377,4.403725516,-3.182763641
56.92,-64.9962077,0.05295543169,0.5960251536,0.3177239002,0,-1.221408369,4.403728271,-3.182762311
56.93,-64.99620329,0.05295546232,0.5960251101,0.3177239206,0,-1.221410351,4.403731023,-3.182760987
56.94,-64.9961989,0.05295549281,0.5960250664,0.3177239412,0,-1.221412325,4.403733772,-3.182759669
56.95,-64.99619452,0.05295552317,0.5960250226,0.3177239618,0,-1.22141429,4.403736518,-3.182758357
56.96,-64.99619017,0.05295555341,0.5960249786,0.3177239825,0,-1.221416246,4.403739261,-3.182757052
56.97,-64.99618584,0.05295558351,0.5960249346,0.3177240032,0,-1.221418192,4.403742001,-3.182755753
56.98,-64.99618153,0.05295561348,0.5960248904,0.3177240241,0,-1.22142013,4.403744738,-3.18275446
56.99,-64.99617725,0.05295564333,0.5960248461,0.317724045,0,-1.221422059,4.403747472,-3.182753174
57,-64.99617298,0.05295567304,0.5960248016,0.317724066,0,-1.221423979,4.403750203,-3.182751894
57.01,-64.99616873,0.05295570263,0.5960247571,0.3177240871,0,-1.22142589,4.403752931,-3.18275062
57.02,-64.99616451,0.05295573209,0.5960247124,0.3177241083,0,-1.221427791,4.403755656,-3.182749352
57.03,-64.9961603,0.05295576141,0.5960246676,0.3177241296,0,-1.221429684,4.403758377,-3.182748091
57.04,-64.99615612,0.05295579061,0.5960246227,0.3177241509,0,-1.221431568,4.403761095,-3.182746836
57.05,-64.99615196,0.05295581967,0.5960245776,0.3177241723,0,-1.221433442,4.403763809,-3.182745587
57.06,-64.99614782,0.05295584861,0.5960245325,0.3177241938,0,-1.221435308,4.40376652,-3.182744345
57.07,-64.99614369,0.05295587742,0.5960244872,0.3177242154,0,-1.221437165,4.403769228,-3.182743108
57.08,-64.99613959,0.05295590609,0.5960244418,0.3177242371,0,-1.221439013,4.403771932,-3.182741878
57.09,-64.99613552,0.05295593464,0.5960243963,0.3177242588,0,-1.221440851,4.403774633,-3.182740655
57.1,-64.99613146,0.05295596306,0.5960243507,0.3177242806,0,-1.221442681,4.403777331,-3.182739437
57.11,-64.99612742,0.05295599134,0.596024305,0.3177243025,0,-1.221444502,4.403780024,-3.182738226
57.12,-64.9961234,0.0529560195,0.5960242591,0.3177243244,0,-1.221446313,4.403782715,-3.182737021
57.13,-64.99611941,0.05295604753,0.5960242132,0.3177243464,0,-1.221448116,4.403785401,-3.182735822
57.14,-64.99611543,0.05295607542,0.5960241671,0.3177243685,0,-1.22144991,4.403788084,-3.18273463
57.15,-64.99611148,0.05295610319,0.5960241209,0.3177243907,0,-1.221451695,4.403790763,-3.182733443
57.16,-64.99610754,0.05295613083,0.5960240746,0.3177244129,0,-1.22145347,4.403793438,-3.182732263
57.17,-64.99610363,0.05295615833,0.5960240283,0.3177244352,0,-1.221455237,4.40379611,-3.18273109
57.18,-64.99609974,0.05295618571,0.5960239818,0.3177244576,0,-1.221456995,4.403798778,-3.182729922
57.19,-64.99609587,0.05295621296,0.5960239352,0.31772448,0,-1.221458744,4.403801442,-3.182728761
57.2,-64.99609202,0.05295624007,0.5960238885,0.3177245025,0,-1.221460483,4.403804102,-3.182727606
57.21,-64.99608819,0.05295626706,0.5960238417,0.3177245251,0,-1.221462214,4.403806758,-3.182726457
57.22,-64.99608438,0.05295629392,0.5960237948,0.3177245477,0,-1.221463936,4.40380941,-3.182725314
57.23,-64.99608059,0.05295632064,0.5960237478,0.3177245704,0,-1.221465649,4.403812058,-3.182724178
57.24,-64.99607683,0.05295634724,0.5960237007,0.3177245932,0,-1.221467353,4.403814702,-3.182723048
57.25,-64.99607308,0.05295637371,0.5960236534,0.317724616,0,-1.221469048,4.403817342,-3.182721924
57.26,-64.99606935,0.05295640005,0.5960236061,0.3177246389,0,-1.221470734,4.403819978,-3.182720806
57.27,-64.99606565,0.05295642625,0.5960235587,0.3177246618,0,-1.221472411,4.40382261,-3.182719694
57.28,-64.99606196,0.05295645233,0.5960235113,0.3177246848,0,-1.221474079,4.403825238,-3.182718589
57.29,-64.9960583,0.05295647828,0.5960234637,0.3177247079,0,-1.221475738,4.403827861,-3.18271749
57.3,-64.99605466,0.0529565041,0.596023416,0.317724731,0,-1.221477388,4.403830481,-3.182716397
57.31,-64.99605103,0.05295652979,0.5960233682,0.3177247542,0,-1.221479029,4.403833096,-3.18271531
57.32,-64.99604743,0.05295655535,0.5960233203,0.3177247775,0,-1.221480661,4.403835707,-3.182714229
57.33,-64.99604385,0.05295658078,0.5960232724,0.3177248008,0,-1.221482285,4.403838313,-3.182713155
57.34,-64.99604029,0.05295660608,0.5960232243,0.3177248242,0,-1.221483899,4.403840915,-3.182712087
57.35,-64.99603675,0.05295663125,0.5960231762,0.3177248476,0,-1.221485505,4.403843513,-3.182711024
57.36,-64.99603323,0.05295665629,0.5960231279,0.3177248711,0,-1.221487101,4.403846106,-3.182709968
57.37,-64.99602973,0.0529566812,0.5960230796,0.3177248946,0,-1.221488689,4.403848695,-3.182708919
57.38,-64.99602625,0.05295670598,0.5960230312,0.3177249182,0,-1.221490268,4.403851279,-3.182707875
57.39,-64.99602279,0.05295673064,0.5960229827,0.3177249419,0,-1.221491837,4.403853859,-3.182706837
57.4,-64.99601935,0.05295675516,0.5960229342,0.3177249656,0,-1.221493398,4.403856434,-3.182705806
57.41,-64.99601594,0.05295677956,0.5960228855,0.3177249893,0,-1.221494951,4.403859005,-3.182704781
57.42,-64.99601254,0.05295680382,0.5960228368,0.3177250131,0,-1.221496494,4.403861571,-3.182703762
57.43,-64.99600916,0.05295682796,0.5960227879,0.317725037,0,-1.221498028,4.403864132,-3.182702749
57.44,-64.99600581,0.05295685197,0.596022739,0.3177250609,0,-1.221499553,4.403866689,-3.182701742
57.45,-64.99600247,0.05295687585,0.5960226901,0.3177250848,0,-1.22150107,4.403869241,-3.182700741
57.46,-64.99599915,0.0529568996,0.596022641,0.3177251088,0,-1.221502578,4.403871788,-3.182699746
57.47,-64.99599586,0.05295692322,0.5960225919,0.3177251329,0,-1.221504077,4.403874331,-3.182698758
57.48,-64.99599258,0.05295694671,0.5960225426,0.317725157,0,-1.221505567,4.403876869,-3.182697775
57.49,-64.99598933,0.05295697008,0.5960224933,0.3177251812,0,-1.221507048,4.403879402,-3.182696799
57.5,-64.9959861,0.05295699332,0.596022444,0.3177252054,0,-1.22150852,4.40388193,-3.182695829
57.51,-64.99598288,0.05295701642,0.5960223945,0.3177252296,0,-1.221509984,4.403884453,-3.182694864
57.52,-64.99597969,0.0529570394,0.596022345,0.3177252539,0,-1.221511439,4.403886972,-3.182693906
57.53,-64.99597651,0.05295706225,0.5960222954,0.3177252782,0,-1.221512884,4.403889485,-3.182692954
57.54,-64.99597336,0.05295708498,0.5960222458,0.3177253026,0,-1.221514322,4.403891994,-3.182692008
57.55,-64.99597023,0.05295710757,0.596022196,0.317725327,0,-1.22151575,4.403894497,-3.182691068
57.56,-64.99596711,0.05295713004,0.5960221462,0.3177253515,0,-1.221517169,4.403896996,-3.182690134
57.57,-64.99596402,0.05295715238,0.5960220964,0.317725376,0,-1.22151858,4.403899489,-3.182689206
57.58,-64.99596095,0.05295717459,0.5960220464,0.3177254005,0,-1.221519982,4.403901978,-3.182688284
57.59,-64.9959579,0.05295719667,0.5960219964,0.3177254251,0,-1.221521375,4.403904461,-3.182687369
57.6,-64.99595486,0.05295721863,0.5960219463,0.3177254498,0,-1.22152276,4.403906939,-3.182686459
57.61,-64.99595185,0.05295724046,0.5960218962,0.3177254744,0,-1.221524136,4.403909412,-3.182685555
57.62,-64.99594886,0.05295726216,0.596021846,0.3177254991,0,-1.221525503,4.40391188,-3.182684657
57.63,-64.99594588,0.05295728373,0.5960217957,0.3177255239,0,-1.221526861,4.403914343,-3.182683765
57.64,-64.99594293,0.05295730518,0.5960217454,0.3177255487,0,-1.221528211,4.4039168,-3.182682879
57.65,-64.99594,0.0529573265,0.596021695,0.3177255735,0,-1.221529552,4.403919253,-3.182682
57.66,-64.99593709,0.05295734769,0.5960216446,0.3177255984,0,-1.221530884,4.4039217,-3.182681126
57.67,-64.99593419,0.05295736876,0.5960215941,0.3177256233,0,-1.221532207,4.403924141,-3.182680258
57.68,-64.99593132,0.0529573897,0.5960215435,0.3177256482,0,-1.221533522,4.403926578,-3.182679396
57.69,-64.99592847,0.05295741051,0.5960214929,0.3177256732,0,-1.221534828,4.403929009,-3.18267854
57.7,-64.99592563,0.0529574312,0.5960214422,0.3177256981,0,-1.221536126,4.403931434,-3.18267769
57.71,-64.99592282,0.05295745176,0.5960213914,0.3177257232,0,-1.221537415,4.403933855,-3.182676845
57.72,-64.99592002,0.05295747219,0.5960213406,0.3177257482,0,-1.221538695,4.403936269,-3.182676007
57.73,-64.99591725,0.0529574925,0.5960212898,0.3177257733,0,-1.221539966,4.403938679,-3.182675175
57.74,-64.99591449,0.05295751268,0.5960212389,0.3177257985,0,-1.221541229,4.403941083,-3.182674348
57.75,-64.99591176,0.05295753274,0.5960211879,0.3177258236,0,-1.221542484,4.403943481,-3.182673528
57.76,-64.99590904,0.05295755267,0.5960211369,0.3177258488,0,-1.22154373,4.403945874,-3.182672713
57.77,-64.99590635,0.05295757247,0.5960210859,0.317725874,0,-1.221544967,4.403948261,-3.182671904
57.78,-64.99590367,0.05295759215,0.5960210347,0.3177258993,0,-1.221546195,4.403950643,-3.182671101
57.79,-64.99590101,0.05295761171,0.5960209836,0.3177259246,0,-1.221547415,4.403953019,-3.182670304
57.8,-64.99589838,0.05295763114,0.5960209324,0.3177259499,0,-1.221548627,4.40395539,-3.182669513
57.81,-64.99589576,0.05295765044,0.5960208811,0.3177259752,0,-1.22154983,4.403957755,-3.182668728
57.82,-64.99589316,0.05295766962,0.5960208298,0.3177260006,0,-1.221551024,4.403960114,-3.182667948
57.83,-64.99589058,0.05295768867,0.5960207785,0.317726026,0,-1.22155221,4.403962468,-3.182667175
57.84,-64.99588802,0.0529577076,0.5960207271,0.3177260514,0,-1.221553388,4.403964816,-3.182666407
57.85,-64.99588548,0.05295772641,0.5960206756,0.3177260768,0,-1.221554557,4.403967158,-3.182665645
57.86,-64.99588296,0.05295774509,0.5960206241,0.3177261023,0,-1.221555717,4.403969494,-3.182664889
57.87,-64.99588046,0.05295776365,0.5960205726,0.3177261278,0,-1.221556869,4.403971825,-3.182664138
57.88,-64.99587798,0.05295778208,0.596020521,0.3177261533,0,-1.221558012,4.40397415,-3.182663394
57.89,-64.99587552,0.05295780039,0.5960204694,0.3177261788,0,-1.221559147,4.403976469,-3.182662655
57.9,-64.99587307,0.05295781857,0.5960204178,0.3177262044,0,-1.221560274,4.403978783,-3.182661922
57.91,-64.99587065,0.05295783663,0.5960203661,0.3177262299,0,-1.221561392,4.40398109,-3.182661194
57.92,-64.99586824,0.05295785457,0.5960203144,0.3177262555,0,-1.221562502,4.403983392,-3.182660473
57.93,-64.99586586,0.05295787239,0.5960202626,0.3177262811,0,-1.221563603,4.403985687,-3.182659757
57.94,-64.99586349,0.05295789008,0.5960202108,0.3177263068,0,-1.221564696,4.403987977,-3.182659047
57.95,-64.99586114,0.05295790765,0.596020159,0.3177263324,0,-1.221565781,4.403990261,-3.182658342
57.96,-64.99585881,0.0529579251,0.5960201071,0.3177263581,0,-1.221566857,4.403992539,-3.182657643
57.97,-64.9958565,0.05295794242,0.5960200552,0.3177263838,0,-1.221567925,4.403994811,-3.18265695
57.98,-64.99585421,0.05295795962,0.5960200032,0.3177264095,0,-1.221568985,4.403997077,-3.182656263
57.99,-64.99585194,0.0529579767,0.5960199513,0.3177264352,0,-1.221570036,4.403999337,-3.182655581
58,-64.99584968,0.05295799366,0.5960198993,0.317726461,0,-1.221571079,4.404001591,-3.182654905
58.01,-64.99584745,0.05295801049,0.5960198472,0.3177264867,0,-1.221572114,4.404003839,-3.182654235
58.02,-64.99584523,0.05295802721,0.5960197952,0.3177265125,0,-1.22157314,4.404006081,-3.18265357
58.03,-64.99584304,0.0529580438,0.5960197431,0.3177265383,0,-1.221574158,4.404008317,-3.182652911
58.04,-64.99584086,0.05295806027,0.5960196909,0.3177265641,0,-1.221575168,4.404010546,-3.182652258
58.05,-64.9958387,0.05295807662,0.5960196388,0.3177265899,0,-1.221576169,4.40401277,-3.18265161
58.06,-64.99583656,0.05295809285,0.5960195866,0.3177266157,0,-1.221577163,4.404014987,-3.182650968
58.07,-64.99583444,0.05295810896,0.5960195344,0.3177266416,0,-1.221578148,4.404017199,-3.182650331
58.08,-64.99583233,0.05295812495,0.5960194822,0.3177266674,0,-1.221579125,4.404019404,-3.1826497
58.09,-64.99583025,0.05295814081,0.5960194299,0.3177266933,0,-1.221580094,4.404021603,-3.182649075
58.1,-64.99582818,0.05295815656,0.5960193776,0.3177267192,0,-1.221581054,4.404023796,-3.182648455
58.11,-64.99582613,0.05295817219,0.5960193253,0.3177267451,0,-1.221582007,4.404025982,-3.18264784
58.12,-64.9958241,0.0529581877,0.596019273,0.317726771,0,-1.221582951,4.404028163,-3.182647231
58.13,-64.99582209,0.05295820308,0.5960192207,0.3177267969,0,-1.221583887,4.404030337,-3.182646628
58.14,-64.9958201,0.05295821835,0.5960191683,0.3177268228,0,-1.221584815,4.404032505,-3.18264603
58.15,-64.99581813,0.0529582335,0.5960191159,0.3177268487,0,-1.221585735,4.404034666,-3.182645438
58.16,-64.99581617,0.05295824853,0.5960190635,0.3177268746,0,-1.221586647,4.404036821,-3.182644851
58.17,-64.99581423,0.05295826344,0.5960190111,0.3177269006,0,-1.221587551,4.40403897,-3.18264427
58.18,-64.99581231,0.05295827823,0.5960189586,0.3177269265,0,-1.221588447,4.404041113,-3.182643694
58.19,-64.99581041,0.05295829291,0.5960189062,0.3177269525,0,-1.221589335,4.404043249,-3.182643124
58.2,-64.99580853,0.05295830746,0.5960188537,0.3177269784,0,-1.221590214,4.404045379,-3.182642559
58.21,-64.99580666,0.0529583219,0.5960188012,0.3177270044,0,-1.221591086,4.404047503,-3.182641999
58.22,-64.99580482,0.05295833622,0.5960187487,0.3177270303,0,-1.22159195,4.40404962,-3.182641445
58.23,-64.99580299,0.05295835042,0.5960186962,0.3177270563,0,-1.221592805,4.404051731,-3.182640897
58.24,-64.99580118,0.05295836451,0.5960186437,0.3177270823,0,-1.221593653,4.404053835,-3.182640354
58.25,-64.99579939,0.05295837847,0.5960185911,0.3177271083,0,-1.221594493,4.404055933,-3.182639816
58.26,-64.99579761,0.05295839232,0.5960185386,0.3177271342,0,-1.221595325,4.404058024,-3.182639283
58.27,-64.99579585,0.05295840606,0.596018486,0.3177271602,0,-1.221596149,4.404060109,-3.182638756
58.28,-64.99579412,0.05295841967,0.5960184334,0.3177271862,0,-1.221596965,4.404062188,-3.182638235
58.29,-64.99579239,0.05295843317,0.5960183808,0.3177272122,0,-1.221597773,4.40406426,-3.182637718
58.3,-64.99579069,0.05295844656,0.5960183282,0.3177272382,0,-1.221598573,4.404066326,-3.182637207
58.31,-64.995789,0.05295845983,0.5960182756,0.3177272642,0,-1.221599366,4.404068385,-3.182636701
58.32,-64.99578734,0.05295847298,0.596018223,0.3177272901,0,-1.22160015,4.404070437,-3.182636201
58.33,-64.99578569,0.05295848602,0.5960181704,0.3177273161,0,-1.221600927,4.404072483,-3.182635706
58.34,-64.99578405,0.05295849894,0.5960181178,0.3177273421,0,-1.221601696,4.404074523,-3.182635216
58.35,-64.99578244,0.05295851175,0.5960180652,0.3177273681,0,-1.221602458,4.404076556,-3.182634732
58.36,-64.99578084,0.05295852444,0.5960180125,0.3177273941,0,-1.221603211,4.404078582,-3.182634252
58.37,-64.99577926,0.05295853702,0.5960179599,0.31772742,0,-1.221603957,4.404080602,-3.182633778
58.38,-64.9957777,0.05295854948,0.5960179073,0.317727446,0,-1.221604695,4.404082615,-3.18263331
58.39,-64.99577615,0.05295856183,0.5960178546,0.317727472,0,-1.221605425,4.404084621,-3.182632846
58.4,-64.99577463,0.05295857406,0.596017802,0.3177274979,0,-1.221606147,4.404086621,-3.182632388
58.41,-64.99577311,0.05295858618,0.5960177493,0.3177275239,0,-1.221606862,4.404088615,-3.182631934
58.42,-64.99577162,0.05295859819,0.5960176967,0.3177275498,0,-1.22160757,4.404090601,-3.182631487
58.43,-64.99577015,0.05295861009,0.5960176441,0.3177275758,0,-1.221608269,4.404092581,-3.182631044
58.44,-64.99576869,0.05295862187,0.5960175914,0.3177276017,0,-1.221608961,4.404094555,-3.182630606
58.45,-64.99576725,0.05295863354,0.5960175388,0.3177276276,0,-1.221609645,4.404096521,-3.182630174
58.46,-64.99576582,0.05295864509,0.5960174861,0.3177276536,0,-1.221610322,4.404098481,-3.182629746
58.47,-64.99576441,0.05295865654,0.5960174335,0.3177276795,0,-1.221610991,4.404100434,-3.182629324
58.48,-64.99576302,0.05295866787,0.5960173809,0.3177277054,0,-1.221611653,4.404102381,-3.182628907
58.49,-64.99576165,0.05295867909,0.5960173283,0.3177277313,0,-1.221612307,4.404104321,-3.182628495
58.5,-64.99576029,0.0529586902,0.5960172757,0.3177277572,0,-1.221612953,4.404106254,-3.182628088
58.51,-64.99575895,0.05295870119,0.596017223,0.3177277831,0,-1.221613592,4.40410818,-3.182627686
58.52,-64.99575763,0.05295871208,0.5960171704,0.3177278089,0,-1.221614224,4.4041101,-3.18262729
58.53,-64.99575633,0.05295872286,0.5960171179,0.3177278348,0,-1.221614848,4.404112013,-3.182626898
58.54,-64.99575504,0.05295873352,0.5960170653,0.3177278606,0,-1.221615464,4.404113919,-3.182626511
58.55,-64.99575377,0.05295874407,0.5960170127,0.3177278865,0,-1.221616073,4.404115818,-3.18262613
58.56,-64.99575251,0.05295875452,0.5960169601,0.3177279123,0,-1.221616675,4.404117711,-3.182625753
58.57,-64.99575127,0.05295876485,0.5960169076,0.3177279381,0,-1.221617269,4.404119597,-3.182625381
58.58,-64.99575005,0.05295877508,0.596016855,0.3177279639,0,-1.221617856,4.404121476,-3.182625015
58.59,-64.99574884,0.05295878519,0.5960168025,0.3177279897,0,-1.221618436,4.404123348,-3.182624653
58.6,-64.99574765,0.0529587952,0.59601675,0.3177280155,0,-1.221619008,4.404125213,-3.182624296
58.61,-64.99574648,0.0529588051,0.5960166975,0.3177280412,0,-1.221619573,4.404127072,-3.182623944
58.62,-64.99574532,0.05295881488,0.596016645,0.317728067,0,-1.22162013,4.404128923,-3.182623597
58.63,-64.99574418,0.05295882456,0.5960165925,0.3177280927,0,-1.22162068,4.404130768,-3.182623255
58.64,-64.99574306,0.05295883414,0.59601654,0.3177281184,0,-1.221621223,4.404132606,-3.182622918
58.65,-64.99574195,0.0529588436,0.5960164876,0.3177281441,0,-1.221621759,4.404134437,-3.182622586
58.66,-64.99574086,0.05295885296,0.5960164352,0.3177281698,0,-1.221622287,4.404136262,-3.182622259
58.67,-64.99573979,0.05295886221,0.5960163827,0.3177281955,0,-1.221622809,4.404138079,-3.182621937
58.68,-64.99573873,0.05295887135,0.5960163304,0.3177282211,0,-1.221623323,4.40413989,-3.182621619
58.69,-64.99573769,0.05295888038,0.596016278,0.3177282468,0,-1.22162383,4.404141693,-3.182621306
58.7,-64.99573666,0.05295888931,0.5960162256,0.3177282724,0,-1.221624329,4.40414349,-3.182620998
58.71,-64.99573565,0.05295889814,0.5960161733,0.317728298,0,-1.221624822,4.40414528,-3.182620695
58.72,-64.99573466,0.05295890685,0.596016121,0.3177283236,0,-1.221625307,4.404147063,-3.182620397
58.73,-64.99573368,0.05295891546,0.5960160687,0.3177283491,0,-1.221625786,4.404148839,-3.182620103
58.74,-64.99573272,0.05295892397,0.5960160164,0.3177283747,0,-1.221626257,4.404150608,-3.182619815
58.75,-64.99573177,0.05295893237,0.5960159641,0.3177284002,0,-1.221626721,4.40415237,-3.182619531
58.76,-64.99573084,0.05295894067,0.5960159119,0.3177284257,0,-1.221627178,4.404154126,-3.182619251
58.77,-64.99572992,0.05295894886,0.5960158597,0.3177284512,0,-1.221627628,4.404155874,-3.182618977
58.78,-64.99572902,0.05295895694,0.5960158075,0.3177284766,0,-1.221628071,4.404157616,-3.182618707
58.79,-64.99572814,0.05295896492,0.5960157553,0.317728502,0,-1.221628507,4.40415935,-3.182618442
58.8,-64.99572727,0.0529589728,0.5960157032,0.3177285275,0,-1.221628936,4.404161078,-3.182618181
58.81,-64.99572642,0.05295898058,0.5960156511,0.3177285529,0,-1.221629358,4.404162798,-3.182617926
58.82,-64.99572558,0.05295898825,0.596015599,0.3177285782,0,-1.221629774,4.404164512,-3.182617674
58.83,-64.99572476,0.05295899582,0.596015547,0.3177286036,0,-1.221630182,4.404166219,-3.182617428
58.84,-64.99572395,0.05295900328,0.5960154949,0.3177286289,0,-1.221630583,4.404167918,-3.182617186
58.85,-64.99572316,0.05295901064,0.5960154429,0.3177286542,0,-1.221630978,4.404169611,-3.182616949
58.86,-64.99572239,0.0529590179,0.596015391,0.3177286795,0,-1.221631366,4.404171297,-3.182616716
58.87,-64.99572163,0.05295902506,0.596015339,0.3177287047,0,-1.221631746,4.404172976,-3.182616488
58.88,-64.99572088,0.05295903212,0.5960152871,0.3177287299,0,-1.22163212,4.404174648,-3.182616265
58.89,-64.99572015,0.05295903907,0.5960152352,0.3177287551,0,-1.221632488,4.404176312,-3.182616046
58.9,-64.99571944,0.05295904593,0.5960151834,0.3177287803,0,-1.221632848,4.40417797,-3.182615831
58.91,-64.99571874,0.05295905268,0.5960151316,0.3177288054,0,-1.221633202,4.404179621,-3.182615621
58.92,-64.99571805,0.05295905933,0.5960150798,0.3177288306,0,-1.221633549,4.404181265,-3.182615416
58.93,-64.99571738,0.05295906589,0.596015028,0.3177288557,0,-1.221633889,4.404182902,-3.182615215
58.94,-64.99571673,0.05295907234,0.5960149763,0.3177288807,0,-1.221634223,4.404184532,-3.182615019
58.95,-64.99571609,0.05295907869,0.5960149246,0.3177289058,0,-1.22163455,4.404186155,-3.182614827
58.96,-64.99571546,0.05295908495,0.596014873,0.3177289308,0,-1.22163487,4.40418777,-3.182614639
58.97,-64.99571485,0.0529590911,0.5960148214,0.3177289557,0,-1.221635183,4.404189379,-3.182614456
58.98,-64.99571426,0.05295909715,0.5960147698,0.3177289807,0,-1.22163549,4.404190981,-3.182614278
58.99,-64.99571368,0.05295910311,0.5960147183,0.3177290056,0,-1.221635791,4.404192576,-3.182614104
59,-64.99571311,0.05295910897,0.5960146668,0.3177290305,0,-1.221636085,4.404194164,-3.182613934
59.01,-64.99571256,0.05295911473,0.5960146153,0.3177290554,0,-1.221636372,4.404195745,-3.182613769
59.02,-64.99571203,0.05295912039,0.5960145639,0.3177290802,0,-1.221636653,4.404197318,-3.182613608
59.03,-64.9957115,0.05295912596,0.5960145125,0.317729105,0,-1.221636927,4.404198885,-3.182613451
59.04,-64.995711,0.05295913142,0.5960144611,0.3177291298,0,-1.221637195,4.404200445,-3.182613299
59.05,-64.9957105,0.0529591368,0.5960144098,0.3177291545,0,-1.221637456,4.404201997,-3.182613151
59.06,-64.99571002,0.05295914207,0.5960143585,0.3177291792,0,-1.221637711,4.404203543,-3.182613007
59.07,-64.99570956,0.05295914725,0.5960143073,0.3177292039,0,-1.221637959,4.404205082,-3.182612868
59.08,-64.99570911,0.05295915233,0.5960142561,0.3177292285,0,-1.221638201,4.404206613,-3.182612732
59.09,-64.99570867,0.05295915732,0.596014205,0.3177292532,0,-1.221638437,4.404208138,-3.182612602
59.1,-64.99570825,0.05295916221,0.5960141539,0.3177292777,0,-1.221638666,4.404209656,-3.182612475
59.11,-64.99570784,0.052959167,0.5960141028,0.3177293023,0,-1.221638889,4.404211166,-3.182612353
59.12,-64.99570745,0.0529591717,0.5960140518,0.3177293268,0,-1.221639105,4.40421267,-3.182612235
59.13,-64.99570707,0.05295917631,0.5960140008,0.3177293513,0,-1.221639316,4.404214166,-3.182612121
59.14,-64.9957067,0.05295918082,0.5960139499,0.3177293757,0,-1.22163952,4.404215655,-3.182612011
59.15,-64.99570635,0.05295918524,0.596013899,0.3177294001,0,-1.221639717,4.404217138,-3.182611905
59.16,-64.99570601,0.05295918956,0.5960138482,0.3177294245,0,-1.221639909,4.404218613,-3.182611804
59.17,-64.99570569,0.0529591938,0.5960137974,0.3177294488,0,-1.221640094,4.404220081,-3.182611707
59.18,-64.99570538,0.05295919793,0.5960137466,0.3177294731,0,-1.221640273,4.404221543,-3.182611614
59.19,-64.99570508,0.05295920198,0.5960136959,0.3177294974,0,-1.221640446,4.404222997,-3.182611525
59.2,-64.9957048,0.05295920593,0.5960136453,0.3177295216,0,-1.221640613,4.404224444,-3.18261144
59.21,-64.99570453,0.05295920979,0.5960135947,0.3177295458,0,-1.221640773,4.404225885,-3.182611359
59.22,-64.99570427,0.05295921356,0.5960135441,0.31772957,0,-1.221640928,4.404227318,-3.182611282
59.23,-64.99570403,0.05295921724,0.5960134936,0.3177295941,0,-1.221641076,4.404228744,-3.18261121
59.24,-64.9957038,0.05295922082,0.5960134432,0.3177296182,0,-1.221641218,4.404230163,-3.182611141
59.25,-64.99570359,0.05295922432,0.5960133928,0.3177296422,0,-1.221641355,4.404231575,-3.182611077
59.26,-64.99570339,0.05295922772,0.5960133424,0.3177296662,0,-1.221641485,4.40423298,-3.182611016
59.27,-64.9957032,0.05295923104,0.5960132921,0.3177296902,0,-1.221641609,4.404234378,-3.182610959
59.28,-64.99570302,0.05295923426,0.5960132418,0.3177297141,0,-1.221641727,4.404235769,-3.182610907
59.29,-64.99570286,0.0529592374,0.5960131916,0.317729738,0,-1.22164184,4.404237153,-3.182610858
59.3,-64.99570271,0.05295924044,0.5960131415,0.3177297619,0,-1.221641946,4.40423853,-3.182610814
59.31,-64.99570258,0.0529592434,0.5960130914,0.3177297857,0,-1.221642046,4.4042399,-3.182610773
59.32,-64.99570245,0.05295924626,0.5960130414,0.3177298094,0,-1.221642141,4.404241263,-3.182610736
59.33,-64.99570234,0.05295924904,0.5960129914,0.3177298332,0,-1.22164223,4.404242619,-3.182610703
59.34,-64.99570225,0.05295925173,0.5960129414,0.3177298569,0,-1.221642312,4.404243968,-3.182610674
59.35,-64.99570216,0.05295925433,0.5960128916,0.3177298805,0,-1.221642389,4.40424531,-3.182610649
59.36,-64.99570209,0.05295925685,0.5960128417,0.3177299041,0,-1.22164246,4.404246645,-3.182610628
59.37,-64.99570203,0.05295925927,0.596012792,0.3177299277,0,-1.221642526,4.404247973,-3.18261061
59.38,-64.99570199,0.05295926161,0.5960127423,0.3177299512,0,-1.221642585,4.404249294,-3.182610597
59.39,-64.99570196,0.05295926387,0.5960126926,0.3177299747,0,-1.221642639,4.404250608,-3.182610587
59.4,-64.99570194,0.05295926603,0.596012643,0.3177299981,0,-1.221642687,4.404251915,-3.182610581
59.41,-64.99570193,0.05295926811,0.5960125935,0.3177300215,0,-1.221642729,4.404253215,-3.182610579
59.42,-64.99570194,0.05295927011,0.596012544,0.3177300449,0,-1.221642766,4.404254508,-3.182610581
59.43,-64.99570195,0.05295927202,0.5960124946,0.3177300682,0,-1.221642797,4.404255794,-3.182610586
59.44,-64.99570198,0.05295927384,0.5960124452,0.3177300915,0,-1.221642823,4.404257073,-3.182610595
59.45,-64.99570203,0.05295927558,0.5960123959,0.3177301147,0,-1.221642842,4.404258345,-3.182610608
59.46,-64.99570208,0.05295927724,0.5960123466,0.3177301379,0,-1.221642856,4.40425961,-3.182610624
59.47,-64.99570215,0.05295927881,0.5960122975,0.317730161,0,-1.221642865,4.404260868,-3.182610645
59.48,-64.99570223,0.05295928029,0.5960122483,0.3177301841,0,-1.221642868,4.404262119,-3.182610669
59.49,-64.99570232,0.0529592817,0.5960121993,0.3177302071,0,-1.221642866,4.404263363,-3.182610696
59.5,-64.99570242,0.05295928302,0.5960121503,0.3177302301,0,-1.221642858,4.404264601,-3.182610727
59.51,-64.99570254,0.05295928425,0.5960121013,0.3177302531,0,-1.221642844,4.404265831,-3.182610762
59.52,-64.99570267,0.05295928541,0.5960120525,0.317730276,0,-1.221642825,4.404267054,-3.182610801
59.53,-64.99570281,0.05295928648,0.5960120037,0.3177302989,0,-1.221642801,4.404268271,-3.182610843
59.54,-64.99570296,0.05295928747,0.5960119549,0.3177303217,0,-1.221642771,4.40426948,-3.182610888
59.55,-64.99570313,0.05295928837,0.5960119062,0.3177303445,0,-1.221642736,4.404270682,-3.182610938
59.56,-64.9957033,0.0529592892,0.5960118576,0.3177303672,0,-1.221642695,4.404271878,-3.18261099
59.57,-64.99570349,0.05295928995,0.596011809,0.3177303899,0,-1.221642649,4.404273067,-3.182611047
59.58,-64.99570369,0.05295929061,0.5960117605,0.3177304125,0,-1.221642598,4.404274249,-3.182611107
59.59,-64.9957039,0.05295929119,0.5960117121,0.3177304351,0,-1.221642541,4.404275423,-3.18261117
59.6,-64.99570412,0.0529592917,0.5960116638,0.3177304576,0,-1.221642479,4.404276591,-3.182611237
59.61,-64.99570436,0.05295929212,0.5960116155,0.3177304801,0,-1.221642412,4.404277752,-3.182611307
59.62,-64.9957046,0.05295929246,0.5960115672,0.3177305026,0,-1.22164234,4.404278906,-3.182611381
59.63,-64.99570486,0.05295929273,0.5960115191,0.317730525,0,-1.221642262,4.404280054,-3.182611458
59.64,-64.99570513,0.05295929292,0.596011471,0.3177305473,0,-1.221642179,4.404281194,-3.182611539
59.65,-64.99570541,0.05295929302,0.596011423,0.3177305696,0,-1.221642091,4.404282328,-3.182611623
59.66,-64.9957057,0.05295929305,0.596011375,0.3177305919,0,-1.221641998,4.404283454,-3.182611711
59.67,-64.99570601,0.052959293,0.5960113271,0.3177306141,0,-1.221641899,4.404284574,-3.182611802
59.68,-64.99570632,0.05295929288,0.5960112793,0.3177306362,0,-1.221641796,4.404285687,-3.182611896
59.69,-64.99570665,0.05295929267,0.5960112315,0.3177306583,0,-1.221641687,4.404286793,-3.182611994
59.7,-64.99570698,0.05295929239,0.5960111838,0.3177306804,0,-1.221641574,4.404287892,-3.182612095
59.71,-64.99570733,0.05295929203,0.5960111362,0.3177307024,0,-1.221641455,4.404288984,-3.182612199
59.72,-64.99570769,0.0529592916,0.5960110887,0.3177307243,0,-1.221641331,4.40429007,-3.182612307
59.73,-64.99570806,0.05295929109,0.5960110412,0.3177307462,0,-1.221641203,4.404291149,-3.182612418
59.74,-64.99570844,0.0529592905,0.5960109938,0.3177307681,0,-1.221641069,4.404292221,-3.182612532
59.75,-64.99570883,0.05295928984,0.5960109465,0.3177307899,0,-1.22164093,4.404293286,-3.182612649
59.76,-64.99570923,0.0529592891,0.5960108992,0.3177308116,0,-1.221640787,4.404294344,-3.18261277
59.77,-64.99570965,0.05295928829,0.5960108521,0.3177308333,0,-1.221640638,4.404295395,-3.182612894
59.78,-64.99571007,0.0529592874,0.5960108049,0.317730855,0,-1.221640485,4.40429644,-3.182613021
59.79,-64.99571051,0.05295928644,0.5960107579,0.3177308766,0,-1.221640327,4.404297478,-3.182613152
59.8,-64.99571095,0.05295928541,0.5960107109,0.3177308981,0,-1.221640164,4.404298509,-3.182613285
59.81,-64.99571141,0.0529592843,0.596010664,0.3177309196,0,-1.221639996,4.404299533,-3.182613422
59.82,-64.99571187,0.05295928312,0.5960106172,0.317730941,0,-1.221639823,4.404300551,-3.182613562
59.83,-64.99571235,0.05295928187,0.5960105705,0.3177309624,0,-1.221639645,4.404301562,-3.182613705
59.84,-64.99571284,0.05295928054,0.5960105238,0.3177309838,0,-1.221639463,4.404302566,-3.182613851
59.85,-64.99571334,0.05295927914,0.5960104772,0.317731005,0,-1.221639276,4.404303563,-3.182614001
59.86,-64.99571384,0.05295927767,0.5960104307,0.3177310263,0,-1.221639084,4.404304554,-3.182614153
59.87,-64.99571436,0.05295927613,0.5960103843,0.3177310474,0,-1.221638888,4.404305538,-3.182614308
59.88,-64.99571489,0.05295927451,0.5960103379,0.3177310686,0,-1.221638687,4.404306515,-3.182614467
59.89,-64.99571543,0.05295927283,0.5960102916,0.3177310896,0,-1.221638481,4.404307485,-3.182614629
59.9,-64.99571598,0.05295927107,0.5960102454,0.3177311106,0,-1.221638271,4.404308449,-3.182614793
59.91,-64.99571654,0.05295926925,0.5960101992,0.3177311316,0,-1.221638056,4.404309406,-3.182614961
59.92,-64.99571711,0.05295926735,0.5960101532,0.3177311525,0,-1.221637836,4.404310357,-3.182615132
59.93,-64.99571768,0.05295926538,0.5960101072,0.3177311734,0,-1.221637612,4.4043113,-3.182615305
59.94,-64.99571827,0.05295926335,0.5960100613,0.3177311942,0,-1.221637383,4.404312237,-3.182615482
59.95,-64.99571887,0.05295926124,0.5960100155,0.3177312149,0,-1.22163715,4.404313168,-3.182615661
59.96,-64.99571948,0.05295925907,0.5960099697,0.3177312356,0,-1.221636912,4.404314092,-3.182615844
59.97,-64.9957201,0.05295925683,0.5960099241,0.3177312562,0,-1.22163667,4.404315009,-3.182616029
59.98,-64.99572073,0.05295925452,0.5960098785,0.3177312768,0,-1.221636423,4.404315919,-3.182616218
59.99,-64.99572136,0.05295925214,0.596009833,0.3177312973,0,-1.221636172,4.404316823,-3.182616409
60,-64.99572201,0.05295924969,0.5960097875,0.3177313178,0,-1.221635917,4.40431772,-3.182616603
